file,scenario_seed,algorithm_seed,method,checkpoint_fe,actual_fe,warm_fe,restoration_fe,intensification_fe,time_seconds,fitness,distance,total_late,obstacle_violation,terrain_violation,is_feasible,initial_best_feasible,initial_total_late,initial_obstacle_violation,initial_terrain_violation,first_feasible_fe,phase_switch_fe,phase_gain,reference_cost,overtake_repair
hard_M4_01.mat,910001,911401001,Repair,500,75,0,0,0,0.0170941,5964.80000516441,5950.43694476234,0,0,0,1,NaN,NaN,NaN,NaN,NaN,NaN,NaN,6908.48749158361,1
hard_M4_01.mat,910001,911401001,Repair,1000,75,0,0,0,0.0170941,5964.80000516441,5950.43694476234,0,0,0,1,NaN,NaN,NaN,NaN,NaN,NaN,NaN,6908.48749158361,1
hard_M4_01.mat,910001,911401001,Repair,1500,75,0,0,0,0.0170941,5964.80000516441,5950.43694476234,0,0,0,1,NaN,NaN,NaN,NaN,NaN,NaN,NaN,6908.48749158361,1
hard_M4_01.mat,910001,911401001,Repair,2500,75,0,0,0,0.0170941,5964.80000516441,5950.43694476234,0,0,0,1,NaN,NaN,NaN,NaN,NaN,NaN,NaN,6908.48749158361,1
hard_M4_01.mat,910001,911401001,WarmPSO,500,500,200,0,0,1.1484364,6825.47425764084,6807.34133843472,0,0,0,1,0,38.3951453664976,0,0,281,NaN,NaN,6908.48749158361,0
hard_M4_01.mat,910001,911401001,WarmPSO,1000,980,200,0,0,1.2004459,6644.69221312805,6626.89645560842,0,0,0,1,0,38.3951453664976,0,0,281,NaN,NaN,6908.48749158361,0
hard_M4_01.mat,910001,911401001,WarmPSO,1500,1490,200,0,0,1.2555402,5964.80000516441,5950.43694476234,0,0,0,1,0,38.3951453664976,0,0,281,NaN,NaN,6908.48749158361,0
hard_M4_01.mat,910001,911401001,WarmPSO,2500,2500,200,0,0,1.3632077,5964.80000516441,5950.43694476234,0,0,0,1,0,38.3951453664976,0,0,281,NaN,NaN,6908.48749158361,0
hard_M4_01.mat,910001,911401001,AlwaysVND,500,491,200,0,171,1.1457908,7720.27750564957,7121.13633267084,5.85475146291404,0,0,0,0,38.3951453664976,0,0,NaN,260,2988.89130512042,6908.48749158361,0
hard_M4_01.mat,910001,911401001,AlwaysVND,1000,926,200,0,456,1.2211041,5976.84996051716,5964.35853699074,0,0,0,1,0,38.3951453664976,0,0,573,260,4732.31885025283,6908.48749158361,0
hard_M4_01.mat,910001,911401001,AlwaysVND,1500,1448,200,0,798,1.2895263,5552.03642762421,5539.30779998944,0,0,0,1,0,38.3951453664976,0,0,573,260,5157.13238314578,6908.48749158361,1
hard_M4_01.mat,910001,911401001,AlwaysVND,2500,2500,200,0,1482,1.4153696,4717.3307509673,4709.64529782805,0,0,0,1,0,38.3951453664976,0,0,573,260,5991.83805980269,6908.48749158361,1
hard_M4_01.mat,910001,911401001,FB-CMPSO,500,453,200,19,114,1.1536972,7790.45413447522,7764.9944806374,0,0,0,1,0,38.3951453664976,0,0,287,309,742.485784581209,6908.48749158361,0
hard_M4_01.mat,910001,911401001,FB-CMPSO,1000,975,200,19,456,1.2353314,6633.06802133883,6614.54548102669,0,0,0,1,0,38.3951453664976,0,0,287,309,1899.8718977176,6908.48749158361,0
hard_M4_01.mat,910001,911401001,FB-CMPSO,1500,1497,200,19,798,1.2961548,5718.63838552649,5706.49207433801,0,0,0,1,0,38.3951453664976,0,0,287,309,2814.30153352994,6908.48749158361,1
hard_M4_01.mat,910001,911401001,FB-CMPSO,2500,2500,200,19,1441,1.4133778,5300.16389487878,5284.11682887236,0,0,0,1,0,38.3951453664976,0,0,287,309,3232.77602417765,6908.48749158361,1
hard_M4_01.mat,910001,911401002,Repair,500,75,0,0,0,0.0094787,5964.80000516441,5950.43694476234,0,0,0,1,NaN,NaN,NaN,NaN,NaN,NaN,NaN,6908.48749158361,1
hard_M4_01.mat,910001,911401002,Repair,1000,75,0,0,0,0.0094787,5964.80000516441,5950.43694476234,0,0,0,1,NaN,NaN,NaN,NaN,NaN,NaN,NaN,6908.48749158361,1
hard_M4_01.mat,910001,911401002,Repair,1500,75,0,0,0,0.0094787,5964.80000516441,5950.43694476234,0,0,0,1,NaN,NaN,NaN,NaN,NaN,NaN,NaN,6908.48749158361,1
hard_M4_01.mat,910001,911401002,Repair,2500,75,0,0,0,0.0094787,5964.80000516441,5950.43694476234,0,0,0,1,NaN,NaN,NaN,NaN,NaN,NaN,NaN,6908.48749158361,1
hard_M4_01.mat,910001,911401002,WarmPSO,500,500,200,0,0,1.0990597,9516.48134646708,9471.57252113412,0,0,0,1,0,162.049652519117,0,0,299,NaN,NaN,6908.48749158361,0
hard_M4_01.mat,910001,911401002,WarmPSO,1000,980,200,0,0,1.1472036,7968.70182551845,7945.10789881211,0,0,0,1,0,162.049652519117,0,0,299,NaN,NaN,6908.48749158361,0
hard_M4_01.mat,910001,911401002,WarmPSO,1500,1490,200,0,0,1.1956971,7515.4901927817,7488.01708151304,0,0,0,1,0,162.049652519117,0,0,299,NaN,NaN,6908.48749158361,0
hard_M4_01.mat,910001,911401002,WarmPSO,2500,2500,200,0,0,1.2989342,7295.61214962197,7269.69124208495,0,0,0,1,0,162.049652519117,0,0,299,NaN,NaN,6908.48749158361,0
hard_M4_01.mat,910001,911401002,AlwaysVND,500,491,200,0,171,1.0928085,7231.40615379176,7209.59191842284,0,0,0,1,0,162.049652519117,0,0,329,260,15137.4518509115,6908.48749158361,0
hard_M4_01.mat,910001,911401002,AlwaysVND,1000,926,200,0,456,1.142542,6056.29403590573,6033.32693876724,0,0,0,1,0,162.049652519117,0,0,329,260,16312.5639687975,6908.48749158361,0
hard_M4_01.mat,910001,911401002,AlwaysVND,1500,1448,200,0,798,1.2016083,5916.58932217153,5895.26347619664,0,0,0,1,0,162.049652519117,0,0,329,260,16452.2686825317,6908.48749158361,1
hard_M4_01.mat,910001,911401002,AlwaysVND,2500,2500,200,0,1482,1.3314847,5419.06979770734,5402.24342506361,0,0,0,1,0,162.049652519117,0,0,329,260,16949.7882069959,6908.48749158361,1
hard_M4_01.mat,910001,911401002,FB-CMPSO,500,426,200,76,0,1.106668,8903.77469153905,8524.49386917967,3.52417003594974,0,0,0,0,162.049652519117,0,0,NaN,NaN,NaN,6908.48749158361,0
hard_M4_01.mat,910001,911401002,FB-CMPSO,1000,948,200,76,342,1.1760501,6803.83781685084,6783.56195349951,0,0,0,1,0,162.049652519117,0,0,453,456,2467.47032295845,6908.48749158361,0
hard_M4_01.mat,910001,911401002,FB-CMPSO,1500,1470,200,76,684,1.2385362,5757.49644559799,5746.35690538138,0,0,0,1,0,162.049652519117,0,0,453,456,3513.81169421131,6908.48749158361,1
hard_M4_01.mat,910001,911401002,FB-CMPSO,2500,2500,200,76,1354,1.3585901,5751.19202306277,5740.05248284616,0,0,0,1,0,162.049652519117,0,0,453,456,3520.11611674652,6908.48749158361,1
hard_M4_01.mat,910001,911401003,Repair,500,75,0,0,0,0.0066993,5964.80000516441,5950.43694476234,0,0,0,1,NaN,NaN,NaN,NaN,NaN,NaN,NaN,6908.48749158361,1
hard_M4_01.mat,910001,911401003,Repair,1000,75,0,0,0,0.0066993,5964.80000516441,5950.43694476234,0,0,0,1,NaN,NaN,NaN,NaN,NaN,NaN,NaN,6908.48749158361,1
hard_M4_01.mat,910001,911401003,Repair,1500,75,0,0,0,0.0066993,5964.80000516441,5950.43694476234,0,0,0,1,NaN,NaN,NaN,NaN,NaN,NaN,NaN,6908.48749158361,1
hard_M4_01.mat,910001,911401003,Repair,2500,75,0,0,0,0.0066993,5964.80000516441,5950.43694476234,0,0,0,1,NaN,NaN,NaN,NaN,NaN,NaN,NaN,6908.48749158361,1
hard_M4_01.mat,910001,911401003,WarmPSO,500,500,200,0,0,1.0893378,9624.97661742704,9593.77954730657,0,0,0,1,0,146.40903774751,0,0,426,NaN,NaN,6908.48749158361,0
hard_M4_01.mat,910001,911401003,WarmPSO,1000,980,200,0,0,1.1359268,8177.32754627739,8152.66828065785,0,0,0,1,0,146.40903774751,0,0,426,NaN,NaN,6908.48749158361,0
hard_M4_01.mat,910001,911401003,WarmPSO,1500,1490,200,0,0,1.1881842,7053.87361805676,7033.23149522324,0,0,0,1,0,146.40903774751,0,0,426,NaN,NaN,6908.48749158361,0
hard_M4_01.mat,910001,911401003,WarmPSO,2500,2500,200,0,0,1.2887071,6743.54679159799,6728.15147516419,0,0,0,1,0,146.40903774751,0,0,426,NaN,NaN,6908.48749158361,0
hard_M4_01.mat,910001,911401003,AlwaysVND,500,491,200,0,171,1.0961178,6753.6626498188,6737.33857411609,0,0,0,1,0,146.40903774751,0,0,312,260,11255.7166353987,6908.48749158361,0
hard_M4_01.mat,910001,911401003,AlwaysVND,1000,926,200,0,456,1.1482022,6243.97809587888,6232.64993323941,0,0,0,1,0,146.40903774751,0,0,312,260,11765.4011893386,6908.48749158361,0
hard_M4_01.mat,910001,911401003,AlwaysVND,1500,1448,200,0,798,1.205136,5666.57739851443,5656.43486923499,0,0,0,1,0,146.40903774751,0,0,312,260,12342.801886703,6908.48749158361,1
hard_M4_01.mat,910001,911401003,AlwaysVND,2500,2500,200,0,1482,1.3201422,5474.47236083772,5463.49144812065,0,0,0,1,0,146.40903774751,0,0,312,260,12534.9069243797,6908.48749158361,1
hard_M4_01.mat,910001,911401003,FB-CMPSO,500,415,200,38,57,1.0900663,7484.95449474955,7463.01297457895,0,0,0,1,0,146.40903774751,0,0,316,358,738.65626844264,6908.48749158361,0
hard_M4_01.mat,910001,911401003,FB-CMPSO,1000,937,200,38,399,1.1517572,5752.29685213478,5740.11166105387,0,0,0,1,0,146.40903774751,0,0,316,358,2471.3139110574,6908.48749158361,1
hard_M4_01.mat,910001,911401003,FB-CMPSO,1500,1459,200,38,741,1.2129413,5590.8531516207,5576.21642966653,0,0,0,1,0,146.40903774751,0,0,316,358,2632.75761157149,6908.48749158361,1
hard_M4_01.mat,910001,911401003,FB-CMPSO,2500,2500,200,38,1422,1.3325984,5184.02703269908,5169.79898577835,0,0,0,1,0,146.40903774751,0,0,316,358,3039.58373049311,6908.48749158361,1
hard_M4_01.mat,910001,911401004,Repair,500,75,0,0,0,0.0071674,5964.80000516441,5950.43694476234,0,0,0,1,NaN,NaN,NaN,NaN,NaN,NaN,NaN,6908.48749158361,1
hard_M4_01.mat,910001,911401004,Repair,1000,75,0,0,0,0.0071674,5964.80000516441,5950.43694476234,0,0,0,1,NaN,NaN,NaN,NaN,NaN,NaN,NaN,6908.48749158361,1
hard_M4_01.mat,910001,911401004,Repair,1500,75,0,0,0,0.0071674,5964.80000516441,5950.43694476234,0,0,0,1,NaN,NaN,NaN,NaN,NaN,NaN,NaN,6908.48749158361,1
hard_M4_01.mat,910001,911401004,Repair,2500,75,0,0,0,0.0071674,5964.80000516441,5950.43694476234,0,0,0,1,NaN,NaN,NaN,NaN,NaN,NaN,NaN,6908.48749158361,1
hard_M4_01.mat,910001,911401004,WarmPSO,500,500,200,0,0,1.1349707,7550.6179957943,7531.02619907582,0,0,0,1,0,179.15377804905,0,0,248,NaN,NaN,6908.48749158361,0
hard_M4_01.mat,910001,911401004,WarmPSO,1000,980,200,0,0,1.1839525,7407.08543508796,7386.66812794424,0,0,0,1,0,179.15377804905,0,0,248,NaN,NaN,6908.48749158361,0
hard_M4_01.mat,910001,911401004,WarmPSO,1500,1490,200,0,0,1.2314093,6354.15045296013,6336.15367891202,0,0,0,1,0,179.15377804905,0,0,248,NaN,NaN,6908.48749158361,0
hard_M4_01.mat,910001,911401004,WarmPSO,2500,2500,200,0,0,1.3206911,6354.15045296013,6336.15367891202,0,0,0,1,0,179.15377804905,0,0,248,NaN,NaN,6908.48749158361,0
hard_M4_01.mat,910001,911401004,AlwaysVND,500,491,200,0,171,1.1352467,7538.27532248005,7510.01764189339,0,0,0,1,0,179.15377804905,0,0,248,260,593.873819725231,6908.48749158361,0
hard_M4_01.mat,910001,911401004,AlwaysVND,1000,926,200,0,456,1.1815881,5627.22385878934,5612.63426744302,0,0,0,1,0,179.15377804905,0,0,248,260,2504.92528341594,6908.48749158361,1
hard_M4_01.mat,910001,911401004,AlwaysVND,1500,1448,200,0,798,1.2444318,5261.19221173108,5248.3798092315,0,0,0,1,0,179.15377804905,0,0,248,260,2870.95693047421,6908.48749158361,1
hard_M4_01.mat,910001,911401004,AlwaysVND,2500,2500,200,0,1482,1.3627251,5047.32636831487,5037.12863416044,0,0,0,1,0,179.15377804905,0,0,248,260,3084.82277389041,6908.48749158361,1
hard_M4_01.mat,910001,911401004,FB-CMPSO,500,491,200,0,171,1.1390919,7538.27532248005,7510.01764189339,0,0,0,1,0,179.15377804905,0,0,248,260,593.873819725231,6908.48749158361,0
hard_M4_01.mat,910001,911401004,FB-CMPSO,1000,926,200,0,456,1.1893423,5627.22385878934,5612.63426744302,0,0,0,1,0,179.15377804905,0,0,248,260,2504.92528341594,6908.48749158361,1
hard_M4_01.mat,910001,911401004,FB-CMPSO,1500,1448,200,0,798,1.2470079,5261.19221173108,5248.3798092315,0,0,0,1,0,179.15377804905,0,0,248,260,2870.95693047421,6908.48749158361,1
hard_M4_01.mat,910001,911401004,FB-CMPSO,2500,2500,200,0,1482,1.367856,5047.32636831487,5037.12863416044,0,0,0,1,0,179.15377804905,0,0,248,260,3084.82277389041,6908.48749158361,1
hard_M4_01.mat,910001,911401005,Repair,500,75,0,0,0,0.0086321,5964.80000516441,5950.43694476234,0,0,0,1,NaN,NaN,NaN,NaN,NaN,NaN,NaN,6908.48749158361,1
hard_M4_01.mat,910001,911401005,Repair,1000,75,0,0,0,0.0086321,5964.80000516441,5950.43694476234,0,0,0,1,NaN,NaN,NaN,NaN,NaN,NaN,NaN,6908.48749158361,1
hard_M4_01.mat,910001,911401005,Repair,1500,75,0,0,0,0.0086321,5964.80000516441,5950.43694476234,0,0,0,1,NaN,NaN,NaN,NaN,NaN,NaN,NaN,6908.48749158361,1
hard_M4_01.mat,910001,911401005,Repair,2500,75,0,0,0,0.0086321,5964.80000516441,5950.43694476234,0,0,0,1,NaN,NaN,NaN,NaN,NaN,NaN,NaN,6908.48749158361,1
hard_M4_01.mat,910001,911401005,WarmPSO,500,500,200,0,0,1.0850737,6299.32671486543,6283.19743214572,0,0,0,1,0,57.5907900266574,0,0,249,NaN,NaN,6908.48749158361,0
hard_M4_01.mat,910001,911401005,WarmPSO,1000,980,200,0,0,1.1346806,6236.39805417368,6222.25679829401,0,0,0,1,0,57.5907900266574,0,0,249,NaN,NaN,6908.48749158361,0
hard_M4_01.mat,910001,911401005,WarmPSO,1500,1490,200,0,0,1.1875714,5964.80000516441,5950.43694476234,0,0,0,1,0,57.5907900266574,0,0,249,NaN,NaN,6908.48749158361,0
hard_M4_01.mat,910001,911401005,WarmPSO,2500,2500,200,0,0,1.2817309,5964.80000516441,5950.43694476234,0,0,0,1,0,57.5907900266574,0,0,249,NaN,NaN,6908.48749158361,0
hard_M4_01.mat,910001,911401005,AlwaysVND,500,491,200,0,171,1.0855603,5682.0014512362,5666.54266130245,0,0,0,1,0,57.5907900266574,0,0,249,260,1002.73591888118,6908.48749158361,1
hard_M4_01.mat,910001,911401005,AlwaysVND,1000,926,200,0,456,1.13577,5564.50508380661,5550.77199431938,0,0,0,1,0,57.5907900266574,0,0,249,260,1120.23228631076,6908.48749158361,1
hard_M4_01.mat,910001,911401005,AlwaysVND,1500,1448,200,0,798,1.2106171,5047.32636831487,5037.12863416044,0,0,0,1,0,57.5907900266574,0,0,249,260,1637.41100180251,6908.48749158361,1
hard_M4_01.mat,910001,911401005,AlwaysVND,2500,2500,200,0,1482,1.3333583,5047.32636831487,5037.12863416044,0,0,0,1,0,57.5907900266574,0,0,249,260,1637.41100180251,6908.48749158361,1
hard_M4_01.mat,910001,911401005,FB-CMPSO,500,491,200,0,171,1.086145,5682.0014512362,5666.54266130245,0,0,0,1,0,57.5907900266574,0,0,249,260,1002.73591888118,6908.48749158361,1
hard_M4_01.mat,910001,911401005,FB-CMPSO,1000,926,200,0,456,1.1344513,5564.50508380661,5550.77199431938,0,0,0,1,0,57.5907900266574,0,0,249,260,1120.23228631076,6908.48749158361,1
hard_M4_01.mat,910001,911401005,FB-CMPSO,1500,1448,200,0,798,1.1943069,5047.32636831487,5037.12863416044,0,0,0,1,0,57.5907900266574,0,0,249,260,1637.41100180251,6908.48749158361,1
hard_M4_01.mat,910001,911401005,FB-CMPSO,2500,2500,200,0,1482,1.3144945,5047.32636831487,5037.12863416044,0,0,0,1,0,57.5907900266574,0,0,249,260,1637.41100180251,6908.48749158361,1
hard_M4_01.mat,910001,911401006,Repair,500,75,0,0,0,0.0064111,5964.80000516441,5950.43694476234,0,0,0,1,NaN,NaN,NaN,NaN,NaN,NaN,NaN,6908.48749158361,1
hard_M4_01.mat,910001,911401006,Repair,1000,75,0,0,0,0.0064111,5964.80000516441,5950.43694476234,0,0,0,1,NaN,NaN,NaN,NaN,NaN,NaN,NaN,6908.48749158361,1
hard_M4_01.mat,910001,911401006,Repair,1500,75,0,0,0,0.0064111,5964.80000516441,5950.43694476234,0,0,0,1,NaN,NaN,NaN,NaN,NaN,NaN,NaN,6908.48749158361,1
hard_M4_01.mat,910001,911401006,Repair,2500,75,0,0,0,0.0064111,5964.80000516441,5950.43694476234,0,0,0,1,NaN,NaN,NaN,NaN,NaN,NaN,NaN,6908.48749158361,1
hard_M4_01.mat,910001,911401006,WarmPSO,500,500,200,0,0,1.0639519,6894.97888419694,6879.84601992965,0,0,0,1,0,55.4963163787873,0,0,279,NaN,NaN,6908.48749158361,0
hard_M4_01.mat,910001,911401006,WarmPSO,1000,980,200,0,0,1.119133,6484.97737895156,6468.49574770216,0,0,0,1,0,55.4963163787873,0,0,279,NaN,NaN,6908.48749158361,0
hard_M4_01.mat,910001,911401006,WarmPSO,1500,1490,200,0,0,1.170014,6213.37932994228,6196.67589417049,0,0,0,1,0,55.4963163787873,0,0,279,NaN,NaN,6908.48749158361,0
hard_M4_01.mat,910001,911401006,WarmPSO,2500,2500,200,0,0,1.2664434,5964.80000516441,5950.43694476234,0,0,0,1,0,55.4963163787873,0,0,279,NaN,NaN,6908.48749158361,0
hard_M4_01.mat,910001,911401006,AlwaysVND,500,491,200,0,171,1.0598641,7190.31546064001,7175.20481300493,0,0,0,1,0,55.4963163787873,0,0,322,260,5411.96833796232,6908.48749158361,0
hard_M4_01.mat,910001,911401006,AlwaysVND,1000,926,200,0,456,1.1184237,5844.80494037786,5833.09431806166,0,0,0,1,0,55.4963163787873,0,0,322,260,6757.47885822447,6908.48749158361,1
hard_M4_01.mat,910001,911401006,AlwaysVND,1500,1448,200,0,798,1.1726608,5251.42035489614,5244.50146415617,0,0,0,1,0,55.4963163787873,0,0,322,260,7350.86344370619,6908.48749158361,1
hard_M4_01.mat,910001,911401006,AlwaysVND,2500,2500,200,0,1482,1.2860744,5090.43398581899,5083.92572095989,0,0,0,1,0,55.4963163787873,0,0,322,260,7511.84981278334,6908.48749158361,1
hard_M4_01.mat,910001,911401006,FB-CMPSO,500,415,200,38,57,1.0527359,9167.9735079759,9141.32233703157,0,0,0,1,0,55.4963163787873,0,0,344,358,478.246987746592,6908.48749158361,0
hard_M4_01.mat,910001,911401006,FB-CMPSO,1000,937,200,38,399,1.1065508,5988.62652122611,5977.22904254473,0,0,0,1,0,55.4963163787873,0,0,344,358,3657.59397449638,6908.48749158361,0
hard_M4_01.mat,910001,911401006,FB-CMPSO,1500,1459,200,38,741,1.1695043,5620.57729255604,5612.31192211716,0,0,0,1,0,55.4963163787873,0,0,344,358,4025.64320316645,6908.48749158361,1
hard_M4_01.mat,910001,911401006,FB-CMPSO,2500,2500,200,38,1422,1.2899131,5237.77512123898,5231.26685637989,0,0,0,1,0,55.4963163787873,0,0,344,358,4408.44537448351,6908.48749158361,1
hard_M4_01.mat,910001,911401007,Repair,500,75,0,0,0,0.006778,5964.80000516441,5950.43694476234,0,0,0,1,NaN,NaN,NaN,NaN,NaN,NaN,NaN,6908.48749158361,1
hard_M4_01.mat,910001,911401007,Repair,1000,75,0,0,0,0.006778,5964.80000516441,5950.43694476234,0,0,0,1,NaN,NaN,NaN,NaN,NaN,NaN,NaN,6908.48749158361,1
hard_M4_01.mat,910001,911401007,Repair,1500,75,0,0,0,0.006778,5964.80000516441,5950.43694476234,0,0,0,1,NaN,NaN,NaN,NaN,NaN,NaN,NaN,6908.48749158361,1
hard_M4_01.mat,910001,911401007,Repair,2500,75,0,0,0,0.006778,5964.80000516441,5950.43694476234,0,0,0,1,NaN,NaN,NaN,NaN,NaN,NaN,NaN,6908.48749158361,1
hard_M4_01.mat,910001,911401007,WarmPSO,500,500,200,0,0,1.0797674,7503.42266832909,7484.85953295937,0,0,0,1,0,248.383477981619,0,0,280,NaN,NaN,6908.48749158361,0
hard_M4_01.mat,910001,911401007,WarmPSO,1000,980,200,0,0,1.1229963,5964.80000516441,5950.43694476234,0,0,0,1,0,248.383477981619,0,0,280,NaN,NaN,6908.48749158361,0
hard_M4_01.mat,910001,911401007,WarmPSO,1500,1490,200,0,0,1.1738263,5964.80000516441,5950.43694476234,0,0,0,1,0,248.383477981619,0,0,280,NaN,NaN,6908.48749158361,0
hard_M4_01.mat,910001,911401007,WarmPSO,2500,2500,200,0,0,1.2664896,5964.80000516441,5950.43694476234,0,0,0,1,0,248.383477981619,0,0,280,NaN,NaN,6908.48749158361,0
hard_M4_01.mat,910001,911401007,AlwaysVND,500,491,200,0,171,1.0822196,10777.7956478967,10745.2117216117,0,0,0,1,0,248.383477981619,0,0,425,260,4685.44947899452,6908.48749158361,0
hard_M4_01.mat,910001,911401007,AlwaysVND,1000,926,200,0,456,1.1252317,7166.86884893023,7143.79759200242,0,0,0,1,0,248.383477981619,0,0,425,260,8296.37627796099,6908.48749158361,0
hard_M4_01.mat,910001,911401007,AlwaysVND,1500,1448,200,0,798,1.1782628,6057.54388265985,6048.22428957299,0,0,0,1,0,248.383477981619,0,0,425,260,9405.70124423136,6908.48749158361,0
hard_M4_01.mat,910001,911401007,AlwaysVND,2500,2500,200,0,1482,1.3019713,5648.41454151527,5639.32922108735,0,0,0,1,0,248.383477981619,0,0,425,260,9814.83058537595,6908.48749158361,1
hard_M4_01.mat,910001,911401007,FB-CMPSO,500,415,200,38,57,1.076995,6026.55188574,6016.7300700705,0,0,0,1,0,248.383477981619,0,0,311,358,544.372878134706,6908.48749158361,0
hard_M4_01.mat,910001,911401007,FB-CMPSO,1000,937,200,38,399,1.139975,5607.61270131073,5597.56908111883,0,0,0,1,0,248.383477981619,0,0,311,358,963.312062563977,6908.48749158361,1
hard_M4_01.mat,910001,911401007,FB-CMPSO,1500,1459,200,38,741,1.1973606,5607.61270131073,5597.56908111883,0,0,0,1,0,248.383477981619,0,0,311,358,963.312062563977,6908.48749158361,1
hard_M4_01.mat,910001,911401007,FB-CMPSO,2500,2500,200,38,1422,1.3163786,5090.43398581899,5083.92572095989,0,0,0,1,0,248.383477981619,0,0,311,358,1480.49077805573,6908.48749158361,1
hard_M4_01.mat,910001,911401008,Repair,500,75,0,0,0,0.0068263,5964.80000516441,5950.43694476234,0,0,0,1,NaN,NaN,NaN,NaN,NaN,NaN,NaN,6908.48749158361,1
hard_M4_01.mat,910001,911401008,Repair,1000,75,0,0,0,0.0068263,5964.80000516441,5950.43694476234,0,0,0,1,NaN,NaN,NaN,NaN,NaN,NaN,NaN,6908.48749158361,1
hard_M4_01.mat,910001,911401008,Repair,1500,75,0,0,0,0.0068263,5964.80000516441,5950.43694476234,0,0,0,1,NaN,NaN,NaN,NaN,NaN,NaN,NaN,6908.48749158361,1
hard_M4_01.mat,910001,911401008,Repair,2500,75,0,0,0,0.0068263,5964.80000516441,5950.43694476234,0,0,0,1,NaN,NaN,NaN,NaN,NaN,NaN,NaN,6908.48749158361,1
hard_M4_01.mat,910001,911401008,WarmPSO,500,500,200,0,0,1.0727891,7153.15724126612,7132.35035932401,0,0,0,1,0,138.996458903041,0,0,236,NaN,NaN,6908.48749158361,0
hard_M4_01.mat,910001,911401008,WarmPSO,1000,980,200,0,0,1.1186745,6299.32671486543,6283.19743214572,0,0,0,1,0,138.996458903041,0,0,236,NaN,NaN,6908.48749158361,0
hard_M4_01.mat,910001,911401008,WarmPSO,1500,1490,200,0,0,1.1683336,5964.80000516441,5950.43694476234,0,0,0,1,0,138.996458903041,0,0,236,NaN,NaN,6908.48749158361,0
hard_M4_01.mat,910001,911401008,WarmPSO,2500,2500,200,0,0,1.2624032,5964.80000516441,5950.43694476234,0,0,0,1,0,138.996458903041,0,0,236,NaN,NaN,6908.48749158361,0
hard_M4_01.mat,910001,911401008,AlwaysVND,500,491,200,0,171,1.0688563,6133.0849604331,6121.21943109228,0,0,0,1,0,138.996458903041,0,0,236,260,1268.96205739609,6908.48749158361,0
hard_M4_01.mat,910001,911401008,AlwaysVND,1000,926,200,0,456,1.1156917,5239.21586661552,5231.27631109506,0,0,0,1,0,138.996458903041,0,0,236,260,2162.83115121367,6908.48749158361,1
hard_M4_01.mat,910001,911401008,AlwaysVND,1500,1448,200,0,798,1.1775794,5225.57063295836,5218.04170331878,0,0,0,1,0,138.996458903041,0,0,236,260,2176.47638487083,6908.48749158361,1
hard_M4_01.mat,910001,911401008,AlwaysVND,2500,2500,200,0,1482,1.2966709,5225.57063295836,5218.04170331878,0,0,0,1,0,138.996458903041,0,0,236,260,2176.47638487083,6908.48749158361,1
hard_M4_01.mat,910001,911401008,FB-CMPSO,500,491,200,0,171,1.0720421,6133.0849604331,6121.21943109228,0,0,0,1,0,138.996458903041,0,0,236,260,1268.96205739609,6908.48749158361,0
hard_M4_01.mat,910001,911401008,FB-CMPSO,1000,926,200,0,456,1.1217003,5239.21586661552,5231.27631109506,0,0,0,1,0,138.996458903041,0,0,236,260,2162.83115121367,6908.48749158361,1
hard_M4_01.mat,910001,911401008,FB-CMPSO,1500,1448,200,0,798,1.2017959,5225.57063295836,5218.04170331878,0,0,0,1,0,138.996458903041,0,0,236,260,2176.47638487083,6908.48749158361,1
hard_M4_01.mat,910001,911401008,FB-CMPSO,2500,2500,200,0,1482,1.3301495,5225.57063295836,5218.04170331878,0,0,0,1,0,138.996458903041,0,0,236,260,2176.47638487083,6908.48749158361,1
hard_M4_01.mat,910001,911401009,Repair,500,75,0,0,0,0.006964,5964.80000516441,5950.43694476234,0,0,0,1,NaN,NaN,NaN,NaN,NaN,NaN,NaN,6908.48749158361,1
hard_M4_01.mat,910001,911401009,Repair,1000,75,0,0,0,0.006964,5964.80000516441,5950.43694476234,0,0,0,1,NaN,NaN,NaN,NaN,NaN,NaN,NaN,6908.48749158361,1
hard_M4_01.mat,910001,911401009,Repair,1500,75,0,0,0,0.006964,5964.80000516441,5950.43694476234,0,0,0,1,NaN,NaN,NaN,NaN,NaN,NaN,NaN,6908.48749158361,1
hard_M4_01.mat,910001,911401009,Repair,2500,75,0,0,0,0.006964,5964.80000516441,5950.43694476234,0,0,0,1,NaN,NaN,NaN,NaN,NaN,NaN,NaN,6908.48749158361,1
hard_M4_01.mat,910001,911401009,WarmPSO,500,500,200,0,0,1.0713635,8440.21715920292,8412.71048187074,0,0,0,1,1,0,0,0,201,NaN,NaN,6908.48749158361,0
hard_M4_01.mat,910001,911401009,WarmPSO,1000,980,200,0,0,1.1180133,8440.21715920292,8412.71048187074,0,0,0,1,1,0,0,0,201,NaN,NaN,6908.48749158361,0
hard_M4_01.mat,910001,911401009,WarmPSO,1500,1490,200,0,0,1.1681999,8440.21715920292,8412.71048187074,0,0,0,1,1,0,0,0,201,NaN,NaN,6908.48749158361,0
hard_M4_01.mat,910001,911401009,WarmPSO,2500,2500,200,0,0,1.259767,8440.21715920292,8412.71048187074,0,0,0,1,1,0,0,0,201,NaN,NaN,6908.48749158361,0
hard_M4_01.mat,910001,911401009,AlwaysVND,500,491,200,0,171,1.0711331,7767.2801479454,7742.91768439372,0,0,0,1,1,0,0,0,201,260,977.843872682874,6908.48749158361,0
hard_M4_01.mat,910001,911401009,AlwaysVND,1000,926,200,0,456,1.1211877,6981.8569072092,6961.33331397585,0,0,0,1,1,0,0,0,201,260,1763.26711341908,6908.48749158361,0
hard_M4_01.mat,910001,911401009,AlwaysVND,1500,1448,200,0,798,1.1808959,6905.78139107317,6883.717001721,0,0,0,1,1,0,0,0,201,260,1839.34262955511,6908.48749158361,0
hard_M4_01.mat,910001,911401009,AlwaysVND,2500,2500,200,0,1482,1.2944683,6028.09442319913,6010.89110121012,0,0,0,1,1,0,0,0,201,260,2717.02959742915,6908.48749158361,0
hard_M4_01.mat,910001,911401009,FB-CMPSO,500,491,200,0,171,1.0697009,7767.2801479454,7742.91768439372,0,0,0,1,1,0,0,0,201,260,977.843872682874,6908.48749158361,0
hard_M4_01.mat,910001,911401009,FB-CMPSO,1000,926,200,0,456,1.1181095,6981.8569072092,6961.33331397585,0,0,0,1,1,0,0,0,201,260,1763.26711341908,6908.48749158361,0
hard_M4_01.mat,910001,911401009,FB-CMPSO,1500,1448,200,0,798,1.179662,6905.78139107317,6883.717001721,0,0,0,1,1,0,0,0,201,260,1839.34262955511,6908.48749158361,0
hard_M4_01.mat,910001,911401009,FB-CMPSO,2500,2500,200,0,1482,1.3000182,6028.09442319913,6010.89110121012,0,0,0,1,1,0,0,0,201,260,2717.02959742915,6908.48749158361,0
hard_M4_01.mat,910001,911401010,Repair,500,75,0,0,0,0.0069222,5964.80000516441,5950.43694476234,0,0,0,1,NaN,NaN,NaN,NaN,NaN,NaN,NaN,6908.48749158361,1
hard_M4_01.mat,910001,911401010,Repair,1000,75,0,0,0,0.0069222,5964.80000516441,5950.43694476234,0,0,0,1,NaN,NaN,NaN,NaN,NaN,NaN,NaN,6908.48749158361,1
hard_M4_01.mat,910001,911401010,Repair,1500,75,0,0,0,0.0069222,5964.80000516441,5950.43694476234,0,0,0,1,NaN,NaN,NaN,NaN,NaN,NaN,NaN,6908.48749158361,1
hard_M4_01.mat,910001,911401010,Repair,2500,75,0,0,0,0.0069222,5964.80000516441,5950.43694476234,0,0,0,1,NaN,NaN,NaN,NaN,NaN,NaN,NaN,6908.48749158361,1
hard_M4_01.mat,910001,911401010,WarmPSO,500,500,200,0,0,1.0691639,10185.1559708995,10156.1220617731,0,0,0,1,0,71.2440437466979,0,0,445,NaN,NaN,6908.48749158361,0
hard_M4_01.mat,910001,911401010,WarmPSO,1000,980,200,0,0,1.1185523,7513.95996525972,7494.52700663936,0,0,0,1,0,71.2440437466979,0,0,445,NaN,NaN,6908.48749158361,0
hard_M4_01.mat,910001,911401010,WarmPSO,1500,1490,200,0,0,1.1715544,7492.37664841359,7476.58506120558,0,0,0,1,0,71.2440437466979,0,0,445,NaN,NaN,6908.48749158361,0
hard_M4_01.mat,910001,911401010,WarmPSO,2500,2500,200,0,0,1.2686989,6108.33256587075,6094.79501589392,0,0,0,1,0,71.2440437466979,0,0,445,NaN,NaN,6908.48749158361,0
hard_M4_01.mat,910001,911401010,AlwaysVND,500,491,200,0,171,1.064638,7088.75921504906,7073.45674879589,0,0,0,1,0,71.2440437466979,0,0,329,260,3935.65767715516,6908.48749158361,0
hard_M4_01.mat,910001,911401010,AlwaysVND,1000,926,200,0,456,1.1197348,5821.9871151127,5809.97403803305,0,0,0,1,0,71.2440437466979,0,0,329,260,5202.42977709152,6908.48749158361,1
hard_M4_01.mat,910001,911401010,AlwaysVND,1500,1448,200,0,798,1.1795852,5489.34553422376,5478.51105397593,0,0,0,1,0,71.2440437466979,0,0,329,260,5535.07135798047,6908.48749158361,1
hard_M4_01.mat,910001,911401010,AlwaysVND,2500,2500,200,0,1482,1.3041617,5474.47236083772,5463.49144812065,0,0,0,1,0,71.2440437466979,0,0,329,260,5549.9445313665,6908.48749158361,1
hard_M4_01.mat,910001,911401010,FB-CMPSO,500,453,200,19,114,1.0653412,5964.80000516441,5950.43694476234,0,0,0,1,0,71.2440437466979,0,0,280,309,200.173618854986,6908.48749158361,0
hard_M4_01.mat,910001,911401010,FB-CMPSO,1000,975,200,19,456,1.1240622,5754.95383673073,5744.91021653883,0,0,0,1,0,71.2440437466979,0,0,280,309,410.019787288663,6908.48749158361,1
hard_M4_01.mat,910001,911401010,FB-CMPSO,1500,1497,200,19,798,1.1844487,5607.61270131073,5597.56908111883,0,0,0,1,0,71.2440437466979,0,0,280,309,557.360922708657,6908.48749158361,1
hard_M4_01.mat,910001,911401010,FB-CMPSO,2500,2500,200,19,1441,1.302091,5128.4440106504,5121.73714591524,0,0,0,1,0,71.2440437466979,0,0,280,309,1036.52961336899,6908.48749158361,1
hard_M4_01.mat,910001,911401011,Repair,500,75,0,0,0,0.006283,5964.80000516441,5950.43694476234,0,0,0,1,NaN,NaN,NaN,NaN,NaN,NaN,NaN,6908.48749158361,1
hard_M4_01.mat,910001,911401011,Repair,1000,75,0,0,0,0.006283,5964.80000516441,5950.43694476234,0,0,0,1,NaN,NaN,NaN,NaN,NaN,NaN,NaN,6908.48749158361,1
hard_M4_01.mat,910001,911401011,Repair,1500,75,0,0,0,0.006283,5964.80000516441,5950.43694476234,0,0,0,1,NaN,NaN,NaN,NaN,NaN,NaN,NaN,6908.48749158361,1
hard_M4_01.mat,910001,911401011,Repair,2500,75,0,0,0,0.006283,5964.80000516441,5950.43694476234,0,0,0,1,NaN,NaN,NaN,NaN,NaN,NaN,NaN,6908.48749158361,1
hard_M4_01.mat,910001,911401011,WarmPSO,500,500,200,0,0,1.0497081,6688.67716266116,6668.9141662954,0,0,0,1,0,10.164129490483,0,0,233,NaN,NaN,6908.48749158361,0
hard_M4_01.mat,910001,911401011,WarmPSO,1000,980,200,0,0,1.1012259,6688.67716266116,6668.9141662954,0,0,0,1,0,10.164129490483,0,0,233,NaN,NaN,6908.48749158361,0
hard_M4_01.mat,910001,911401011,WarmPSO,1500,1490,200,0,0,1.1498087,6354.15045296013,6336.15367891202,0,0,0,1,0,10.164129490483,0,0,233,NaN,NaN,6908.48749158361,0
hard_M4_01.mat,910001,911401011,WarmPSO,2500,2500,200,0,0,1.2484281,6354.15045296013,6336.15367891202,0,0,0,1,0,10.164129490483,0,0,233,NaN,NaN,6908.48749158361,0
hard_M4_01.mat,910001,911401011,AlwaysVND,500,491,200,0,171,1.0486358,5844.80494037786,5833.09431806166,0,0,0,1,0,10.164129490483,0,0,233,260,843.872222283297,6908.48749158361,1
hard_M4_01.mat,910001,911401011,AlwaysVND,1000,926,200,0,456,1.0969345,5682.0014512362,5666.54266130245,0,0,0,1,0,10.164129490483,0,0,233,260,1006.67571142496,6908.48749158361,1
hard_M4_01.mat,910001,911401011,AlwaysVND,1500,1448,200,0,798,1.1550299,5430.12853963193,5418.17369989771,0,0,0,1,0,10.164129490483,0,0,233,260,1258.54862302923,6908.48749158361,1
hard_M4_01.mat,910001,911401011,AlwaysVND,2500,2500,200,0,1482,1.2678454,5430.12853963193,5418.17369989771,0,0,0,1,0,10.164129490483,0,0,233,260,1258.54862302923,6908.48749158361,1
hard_M4_01.mat,910001,911401011,FB-CMPSO,500,491,200,0,171,1.0474944,5844.80494037786,5833.09431806166,0,0,0,1,0,10.164129490483,0,0,233,260,843.872222283297,6908.48749158361,1
hard_M4_01.mat,910001,911401011,FB-CMPSO,1000,926,200,0,456,1.1021316,5682.0014512362,5666.54266130245,0,0,0,1,0,10.164129490483,0,0,233,260,1006.67571142496,6908.48749158361,1
hard_M4_01.mat,910001,911401011,FB-CMPSO,1500,1448,200,0,798,1.1613485,5430.12853963193,5418.17369989771,0,0,0,1,0,10.164129490483,0,0,233,260,1258.54862302923,6908.48749158361,1
hard_M4_01.mat,910001,911401011,FB-CMPSO,2500,2500,200,0,1482,1.2834273,5430.12853963193,5418.17369989771,0,0,0,1,0,10.164129490483,0,0,233,260,1258.54862302923,6908.48749158361,1
hard_M4_01.mat,910001,911401012,Repair,500,75,0,0,0,0.0102412,5964.80000516441,5950.43694476234,0,0,0,1,NaN,NaN,NaN,NaN,NaN,NaN,NaN,6908.48749158361,1
hard_M4_01.mat,910001,911401012,Repair,1000,75,0,0,0,0.0102412,5964.80000516441,5950.43694476234,0,0,0,1,NaN,NaN,NaN,NaN,NaN,NaN,NaN,6908.48749158361,1
hard_M4_01.mat,910001,911401012,Repair,1500,75,0,0,0,0.0102412,5964.80000516441,5950.43694476234,0,0,0,1,NaN,NaN,NaN,NaN,NaN,NaN,NaN,6908.48749158361,1
hard_M4_01.mat,910001,911401012,Repair,2500,75,0,0,0,0.0102412,5964.80000516441,5950.43694476234,0,0,0,1,NaN,NaN,NaN,NaN,NaN,NaN,NaN,6908.48749158361,1
hard_M4_01.mat,910001,911401012,WarmPSO,500,500,200,0,0,1.1023908,7508.46411923978,7487.54776089948,0,0,0,1,0,157.647170942371,0,0,285,NaN,NaN,6908.48749158361,0
hard_M4_01.mat,910001,911401012,WarmPSO,1000,980,200,0,0,1.171833,6856.74591886741,6842.39100975367,0,0,0,1,0,157.647170942371,0,0,285,NaN,NaN,6908.48749158361,0
hard_M4_01.mat,910001,911401012,WarmPSO,1500,1490,200,0,0,1.2193116,6164.97362401939,6149.57839925474,0,0,0,1,0,157.647170942371,0,0,285,NaN,NaN,6908.48749158361,0
hard_M4_01.mat,910001,911401012,WarmPSO,2500,2500,200,0,0,1.315496,5964.80000516441,5950.43694476234,0,0,0,1,0,157.647170942371,0,0,285,NaN,NaN,6908.48749158361,0
hard_M4_01.mat,910001,911401012,AlwaysVND,500,491,200,0,171,1.0781208,6885.64968811212,6870.77256692412,0,0,0,1,0,157.647170942371,0,0,305,260,1033.45473564862,6908.48749158361,0
hard_M4_01.mat,910001,911401012,AlwaysVND,1000,926,200,0,456,1.1345665,6300.58950260985,6282.19261896273,0,0,0,1,0,157.647170942371,0,0,305,260,1618.51492115089,6908.48749158361,0
hard_M4_01.mat,910001,911401012,AlwaysVND,1500,1448,200,0,798,1.1912733,5796.44778694481,5781.38357458208,0,0,0,1,0,157.647170942371,0,0,305,260,2122.65663681592,6908.48749158361,1
hard_M4_01.mat,910001,911401012,AlwaysVND,2500,2500,200,0,1482,1.3032108,5313.87422898886,5302.25907188141,0,0,0,1,0,157.647170942371,0,0,305,260,2605.23019477187,6908.48749158361,1
hard_M4_01.mat,910001,911401012,FB-CMPSO,500,453,200,19,114,1.0708861,7667.37886026736,7642.09842024707,0,0,0,1,0,157.647170942371,0,0,261,309,82.2939561869889,6908.48749158361,0
hard_M4_01.mat,910001,911401012,FB-CMPSO,1000,975,200,19,456,1.1261968,6418.26291103023,6403.8744220478,0,0,0,1,0,157.647170942371,0,0,261,309,1331.40990542412,6908.48749158361,0
hard_M4_01.mat,910001,911401012,FB-CMPSO,1500,1497,200,19,798,1.1802753,5513.39090261587,5504.42552524807,0,0,0,1,0,157.647170942371,0,0,261,309,2236.28191383848,6908.48749158361,1
hard_M4_01.mat,910001,911401012,FB-CMPSO,2500,2500,200,19,1441,1.2855772,4717.3307509673,4709.64529782805,0,0,0,1,0,157.647170942371,0,0,261,309,3032.34206548705,6908.48749158361,1
hard_M4_01.mat,910001,911401013,Repair,500,75,0,0,0,0.0061271,5964.80000516441,5950.43694476234,0,0,0,1,NaN,NaN,NaN,NaN,NaN,NaN,NaN,6908.48749158361,1
hard_M4_01.mat,910001,911401013,Repair,1000,75,0,0,0,0.0061271,5964.80000516441,5950.43694476234,0,0,0,1,NaN,NaN,NaN,NaN,NaN,NaN,NaN,6908.48749158361,1
hard_M4_01.mat,910001,911401013,Repair,1500,75,0,0,0,0.0061271,5964.80000516441,5950.43694476234,0,0,0,1,NaN,NaN,NaN,NaN,NaN,NaN,NaN,6908.48749158361,1
hard_M4_01.mat,910001,911401013,Repair,2500,75,0,0,0,0.0061271,5964.80000516441,5950.43694476234,0,0,0,1,NaN,NaN,NaN,NaN,NaN,NaN,NaN,6908.48749158361,1
hard_M4_01.mat,910001,911401013,WarmPSO,500,500,200,0,0,1.0696592,9302.08203023474,9267.59964289872,0,0,0,1,0,188.497038154363,0,0,296,NaN,NaN,6908.48749158361,0
hard_M4_01.mat,910001,911401013,WarmPSO,1000,980,200,0,0,1.1160514,8348.94208745497,8324.46437060761,0,0,0,1,0,188.497038154363,0,0,296,NaN,NaN,6908.48749158361,0
hard_M4_01.mat,910001,911401013,WarmPSO,1500,1490,200,0,0,1.163492,8001.70555895794,7978.54621497778,0,0,0,1,0,188.497038154363,0,0,296,NaN,NaN,6908.48749158361,0
hard_M4_01.mat,910001,911401013,WarmPSO,2500,2500,200,0,0,1.2575034,6826.71343251244,6810.13775408502,0,0,0,1,0,188.497038154363,0,0,296,NaN,NaN,6908.48749158361,0
hard_M4_01.mat,910001,911401013,AlwaysVND,500,491,200,0,171,1.0671097,6520.60069356634,6507.69869188267,0,0,0,1,0,188.497038154363,0,0,298,260,6275.97277819396,6908.48749158361,0
hard_M4_01.mat,910001,911401013,AlwaysVND,1000,926,200,0,456,1.116832,5763.72511189898,5753.14906142062,0,0,0,1,0,188.497038154363,0,0,298,260,7032.84835986131,6908.48749158361,1
hard_M4_01.mat,910001,911401013,AlwaysVND,1500,1448,200,0,798,1.173995,5204.14656848601,5197.80367465076,0,0,0,1,0,188.497038154363,0,0,298,260,7592.42690327428,6908.48749158361,1
hard_M4_01.mat,910001,911401013,AlwaysVND,2500,2500,200,0,1482,1.2905073,5184.10679383022,5173.59792878225,0,0,0,1,0,188.497038154363,0,0,298,260,7612.46667793008,6908.48749158361,1
hard_M4_01.mat,910001,911401013,FB-CMPSO,500,453,200,19,114,1.0655133,6807.7613114099,6781.42716584893,0,0,0,1,0,188.497038154363,0,0,281,309,900.196653526657,6908.48749158361,0
hard_M4_01.mat,910001,911401013,FB-CMPSO,1000,975,200,19,456,1.1224968,5794.76607199208,5779.32964965154,0,0,0,1,0,188.497038154363,0,0,281,309,1913.19189294448,6908.48749158361,1
hard_M4_01.mat,910001,911401013,FB-CMPSO,1500,1497,200,19,798,1.183983,5523.51277731495,5509.83512102839,0,0,0,1,0,188.497038154363,0,0,281,309,2184.4451876216,6908.48749158361,1
hard_M4_01.mat,910001,911401013,FB-CMPSO,2500,2500,200,19,1441,1.2935731,5140.71060599789,5128.79005529111,0,0,0,1,0,188.497038154363,0,0,281,309,2567.24735893867,6908.48749158361,1
hard_M4_01.mat,910001,911401014,Repair,500,75,0,0,0,0.0067281,5964.80000516441,5950.43694476234,0,0,0,1,NaN,NaN,NaN,NaN,NaN,NaN,NaN,6908.48749158361,1
hard_M4_01.mat,910001,911401014,Repair,1000,75,0,0,0,0.0067281,5964.80000516441,5950.43694476234,0,0,0,1,NaN,NaN,NaN,NaN,NaN,NaN,NaN,6908.48749158361,1
hard_M4_01.mat,910001,911401014,Repair,1500,75,0,0,0,0.0067281,5964.80000516441,5950.43694476234,0,0,0,1,NaN,NaN,NaN,NaN,NaN,NaN,NaN,6908.48749158361,1
hard_M4_01.mat,910001,911401014,Repair,2500,75,0,0,0,0.0067281,5964.80000516441,5950.43694476234,0,0,0,1,NaN,NaN,NaN,NaN,NaN,NaN,NaN,6908.48749158361,1
hard_M4_01.mat,910001,911401014,WarmPSO,500,500,200,0,0,1.0557477,6962.97746452882,6947.49751073295,0,0,0,1,0,211.694389217584,0,0,287,NaN,NaN,6908.48749158361,0
hard_M4_01.mat,910001,911401014,WarmPSO,1000,980,200,0,0,1.1021672,6938.27223805692,6923.30105679028,0,0,0,1,0,211.694389217584,0,0,287,NaN,NaN,6908.48749158361,0
hard_M4_01.mat,910001,911401014,WarmPSO,1500,1490,200,0,0,1.1487006,6161.20644889831,6146.9751321001,0,0,0,1,0,211.694389217584,0,0,287,NaN,NaN,6908.48749158361,0
hard_M4_01.mat,910001,911401014,WarmPSO,2500,2500,200,0,0,1.2411325,6077.59798558049,6066.39666311789,0,0,0,1,0,211.694389217584,0,0,287,NaN,NaN,6908.48749158361,0
hard_M4_01.mat,910001,911401014,AlwaysVND,500,491,200,0,171,1.0570781,7432.94109207395,7409.47738110976,0,0,0,1,0,211.694389217584,0,0,354,260,2107.33539437501,6908.48749158361,0
hard_M4_01.mat,910001,911401014,AlwaysVND,1000,926,200,0,456,1.1043444,5811.49900180517,5797.42747838412,0,0,0,1,0,211.694389217584,0,0,354,260,3728.77748464379,6908.48749158361,1
hard_M4_01.mat,910001,911401014,AlwaysVND,1500,1448,200,0,798,1.1628659,5544.92577927014,5530.85425584908,0,0,0,1,0,211.694389217584,0,0,354,260,3995.35070717883,6908.48749158361,1
hard_M4_01.mat,910001,911401014,AlwaysVND,2500,2500,200,0,1482,1.2839335,5078.22949753836,5070.70056789878,0,0,0,1,0,211.694389217584,0,0,354,260,4462.0469889106,6908.48749158361,1
hard_M4_01.mat,910001,911401014,FB-CMPSO,500,475,200,95,0,1.0629898,9752.38198069414,8006.60487934502,17.2264316870187,0,0,0,0,211.694389217584,0,0,NaN,NaN,NaN,6908.48749158361,0
hard_M4_01.mat,910001,911401014,FB-CMPSO,1000,959,200,114,285,1.1169642,6466.94843337621,6452.11339726757,0,0,0,1,0,211.694389217584,0,0,511,554,1642.46011151518,6908.48749158361,0
hard_M4_01.mat,910001,911401014,FB-CMPSO,1500,1481,200,114,627,1.1742598,5810.75347937185,5801.47683913151,0,0,0,1,0,211.694389217584,0,0,511,554,2298.65506551954,6908.48749158361,1
hard_M4_01.mat,910001,911401014,FB-CMPSO,2500,2500,200,114,1286,1.2875012,5047.32636831487,5037.12863416044,0,0,0,1,0,211.694389217584,0,0,511,554,3062.08217657652,6908.48749158361,1
hard_M4_01.mat,910001,911401015,Repair,500,75,0,0,0,0.0065515,5964.80000516441,5950.43694476234,0,0,0,1,NaN,NaN,NaN,NaN,NaN,NaN,NaN,6908.48749158361,1
hard_M4_01.mat,910001,911401015,Repair,1000,75,0,0,0,0.0065515,5964.80000516441,5950.43694476234,0,0,0,1,NaN,NaN,NaN,NaN,NaN,NaN,NaN,6908.48749158361,1
hard_M4_01.mat,910001,911401015,Repair,1500,75,0,0,0,0.0065515,5964.80000516441,5950.43694476234,0,0,0,1,NaN,NaN,NaN,NaN,NaN,NaN,NaN,6908.48749158361,1
hard_M4_01.mat,910001,911401015,Repair,2500,75,0,0,0,0.0065515,5964.80000516441,5950.43694476234,0,0,0,1,NaN,NaN,NaN,NaN,NaN,NaN,NaN,6908.48749158361,1
hard_M4_01.mat,910001,911401015,WarmPSO,500,500,200,0,0,1.0717976,6299.32671486543,6283.19743214572,0,0,0,1,0,167.818457968908,0,0,252,NaN,NaN,6908.48749158361,0
hard_M4_01.mat,910001,911401015,WarmPSO,1000,980,200,0,0,1.1196431,5964.80000516441,5950.43694476234,0,0,0,1,0,167.818457968908,0,0,252,NaN,NaN,6908.48749158361,0
hard_M4_01.mat,910001,911401015,WarmPSO,1500,1490,200,0,0,1.1724221,5964.80000516441,5950.43694476234,0,0,0,1,0,167.818457968908,0,0,252,NaN,NaN,6908.48749158361,0
hard_M4_01.mat,910001,911401015,WarmPSO,2500,2500,200,0,0,1.2675822,5964.80000516441,5950.43694476234,0,0,0,1,0,167.818457968908,0,0,252,NaN,NaN,6908.48749158361,0
hard_M4_01.mat,910001,911401015,AlwaysVND,500,491,200,0,171,1.0698454,6205.25433614845,6189.64402355771,0,0,0,1,0,167.818457968908,0,0,252,260,803.531697763257,6908.48749158361,0
hard_M4_01.mat,910001,911401015,AlwaysVND,1000,926,200,0,456,1.1150767,6101.28546400663,6087.01465621766,0,0,0,1,0,167.818457968908,0,0,252,260,907.500569905076,6908.48749158361,0
hard_M4_01.mat,910001,911401015,AlwaysVND,1500,1448,200,0,798,1.1727578,5634.22252621321,5625.54652989344,0,0,0,1,0,167.818457968908,0,0,252,260,1374.5635076985,6908.48749158361,1
hard_M4_01.mat,910001,911401015,AlwaysVND,2500,2500,200,0,1482,1.2934668,5112.3935083045,5104.34910450616,0,0,0,1,0,167.818457968908,0,0,252,260,1896.39252560721,6908.48749158361,1
hard_M4_01.mat,910001,911401015,FB-CMPSO,500,491,200,0,171,1.077964,6205.25433614845,6189.64402355771,0,0,0,1,0,167.818457968908,0,0,252,260,803.531697763257,6908.48749158361,0
hard_M4_01.mat,910001,911401015,FB-CMPSO,1000,926,200,0,456,1.1301418,6101.28546400663,6087.01465621766,0,0,0,1,0,167.818457968908,0,0,252,260,907.500569905076,6908.48749158361,0
hard_M4_01.mat,910001,911401015,FB-CMPSO,1500,1448,200,0,798,1.1939128,5634.22252621321,5625.54652989344,0,0,0,1,0,167.818457968908,0,0,252,260,1374.5635076985,6908.48749158361,1
hard_M4_01.mat,910001,911401015,FB-CMPSO,2500,2500,200,0,1482,1.3127574,5112.3935083045,5104.34910450616,0,0,0,1,0,167.818457968908,0,0,252,260,1896.39252560721,6908.48749158361,1
hard_M4_01.mat,910001,911401016,Repair,500,75,0,0,0,0.0062665,5964.80000516441,5950.43694476234,0,0,0,1,NaN,NaN,NaN,NaN,NaN,NaN,NaN,6908.48749158361,1
hard_M4_01.mat,910001,911401016,Repair,1000,75,0,0,0,0.0062665,5964.80000516441,5950.43694476234,0,0,0,1,NaN,NaN,NaN,NaN,NaN,NaN,NaN,6908.48749158361,1
hard_M4_01.mat,910001,911401016,Repair,1500,75,0,0,0,0.0062665,5964.80000516441,5950.43694476234,0,0,0,1,NaN,NaN,NaN,NaN,NaN,NaN,NaN,6908.48749158361,1
hard_M4_01.mat,910001,911401016,Repair,2500,75,0,0,0,0.0062665,5964.80000516441,5950.43694476234,0,0,0,1,NaN,NaN,NaN,NaN,NaN,NaN,NaN,6908.48749158361,1
hard_M4_01.mat,910001,911401016,WarmPSO,500,500,200,0,0,1.0484449,7872.67071385485,7845.31571538211,0,0,0,1,0,126.050650610794,0,0,273,NaN,NaN,6908.48749158361,0
hard_M4_01.mat,910001,911401016,WarmPSO,1000,980,200,0,0,1.0942868,7708.03564110006,7685.71768458845,0,0,0,1,0,126.050650610794,0,0,273,NaN,NaN,6908.48749158361,0
hard_M4_01.mat,910001,911401016,WarmPSO,1500,1490,200,0,0,1.1435112,7580.96568051749,7555.7447208881,0,0,0,1,0,126.050650610794,0,0,273,NaN,NaN,6908.48749158361,0
hard_M4_01.mat,910001,911401016,WarmPSO,2500,2500,200,0,0,1.2340894,6790.48234835389,6768.09144360401,0,0,0,1,0,126.050650610794,0,0,273,NaN,NaN,6908.48749158361,0
hard_M4_01.mat,910001,911401016,AlwaysVND,500,491,200,0,171,1.0495277,6156.25302874325,6146.53254409125,0,0,0,1,0,126.050650610794,0,0,282,260,14849.4606623202,6908.48749158361,0
hard_M4_01.mat,910001,911401016,AlwaysVND,1000,926,200,0,456,1.0974509,5473.23615713605,5464.97078669717,0,0,0,1,0,126.050650610794,0,0,282,260,15532.4775339274,6908.48749158361,1
hard_M4_01.mat,910001,911401016,AlwaysVND,1500,1448,200,0,798,1.1545539,5078.22949753836,5070.70056789878,0,0,0,1,0,126.050650610794,0,0,282,260,15927.4841935251,6908.48749158361,1
hard_M4_01.mat,910001,911401016,AlwaysVND,2500,2500,200,0,1482,1.2698341,5078.22949753836,5070.70056789878,0,0,0,1,0,126.050650610794,0,0,282,260,15927.4841935251,6908.48749158361,1
hard_M4_01.mat,910001,911401016,FB-CMPSO,500,453,200,19,114,1.0447854,7183.49098178132,7161.59204719675,0,0,0,1,0,126.050650610794,0,0,266,309,202.321257980954,6908.48749158361,0
hard_M4_01.mat,910001,911401016,FB-CMPSO,1000,975,200,19,456,1.1016336,5809.97896140703,5795.88833659311,0,0,0,1,0,126.050650610794,0,0,266,309,1575.83327835524,6908.48749158361,1
hard_M4_01.mat,910001,911401016,FB-CMPSO,1500,1497,200,19,798,1.1552043,5692.26691469013,5678.19539126908,0,0,0,1,0,126.050650610794,0,0,266,309,1693.54532507214,6908.48749158361,1
hard_M4_01.mat,910001,911401016,FB-CMPSO,2500,2500,200,19,1441,1.2838706,5225.57063295836,5218.04170331878,0,0,0,1,0,126.050650610794,0,0,266,309,2160.24160680392,6908.48749158361,1
hard_M4_01.mat,910001,911401017,Repair,500,75,0,0,0,0.0089455,5964.80000516441,5950.43694476234,0,0,0,1,NaN,NaN,NaN,NaN,NaN,NaN,NaN,6908.48749158361,1
hard_M4_01.mat,910001,911401017,Repair,1000,75,0,0,0,0.0089455,5964.80000516441,5950.43694476234,0,0,0,1,NaN,NaN,NaN,NaN,NaN,NaN,NaN,6908.48749158361,1
hard_M4_01.mat,910001,911401017,Repair,1500,75,0,0,0,0.0089455,5964.80000516441,5950.43694476234,0,0,0,1,NaN,NaN,NaN,NaN,NaN,NaN,NaN,6908.48749158361,1
hard_M4_01.mat,910001,911401017,Repair,2500,75,0,0,0,0.0089455,5964.80000516441,5950.43694476234,0,0,0,1,NaN,NaN,NaN,NaN,NaN,NaN,NaN,6908.48749158361,1
hard_M4_01.mat,910001,911401017,WarmPSO,500,500,200,0,0,1.0671199,5964.80000516441,5950.43694476234,0,0,0,1,0,75.6341922613668,0,0,233,NaN,NaN,6908.48749158361,0
hard_M4_01.mat,910001,911401017,WarmPSO,1000,980,200,0,0,1.1127843,5964.80000516441,5950.43694476234,0,0,0,1,0,75.6341922613668,0,0,233,NaN,NaN,6908.48749158361,0
hard_M4_01.mat,910001,911401017,WarmPSO,1500,1490,200,0,0,1.1614106,5964.80000516441,5950.43694476234,0,0,0,1,0,75.6341922613668,0,0,233,NaN,NaN,6908.48749158361,0
hard_M4_01.mat,910001,911401017,WarmPSO,2500,2500,200,0,0,1.2563692,5964.80000516441,5950.43694476234,0,0,0,1,0,75.6341922613668,0,0,233,NaN,NaN,6908.48749158361,0
hard_M4_01.mat,910001,911401017,AlwaysVND,500,491,200,0,171,1.0676839,6512.30864143186,6499.25808723878,0,0,0,1,0,75.6341922613668,0,0,233,260,599.1966162294,6908.48749158361,0
hard_M4_01.mat,910001,911401017,AlwaysVND,1000,926,200,0,456,1.1188007,6316.05620138467,6301.10276053455,0,0,0,1,0,75.6341922613668,0,0,233,260,795.449056276599,6908.48749158361,0
hard_M4_01.mat,910001,911401017,AlwaysVND,1500,1448,200,0,798,1.1788654,5687.10200055226,5676.22196176823,0,0,0,1,0,75.6341922613668,0,0,233,260,1424.40325710901,6908.48749158361,1
hard_M4_01.mat,910001,911401017,AlwaysVND,2500,2500,200,0,1482,1.3089676,5128.4440106504,5121.73714591524,0,0,0,1,0,75.6341922613668,0,0,233,260,1983.06124701086,6908.48749158361,1
hard_M4_01.mat,910001,911401017,FB-CMPSO,500,491,200,0,171,1.0714858,6512.30864143186,6499.25808723878,0,0,0,1,0,75.6341922613668,0,0,233,260,599.1966162294,6908.48749158361,0
hard_M4_01.mat,910001,911401017,FB-CMPSO,1000,926,200,0,456,1.1283174,6316.05620138467,6301.10276053455,0,0,0,1,0,75.6341922613668,0,0,233,260,795.449056276599,6908.48749158361,0
hard_M4_01.mat,910001,911401017,FB-CMPSO,1500,1448,200,0,798,1.1889482,5687.10200055226,5676.22196176823,0,0,0,1,0,75.6341922613668,0,0,233,260,1424.40325710901,6908.48749158361,1
hard_M4_01.mat,910001,911401017,FB-CMPSO,2500,2500,200,0,1482,1.3088728,5128.4440106504,5121.73714591524,0,0,0,1,0,75.6341922613668,0,0,233,260,1983.06124701086,6908.48749158361,1
hard_M4_01.mat,910001,911401018,Repair,500,75,0,0,0,0.006584,5964.80000516441,5950.43694476234,0,0,0,1,NaN,NaN,NaN,NaN,NaN,NaN,NaN,6908.48749158361,1
hard_M4_01.mat,910001,911401018,Repair,1000,75,0,0,0,0.006584,5964.80000516441,5950.43694476234,0,0,0,1,NaN,NaN,NaN,NaN,NaN,NaN,NaN,6908.48749158361,1
hard_M4_01.mat,910001,911401018,Repair,1500,75,0,0,0,0.006584,5964.80000516441,5950.43694476234,0,0,0,1,NaN,NaN,NaN,NaN,NaN,NaN,NaN,6908.48749158361,1
hard_M4_01.mat,910001,911401018,Repair,2500,75,0,0,0,0.006584,5964.80000516441,5950.43694476234,0,0,0,1,NaN,NaN,NaN,NaN,NaN,NaN,NaN,6908.48749158361,1
hard_M4_01.mat,910001,911401018,WarmPSO,500,500,200,0,0,1.0517381,8004.92462021552,7983.43244228047,0,0,0,1,0,82.776914769039,0,0,281,NaN,NaN,6908.48749158361,0
hard_M4_01.mat,910001,911401018,WarmPSO,1000,980,200,0,0,1.1035607,7319.66649604407,7302.16594041404,0,0,0,1,0,82.776914769039,0,0,281,NaN,NaN,6908.48749158361,0
hard_M4_01.mat,910001,911401018,WarmPSO,1500,1490,200,0,0,1.1549693,7126.63065676394,7107.71927856138,0,0,0,1,0,82.776914769039,0,0,281,NaN,NaN,6908.48749158361,0
hard_M4_01.mat,910001,911401018,WarmPSO,2500,2500,200,0,0,1.2507504,6348.57505877023,6332.52383647502,0,0,0,1,0,82.776914769039,0,0,281,NaN,NaN,6908.48749158361,0
hard_M4_01.mat,910001,911401018,AlwaysVND,500,491,200,0,171,1.044859,6448.49127835154,6434.60433516119,0,0,0,1,0,82.776914769039,0,0,356,260,2423.14973674854,6908.48749158361,0
hard_M4_01.mat,910001,911401018,AlwaysVND,1000,926,200,0,456,1.0959224,5754.95383673073,5744.91021653883,0,0,0,1,0,82.776914769039,0,0,356,260,3116.68717836935,6908.48749158361,1
hard_M4_01.mat,910001,911401018,AlwaysVND,1500,1448,200,0,798,1.1570914,5672.02800936975,5661.8691615571,0,0,0,1,0,82.776914769039,0,0,356,260,3199.61300573032,6908.48749158361,1
hard_M4_01.mat,910001,911401018,AlwaysVND,2500,2500,200,0,1482,1.2744481,5275.7851460704,5269.07828133523,0,0,0,1,0,82.776914769039,0,0,356,260,3595.85586902968,6908.48749158361,1
hard_M4_01.mat,910001,911401018,FB-CMPSO,500,415,200,38,57,1.039196,6644.69221312805,6626.89645560842,0,0,0,1,0,82.776914769039,0,0,324,358,455.121542065767,6908.48749158361,0
hard_M4_01.mat,910001,911401018,FB-CMPSO,1000,937,200,38,399,1.0969395,5620.57729255604,5612.31192211716,0,0,0,1,0,82.776914769039,0,0,324,358,1479.23646263777,6908.48749158361,1
hard_M4_01.mat,910001,911401018,FB-CMPSO,1500,1459,200,38,741,1.1584854,5275.7851460704,5269.07828133523,0,0,0,1,0,82.776914769039,0,0,324,358,1824.02860912342,6908.48749158361,1
hard_M4_01.mat,910001,911401018,FB-CMPSO,2500,2500,200,38,1422,1.2834702,5128.4440106504,5121.73714591524,0,0,0,1,0,82.776914769039,0,0,324,358,1971.36974454342,6908.48749158361,1
hard_M4_01.mat,910001,911401019,Repair,500,75,0,0,0,0.0094748,5964.80000516441,5950.43694476234,0,0,0,1,NaN,NaN,NaN,NaN,NaN,NaN,NaN,6908.48749158361,1
hard_M4_01.mat,910001,911401019,Repair,1000,75,0,0,0,0.0094748,5964.80000516441,5950.43694476234,0,0,0,1,NaN,NaN,NaN,NaN,NaN,NaN,NaN,6908.48749158361,1
hard_M4_01.mat,910001,911401019,Repair,1500,75,0,0,0,0.0094748,5964.80000516441,5950.43694476234,0,0,0,1,NaN,NaN,NaN,NaN,NaN,NaN,NaN,6908.48749158361,1
hard_M4_01.mat,910001,911401019,Repair,2500,75,0,0,0,0.0094748,5964.80000516441,5950.43694476234,0,0,0,1,NaN,NaN,NaN,NaN,NaN,NaN,NaN,6908.48749158361,1
hard_M4_01.mat,910001,911401019,WarmPSO,500,500,200,0,0,1.0846653,8693.75732490469,8656.78206356133,0,0,0,1,0,70.2144815335363,0,0,354,NaN,NaN,6908.48749158361,0
hard_M4_01.mat,910001,911401019,WarmPSO,1000,980,200,0,0,1.1292845,7345.66322434018,7330.36375289671,0,0,0,1,0,70.2144815335363,0,0,354,NaN,NaN,6908.48749158361,0
hard_M4_01.mat,910001,911401019,WarmPSO,1500,1490,200,0,0,1.1780088,7125.12147135611,7110.56942905635,0,0,0,1,0,70.2144815335363,0,0,354,NaN,NaN,6908.48749158361,0
hard_M4_01.mat,910001,911401019,WarmPSO,2500,2500,200,0,0,1.2694746,6652.24969938502,6637.60492598526,0,0,0,1,0,70.2144815335363,0,0,354,NaN,NaN,6908.48749158361,0
hard_M4_01.mat,910001,911401019,AlwaysVND,500,491,200,0,171,1.083152,7783.02851358442,7760.55645241022,0,0,0,1,0,70.2144815335363,0,0,351,260,6459.58920266977,6908.48749158361,0
hard_M4_01.mat,910001,911401019,AlwaysVND,1000,926,200,0,456,1.1313042,5936.88473502703,5919.09764697508,0,0,0,1,0,70.2144815335363,0,0,351,260,8305.73298122716,6908.48749158361,1
hard_M4_01.mat,910001,911401019,AlwaysVND,1500,1448,200,0,798,1.1928895,5540.64187172767,5526.30676675321,0,0,0,1,0,70.2144815335363,0,0,351,260,8701.97584452652,6908.48749158361,1
hard_M4_01.mat,910001,911401019,AlwaysVND,2500,2500,200,0,1482,1.3143884,5344.8027200734,5337.27379043382,0,0,0,1,0,70.2144815335363,0,0,351,260,8897.8149961808,6908.48749158361,1
hard_M4_01.mat,910001,911401019,FB-CMPSO,500,464,200,57,57,1.084843,7884.52190093913,7865.20310052066,0,0,0,1,0,70.2144815335363,0,0,359,407,1354.05164326263,6908.48749158361,0
hard_M4_01.mat,910001,911401019,FB-CMPSO,1000,986,200,57,399,1.1638856,6236.4360755721,6222.33702458316,0,0,0,1,0,70.2144815335363,0,0,359,407,3002.13746862965,6908.48749158361,0
hard_M4_01.mat,910001,911401019,FB-CMPSO,1500,1421,200,57,684,1.2227655,5864.99837566104,5854.79157898331,0,0,0,1,0,70.2144815335363,0,0,359,407,3373.57516854071,6908.48749158361,1
hard_M4_01.mat,910001,911401019,FB-CMPSO,2500,2500,200,57,1373,1.3485636,5858.69395312582,5848.48715644809,0,0,0,1,0,70.2144815335363,0,0,359,407,3379.87959107593,6908.48749158361,1
hard_M4_01.mat,910001,911401020,Repair,500,75,0,0,0,0.0061604,5964.80000516441,5950.43694476234,0,0,0,1,NaN,NaN,NaN,NaN,NaN,NaN,NaN,6908.48749158361,1
hard_M4_01.mat,910001,911401020,Repair,1000,75,0,0,0,0.0061604,5964.80000516441,5950.43694476234,0,0,0,1,NaN,NaN,NaN,NaN,NaN,NaN,NaN,6908.48749158361,1
hard_M4_01.mat,910001,911401020,Repair,1500,75,0,0,0,0.0061604,5964.80000516441,5950.43694476234,0,0,0,1,NaN,NaN,NaN,NaN,NaN,NaN,NaN,6908.48749158361,1
hard_M4_01.mat,910001,911401020,Repair,2500,75,0,0,0,0.0061604,5964.80000516441,5950.43694476234,0,0,0,1,NaN,NaN,NaN,NaN,NaN,NaN,NaN,6908.48749158361,1
hard_M4_01.mat,910001,911401020,WarmPSO,500,500,200,0,0,1.0599601,7191.22312362704,7169.54969629656,0,0,0,1,0,157.770582305006,0,0,241,NaN,NaN,6908.48749158361,0
hard_M4_01.mat,910001,911401020,WarmPSO,1000,980,200,0,0,1.1053591,7191.22312362704,7169.54969629656,0,0,0,1,0,157.770582305006,0,0,241,NaN,NaN,6908.48749158361,0
hard_M4_01.mat,910001,911401020,WarmPSO,1500,1490,200,0,0,1.1640573,6606.19014211484,6593.56314383916,0,0,0,1,0,157.770582305006,0,0,241,NaN,NaN,6908.48749158361,0
hard_M4_01.mat,910001,911401020,WarmPSO,2500,2500,200,0,0,1.2630372,5964.80000516441,5950.43694476234,0,0,0,1,0,157.770582305006,0,0,241,NaN,NaN,6908.48749158361,0
hard_M4_01.mat,910001,911401020,AlwaysVND,500,491,200,0,171,1.0615709,6535.08408857591,6520.51286587425,0,0,0,1,0,157.770582305006,0,0,241,260,1240.07859898209,6908.48749158361,0
hard_M4_01.mat,910001,911401020,AlwaysVND,1000,926,200,0,456,1.1070394,6200.56044390643,6183.66405022098,0,0,0,1,0,157.770582305006,0,0,241,260,1574.60224365157,6908.48749158361,0
hard_M4_01.mat,910001,911401020,AlwaysVND,1500,1448,200,0,798,1.1658271,5768.00752826011,5754.0153168811,0,0,0,1,0,157.770582305006,0,0,241,260,2007.15515929789,6908.48749158361,1
hard_M4_01.mat,910001,911401020,AlwaysVND,2500,2500,200,0,1482,1.2856253,4864.6718863873,4856.98643324804,0,0,0,1,0,157.770582305006,0,0,241,260,2910.4908011707,6908.48749158361,1
hard_M4_01.mat,910001,911401020,FB-CMPSO,500,491,200,0,171,1.064306,6535.08408857591,6520.51286587425,0,0,0,1,0,157.770582305006,0,0,241,260,1240.07859898209,6908.48749158361,0
hard_M4_01.mat,910001,911401020,FB-CMPSO,1000,926,200,0,456,1.1144924,6200.56044390643,6183.66405022098,0,0,0,1,0,157.770582305006,0,0,241,260,1574.60224365157,6908.48749158361,0
hard_M4_01.mat,910001,911401020,FB-CMPSO,1500,1448,200,0,798,1.1784927,5768.00752826011,5754.0153168811,0,0,0,1,0,157.770582305006,0,0,241,260,2007.15515929789,6908.48749158361,1
hard_M4_01.mat,910001,911401020,FB-CMPSO,2500,2500,200,0,1482,1.2997284,4864.6718863873,4856.98643324804,0,0,0,1,0,157.770582305006,0,0,241,260,2910.4908011707,6908.48749158361,1
hard_M4_01.mat,910001,911401021,Repair,500,75,0,0,0,0.0067867,5964.80000516441,5950.43694476234,0,0,0,1,NaN,NaN,NaN,NaN,NaN,NaN,NaN,6908.48749158361,1
hard_M4_01.mat,910001,911401021,Repair,1000,75,0,0,0,0.0067867,5964.80000516441,5950.43694476234,0,0,0,1,NaN,NaN,NaN,NaN,NaN,NaN,NaN,6908.48749158361,1
hard_M4_01.mat,910001,911401021,Repair,1500,75,0,0,0,0.0067867,5964.80000516441,5950.43694476234,0,0,0,1,NaN,NaN,NaN,NaN,NaN,NaN,NaN,6908.48749158361,1
hard_M4_01.mat,910001,911401021,Repair,2500,75,0,0,0,0.0067867,5964.80000516441,5950.43694476234,0,0,0,1,NaN,NaN,NaN,NaN,NaN,NaN,NaN,6908.48749158361,1
hard_M4_01.mat,910001,911401021,WarmPSO,500,500,200,0,0,1.0713434,8179.02837472644,8159.52142429685,0,0,0,1,0,68.9288950594184,0,0,263,NaN,NaN,6908.48749158361,0
hard_M4_01.mat,910001,911401021,WarmPSO,1000,980,200,0,0,1.1233061,6299.73506504234,6284.32936164275,0,0,0,1,0,68.9288950594184,0,0,263,NaN,NaN,6908.48749158361,0
hard_M4_01.mat,910001,911401021,WarmPSO,1500,1490,200,0,0,1.1740007,5964.80000516441,5950.43694476234,0,0,0,1,0,68.9288950594184,0,0,263,NaN,NaN,6908.48749158361,0
hard_M4_01.mat,910001,911401021,WarmPSO,2500,2500,200,0,0,1.2725312,5964.80000516441,5950.43694476234,0,0,0,1,0,68.9288950594184,0,0,263,NaN,NaN,6908.48749158361,0
hard_M4_01.mat,910001,911401021,AlwaysVND,500,491,200,0,171,1.0722336,6218.17295472977,6205.48961239737,0,0,0,1,0,68.9288950594184,0,0,305,260,1748.90850442061,6908.48749158361,0
hard_M4_01.mat,910001,911401021,AlwaysVND,1000,926,200,0,456,1.1195204,5702.38139357105,5687.2289413049,0,0,0,1,0,68.9288950594184,0,0,305,260,2264.70006557932,6908.48749158361,1
hard_M4_01.mat,910001,911401021,AlwaysVND,1500,1448,200,0,798,1.1753818,5488.51555015484,5475.97776623384,0,0,0,1,0,68.9288950594184,0,0,305,260,2478.56590899553,6908.48749158361,1
hard_M4_01.mat,910001,911401021,AlwaysVND,2500,2500,200,0,1482,1.2858943,5047.32636831487,5037.12863416044,0,0,0,1,0,68.9288950594184,0,0,305,260,2919.75509083551,6908.48749158361,1
hard_M4_01.mat,910001,911401021,FB-CMPSO,500,415,200,38,57,1.0665265,6729.62462515292,6712.37555381915,0,0,0,1,0,68.9288950594184,0,0,317,358,277.884546801517,6908.48749158361,0
hard_M4_01.mat,910001,911401021,FB-CMPSO,1000,937,200,38,399,1.1282763,5813.85707357665,5801.29223157835,0,0,0,1,0,68.9288950594184,0,0,317,358,1193.65209837778,6908.48749158361,1
hard_M4_01.mat,910001,911401021,FB-CMPSO,1500,1459,200,38,741,1.1894984,5718.63838552649,5706.49207433801,0,0,0,1,0,68.9288950594184,0,0,317,358,1288.87078642795,6908.48749158361,1
hard_M4_01.mat,910001,911401021,FB-CMPSO,2500,2500,200,38,1422,1.3071121,5331.36816811907,5317.14012119834,0,0,0,1,0,68.9288950594184,0,0,317,358,1676.14100383537,6908.48749158361,1
hard_M4_01.mat,910001,911401022,Repair,500,75,0,0,0,0.0061448,5964.80000516441,5950.43694476234,0,0,0,1,NaN,NaN,NaN,NaN,NaN,NaN,NaN,6908.48749158361,1
hard_M4_01.mat,910001,911401022,Repair,1000,75,0,0,0,0.0061448,5964.80000516441,5950.43694476234,0,0,0,1,NaN,NaN,NaN,NaN,NaN,NaN,NaN,6908.48749158361,1
hard_M4_01.mat,910001,911401022,Repair,1500,75,0,0,0,0.0061448,5964.80000516441,5950.43694476234,0,0,0,1,NaN,NaN,NaN,NaN,NaN,NaN,NaN,6908.48749158361,1
hard_M4_01.mat,910001,911401022,Repair,2500,75,0,0,0,0.0061448,5964.80000516441,5950.43694476234,0,0,0,1,NaN,NaN,NaN,NaN,NaN,NaN,NaN,6908.48749158361,1
hard_M4_01.mat,910001,911401022,WarmPSO,500,500,200,0,0,1.0798605,12390.2526907958,12337.6597772105,0,0,0,1,0,298.806399193473,0,0,350,NaN,NaN,6908.48749158361,0
hard_M4_01.mat,910001,911401022,WarmPSO,1000,980,200,0,0,1.1264796,8027.26016717517,8013.19048703908,0,0,0,1,0,298.806399193473,0,0,350,NaN,NaN,6908.48749158361,0
hard_M4_01.mat,910001,911401022,WarmPSO,1500,1490,200,0,0,1.1766107,7324.52026634326,7310.13391915619,0,0,0,1,0,298.806399193473,0,0,350,NaN,NaN,6908.48749158361,0
hard_M4_01.mat,910001,911401022,WarmPSO,2500,2500,200,0,0,1.2802212,6788.98446360513,6775.88810927024,0,0,0,1,0,298.806399193473,0,0,350,NaN,NaN,6908.48749158361,0
hard_M4_01.mat,910001,911401022,AlwaysVND,500,491,200,0,171,1.0769753,6349.58516555952,6337.28968536725,0,0,0,1,0,298.806399193473,0,0,305,260,15626.3015870169,6908.48749158361,0
hard_M4_01.mat,910001,911401022,AlwaysVND,1000,926,200,0,456,1.127298,6235.73196071524,6223.54422547125,0,0,0,1,0,298.806399193473,0,0,305,260,15740.1547918612,6908.48749158361,0
hard_M4_01.mat,910001,911401022,AlwaysVND,1500,1448,200,0,798,1.1855073,6088.63162437199,6076.3724533672,0,0,0,1,0,298.806399193473,0,0,305,260,15887.2551282045,6908.48749158361,0
hard_M4_01.mat,910001,911401022,AlwaysVND,2500,2500,200,0,1482,1.3021577,5078.22949753836,5070.70056789878,0,0,0,1,0,298.806399193473,0,0,305,260,16897.6572550381,6908.48749158361,1
hard_M4_01.mat,910001,911401022,FB-CMPSO,500,464,200,57,57,1.0774723,7360.32236865863,7337.48033671814,0,0,0,1,0,298.806399193473,0,0,360,407,334.526709701029,6908.48749158361,0
hard_M4_01.mat,910001,911401022,FB-CMPSO,1000,986,200,57,399,1.1337375,5851.6445642903,5838.74632374564,0,0,0,1,0,298.806399193473,0,0,360,407,1843.20451406936,6908.48749158361,1
hard_M4_01.mat,910001,911401022,FB-CMPSO,1500,1421,200,57,684,1.1811804,5460.10826474179,5450.70734176839,0,0,0,1,0,298.806399193473,0,0,360,407,2234.74081361787,6908.48749158361,1
hard_M4_01.mat,910001,911401022,FB-CMPSO,2500,2500,200,57,1373,1.3092103,5333.45396612575,5322.03057598131,0,0,0,1,0,298.806399193473,0,0,360,407,2361.3951122339,6908.48749158361,1
hard_M4_01.mat,910001,911401023,Repair,500,75,0,0,0,0.0068151,5964.80000516441,5950.43694476234,0,0,0,1,NaN,NaN,NaN,NaN,NaN,NaN,NaN,6908.48749158361,1
hard_M4_01.mat,910001,911401023,Repair,1000,75,0,0,0,0.0068151,5964.80000516441,5950.43694476234,0,0,0,1,NaN,NaN,NaN,NaN,NaN,NaN,NaN,6908.48749158361,1
hard_M4_01.mat,910001,911401023,Repair,1500,75,0,0,0,0.0068151,5964.80000516441,5950.43694476234,0,0,0,1,NaN,NaN,NaN,NaN,NaN,NaN,NaN,6908.48749158361,1
hard_M4_01.mat,910001,911401023,Repair,2500,75,0,0,0,0.0068151,5964.80000516441,5950.43694476234,0,0,0,1,NaN,NaN,NaN,NaN,NaN,NaN,NaN,6908.48749158361,1
hard_M4_01.mat,910001,911401023,WarmPSO,500,500,200,0,0,1.0868636,7700.4946441773,7678.89859724664,0,0,0,1,0,128.407416205844,0,0,362,NaN,NaN,6908.48749158361,0
hard_M4_01.mat,910001,911401023,WarmPSO,1000,980,200,0,0,1.1361924,6598.35495581487,6578.02722266923,0,0,0,1,0,128.407416205844,0,0,362,NaN,NaN,6908.48749158361,0
hard_M4_01.mat,910001,911401023,WarmPSO,1500,1490,200,0,0,1.1867614,6598.35495581487,6578.02722266923,0,0,0,1,0,128.407416205844,0,0,362,NaN,NaN,6908.48749158361,0
hard_M4_01.mat,910001,911401023,WarmPSO,2500,2500,200,0,0,1.2886438,6295.30129101961,6278.63881333354,0,0,0,1,0,128.407416205844,0,0,362,NaN,NaN,6908.48749158361,0
hard_M4_01.mat,910001,911401023,AlwaysVND,500,491,200,0,171,1.0834532,6383.62280261479,6365.05420301151,0,0,0,1,0,128.407416205844,0,0,348,260,1791.5968260877,6908.48749158361,0
hard_M4_01.mat,910001,911401023,AlwaysVND,1000,926,200,0,456,1.1337562,5813.85707357665,5801.29223157835,0,0,0,1,0,128.407416205844,0,0,348,260,2361.36255512583,6908.48749158361,1
hard_M4_01.mat,910001,911401023,AlwaysVND,1500,1448,200,0,798,1.1944187,5718.82955382434,5708.48830562899,0,0,0,1,0,128.407416205844,0,0,348,260,2456.39007487815,6908.48749158361,1
hard_M4_01.mat,910001,911401023,AlwaysVND,2500,2500,200,0,1482,1.3187033,5621.81349625771,5610.83258354065,0,0,0,1,0,128.407416205844,0,0,348,260,2553.40613244477,6908.48749158361,1
hard_M4_01.mat,910001,911401023,FB-CMPSO,500,453,200,19,114,1.0819149,7730.88160130915,7712.09131488989,0,0,0,1,0,128.407416205844,0,0,282,309,712.287882156295,6908.48749158361,0
hard_M4_01.mat,910001,911401023,FB-CMPSO,1000,975,200,19,456,1.1385621,6737.98323669298,6723.19369463838,0,0,0,1,0,128.407416205844,0,0,282,309,1705.18624677247,6908.48749158361,0
hard_M4_01.mat,910001,911401023,FB-CMPSO,1500,1497,200,19,798,1.2011992,6245.74788420496,6232.65941118255,0,0,0,1,0,128.407416205844,0,0,282,309,2197.42159926049,6908.48749158361,0
hard_M4_01.mat,910001,911401023,FB-CMPSO,2500,2500,200,19,1441,1.3096644,5844.67417294306,5830.43109329379,0,0,0,1,0,128.407416205844,0,0,282,309,2598.49531052239,6908.48749158361,1
hard_M4_01.mat,910001,911401024,Repair,500,75,0,0,0,0.006164,5964.80000516441,5950.43694476234,0,0,0,1,NaN,NaN,NaN,NaN,NaN,NaN,NaN,6908.48749158361,1
hard_M4_01.mat,910001,911401024,Repair,1000,75,0,0,0,0.006164,5964.80000516441,5950.43694476234,0,0,0,1,NaN,NaN,NaN,NaN,NaN,NaN,NaN,6908.48749158361,1
hard_M4_01.mat,910001,911401024,Repair,1500,75,0,0,0,0.006164,5964.80000516441,5950.43694476234,0,0,0,1,NaN,NaN,NaN,NaN,NaN,NaN,NaN,6908.48749158361,1
hard_M4_01.mat,910001,911401024,Repair,2500,75,0,0,0,0.006164,5964.80000516441,5950.43694476234,0,0,0,1,NaN,NaN,NaN,NaN,NaN,NaN,NaN,6908.48749158361,1
hard_M4_01.mat,910001,911401024,WarmPSO,500,500,200,0,0,1.0504053,7699.27024850226,7679.05538200505,0,0,0,1,0,60.7942321383744,0,0,233,NaN,NaN,6908.48749158361,0
hard_M4_01.mat,910001,911401024,WarmPSO,1000,980,200,0,0,1.0931419,7479.39220534253,7460.72954257696,0,0,0,1,0,60.7942321383744,0,0,233,NaN,NaN,6908.48749158361,0
hard_M4_01.mat,910001,911401024,WarmPSO,1500,1490,200,0,0,1.1408201,7319.86373182137,7299.84368175298,0,0,0,1,0,60.7942321383744,0,0,233,NaN,NaN,6908.48749158361,0
hard_M4_01.mat,910001,911401024,WarmPSO,2500,2500,200,0,0,1.2397051,7319.86373182137,7299.84368175298,0,0,0,1,0,60.7942321383744,0,0,233,NaN,NaN,6908.48749158361,0
hard_M4_01.mat,910001,911401024,AlwaysVND,500,491,200,0,171,1.050977,6686.98463656086,6671.20914878016,0,0,0,1,0,60.7942321383744,0,0,233,260,1730.69388436819,6908.48749158361,0
hard_M4_01.mat,910001,911401024,AlwaysVND,1000,926,200,0,456,1.1306446,6457.66417342531,6443.64163316007,0,0,0,1,0,60.7942321383744,0,0,233,260,1960.01434750375,6908.48749158361,0
hard_M4_01.mat,910001,911401024,AlwaysVND,1500,1448,200,0,798,1.1908201,6379.09231341249,6365.68473170604,0,0,0,1,0,60.7942321383744,0,0,233,260,2038.58620751657,6908.48749158361,0
hard_M4_01.mat,910001,911401024,AlwaysVND,2500,2500,200,0,1482,1.3060786,5709.9517149076,5696.77121918337,0,0,0,1,0,60.7942321383744,0,0,233,260,2707.72680602146,6908.48749158361,1
hard_M4_01.mat,910001,911401024,FB-CMPSO,500,491,200,0,171,1.0537875,6686.98463656086,6671.20914878016,0,0,0,1,0,60.7942321383744,0,0,233,260,1730.69388436819,6908.48749158361,0
hard_M4_01.mat,910001,911401024,FB-CMPSO,1000,926,200,0,456,1.1036764,6457.66417342531,6443.64163316007,0,0,0,1,0,60.7942321383744,0,0,233,260,1960.01434750375,6908.48749158361,0
hard_M4_01.mat,910001,911401024,FB-CMPSO,1500,1448,200,0,798,1.1660858,6379.09231341249,6365.68473170604,0,0,0,1,0,60.7942321383744,0,0,233,260,2038.58620751657,6908.48749158361,0
hard_M4_01.mat,910001,911401024,FB-CMPSO,2500,2500,200,0,1482,1.2879121,5709.9517149076,5696.77121918337,0,0,0,1,0,60.7942321383744,0,0,233,260,2707.72680602146,6908.48749158361,1
hard_M4_01.mat,910001,911401025,Repair,500,75,0,0,0,0.0066783,5964.80000516441,5950.43694476234,0,0,0,1,NaN,NaN,NaN,NaN,NaN,NaN,NaN,6908.48749158361,1
hard_M4_01.mat,910001,911401025,Repair,1000,75,0,0,0,0.0066783,5964.80000516441,5950.43694476234,0,0,0,1,NaN,NaN,NaN,NaN,NaN,NaN,NaN,6908.48749158361,1
hard_M4_01.mat,910001,911401025,Repair,1500,75,0,0,0,0.0066783,5964.80000516441,5950.43694476234,0,0,0,1,NaN,NaN,NaN,NaN,NaN,NaN,NaN,6908.48749158361,1
hard_M4_01.mat,910001,911401025,Repair,2500,75,0,0,0,0.0066783,5964.80000516441,5950.43694476234,0,0,0,1,NaN,NaN,NaN,NaN,NaN,NaN,NaN,6908.48749158361,1
hard_M4_01.mat,910001,911401025,WarmPSO,500,500,200,0,0,1.0753428,8001.48625508873,7977.32365362756,0,0,0,1,0,132.799108481329,0,0,262,NaN,NaN,6908.48749158361,0
hard_M4_01.mat,910001,911401025,WarmPSO,1000,980,200,0,0,1.1254477,7671.25321411373,7650.86403656885,0,0,0,1,0,132.799108481329,0,0,262,NaN,NaN,6908.48749158361,0
hard_M4_01.mat,910001,911401025,WarmPSO,1500,1490,200,0,0,1.1790024,6973.61222595185,6957.81834429602,0,0,0,1,0,132.799108481329,0,0,262,NaN,NaN,6908.48749158361,0
hard_M4_01.mat,910001,911401025,WarmPSO,2500,2500,200,0,0,1.2817582,6136.50122242641,6122.77867815742,0,0,0,1,0,132.799108481329,0,0,262,NaN,NaN,6908.48749158361,0
hard_M4_01.mat,910001,911401025,AlwaysVND,500,491,200,0,171,1.0709254,5622.48587469677,5612.58868697411,0,0,0,1,0,132.799108481329,0,0,263,260,1424.41396083305,6908.48749158361,1
hard_M4_01.mat,910001,911401025,AlwaysVND,1000,926,200,0,456,1.1184515,5524.68687394976,5514.52802613711,0,0,0,1,0,132.799108481329,0,0,263,260,1522.21296158006,6908.48749158361,1
hard_M4_01.mat,910001,911401025,AlwaysVND,1500,1448,200,0,798,1.1749844,5524.68687394976,5514.52802613711,0,0,0,1,0,132.799108481329,0,0,263,260,1522.21296158006,6908.48749158361,1
hard_M4_01.mat,910001,911401025,AlwaysVND,2500,2500,200,0,1482,1.2954911,5524.68687394976,5514.52802613711,0,0,0,1,0,132.799108481329,0,0,263,260,1522.21296158006,6908.48749158361,1
hard_M4_01.mat,910001,911401025,FB-CMPSO,500,453,200,19,114,1.07233,6506.67044686161,6494.92006595133,0,0,0,1,0,132.799108481329,0,0,268,309,514.406813804901,6908.48749158361,0
hard_M4_01.mat,910001,911401025,FB-CMPSO,1000,975,200,19,456,1.1379089,5684.93126569181,5675.37110752774,0,0,0,1,0,132.799108481329,0,0,268,309,1336.14599497471,6908.48749158361,1
hard_M4_01.mat,910001,911401025,FB-CMPSO,1500,1497,200,19,798,1.1980667,5684.93126569181,5675.37110752774,0,0,0,1,0,132.799108481329,0,0,268,309,1336.14599497471,6908.48749158361,1
hard_M4_01.mat,910001,911401025,FB-CMPSO,2500,2500,200,19,1441,1.312265,5184.02703269908,5169.79898577835,0,0,0,1,0,132.799108481329,0,0,268,309,1837.05022796744,6908.48749158361,1
hard_M4_01.mat,910001,911401026,Repair,500,75,0,0,0,0.006454,5964.80000516441,5950.43694476234,0,0,0,1,NaN,NaN,NaN,NaN,NaN,NaN,NaN,6908.48749158361,1
hard_M4_01.mat,910001,911401026,Repair,1000,75,0,0,0,0.006454,5964.80000516441,5950.43694476234,0,0,0,1,NaN,NaN,NaN,NaN,NaN,NaN,NaN,6908.48749158361,1
hard_M4_01.mat,910001,911401026,Repair,1500,75,0,0,0,0.006454,5964.80000516441,5950.43694476234,0,0,0,1,NaN,NaN,NaN,NaN,NaN,NaN,NaN,6908.48749158361,1
hard_M4_01.mat,910001,911401026,Repair,2500,75,0,0,0,0.006454,5964.80000516441,5950.43694476234,0,0,0,1,NaN,NaN,NaN,NaN,NaN,NaN,NaN,6908.48749158361,1
hard_M4_01.mat,910001,911401026,WarmPSO,500,500,200,0,0,1.0684109,9245.71087092099,9210.7756198414,0,0,0,1,0,141.172559060329,0,0,279,NaN,NaN,6908.48749158361,0
hard_M4_01.mat,910001,911401026,WarmPSO,1000,980,200,0,0,1.115154,8433.59659838953,8417.02521036413,0,0,0,1,0,141.172559060329,0,0,279,NaN,NaN,6908.48749158361,0
hard_M4_01.mat,910001,911401026,WarmPSO,1500,1490,200,0,0,1.1654271,7886.13590853802,7868.9064742036,0,0,0,1,0,141.172559060329,0,0,279,NaN,NaN,6908.48749158361,0
hard_M4_01.mat,910001,911401026,WarmPSO,2500,2500,200,0,0,1.2634077,7189.52067165528,7173.56581714814,0,0,0,1,0,141.172559060329,0,0,279,NaN,NaN,6908.48749158361,0
hard_M4_01.mat,910001,911401026,AlwaysVND,500,491,200,0,171,1.0724113,5976.37682760708,5963.24684251198,0,0,0,1,0,141.172559060329,0,0,281,260,4585.52602693545,6908.48749158361,0
hard_M4_01.mat,910001,911401026,AlwaysVND,1000,926,200,0,456,1.1230015,5541.49206830232,5530.70213297379,0,0,0,1,0,141.172559060329,0,0,281,260,5020.41078624021,6908.48749158361,1
hard_M4_01.mat,910001,911401026,AlwaysVND,1500,1448,200,0,798,1.1854803,5099.3606291375,5086.85925147181,0,0,0,1,0,141.172559060329,0,0,281,260,5462.54222540503,6908.48749158361,1
hard_M4_01.mat,910001,911401026,AlwaysVND,2500,2500,200,0,1482,1.3047465,5047.32636831487,5037.12863416044,0,0,0,1,0,141.172559060329,0,0,281,260,5514.57648622767,6908.48749158361,1
hard_M4_01.mat,910001,911401026,FB-CMPSO,500,453,200,19,114,1.0826606,8302.17585506753,8276.72586839238,0,0,0,1,0,141.172559060329,0,0,284,309,1212.11149322819,6908.48749158361,0
hard_M4_01.mat,910001,911401026,FB-CMPSO,1000,975,200,19,456,1.1725407,7162.9169587354,7142.31411114376,0,0,0,1,0,141.172559060329,0,0,284,309,2351.37038956032,6908.48749158361,0
hard_M4_01.mat,910001,911401026,FB-CMPSO,1500,1497,200,19,798,1.2286623,6376.97577041088,6359.38874342762,0,0,0,1,0,141.172559060329,0,0,284,309,3137.31157788484,6908.48749158361,0
hard_M4_01.mat,910001,911401026,FB-CMPSO,2500,2500,200,19,1441,1.3395028,5331.44792925022,5320.93906420224,0,0,0,1,0,141.172559060329,0,0,284,309,4182.83941904551,6908.48749158361,1
hard_M4_01.mat,910001,911401027,Repair,500,75,0,0,0,0.0063029,5964.80000516441,5950.43694476234,0,0,0,1,NaN,NaN,NaN,NaN,NaN,NaN,NaN,6908.48749158361,1
hard_M4_01.mat,910001,911401027,Repair,1000,75,0,0,0,0.0063029,5964.80000516441,5950.43694476234,0,0,0,1,NaN,NaN,NaN,NaN,NaN,NaN,NaN,6908.48749158361,1
hard_M4_01.mat,910001,911401027,Repair,1500,75,0,0,0,0.0063029,5964.80000516441,5950.43694476234,0,0,0,1,NaN,NaN,NaN,NaN,NaN,NaN,NaN,6908.48749158361,1
hard_M4_01.mat,910001,911401027,Repair,2500,75,0,0,0,0.0063029,5964.80000516441,5950.43694476234,0,0,0,1,NaN,NaN,NaN,NaN,NaN,NaN,NaN,6908.48749158361,1
hard_M4_01.mat,910001,911401027,WarmPSO,500,500,200,0,0,1.0751532,7750.08374933157,7725.37421753567,0,0,0,1,0,107.390575421077,0,0,233,NaN,NaN,6908.48749158361,0
hard_M4_01.mat,910001,911401027,WarmPSO,1000,980,200,0,0,1.1254468,6354.15045296013,6336.15367891202,0,0,0,1,0,107.390575421077,0,0,233,NaN,NaN,6908.48749158361,0
hard_M4_01.mat,910001,911401027,WarmPSO,1500,1490,200,0,0,1.1751432,6354.15045296013,6336.15367891202,0,0,0,1,0,107.390575421077,0,0,233,NaN,NaN,6908.48749158361,0
hard_M4_01.mat,910001,911401027,WarmPSO,2500,2500,200,0,0,1.2773414,6354.15045296013,6336.15367891202,0,0,0,1,0,107.390575421077,0,0,233,NaN,NaN,6908.48749158361,0
hard_M4_01.mat,910001,911401027,AlwaysVND,500,491,200,0,171,1.075106,6480.75694242455,6466.15004659141,0,0,0,1,0,107.390575421077,0,0,233,260,1300.52719974936,6908.48749158361,0
hard_M4_01.mat,910001,911401027,AlwaysVND,1000,926,200,0,456,1.1230019,5614.92108075408,5603.75843746846,0,0,0,1,0,107.390575421077,0,0,233,260,2166.36306141983,6908.48749158361,1
hard_M4_01.mat,910001,911401027,AlwaysVND,1500,1448,200,0,798,1.1839976,5078.22949753836,5070.70056789878,0,0,0,1,0,107.390575421077,0,0,233,260,2703.05464463555,6908.48749158361,1
hard_M4_01.mat,910001,911401027,AlwaysVND,2500,2500,200,0,1482,1.3080932,5078.22949753836,5070.70056789878,0,0,0,1,0,107.390575421077,0,0,233,260,2703.05464463555,6908.48749158361,1
hard_M4_01.mat,910001,911401027,FB-CMPSO,500,491,200,0,171,1.0773955,6480.75694242455,6466.15004659141,0,0,0,1,0,107.390575421077,0,0,233,260,1300.52719974936,6908.48749158361,0
hard_M4_01.mat,910001,911401027,FB-CMPSO,1000,926,200,0,456,1.1238234,5614.92108075408,5603.75843746846,0,0,0,1,0,107.390575421077,0,0,233,260,2166.36306141983,6908.48749158361,1
hard_M4_01.mat,910001,911401027,FB-CMPSO,1500,1448,200,0,798,1.1829095,5078.22949753836,5070.70056789878,0,0,0,1,0,107.390575421077,0,0,233,260,2703.05464463555,6908.48749158361,1
hard_M4_01.mat,910001,911401027,FB-CMPSO,2500,2500,200,0,1482,1.3071331,5078.22949753836,5070.70056789878,0,0,0,1,0,107.390575421077,0,0,233,260,2703.05464463555,6908.48749158361,1
hard_M4_01.mat,910001,911401028,Repair,500,75,0,0,0,0.0068174,5964.80000516441,5950.43694476234,0,0,0,1,NaN,NaN,NaN,NaN,NaN,NaN,NaN,6908.48749158361,1
hard_M4_01.mat,910001,911401028,Repair,1000,75,0,0,0,0.0068174,5964.80000516441,5950.43694476234,0,0,0,1,NaN,NaN,NaN,NaN,NaN,NaN,NaN,6908.48749158361,1
hard_M4_01.mat,910001,911401028,Repair,1500,75,0,0,0,0.0068174,5964.80000516441,5950.43694476234,0,0,0,1,NaN,NaN,NaN,NaN,NaN,NaN,NaN,6908.48749158361,1
hard_M4_01.mat,910001,911401028,Repair,2500,75,0,0,0,0.0068174,5964.80000516441,5950.43694476234,0,0,0,1,NaN,NaN,NaN,NaN,NaN,NaN,NaN,6908.48749158361,1
hard_M4_01.mat,910001,911401028,WarmPSO,500,500,200,0,0,1.0460719,8375.078855576,8351.00234374468,0,0,0,1,0,176.783103229191,0,0,437,NaN,NaN,6908.48749158361,0
hard_M4_01.mat,910001,911401028,WarmPSO,1000,980,200,0,0,1.0891551,7271.27220114309,7248.98230578789,0,0,0,1,0,176.783103229191,0,0,437,NaN,NaN,6908.48749158361,0
hard_M4_01.mat,910001,911401028,WarmPSO,1500,1490,200,0,0,1.137189,7215.80236397946,7197.55654361038,0,0,0,1,0,176.783103229191,0,0,437,NaN,NaN,6908.48749158361,0
hard_M4_01.mat,910001,911401028,WarmPSO,2500,2500,200,0,0,1.2303696,6299.32671486543,6283.19743214572,0,0,0,1,0,176.783103229191,0,0,437,NaN,NaN,6908.48749158361,0
hard_M4_01.mat,910001,911401028,AlwaysVND,500,491,200,0,171,1.0426557,7656.1348393841,7634.77971318732,0,0,0,1,0,176.783103229191,0,0,341,260,8248.22618692195,6908.48749158361,0
hard_M4_01.mat,910001,911401028,AlwaysVND,1000,926,200,0,456,1.0904873,6777.20314699514,6757.91909877584,0,0,0,1,0,176.783103229191,0,0,341,260,9127.15787931091,6908.48749158361,0
hard_M4_01.mat,910001,911401028,AlwaysVND,1500,1448,200,0,798,1.1432587,6474.25207534146,6455.43261328219,0,0,0,1,0,176.783103229191,0,0,341,260,9430.10895096459,6908.48749158361,0
hard_M4_01.mat,910001,911401028,AlwaysVND,2500,2500,200,0,1482,1.2574275,5967.85044316981,5950.06289395482,0,0,0,1,0,176.783103229191,0,0,341,260,9936.51058313624,6908.48749158361,0
hard_M4_01.mat,910001,911401028,FB-CMPSO,500,453,200,19,114,1.0363878,8401.0273107044,8363.78348541779,0,0,0,1,0,176.783103229191,0,0,303,309,1467.01641232968,6908.48749158361,0
hard_M4_01.mat,910001,911401028,FB-CMPSO,1000,975,200,19,456,1.0891329,7167.21441824138,7146.30302802439,0,0,0,1,0,176.783103229191,0,0,303,309,2700.82930479269,6908.48749158361,0
hard_M4_01.mat,910001,911401028,FB-CMPSO,1500,1497,200,19,798,1.1420973,6852.63631125472,6837.51329700141,0,0,0,1,0,176.783103229191,0,0,303,309,3015.40741177936,6908.48749158361,0
hard_M4_01.mat,910001,911401028,FB-CMPSO,2500,2500,200,19,1441,1.2489728,6284.403597471,6271.3980304889,0,0,0,1,0,176.783103229191,0,0,303,309,3583.64012556308,6908.48749158361,0
hard_M4_01.mat,910001,911401029,Repair,500,75,0,0,0,0.0061705,5964.80000516441,5950.43694476234,0,0,0,1,NaN,NaN,NaN,NaN,NaN,NaN,NaN,6908.48749158361,1
hard_M4_01.mat,910001,911401029,Repair,1000,75,0,0,0,0.0061705,5964.80000516441,5950.43694476234,0,0,0,1,NaN,NaN,NaN,NaN,NaN,NaN,NaN,6908.48749158361,1
hard_M4_01.mat,910001,911401029,Repair,1500,75,0,0,0,0.0061705,5964.80000516441,5950.43694476234,0,0,0,1,NaN,NaN,NaN,NaN,NaN,NaN,NaN,6908.48749158361,1
hard_M4_01.mat,910001,911401029,Repair,2500,75,0,0,0,0.0061705,5964.80000516441,5950.43694476234,0,0,0,1,NaN,NaN,NaN,NaN,NaN,NaN,NaN,6908.48749158361,1
hard_M4_01.mat,910001,911401029,WarmPSO,500,500,200,0,0,1.0359167,8524.37600515657,8499.12059320582,0,0,0,1,0,126.050650610794,0,0,265,NaN,NaN,6908.48749158361,0
hard_M4_01.mat,910001,911401029,WarmPSO,1000,980,200,0,0,1.0764306,7385.81223976227,7365.45318783514,0,0,0,1,0,126.050650610794,0,0,265,NaN,NaN,6908.48749158361,0
hard_M4_01.mat,910001,911401029,WarmPSO,1500,1490,200,0,0,1.1187858,7342.20044983357,7322.89573144819,0,0,0,1,0,126.050650610794,0,0,265,NaN,NaN,6908.48749158361,0
hard_M4_01.mat,910001,911401029,WarmPSO,2500,2500,200,0,0,1.2039688,5964.80000516441,5950.43694476234,0,0,0,1,0,126.050650610794,0,0,265,NaN,NaN,6908.48749158361,0
hard_M4_01.mat,910001,911401029,AlwaysVND,500,491,200,0,171,1.0370276,7308.74752645796,7293.81845686592,0,0,0,1,0,126.050650610794,0,0,320,260,11613.1022163459,6908.48749158361,0
hard_M4_01.mat,910001,911401029,AlwaysVND,1000,926,200,0,456,1.0793309,6481.31229748032,6464.18234733194,0,0,0,1,0,126.050650610794,0,0,320,260,12440.5374453235,6908.48749158361,0
hard_M4_01.mat,910001,911401029,AlwaysVND,1500,1448,200,0,798,1.1316246,6208.1819246433,6194.09391035966,0,0,0,1,0,126.050650610794,0,0,320,260,12713.6678181605,6908.48749158361,0
hard_M4_01.mat,910001,911401029,AlwaysVND,2500,2500,200,0,1482,1.2445436,6015.843561415,6003.49181394916,0,0,0,1,0,126.050650610794,0,0,320,260,12906.0061813888,6908.48749158361,0
hard_M4_01.mat,910001,911401029,FB-CMPSO,500,453,200,19,114,1.0382332,7890.89398951238,7868.24836533578,0,0,0,1,0,126.050650610794,0,0,267,309,159.528473521159,6908.48749158361,0
hard_M4_01.mat,910001,911401029,FB-CMPSO,1000,975,200,19,456,1.0922523,7064.51328102876,7051.25920209117,0,0,0,1,0,126.050650610794,0,0,267,309,985.909182004779,6908.48749158361,0
hard_M4_01.mat,910001,911401029,FB-CMPSO,1500,1497,200,19,798,1.1493964,6047.13312228096,6028.58665130343,0,0,0,1,0,126.050650610794,0,0,267,309,2003.28934075258,6908.48749158361,0
hard_M4_01.mat,910001,911401029,FB-CMPSO,2500,2500,200,19,1441,1.2530868,5860.73246524436,5843.1304624429,0,0,0,1,0,126.050650610794,0,0,267,309,2189.68999778918,6908.48749158361,1
hard_M4_01.mat,910001,911401030,Repair,500,75,0,0,0,0.0060486,5964.80000516441,5950.43694476234,0,0,0,1,NaN,NaN,NaN,NaN,NaN,NaN,NaN,6908.48749158361,1
hard_M4_01.mat,910001,911401030,Repair,1000,75,0,0,0,0.0060486,5964.80000516441,5950.43694476234,0,0,0,1,NaN,NaN,NaN,NaN,NaN,NaN,NaN,6908.48749158361,1
hard_M4_01.mat,910001,911401030,Repair,1500,75,0,0,0,0.0060486,5964.80000516441,5950.43694476234,0,0,0,1,NaN,NaN,NaN,NaN,NaN,NaN,NaN,6908.48749158361,1
hard_M4_01.mat,910001,911401030,Repair,2500,75,0,0,0,0.0060486,5964.80000516441,5950.43694476234,0,0,0,1,NaN,NaN,NaN,NaN,NaN,NaN,NaN,6908.48749158361,1
hard_M4_01.mat,910001,911401030,WarmPSO,500,500,200,0,0,1.0486156,9451.87417843786,9426.88844811533,0,0,0,1,0,219.605388516608,0,0,323,NaN,NaN,6908.48749158361,0
hard_M4_01.mat,910001,911401030,WarmPSO,1000,980,200,0,0,1.0909983,8269.28417905258,8237.40395261362,0,0,0,1,0,219.605388516608,0,0,323,NaN,NaN,6908.48749158361,0
hard_M4_01.mat,910001,911401030,WarmPSO,1500,1490,200,0,0,1.1391136,7619.42150643151,7596.70064923776,0,0,0,1,0,219.605388516608,0,0,323,NaN,NaN,6908.48749158361,0
hard_M4_01.mat,910001,911401030,WarmPSO,2500,2500,200,0,0,1.2262434,7085.52142559369,7063.90558322716,0,0,0,1,0,219.605388516608,0,0,323,NaN,NaN,6908.48749158361,0
hard_M4_01.mat,910001,911401030,AlwaysVND,500,491,200,0,171,1.0492593,7453.73885828094,7427.8669183884,0,0,0,1,0,219.605388516608,0,0,375,260,5166.88599883418,6908.48749158361,0
hard_M4_01.mat,910001,911401030,AlwaysVND,1000,926,200,0,456,1.0948725,6158.64092969275,6144.26112554525,0,0,0,1,0,219.605388516608,0,0,375,260,6461.98392742238,6908.48749158361,0
hard_M4_01.mat,910001,911401030,AlwaysVND,1500,1448,200,0,798,1.1462892,5862.05481000609,5847.92765181713,0,0,0,1,0,219.605388516608,0,0,375,260,6758.57004710904,6908.48749158361,1
hard_M4_01.mat,910001,911401030,AlwaysVND,2500,2500,200,0,1482,1.2572707,5041.42630256946,5030.20790363454,0,0,0,1,0,219.605388516608,0,0,375,260,7579.19855454567,6908.48749158361,1
hard_M4_01.mat,910001,911401030,FB-CMPSO,500,415,200,38,57,1.0415281,7580.57357142276,7555.26643044625,0,0,0,1,0,219.605388516608,0,0,316,358,503.62595473262,6908.48749158361,0
hard_M4_01.mat,910001,911401030,FB-CMPSO,1000,937,200,38,399,1.0924043,6172.37028160431,6158.71184817257,0,0,0,1,0,219.605388516608,0,0,316,358,1911.82924455108,6908.48749158361,0
hard_M4_01.mat,910001,911401030,FB-CMPSO,1500,1459,200,38,741,1.1474404,5844.57626074579,5831.71390397684,0,0,0,1,0,219.605388516608,0,0,316,358,2239.62326540959,6908.48749158361,1
hard_M4_01.mat,910001,911401030,FB-CMPSO,2500,2500,200,38,1422,1.263339,5265.19825524868,5251.83335146226,0,0,0,1,0,219.605388516608,0,0,316,358,2819.0012709067,6908.48749158361,1
hard_M4_02.mat,910002,911402001,Repair,500,75,0,0,0,0.0062008,15240.0121491793,6500.20733088664,87.1896753624016,0,0,0,NaN,NaN,NaN,NaN,NaN,NaN,NaN,6386.04097805335,0
hard_M4_02.mat,910002,911402001,Repair,1000,75,0,0,0,0.0062008,15240.0121491793,6500.20733088664,87.1896753624016,0,0,0,NaN,NaN,NaN,NaN,NaN,NaN,NaN,6386.04097805335,0
hard_M4_02.mat,910002,911402001,Repair,1500,75,0,0,0,0.0062008,15240.0121491793,6500.20733088664,87.1896753624016,0,0,0,NaN,NaN,NaN,NaN,NaN,NaN,NaN,6386.04097805335,0
hard_M4_02.mat,910002,911402001,Repair,2500,75,0,0,0,0.0062008,15240.0121491793,6500.20733088664,87.1896753624016,0,0,0,NaN,NaN,NaN,NaN,NaN,NaN,NaN,6386.04097805335,0
hard_M4_02.mat,910002,911402001,WarmPSO,500,500,200,0,0,1.0727683,11592.799780706,8051.52920701982,35.1372730345124,0,0,0,0,252.391875436699,0,0,NaN,NaN,NaN,6386.04097805335,1
hard_M4_02.mat,910002,911402001,WarmPSO,1000,980,200,0,0,1.1196767,10978.193732427,7435.79091011856,35.1372730345124,0,0,0,0,252.391875436699,0,0,NaN,NaN,NaN,6386.04097805335,1
hard_M4_02.mat,910002,911402001,WarmPSO,1500,1490,200,0,0,1.1729327,10702.3758901638,7161.76982703982,35.1372730345124,0,0,0,0,252.391875436699,0,0,NaN,NaN,NaN,6386.04097805335,1
hard_M4_02.mat,910002,911402001,WarmPSO,2500,2500,200,0,0,1.2714028,10522.977680162,6985.14542551269,35.1372730345124,0,0,0,0,252.391875436699,0,0,NaN,NaN,NaN,6386.04097805335,1
hard_M4_02.mat,910002,911402001,AlwaysVND,500,491,200,0,171,1.0717305,10889.7334526514,9532.40102691373,13.3165207522965,0,0,0,0,252.391875436699,0,0,NaN,260,11648.3800880869,6386.04097805335,1
hard_M4_02.mat,910002,911402001,AlwaysVND,1000,926,200,0,456,1.1136634,6668.43331705206,6653.14796726562,0,0,0,1,0,252.391875436699,0,0,495,260,15869.6802236862,6386.04097805335,1
hard_M4_02.mat,910002,911402001,AlwaysVND,1500,1448,200,0,798,1.1708094,5671.89765719127,5656.83356307131,0,0,0,1,0,252.391875436699,0,0,495,260,16866.215883547,6386.04097805335,1
hard_M4_02.mat,910002,911402001,AlwaysVND,2500,2500,200,0,1482,1.2843721,4860.38060564977,4852.90788935975,0,0,0,1,0,252.391875436699,0,0,495,260,17677.7329350884,6386.04097805335,1
hard_M4_02.mat,910002,911402001,FB-CMPSO,500,464,200,57,57,1.0735679,7921.51946652435,7901.52323420139,0,0,0,1,0,252.391875436699,0,0,360,407,2153.72795854199,6386.04097805335,1
hard_M4_02.mat,910002,911402001,FB-CMPSO,1000,986,200,57,399,1.1241177,5223.75946244561,5216.68682863665,0,0,0,1,0,252.391875436699,0,0,360,407,4851.48796262073,6386.04097805335,1
hard_M4_02.mat,910002,911402001,FB-CMPSO,1500,1421,200,57,684,1.1701937,5223.75946244561,5216.68682863665,0,0,0,1,0,252.391875436699,0,0,360,407,4851.48796262073,6386.04097805335,1
hard_M4_02.mat,910002,911402001,FB-CMPSO,2500,2500,200,57,1373,1.2802966,5223.75946244561,5216.68682863665,0,0,0,1,0,252.391875436699,0,0,360,407,4851.48796262073,6386.04097805335,1
hard_M4_02.mat,910002,911402002,Repair,500,75,0,0,0,0.0063687,15240.0121491793,6500.20733088664,87.1896753624016,0,0,0,NaN,NaN,NaN,NaN,NaN,NaN,NaN,6386.04097805335,0
hard_M4_02.mat,910002,911402002,Repair,1000,75,0,0,0,0.0063687,15240.0121491793,6500.20733088664,87.1896753624016,0,0,0,NaN,NaN,NaN,NaN,NaN,NaN,NaN,6386.04097805335,0
hard_M4_02.mat,910002,911402002,Repair,1500,75,0,0,0,0.0063687,15240.0121491793,6500.20733088664,87.1896753624016,0,0,0,NaN,NaN,NaN,NaN,NaN,NaN,NaN,6386.04097805335,0
hard_M4_02.mat,910002,911402002,Repair,2500,75,0,0,0,0.0063687,15240.0121491793,6500.20733088664,87.1896753624016,0,0,0,NaN,NaN,NaN,NaN,NaN,NaN,NaN,6386.04097805335,0
hard_M4_02.mat,910002,911402002,WarmPSO,500,500,200,0,0,1.025606,11694.3129594743,9351.88143787837,23.0351723695316,0,0,0,0,164.991839598867,0,0,NaN,NaN,NaN,6386.04097805335,1
hard_M4_02.mat,910002,911402002,WarmPSO,1000,980,200,0,0,1.0716321,10536.8310347513,9176.75801483763,13.3165207522965,0,0,0,0,164.991839598867,0,0,NaN,NaN,NaN,6386.04097805335,1
hard_M4_02.mat,910002,911402002,WarmPSO,1500,1490,200,0,0,1.1193945,7448.82786102207,7429.75661147841,0,0,0,1,0,164.991839598867,0,0,1019,NaN,NaN,6386.04097805335,1
hard_M4_02.mat,910002,911402002,WarmPSO,2500,2500,200,0,0,1.2329674,6624.08129257131,6610.83545780585,0,0,0,1,0,164.991839598867,0,0,1019,NaN,NaN,6386.04097805335,1
hard_M4_02.mat,910002,911402002,AlwaysVND,500,491,200,0,171,1.0297207,10819.1384256777,9034.38853435008,17.5529493317351,0,0,0,0,164.991839598867,0,0,NaN,260,5782.07609631245,6386.04097805335,1
hard_M4_02.mat,910002,911402002,AlwaysVND,1000,926,200,0,456,1.0760833,6250.17361193099,6237.35431138354,0,0,0,1,0,164.991839598867,0,0,499,260,10351.0409100592,6386.04097805335,1
hard_M4_02.mat,910002,911402002,AlwaysVND,1500,1448,200,0,798,1.1357158,5289.37233755348,5278.007871401,0,0,0,1,0,164.991839598867,0,0,499,260,11311.8421844367,6386.04097805335,1
hard_M4_02.mat,910002,911402002,AlwaysVND,2500,2500,200,0,1482,1.269618,4847.53714394367,4840.06442765365,0,0,0,1,0,164.991839598867,0,0,499,260,11753.6773780465,6386.04097805335,1
hard_M4_02.mat,910002,911402002,FB-CMPSO,500,475,200,95,0,1.0318797,13856.6820948756,7205.83178542521,66.242240474511,0,0,0,0,164.991839598867,0,0,NaN,NaN,NaN,6386.04097805335,1
hard_M4_02.mat,910002,911402002,FB-CMPSO,1000,965,200,285,0,1.0970618,10805.4915144876,9016.44022855168,17.5529493317351,0,0,0,0,164.991839598867,0,0,NaN,NaN,NaN,6386.04097805335,1
hard_M4_02.mat,910002,911402002,FB-CMPSO,1500,1449,200,304,285,1.1595392,6101.87974581109,6091.42988842027,0,0,0,1,0,164.991839598867,0,0,1005,1044,2156.04686555483,6386.04097805335,1
hard_M4_02.mat,910002,911402002,FB-CMPSO,2500,2500,200,304,969,1.2857622,4847.53714394367,4840.06442765365,0,0,0,1,0,164.991839598867,0,0,1005,1044,3410.38946742225,6386.04097805335,1
hard_M4_02.mat,910002,911402003,Repair,500,75,0,0,0,0.0062686,15240.0121491793,6500.20733088664,87.1896753624016,0,0,0,NaN,NaN,NaN,NaN,NaN,NaN,NaN,6386.04097805335,0
hard_M4_02.mat,910002,911402003,Repair,1000,75,0,0,0,0.0062686,15240.0121491793,6500.20733088664,87.1896753624016,0,0,0,NaN,NaN,NaN,NaN,NaN,NaN,NaN,6386.04097805335,0
hard_M4_02.mat,910002,911402003,Repair,1500,75,0,0,0,0.0062686,15240.0121491793,6500.20733088664,87.1896753624016,0,0,0,NaN,NaN,NaN,NaN,NaN,NaN,NaN,6386.04097805335,0
hard_M4_02.mat,910002,911402003,Repair,2500,75,0,0,0,0.0062686,15240.0121491793,6500.20733088664,87.1896753624016,0,0,0,NaN,NaN,NaN,NaN,NaN,NaN,NaN,6386.04097805335,0
hard_M4_02.mat,910002,911402003,WarmPSO,500,500,200,0,0,1.0664646,8551.21512985161,8523.75454807882,0,0,0,1,0,8.29341791806189,0,0,265,NaN,NaN,6386.04097805335,1
hard_M4_02.mat,910002,911402003,WarmPSO,1000,980,200,0,0,1.1121371,7705.80945006421,7678.84942865247,0,0,0,1,0,8.29341791806189,0,0,265,NaN,NaN,6386.04097805335,1
hard_M4_02.mat,910002,911402003,WarmPSO,1500,1490,200,0,0,1.1601276,7356.55626975065,7326.94507513712,0,0,0,1,0,8.29341791806189,0,0,265,NaN,NaN,6386.04097805335,1
hard_M4_02.mat,910002,911402003,WarmPSO,2500,2500,200,0,0,1.2545163,7356.55626975065,7326.94507513712,0,0,0,1,0,8.29341791806189,0,0,265,NaN,NaN,6386.04097805335,1
hard_M4_02.mat,910002,911402003,AlwaysVND,500,491,200,0,171,1.0674853,6952.61225348362,6938.67219342271,0,0,0,1,0,8.29341791806189,0,0,261,260,1885.95539927588,6386.04097805335,1
hard_M4_02.mat,910002,911402003,AlwaysVND,1000,926,200,0,456,1.1226277,5249.02244436581,5241.61473420934,0,0,0,1,0,8.29341791806189,0,0,261,260,3589.54520839369,6386.04097805335,1
hard_M4_02.mat,910002,911402003,AlwaysVND,1500,1448,200,0,798,1.182705,5249.02244436581,5241.61473420934,0,0,0,1,0,8.29341791806189,0,0,261,260,3589.54520839369,6386.04097805335,1
hard_M4_02.mat,910002,911402003,AlwaysVND,2500,2500,200,0,1482,1.30364,4847.53714394367,4840.06442765365,0,0,0,1,0,8.29341791806189,0,0,261,260,3991.03050881583,6386.04097805335,1
hard_M4_02.mat,910002,911402003,FB-CMPSO,500,453,200,19,114,1.0680613,6057.41941082355,6044.96236020844,0,0,0,1,0,8.29341791806189,0,0,264,309,820.931955193688,6386.04097805335,1
hard_M4_02.mat,910002,911402003,FB-CMPSO,1000,975,200,19,456,1.1304337,5670.73387180775,5659.93875912623,0,0,0,1,0,8.29341791806189,0,0,264,309,1207.61749420949,6386.04097805335,1
hard_M4_02.mat,910002,911402003,FB-CMPSO,1500,1497,200,19,798,1.1887702,5550.41638907626,5541.4769116907,0,0,0,1,0,8.29341791806189,0,0,264,309,1327.93497694098,6386.04097805335,1
hard_M4_02.mat,910002,911402003,FB-CMPSO,2500,2500,200,19,1441,1.2998511,5001.80744925869,4990.70059751821,0,0,0,1,0,8.29341791806189,0,0,264,309,1876.54391675855,6386.04097805335,1
hard_M4_02.mat,910002,911402004,Repair,500,75,0,0,0,0.0066444,15240.0121491793,6500.20733088664,87.1896753624016,0,0,0,NaN,NaN,NaN,NaN,NaN,NaN,NaN,6386.04097805335,0
hard_M4_02.mat,910002,911402004,Repair,1000,75,0,0,0,0.0066444,15240.0121491793,6500.20733088664,87.1896753624016,0,0,0,NaN,NaN,NaN,NaN,NaN,NaN,NaN,6386.04097805335,0
hard_M4_02.mat,910002,911402004,Repair,1500,75,0,0,0,0.0066444,15240.0121491793,6500.20733088664,87.1896753624016,0,0,0,NaN,NaN,NaN,NaN,NaN,NaN,NaN,6386.04097805335,0
hard_M4_02.mat,910002,911402004,Repair,2500,75,0,0,0,0.0066444,15240.0121491793,6500.20733088664,87.1896753624016,0,0,0,NaN,NaN,NaN,NaN,NaN,NaN,NaN,6386.04097805335,0
hard_M4_02.mat,910002,911402004,WarmPSO,500,500,200,0,0,1.0665136,10751.737647257,7212.99143070161,35.1372730345124,0,0,0,0,168.344045794116,0,0,NaN,NaN,NaN,6386.04097805335,1
hard_M4_02.mat,910002,911402004,WarmPSO,1000,980,200,0,0,1.1221199,10536.4942797038,7000.2749459335,35.1372730345124,0,0,0,0,168.344045794116,0,0,NaN,NaN,NaN,6386.04097805335,1
hard_M4_02.mat,910002,911402004,WarmPSO,1500,1490,200,0,0,1.1762346,10291.6901091316,6755.41773348872,35.1372730345124,0,0,0,0,168.344045794116,0,0,NaN,NaN,NaN,6386.04097805335,1
hard_M4_02.mat,910002,911402004,WarmPSO,2500,2500,200,0,0,1.2777391,10273.2493993893,6738.7599120379,35.1372730345124,0,0,0,0,168.344045794116,0,0,NaN,NaN,NaN,6386.04097805335,1
hard_M4_02.mat,910002,911402004,AlwaysVND,500,491,200,0,171,1.0755703,8377.17456896137,8360.96156971636,0,0,0,1,0,168.344045794116,0,0,486,260,10945.3029952366,6386.04097805335,1
hard_M4_02.mat,910002,911402004,AlwaysVND,1000,926,200,0,456,1.1247428,5956.15644177736,5942.06591761041,0,0,0,1,0,168.344045794116,0,0,486,260,13366.3211224206,6386.04097805335,1
hard_M4_02.mat,910002,911402004,AlwaysVND,1500,1448,200,0,798,1.1828346,5223.75946244561,5216.68682863665,0,0,0,1,0,168.344045794116,0,0,486,260,14098.7181017524,6386.04097805335,1
hard_M4_02.mat,910002,911402004,AlwaysVND,2500,2500,200,0,1482,1.3074713,5028.67599512985,5017.51380954449,0,0,0,1,0,168.344045794116,0,0,486,260,14293.8015690681,6386.04097805335,1
hard_M4_02.mat,910002,911402004,FB-CMPSO,500,415,200,38,57,1.061038,7745.74079320922,7727.37296379849,0,0,0,1,0,168.344045794116,0,0,350,358,1700.90496186171,6386.04097805335,1
hard_M4_02.mat,910002,911402004,FB-CMPSO,1000,937,200,38,399,1.1249919,5737.04441856367,5727.95799260098,0,0,0,1,0,168.344045794116,0,0,350,358,3709.60133650725,6386.04097805335,1
hard_M4_02.mat,910002,911402004,FB-CMPSO,1500,1459,200,38,741,1.1935074,5243.62144464025,5234.78258851364,0,0,0,1,0,168.344045794116,0,0,350,358,4203.02431043068,6386.04097805335,1
hard_M4_02.mat,910002,911402004,FB-CMPSO,2500,2500,200,38,1422,1.3226698,5021.66943145333,5008.7963573952,0,0,0,1,0,168.344045794116,0,0,350,358,4424.97632361759,6386.04097805335,1
hard_M4_02.mat,910002,911402005,Repair,500,75,0,0,0,0.0073284,15240.0121491793,6500.20733088664,87.1896753624016,0,0,0,NaN,NaN,NaN,NaN,NaN,NaN,NaN,6386.04097805335,0
hard_M4_02.mat,910002,911402005,Repair,1000,75,0,0,0,0.0073284,15240.0121491793,6500.20733088664,87.1896753624016,0,0,0,NaN,NaN,NaN,NaN,NaN,NaN,NaN,6386.04097805335,0
hard_M4_02.mat,910002,911402005,Repair,1500,75,0,0,0,0.0073284,15240.0121491793,6500.20733088664,87.1896753624016,0,0,0,NaN,NaN,NaN,NaN,NaN,NaN,NaN,6386.04097805335,0
hard_M4_02.mat,910002,911402005,Repair,2500,75,0,0,0,0.0073284,15240.0121491793,6500.20733088664,87.1896753624016,0,0,0,NaN,NaN,NaN,NaN,NaN,NaN,NaN,6386.04097805335,0
hard_M4_02.mat,910002,911402005,WarmPSO,500,500,200,0,0,1.0727447,12325.3544511792,8774.10604795486,35.1372730345124,0,0,0,0,196.078692325263,0,0,NaN,NaN,NaN,6386.04097805335,1
hard_M4_02.mat,910002,911402005,WarmPSO,1000,980,200,0,0,1.1205776,10911.2345864052,7369.77985503558,35.1372730345124,0,0,0,0,196.078692325263,0,0,NaN,NaN,NaN,6386.04097805335,1
hard_M4_02.mat,910002,911402005,WarmPSO,1500,1490,200,0,0,1.1755465,10911.2345864052,7369.77985503558,35.1372730345124,0,0,0,0,196.078692325263,0,0,NaN,NaN,NaN,6386.04097805335,1
hard_M4_02.mat,910002,911402005,WarmPSO,2500,2500,200,0,0,1.2832823,10911.2345864052,7369.77985503558,35.1372730345124,0,0,0,0,196.078692325263,0,0,NaN,NaN,NaN,6386.04097805335,1
hard_M4_02.mat,910002,911402005,AlwaysVND,500,491,200,0,171,1.0721002,7655.99917174459,7631.12106617575,0,0,0,1,0,196.078692325263,0,0,387,260,15108.0293683661,6386.04097805335,1
hard_M4_02.mat,910002,911402005,AlwaysVND,1000,926,200,0,456,1.1189247,6304.85522303259,6290.03206009378,0,0,0,1,0,196.078692325263,0,0,387,260,16459.1733170781,6386.04097805335,1
hard_M4_02.mat,910002,911402005,AlwaysVND,1500,1448,200,0,798,1.1761935,6248.72831211789,6232.26685050846,0,0,0,1,0,196.078692325263,0,0,387,260,16515.3002279928,6386.04097805335,1
hard_M4_02.mat,910002,911402005,AlwaysVND,2500,2500,200,0,1482,1.2922043,5576.42425525952,5558.49550180903,0,0,0,1,0,196.078692325263,0,0,387,260,17187.6042848511,6386.04097805335,1
hard_M4_02.mat,910002,911402005,FB-CMPSO,500,464,200,57,57,1.0743439,9181.55532239789,9147.38811683182,0,0,0,1,0,196.078692325263,0,0,392,407,1049.29685156908,6386.04097805335,1
hard_M4_02.mat,910002,911402005,FB-CMPSO,1000,986,200,57,399,1.1264368,6571.40508101126,6552.36202202005,0,0,0,1,0,196.078692325263,0,0,392,407,3659.4470929557,6386.04097805335,1
hard_M4_02.mat,910002,911402005,FB-CMPSO,1500,1421,200,57,684,1.1806279,5819.54082839645,5808.96333371985,0,0,0,1,0,196.078692325263,0,0,392,407,4411.31134557051,6386.04097805335,1
hard_M4_02.mat,910002,911402005,FB-CMPSO,2500,2500,200,57,1373,1.3042164,5640.55180119926,5627.2146889227,0,0,0,1,0,196.078692325263,0,0,392,407,4590.30037276771,6386.04097805335,1
hard_M4_02.mat,910002,911402006,Repair,500,75,0,0,0,0.006395,15240.0121491793,6500.20733088664,87.1896753624016,0,0,0,NaN,NaN,NaN,NaN,NaN,NaN,NaN,6386.04097805335,0
hard_M4_02.mat,910002,911402006,Repair,1000,75,0,0,0,0.006395,15240.0121491793,6500.20733088664,87.1896753624016,0,0,0,NaN,NaN,NaN,NaN,NaN,NaN,NaN,6386.04097805335,0
hard_M4_02.mat,910002,911402006,Repair,1500,75,0,0,0,0.006395,15240.0121491793,6500.20733088664,87.1896753624016,0,0,0,NaN,NaN,NaN,NaN,NaN,NaN,NaN,6386.04097805335,0
hard_M4_02.mat,910002,911402006,Repair,2500,75,0,0,0,0.006395,15240.0121491793,6500.20733088664,87.1896753624016,0,0,0,NaN,NaN,NaN,NaN,NaN,NaN,NaN,6386.04097805335,0
hard_M4_02.mat,910002,911402006,WarmPSO,500,500,200,0,0,1.0830988,7843.25201048417,7810.41509840127,0,0,0,1,0,204.401648135801,0,0,377,NaN,NaN,6386.04097805335,1
hard_M4_02.mat,910002,911402006,WarmPSO,1000,980,200,0,0,1.1284119,7843.25201048417,7810.41509840127,0,0,0,1,0,204.401648135801,0,0,377,NaN,NaN,6386.04097805335,1
hard_M4_02.mat,910002,911402006,WarmPSO,1500,1490,200,0,0,1.183278,7787.34300838907,7757.49609488974,0,0,0,1,0,204.401648135801,0,0,377,NaN,NaN,6386.04097805335,1
hard_M4_02.mat,910002,911402006,WarmPSO,2500,2500,200,0,0,1.2784386,6476.2289235291,6457.83952156369,0,0,0,1,0,204.401648135801,0,0,377,NaN,NaN,6386.04097805335,1
hard_M4_02.mat,910002,911402006,AlwaysVND,500,491,200,0,171,1.083337,6399.51726327074,6388.26077560852,0,0,0,1,0,204.401648135801,0,0,295,260,21758.397058284,6386.04097805335,1
hard_M4_02.mat,910002,911402006,AlwaysVND,1000,926,200,0,456,1.133886,5288.02378137315,5276.54825747094,0,0,0,1,0,204.401648135801,0,0,295,260,22869.8905401816,6386.04097805335,1
hard_M4_02.mat,910002,911402006,AlwaysVND,1500,1448,200,0,798,1.1950884,5210.73740258938,5199.72397635126,0,0,0,1,0,204.401648135801,0,0,295,260,22947.1769189654,6386.04097805335,1
hard_M4_02.mat,910002,911402006,AlwaysVND,2500,2500,200,0,1482,1.3094293,4847.53714394367,4840.06442765365,0,0,0,1,0,204.401648135801,0,0,295,260,23310.3771776111,6386.04097805335,1
hard_M4_02.mat,910002,911402006,FB-CMPSO,500,415,200,38,57,1.075839,6947.41127926336,6931.85945943195,0,0,0,1,0,204.401648135801,0,0,322,358,746.549219407384,6386.04097805335,1
hard_M4_02.mat,910002,911402006,FB-CMPSO,1000,937,200,38,399,1.1327196,5847.60761555947,5840.3363300512,0,0,0,1,0,204.401648135801,0,0,322,358,1846.35288311128,6386.04097805335,1
hard_M4_02.mat,910002,911402006,FB-CMPSO,1500,1459,200,38,741,1.1883002,5557.49217911366,5548.79144691177,0,0,0,1,0,204.401648135801,0,0,322,358,2136.46831955708,6386.04097805335,1
hard_M4_02.mat,910002,911402006,FB-CMPSO,2500,2500,200,38,1422,1.30033,5557.49217911366,5548.79144691177,0,0,0,1,0,204.401648135801,0,0,322,358,2136.46831955708,6386.04097805335,1
hard_M4_02.mat,910002,911402007,Repair,500,75,0,0,0,0.0064418,15240.0121491793,6500.20733088664,87.1896753624016,0,0,0,NaN,NaN,NaN,NaN,NaN,NaN,NaN,6386.04097805335,0
hard_M4_02.mat,910002,911402007,Repair,1000,75,0,0,0,0.0064418,15240.0121491793,6500.20733088664,87.1896753624016,0,0,0,NaN,NaN,NaN,NaN,NaN,NaN,NaN,6386.04097805335,0
hard_M4_02.mat,910002,911402007,Repair,1500,75,0,0,0,0.0064418,15240.0121491793,6500.20733088664,87.1896753624016,0,0,0,NaN,NaN,NaN,NaN,NaN,NaN,NaN,6386.04097805335,0
hard_M4_02.mat,910002,911402007,Repair,2500,75,0,0,0,0.0064418,15240.0121491793,6500.20733088664,87.1896753624016,0,0,0,NaN,NaN,NaN,NaN,NaN,NaN,NaN,6386.04097805335,0
hard_M4_02.mat,910002,911402007,WarmPSO,500,500,200,0,0,1.0719606,8140.24061304791,8115.02589524146,0,0,0,1,0,274.754278719217,0,0,315,NaN,NaN,6386.04097805335,1
hard_M4_02.mat,910002,911402007,WarmPSO,1000,980,200,0,0,1.1240011,7467.57726771541,7441.45483889637,0,0,0,1,0,274.754278719217,0,0,315,NaN,NaN,6386.04097805335,1
hard_M4_02.mat,910002,911402007,WarmPSO,1500,1490,200,0,0,1.1719868,7353.41909473539,7329.35300851163,0,0,0,1,0,274.754278719217,0,0,315,NaN,NaN,6386.04097805335,1
hard_M4_02.mat,910002,911402007,WarmPSO,2500,2500,200,0,0,1.2699747,7286.52729164547,7264.21145982909,0,0,0,1,0,274.754278719217,0,0,315,NaN,NaN,6386.04097805335,1
hard_M4_02.mat,910002,911402007,AlwaysVND,500,491,200,0,171,1.0617424,9253.94899858731,9222.93954011439,0,0,0,1,0,274.754278719217,0,0,429,260,19167.0787236014,6386.04097805335,1
hard_M4_02.mat,910002,911402007,AlwaysVND,1000,926,200,0,456,1.109447,6161.72535904362,6149.1263596843,0,0,0,1,0,274.754278719217,0,0,429,260,22259.3023631451,6386.04097805335,1
hard_M4_02.mat,910002,911402007,AlwaysVND,1500,1448,200,0,798,1.1689807,4847.53714394367,4840.06442765365,0,0,0,1,0,274.754278719217,0,0,429,260,23573.490578245,6386.04097805335,1
hard_M4_02.mat,910002,911402007,AlwaysVND,2500,2500,200,0,1482,1.2973691,4847.53714394367,4840.06442765365,0,0,0,1,0,274.754278719217,0,0,429,260,23573.490578245,6386.04097805335,1
hard_M4_02.mat,910002,911402007,FB-CMPSO,500,415,200,38,57,1.0554864,9087.86242072569,9062.697506873,0,0,0,1,0,274.754278719217,0,0,342,358,1256.126932357,6386.04097805335,1
hard_M4_02.mat,910002,911402007,FB-CMPSO,1000,937,200,38,399,1.1103997,6232.95579793903,6222.67919172651,0,0,0,1,0,274.754278719217,0,0,342,358,4111.03355514366,6386.04097805335,1
hard_M4_02.mat,910002,911402007,FB-CMPSO,1500,1459,200,38,741,1.1712183,5614.60696089305,5602.1735495409,0,0,0,1,0,274.754278719217,0,0,342,358,4729.38239218964,6386.04097805335,1
hard_M4_02.mat,910002,911402007,FB-CMPSO,2500,2500,200,38,1422,1.2952466,5188.14697960551,5181.41984626791,0,0,0,1,0,274.754278719217,0,0,342,358,5155.84237347718,6386.04097805335,1
hard_M4_02.mat,910002,911402008,Repair,500,75,0,0,0,0.0062796,15240.0121491793,6500.20733088664,87.1896753624016,0,0,0,NaN,NaN,NaN,NaN,NaN,NaN,NaN,6386.04097805335,0
hard_M4_02.mat,910002,911402008,Repair,1000,75,0,0,0,0.0062796,15240.0121491793,6500.20733088664,87.1896753624016,0,0,0,NaN,NaN,NaN,NaN,NaN,NaN,NaN,6386.04097805335,0
hard_M4_02.mat,910002,911402008,Repair,1500,75,0,0,0,0.0062796,15240.0121491793,6500.20733088664,87.1896753624016,0,0,0,NaN,NaN,NaN,NaN,NaN,NaN,NaN,6386.04097805335,0
hard_M4_02.mat,910002,911402008,Repair,2500,75,0,0,0,0.0062796,15240.0121491793,6500.20733088664,87.1896753624016,0,0,0,NaN,NaN,NaN,NaN,NaN,NaN,NaN,6386.04097805335,0
hard_M4_02.mat,910002,911402008,WarmPSO,500,500,200,0,0,1.0492274,10117.293265219,10084.7764936366,0,0,0,1,0,193.535605014427,0,0,338,NaN,NaN,6386.04097805335,1
hard_M4_02.mat,910002,911402008,WarmPSO,1000,980,200,0,0,1.096977,8829.573692861,8804.68671945771,0,0,0,1,0,193.535605014427,0,0,338,NaN,NaN,6386.04097805335,1
hard_M4_02.mat,910002,911402008,WarmPSO,1500,1490,200,0,0,1.1495384,8026.33688292761,8001.2019377,0,0,0,1,0,193.535605014427,0,0,338,NaN,NaN,6386.04097805335,1
hard_M4_02.mat,910002,911402008,WarmPSO,2500,2500,200,0,0,1.2450373,7698.19027616529,7678.00705124366,0,0,0,1,0,193.535605014427,0,0,338,NaN,NaN,6386.04097805335,1
hard_M4_02.mat,910002,911402008,AlwaysVND,500,491,200,0,171,1.0499138,11514.0758428601,9720.68206742185,17.5529493317351,0,0,0,0,193.535605014427,0,0,NaN,260,10639.9919977471,6386.04097805335,1
hard_M4_02.mat,910002,911402008,AlwaysVND,1000,926,200,0,456,1.0931714,6060.1870667898,6047.26176991239,0,0,0,1,0,193.535605014427,0,0,508,260,16093.8807738174,6386.04097805335,1
hard_M4_02.mat,910002,911402008,AlwaysVND,1500,1448,200,0,798,1.1525811,5954.26919574312,5941.68307600213,0,0,0,1,0,193.535605014427,0,0,508,260,16199.7986448641,6386.04097805335,1
hard_M4_02.mat,910002,911402008,AlwaysVND,2500,2500,200,0,1482,1.2704067,5419.52349357729,5403.00053044875,0,0,0,1,0,193.535605014427,0,0,508,260,16734.5443470299,6386.04097805335,1
hard_M4_02.mat,910002,911402008,FB-CMPSO,500,453,200,19,114,1.0489681,7417.65837283059,7398.11896741495,0,0,0,1,0,193.535605014427,0,0,303,309,1019.1370140708,6386.04097805335,1
hard_M4_02.mat,910002,911402008,FB-CMPSO,1000,975,200,19,456,1.1085127,6359.47957318698,6340.59640925904,0,0,0,1,0,193.535605014427,0,0,303,309,2077.31581371441,6386.04097805335,1
hard_M4_02.mat,910002,911402008,FB-CMPSO,1500,1497,200,19,798,1.163333,5498.92844447218,5483.6007059852,0,0,0,1,0,193.535605014427,0,0,303,309,2937.86694242921,6386.04097805335,1
hard_M4_02.mat,910002,911402008,FB-CMPSO,2500,2500,200,19,1441,1.2709477,5498.92844447218,5483.6007059852,0,0,0,1,0,193.535605014427,0,0,303,309,2937.86694242921,6386.04097805335,1
hard_M4_02.mat,910002,911402009,Repair,500,75,0,0,0,0.0073084,15240.0121491793,6500.20733088664,87.1896753624016,0,0,0,NaN,NaN,NaN,NaN,NaN,NaN,NaN,6386.04097805335,0
hard_M4_02.mat,910002,911402009,Repair,1000,75,0,0,0,0.0073084,15240.0121491793,6500.20733088664,87.1896753624016,0,0,0,NaN,NaN,NaN,NaN,NaN,NaN,NaN,6386.04097805335,0
hard_M4_02.mat,910002,911402009,Repair,1500,75,0,0,0,0.0073084,15240.0121491793,6500.20733088664,87.1896753624016,0,0,0,NaN,NaN,NaN,NaN,NaN,NaN,NaN,6386.04097805335,0
hard_M4_02.mat,910002,911402009,Repair,2500,75,0,0,0,0.0073084,15240.0121491793,6500.20733088664,87.1896753624016,0,0,0,NaN,NaN,NaN,NaN,NaN,NaN,NaN,6386.04097805335,0
hard_M4_02.mat,910002,911402009,WarmPSO,500,500,200,0,0,1.06026,12848.2269509519,11051.7855540427,17.5529493317351,0,0,0,0,95.2992313021081,0,0,NaN,NaN,NaN,6386.04097805335,1
hard_M4_02.mat,910002,911402009,WarmPSO,1000,980,200,0,0,1.1119343,9152.50887837656,9129.70715086274,0,0,0,1,0,95.2992313021081,0,0,834,NaN,NaN,6386.04097805335,1
hard_M4_02.mat,910002,911402009,WarmPSO,1500,1490,200,0,0,1.1647124,7956.12242905893,7933.32838407575,0,0,0,1,0,95.2992313021081,0,0,834,NaN,NaN,6386.04097805335,1
hard_M4_02.mat,910002,911402009,WarmPSO,2500,2500,200,0,0,1.2623471,7956.12242905893,7933.32838407575,0,0,0,1,0,95.2992313021081,0,0,834,NaN,NaN,6386.04097805335,1
hard_M4_02.mat,910002,911402009,AlwaysVND,500,491,200,0,171,1.0637957,12542.6099571928,7363.85673668949,51.5856802873877,0,0,0,0,95.2992313021081,0,0,NaN,260,3220.88099777553,6386.04097805335,1
hard_M4_02.mat,910002,911402009,AlwaysVND,1000,926,200,0,456,1.1144415,6152.39126966963,6140.28354076079,0,0,0,1,0,95.2992313021081,0,0,780,260,9611.09968529871,6386.04097805335,1
hard_M4_02.mat,910002,911402009,AlwaysVND,1500,1448,200,0,798,1.1768723,5556.03985190043,5544.39869108812,0,0,0,1,0,95.2992313021081,0,0,780,260,10207.4511030679,6386.04097805335,1
hard_M4_02.mat,910002,911402009,AlwaysVND,2500,2500,200,0,1482,1.2965733,5210.73740258938,5199.72397635126,0,0,0,1,0,95.2992313021081,0,0,780,260,10552.753552379,6386.04097805335,1
hard_M4_02.mat,910002,911402009,FB-CMPSO,500,426,200,76,0,1.0569854,9182.85657689773,9147.71075266342,0,0,0,1,0,95.2992313021081,0,0,416,NaN,NaN,6386.04097805335,1
hard_M4_02.mat,910002,911402009,FB-CMPSO,1000,948,200,76,342,1.1105181,5812.09657801461,5799.28837142842,0,0,0,1,0,95.2992313021081,0,0,416,456,3210.58467360392,6386.04097805335,1
hard_M4_02.mat,910002,911402009,FB-CMPSO,1500,1470,200,76,684,1.1661782,5278.18832153825,5265.35482770505,0,0,0,1,0,95.2992313021081,0,0,416,456,3744.49293008028,6386.04097805335,1
hard_M4_02.mat,910002,911402009,FB-CMPSO,2500,2500,200,76,1354,1.288174,4847.53714394367,4840.06442765365,0,0,0,1,0,95.2992313021081,0,0,416,456,4175.14410767486,6386.04097805335,1
hard_M4_02.mat,910002,911402010,Repair,500,75,0,0,0,0.0065503,15240.0121491793,6500.20733088664,87.1896753624016,0,0,0,NaN,NaN,NaN,NaN,NaN,NaN,NaN,6386.04097805335,0
hard_M4_02.mat,910002,911402010,Repair,1000,75,0,0,0,0.0065503,15240.0121491793,6500.20733088664,87.1896753624016,0,0,0,NaN,NaN,NaN,NaN,NaN,NaN,NaN,6386.04097805335,0
hard_M4_02.mat,910002,911402010,Repair,1500,75,0,0,0,0.0065503,15240.0121491793,6500.20733088664,87.1896753624016,0,0,0,NaN,NaN,NaN,NaN,NaN,NaN,NaN,6386.04097805335,0
hard_M4_02.mat,910002,911402010,Repair,2500,75,0,0,0,0.0065503,15240.0121491793,6500.20733088664,87.1896753624016,0,0,0,NaN,NaN,NaN,NaN,NaN,NaN,NaN,6386.04097805335,0
hard_M4_02.mat,910002,911402010,WarmPSO,500,500,200,0,0,1.0635982,12501.3286807534,8952.14544051171,35.1372730345124,0,0,0,0,201.556378212562,0,0,NaN,NaN,NaN,6386.04097805335,1
hard_M4_02.mat,910002,911402010,WarmPSO,1000,980,200,0,0,1.1116242,11701.112293563,8160.58839330986,35.1372730345124,0,0,0,0,201.556378212562,0,0,NaN,NaN,NaN,6386.04097805335,1
hard_M4_02.mat,910002,911402010,WarmPSO,1500,1490,200,0,0,1.1657072,10889.1263053101,7352.72439619284,35.1372730345124,0,0,0,0,201.556378212562,0,0,NaN,NaN,NaN,6386.04097805335,1
hard_M4_02.mat,910002,911402010,WarmPSO,2500,2500,200,0,0,1.271518,10688.7916340107,7149.99243468388,35.1372730345124,0,0,0,0,201.556378212562,0,0,NaN,NaN,NaN,6386.04097805335,1
hard_M4_02.mat,910002,911402010,AlwaysVND,500,491,200,0,171,1.0601771,14003.5363459732,7355.8130629423,66.242240474511,0,0,0,0,201.556378212562,0,0,NaN,260,6359.57811578681,6386.04097805335,1
hard_M4_02.mat,910002,911402010,AlwaysVND,1000,926,200,0,456,1.1068556,6581.70108079482,6563.41069147593,0,0,0,1,0,201.556378212562,0,0,534,260,13781.4133809652,6386.04097805335,1
hard_M4_02.mat,910002,911402010,AlwaysVND,1500,1448,200,0,798,1.1645885,5131.88657913993,5120.37105236601,0,0,0,1,0,201.556378212562,0,0,534,260,15231.2278826201,6386.04097805335,1
hard_M4_02.mat,910002,911402010,AlwaysVND,2500,2500,200,0,1482,1.2932166,4867.39912613831,4858.16018753064,0,0,0,1,0,201.556378212562,0,0,534,260,15495.7153356217,6386.04097805335,1
hard_M4_02.mat,910002,911402010,FB-CMPSO,500,415,200,38,57,1.0578999,7438.29950706665,7419.97965138617,0,0,0,1,0,201.556378212562,0,0,331,358,2567.68298581754,6386.04097805335,1
hard_M4_02.mat,910002,911402010,FB-CMPSO,1000,937,200,38,399,1.1139646,5406.60416577363,5394.03510644128,0,0,0,1,0,201.556378212562,0,0,331,358,4599.37832711056,6386.04097805335,1
hard_M4_02.mat,910002,911402010,FB-CMPSO,1500,1459,200,38,741,1.1711497,4847.53714394367,4840.06442765365,0,0,0,1,0,201.556378212562,0,0,331,358,5158.44534894052,6386.04097805335,1
hard_M4_02.mat,910002,911402010,FB-CMPSO,2500,2500,200,38,1422,1.2905536,4847.53714394367,4840.06442765365,0,0,0,1,0,201.556378212562,0,0,331,358,5158.44534894052,6386.04097805335,1
hard_M4_02.mat,910002,911402011,Repair,500,75,0,0,0,0.0067644,15240.0121491793,6500.20733088664,87.1896753624016,0,0,0,NaN,NaN,NaN,NaN,NaN,NaN,NaN,6386.04097805335,0
hard_M4_02.mat,910002,911402011,Repair,1000,75,0,0,0,0.0067644,15240.0121491793,6500.20733088664,87.1896753624016,0,0,0,NaN,NaN,NaN,NaN,NaN,NaN,NaN,6386.04097805335,0
hard_M4_02.mat,910002,911402011,Repair,1500,75,0,0,0,0.0067644,15240.0121491793,6500.20733088664,87.1896753624016,0,0,0,NaN,NaN,NaN,NaN,NaN,NaN,NaN,6386.04097805335,0
hard_M4_02.mat,910002,911402011,Repair,2500,75,0,0,0,0.0067644,15240.0121491793,6500.20733088664,87.1896753624016,0,0,0,NaN,NaN,NaN,NaN,NaN,NaN,NaN,6386.04097805335,0
hard_M4_02.mat,910002,911402011,WarmPSO,500,500,200,0,0,1.0706809,7700.433783837,7679.65137805108,0,0,0,1,0,49.4544356351369,0,0,289,NaN,NaN,6386.04097805335,1
hard_M4_02.mat,910002,911402011,WarmPSO,1000,980,200,0,0,1.1183076,7539.20301852648,7518.8416873081,0,0,0,1,0,49.4544356351369,0,0,289,NaN,NaN,6386.04097805335,1
hard_M4_02.mat,910002,911402011,WarmPSO,1500,1490,200,0,0,1.1685705,6878.35136601724,6859.86652488251,0,0,0,1,0,49.4544356351369,0,0,289,NaN,NaN,6386.04097805335,1
hard_M4_02.mat,910002,911402011,WarmPSO,2500,2500,200,0,0,1.2658769,6878.35136601724,6859.86652488251,0,0,0,1,0,49.4544356351369,0,0,289,NaN,NaN,6386.04097805335,1
hard_M4_02.mat,910002,911402011,AlwaysVND,500,491,200,0,171,1.0668359,6081.74933954871,6071.29309863511,0,0,0,1,0,49.4544356351369,0,0,272,260,5725.53369428139,6386.04097805335,1
hard_M4_02.mat,910002,911402011,AlwaysVND,1000,926,200,0,456,1.1144974,5659.35706868244,5650.19493679184,0,0,0,1,0,49.4544356351369,0,0,272,260,6147.92596514766,6386.04097805335,1
hard_M4_02.mat,910002,911402011,AlwaysVND,1500,1448,200,0,798,1.1711955,5496.55357954078,5483.64328003262,0,0,0,1,0,49.4544356351369,0,0,272,260,6310.72945428932,6386.04097805335,1
hard_M4_02.mat,910002,911402011,AlwaysVND,2500,2500,200,0,1482,1.2850814,4847.53714394367,4840.06442765365,0,0,0,1,0,49.4544356351369,0,0,272,260,6959.74588988642,6386.04097805335,1
hard_M4_02.mat,910002,911402011,FB-CMPSO,500,453,200,19,114,1.0632997,6403.08082425427,6392.14264128128,0,0,0,1,0,49.4544356351369,0,0,261,309,475.27054176297,6386.04097805335,1
hard_M4_02.mat,910002,911402011,FB-CMPSO,1000,975,200,19,456,1.1196455,5640.42472937279,5633.07540593529,0,0,0,1,0,49.4544356351369,0,0,261,309,1237.92663664445,6386.04097805335,1
hard_M4_02.mat,910002,911402011,FB-CMPSO,1500,1497,200,19,798,1.1753791,5435.24051104848,5428.22435274425,0,0,0,1,0,49.4544356351369,0,0,261,309,1443.11085496877,6386.04097805335,1
hard_M4_02.mat,910002,911402011,FB-CMPSO,2500,2500,200,19,1441,1.2919453,5223.75946244561,5216.68682863665,0,0,0,1,0,49.4544356351369,0,0,261,309,1654.59190357163,6386.04097805335,1
hard_M4_02.mat,910002,911402012,Repair,500,75,0,0,0,0.006127,15240.0121491793,6500.20733088664,87.1896753624016,0,0,0,NaN,NaN,NaN,NaN,NaN,NaN,NaN,6386.04097805335,0
hard_M4_02.mat,910002,911402012,Repair,1000,75,0,0,0,0.006127,15240.0121491793,6500.20733088664,87.1896753624016,0,0,0,NaN,NaN,NaN,NaN,NaN,NaN,NaN,6386.04097805335,0
hard_M4_02.mat,910002,911402012,Repair,1500,75,0,0,0,0.006127,15240.0121491793,6500.20733088664,87.1896753624016,0,0,0,NaN,NaN,NaN,NaN,NaN,NaN,NaN,6386.04097805335,0
hard_M4_02.mat,910002,911402012,Repair,2500,75,0,0,0,0.006127,15240.0121491793,6500.20733088664,87.1896753624016,0,0,0,NaN,NaN,NaN,NaN,NaN,NaN,NaN,6386.04097805335,0
hard_M4_02.mat,910002,911402012,WarmPSO,500,500,200,0,0,1.0487621,11572.9358221296,9780.66136177969,17.5529493317351,0,0,0,0,190.017769424882,0,0,NaN,NaN,NaN,6386.04097805335,1
hard_M4_02.mat,910002,911402012,WarmPSO,1000,980,200,0,0,1.0957313,10030.5224601499,8249.54891279405,17.5529493317351,0,0,0,0,190.017769424882,0,0,NaN,NaN,NaN,6386.04097805335,1
hard_M4_02.mat,910002,911402012,WarmPSO,1500,1490,200,0,0,1.1449383,9894.47600777716,8118.17290723021,17.5529493317351,0,0,0,0,190.017769424882,0,0,NaN,NaN,NaN,6386.04097805335,1
hard_M4_02.mat,910002,911402012,WarmPSO,2500,2500,200,0,0,1.2392984,9894.47600777716,8118.17290723021,17.5529493317351,0,0,0,0,190.017769424882,0,0,NaN,NaN,NaN,6386.04097805335,1
hard_M4_02.mat,910002,911402012,AlwaysVND,500,491,200,0,171,1.0500271,8191.89012134273,8168.54700043164,0,0,0,1,0,190.017769424882,0,0,367,260,18090.3407522224,6386.04097805335,1
hard_M4_02.mat,910002,911402012,AlwaysVND,1000,926,200,0,456,1.0927572,6169.70279684818,6158.46654690805,0,0,0,1,0,190.017769424882,0,0,367,260,20112.528076717,6386.04097805335,1
hard_M4_02.mat,910002,911402012,AlwaysVND,1500,1448,200,0,798,1.1512404,5557.49217911366,5548.79144691177,0,0,0,1,0,190.017769424882,0,0,367,260,20724.7386944515,6386.04097805335,1
hard_M4_02.mat,910002,911402012,AlwaysVND,2500,2500,200,0,1482,1.2676373,5028.73174770527,5017.16088708647,0,0,0,1,0,190.017769424882,0,0,367,260,21253.4991258599,6386.04097805335,1
hard_M4_02.mat,910002,911402012,FB-CMPSO,500,415,200,38,57,1.0425868,7149.45161542115,7134.74854610475,0,0,0,1,0,190.017769424882,0,0,320,358,1914.02973794813,6386.04097805335,1
hard_M4_02.mat,910002,911402012,FB-CMPSO,1000,937,200,38,399,1.0973841,5565.24299601791,5550.33087553054,0,0,0,1,0,190.017769424882,0,0,320,358,3498.23835735137,6386.04097805335,1
hard_M4_02.mat,910002,911402012,FB-CMPSO,1500,1459,200,38,741,1.1553233,5024.79691769956,5017.27680158067,0,0,0,1,0,190.017769424882,0,0,320,358,4038.68443566973,6386.04097805335,1
hard_M4_02.mat,910002,911402012,FB-CMPSO,2500,2500,200,38,1422,1.2665338,4847.53714394367,4840.06442765365,0,0,0,1,0,190.017769424882,0,0,320,358,4215.94420942561,6386.04097805335,1
hard_M4_02.mat,910002,911402013,Repair,500,75,0,0,0,0.0064905,15240.0121491793,6500.20733088664,87.1896753624016,0,0,0,NaN,NaN,NaN,NaN,NaN,NaN,NaN,6386.04097805335,0
hard_M4_02.mat,910002,911402013,Repair,1000,75,0,0,0,0.0064905,15240.0121491793,6500.20733088664,87.1896753624016,0,0,0,NaN,NaN,NaN,NaN,NaN,NaN,NaN,6386.04097805335,0
hard_M4_02.mat,910002,911402013,Repair,1500,75,0,0,0,0.0064905,15240.0121491793,6500.20733088664,87.1896753624016,0,0,0,NaN,NaN,NaN,NaN,NaN,NaN,NaN,6386.04097805335,0
hard_M4_02.mat,910002,911402013,Repair,2500,75,0,0,0,0.0064905,15240.0121491793,6500.20733088664,87.1896753624016,0,0,0,NaN,NaN,NaN,NaN,NaN,NaN,NaN,6386.04097805335,0
hard_M4_02.mat,910002,911402013,WarmPSO,500,500,200,0,0,1.0454061,6974.1460686666,6955.29213916497,0,0,0,1,0,17.5529493317351,0,0,262,NaN,NaN,6386.04097805335,1
hard_M4_02.mat,910002,911402013,WarmPSO,1000,980,200,0,0,1.0906608,6878.35136601724,6859.86652488251,0,0,0,1,0,17.5529493317351,0,0,262,NaN,NaN,6386.04097805335,1
hard_M4_02.mat,910002,911402013,WarmPSO,1500,1490,200,0,0,1.1383126,6878.35136601724,6859.86652488251,0,0,0,1,0,17.5529493317351,0,0,262,NaN,NaN,6386.04097805335,1
hard_M4_02.mat,910002,911402013,WarmPSO,2500,2500,200,0,0,1.2301647,6878.35136601724,6859.86652488251,0,0,0,1,0,17.5529493317351,0,0,262,NaN,NaN,6386.04097805335,1
hard_M4_02.mat,910002,911402013,AlwaysVND,500,491,200,0,171,1.0463001,6783.28191256871,6769.93741274831,0,0,0,1,0,17.5529493317351,0,0,291,260,1044.00660484518,6386.04097805335,1
hard_M4_02.mat,910002,911402013,AlwaysVND,1000,926,200,0,456,1.090289,5760.44885809585,5749.9068256387,0,0,0,1,0,17.5529493317351,0,0,291,260,2066.83965931804,6386.04097805335,1
hard_M4_02.mat,910002,911402013,AlwaysVND,1500,1448,200,0,798,1.1488155,5233.49789826398,5221.96962012238,0,0,0,1,0,17.5529493317351,0,0,291,260,2593.79061914991,6386.04097805335,1
hard_M4_02.mat,910002,911402013,AlwaysVND,2500,2500,200,0,1482,1.2703217,4867.39912613831,4858.16018753064,0,0,0,1,0,17.5529493317351,0,0,291,260,2959.88939127557,6386.04097805335,1
hard_M4_02.mat,910002,911402013,FB-CMPSO,500,453,200,19,114,1.0425316,6249.97587886965,6240.69551774343,0,0,0,1,0,17.5529493317351,0,0,268,309,1388.83779194153,6386.04097805335,1
hard_M4_02.mat,910002,911402013,FB-CMPSO,1000,975,200,19,456,1.0953054,6076.95743868956,6068.34339400546,0,0,0,1,0,17.5529493317351,0,0,268,309,1561.85623212161,6386.04097805335,1
hard_M4_02.mat,910002,911402013,FB-CMPSO,1500,1497,200,19,798,1.1523677,6033.71028120825,6024.09100430264,0,0,0,1,0,17.5529493317351,0,0,268,309,1605.10338960293,6386.04097805335,1
hard_M4_02.mat,910002,911402013,FB-CMPSO,2500,2500,200,19,1441,1.2602286,5593.83398177476,5585.93911922928,0,0,0,1,0,17.5529493317351,0,0,268,309,2044.97968903642,6386.04097805335,1
hard_M4_02.mat,910002,911402014,Repair,500,75,0,0,0,0.006264,15240.0121491793,6500.20733088664,87.1896753624016,0,0,0,NaN,NaN,NaN,NaN,NaN,NaN,NaN,6386.04097805335,0
hard_M4_02.mat,910002,911402014,Repair,1000,75,0,0,0,0.006264,15240.0121491793,6500.20733088664,87.1896753624016,0,0,0,NaN,NaN,NaN,NaN,NaN,NaN,NaN,6386.04097805335,0
hard_M4_02.mat,910002,911402014,Repair,1500,75,0,0,0,0.006264,15240.0121491793,6500.20733088664,87.1896753624016,0,0,0,NaN,NaN,NaN,NaN,NaN,NaN,NaN,6386.04097805335,0
hard_M4_02.mat,910002,911402014,Repair,2500,75,0,0,0,0.006264,15240.0121491793,6500.20733088664,87.1896753624016,0,0,0,NaN,NaN,NaN,NaN,NaN,NaN,NaN,6386.04097805335,0
hard_M4_02.mat,910002,911402014,WarmPSO,500,500,200,0,0,1.0627225,10911.2345864052,7369.77985503558,35.1372730345124,0,0,0,0,173.869301216719,0,0,NaN,NaN,NaN,6386.04097805335,1
hard_M4_02.mat,910002,911402014,WarmPSO,1000,980,200,0,0,1.1116183,10911.2345864052,7369.77985503558,35.1372730345124,0,0,0,0,173.869301216719,0,0,NaN,NaN,NaN,6386.04097805335,1
hard_M4_02.mat,910002,911402014,WarmPSO,1500,1490,200,0,0,1.1598891,10911.2345864052,7369.77985503558,35.1372730345124,0,0,0,0,173.869301216719,0,0,NaN,NaN,NaN,6386.04097805335,1
hard_M4_02.mat,910002,911402014,WarmPSO,2500,2500,200,0,0,1.2563244,10911.2345864052,7369.77985503558,35.1372730345124,0,0,0,0,173.869301216719,0,0,NaN,NaN,NaN,6386.04097805335,1
hard_M4_02.mat,910002,911402014,AlwaysVND,500,491,200,0,171,1.0627586,11161.0829414123,7617.17431227627,35.1372730345124,0,0,0,0,173.869301216719,0,0,NaN,260,3450.47970380219,6386.04097805335,1
hard_M4_02.mat,910002,911402014,AlwaysVND,1000,926,200,0,456,1.108994,6955.71319118552,6938.36194192701,0,0,0,1,0,173.869301216719,0,0,595,260,7655.849454029,6386.04097805335,1
hard_M4_02.mat,910002,911402014,AlwaysVND,1500,1448,200,0,798,1.1632396,6603.5979114207,6587.13374138434,0,0,0,1,0,173.869301216719,0,0,595,260,8007.96473379382,6386.04097805335,1
hard_M4_02.mat,910002,911402014,AlwaysVND,2500,2500,200,0,1482,1.2731848,5799.21117905417,5782.89398854859,0,0,0,1,0,173.869301216719,0,0,595,260,8812.35146616035,6386.04097805335,1
hard_M4_02.mat,910002,911402014,FB-CMPSO,500,415,200,38,57,1.0589618,9494.06044317192,9463.30542470267,0,0,0,1,0,173.869301216719,0,0,350,358,2145.39073602782,6386.04097805335,1
hard_M4_02.mat,910002,911402014,FB-CMPSO,1000,937,200,38,399,1.1115855,6882.74081630873,6868.94315648502,0,0,0,1,0,173.869301216719,0,0,350,358,4756.71036289101,6386.04097805335,1
hard_M4_02.mat,910002,911402014,FB-CMPSO,1500,1459,200,38,741,1.1668673,5946.52324647175,5935.71764228367,0,0,0,1,0,173.869301216719,0,0,350,358,5692.927932728,6386.04097805335,1
hard_M4_02.mat,910002,911402014,FB-CMPSO,2500,2500,200,38,1422,1.2791618,5141.61111537292,5133.72972404946,0,0,0,1,0,173.869301216719,0,0,350,358,6497.84006382683,6386.04097805335,1
hard_M4_02.mat,910002,911402015,Repair,500,75,0,0,0,0.0063797,15240.0121491793,6500.20733088664,87.1896753624016,0,0,0,NaN,NaN,NaN,NaN,NaN,NaN,NaN,6386.04097805335,0
hard_M4_02.mat,910002,911402015,Repair,1000,75,0,0,0,0.0063797,15240.0121491793,6500.20733088664,87.1896753624016,0,0,0,NaN,NaN,NaN,NaN,NaN,NaN,NaN,6386.04097805335,0
hard_M4_02.mat,910002,911402015,Repair,1500,75,0,0,0,0.0063797,15240.0121491793,6500.20733088664,87.1896753624016,0,0,0,NaN,NaN,NaN,NaN,NaN,NaN,NaN,6386.04097805335,0
hard_M4_02.mat,910002,911402015,Repair,2500,75,0,0,0,0.0063797,15240.0121491793,6500.20733088664,87.1896753624016,0,0,0,NaN,NaN,NaN,NaN,NaN,NaN,NaN,6386.04097805335,0
hard_M4_02.mat,910002,911402015,WarmPSO,500,500,200,0,0,1.0478788,9895.09232055197,8111.09322391189,17.5529493317351,0,0,0,0,128.096532209049,0,0,NaN,NaN,NaN,6386.04097805335,1
hard_M4_02.mat,910002,911402015,WarmPSO,1000,980,200,0,0,1.0946592,7885.73131533429,7863.71165606573,0,0,0,1,0,128.096532209049,0,0,632,NaN,NaN,6386.04097805335,1
hard_M4_02.mat,910002,911402015,WarmPSO,1500,1490,200,0,0,1.1425427,6762.09908660517,6745.05167659383,0,0,0,1,0,128.096532209049,0,0,632,NaN,NaN,6386.04097805335,1
hard_M4_02.mat,910002,911402015,WarmPSO,2500,2500,200,0,0,1.2386492,6032.36473665203,6017.31889983452,0,0,0,1,0,128.096532209049,0,0,632,NaN,NaN,6386.04097805335,1
hard_M4_02.mat,910002,911402015,AlwaysVND,500,491,200,0,171,1.045867,8160.96169713091,8134.1349652878,0,0,0,1,0,128.096532209049,0,0,454,260,12093.4068855397,6386.04097805335,1
hard_M4_02.mat,910002,911402015,AlwaysVND,1000,926,200,0,456,1.090196,5810.67734548186,5789.56510808644,0,0,0,1,0,128.096532209049,0,0,454,260,14443.6912371887,6386.04097805335,1
hard_M4_02.mat,910002,911402015,AlwaysVND,1500,1448,200,0,798,1.1445679,5021.66943145333,5008.7963573952,0,0,0,1,0,128.096532209049,0,0,454,260,15232.6991512172,6386.04097805335,1
hard_M4_02.mat,910002,911402015,AlwaysVND,2500,2500,200,0,1482,1.2539629,4867.39912613831,4858.16018753064,0,0,0,1,0,128.096532209049,0,0,454,260,15386.9694565323,6386.04097805335,1
hard_M4_02.mat,910002,911402015,FB-CMPSO,500,475,200,95,0,1.0506573,12304.1764686444,8763.00837685418,35.1372730345124,0,0,0,0,128.096532209049,0,0,NaN,NaN,NaN,6386.04097805335,1
hard_M4_02.mat,910002,911402015,FB-CMPSO,1000,965,200,285,0,1.1104241,11736.044840345,8189.3300379797,35.1372730345124,0,0,0,0,128.096532209049,0,0,NaN,NaN,NaN,6386.04097805335,1
hard_M4_02.mat,910002,911402015,FB-CMPSO,1500,1455,200,475,0,1.1690459,11710.9757386094,8159.56627837756,35.1372730345124,0,0,0,0,128.096532209049,0,0,NaN,NaN,NaN,6386.04097805335,1
hard_M4_02.mat,910002,911402015,FB-CMPSO,2500,2500,200,874,0,1.2982951,11048.0786573755,7503.77629201694,35.1372730345124,0,0,0,0,128.096532209049,0,0,NaN,NaN,NaN,6386.04097805335,1
hard_M4_02.mat,910002,911402016,Repair,500,75,0,0,0,0.0061485,15240.0121491793,6500.20733088664,87.1896753624016,0,0,0,NaN,NaN,NaN,NaN,NaN,NaN,NaN,6386.04097805335,0
hard_M4_02.mat,910002,911402016,Repair,1000,75,0,0,0,0.0061485,15240.0121491793,6500.20733088664,87.1896753624016,0,0,0,NaN,NaN,NaN,NaN,NaN,NaN,NaN,6386.04097805335,0
hard_M4_02.mat,910002,911402016,Repair,1500,75,0,0,0,0.0061485,15240.0121491793,6500.20733088664,87.1896753624016,0,0,0,NaN,NaN,NaN,NaN,NaN,NaN,NaN,6386.04097805335,0
hard_M4_02.mat,910002,911402016,Repair,2500,75,0,0,0,0.0061485,15240.0121491793,6500.20733088664,87.1896753624016,0,0,0,NaN,NaN,NaN,NaN,NaN,NaN,NaN,6386.04097805335,0
hard_M4_02.mat,910002,911402016,WarmPSO,500,500,200,0,0,1.0221121,8667.79503035612,8641.60625049688,0,0,0,1,0,139.068093264744,0,0,307,NaN,NaN,6386.04097805335,1
hard_M4_02.mat,910002,911402016,WarmPSO,1000,980,200,0,0,1.0659409,7636.28287900753,7618.66417313039,0,0,0,1,0,139.068093264744,0,0,307,NaN,NaN,6386.04097805335,1
hard_M4_02.mat,910002,911402016,WarmPSO,1500,1490,200,0,0,1.1111258,7572.79939581724,7553.73871149014,0,0,0,1,0,139.068093264744,0,0,307,NaN,NaN,6386.04097805335,1
hard_M4_02.mat,910002,911402016,WarmPSO,2500,2500,200,0,0,1.20355,7367.37387379085,7349.61963328066,0,0,0,1,0,139.068093264744,0,0,307,NaN,NaN,6386.04097805335,1
hard_M4_02.mat,910002,911402016,AlwaysVND,500,491,200,0,171,1.025246,8475.74423827305,8457.19258694174,0,0,0,1,0,139.068093264744,0,0,428,260,11580.2838914575,6386.04097805335,1
hard_M4_02.mat,910002,911402016,AlwaysVND,1000,926,200,0,456,1.0669645,6818.17855480829,6805.69055062136,0,0,0,1,0,139.068093264744,0,0,428,260,13237.8495749223,6386.04097805335,1
hard_M4_02.mat,910002,911402016,AlwaysVND,1500,1448,200,0,798,1.1348055,5888.13120610507,5879.68591072065,0,0,0,1,0,139.068093264744,0,0,428,260,14167.8969236255,6386.04097805335,1
hard_M4_02.mat,910002,911402016,AlwaysVND,2500,2500,200,0,1482,1.2571334,5353.83859232684,5346.35728348444,0,0,0,1,0,139.068093264744,0,0,428,260,14702.1895374037,6386.04097805335,1
hard_M4_02.mat,910002,911402016,FB-CMPSO,500,415,200,38,57,1.0195168,8311.77090871723,8281.80845150181,0,0,0,1,0,139.068093264744,0,0,352,358,1186.38727646014,6386.04097805335,1
hard_M4_02.mat,910002,911402016,FB-CMPSO,1000,937,200,38,399,1.0734173,5892.00573117218,5876.09233654515,0,0,0,1,0,139.068093264744,0,0,352,358,3606.15245400518,6386.04097805335,1
hard_M4_02.mat,910002,911402016,FB-CMPSO,1500,1459,200,38,741,1.1609801,5417.02671603954,5410.41330321612,0,0,0,1,0,139.068093264744,0,0,352,358,4081.13146913783,6386.04097805335,1
hard_M4_02.mat,910002,911402016,FB-CMPSO,2500,2500,200,38,1422,1.276562,4847.53714394367,4840.06442765365,0,0,0,1,0,139.068093264744,0,0,352,358,4650.62104123369,6386.04097805335,1
hard_M4_02.mat,910002,911402017,Repair,500,75,0,0,0,0.0064958,15240.0121491793,6500.20733088664,87.1896753624016,0,0,0,NaN,NaN,NaN,NaN,NaN,NaN,NaN,6386.04097805335,0
hard_M4_02.mat,910002,911402017,Repair,1000,75,0,0,0,0.0064958,15240.0121491793,6500.20733088664,87.1896753624016,0,0,0,NaN,NaN,NaN,NaN,NaN,NaN,NaN,6386.04097805335,0
hard_M4_02.mat,910002,911402017,Repair,1500,75,0,0,0,0.0064958,15240.0121491793,6500.20733088664,87.1896753624016,0,0,0,NaN,NaN,NaN,NaN,NaN,NaN,NaN,6386.04097805335,0
hard_M4_02.mat,910002,911402017,Repair,2500,75,0,0,0,0.0064958,15240.0121491793,6500.20733088664,87.1896753624016,0,0,0,NaN,NaN,NaN,NaN,NaN,NaN,NaN,6386.04097805335,0
hard_M4_02.mat,910002,911402017,WarmPSO,500,500,200,0,0,1.0442202,11701.5318386725,8152.89492613991,35.1372730345124,0,0,0,0,93.1804845055893,0,0,NaN,NaN,NaN,6386.04097805335,1
hard_M4_02.mat,910002,911402017,WarmPSO,1000,980,200,0,0,1.0897818,11128.1476992478,7586.39807873087,35.1372730345124,0,0,0,0,93.1804845055893,0,0,NaN,NaN,NaN,6386.04097805335,1
hard_M4_02.mat,910002,911402017,WarmPSO,1500,1490,200,0,0,1.1381868,10860.8514083509,7325.56649231507,35.1372730345124,0,0,0,0,93.1804845055893,0,0,NaN,NaN,NaN,6386.04097805335,1
hard_M4_02.mat,910002,911402017,WarmPSO,2500,2500,200,0,0,1.2336676,10128.1275514179,6596.54032726712,35.1372730345124,0,0,0,0,93.1804845055893,0,0,NaN,NaN,NaN,6386.04097805335,1
hard_M4_02.mat,910002,911402017,AlwaysVND,500,491,200,0,171,1.0442653,8706.90733803408,8679.91141547771,0,0,0,1,0,93.1804845055893,0,0,427,260,5769.25842833815,6386.04097805335,1
hard_M4_02.mat,910002,911402017,AlwaysVND,1000,926,200,0,456,1.0876506,6876.56185246411,6860.75948709926,0,0,0,1,0,93.1804845055893,0,0,427,260,7599.60391390813,6386.04097805335,1
hard_M4_02.mat,910002,911402017,AlwaysVND,1500,1448,200,0,798,1.1405127,5798.89501967066,5783.56341560297,0,0,0,1,0,93.1804845055893,0,0,427,260,8677.27074670158,6386.04097805335,1
hard_M4_02.mat,910002,911402017,AlwaysVND,2500,2500,200,0,1482,1.2511428,4847.53714394367,4840.06442765365,0,0,0,1,0,93.1804845055893,0,0,427,260,9628.62862242856,6386.04097805335,1
hard_M4_02.mat,910002,911402017,FB-CMPSO,500,464,200,57,57,1.0439215,8875.00859685247,8845.2675101282,0,0,0,1,0,93.1804845055893,0,0,407,407,1158.51927338273,6386.04097805335,1
hard_M4_02.mat,910002,911402017,FB-CMPSO,1000,986,200,57,399,1.0926411,6383.89067997472,6365.68789539908,0,0,0,1,0,93.1804845055893,0,0,407,407,3649.63719026047,6386.04097805335,1
hard_M4_02.mat,910002,911402017,FB-CMPSO,1500,1421,200,57,684,1.1385199,5889.70051068006,5871.28857336088,0,0,0,1,0,93.1804845055893,0,0,407,407,4143.82735955513,6386.04097805335,1
hard_M4_02.mat,910002,911402017,FB-CMPSO,2500,2500,200,57,1373,1.2550135,5137.65258038948,5131.60931079309,0,0,0,1,0,93.1804845055893,0,0,407,407,4895.87528984572,6386.04097805335,1
hard_M4_02.mat,910002,911402018,Repair,500,75,0,0,0,0.0069289,15240.0121491793,6500.20733088664,87.1896753624016,0,0,0,NaN,NaN,NaN,NaN,NaN,NaN,NaN,6386.04097805335,0
hard_M4_02.mat,910002,911402018,Repair,1000,75,0,0,0,0.0069289,15240.0121491793,6500.20733088664,87.1896753624016,0,0,0,NaN,NaN,NaN,NaN,NaN,NaN,NaN,6386.04097805335,0
hard_M4_02.mat,910002,911402018,Repair,1500,75,0,0,0,0.0069289,15240.0121491793,6500.20733088664,87.1896753624016,0,0,0,NaN,NaN,NaN,NaN,NaN,NaN,NaN,6386.04097805335,0
hard_M4_02.mat,910002,911402018,Repair,2500,75,0,0,0,0.0069289,15240.0121491793,6500.20733088664,87.1896753624016,0,0,0,NaN,NaN,NaN,NaN,NaN,NaN,NaN,6386.04097805335,0
hard_M4_02.mat,910002,911402018,WarmPSO,500,500,200,0,0,1.0388073,14527.775351279,7871.81315259837,66.242240474511,0,0,0,0,240.775448846226,0,0,NaN,NaN,NaN,6386.04097805335,1
hard_M4_02.mat,910002,911402018,WarmPSO,1000,980,200,0,0,1.0853677,13629.4900172529,6976.30186701882,66.242240474511,0,0,0,0,240.775448846226,0,0,NaN,NaN,NaN,6386.04097805335,1
hard_M4_02.mat,910002,911402018,WarmPSO,1500,1490,200,0,0,1.1331881,11206.0096607898,7668.50755152112,35.1372730345124,0,0,0,0,240.775448846226,0,0,NaN,NaN,NaN,6386.04097805335,1
hard_M4_02.mat,910002,911402018,WarmPSO,2500,2500,200,0,0,1.2283806,10196.9812666883,6657.86513171738,35.1372730345124,0,0,0,0,240.775448846226,0,0,NaN,NaN,NaN,6386.04097805335,1
hard_M4_02.mat,910002,911402018,AlwaysVND,500,491,200,0,171,1.0321219,7759.79649258928,7738.95486379043,0,0,0,1,0,240.775448846226,0,0,416,260,11066.8253488711,6386.04097805335,1
hard_M4_02.mat,910002,911402018,AlwaysVND,1000,926,200,0,456,1.075252,6536.11721920517,6519.12169237429,0,0,0,1,0,240.775448846226,0,0,416,260,12290.5046222552,6386.04097805335,1
hard_M4_02.mat,910002,911402018,AlwaysVND,1500,1448,200,0,798,1.1289593,5711.14364796135,5697.01416022883,0,0,0,1,0,240.775448846226,0,0,416,260,13115.4781934991,6386.04097805335,1
hard_M4_02.mat,910002,911402018,AlwaysVND,2500,2500,200,0,1482,1.2360848,4847.53714394367,4840.06442765365,0,0,0,1,0,240.775448846226,0,0,416,260,13979.0846975167,6386.04097805335,1
hard_M4_02.mat,910002,911402018,FB-CMPSO,500,415,200,38,57,1.0263693,8058.07970198712,8035.34954459557,0,0,0,1,0,240.775448846226,0,0,338,358,1608.58440400556,6386.04097805335,1
hard_M4_02.mat,910002,911402018,FB-CMPSO,1000,937,200,38,399,1.0793614,6336.5684089676,6322.39627851358,0,0,0,1,0,240.775448846226,0,0,338,358,3330.09569702508,6386.04097805335,1
hard_M4_02.mat,910002,911402018,FB-CMPSO,1500,1459,200,38,741,1.1313227,5463.33536868978,5451.07804008349,0,0,0,1,0,240.775448846226,0,0,338,358,4203.3287373029,6386.04097805335,1
hard_M4_02.mat,910002,911402018,FB-CMPSO,2500,2500,200,38,1422,1.2379747,4847.53714394367,4840.06442765365,0,0,0,1,0,240.775448846226,0,0,338,358,4819.12696204901,6386.04097805335,1
hard_M4_02.mat,910002,911402019,Repair,500,75,0,0,0,0.0062445,15240.0121491793,6500.20733088664,87.1896753624016,0,0,0,NaN,NaN,NaN,NaN,NaN,NaN,NaN,6386.04097805335,0
hard_M4_02.mat,910002,911402019,Repair,1000,75,0,0,0,0.0062445,15240.0121491793,6500.20733088664,87.1896753624016,0,0,0,NaN,NaN,NaN,NaN,NaN,NaN,NaN,6386.04097805335,0
hard_M4_02.mat,910002,911402019,Repair,1500,75,0,0,0,0.0062445,15240.0121491793,6500.20733088664,87.1896753624016,0,0,0,NaN,NaN,NaN,NaN,NaN,NaN,NaN,6386.04097805335,0
hard_M4_02.mat,910002,911402019,Repair,2500,75,0,0,0,0.0062445,15240.0121491793,6500.20733088664,87.1896753624016,0,0,0,NaN,NaN,NaN,NaN,NaN,NaN,NaN,6386.04097805335,0
hard_M4_02.mat,910002,911402019,WarmPSO,500,500,200,0,0,1.0345975,7193.77106912201,7174.25309921822,0,0,0,1,0,137.363051583419,0,0,265,NaN,NaN,6386.04097805335,1
hard_M4_02.mat,910002,911402019,WarmPSO,1000,980,200,0,0,1.0754984,7132.63184310464,7113.57019251774,0,0,0,1,0,137.363051583419,0,0,265,NaN,NaN,6386.04097805335,1
hard_M4_02.mat,910002,911402019,WarmPSO,1500,1490,200,0,0,1.1185426,7120.03666081591,7101.35362718245,0,0,0,1,0,137.363051583419,0,0,265,NaN,NaN,6386.04097805335,1
hard_M4_02.mat,910002,911402019,WarmPSO,2500,2500,200,0,0,1.2083463,6919.86304196092,6902.21217269005,0,0,0,1,0,137.363051583419,0,0,265,NaN,NaN,6386.04097805335,1
hard_M4_02.mat,910002,911402019,AlwaysVND,500,491,200,0,171,1.0368222,7016.99847232101,6997.22978848579,0,0,0,1,0,137.363051583419,0,0,344,260,2867.73013961934,6386.04097805335,1
hard_M4_02.mat,910002,911402019,AlwaysVND,1000,926,200,0,456,1.0819503,5750.06933091499,5738.93437184432,0,0,0,1,0,137.363051583419,0,0,344,260,4134.65928102537,6386.04097805335,1
hard_M4_02.mat,910002,911402019,AlwaysVND,1500,1448,200,0,798,1.1340502,5223.81521502103,5216.33390617863,0,0,0,1,0,137.363051583419,0,0,344,260,4660.91339691933,6386.04097805335,1
hard_M4_02.mat,910002,911402019,AlwaysVND,2500,2500,200,0,1482,1.2430005,5223.81521502103,5216.33390617863,0,0,0,1,0,137.363051583419,0,0,344,260,4660.91339691933,6386.04097805335,1
hard_M4_02.mat,910002,911402019,FB-CMPSO,500,453,200,19,114,1.0328574,6740.97907416196,6722.41895012309,0,0,0,1,0,137.363051583419,0,0,272,309,391.65276894268,6386.04097805335,1
hard_M4_02.mat,910002,911402019,FB-CMPSO,1000,975,200,19,456,1.0859848,5643.13794770468,5635.25097952127,0,0,0,1,0,137.363051583419,0,0,272,309,1489.49389539996,6386.04097805335,1
hard_M4_02.mat,910002,911402019,FB-CMPSO,1500,1497,200,19,798,1.1391649,5223.75946244561,5216.68682863665,0,0,0,1,0,137.363051583419,0,0,272,309,1908.87238065903,6386.04097805335,1
hard_M4_02.mat,910002,911402019,FB-CMPSO,2500,2500,200,19,1441,1.243221,5223.75946244561,5216.68682863665,0,0,0,1,0,137.363051583419,0,0,272,309,1908.87238065903,6386.04097805335,1
hard_M4_02.mat,910002,911402020,Repair,500,75,0,0,0,0.0072259,15240.0121491793,6500.20733088664,87.1896753624016,0,0,0,NaN,NaN,NaN,NaN,NaN,NaN,NaN,6386.04097805335,0
hard_M4_02.mat,910002,911402020,Repair,1000,75,0,0,0,0.0072259,15240.0121491793,6500.20733088664,87.1896753624016,0,0,0,NaN,NaN,NaN,NaN,NaN,NaN,NaN,6386.04097805335,0
hard_M4_02.mat,910002,911402020,Repair,1500,75,0,0,0,0.0072259,15240.0121491793,6500.20733088664,87.1896753624016,0,0,0,NaN,NaN,NaN,NaN,NaN,NaN,NaN,6386.04097805335,0
hard_M4_02.mat,910002,911402020,Repair,2500,75,0,0,0,0.0072259,15240.0121491793,6500.20733088664,87.1896753624016,0,0,0,NaN,NaN,NaN,NaN,NaN,NaN,NaN,6386.04097805335,0
hard_M4_02.mat,910002,911402020,WarmPSO,500,500,200,0,0,1.030238,14838.6642245824,13020.2455505138,17.5529493317351,0,0,0,0,126.265852390755,0,0,NaN,NaN,NaN,6386.04097805335,1
hard_M4_02.mat,910002,911402020,WarmPSO,1000,980,200,0,0,1.0755643,8788.17320439023,8749.77006143953,0,0,0,1,0,126.265852390755,0,0,759,NaN,NaN,6386.04097805335,1
hard_M4_02.mat,910002,911402020,WarmPSO,1500,1490,200,0,0,1.1196708,6878.20882885618,6860.22451801643,0,0,0,1,0,126.265852390755,0,0,759,NaN,NaN,6386.04097805335,1
hard_M4_02.mat,910002,911402020,WarmPSO,2500,2500,200,0,0,1.2085598,6388.15628755274,6371.95742126147,0,0,0,1,0,126.265852390755,0,0,759,NaN,NaN,6386.04097805335,1
hard_M4_02.mat,910002,911402020,AlwaysVND,500,491,200,0,171,1.030001,6463.2529192407,6443.06588082999,0,0,0,1,0,126.265852390755,0,0,325,260,10506.3449839361,6386.04097805335,1
hard_M4_02.mat,910002,911402020,AlwaysVND,1000,926,200,0,456,1.0735172,5869.85583900889,5854.34809902133,0,0,0,1,0,126.265852390755,0,0,325,260,11099.7420641679,6386.04097805335,1
hard_M4_02.mat,910002,911402020,AlwaysVND,1500,1448,200,0,798,1.1274296,5650.65458986828,5634.08605455302,0,0,0,1,0,126.265852390755,0,0,325,260,11318.9433133085,6386.04097805335,1
hard_M4_02.mat,910002,911402020,AlwaysVND,2500,2500,200,0,1482,1.2333718,5027.5060184288,5017.81528560079,0,0,0,1,0,126.265852390755,0,0,325,260,11942.091884748,6386.04097805335,1
hard_M4_02.mat,910002,911402020,FB-CMPSO,500,464,200,57,57,1.0323186,7881.78947968939,7857.73700630576,0,0,0,1,0,126.265852390755,0,0,369,407,964.69537459362,6386.04097805335,1
hard_M4_02.mat,910002,911402020,FB-CMPSO,1000,986,200,57,399,1.0918307,5914.76095948089,5896.36739470968,0,0,0,1,0,126.265852390755,0,0,369,407,2931.72389480212,6386.04097805335,1
hard_M4_02.mat,910002,911402020,FB-CMPSO,1500,1421,200,57,684,1.1422187,5028.67599512985,5017.51380954449,0,0,0,1,0,126.265852390755,0,0,369,407,3817.80885915317,6386.04097805335,1
hard_M4_02.mat,910002,911402020,FB-CMPSO,2500,2500,200,57,1373,1.2624515,5001.80744925869,4990.70059751821,0,0,0,1,0,126.265852390755,0,0,369,407,3844.67740502432,6386.04097805335,1
hard_M4_02.mat,910002,911402021,Repair,500,75,0,0,0,0.0062516,15240.0121491793,6500.20733088664,87.1896753624016,0,0,0,NaN,NaN,NaN,NaN,NaN,NaN,NaN,6386.04097805335,0
hard_M4_02.mat,910002,911402021,Repair,1000,75,0,0,0,0.0062516,15240.0121491793,6500.20733088664,87.1896753624016,0,0,0,NaN,NaN,NaN,NaN,NaN,NaN,NaN,6386.04097805335,0
hard_M4_02.mat,910002,911402021,Repair,1500,75,0,0,0,0.0062516,15240.0121491793,6500.20733088664,87.1896753624016,0,0,0,NaN,NaN,NaN,NaN,NaN,NaN,NaN,6386.04097805335,0
hard_M4_02.mat,910002,911402021,Repair,2500,75,0,0,0,0.0062516,15240.0121491793,6500.20733088664,87.1896753624016,0,0,0,NaN,NaN,NaN,NaN,NaN,NaN,NaN,6386.04097805335,0
hard_M4_02.mat,910002,911402021,WarmPSO,500,500,200,0,0,1.0498402,11798.2620556112,8252.97515941557,35.1372730345124,0,0,0,0,177.095202420962,0,0,NaN,NaN,NaN,6386.04097805335,1
hard_M4_02.mat,910002,911402021,WarmPSO,1000,980,200,0,0,1.0966011,11324.0455952963,7774.19547703772,35.1372730345124,0,0,0,0,177.095202420962,0,0,NaN,NaN,NaN,6386.04097805335,1
hard_M4_02.mat,910002,911402021,WarmPSO,1500,1490,200,0,0,1.152836,10422.1253763232,6882.95018645066,35.1372730345124,0,0,0,0,177.095202420962,0,0,NaN,NaN,NaN,6386.04097805335,1
hard_M4_02.mat,910002,911402021,WarmPSO,2500,2500,200,0,0,1.2489716,10095.3622453036,6559.22523097718,35.1372730345124,0,0,0,0,177.095202420962,0,0,NaN,NaN,NaN,6386.04097805335,1
hard_M4_02.mat,910002,911402021,AlwaysVND,500,491,200,0,171,1.0466597,13534.595290051,6887.89335479976,66.242240474511,0,0,0,0,177.095202420962,0,0,NaN,260,6516.5670163473,6386.04097805335,1
hard_M4_02.mat,910002,911402021,AlwaysVND,1000,926,200,0,456,1.0890244,7447.3904256328,7426.62916028179,0,0,0,1,0,177.095202420962,0,0,755,260,12603.7718807655,6386.04097805335,1
hard_M4_02.mat,910002,911402021,AlwaysVND,1500,1448,200,0,798,1.1415498,6815.03494421084,6800.50094664827,0,0,0,1,0,177.095202420962,0,0,755,260,13236.1273621875,6386.04097805335,1
hard_M4_02.mat,910002,911402021,AlwaysVND,2500,2500,200,0,1482,1.2487549,5527.63788335709,5517.62012177821,0,0,0,1,0,177.095202420962,0,0,755,260,14523.5244230412,6386.04097805335,1
hard_M4_02.mat,910002,911402021,FB-CMPSO,500,475,200,95,0,1.0530987,12933.7977704242,9389.75445714648,35.1372730345124,0,0,0,0,177.095202420962,0,0,NaN,NaN,NaN,6386.04097805335,1
hard_M4_02.mat,910002,911402021,FB-CMPSO,1000,965,200,285,0,1.1108912,11025.8900921606,7485.87837214234,35.1372730345124,0,0,0,0,177.095202420962,0,0,NaN,NaN,NaN,6386.04097805335,1
hard_M4_02.mat,910002,911402021,FB-CMPSO,1500,1455,200,475,0,1.1686344,10560.3464921998,7024.28711908398,35.1372730345124,0,0,0,0,177.095202420962,0,0,NaN,NaN,NaN,6386.04097805335,1
hard_M4_02.mat,910002,911402021,FB-CMPSO,2500,2500,200,874,0,1.2931572,9743.10481355705,6209.16094579155,35.1372730345124,0,0,0,0,177.095202420962,0,0,NaN,NaN,NaN,6386.04097805335,1
hard_M4_02.mat,910002,911402022,Repair,500,75,0,0,0,0.0074476,15240.0121491793,6500.20733088664,87.1896753624016,0,0,0,NaN,NaN,NaN,NaN,NaN,NaN,NaN,6386.04097805335,0
hard_M4_02.mat,910002,911402022,Repair,1000,75,0,0,0,0.0074476,15240.0121491793,6500.20733088664,87.1896753624016,0,0,0,NaN,NaN,NaN,NaN,NaN,NaN,NaN,6386.04097805335,0
hard_M4_02.mat,910002,911402022,Repair,1500,75,0,0,0,0.0074476,15240.0121491793,6500.20733088664,87.1896753624016,0,0,0,NaN,NaN,NaN,NaN,NaN,NaN,NaN,6386.04097805335,0
hard_M4_02.mat,910002,911402022,Repair,2500,75,0,0,0,0.0074476,15240.0121491793,6500.20733088664,87.1896753624016,0,0,0,NaN,NaN,NaN,NaN,NaN,NaN,NaN,6386.04097805335,0
hard_M4_02.mat,910002,911402022,WarmPSO,500,500,200,0,0,1.0253986,7786.52599771994,7765.15090216024,0,0,0,1,0,224.299159864052,0,0,322,NaN,NaN,6386.04097805335,1
hard_M4_02.mat,910002,911402022,WarmPSO,1000,980,200,0,0,1.0705726,7786.52599771994,7765.15090216024,0,0,0,1,0,224.299159864052,0,0,322,NaN,NaN,6386.04097805335,1
hard_M4_02.mat,910002,911402022,WarmPSO,1500,1490,200,0,0,1.1209377,7589.36081661609,7567.04964361657,0,0,0,1,0,224.299159864052,0,0,322,NaN,NaN,6386.04097805335,1
hard_M4_02.mat,910002,911402022,WarmPSO,2500,2500,200,0,0,1.2263279,7170.40883010221,7147.37438625413,0,0,0,1,0,224.299159864052,0,0,322,NaN,NaN,6386.04097805335,1
hard_M4_02.mat,910002,911402022,AlwaysVND,500,491,200,0,171,1.0263576,6940.21964260173,6922.18987406454,0,0,0,1,0,224.299159864052,0,0,414,260,13454.8415217406,6386.04097805335,1
hard_M4_02.mat,910002,911402022,AlwaysVND,1000,926,200,0,456,1.093646,5564.41982184185,5555.84575818361,0,0,0,1,0,224.299159864052,0,0,414,260,14830.6413425005,6386.04097805335,1
hard_M4_02.mat,910002,911402022,AlwaysVND,1500,1448,200,0,798,1.167652,5223.75946244561,5216.68682863665,0,0,0,1,0,224.299159864052,0,0,414,260,15171.3017018967,6386.04097805335,1
hard_M4_02.mat,910002,911402022,AlwaysVND,2500,2500,200,0,1482,1.3346167,4847.53714394367,4840.06442765365,0,0,0,1,0,224.299159864052,0,0,414,260,15547.5240203987,6386.04097805335,1
hard_M4_02.mat,910002,911402022,FB-CMPSO,500,415,200,38,57,1.0227364,8032.06877153057,8006.93777172041,0,0,0,1,0,224.299159864052,0,0,314,358,1694.94935968996,6386.04097805335,1
hard_M4_02.mat,910002,911402022,FB-CMPSO,1000,937,200,38,399,1.0869229,5655.06974213341,5641.73297508451,0,0,0,1,0,224.299159864052,0,0,314,358,4071.94838908712,6386.04097805335,1
hard_M4_02.mat,910002,911402022,FB-CMPSO,1500,1459,200,38,741,1.1599101,5655.06974213341,5641.73297508451,0,0,0,1,0,224.299159864052,0,0,314,358,4071.94838908712,6386.04097805335,1
hard_M4_02.mat,910002,911402022,FB-CMPSO,2500,2500,200,38,1422,1.2945669,5655.06974213341,5641.73297508451,0,0,0,1,0,224.299159864052,0,0,314,358,4071.94838908712,6386.04097805335,1
hard_M4_02.mat,910002,911402023,Repair,500,75,0,0,0,0.006214,15240.0121491793,6500.20733088664,87.1896753624016,0,0,0,NaN,NaN,NaN,NaN,NaN,NaN,NaN,6386.04097805335,0
hard_M4_02.mat,910002,911402023,Repair,1000,75,0,0,0,0.006214,15240.0121491793,6500.20733088664,87.1896753624016,0,0,0,NaN,NaN,NaN,NaN,NaN,NaN,NaN,6386.04097805335,0
hard_M4_02.mat,910002,911402023,Repair,1500,75,0,0,0,0.006214,15240.0121491793,6500.20733088664,87.1896753624016,0,0,0,NaN,NaN,NaN,NaN,NaN,NaN,NaN,6386.04097805335,0
hard_M4_02.mat,910002,911402023,Repair,2500,75,0,0,0,0.006214,15240.0121491793,6500.20733088664,87.1896753624016,0,0,0,NaN,NaN,NaN,NaN,NaN,NaN,NaN,6386.04097805335,0
hard_M4_02.mat,910002,911402023,WarmPSO,500,500,200,0,0,1.0542732,9065.80420174183,9041.6753851152,0,0,0,1,0,168.484302976719,0,0,296,NaN,NaN,6386.04097805335,1
hard_M4_02.mat,910002,911402023,WarmPSO,1000,980,200,0,0,1.0980503,6745.96048231913,6730.4342461612,0,0,0,1,0,168.484302976719,0,0,296,NaN,NaN,6386.04097805335,1
hard_M4_02.mat,910002,911402023,WarmPSO,1500,1490,200,0,0,1.1434569,5928.11174236923,5913.72358677188,0,0,0,1,0,168.484302976719,0,0,296,NaN,NaN,6386.04097805335,1
hard_M4_02.mat,910002,911402023,WarmPSO,2500,2500,200,0,0,1.2319026,5715.49541757116,5702.83007852616,0,0,0,1,0,168.484302976719,0,0,296,NaN,NaN,6386.04097805335,1
hard_M4_02.mat,910002,911402023,AlwaysVND,500,491,200,0,171,1.0536548,6452.53148612186,6436.68083102469,0,0,0,1,0,168.484302976719,0,0,350,260,12123.2669236008,6386.04097805335,1
hard_M4_02.mat,910002,911402023,AlwaysVND,1000,926,200,0,456,1.0959506,6047.68800304563,6034.70599661691,0,0,0,1,0,168.484302976719,0,0,350,260,12528.1104066771,6386.04097805335,1
hard_M4_02.mat,910002,911402023,AlwaysVND,1500,1448,200,0,798,1.1475913,5954.84591736958,5937.99917668363,0,0,0,1,0,168.484302976719,0,0,350,260,12620.9524923531,6386.04097805335,1
hard_M4_02.mat,910002,911402023,AlwaysVND,2500,2500,200,0,1482,1.2489379,5496.13793443388,5482.86132237065,0,0,0,1,0,168.484302976719,0,0,350,260,13079.6604752888,6386.04097805335,1
hard_M4_02.mat,910002,911402023,FB-CMPSO,500,453,200,19,114,1.049736,7234.26532004415,7218.39992708568,0,0,0,1,0,168.484302976719,0,0,288,309,2759.35381734648,6386.04097805335,1
hard_M4_02.mat,910002,911402023,FB-CMPSO,1000,975,200,19,456,1.0985173,5435.24051104848,5428.22435274425,0,0,0,1,0,168.484302976719,0,0,288,309,4558.37862634216,6386.04097805335,1
hard_M4_02.mat,910002,911402023,FB-CMPSO,1500,1497,200,19,798,1.149872,5435.24051104848,5428.22435274425,0,0,0,1,0,168.484302976719,0,0,288,309,4558.37862634216,6386.04097805335,1
hard_M4_02.mat,910002,911402023,FB-CMPSO,2500,2500,200,19,1441,1.2501947,5028.67599512985,5017.51380954449,0,0,0,1,0,168.484302976719,0,0,288,309,4964.94314226078,6386.04097805335,1
hard_M4_02.mat,910002,911402024,Repair,500,75,0,0,0,0.0063325,15240.0121491793,6500.20733088664,87.1896753624016,0,0,0,NaN,NaN,NaN,NaN,NaN,NaN,NaN,6386.04097805335,0
hard_M4_02.mat,910002,911402024,Repair,1000,75,0,0,0,0.0063325,15240.0121491793,6500.20733088664,87.1896753624016,0,0,0,NaN,NaN,NaN,NaN,NaN,NaN,NaN,6386.04097805335,0
hard_M4_02.mat,910002,911402024,Repair,1500,75,0,0,0,0.0063325,15240.0121491793,6500.20733088664,87.1896753624016,0,0,0,NaN,NaN,NaN,NaN,NaN,NaN,NaN,6386.04097805335,0
hard_M4_02.mat,910002,911402024,Repair,2500,75,0,0,0,0.0063325,15240.0121491793,6500.20733088664,87.1896753624016,0,0,0,NaN,NaN,NaN,NaN,NaN,NaN,NaN,6386.04097805335,0
hard_M4_02.mat,910002,911402024,WarmPSO,500,500,200,0,0,1.0518391,8198.85791592964,8175.73666528675,0,0,0,1,0,195.047829382954,0,0,342,NaN,NaN,6386.04097805335,1
hard_M4_02.mat,910002,911402024,WarmPSO,1000,980,200,0,0,1.0948486,7042.50035510675,7019.36283950014,0,0,0,1,0,195.047829382954,0,0,342,NaN,NaN,6386.04097805335,1
hard_M4_02.mat,910002,911402024,WarmPSO,1500,1490,200,0,0,1.137556,7042.50035510675,7019.36283950014,0,0,0,1,0,195.047829382954,0,0,342,NaN,NaN,6386.04097805335,1
hard_M4_02.mat,910002,911402024,WarmPSO,2500,2500,200,0,0,1.2276396,7042.50035510675,7019.36283950014,0,0,0,1,0,195.047829382954,0,0,342,NaN,NaN,6386.04097805335,1
hard_M4_02.mat,910002,911402024,AlwaysVND,500,491,200,0,171,1.048941,6526.32314464677,6508.19638752541,0,0,0,1,0,195.047829382954,0,0,405,260,8162.39376629397,6386.04097805335,1
hard_M4_02.mat,910002,911402024,AlwaysVND,1000,926,200,0,456,1.0915068,5616.88062770624,5605.48855368711,0,0,0,1,0,195.047829382954,0,0,405,260,9071.8362832345,6386.04097805335,1
hard_M4_02.mat,910002,911402024,AlwaysVND,1500,1448,200,0,798,1.1502483,5593.83398177476,5585.93911922928,0,0,0,1,0,195.047829382954,0,0,405,260,9094.88292916598,6386.04097805335,1
hard_M4_02.mat,910002,911402024,AlwaysVND,2500,2500,200,0,1482,1.2594462,5021.66943145333,5008.7963573952,0,0,0,1,0,195.047829382954,0,0,405,260,9667.04747948741,6386.04097805335,1
hard_M4_02.mat,910002,911402024,FB-CMPSO,500,415,200,38,57,1.0424973,7609.72454296321,7587.41663009262,0,0,0,1,0,195.047829382954,0,0,311,358,509.237068405365,6386.04097805335,1
hard_M4_02.mat,910002,911402024,FB-CMPSO,1000,937,200,38,399,1.0936066,6024.98525764605,6014.2485622416,0,0,0,1,0,195.047829382954,0,0,311,358,2093.97635372253,6386.04097805335,1
hard_M4_02.mat,910002,911402024,FB-CMPSO,1500,1459,200,38,741,1.1458114,5223.81521502103,5216.33390617863,0,0,0,1,0,195.047829382954,0,0,311,358,2895.14639634755,6386.04097805335,1
hard_M4_02.mat,910002,911402024,FB-CMPSO,2500,2500,200,38,1422,1.2515207,5028.73174770527,5017.16088708647,0,0,0,1,0,195.047829382954,0,0,311,358,3090.22986366331,6386.04097805335,1
hard_M4_02.mat,910002,911402025,Repair,500,75,0,0,0,0.0063671,15240.0121491793,6500.20733088664,87.1896753624016,0,0,0,NaN,NaN,NaN,NaN,NaN,NaN,NaN,6386.04097805335,0
hard_M4_02.mat,910002,911402025,Repair,1000,75,0,0,0,0.0063671,15240.0121491793,6500.20733088664,87.1896753624016,0,0,0,NaN,NaN,NaN,NaN,NaN,NaN,NaN,6386.04097805335,0
hard_M4_02.mat,910002,911402025,Repair,1500,75,0,0,0,0.0063671,15240.0121491793,6500.20733088664,87.1896753624016,0,0,0,NaN,NaN,NaN,NaN,NaN,NaN,NaN,6386.04097805335,0
hard_M4_02.mat,910002,911402025,Repair,2500,75,0,0,0,0.0063671,15240.0121491793,6500.20733088664,87.1896753624016,0,0,0,NaN,NaN,NaN,NaN,NaN,NaN,NaN,6386.04097805335,0
hard_M4_02.mat,910002,911402025,WarmPSO,500,500,200,0,0,1.0292914,8038.04468631273,8017.79975188558,0,0,0,1,0,144.336654827515,0,0,298,NaN,NaN,6386.04097805335,1
hard_M4_02.mat,910002,911402025,WarmPSO,1000,980,200,0,0,1.0734088,7431.47208316327,7416.23974398245,0,0,0,1,0,144.336654827515,0,0,298,NaN,NaN,6386.04097805335,1
hard_M4_02.mat,910002,911402025,WarmPSO,1500,1490,200,0,0,1.1170422,6744.72330528208,6727.72603028563,0,0,0,1,0,144.336654827515,0,0,298,NaN,NaN,6386.04097805335,1
hard_M4_02.mat,910002,911402025,WarmPSO,2500,2500,200,0,0,1.206951,5920.42562630687,5905.64555464906,0,0,0,1,0,144.336654827515,0,0,298,NaN,NaN,6386.04097805335,1
hard_M4_02.mat,910002,911402025,AlwaysVND,500,491,200,0,171,1.0292624,7220.81236373103,7205.06411968258,0,0,0,1,0,144.336654827515,0,0,371,260,10993.7338514925,6386.04097805335,1
hard_M4_02.mat,910002,911402025,AlwaysVND,1000,926,200,0,456,1.0719971,5561.26344205809,5552.08018378474,0,0,0,1,0,144.336654827515,0,0,371,260,12653.2827731654,6386.04097805335,1
hard_M4_02.mat,910002,911402025,AlwaysVND,1500,1448,200,0,798,1.1257672,4847.53714394367,4840.06442765365,0,0,0,1,0,144.336654827515,0,0,371,260,13367.0090712798,6386.04097805335,1
hard_M4_02.mat,910002,911402025,AlwaysVND,2500,2500,200,0,1482,1.2352945,4847.53714394367,4840.06442765365,0,0,0,1,0,144.336654827515,0,0,371,260,13367.0090712798,6386.04097805335,1
hard_M4_02.mat,910002,911402025,FB-CMPSO,500,453,200,19,114,1.0263931,7386.03667986487,7361.84142469699,0,0,0,1,0,144.336654827515,0,0,285,309,1865.39530881797,6386.04097805335,1
hard_M4_02.mat,910002,911402025,FB-CMPSO,1000,975,200,19,456,1.0775006,6069.70342288966,6051.72945379752,0,0,0,1,0,144.336654827515,0,0,285,309,3181.72856579318,6386.04097805335,1
hard_M4_02.mat,910002,911402025,FB-CMPSO,1500,1497,200,19,798,1.1305772,5696.95823251949,5675.62552429173,0,0,0,1,0,144.336654827515,0,0,285,309,3554.47375616335,6386.04097805335,1
hard_M4_02.mat,910002,911402025,FB-CMPSO,2500,2500,200,19,1441,1.2319841,4847.53714394367,4840.06442765365,0,0,0,1,0,144.336654827515,0,0,285,309,4403.89484473917,6386.04097805335,1
hard_M4_02.mat,910002,911402026,Repair,500,75,0,0,0,0.0063698,15240.0121491793,6500.20733088664,87.1896753624016,0,0,0,NaN,NaN,NaN,NaN,NaN,NaN,NaN,6386.04097805335,0
hard_M4_02.mat,910002,911402026,Repair,1000,75,0,0,0,0.0063698,15240.0121491793,6500.20733088664,87.1896753624016,0,0,0,NaN,NaN,NaN,NaN,NaN,NaN,NaN,6386.04097805335,0
hard_M4_02.mat,910002,911402026,Repair,1500,75,0,0,0,0.0063698,15240.0121491793,6500.20733088664,87.1896753624016,0,0,0,NaN,NaN,NaN,NaN,NaN,NaN,NaN,6386.04097805335,0
hard_M4_02.mat,910002,911402026,Repair,2500,75,0,0,0,0.0063698,15240.0121491793,6500.20733088664,87.1896753624016,0,0,0,NaN,NaN,NaN,NaN,NaN,NaN,NaN,6386.04097805335,0
hard_M4_02.mat,910002,911402026,WarmPSO,500,500,200,0,0,1.0275711,8603.16499896694,8580.6638071305,0,0,0,1,0,192.853275711471,0,0,405,NaN,NaN,6386.04097805335,1
hard_M4_02.mat,910002,911402026,WarmPSO,1000,980,200,0,0,1.0722115,7098.19343908624,7080.6319088166,0,0,0,1,0,192.853275711471,0,0,405,NaN,NaN,6386.04097805335,1
hard_M4_02.mat,910002,911402026,WarmPSO,1500,1490,200,0,0,1.1161217,7098.19343908624,7080.6319088166,0,0,0,1,0,192.853275711471,0,0,405,NaN,NaN,6386.04097805335,1
hard_M4_02.mat,910002,911402026,WarmPSO,2500,2500,200,0,0,1.2034283,7011.41178904741,6992.58974742338,0,0,0,1,0,192.853275711471,0,0,405,NaN,NaN,6386.04097805335,1
hard_M4_02.mat,910002,911402026,AlwaysVND,500,491,200,0,171,1.0266763,9616.82834721513,7942.85516407032,16.4647008329274,0,0,0,0,192.853275711471,0,0,NaN,260,13206.69324154,6386.04097805335,1
hard_M4_02.mat,910002,911402026,AlwaysVND,1000,926,200,0,456,1.0670294,6655.10130981006,6638.03080871977,0,0,0,1,0,192.853275711471,0,0,502,260,16168.4202789451,6386.04097805335,1
hard_M4_02.mat,910002,911402026,AlwaysVND,1500,1448,200,0,798,1.1197856,5690.97980674789,5673.78933603035,0,0,0,1,0,192.853275711471,0,0,502,260,17132.5417820073,6386.04097805335,1
hard_M4_02.mat,910002,911402026,AlwaysVND,2500,2500,200,0,1482,1.222852,5158.75512501108,5147.18426439228,0,0,0,1,0,192.853275711471,0,0,502,260,17664.7664637441,6386.04097805335,1
hard_M4_02.mat,910002,911402026,FB-CMPSO,500,415,200,38,57,1.0208483,7169.85350974732,7148.51981411021,0,0,0,1,0,192.853275711471,0,0,341,358,1819.92378120339,6386.04097805335,1
hard_M4_02.mat,910002,911402026,FB-CMPSO,1000,937,200,38,399,1.0718295,5986.74109159896,5972.33875692374,0,0,0,1,0,192.853275711471,0,0,341,358,3003.03619935175,6386.04097805335,1
hard_M4_02.mat,910002,911402026,FB-CMPSO,1500,1459,200,38,741,1.1244915,5253.41339220367,5242.42150608053,0,0,0,1,0,192.853275711471,0,0,341,358,3736.36389874704,6386.04097805335,1
hard_M4_02.mat,910002,911402026,FB-CMPSO,2500,2500,200,38,1422,1.2277981,4867.39912613831,4858.16018753064,0,0,0,1,0,192.853275711471,0,0,341,358,4122.3781648124,6386.04097805335,1
hard_M4_02.mat,910002,911402027,Repair,500,75,0,0,0,0.0062887,15240.0121491793,6500.20733088664,87.1896753624016,0,0,0,NaN,NaN,NaN,NaN,NaN,NaN,NaN,6386.04097805335,0
hard_M4_02.mat,910002,911402027,Repair,1000,75,0,0,0,0.0062887,15240.0121491793,6500.20733088664,87.1896753624016,0,0,0,NaN,NaN,NaN,NaN,NaN,NaN,NaN,6386.04097805335,0
hard_M4_02.mat,910002,911402027,Repair,1500,75,0,0,0,0.0062887,15240.0121491793,6500.20733088664,87.1896753624016,0,0,0,NaN,NaN,NaN,NaN,NaN,NaN,NaN,6386.04097805335,0
hard_M4_02.mat,910002,911402027,Repair,2500,75,0,0,0,0.0062887,15240.0121491793,6500.20733088664,87.1896753624016,0,0,0,NaN,NaN,NaN,NaN,NaN,NaN,NaN,6386.04097805335,0
hard_M4_02.mat,910002,911402027,WarmPSO,500,500,200,0,0,1.030862,8905.519734203,8877.90339323403,0,0,0,1,0,117.833155278845,0,0,279,NaN,NaN,6386.04097805335,1
hard_M4_02.mat,910002,911402027,WarmPSO,1000,980,200,0,0,1.0772702,7719.49198507941,7699.67828551304,0,0,0,1,0,117.833155278845,0,0,279,NaN,NaN,6386.04097805335,1
hard_M4_02.mat,910002,911402027,WarmPSO,1500,1490,200,0,0,1.1273493,7054.19514618266,7034.7247486563,0,0,0,1,0,117.833155278845,0,0,279,NaN,NaN,6386.04097805335,1
hard_M4_02.mat,910002,911402027,WarmPSO,2500,2500,200,0,0,1.2327606,6878.35136601724,6859.86652488251,0,0,0,1,0,117.833155278845,0,0,279,NaN,NaN,6386.04097805335,1
hard_M4_02.mat,910002,911402027,AlwaysVND,500,491,200,0,171,1.0331399,7510.17384806431,7492.89136435314,0,0,0,1,0,117.833155278845,0,0,324,260,9624.90094267728,6386.04097805335,1
hard_M4_02.mat,910002,911402027,AlwaysVND,1000,926,200,0,456,1.0742529,6341.82742686449,6328.61530548694,0,0,0,1,0,117.833155278845,0,0,324,260,10793.2473638771,6386.04097805335,1
hard_M4_02.mat,910002,911402027,AlwaysVND,1500,1448,200,0,798,1.1264507,5105.47931606433,5096.46850166243,0,0,0,1,0,117.833155278845,0,0,324,260,12029.5954746773,6386.04097805335,1
hard_M4_02.mat,910002,911402027,AlwaysVND,2500,2500,200,0,1482,1.2394167,4867.39912613831,4858.16018753064,0,0,0,1,0,117.833155278845,0,0,324,260,12267.6756646033,6386.04097805335,1
hard_M4_02.mat,910002,911402027,FB-CMPSO,500,453,200,19,114,1.0293741,7210.19359936693,7190.4413075796,0,0,0,1,0,117.833155278845,0,0,287,309,1669.29811626483,6386.04097805335,1
hard_M4_02.mat,910002,911402027,FB-CMPSO,1000,975,200,19,456,1.0811406,5723.88179268818,5715.65874707106,0,0,0,1,0,117.833155278845,0,0,287,309,3155.60992294359,6386.04097805335,1
hard_M4_02.mat,910002,911402027,FB-CMPSO,1500,1497,200,19,798,1.1353713,5337.30918556782,5329.50018238801,0,0,0,1,0,117.833155278845,0,0,287,309,3542.18253006395,6386.04097805335,1
hard_M4_02.mat,910002,911402027,FB-CMPSO,2500,2500,200,19,1441,1.2413148,4867.39912613831,4858.16018753064,0,0,0,1,0,117.833155278845,0,0,287,309,4012.09258949345,6386.04097805335,1
hard_M4_02.mat,910002,911402028,Repair,500,75,0,0,0,0.006163,15240.0121491793,6500.20733088664,87.1896753624016,0,0,0,NaN,NaN,NaN,NaN,NaN,NaN,NaN,6386.04097805335,0
hard_M4_02.mat,910002,911402028,Repair,1000,75,0,0,0,0.006163,15240.0121491793,6500.20733088664,87.1896753624016,0,0,0,NaN,NaN,NaN,NaN,NaN,NaN,NaN,6386.04097805335,0
hard_M4_02.mat,910002,911402028,Repair,1500,75,0,0,0,0.006163,15240.0121491793,6500.20733088664,87.1896753624016,0,0,0,NaN,NaN,NaN,NaN,NaN,NaN,NaN,6386.04097805335,0
hard_M4_02.mat,910002,911402028,Repair,2500,75,0,0,0,0.006163,15240.0121491793,6500.20733088664,87.1896753624016,0,0,0,NaN,NaN,NaN,NaN,NaN,NaN,NaN,6386.04097805335,0
hard_M4_02.mat,910002,911402028,WarmPSO,500,500,200,0,0,1.0234798,7667.35005371469,7648.7337817169,0,0,0,1,0,137.963408429055,0,0,272,NaN,NaN,6386.04097805335,1
hard_M4_02.mat,910002,911402028,WarmPSO,1000,980,200,0,0,1.0632137,6072.56041263574,6060.98994658387,0,0,0,1,0,137.963408429055,0,0,272,NaN,NaN,6386.04097805335,1
hard_M4_02.mat,910002,911402028,WarmPSO,1500,1490,200,0,0,1.1047716,6072.56041263574,6060.98994658387,0,0,0,1,0,137.963408429055,0,0,272,NaN,NaN,6386.04097805335,1
hard_M4_02.mat,910002,911402028,WarmPSO,2500,2500,200,0,0,1.1899123,6068.88117226955,6055.42241216305,0,0,0,1,0,137.963408429055,0,0,272,NaN,NaN,6386.04097805335,1
hard_M4_02.mat,910002,911402028,AlwaysVND,500,491,200,0,171,1.0249452,7625.30653664139,7599.25680969474,0,0,0,1,0,137.963408429055,0,0,321,260,7318.91158090632,6386.04097805335,1
hard_M4_02.mat,910002,911402028,AlwaysVND,1000,926,200,0,456,1.0652973,5429.16880777608,5419.82065535709,0,0,0,1,0,137.963408429055,0,0,321,260,9515.04930977162,6386.04097805335,1
hard_M4_02.mat,910002,911402028,AlwaysVND,1500,1448,200,0,798,1.1153372,5223.81521502103,5216.33390617863,0,0,0,1,0,137.963408429055,0,0,321,260,9720.40290252668,6386.04097805335,1
hard_M4_02.mat,910002,911402028,AlwaysVND,2500,2500,200,0,1482,1.2200143,4932.72528630849,4923.07958388161,0,0,0,1,0,137.963408429055,0,0,321,260,10011.4928312392,6386.04097805335,1
hard_M4_02.mat,910002,911402028,FB-CMPSO,500,464,200,57,57,1.024792,8222.06590896248,8203.62299079672,0,0,0,1,0,137.963408429055,0,0,372,407,1178.63325878016,6386.04097805335,1
hard_M4_02.mat,910002,911402028,FB-CMPSO,1000,986,200,57,399,1.074454,6037.03778351164,6028.50668766101,0,0,0,1,0,137.963408429055,0,0,372,407,3363.661384231,6386.04097805335,1
hard_M4_02.mat,910002,911402028,FB-CMPSO,1500,1421,200,57,684,1.116466,5610.1393199669,5601.438587765,0,0,0,1,0,137.963408429055,0,0,372,407,3790.55984777574,6386.04097805335,1
hard_M4_02.mat,910002,911402028,FB-CMPSO,2500,2500,200,57,1373,1.2322052,5218.47942941303,5207.05732814146,0,0,0,1,0,137.963408429055,0,0,372,407,4182.21973832961,6386.04097805335,1
hard_M4_02.mat,910002,911402029,Repair,500,75,0,0,0,0.0061969,15240.0121491793,6500.20733088664,87.1896753624016,0,0,0,NaN,NaN,NaN,NaN,NaN,NaN,NaN,6386.04097805335,0
hard_M4_02.mat,910002,911402029,Repair,1000,75,0,0,0,0.0061969,15240.0121491793,6500.20733088664,87.1896753624016,0,0,0,NaN,NaN,NaN,NaN,NaN,NaN,NaN,6386.04097805335,0
hard_M4_02.mat,910002,911402029,Repair,1500,75,0,0,0,0.0061969,15240.0121491793,6500.20733088664,87.1896753624016,0,0,0,NaN,NaN,NaN,NaN,NaN,NaN,NaN,6386.04097805335,0
hard_M4_02.mat,910002,911402029,Repair,2500,75,0,0,0,0.0061969,15240.0121491793,6500.20733088664,87.1896753624016,0,0,0,NaN,NaN,NaN,NaN,NaN,NaN,NaN,6386.04097805335,0
hard_M4_02.mat,910002,911402029,WarmPSO,500,500,200,0,0,1.0179847,11952.6775243432,9264.34929647204,26.5608688142881,0,0,0,0,178.81111131478,0,0,NaN,NaN,NaN,6386.04097805335,1
hard_M4_02.mat,910002,911402029,WarmPSO,1000,980,200,0,0,1.0625854,10524.3981579499,8738.14017660667,17.5529493317351,0,0,0,0,178.81111131478,0,0,NaN,NaN,NaN,6386.04097805335,1
hard_M4_02.mat,910002,911402029,WarmPSO,1500,1490,200,0,0,1.107398,8450.46124849047,8430.34736864076,0,0,0,1,0,178.81111131478,0,0,1062,NaN,NaN,6386.04097805335,1
hard_M4_02.mat,910002,911402029,WarmPSO,2500,2500,200,0,0,1.1922858,7340.29586223437,7323.92121650835,0,0,0,1,0,178.81111131478,0,0,1062,NaN,NaN,6386.04097805335,1
hard_M4_02.mat,910002,911402029,AlwaysVND,500,491,200,0,171,1.0180463,13270.4900149304,9719.35561711321,35.1372730345124,0,0,0,0,178.81111131478,0,0,NaN,260,2608.68709446836,6386.04097805335,1
hard_M4_02.mat,910002,911402029,AlwaysVND,1000,926,200,0,456,1.0611359,5921.59072508206,5904.82415973205,0,0,0,1,0,178.81111131478,0,0,591,260,9957.58638431667,6386.04097805335,1
hard_M4_02.mat,910002,911402029,AlwaysVND,1500,1448,200,0,798,1.113376,5210.73740258938,5199.72397635126,0,0,0,1,0,178.81111131478,0,0,591,260,10668.4397068093,6386.04097805335,1
hard_M4_02.mat,910002,911402029,AlwaysVND,2500,2500,200,0,1482,1.2161201,4847.53714394367,4840.06442765365,0,0,0,1,0,178.81111131478,0,0,591,260,11031.6399654551,6386.04097805335,1
hard_M4_02.mat,910002,911402029,FB-CMPSO,500,475,200,95,0,1.0190111,14667.2675418504,8010.02158494089,66.242240474511,0,0,0,0,178.81111131478,0,0,NaN,NaN,NaN,6386.04097805335,1
hard_M4_02.mat,910002,911402029,FB-CMPSO,1000,992,200,228,114,1.0730529,6884.40449467787,6865.63263619311,0,0,0,1,0,178.81111131478,0,0,817,848,1943.75784769536,6386.04097805335,1
hard_M4_02.mat,910002,911402029,FB-CMPSO,1500,1427,200,228,399,1.1134169,5850.00891706744,5839.50545038923,0,0,0,1,0,178.81111131478,0,0,817,848,2978.1534253058,6386.04097805335,1
hard_M4_02.mat,910002,911402029,FB-CMPSO,2500,2500,200,228,1083,1.2156721,4847.53714394367,4840.06442765365,0,0,0,1,0,178.81111131478,0,0,817,848,3980.62519842956,6386.04097805335,1
hard_M4_02.mat,910002,911402030,Repair,500,75,0,0,0,0.0061323,15240.0121491793,6500.20733088664,87.1896753624016,0,0,0,NaN,NaN,NaN,NaN,NaN,NaN,NaN,6386.04097805335,0
hard_M4_02.mat,910002,911402030,Repair,1000,75,0,0,0,0.0061323,15240.0121491793,6500.20733088664,87.1896753624016,0,0,0,NaN,NaN,NaN,NaN,NaN,NaN,NaN,6386.04097805335,0
hard_M4_02.mat,910002,911402030,Repair,1500,75,0,0,0,0.0061323,15240.0121491793,6500.20733088664,87.1896753624016,0,0,0,NaN,NaN,NaN,NaN,NaN,NaN,NaN,6386.04097805335,0
hard_M4_02.mat,910002,911402030,Repair,2500,75,0,0,0,0.0061323,15240.0121491793,6500.20733088664,87.1896753624016,0,0,0,NaN,NaN,NaN,NaN,NaN,NaN,NaN,6386.04097805335,0
hard_M4_02.mat,910002,911402030,WarmPSO,500,500,200,0,0,1.0192718,19264.6648720107,7864.33432680597,113.646542268749,0,0,0,0,276.036749346726,0,0,NaN,NaN,NaN,6386.04097805335,0
hard_M4_02.mat,910002,911402030,WarmPSO,1000,980,200,0,0,1.0672088,12575.8674920665,9031.26670031725,35.1372730345124,0,0,0,0,276.036749346726,0,0,NaN,NaN,NaN,6386.04097805335,1
hard_M4_02.mat,910002,911402030,WarmPSO,1500,1490,200,0,0,1.1196226,11100.7681752606,7556.21861341894,35.1372730345124,0,0,0,0,276.036749346726,0,0,NaN,NaN,NaN,6386.04097805335,1
hard_M4_02.mat,910002,911402030,WarmPSO,2500,2500,200,0,0,1.2107433,10033.051400443,6495.05809229808,35.1372730345124,0,0,0,0,276.036749346726,0,0,NaN,NaN,NaN,6386.04097805335,1
hard_M4_02.mat,910002,911402030,AlwaysVND,500,491,200,0,171,1.0176636,7534.63368232033,7512.28962013235,0,0,0,1,0,276.036749346726,0,0,443,260,11662.6645223151,6386.04097805335,1
hard_M4_02.mat,910002,911402030,AlwaysVND,1000,926,200,0,456,1.0606827,5625.46575840625,5611.81252103564,0,0,0,1,0,276.036749346726,0,0,443,260,13571.8324462291,6386.04097805335,1
hard_M4_02.mat,910002,911402030,AlwaysVND,1500,1448,200,0,798,1.11901,4847.53714394367,4840.06442765365,0,0,0,1,0,276.036749346726,0,0,443,260,14349.7610606917,6386.04097805335,1
hard_M4_02.mat,910002,911402030,AlwaysVND,2500,2500,200,0,1482,1.2394801,4847.53714394367,4840.06442765365,0,0,0,1,0,276.036749346726,0,0,443,260,14349.7610606917,6386.04097805335,1
hard_M4_02.mat,910002,911402030,FB-CMPSO,500,415,200,38,57,1.0125718,9543.86640819045,9510.32804364562,0,0,0,1,0,276.036749346726,0,0,349,358,1541.3707378768,6386.04097805335,1
hard_M4_02.mat,910002,911402030,FB-CMPSO,1000,937,200,38,399,1.0649942,5845.88263140566,5834.6206315772,0,0,0,1,0,276.036749346726,0,0,349,358,5239.35451466159,6386.04097805335,1
hard_M4_02.mat,910002,911402030,FB-CMPSO,1500,1459,200,38,741,1.1248766,5451.89213258309,5441.26010366946,0,0,0,1,0,276.036749346726,0,0,349,358,5633.34501348416,6386.04097805335,1
hard_M4_02.mat,910002,911402030,FB-CMPSO,2500,2500,200,38,1422,1.2408124,4984.78257425882,4977.3098579688,0,0,0,1,0,276.036749346726,0,0,349,358,6100.45457180842,6386.04097805335,1
hard_M4_03.mat,910003,911403001,Repair,500,75,0,0,0,0.0063614,8719.49562897795,6474.77993145361,22.2722720807791,0,0,0,NaN,NaN,NaN,NaN,NaN,NaN,NaN,5531.3009056067,0
hard_M4_03.mat,910003,911403001,Repair,1000,75,0,0,0,0.0063614,8719.49562897795,6474.77993145361,22.2722720807791,0,0,0,NaN,NaN,NaN,NaN,NaN,NaN,NaN,5531.3009056067,0
hard_M4_03.mat,910003,911403001,Repair,1500,75,0,0,0,0.0063614,8719.49562897795,6474.77993145361,22.2722720807791,0,0,0,NaN,NaN,NaN,NaN,NaN,NaN,NaN,5531.3009056067,0
hard_M4_03.mat,910003,911403001,Repair,2500,75,0,0,0,0.0063614,8719.49562897795,6474.77993145361,22.2722720807791,0,0,0,NaN,NaN,NaN,NaN,NaN,NaN,NaN,5531.3009056067,0
hard_M4_03.mat,910003,911403001,WarmPSO,500,500,200,0,0,1.0578292,10381.7724288708,10348.1218765029,0,0,0,1,0,28.5664591314951,0,0,272,NaN,NaN,5531.3009056067,0
hard_M4_03.mat,910003,911403001,WarmPSO,1000,980,200,0,0,1.0997719,8504.89166786277,8477.41149333969,0,0,0,1,0,28.5664591314951,0,0,272,NaN,NaN,5531.3009056067,1
hard_M4_03.mat,910003,911403001,WarmPSO,1500,1490,200,0,0,1.1435502,8178.69363692762,8146.25200538391,0,0,0,1,0,28.5664591314951,0,0,272,NaN,NaN,5531.3009056067,1
hard_M4_03.mat,910003,911403001,WarmPSO,2500,2500,200,0,0,1.2343246,8051.22560188632,8025.44908103919,0,0,0,1,0,28.5664591314951,0,0,272,NaN,NaN,5531.3009056067,1
hard_M4_03.mat,910003,911403001,AlwaysVND,500,491,200,0,171,1.0605218,9197.92508153658,9173.24627236426,0,0,0,1,0,28.5664591314951,0,0,326,260,2923.51995597719,5531.3009056067,0
hard_M4_03.mat,910003,911403001,AlwaysVND,1000,926,200,0,456,1.1063713,7646.39247480453,7620.92746983413,0,0,0,1,0,28.5664591314951,0,0,326,260,4475.05256270924,5531.3009056067,1
hard_M4_03.mat,910003,911403001,AlwaysVND,1500,1448,200,0,798,1.1655336,7183.64903834458,7162.50726943021,0,0,0,1,0,28.5664591314951,0,0,326,260,4937.79599916919,5531.3009056067,1
hard_M4_03.mat,910003,911403001,AlwaysVND,2500,2500,200,0,1482,1.2812161,6180.00964686766,6164.82361422831,0,0,0,1,0,28.5664591314951,0,0,326,260,5941.43539064611,5531.3009056067,1
hard_M4_03.mat,910003,911403001,FB-CMPSO,500,453,200,19,114,1.056542,8471.28707552673,8451.39645378529,0,0,0,1,0,28.5664591314951,0,0,288,309,2355.06638292193,5531.3009056067,1
hard_M4_03.mat,910003,911403001,FB-CMPSO,1000,975,200,19,456,1.1133308,7823.84823726212,7807.86134175263,0,0,0,1,0,28.5664591314951,0,0,288,309,3002.50522118654,5531.3009056067,1
hard_M4_03.mat,910003,911403001,FB-CMPSO,1500,1497,200,19,798,1.1714919,6863.42991982207,6851.06015602896,0,0,0,1,0,28.5664591314951,0,0,288,309,3962.92353862659,5531.3009056067,1
hard_M4_03.mat,910003,911403001,FB-CMPSO,2500,2500,200,19,1441,1.2805195,5882.28809361888,5867.9454548336,0,0,0,1,0,28.5664591314951,0,0,288,309,4944.06536482978,5531.3009056067,1
hard_M4_03.mat,910003,911403002,Repair,500,75,0,0,0,0.0062283,8719.49562897795,6474.77993145361,22.2722720807791,0,0,0,NaN,NaN,NaN,NaN,NaN,NaN,NaN,5531.3009056067,0
hard_M4_03.mat,910003,911403002,Repair,1000,75,0,0,0,0.0062283,8719.49562897795,6474.77993145361,22.2722720807791,0,0,0,NaN,NaN,NaN,NaN,NaN,NaN,NaN,5531.3009056067,0
hard_M4_03.mat,910003,911403002,Repair,1500,75,0,0,0,0.0062283,8719.49562897795,6474.77993145361,22.2722720807791,0,0,0,NaN,NaN,NaN,NaN,NaN,NaN,NaN,5531.3009056067,0
hard_M4_03.mat,910003,911403002,Repair,2500,75,0,0,0,0.0062283,8719.49562897795,6474.77993145361,22.2722720807791,0,0,0,NaN,NaN,NaN,NaN,NaN,NaN,NaN,5531.3009056067,0
hard_M4_03.mat,910003,911403002,WarmPSO,500,500,200,0,0,1.0361382,10119.556210704,6094.33594820987,40.1163116838013,0,0,0,0,43.9337928440707,0,0,NaN,NaN,NaN,5531.3009056067,0
hard_M4_03.mat,910003,911403002,WarmPSO,1000,980,200,0,0,1.0864754,7916.12226789842,7891.07402642907,0,0,0,1,0,43.9337928440707,0,0,534,NaN,NaN,5531.3009056067,1
hard_M4_03.mat,910003,911403002,WarmPSO,1500,1490,200,0,0,1.1493511,7640.15320306114,7622.06126675943,0,0,0,1,0,43.9337928440707,0,0,534,NaN,NaN,5531.3009056067,1
hard_M4_03.mat,910003,911403002,WarmPSO,2500,2500,200,0,0,1.2380132,7318.28213924205,7295.39373456423,0,0,0,1,0,43.9337928440707,0,0,534,NaN,NaN,5531.3009056067,1
hard_M4_03.mat,910003,911403002,AlwaysVND,500,491,200,0,171,1.0349105,6684.04895452429,5901.01662169242,7.65769090833021,0,0,0,0,43.9337928440707,0,0,NaN,260,3590.36239359333,5531.3009056067,1
hard_M4_03.mat,910003,911403002,AlwaysVND,1000,926,200,0,456,1.0783815,5703.10362248607,5693.5938931289,0,0,0,1,0,43.9337928440707,0,0,821,260,4571.30772563155,5531.3009056067,1
hard_M4_03.mat,910003,911403002,AlwaysVND,1500,1448,200,0,798,1.1391908,5581.30256014993,5568.69374994418,0,0,0,1,0,43.9337928440707,0,0,821,260,4693.10878796769,5531.3009056067,1
hard_M4_03.mat,910003,911403002,AlwaysVND,2500,2500,200,0,1482,1.2557511,5166.27020796546,5158.61524052231,0,0,0,1,0,43.9337928440707,0,0,821,260,5108.14114015215,5531.3009056067,1
hard_M4_03.mat,910003,911403002,FB-CMPSO,500,475,200,95,0,1.0358962,9892.66323209068,5867.44296959656,40.1163116838013,0,0,0,0,43.9337928440707,0,0,NaN,NaN,NaN,5531.3009056067,0
hard_M4_03.mat,910003,911403002,FB-CMPSO,1000,965,200,285,0,1.0962841,9892.66323209068,5867.44296959656,40.1163116838013,0,0,0,0,43.9337928440707,0,0,NaN,NaN,NaN,5531.3009056067,0
hard_M4_03.mat,910003,911403002,FB-CMPSO,1500,1455,200,475,0,1.1593729,8764.10490848593,7199.47095246721,15.4426655119559,0,0,0,0,43.9337928440707,0,0,NaN,NaN,NaN,5531.3009056067,0
hard_M4_03.mat,910003,911403002,FB-CMPSO,2500,2500,200,874,0,1.2981783,8165.86259458386,6604.91004169355,15.4426655119559,0,0,0,0,43.9337928440707,0,0,NaN,NaN,NaN,5531.3009056067,1
hard_M4_03.mat,910003,911403003,Repair,500,75,0,0,0,0.0065165,8719.49562897795,6474.77993145361,22.2722720807791,0,0,0,NaN,NaN,NaN,NaN,NaN,NaN,NaN,5531.3009056067,0
hard_M4_03.mat,910003,911403003,Repair,1000,75,0,0,0,0.0065165,8719.49562897795,6474.77993145361,22.2722720807791,0,0,0,NaN,NaN,NaN,NaN,NaN,NaN,NaN,5531.3009056067,0
hard_M4_03.mat,910003,911403003,Repair,1500,75,0,0,0,0.0065165,8719.49562897795,6474.77993145361,22.2722720807791,0,0,0,NaN,NaN,NaN,NaN,NaN,NaN,NaN,5531.3009056067,0
hard_M4_03.mat,910003,911403003,Repair,2500,75,0,0,0,0.0065165,8719.49562897795,6474.77993145361,22.2722720807791,0,0,0,NaN,NaN,NaN,NaN,NaN,NaN,NaN,5531.3009056067,0
hard_M4_03.mat,910003,911403003,WarmPSO,500,500,200,0,0,1.0523462,9630.05757848294,9598.4349140965,0,0,0,1,0,118.110803907295,0,0,262,NaN,NaN,5531.3009056067,0
hard_M4_03.mat,910003,911403003,WarmPSO,1000,980,200,0,0,1.1028677,9237.97836335824,9204.24489448323,0,0,0,1,0,118.110803907295,0,0,262,NaN,NaN,5531.3009056067,0
hard_M4_03.mat,910003,911403003,WarmPSO,1500,1490,200,0,0,1.1532164,9172.00446910947,9145.16759899796,0,0,0,1,0,118.110803907295,0,0,262,NaN,NaN,5531.3009056067,0
hard_M4_03.mat,910003,911403003,WarmPSO,2500,2500,200,0,0,1.247237,7816.55676416705,7792.18897746805,0,0,0,1,0,118.110803907295,0,0,262,NaN,NaN,5531.3009056067,1
hard_M4_03.mat,910003,911403003,AlwaysVND,500,491,200,0,171,1.0471959,6729.82542168945,6710.27031992834,0,0,0,1,0,118.110803907295,0,0,273,260,6836.91617660184,5531.3009056067,1
hard_M4_03.mat,910003,911403003,AlwaysVND,1000,926,200,0,456,1.0992898,6490.37394916205,6471.35636516665,0,0,0,1,0,118.110803907295,0,0,273,260,7076.36764912924,5531.3009056067,1
hard_M4_03.mat,910003,911403003,AlwaysVND,1500,1448,200,0,798,1.1574216,5775.78748751641,5761.60855262414,0,0,0,1,0,118.110803907295,0,0,273,260,7790.95411077488,5531.3009056067,1
hard_M4_03.mat,910003,911403003,AlwaysVND,2500,2500,200,0,1482,1.2770336,5690.55534164186,5675.50592466385,0,0,0,1,0,118.110803907295,0,0,273,260,7876.18625664943,5531.3009056067,1
hard_M4_03.mat,910003,911403003,FB-CMPSO,500,453,200,19,114,1.0433875,7109.04677000814,7089.11336812118,0,0,0,1,0,118.110803907295,0,0,266,309,898.69830813894,5531.3009056067,1
hard_M4_03.mat,910003,911403003,FB-CMPSO,1000,975,200,19,456,1.100525,6346.99151209812,6327.76912529263,0,0,0,1,0,118.110803907295,0,0,266,309,1660.75356604896,5531.3009056067,1
hard_M4_03.mat,910003,911403003,FB-CMPSO,1500,1497,200,19,798,1.1718478,6264.69755591113,6246.67047467187,0,0,0,1,0,118.110803907295,0,0,266,309,1743.04752223595,5531.3009056067,1
hard_M4_03.mat,910003,911403003,FB-CMPSO,2500,2500,200,19,1441,1.2938414,5527.84058774768,5514.71025471238,0,0,0,1,0,118.110803907295,0,0,266,309,2479.9044903994,5531.3009056067,1
hard_M4_03.mat,910003,911403004,Repair,500,75,0,0,0,0.0066174,8719.49562897795,6474.77993145361,22.2722720807791,0,0,0,NaN,NaN,NaN,NaN,NaN,NaN,NaN,5531.3009056067,0
hard_M4_03.mat,910003,911403004,Repair,1000,75,0,0,0,0.0066174,8719.49562897795,6474.77993145361,22.2722720807791,0,0,0,NaN,NaN,NaN,NaN,NaN,NaN,NaN,5531.3009056067,0
hard_M4_03.mat,910003,911403004,Repair,1500,75,0,0,0,0.0066174,8719.49562897795,6474.77993145361,22.2722720807791,0,0,0,NaN,NaN,NaN,NaN,NaN,NaN,NaN,5531.3009056067,0
hard_M4_03.mat,910003,911403004,Repair,2500,75,0,0,0,0.0066174,8719.49562897795,6474.77993145361,22.2722720807791,0,0,0,NaN,NaN,NaN,NaN,NaN,NaN,NaN,5531.3009056067,0
hard_M4_03.mat,910003,911403004,WarmPSO,500,500,200,0,0,1.084943,7561.09082905378,7539.10499879469,0,0,0,1,0,90.6371464878524,0,0,238,NaN,NaN,5531.3009056067,1
hard_M4_03.mat,910003,911403004,WarmPSO,1000,980,200,0,0,1.1331756,7561.09082905378,7539.10499879469,0,0,0,1,0,90.6371464878524,0,0,238,NaN,NaN,5531.3009056067,1
hard_M4_03.mat,910003,911403004,WarmPSO,1500,1490,200,0,0,1.1767815,6935.70101217775,6912.37367279704,0,0,0,1,0,90.6371464878524,0,0,238,NaN,NaN,5531.3009056067,1
hard_M4_03.mat,910003,911403004,WarmPSO,2500,2500,200,0,0,1.2675255,6803.73602435265,6784.75712809473,0,0,0,1,0,90.6371464878524,0,0,238,NaN,NaN,5531.3009056067,1
hard_M4_03.mat,910003,911403004,AlwaysVND,500,491,200,0,171,1.0827071,6837.13422319061,6819.13018660099,0,0,0,1,0,90.6371464878524,0,0,238,260,723.956605863172,5531.3009056067,1
hard_M4_03.mat,910003,911403004,AlwaysVND,1000,926,200,0,456,1.136905,6290.92646810699,6273.51927952035,0,0,0,1,0,90.6371464878524,0,0,238,260,1270.16436094679,5531.3009056067,1
hard_M4_03.mat,910003,911403004,AlwaysVND,1500,1448,200,0,798,1.2042381,5700.26607542583,5684.29052865064,0,0,0,1,0,90.6371464878524,0,0,238,260,1860.82475362795,5531.3009056067,1
hard_M4_03.mat,910003,911403004,AlwaysVND,2500,2500,200,0,1482,1.3148588,5551.16742987151,5535.13516276139,0,0,0,1,0,90.6371464878524,0,0,238,260,2009.92339918227,5531.3009056067,1
hard_M4_03.mat,910003,911403004,FB-CMPSO,500,491,200,0,171,1.0802034,6837.13422319061,6819.13018660099,0,0,0,1,0,90.6371464878524,0,0,238,260,723.956605863172,5531.3009056067,1
hard_M4_03.mat,910003,911403004,FB-CMPSO,1000,926,200,0,456,1.1286921,6290.92646810699,6273.51927952035,0,0,0,1,0,90.6371464878524,0,0,238,260,1270.16436094679,5531.3009056067,1
hard_M4_03.mat,910003,911403004,FB-CMPSO,1500,1448,200,0,798,1.1880345,5700.26607542583,5684.29052865064,0,0,0,1,0,90.6371464878524,0,0,238,260,1860.82475362795,5531.3009056067,1
hard_M4_03.mat,910003,911403004,FB-CMPSO,2500,2500,200,0,1482,1.3184989,5551.16742987151,5535.13516276139,0,0,0,1,0,90.6371464878524,0,0,238,260,2009.92339918227,5531.3009056067,1
hard_M4_03.mat,910003,911403005,Repair,500,75,0,0,0,0.0060285,8719.49562897795,6474.77993145361,22.2722720807791,0,0,0,NaN,NaN,NaN,NaN,NaN,NaN,NaN,5531.3009056067,0
hard_M4_03.mat,910003,911403005,Repair,1000,75,0,0,0,0.0060285,8719.49562897795,6474.77993145361,22.2722720807791,0,0,0,NaN,NaN,NaN,NaN,NaN,NaN,NaN,5531.3009056067,0
hard_M4_03.mat,910003,911403005,Repair,1500,75,0,0,0,0.0060285,8719.49562897795,6474.77993145361,22.2722720807791,0,0,0,NaN,NaN,NaN,NaN,NaN,NaN,NaN,5531.3009056067,0
hard_M4_03.mat,910003,911403005,Repair,2500,75,0,0,0,0.0060285,8719.49562897795,6474.77993145361,22.2722720807791,0,0,0,NaN,NaN,NaN,NaN,NaN,NaN,NaN,5531.3009056067,0
hard_M4_03.mat,910003,911403005,WarmPSO,500,500,200,0,0,1.033875,11703.8131312266,11663.444693952,0,0,0,1,0,52.0937864259194,0,0,301,NaN,NaN,5531.3009056067,0
hard_M4_03.mat,910003,911403005,WarmPSO,1000,980,200,0,0,1.0793071,9998.60242501916,9966.82977591678,0,0,0,1,0,52.0937864259194,0,0,301,NaN,NaN,5531.3009056067,0
hard_M4_03.mat,910003,911403005,WarmPSO,1500,1490,200,0,0,1.1243921,9383.58170515564,9347.66793588549,0,0,0,1,0,52.0937864259194,0,0,301,NaN,NaN,5531.3009056067,0
hard_M4_03.mat,910003,911403005,WarmPSO,2500,2500,200,0,0,1.2151579,8335.47318579548,8314.93663651722,0,0,0,1,0,52.0937864259194,0,0,301,NaN,NaN,5531.3009056067,1
hard_M4_03.mat,910003,911403005,AlwaysVND,500,491,200,0,171,1.0356544,8026.63340690664,8002.12259432089,0,0,0,1,0,52.0937864259194,0,0,277,260,5585.0851579226,5531.3009056067,1
hard_M4_03.mat,910003,911403005,AlwaysVND,1000,926,200,0,456,1.0805904,7295.18085134848,7270.02716365762,0,0,0,1,0,52.0937864259194,0,0,277,260,6316.53771348076,5531.3009056067,1
hard_M4_03.mat,910003,911403005,AlwaysVND,1500,1448,200,0,798,1.1421868,6650.73946906306,6631.58897206082,0,0,0,1,0,52.0937864259194,0,0,277,260,6960.97909576618,5531.3009056067,1
hard_M4_03.mat,910003,911403005,AlwaysVND,2500,2500,200,0,1482,1.2592347,6025.54686086963,6007.0794618699,0,0,0,1,0,52.0937864259194,0,0,277,260,7586.17170395961,5531.3009056067,1
hard_M4_03.mat,910003,911403005,FB-CMPSO,500,453,200,19,114,1.0365781,8428.53104817517,8402.11247924943,0,0,0,1,0,52.0937864259194,0,0,274,309,158.450105284954,5531.3009056067,1
hard_M4_03.mat,910003,911403005,FB-CMPSO,1000,975,200,19,456,1.088295,7480.67278658345,7461.32125421744,0,0,0,1,0,52.0937864259194,0,0,274,309,1106.30836687668,5531.3009056067,1
hard_M4_03.mat,910003,911403005,FB-CMPSO,1500,1497,200,19,798,1.1473232,6437.61354322931,6421.66633860201,0,0,0,1,0,52.0937864259194,0,0,274,309,2149.36761023082,5531.3009056067,1
hard_M4_03.mat,910003,911403005,FB-CMPSO,2500,2500,200,19,1441,1.2518884,6298.82586687334,6282.90717729339,0,0,0,1,0,52.0937864259194,0,0,274,309,2288.15528658679,5531.3009056067,1
hard_M4_03.mat,910003,911403006,Repair,500,75,0,0,0,0.0064827,8719.49562897795,6474.77993145361,22.2722720807791,0,0,0,NaN,NaN,NaN,NaN,NaN,NaN,NaN,5531.3009056067,0
hard_M4_03.mat,910003,911403006,Repair,1000,75,0,0,0,0.0064827,8719.49562897795,6474.77993145361,22.2722720807791,0,0,0,NaN,NaN,NaN,NaN,NaN,NaN,NaN,5531.3009056067,0
hard_M4_03.mat,910003,911403006,Repair,1500,75,0,0,0,0.0064827,8719.49562897795,6474.77993145361,22.2722720807791,0,0,0,NaN,NaN,NaN,NaN,NaN,NaN,NaN,5531.3009056067,0
hard_M4_03.mat,910003,911403006,Repair,2500,75,0,0,0,0.0064827,8719.49562897795,6474.77993145361,22.2722720807791,0,0,0,NaN,NaN,NaN,NaN,NaN,NaN,NaN,5531.3009056067,0
hard_M4_03.mat,910003,911403006,WarmPSO,500,500,200,0,0,1.0625354,9348.12912391615,9312.29131347169,0,0,0,1,0,106.719994790731,0,0,422,NaN,NaN,5531.3009056067,0
hard_M4_03.mat,910003,911403006,WarmPSO,1000,980,200,0,0,1.1220733,9348.12912391615,9312.29131347169,0,0,0,1,0,106.719994790731,0,0,422,NaN,NaN,5531.3009056067,0
hard_M4_03.mat,910003,911403006,WarmPSO,1500,1490,200,0,0,1.1746543,8075.98828615916,8049.69327550428,0,0,0,1,0,106.719994790731,0,0,422,NaN,NaN,5531.3009056067,1
hard_M4_03.mat,910003,911403006,WarmPSO,2500,2500,200,0,0,1.2807087,7568.09227554324,7550.1081035748,0,0,0,1,0,106.719994790731,0,0,422,NaN,NaN,5531.3009056067,1
hard_M4_03.mat,910003,911403006,AlwaysVND,500,491,200,0,171,1.0626086,8181.63340837977,8157.05830697273,0,0,0,1,0,106.719994790731,0,0,286,260,3386.24783941151,5531.3009056067,1
hard_M4_03.mat,910003,911403006,AlwaysVND,1000,926,200,0,456,1.1102445,6197.52962489169,6181.50737011423,0,0,0,1,0,106.719994790731,0,0,286,260,5370.35162289959,5531.3009056067,1
hard_M4_03.mat,910003,911403006,AlwaysVND,1500,1448,200,0,798,1.168344,6164.38006700484,6146.90438595485,0,0,0,1,0,106.719994790731,0,0,286,260,5403.50118078643,5531.3009056067,1
hard_M4_03.mat,910003,911403006,AlwaysVND,2500,2500,200,0,1482,1.2889915,5345.76319515621,5332.27228388192,0,0,0,1,0,106.719994790731,0,0,286,260,6222.11805263506,5531.3009056067,1
hard_M4_03.mat,910003,911403006,FB-CMPSO,500,415,200,38,57,1.0562819,7658.15784000003,7634.59351722631,0,0,0,1,0,106.719994790731,0,0,316,358,546.451682923316,5531.3009056067,1
hard_M4_03.mat,910003,911403006,FB-CMPSO,1000,937,200,38,399,1.1126399,6465.63008738372,6446.60014791501,0,0,0,1,0,106.719994790731,0,0,316,358,1738.97943553962,5531.3009056067,1
hard_M4_03.mat,910003,911403006,FB-CMPSO,1500,1459,200,38,741,1.1743391,6060.68229143044,6044.24514901612,0,0,0,1,0,106.719994790731,0,0,316,358,2143.9272314929,5531.3009056067,1
hard_M4_03.mat,910003,911403006,FB-CMPSO,2500,2500,200,38,1422,1.2947372,5772.37639903869,5756.74959595099,0,0,0,1,0,106.719994790731,0,0,316,358,2432.23312388465,5531.3009056067,1
hard_M4_03.mat,910003,911403007,Repair,500,75,0,0,0,0.0068542,8719.49562897795,6474.77993145361,22.2722720807791,0,0,0,NaN,NaN,NaN,NaN,NaN,NaN,NaN,5531.3009056067,0
hard_M4_03.mat,910003,911403007,Repair,1000,75,0,0,0,0.0068542,8719.49562897795,6474.77993145361,22.2722720807791,0,0,0,NaN,NaN,NaN,NaN,NaN,NaN,NaN,5531.3009056067,0
hard_M4_03.mat,910003,911403007,Repair,1500,75,0,0,0,0.0068542,8719.49562897795,6474.77993145361,22.2722720807791,0,0,0,NaN,NaN,NaN,NaN,NaN,NaN,NaN,5531.3009056067,0
hard_M4_03.mat,910003,911403007,Repair,2500,75,0,0,0,0.0068542,8719.49562897795,6474.77993145361,22.2722720807791,0,0,0,NaN,NaN,NaN,NaN,NaN,NaN,NaN,5531.3009056067,0
hard_M4_03.mat,910003,911403007,WarmPSO,500,500,200,0,0,1.0596426,7318.28213924205,7295.39373456423,0,0,0,1,0,63.7650025169044,0,0,287,NaN,NaN,5531.3009056067,1
hard_M4_03.mat,910003,911403007,WarmPSO,1000,980,200,0,0,1.1034076,7318.28213924205,7295.39373456423,0,0,0,1,0,63.7650025169044,0,0,287,NaN,NaN,5531.3009056067,1
hard_M4_03.mat,910003,911403007,WarmPSO,1500,1490,200,0,0,1.1491973,7318.28213924205,7295.39373456423,0,0,0,1,0,63.7650025169044,0,0,287,NaN,NaN,5531.3009056067,1
hard_M4_03.mat,910003,911403007,WarmPSO,2500,2500,200,0,0,1.2496673,6935.70101217775,6912.37367279704,0,0,0,1,0,63.7650025169044,0,0,287,NaN,NaN,5531.3009056067,1
hard_M4_03.mat,910003,911403007,AlwaysVND,500,491,200,0,171,1.0607985,8145.36953250232,8117.75541926362,0,0,0,1,0,63.7650025169044,0,0,319,260,3426.84099431038,5531.3009056067,1
hard_M4_03.mat,910003,911403007,AlwaysVND,1000,926,200,0,456,1.108767,7160.22845690654,7144.48596986615,0,0,0,1,0,63.7650025169044,0,0,319,260,4411.98206990616,5531.3009056067,1
hard_M4_03.mat,910003,911403007,AlwaysVND,1500,1448,200,0,798,1.1612731,5938.21564248037,5925.38344006623,0,0,0,1,0,63.7650025169044,0,0,319,260,5633.99488433233,5531.3009056067,1
hard_M4_03.mat,910003,911403007,AlwaysVND,2500,2500,200,0,1482,1.269078,5291.73494264795,5275.17317883529,0,0,0,1,0,63.7650025169044,0,0,319,260,6280.47558416474,5531.3009056067,1
hard_M4_03.mat,910003,911403007,FB-CMPSO,500,453,200,19,114,1.0551812,7037.77199400603,7020.45050313617,0,0,0,1,0,63.7650025169044,0,0,267,309,424.04270594236,5531.3009056067,1
hard_M4_03.mat,910003,911403007,FB-CMPSO,1000,975,200,19,456,1.1059561,5848.62329604245,5833.62416615463,0,0,0,1,0,63.7650025169044,0,0,267,309,1613.19140390594,5531.3009056067,1
hard_M4_03.mat,910003,911403007,FB-CMPSO,1500,1497,200,19,798,1.1610002,5168.51323378566,5154.84702612119,0,0,0,1,0,63.7650025169044,0,0,267,309,2293.30146616273,5531.3009056067,1
hard_M4_03.mat,910003,911403007,FB-CMPSO,2500,2500,200,19,1441,1.271053,5147.55856141339,5133.79266296037,0,0,0,1,0,63.7650025169044,0,0,267,309,2314.25613853501,5531.3009056067,1
hard_M4_03.mat,910003,911403008,Repair,500,75,0,0,0,0.0070966,8719.49562897795,6474.77993145361,22.2722720807791,0,0,0,NaN,NaN,NaN,NaN,NaN,NaN,NaN,5531.3009056067,0
hard_M4_03.mat,910003,911403008,Repair,1000,75,0,0,0,0.0070966,8719.49562897795,6474.77993145361,22.2722720807791,0,0,0,NaN,NaN,NaN,NaN,NaN,NaN,NaN,5531.3009056067,0
hard_M4_03.mat,910003,911403008,Repair,1500,75,0,0,0,0.0070966,8719.49562897795,6474.77993145361,22.2722720807791,0,0,0,NaN,NaN,NaN,NaN,NaN,NaN,NaN,5531.3009056067,0
hard_M4_03.mat,910003,911403008,Repair,2500,75,0,0,0,0.0070966,8719.49562897795,6474.77993145361,22.2722720807791,0,0,0,NaN,NaN,NaN,NaN,NaN,NaN,NaN,5531.3009056067,0
hard_M4_03.mat,910003,911403008,WarmPSO,500,500,200,0,0,1.041347,9291.70664003667,9262.34740200886,0,0,0,1,0,108.494867938156,0,0,318,NaN,NaN,5531.3009056067,0
hard_M4_03.mat,910003,911403008,WarmPSO,1000,980,200,0,0,1.0862623,8618.1070392383,8593.76908411777,0,0,0,1,0,108.494867938156,0,0,318,NaN,NaN,5531.3009056067,1
hard_M4_03.mat,910003,911403008,WarmPSO,1500,1490,200,0,0,1.1329563,8205.97259759353,8183.27113365847,0,0,0,1,0,108.494867938156,0,0,318,NaN,NaN,5531.3009056067,1
hard_M4_03.mat,910003,911403008,WarmPSO,2500,2500,200,0,0,1.2284308,7993.35627279546,7972.37762541275,0,0,0,1,0,108.494867938156,0,0,318,NaN,NaN,5531.3009056067,1
hard_M4_03.mat,910003,911403008,AlwaysVND,500,491,200,0,171,1.0392356,7843.25297602174,7824.98367932001,0,0,0,1,0,108.494867938156,0,0,307,260,4958.99707201013,5531.3009056067,1
hard_M4_03.mat,910003,911403008,AlwaysVND,1000,926,200,0,456,1.0952183,6680.9751514304,6667.52253841513,0,0,0,1,0,108.494867938156,0,0,307,260,6121.27489660146,5531.3009056067,1
hard_M4_03.mat,910003,911403008,AlwaysVND,1500,1448,200,0,798,1.154354,6456.72352196539,6446.10932983624,0,0,0,1,0,108.494867938156,0,0,307,260,6345.52652606648,5531.3009056067,1
hard_M4_03.mat,910003,911403008,AlwaysVND,2500,2500,200,0,1482,1.2715327,5770.93751067309,5755.22723119808,0,0,0,1,0,108.494867938156,0,0,307,260,7031.31253735877,5531.3009056067,1
hard_M4_03.mat,910003,911403008,FB-CMPSO,500,475,200,95,0,1.042646,9126.52322789122,9093.42501830599,0,0,0,1,0,108.494867938156,0,0,458,NaN,NaN,5531.3009056067,0
hard_M4_03.mat,910003,911403008,FB-CMPSO,1000,997,200,95,342,1.099875,7502.91908260426,7480.1738485626,0,0,0,1,0,108.494867938156,0,0,458,505,1623.60414528697,5531.3009056067,1
hard_M4_03.mat,910003,911403008,FB-CMPSO,1500,1432,200,95,627,1.1462949,7169.99440871887,7148.93310317601,0,0,0,1,0,108.494867938156,0,0,458,505,1956.52881917235,5531.3009056067,1
hard_M4_03.mat,910003,911403008,FB-CMPSO,2500,2500,200,95,1311,1.2578921,5968.1416451974,5952.36031149392,0,0,0,1,0,108.494867938156,0,0,458,505,3158.38158269382,5531.3009056067,1
hard_M4_03.mat,910003,911403009,Repair,500,75,0,0,0,0.006948,8719.49562897795,6474.77993145361,22.2722720807791,0,0,0,NaN,NaN,NaN,NaN,NaN,NaN,NaN,5531.3009056067,0
hard_M4_03.mat,910003,911403009,Repair,1000,75,0,0,0,0.006948,8719.49562897795,6474.77993145361,22.2722720807791,0,0,0,NaN,NaN,NaN,NaN,NaN,NaN,NaN,5531.3009056067,0
hard_M4_03.mat,910003,911403009,Repair,1500,75,0,0,0,0.006948,8719.49562897795,6474.77993145361,22.2722720807791,0,0,0,NaN,NaN,NaN,NaN,NaN,NaN,NaN,5531.3009056067,0
hard_M4_03.mat,910003,911403009,Repair,2500,75,0,0,0,0.006948,8719.49562897795,6474.77993145361,22.2722720807791,0,0,0,NaN,NaN,NaN,NaN,NaN,NaN,NaN,5531.3009056067,0
hard_M4_03.mat,910003,911403009,WarmPSO,500,500,200,0,0,1.0438335,7566.51246697961,7537.66769864742,0,0,0,1,0,19.1217987884718,0,0,235,NaN,NaN,5531.3009056067,1
hard_M4_03.mat,910003,911403009,WarmPSO,1000,980,200,0,0,1.0879772,7354.32468319453,7331.38828700307,0,0,0,1,0,19.1217987884718,0,0,235,NaN,NaN,5531.3009056067,1
hard_M4_03.mat,910003,911403009,WarmPSO,1500,1490,200,0,0,1.1329849,6803.73602435265,6784.75712809473,0,0,0,1,0,19.1217987884718,0,0,235,NaN,NaN,5531.3009056067,1
hard_M4_03.mat,910003,911403009,WarmPSO,2500,2500,200,0,0,1.2279508,6803.73602435265,6784.75712809473,0,0,0,1,0,19.1217987884718,0,0,235,NaN,NaN,5531.3009056067,1
hard_M4_03.mat,910003,911403009,AlwaysVND,500,491,200,0,171,1.0471089,7042.8605129499,7017.19506978243,0,0,0,1,0,19.1217987884718,0,0,235,260,523.651954029709,5531.3009056067,1
hard_M4_03.mat,910003,911403009,AlwaysVND,1000,926,200,0,456,1.0963773,6113.38835503609,6096.09763265506,0,0,0,1,0,19.1217987884718,0,0,235,260,1453.12411194352,5531.3009056067,1
hard_M4_03.mat,910003,911403009,AlwaysVND,1500,1448,200,0,798,1.1488402,5949.11580323491,5934.15204021837,0,0,0,1,0,19.1217987884718,0,0,235,260,1617.39666374471,5531.3009056067,1
hard_M4_03.mat,910003,911403009,AlwaysVND,2500,2500,200,0,1482,1.263931,5633.68609978862,5621.95307705709,0,0,0,1,0,19.1217987884718,0,0,235,260,1932.82636719099,5531.3009056067,1
hard_M4_03.mat,910003,911403009,FB-CMPSO,500,491,200,0,171,1.0457397,7042.8605129499,7017.19506978243,0,0,0,1,0,19.1217987884718,0,0,235,260,523.651954029709,5531.3009056067,1
hard_M4_03.mat,910003,911403009,FB-CMPSO,1000,926,200,0,456,1.0954616,6113.38835503609,6096.09763265506,0,0,0,1,0,19.1217987884718,0,0,235,260,1453.12411194352,5531.3009056067,1
hard_M4_03.mat,910003,911403009,FB-CMPSO,1500,1448,200,0,798,1.147378,5949.11580323491,5934.15204021837,0,0,0,1,0,19.1217987884718,0,0,235,260,1617.39666374471,5531.3009056067,1
hard_M4_03.mat,910003,911403009,FB-CMPSO,2500,2500,200,0,1482,1.2585314,5633.68609978862,5621.95307705709,0,0,0,1,0,19.1217987884718,0,0,235,260,1932.82636719099,5531.3009056067,1
hard_M4_03.mat,910003,911403010,Repair,500,75,0,0,0,0.0061537,8719.49562897795,6474.77993145361,22.2722720807791,0,0,0,NaN,NaN,NaN,NaN,NaN,NaN,NaN,5531.3009056067,0
hard_M4_03.mat,910003,911403010,Repair,1000,75,0,0,0,0.0061537,8719.49562897795,6474.77993145361,22.2722720807791,0,0,0,NaN,NaN,NaN,NaN,NaN,NaN,NaN,5531.3009056067,0
hard_M4_03.mat,910003,911403010,Repair,1500,75,0,0,0,0.0061537,8719.49562897795,6474.77993145361,22.2722720807791,0,0,0,NaN,NaN,NaN,NaN,NaN,NaN,NaN,5531.3009056067,0
hard_M4_03.mat,910003,911403010,Repair,2500,75,0,0,0,0.0061537,8719.49562897795,6474.77993145361,22.2722720807791,0,0,0,NaN,NaN,NaN,NaN,NaN,NaN,NaN,5531.3009056067,0
hard_M4_03.mat,910003,911403010,WarmPSO,500,500,200,0,0,1.0210606,7970.62761408333,7943.16001484691,0,0,0,1,0,93.6966004505115,0,0,266,NaN,NaN,5531.3009056067,1
hard_M4_03.mat,910003,911403010,WarmPSO,1000,980,200,0,0,1.0659983,7930.5486142474,7903.06703953288,0,0,0,1,0,93.6966004505115,0,0,266,NaN,NaN,5531.3009056067,1
hard_M4_03.mat,910003,911403010,WarmPSO,1500,1490,200,0,0,1.1106335,7693.05581687889,7666.721543497,0,0,0,1,0,93.6966004505115,0,0,266,NaN,NaN,5531.3009056067,1
hard_M4_03.mat,910003,911403010,WarmPSO,2500,2500,200,0,0,1.1998004,6803.73602435265,6784.75712809473,0,0,0,1,0,93.6966004505115,0,0,266,NaN,NaN,5531.3009056067,1
hard_M4_03.mat,910003,911403010,AlwaysVND,500,491,200,0,171,1.0218467,7702.52937151043,7679.66184386899,0,0,0,1,0,93.6966004505115,0,0,274,260,6806.95892541137,5531.3009056067,1
hard_M4_03.mat,910003,911403010,AlwaysVND,1000,926,200,0,456,1.0665038,6353.15064066304,6338.26462109815,0,0,0,1,0,93.6966004505115,0,0,274,260,8156.33765625877,5531.3009056067,1
hard_M4_03.mat,910003,911403010,AlwaysVND,1500,1448,200,0,798,1.1215952,5573.91898685174,5560.94987276106,0,0,0,1,0,93.6966004505115,0,0,274,260,8935.56931007007,5531.3009056067,1
hard_M4_03.mat,910003,911403010,AlwaysVND,2500,2500,200,0,1482,1.2315419,4913.69526310084,4899.12607263392,0,0,0,1,0,93.6966004505115,0,0,274,260,9595.79303382097,5531.3009056067,1
hard_M4_03.mat,910003,911403010,FB-CMPSO,500,453,200,19,114,1.0190563,8295.20647184257,8274.73451817688,0,0,0,1,0,93.6966004505115,0,0,264,309,999.879105155114,5531.3009056067,1
hard_M4_03.mat,910003,911403010,FB-CMPSO,1000,975,200,19,456,1.0724182,6941.22133976921,6917.67779253196,0,0,0,1,0,93.6966004505115,0,0,264,309,2353.86423722847,5531.3009056067,1
hard_M4_03.mat,910003,911403010,FB-CMPSO,1500,1497,200,19,798,1.1304251,5687.07223737077,5670.66257793134,0,0,0,1,0,93.6966004505115,0,0,264,309,3608.01333962692,5531.3009056067,1
hard_M4_03.mat,910003,911403010,FB-CMPSO,2500,2500,200,19,1441,1.2432073,5635.35078481508,5617.65617568612,0,0,0,1,0,93.6966004505115,0,0,264,309,3659.7347921826,5531.3009056067,1
hard_M4_03.mat,910003,911403011,Repair,500,75,0,0,0,0.0064482,8719.49562897795,6474.77993145361,22.2722720807791,0,0,0,NaN,NaN,NaN,NaN,NaN,NaN,NaN,5531.3009056067,0
hard_M4_03.mat,910003,911403011,Repair,1000,75,0,0,0,0.0064482,8719.49562897795,6474.77993145361,22.2722720807791,0,0,0,NaN,NaN,NaN,NaN,NaN,NaN,NaN,5531.3009056067,0
hard_M4_03.mat,910003,911403011,Repair,1500,75,0,0,0,0.0064482,8719.49562897795,6474.77993145361,22.2722720807791,0,0,0,NaN,NaN,NaN,NaN,NaN,NaN,NaN,5531.3009056067,0
hard_M4_03.mat,910003,911403011,Repair,2500,75,0,0,0,0.0064482,8719.49562897795,6474.77993145361,22.2722720807791,0,0,0,NaN,NaN,NaN,NaN,NaN,NaN,NaN,5531.3009056067,0
hard_M4_03.mat,910003,911403011,WarmPSO,500,500,200,0,0,1.0231226,10052.0629695537,8477.90652385932,15.4426655119559,0,0,0,0,81.1506477663942,0,0,NaN,NaN,NaN,5531.3009056067,0
hard_M4_03.mat,910003,911403011,WarmPSO,1000,980,200,0,0,1.0683134,9632.65259420731,9598.95351965162,0,0,0,1,0,81.1506477663942,0,0,870,NaN,NaN,5531.3009056067,0
hard_M4_03.mat,910003,911403011,WarmPSO,1500,1490,200,0,0,1.1154105,8358.59888003567,8327.62231729258,0,0,0,1,0,81.1506477663942,0,0,870,NaN,NaN,5531.3009056067,1
hard_M4_03.mat,910003,911403011,WarmPSO,2500,2500,200,0,0,1.203123,8028.39314288524,7999.03610283095,0,0,0,1,0,81.1506477663942,0,0,870,NaN,NaN,5531.3009056067,1
hard_M4_03.mat,910003,911403011,AlwaysVND,500,491,200,0,171,1.021458,6655.95828324949,6636.85136990456,0,0,0,1,0,81.1506477663942,0,0,388,260,8758.3693841578,5531.3009056067,1
hard_M4_03.mat,910003,911403011,AlwaysVND,1000,926,200,0,456,1.06643,5549.61087287463,5538.77329726084,0,0,0,1,0,81.1506477663942,0,0,388,260,9864.71679453267,5531.3009056067,1
hard_M4_03.mat,910003,911403011,AlwaysVND,1500,1448,200,0,798,1.120548,5346.9176787009,5336.47246947793,0,0,0,1,0,81.1506477663942,0,0,388,260,10067.4099887064,5531.3009056067,1
hard_M4_03.mat,910003,911403011,AlwaysVND,2500,2500,200,0,1482,1.2366842,4656.74598267355,4645.40750165816,0,0,0,1,0,81.1506477663942,0,0,388,260,10757.5816847337,5531.3009056067,1
hard_M4_03.mat,910003,911403011,FB-CMPSO,500,475,200,95,0,1.0275374,10258.0385885507,8685.47267819937,15.4426655119559,0,0,0,0,81.1506477663942,0,0,NaN,NaN,NaN,5531.3009056067,0
hard_M4_03.mat,910003,911403011,FB-CMPSO,1000,921,200,133,228,1.0794066,7307.94309313684,7280.79091295045,0,0,0,1,0,81.1506477663942,0,0,582,603,2005.26680598888,5531.3009056067,1
hard_M4_03.mat,910003,911403011,FB-CMPSO,1500,1443,200,133,570,1.1364918,5249.13822326753,5240.22845482762,0,0,0,1,0,81.1506477663942,0,0,582,603,4064.0716758582,5531.3009056067,1
hard_M4_03.mat,910003,911403011,FB-CMPSO,2500,2500,200,133,1254,1.2536453,4939.03655175372,4928.69898396874,0,0,0,1,0,81.1506477663942,0,0,582,603,4374.173347372,5531.3009056067,1
hard_M4_03.mat,910003,911403012,Repair,500,75,0,0,0,0.0061549,8719.49562897795,6474.77993145361,22.2722720807791,0,0,0,NaN,NaN,NaN,NaN,NaN,NaN,NaN,5531.3009056067,0
hard_M4_03.mat,910003,911403012,Repair,1000,75,0,0,0,0.0061549,8719.49562897795,6474.77993145361,22.2722720807791,0,0,0,NaN,NaN,NaN,NaN,NaN,NaN,NaN,5531.3009056067,0
hard_M4_03.mat,910003,911403012,Repair,1500,75,0,0,0,0.0061549,8719.49562897795,6474.77993145361,22.2722720807791,0,0,0,NaN,NaN,NaN,NaN,NaN,NaN,NaN,5531.3009056067,0
hard_M4_03.mat,910003,911403012,Repair,2500,75,0,0,0,0.0061549,8719.49562897795,6474.77993145361,22.2722720807791,0,0,0,NaN,NaN,NaN,NaN,NaN,NaN,NaN,5531.3009056067,0
hard_M4_03.mat,910003,911403012,WarmPSO,500,500,200,0,0,1.0290648,7913.6249676082,7887.83475255947,0,0,0,1,0,56.0506746811755,0,0,371,NaN,NaN,5531.3009056067,1
hard_M4_03.mat,910003,911403012,WarmPSO,1000,980,200,0,0,1.0800293,7913.6249676082,7887.83475255947,0,0,0,1,0,56.0506746811755,0,0,371,NaN,NaN,5531.3009056067,1
hard_M4_03.mat,910003,911403012,WarmPSO,1500,1490,200,0,0,1.1345335,7504.44410627855,7482.69418080522,0,0,0,1,0,56.0506746811755,0,0,371,NaN,NaN,5531.3009056067,1
hard_M4_03.mat,910003,911403012,WarmPSO,2500,2500,200,0,0,1.2226502,6803.73602435265,6784.75712809473,0,0,0,1,0,56.0506746811755,0,0,371,NaN,NaN,5531.3009056067,1
hard_M4_03.mat,910003,911403012,AlwaysVND,500,491,200,0,171,1.0311158,8584.81662879964,8552.64897371255,0,0,0,1,0,56.0506746811755,0,0,270,260,259.751795573749,5531.3009056067,1
hard_M4_03.mat,910003,911403012,AlwaysVND,1000,926,200,0,456,1.089837,6990.96362912445,6969.45048653168,0,0,0,1,0,56.0506746811755,0,0,270,260,1853.60479524894,5531.3009056067,1
hard_M4_03.mat,910003,911403012,AlwaysVND,1500,1448,200,0,798,1.1426407,6884.43387473043,6860.30910512598,0,0,0,1,0,56.0506746811755,0,0,270,260,1960.13454964295,5531.3009056067,1
hard_M4_03.mat,910003,911403012,AlwaysVND,2500,2500,200,0,1482,1.2649862,6802.13991854345,6779.21045450523,0,0,0,1,0,56.0506746811755,0,0,270,260,2042.42850582994,5531.3009056067,1
hard_M4_03.mat,910003,911403012,FB-CMPSO,500,453,200,19,114,1.0271035,7148.27934018442,7123.50823686426,0,0,0,1,0,56.0506746811755,0,0,279,309,1300.60025866336,5531.3009056067,1
hard_M4_03.mat,910003,911403012,FB-CMPSO,1000,975,200,19,456,1.0804416,5742.00605845557,5725.0631641038,0,0,0,1,0,56.0506746811755,0,0,279,309,2706.87354039221,5531.3009056067,1
hard_M4_03.mat,910003,911403012,FB-CMPSO,1500,1497,200,19,798,1.145697,5742.00605845557,5725.0631641038,0,0,0,1,0,56.0506746811755,0,0,279,309,2706.87354039221,5531.3009056067,1
hard_M4_03.mat,910003,911403012,FB-CMPSO,2500,2500,200,19,1441,1.2792412,5501.73620131371,5484.36227543362,0,0,0,1,0,56.0506746811755,0,0,279,309,2947.14339753407,5531.3009056067,1
hard_M4_03.mat,910003,911403013,Repair,500,75,0,0,0,0.0062377,8719.49562897795,6474.77993145361,22.2722720807791,0,0,0,NaN,NaN,NaN,NaN,NaN,NaN,NaN,5531.3009056067,0
hard_M4_03.mat,910003,911403013,Repair,1000,75,0,0,0,0.0062377,8719.49562897795,6474.77993145361,22.2722720807791,0,0,0,NaN,NaN,NaN,NaN,NaN,NaN,NaN,5531.3009056067,0
hard_M4_03.mat,910003,911403013,Repair,1500,75,0,0,0,0.0062377,8719.49562897795,6474.77993145361,22.2722720807791,0,0,0,NaN,NaN,NaN,NaN,NaN,NaN,NaN,5531.3009056067,0
hard_M4_03.mat,910003,911403013,Repair,2500,75,0,0,0,0.0062377,8719.49562897795,6474.77993145361,22.2722720807791,0,0,0,NaN,NaN,NaN,NaN,NaN,NaN,NaN,5531.3009056067,0
hard_M4_03.mat,910003,911403013,WarmPSO,500,500,200,0,0,1.0489801,8228.39829953702,8197.29789781772,0,0,0,1,0,56.0506746811755,0,0,243,NaN,NaN,5531.3009056067,1
hard_M4_03.mat,910003,911403013,WarmPSO,1000,980,200,0,0,1.1001317,7732.90981396056,7703.14261291797,0,0,0,1,0,56.0506746811755,0,0,243,NaN,NaN,5531.3009056067,1
hard_M4_03.mat,910003,911403013,WarmPSO,1500,1490,200,0,0,1.1440663,6994.60424902368,6968.75568783657,0,0,0,1,0,56.0506746811755,0,0,243,NaN,NaN,5531.3009056067,1
hard_M4_03.mat,910003,911403013,WarmPSO,2500,2500,200,0,0,1.2480915,6994.60424902368,6968.75568783657,0,0,0,1,0,56.0506746811755,0,0,243,NaN,NaN,5531.3009056067,1
hard_M4_03.mat,910003,911403013,AlwaysVND,500,491,200,0,171,1.0431072,7770.70340425321,7744.7084996055,0,0,0,1,0,56.0506746811755,0,0,243,260,1683.618219693,5531.3009056067,1
hard_M4_03.mat,910003,911403013,AlwaysVND,1000,926,200,0,456,1.0864681,6292.22755318892,6277.86392513245,0,0,0,1,0,56.0506746811755,0,0,243,260,3162.09407075729,5531.3009056067,1
hard_M4_03.mat,910003,911403013,AlwaysVND,1500,1448,200,0,798,1.1462238,6095.19339718433,6080.31186292005,0,0,0,1,0,56.0506746811755,0,0,243,260,3359.12822676188,5531.3009056067,1
hard_M4_03.mat,910003,911403013,AlwaysVND,2500,2500,200,0,1482,1.2716233,5807.15510216004,5792.9186829295,0,0,0,1,0,56.0506746811755,0,0,243,260,3647.16652178617,5531.3009056067,1
hard_M4_03.mat,910003,911403013,FB-CMPSO,500,491,200,0,171,1.043311,7770.70340425321,7744.7084996055,0,0,0,1,0,56.0506746811755,0,0,243,260,1683.618219693,5531.3009056067,1
hard_M4_03.mat,910003,911403013,FB-CMPSO,1000,926,200,0,456,1.0985542,6292.22755318892,6277.86392513245,0,0,0,1,0,56.0506746811755,0,0,243,260,3162.09407075729,5531.3009056067,1
hard_M4_03.mat,910003,911403013,FB-CMPSO,1500,1448,200,0,798,1.1545629,6095.19339718433,6080.31186292005,0,0,0,1,0,56.0506746811755,0,0,243,260,3359.12822676188,5531.3009056067,1
hard_M4_03.mat,910003,911403013,FB-CMPSO,2500,2500,200,0,1482,1.2669223,5807.15510216004,5792.9186829295,0,0,0,1,0,56.0506746811755,0,0,243,260,3647.16652178617,5531.3009056067,1
hard_M4_03.mat,910003,911403014,Repair,500,75,0,0,0,0.006593,8719.49562897795,6474.77993145361,22.2722720807791,0,0,0,NaN,NaN,NaN,NaN,NaN,NaN,NaN,5531.3009056067,0
hard_M4_03.mat,910003,911403014,Repair,1000,75,0,0,0,0.006593,8719.49562897795,6474.77993145361,22.2722720807791,0,0,0,NaN,NaN,NaN,NaN,NaN,NaN,NaN,5531.3009056067,0
hard_M4_03.mat,910003,911403014,Repair,1500,75,0,0,0,0.006593,8719.49562897795,6474.77993145361,22.2722720807791,0,0,0,NaN,NaN,NaN,NaN,NaN,NaN,NaN,5531.3009056067,0
hard_M4_03.mat,910003,911403014,Repair,2500,75,0,0,0,0.006593,8719.49562897795,6474.77993145361,22.2722720807791,0,0,0,NaN,NaN,NaN,NaN,NaN,NaN,NaN,5531.3009056067,0
hard_M4_03.mat,910003,911403014,WarmPSO,500,500,200,0,0,1.0165585,7145.65142099337,7124.38232338626,0,0,0,1,0,107.328999653457,0,0,238,NaN,NaN,5531.3009056067,1
hard_M4_03.mat,910003,911403014,WarmPSO,1000,980,200,0,0,1.0601708,6882.77545852414,6860.77504368403,0,0,0,1,0,107.328999653457,0,0,238,NaN,NaN,5531.3009056067,1
hard_M4_03.mat,910003,911403014,WarmPSO,1500,1490,200,0,0,1.1045738,6803.73602435265,6784.75712809473,0,0,0,1,0,107.328999653457,0,0,238,NaN,NaN,5531.3009056067,1
hard_M4_03.mat,910003,911403014,WarmPSO,2500,2500,200,0,0,1.1909025,6803.73602435265,6784.75712809473,0,0,0,1,0,107.328999653457,0,0,238,NaN,NaN,5531.3009056067,1
hard_M4_03.mat,910003,911403014,AlwaysVND,500,491,200,0,171,1.0205166,6904.95995089572,6881.81039905872,0,0,0,1,0,107.328999653457,0,0,238,260,1027.38770735039,5531.3009056067,1
hard_M4_03.mat,910003,911403014,AlwaysVND,1000,926,200,0,456,1.0649024,6002.31615784617,5987.31702795835,0,0,0,1,0,107.328999653457,0,0,238,260,1930.03150039994,5531.3009056067,1
hard_M4_03.mat,910003,911403014,AlwaysVND,1500,1448,200,0,798,1.1174192,5955.24070226693,5942.70672640541,0,0,0,1,0,107.328999653457,0,0,238,260,1977.10695597917,5531.3009056067,1
hard_M4_03.mat,910003,911403014,AlwaysVND,2500,2500,200,0,1482,1.2229079,5943.49357648721,5930.09582234327,0,0,0,1,0,107.328999653457,0,0,238,260,1988.8540817589,5531.3009056067,1
hard_M4_03.mat,910003,911403014,FB-CMPSO,500,491,200,0,171,1.0161016,6904.95995089572,6881.81039905872,0,0,0,1,0,107.328999653457,0,0,238,260,1027.38770735039,5531.3009056067,1
hard_M4_03.mat,910003,911403014,FB-CMPSO,1000,926,200,0,456,1.0598067,6002.31615784617,5987.31702795835,0,0,0,1,0,107.328999653457,0,0,238,260,1930.03150039994,5531.3009056067,1
hard_M4_03.mat,910003,911403014,FB-CMPSO,1500,1448,200,0,798,1.1142837,5955.24070226693,5942.70672640541,0,0,0,1,0,107.328999653457,0,0,238,260,1977.10695597917,5531.3009056067,1
hard_M4_03.mat,910003,911403014,FB-CMPSO,2500,2500,200,0,1482,1.2258399,5943.49357648721,5930.09582234327,0,0,0,1,0,107.328999653457,0,0,238,260,1988.8540817589,5531.3009056067,1
hard_M4_03.mat,910003,911403015,Repair,500,75,0,0,0,0.0068567,8719.49562897795,6474.77993145361,22.2722720807791,0,0,0,NaN,NaN,NaN,NaN,NaN,NaN,NaN,5531.3009056067,0
hard_M4_03.mat,910003,911403015,Repair,1000,75,0,0,0,0.0068567,8719.49562897795,6474.77993145361,22.2722720807791,0,0,0,NaN,NaN,NaN,NaN,NaN,NaN,NaN,5531.3009056067,0
hard_M4_03.mat,910003,911403015,Repair,1500,75,0,0,0,0.0068567,8719.49562897795,6474.77993145361,22.2722720807791,0,0,0,NaN,NaN,NaN,NaN,NaN,NaN,NaN,5531.3009056067,0
hard_M4_03.mat,910003,911403015,Repair,2500,75,0,0,0,0.0068567,8719.49562897795,6474.77993145361,22.2722720807791,0,0,0,NaN,NaN,NaN,NaN,NaN,NaN,NaN,5531.3009056067,0
hard_M4_03.mat,910003,911403015,WarmPSO,500,500,200,0,0,1.055526,9539.72205764404,9509.48882442801,0,0,0,1,0,120.784728178266,0,0,337,NaN,NaN,5531.3009056067,0
hard_M4_03.mat,910003,911403015,WarmPSO,1000,980,200,0,0,1.1007435,9032.97433123358,9002.49764136411,0,0,0,1,0,120.784728178266,0,0,337,NaN,NaN,5531.3009056067,0
hard_M4_03.mat,910003,911403015,WarmPSO,1500,1490,200,0,0,1.1466343,8257.7569603772,8230.23244423605,0,0,0,1,0,120.784728178266,0,0,337,NaN,NaN,5531.3009056067,1
hard_M4_03.mat,910003,911403015,WarmPSO,2500,2500,200,0,0,1.2501009,7555.53822199266,7535.15853124358,0,0,0,1,0,120.784728178266,0,0,337,NaN,NaN,5531.3009056067,1
hard_M4_03.mat,910003,911403015,AlwaysVND,500,491,200,0,171,1.0518686,8591.9121073585,8558.45859974989,0,0,0,1,0,120.784728178266,0,0,335,260,4244.07800735062,5531.3009056067,1
hard_M4_03.mat,910003,911403015,AlwaysVND,1000,926,200,0,456,1.094035,7941.49687389017,7921.0731012708,0,0,0,1,0,120.784728178266,0,0,335,260,4894.49324081895,5531.3009056067,1
hard_M4_03.mat,910003,911403015,AlwaysVND,1500,1448,200,0,798,1.1505781,7153.59769431749,7135.36052850998,0,0,0,1,0,120.784728178266,0,0,335,260,5682.39242039163,5531.3009056067,1
hard_M4_03.mat,910003,911403015,AlwaysVND,2500,2500,200,0,1482,1.2647301,6291.98875928193,6279.19325434601,0,0,0,1,0,120.784728178266,0,0,335,260,6544.00135542718,5531.3009056067,1
hard_M4_03.mat,910003,911403015,FB-CMPSO,500,453,200,19,114,1.0475157,8148.55399439854,8124.60015137941,0,0,0,1,0,120.784728178266,0,0,266,309,804.771104013257,5531.3009056067,1
hard_M4_03.mat,910003,911403015,FB-CMPSO,1000,975,200,19,456,1.1007015,7291.49932624651,7265.57194102226,0,0,0,1,0,120.784728178266,0,0,266,309,1661.82577216529,5531.3009056067,1
hard_M4_03.mat,910003,911403015,FB-CMPSO,1500,1497,200,19,798,1.1542636,7137.80646444279,7111.87907921854,0,0,0,1,0,120.784728178266,0,0,266,309,1815.518633969,5531.3009056067,1
hard_M4_03.mat,910003,911403015,FB-CMPSO,2500,2500,200,19,1441,1.252586,6132.1401184409,6117.23593682989,0,0,0,1,0,120.784728178266,0,0,266,309,2821.1849799709,5531.3009056067,1
hard_M4_03.mat,910003,911403016,Repair,500,75,0,0,0,0.0066508,8719.49562897795,6474.77993145361,22.2722720807791,0,0,0,NaN,NaN,NaN,NaN,NaN,NaN,NaN,5531.3009056067,0
hard_M4_03.mat,910003,911403016,Repair,1000,75,0,0,0,0.0066508,8719.49562897795,6474.77993145361,22.2722720807791,0,0,0,NaN,NaN,NaN,NaN,NaN,NaN,NaN,5531.3009056067,0
hard_M4_03.mat,910003,911403016,Repair,1500,75,0,0,0,0.0066508,8719.49562897795,6474.77993145361,22.2722720807791,0,0,0,NaN,NaN,NaN,NaN,NaN,NaN,NaN,5531.3009056067,0
hard_M4_03.mat,910003,911403016,Repair,2500,75,0,0,0,0.0066508,8719.49562897795,6474.77993145361,22.2722720807791,0,0,0,NaN,NaN,NaN,NaN,NaN,NaN,NaN,5531.3009056067,0
hard_M4_03.mat,910003,911403016,WarmPSO,500,500,200,0,0,1.0243373,8542.47907576794,8516.85313641704,0,0,0,1,0,28.4484486514297,0,0,288,NaN,NaN,5531.3009056067,1
hard_M4_03.mat,910003,911403016,WarmPSO,1000,980,200,0,0,1.069559,7428.76743925137,7407.02407534695,0,0,0,1,0,28.4484486514297,0,0,288,NaN,NaN,5531.3009056067,1
hard_M4_03.mat,910003,911403016,WarmPSO,1500,1490,200,0,0,1.1157227,6862.63926119857,6841.13914313426,0,0,0,1,0,28.4484486514297,0,0,288,NaN,NaN,5531.3009056067,1
hard_M4_03.mat,910003,911403016,WarmPSO,2500,2500,200,0,0,1.219966,6803.73602435265,6784.75712809473,0,0,0,1,0,28.4484486514297,0,0,288,NaN,NaN,5531.3009056067,1
hard_M4_03.mat,910003,911403016,AlwaysVND,500,491,200,0,171,1.0229598,7555.9823165852,7535.46865562657,0,0,0,1,0,28.4484486514297,0,0,265,260,4048.67669131004,5531.3009056067,1
hard_M4_03.mat,910003,911403016,AlwaysVND,1000,926,200,0,456,1.0646236,7479.145978715,7458.56945985984,0,0,0,1,0,28.4484486514297,0,0,265,260,4125.51302918024,5531.3009056067,1
hard_M4_03.mat,910003,911403016,AlwaysVND,1500,1448,200,0,798,1.1191349,6730.18357337503,6710.51492501428,0,0,0,1,0,28.4484486514297,0,0,265,260,4874.47543452021,5531.3009056067,1
hard_M4_03.mat,910003,911403016,AlwaysVND,2500,2500,200,0,1482,1.2308913,5287.01777774764,5272.5742333206,0,0,0,1,0,28.4484486514297,0,0,265,260,6317.64123014761,5531.3009056067,1
hard_M4_03.mat,910003,911403016,FB-CMPSO,500,453,200,19,114,1.0256258,7997.03770012531,7972.38937501559,0,0,0,1,0,28.4484486514297,0,0,268,309,52.9255536536148,5531.3009056067,1
hard_M4_03.mat,910003,911403016,FB-CMPSO,1000,975,200,19,456,1.0789185,6761.43807637625,6745.69736906654,0,0,0,1,0,28.4484486514297,0,0,268,309,1288.52517740267,5531.3009056067,1
hard_M4_03.mat,910003,911403016,FB-CMPSO,1500,1497,200,19,798,1.1330074,6415.4272886022,6400.95792521616,0,0,0,1,0,28.4484486514297,0,0,268,309,1634.53596517673,5531.3009056067,1
hard_M4_03.mat,910003,911403016,FB-CMPSO,2500,2500,200,19,1441,1.2335476,5581.95402425523,5565.04969168073,0,0,0,1,0,28.4484486514297,0,0,268,309,2468.00922952369,5531.3009056067,1
hard_M4_03.mat,910003,911403017,Repair,500,75,0,0,0,0.0066314,8719.49562897795,6474.77993145361,22.2722720807791,0,0,0,NaN,NaN,NaN,NaN,NaN,NaN,NaN,5531.3009056067,0
hard_M4_03.mat,910003,911403017,Repair,1000,75,0,0,0,0.0066314,8719.49562897795,6474.77993145361,22.2722720807791,0,0,0,NaN,NaN,NaN,NaN,NaN,NaN,NaN,5531.3009056067,0
hard_M4_03.mat,910003,911403017,Repair,1500,75,0,0,0,0.0066314,8719.49562897795,6474.77993145361,22.2722720807791,0,0,0,NaN,NaN,NaN,NaN,NaN,NaN,NaN,5531.3009056067,0
hard_M4_03.mat,910003,911403017,Repair,2500,75,0,0,0,0.0066314,8719.49562897795,6474.77993145361,22.2722720807791,0,0,0,NaN,NaN,NaN,NaN,NaN,NaN,NaN,5531.3009056067,0
hard_M4_03.mat,910003,911403017,WarmPSO,500,500,200,0,0,1.0423297,7999.45698864864,7979.25005181366,0,0,0,1,0,52.0937864259194,0,0,276,NaN,NaN,5531.3009056067,1
hard_M4_03.mat,910003,911403017,WarmPSO,1000,980,200,0,0,1.089769,7222.81316709832,7200.67606303457,0,0,0,1,0,52.0937864259194,0,0,276,NaN,NaN,5531.3009056067,1
hard_M4_03.mat,910003,911403017,WarmPSO,1500,1490,200,0,0,1.1392681,7222.81316709832,7200.67606303457,0,0,0,1,0,52.0937864259194,0,0,276,NaN,NaN,5531.3009056067,1
hard_M4_03.mat,910003,911403017,WarmPSO,2500,2500,200,0,0,1.2334772,6803.73602435265,6784.75712809473,0,0,0,1,0,52.0937864259194,0,0,276,NaN,NaN,5531.3009056067,1
hard_M4_03.mat,910003,911403017,AlwaysVND,500,491,200,0,171,1.0426301,7557.865710403,7533.48246167406,0,0,0,1,0,52.0937864259194,0,0,273,260,5613.906648507,5531.3009056067,1
hard_M4_03.mat,910003,911403017,AlwaysVND,1000,926,200,0,456,1.0875862,6280.96465847488,6266.5641373494,0,0,0,1,0,52.0937864259194,0,0,273,260,6890.80770043512,5531.3009056067,1
hard_M4_03.mat,910003,911403017,AlwaysVND,1500,1448,200,0,798,1.1569698,5737.84184641344,5723.89935131071,0,0,0,1,0,52.0937864259194,0,0,273,260,7433.93051249656,5531.3009056067,1
hard_M4_03.mat,910003,911403017,AlwaysVND,2500,2500,200,0,1482,1.2675716,5565.8506125791,5552.52167966773,0,0,0,1,0,52.0937864259194,0,0,273,260,7605.9217463309,5531.3009056067,1
hard_M4_03.mat,910003,911403017,FB-CMPSO,500,453,200,19,114,1.0401999,7467.44886484805,7445.24251587113,0,0,0,1,0,52.0937864259194,0,0,275,309,597.822876880358,5531.3009056067,1
hard_M4_03.mat,910003,911403017,FB-CMPSO,1000,975,200,19,456,1.1033142,6671.02085032721,6651.40687971517,0,0,0,1,0,52.0937864259194,0,0,275,309,1394.25089140121,5531.3009056067,1
hard_M4_03.mat,910003,911403017,FB-CMPSO,1500,1497,200,19,798,1.162079,6317.435406151,6300.84942783951,0,0,0,1,0,52.0937864259194,0,0,275,309,1747.83633557741,5531.3009056067,1
hard_M4_03.mat,910003,911403017,FB-CMPSO,2500,2500,200,19,1441,1.266032,6097.34798872811,6080.60003205371,0,0,0,1,0,52.0937864259194,0,0,275,309,1967.9237530003,5531.3009056067,1
hard_M4_03.mat,910003,911403018,Repair,500,75,0,0,0,0.006242,8719.49562897795,6474.77993145361,22.2722720807791,0,0,0,NaN,NaN,NaN,NaN,NaN,NaN,NaN,5531.3009056067,0
hard_M4_03.mat,910003,911403018,Repair,1000,75,0,0,0,0.006242,8719.49562897795,6474.77993145361,22.2722720807791,0,0,0,NaN,NaN,NaN,NaN,NaN,NaN,NaN,5531.3009056067,0
hard_M4_03.mat,910003,911403018,Repair,1500,75,0,0,0,0.006242,8719.49562897795,6474.77993145361,22.2722720807791,0,0,0,NaN,NaN,NaN,NaN,NaN,NaN,NaN,5531.3009056067,0
hard_M4_03.mat,910003,911403018,Repair,2500,75,0,0,0,0.006242,8719.49562897795,6474.77993145361,22.2722720807791,0,0,0,NaN,NaN,NaN,NaN,NaN,NaN,NaN,5531.3009056067,0
hard_M4_03.mat,910003,911403018,WarmPSO,500,500,200,0,0,1.0631677,9792.0844799111,9366.58820479705,3.9568882552561,0,0,0,0,33.2505287819466,0,0,NaN,NaN,NaN,5531.3009056067,0
hard_M4_03.mat,910003,911403018,WarmPSO,1000,980,200,0,0,1.1059619,9149.8581175059,9120.84118890545,0,0,0,1,0,33.2505287819466,0,0,519,NaN,NaN,5531.3009056067,0
hard_M4_03.mat,910003,911403018,WarmPSO,1500,1490,200,0,0,1.1535202,8512.74115749105,8482.83729363462,0,0,0,1,0,33.2505287819466,0,0,519,NaN,NaN,5531.3009056067,1
hard_M4_03.mat,910003,911403018,WarmPSO,2500,2500,200,0,0,1.2463955,7237.25051633209,7218.12285812073,0,0,0,1,0,33.2505287819466,0,0,519,NaN,NaN,5531.3009056067,1
hard_M4_03.mat,910003,911403018,AlwaysVND,500,491,200,0,171,1.0630983,6527.73361175871,6506.33615600984,0,0,0,1,0,33.2505287819466,0,0,315,260,3133.25363981103,5531.3009056067,1
hard_M4_03.mat,910003,911403018,AlwaysVND,1000,926,200,0,456,1.1086458,5549.17258580658,5532.04663936266,0,0,0,1,0,33.2505287819466,0,0,315,260,4111.81466576315,5531.3009056067,1
hard_M4_03.mat,910003,911403018,AlwaysVND,1500,1448,200,0,798,1.1619587,5351.74112558646,5332.66741042388,0,0,0,1,0,33.2505287819466,0,0,315,260,4309.24612598327,5531.3009056067,1
hard_M4_03.mat,910003,911403018,AlwaysVND,2500,2500,200,0,1482,1.2762686,5330.78645321418,5311.61304726306,0,0,0,1,0,33.2505287819466,0,0,315,260,4330.20079835555,5531.3009056067,1
hard_M4_03.mat,910003,911403018,FB-CMPSO,500,415,200,38,57,1.0551475,8843.91814382785,8814.00904744921,0,0,0,1,0,33.2505287819466,0,0,317,358,318.440011308981,5531.3009056067,0
hard_M4_03.mat,910003,911403018,FB-CMPSO,1000,937,200,38,399,1.1055881,7369.87094679232,7349.22164269382,0,0,0,1,0,33.2505287819466,0,0,317,358,1792.48720834451,5531.3009056067,1
hard_M4_03.mat,910003,911403018,FB-CMPSO,1500,1459,200,38,741,1.1618079,6264.08037650855,6244.82274173797,0,0,0,1,0,33.2505287819466,0,0,317,358,2898.27777862828,5531.3009056067,1
hard_M4_03.mat,910003,911403018,FB-CMPSO,2500,2500,200,38,1422,1.2776809,5164.9106286371,5151.58445625152,0,0,0,1,0,33.2505287819466,0,0,317,358,3997.44752649973,5531.3009056067,1
hard_M4_03.mat,910003,911403019,Repair,500,75,0,0,0,0.006972,8719.49562897795,6474.77993145361,22.2722720807791,0,0,0,NaN,NaN,NaN,NaN,NaN,NaN,NaN,5531.3009056067,0
hard_M4_03.mat,910003,911403019,Repair,1000,75,0,0,0,0.006972,8719.49562897795,6474.77993145361,22.2722720807791,0,0,0,NaN,NaN,NaN,NaN,NaN,NaN,NaN,5531.3009056067,0
hard_M4_03.mat,910003,911403019,Repair,1500,75,0,0,0,0.006972,8719.49562897795,6474.77993145361,22.2722720807791,0,0,0,NaN,NaN,NaN,NaN,NaN,NaN,NaN,5531.3009056067,0
hard_M4_03.mat,910003,911403019,Repair,2500,75,0,0,0,0.006972,8719.49562897795,6474.77993145361,22.2722720807791,0,0,0,NaN,NaN,NaN,NaN,NaN,NaN,NaN,5531.3009056067,0
hard_M4_03.mat,910003,911403019,WarmPSO,500,500,200,0,0,1.0547598,7662.64465536063,7637.94856187011,0,0,0,1,0,3.9568882552561,0,0,361,NaN,NaN,5531.3009056067,1
hard_M4_03.mat,910003,911403019,WarmPSO,1000,980,200,0,0,1.0973575,7662.64465536063,7637.94856187011,0,0,0,1,0,3.9568882552561,0,0,361,NaN,NaN,5531.3009056067,1
hard_M4_03.mat,910003,911403019,WarmPSO,1500,1490,200,0,0,1.1479933,7527.88321433769,7503.19759948209,0,0,0,1,0,3.9568882552561,0,0,361,NaN,NaN,5531.3009056067,1
hard_M4_03.mat,910003,911403019,WarmPSO,2500,2500,200,0,0,1.2532132,7364.04360572984,7339.43606243762,0,0,0,1,0,3.9568882552561,0,0,361,NaN,NaN,5531.3009056067,1
hard_M4_03.mat,910003,911403019,AlwaysVND,500,491,200,0,171,1.0642893,7653.62234062364,7632.78986695648,0,0,0,1,0,3.9568882552561,0,0,262,260,269.949699239659,5531.3009056067,1
hard_M4_03.mat,910003,911403019,AlwaysVND,1000,926,200,0,456,1.1086108,7086.93645614309,7063.77111439714,0,0,0,1,0,3.9568882552561,0,0,262,260,836.635583720211,5531.3009056067,1
hard_M4_03.mat,910003,911403019,AlwaysVND,1500,1448,200,0,798,1.1749604,6426.34573107359,6402.56805760855,0,0,0,1,0,3.9568882552561,0,0,262,260,1497.22630878971,5531.3009056067,1
hard_M4_03.mat,910003,911403019,AlwaysVND,2500,2500,200,0,1482,1.2823187,5705.3416328783,5688.86901129433,0,0,0,1,0,3.9568882552561,0,0,262,260,2218.230406985,5531.3009056067,1
hard_M4_03.mat,910003,911403019,FB-CMPSO,500,453,200,19,114,1.050556,7116.49368780924,7095.18433976193,0,0,0,1,0,3.9568882552561,0,0,263,309,411.389526528447,5531.3009056067,1
hard_M4_03.mat,910003,911403019,FB-CMPSO,1000,975,200,19,456,1.1031092,6659.33220865056,6643.73349624076,0,0,0,1,0,3.9568882552561,0,0,263,309,868.551005687131,5531.3009056067,1
hard_M4_03.mat,910003,911403019,FB-CMPSO,1500,1497,200,19,798,1.1568322,6266.79544172074,6253.16703842845,0,0,0,1,0,3.9568882552561,0,0,263,309,1261.08777261695,5531.3009056067,1
hard_M4_03.mat,910003,911403019,FB-CMPSO,2500,2500,200,19,1441,1.2652615,5527.57809109895,5513.36728716196,0,0,0,1,0,3.9568882552561,0,0,263,309,2000.30512323874,5531.3009056067,1
hard_M4_03.mat,910003,911403020,Repair,500,75,0,0,0,0.0063761,8719.49562897795,6474.77993145361,22.2722720807791,0,0,0,NaN,NaN,NaN,NaN,NaN,NaN,NaN,5531.3009056067,0
hard_M4_03.mat,910003,911403020,Repair,1000,75,0,0,0,0.0063761,8719.49562897795,6474.77993145361,22.2722720807791,0,0,0,NaN,NaN,NaN,NaN,NaN,NaN,NaN,5531.3009056067,0
hard_M4_03.mat,910003,911403020,Repair,1500,75,0,0,0,0.0063761,8719.49562897795,6474.77993145361,22.2722720807791,0,0,0,NaN,NaN,NaN,NaN,NaN,NaN,NaN,5531.3009056067,0
hard_M4_03.mat,910003,911403020,Repair,2500,75,0,0,0,0.0063761,8719.49562897795,6474.77993145361,22.2722720807791,0,0,0,NaN,NaN,NaN,NaN,NaN,NaN,NaN,5531.3009056067,0
hard_M4_03.mat,910003,911403020,WarmPSO,500,500,200,0,0,1.0689088,8683.20063146407,7450.40967024979,12.1246193233857,0,0,0,0,17.5986468920477,0,0,NaN,NaN,NaN,5531.3009056067,1
hard_M4_03.mat,910003,911403020,WarmPSO,1000,980,200,0,0,1.1177522,7314.62388400178,7294.7695039924,0,0,0,1,0,17.5986468920477,0,0,501,NaN,NaN,5531.3009056067,1
hard_M4_03.mat,910003,911403020,WarmPSO,1500,1490,200,0,0,1.1630198,7314.62388400178,7294.7695039924,0,0,0,1,0,17.5986468920477,0,0,501,NaN,NaN,5531.3009056067,1
hard_M4_03.mat,910003,911403020,WarmPSO,2500,2500,200,0,0,1.2682724,6272.49673935976,6257.37414981477,0,0,0,1,0,17.5986468920477,0,0,501,NaN,NaN,5531.3009056067,1
hard_M4_03.mat,910003,911403020,AlwaysVND,500,491,200,0,171,1.0610706,6893.37463981681,6874.8223223005,0,0,0,1,0,17.5986468920477,0,0,299,260,1789.82599164726,5531.3009056067,1
hard_M4_03.mat,910003,911403020,AlwaysVND,1000,926,200,0,456,1.105256,6133.93952486601,6121.84627395731,0,0,0,1,0,17.5986468920477,0,0,299,260,2549.26110659806,5531.3009056067,1
hard_M4_03.mat,910003,911403020,AlwaysVND,1500,1448,200,0,798,1.1736031,5663.74114942966,5652.27360400779,0,0,0,1,0,17.5986468920477,0,0,299,260,3019.45948203441,5531.3009056067,1
hard_M4_03.mat,910003,911403020,AlwaysVND,2500,2500,200,0,1482,1.2967118,5243.34784171734,5228.34746572713,0,0,0,1,0,17.5986468920477,0,0,299,260,3439.85278974673,5531.3009056067,1
hard_M4_03.mat,910003,911403020,FB-CMPSO,500,475,200,95,0,1.0641279,7781.387051151,7350.11250192003,4.10084585700486,0,0,0,0,17.5986468920477,0,0,NaN,NaN,NaN,5531.3009056067,1
hard_M4_03.mat,910003,911403020,FB-CMPSO,1000,981,200,190,171,1.1152974,7163.41769935826,7133.78170415493,0,0,0,1,0,17.5986468920477,0,0,730,750,1532.81210075108,5531.3009056067,1
hard_M4_03.mat,910003,911403020,FB-CMPSO,1500,1416,200,190,456,1.1570155,6069.46429937965,6056.36904790103,0,0,0,1,0,17.5986468920477,0,0,730,750,2626.76550072968,5531.3009056067,1
hard_M4_03.mat,910003,911403020,FB-CMPSO,2500,2500,200,190,1150,1.2735182,5359.30825212107,5340.95041472481,0,0,0,1,0,17.5986468920477,0,0,730,750,3336.92154798826,5531.3009056067,1
hard_M4_03.mat,910003,911403021,Repair,500,75,0,0,0,0.0061919,8719.49562897795,6474.77993145361,22.2722720807791,0,0,0,NaN,NaN,NaN,NaN,NaN,NaN,NaN,5531.3009056067,0
hard_M4_03.mat,910003,911403021,Repair,1000,75,0,0,0,0.0061919,8719.49562897795,6474.77993145361,22.2722720807791,0,0,0,NaN,NaN,NaN,NaN,NaN,NaN,NaN,5531.3009056067,0
hard_M4_03.mat,910003,911403021,Repair,1500,75,0,0,0,0.0061919,8719.49562897795,6474.77993145361,22.2722720807791,0,0,0,NaN,NaN,NaN,NaN,NaN,NaN,NaN,5531.3009056067,0
hard_M4_03.mat,910003,911403021,Repair,2500,75,0,0,0,0.0061919,8719.49562897795,6474.77993145361,22.2722720807791,0,0,0,NaN,NaN,NaN,NaN,NaN,NaN,NaN,5531.3009056067,0
hard_M4_03.mat,910003,911403021,WarmPSO,500,500,200,0,0,1.0669015,7288.72831129774,7265.04290445964,0,0,0,1,0,44.2576614394707,0,0,256,NaN,NaN,5531.3009056067,1
hard_M4_03.mat,910003,911403021,WarmPSO,1000,980,200,0,0,1.1127722,7068.07672453295,7046.26657240172,0,0,0,1,0,44.2576614394707,0,0,256,NaN,NaN,5531.3009056067,1
hard_M4_03.mat,910003,911403021,WarmPSO,1500,1490,200,0,0,1.156493,6882.77545852414,6860.77504368403,0,0,0,1,0,44.2576614394707,0,0,256,NaN,NaN,5531.3009056067,1
hard_M4_03.mat,910003,911403021,WarmPSO,2500,2500,200,0,0,1.2460438,6803.73602435265,6784.75712809473,0,0,0,1,0,44.2576614394707,0,0,256,NaN,NaN,5531.3009056067,1
hard_M4_03.mat,910003,911403021,AlwaysVND,500,491,200,0,171,1.0664649,7045.02048571959,7024.85453565202,0,0,0,1,0,44.2576614394707,0,0,256,260,429.009091586972,5531.3009056067,1
hard_M4_03.mat,910003,911403021,AlwaysVND,1000,926,200,0,456,1.1094656,5858.08144370339,5842.7072032449,0,0,0,1,0,44.2576614394707,0,0,256,260,1615.94813360317,5531.3009056067,1
hard_M4_03.mat,910003,911403021,AlwaysVND,1500,1448,200,0,798,1.1680987,5742.00605845557,5725.0631641038,0,0,0,1,0,44.2576614394707,0,0,256,260,1732.02351885099,5531.3009056067,1
hard_M4_03.mat,910003,911403021,AlwaysVND,2500,2500,200,0,1482,1.2897354,5252.28525554965,5236.42786442745,0,0,0,1,0,44.2576614394707,0,0,256,260,2221.74432175691,5531.3009056067,1
hard_M4_03.mat,910003,911403021,FB-CMPSO,500,491,200,0,171,1.0666725,7045.02048571959,7024.85453565202,0,0,0,1,0,44.2576614394707,0,0,256,260,429.009091586972,5531.3009056067,1
hard_M4_03.mat,910003,911403021,FB-CMPSO,1000,926,200,0,456,1.1164563,5858.08144370339,5842.7072032449,0,0,0,1,0,44.2576614394707,0,0,256,260,1615.94813360317,5531.3009056067,1
hard_M4_03.mat,910003,911403021,FB-CMPSO,1500,1448,200,0,798,1.1784146,5742.00605845557,5725.0631641038,0,0,0,1,0,44.2576614394707,0,0,256,260,1732.02351885099,5531.3009056067,1
hard_M4_03.mat,910003,911403021,FB-CMPSO,2500,2500,200,0,1482,1.3090012,5252.28525554965,5236.42786442745,0,0,0,1,0,44.2576614394707,0,0,256,260,2221.74432175691,5531.3009056067,1
hard_M4_03.mat,910003,911403022,Repair,500,75,0,0,0,0.006855,8719.49562897795,6474.77993145361,22.2722720807791,0,0,0,NaN,NaN,NaN,NaN,NaN,NaN,NaN,5531.3009056067,0
hard_M4_03.mat,910003,911403022,Repair,1000,75,0,0,0,0.006855,8719.49562897795,6474.77993145361,22.2722720807791,0,0,0,NaN,NaN,NaN,NaN,NaN,NaN,NaN,5531.3009056067,0
hard_M4_03.mat,910003,911403022,Repair,1500,75,0,0,0,0.006855,8719.49562897795,6474.77993145361,22.2722720807791,0,0,0,NaN,NaN,NaN,NaN,NaN,NaN,NaN,5531.3009056067,0
hard_M4_03.mat,910003,911403022,Repair,2500,75,0,0,0,0.006855,8719.49562897795,6474.77993145361,22.2722720807791,0,0,0,NaN,NaN,NaN,NaN,NaN,NaN,NaN,5531.3009056067,0
hard_M4_03.mat,910003,911403022,WarmPSO,500,500,200,0,0,1.0094519,8427.34107559211,8403.48147496357,0,0,0,1,0,40.1163116838013,0,0,233,NaN,NaN,5531.3009056067,1
hard_M4_03.mat,910003,911403022,WarmPSO,1000,980,200,0,0,1.0512254,7838.08987299653,7813.86388024283,0,0,0,1,0,40.1163116838013,0,0,233,NaN,NaN,5531.3009056067,1
hard_M4_03.mat,910003,911403022,WarmPSO,1500,1490,200,0,0,1.0958418,7838.08987299653,7813.86388024283,0,0,0,1,0,40.1163116838013,0,0,233,NaN,NaN,5531.3009056067,1
hard_M4_03.mat,910003,911403022,WarmPSO,2500,2500,200,0,0,1.1925245,7838.08987299653,7813.86388024283,0,0,0,1,0,40.1163116838013,0,0,233,NaN,NaN,5531.3009056067,1
hard_M4_03.mat,910003,911403022,AlwaysVND,500,491,200,0,171,1.0094827,7408.55340339949,7385.19693713874,0,0,0,1,0,40.1163116838013,0,0,233,260,1589.79675253088,5531.3009056067,1
hard_M4_03.mat,910003,911403022,AlwaysVND,1000,926,200,0,456,1.0537847,6941.4475200943,6920.53707451819,0,0,0,1,0,40.1163116838013,0,0,233,260,2056.90263583607,5531.3009056067,1
hard_M4_03.mat,910003,911403022,AlwaysVND,1500,1448,200,0,798,1.1167782,6822.84275778017,6799.78962517224,0,0,0,1,0,40.1163116838013,0,0,233,260,2175.50739815019,5531.3009056067,1
hard_M4_03.mat,910003,911403022,AlwaysVND,2500,2500,200,0,1482,1.2346922,6098.5126676798,6081.6607320459,0,0,0,1,0,40.1163116838013,0,0,233,260,2899.83748825056,5531.3009056067,1
hard_M4_03.mat,910003,911403022,FB-CMPSO,500,491,200,0,171,1.0115725,7408.55340339949,7385.19693713874,0,0,0,1,0,40.1163116838013,0,0,233,260,1589.79675253088,5531.3009056067,1
hard_M4_03.mat,910003,911403022,FB-CMPSO,1000,926,200,0,456,1.0657354,6941.4475200943,6920.53707451819,0,0,0,1,0,40.1163116838013,0,0,233,260,2056.90263583607,5531.3009056067,1
hard_M4_03.mat,910003,911403022,FB-CMPSO,1500,1448,200,0,798,1.1176686,6822.84275778017,6799.78962517224,0,0,0,1,0,40.1163116838013,0,0,233,260,2175.50739815019,5531.3009056067,1
hard_M4_03.mat,910003,911403022,FB-CMPSO,2500,2500,200,0,1482,1.2414192,6098.5126676798,6081.6607320459,0,0,0,1,0,40.1163116838013,0,0,233,260,2899.83748825056,5531.3009056067,1
hard_M4_03.mat,910003,911403023,Repair,500,75,0,0,0,0.0062204,8719.49562897795,6474.77993145361,22.2722720807791,0,0,0,NaN,NaN,NaN,NaN,NaN,NaN,NaN,5531.3009056067,0
hard_M4_03.mat,910003,911403023,Repair,1000,75,0,0,0,0.0062204,8719.49562897795,6474.77993145361,22.2722720807791,0,0,0,NaN,NaN,NaN,NaN,NaN,NaN,NaN,5531.3009056067,0
hard_M4_03.mat,910003,911403023,Repair,1500,75,0,0,0,0.0062204,8719.49562897795,6474.77993145361,22.2722720807791,0,0,0,NaN,NaN,NaN,NaN,NaN,NaN,NaN,5531.3009056067,0
hard_M4_03.mat,910003,911403023,Repair,2500,75,0,0,0,0.0062204,8719.49562897795,6474.77993145361,22.2722720807791,0,0,0,NaN,NaN,NaN,NaN,NaN,NaN,NaN,5531.3009056067,0
hard_M4_03.mat,910003,911403023,WarmPSO,500,500,200,0,0,1.0259649,7454.60175300118,7431.07731377604,0,0,0,1,0,99.4706826668098,0,0,268,NaN,NaN,5531.3009056067,1
hard_M4_03.mat,910003,911403023,WarmPSO,1000,980,200,0,0,1.0688062,7450.99061338357,7430.04779671258,0,0,0,1,0,99.4706826668098,0,0,268,NaN,NaN,5531.3009056067,1
hard_M4_03.mat,910003,911403023,WarmPSO,1500,1490,200,0,0,1.1188155,7304.33265664209,7282.330043623,0,0,0,1,0,99.4706826668098,0,0,268,NaN,NaN,5531.3009056067,1
hard_M4_03.mat,910003,911403023,WarmPSO,2500,2500,200,0,0,1.2135139,6803.73602435265,6784.75712809473,0,0,0,1,0,99.4706826668098,0,0,268,NaN,NaN,5531.3009056067,1
hard_M4_03.mat,910003,911403023,AlwaysVND,500,491,200,0,171,1.0266196,8885.10058657001,8853.58163972972,0,0,0,1,0,99.4706826668098,0,0,374,260,2885.49277617707,5531.3009056067,0
hard_M4_03.mat,910003,911403023,AlwaysVND,1000,926,200,0,456,1.0688106,7366.33830999233,7340.18695366456,0,0,0,1,0,99.4706826668098,0,0,374,260,4404.25505275475,5531.3009056067,1
hard_M4_03.mat,910003,911403023,AlwaysVND,1500,1448,200,0,798,1.1197713,5987.75171499206,5969.74102510642,0,0,0,1,0,99.4706826668098,0,0,374,260,5782.84164775502,5531.3009056067,1
hard_M4_03.mat,910003,911403023,AlwaysVND,2500,2500,200,0,1482,1.2256954,4948.42778529883,4935.27244152707,0,0,0,1,0,99.4706826668098,0,0,374,260,6822.16557744825,5531.3009056067,1
hard_M4_03.mat,910003,911403023,FB-CMPSO,500,453,200,19,114,1.0258148,7565.78357209021,7542.38117303585,0,0,0,1,0,99.4706826668098,0,0,261,309,94.4139637925628,5531.3009056067,1
hard_M4_03.mat,910003,911403023,FB-CMPSO,1000,975,200,19,456,1.0775419,6751.75223029503,6735.033705331,0,0,0,1,0,99.4706826668098,0,0,261,309,908.445305587746,5531.3009056067,1
hard_M4_03.mat,910003,911403023,FB-CMPSO,1500,1497,200,19,798,1.1286302,5853.53098339353,5838.42003703323,0,0,0,1,0,99.4706826668098,0,0,261,309,1806.66655248924,5531.3009056067,1
hard_M4_03.mat,910003,911403023,FB-CMPSO,2500,2500,200,19,1441,1.2289894,5032.85564547047,5019.36369123269,0,0,0,1,0,99.4706826668098,0,0,261,309,2627.3418904123,5531.3009056067,1
hard_M4_03.mat,910003,911403024,Repair,500,75,0,0,0,0.0063122,8719.49562897795,6474.77993145361,22.2722720807791,0,0,0,NaN,NaN,NaN,NaN,NaN,NaN,NaN,5531.3009056067,0
hard_M4_03.mat,910003,911403024,Repair,1000,75,0,0,0,0.0063122,8719.49562897795,6474.77993145361,22.2722720807791,0,0,0,NaN,NaN,NaN,NaN,NaN,NaN,NaN,5531.3009056067,0
hard_M4_03.mat,910003,911403024,Repair,1500,75,0,0,0,0.0063122,8719.49562897795,6474.77993145361,22.2722720807791,0,0,0,NaN,NaN,NaN,NaN,NaN,NaN,NaN,5531.3009056067,0
hard_M4_03.mat,910003,911403024,Repair,2500,75,0,0,0,0.0063122,8719.49562897795,6474.77993145361,22.2722720807791,0,0,0,NaN,NaN,NaN,NaN,NaN,NaN,NaN,5531.3009056067,0
hard_M4_03.mat,910003,911403024,WarmPSO,500,500,200,0,0,1.0272303,9721.56939295814,9699.66432631976,0,0,0,1,0,32.1600958946487,0,0,287,NaN,NaN,5531.3009056067,0
hard_M4_03.mat,910003,911403024,WarmPSO,1000,980,200,0,0,1.0717368,8636.9879932196,8611.41144718992,0,0,0,1,0,32.1600958946487,0,0,287,NaN,NaN,5531.3009056067,1
hard_M4_03.mat,910003,911403024,WarmPSO,1500,1490,200,0,0,1.1170513,8247.06839125421,8221.14136958417,0,0,0,1,0,32.1600958946487,0,0,287,NaN,NaN,5531.3009056067,1
hard_M4_03.mat,910003,911403024,WarmPSO,2500,2500,200,0,0,1.2077141,8247.06839125421,8221.14136958417,0,0,0,1,0,32.1600958946487,0,0,287,NaN,NaN,5531.3009056067,1
hard_M4_03.mat,910003,911403024,AlwaysVND,500,491,200,0,171,1.0269114,7751.63266454524,7731.78899827055,0,0,0,1,0,32.1600958946487,0,0,273,260,3917.76089233635,5531.3009056067,1
hard_M4_03.mat,910003,911403024,AlwaysVND,1000,926,200,0,456,1.0702752,7310.56919225938,7292.92757710573,0,0,0,1,0,32.1600958946487,0,0,273,260,4358.82436462221,5531.3009056067,1
hard_M4_03.mat,910003,911403024,AlwaysVND,1500,1448,200,0,798,1.1212525,7099.14140670567,7078.59002768841,0,0,0,1,0,32.1600958946487,0,0,273,260,4570.25215017592,5531.3009056067,1
hard_M4_03.mat,910003,911403024,AlwaysVND,2500,2500,200,0,1482,1.2425214,5527.84058774768,5514.71025471238,0,0,0,1,0,32.1600958946487,0,0,273,260,6141.55296913391,5531.3009056067,1
hard_M4_03.mat,910003,911403024,FB-CMPSO,500,453,200,19,114,1.0269627,8027.60498310289,8008.53731812142,0,0,0,1,0,32.1600958946487,0,0,277,309,41.6809302697084,5531.3009056067,1
hard_M4_03.mat,910003,911403024,FB-CMPSO,1000,975,200,19,456,1.0823854,7643.4522559491,7621.83192313993,0,0,0,1,0,32.1600958946487,0,0,277,309,425.833657423495,5531.3009056067,1
hard_M4_03.mat,910003,911403024,FB-CMPSO,1500,1497,200,19,798,1.1358634,6942.38275092695,6919.06634772881,0,0,0,1,0,32.1600958946487,0,0,277,309,1126.90316244564,5531.3009056067,1
hard_M4_03.mat,910003,911403024,FB-CMPSO,2500,2500,200,19,1441,1.2373011,5985.94993713096,5969.99646708933,0,0,0,1,0,32.1600958946487,0,0,277,309,2083.33597624163,5531.3009056067,1
hard_M4_03.mat,910003,911403025,Repair,500,75,0,0,0,0.0073989,8719.49562897795,6474.77993145361,22.2722720807791,0,0,0,NaN,NaN,NaN,NaN,NaN,NaN,NaN,5531.3009056067,0
hard_M4_03.mat,910003,911403025,Repair,1000,75,0,0,0,0.0073989,8719.49562897795,6474.77993145361,22.2722720807791,0,0,0,NaN,NaN,NaN,NaN,NaN,NaN,NaN,5531.3009056067,0
hard_M4_03.mat,910003,911403025,Repair,1500,75,0,0,0,0.0073989,8719.49562897795,6474.77993145361,22.2722720807791,0,0,0,NaN,NaN,NaN,NaN,NaN,NaN,NaN,5531.3009056067,0
hard_M4_03.mat,910003,911403025,Repair,2500,75,0,0,0,0.0073989,8719.49562897795,6474.77993145361,22.2722720807791,0,0,0,NaN,NaN,NaN,NaN,NaN,NaN,NaN,5531.3009056067,0
hard_M4_03.mat,910003,911403025,WarmPSO,500,500,200,0,0,1.0607155,6803.73602435265,6784.75712809473,0,0,0,1,0,51.9515624764765,0,0,254,NaN,NaN,5531.3009056067,1
hard_M4_03.mat,910003,911403025,WarmPSO,1000,980,200,0,0,1.1077651,6803.73602435265,6784.75712809473,0,0,0,1,0,51.9515624764765,0,0,254,NaN,NaN,5531.3009056067,1
hard_M4_03.mat,910003,911403025,WarmPSO,1500,1490,200,0,0,1.1531069,6803.73602435265,6784.75712809473,0,0,0,1,0,51.9515624764765,0,0,254,NaN,NaN,5531.3009056067,1
hard_M4_03.mat,910003,911403025,WarmPSO,2500,2500,200,0,0,1.2461486,6803.73602435265,6784.75712809473,0,0,0,1,0,51.9515624764765,0,0,254,NaN,NaN,5531.3009056067,1
hard_M4_03.mat,910003,911403025,AlwaysVND,500,491,200,0,171,1.0599896,7026.95799691651,7006.74286832895,0,0,0,1,0,51.9515624764765,0,0,254,260,351.652634783883,5531.3009056067,1
hard_M4_03.mat,910003,911403025,AlwaysVND,1000,926,200,0,456,1.1040699,5828.0914488932,5811.65618681246,0,0,0,1,0,51.9515624764765,0,0,254,260,1550.51918280719,5531.3009056067,1
hard_M4_03.mat,910003,911403025,AlwaysVND,1500,1448,200,0,798,1.178293,5285.65154649346,5272.56041687926,0,0,0,1,0,51.9515624764765,0,0,254,260,2092.95908520693,5531.3009056067,1
hard_M4_03.mat,910003,911403025,AlwaysVND,2500,2500,200,0,1482,1.2966323,5177.71890748588,5163.21393117651,0,0,0,1,0,51.9515624764765,0,0,254,260,2200.89172421452,5531.3009056067,1
hard_M4_03.mat,910003,911403025,FB-CMPSO,500,491,200,0,171,1.0625858,7026.95799691651,7006.74286832895,0,0,0,1,0,51.9515624764765,0,0,254,260,351.652634783883,5531.3009056067,1
hard_M4_03.mat,910003,911403025,FB-CMPSO,1000,926,200,0,456,1.1116616,5828.0914488932,5811.65618681246,0,0,0,1,0,51.9515624764765,0,0,254,260,1550.51918280719,5531.3009056067,1
hard_M4_03.mat,910003,911403025,FB-CMPSO,1500,1448,200,0,798,1.1634862,5285.65154649346,5272.56041687926,0,0,0,1,0,51.9515624764765,0,0,254,260,2092.95908520693,5531.3009056067,1
hard_M4_03.mat,910003,911403025,FB-CMPSO,2500,2500,200,0,1482,1.2774717,5177.71890748588,5163.21393117651,0,0,0,1,0,51.9515624764765,0,0,254,260,2200.89172421452,5531.3009056067,1
hard_M4_03.mat,910003,911403026,Repair,500,75,0,0,0,0.0065751,8719.49562897795,6474.77993145361,22.2722720807791,0,0,0,NaN,NaN,NaN,NaN,NaN,NaN,NaN,5531.3009056067,0
hard_M4_03.mat,910003,911403026,Repair,1000,75,0,0,0,0.0065751,8719.49562897795,6474.77993145361,22.2722720807791,0,0,0,NaN,NaN,NaN,NaN,NaN,NaN,NaN,5531.3009056067,0
hard_M4_03.mat,910003,911403026,Repair,1500,75,0,0,0,0.0065751,8719.49562897795,6474.77993145361,22.2722720807791,0,0,0,NaN,NaN,NaN,NaN,NaN,NaN,NaN,5531.3009056067,0
hard_M4_03.mat,910003,911403026,Repair,2500,75,0,0,0,0.0065751,8719.49562897795,6474.77993145361,22.2722720807791,0,0,0,NaN,NaN,NaN,NaN,NaN,NaN,NaN,5531.3009056067,0
hard_M4_03.mat,910003,911403026,WarmPSO,500,500,200,0,0,1.042721,8536.87400118898,8511.11085645144,0,0,0,1,0,78.7256486606199,0,0,306,NaN,NaN,5531.3009056067,1
hard_M4_03.mat,910003,911403026,WarmPSO,1000,980,200,0,0,1.0879316,7864.21241962712,7843.00050411999,0,0,0,1,0,78.7256486606199,0,0,306,NaN,NaN,5531.3009056067,1
hard_M4_03.mat,910003,911403026,WarmPSO,1500,1490,200,0,0,1.1416166,7555.09584353923,7535.20007128279,0,0,0,1,0,78.7256486606199,0,0,306,NaN,NaN,5531.3009056067,1
hard_M4_03.mat,910003,911403026,WarmPSO,2500,2500,200,0,0,1.2427797,6883.7851018687,6864.18973758605,0,0,0,1,0,78.7256486606199,0,0,306,NaN,NaN,5531.3009056067,1
hard_M4_03.mat,910003,911403026,AlwaysVND,500,491,200,0,171,1.0436786,9357.1231415628,9321.14032220055,0,0,0,1,0,78.7256486606199,0,0,364,260,3253.55348408228,5531.3009056067,0
hard_M4_03.mat,910003,911403026,AlwaysVND,1000,926,200,0,456,1.0853294,7610.7576730615,7584.59911116934,0,0,0,1,0,78.7256486606199,0,0,364,260,4999.91895258358,5531.3009056067,1
hard_M4_03.mat,910003,911403026,AlwaysVND,1500,1448,200,0,798,1.1418611,6459.51221427593,6439.97933652561,0,0,0,1,0,78.7256486606199,0,0,364,260,6151.16441136915,5531.3009056067,1
hard_M4_03.mat,910003,911403026,AlwaysVND,2500,2500,200,0,1482,1.2506164,5840.85233338688,5826.56497278501,0,0,0,1,0,78.7256486606199,0,0,364,260,6769.8242922582,5531.3009056067,1
hard_M4_03.mat,910003,911403026,FB-CMPSO,500,453,200,19,114,1.0412328,7709.737455885,7687.10553284636,0,0,0,1,0,78.7256486606199,0,0,261,309,337.746576461118,5531.3009056067,1
hard_M4_03.mat,910003,911403026,FB-CMPSO,1000,975,200,19,456,1.0974808,6460.77478523403,6439.06029177814,0,0,0,1,0,78.7256486606199,0,0,261,309,1586.70924711209,5531.3009056067,1
hard_M4_03.mat,910003,911403026,FB-CMPSO,1500,1497,200,19,798,1.1508539,5973.94229591484,5958.39235384447,0,0,0,1,0,78.7256486606199,0,0,261,309,2073.54173643128,5531.3009056067,1
hard_M4_03.mat,910003,911403026,FB-CMPSO,2500,2500,200,19,1441,1.2501534,5665.05745729476,5648.62133952197,0,0,0,1,0,78.7256486606199,0,0,261,309,2382.42657505136,5531.3009056067,1
hard_M4_03.mat,910003,911403027,Repair,500,75,0,0,0,0.0062013,8719.49562897795,6474.77993145361,22.2722720807791,0,0,0,NaN,NaN,NaN,NaN,NaN,NaN,NaN,5531.3009056067,0
hard_M4_03.mat,910003,911403027,Repair,1000,75,0,0,0,0.0062013,8719.49562897795,6474.77993145361,22.2722720807791,0,0,0,NaN,NaN,NaN,NaN,NaN,NaN,NaN,5531.3009056067,0
hard_M4_03.mat,910003,911403027,Repair,1500,75,0,0,0,0.0062013,8719.49562897795,6474.77993145361,22.2722720807791,0,0,0,NaN,NaN,NaN,NaN,NaN,NaN,NaN,5531.3009056067,0
hard_M4_03.mat,910003,911403027,Repair,2500,75,0,0,0,0.0062013,8719.49562897795,6474.77993145361,22.2722720807791,0,0,0,NaN,NaN,NaN,NaN,NaN,NaN,NaN,5531.3009056067,0
hard_M4_03.mat,910003,911403027,WarmPSO,500,500,200,0,0,1.0305893,7561.09082905378,7539.10499879469,0,0,0,1,0,20.5029748223361,0,0,232,NaN,NaN,5531.3009056067,1
hard_M4_03.mat,910003,911403027,WarmPSO,1000,980,200,0,0,1.0798856,7454.01631146946,7436.10638229021,0,0,0,1,0,20.5029748223361,0,0,232,NaN,NaN,5531.3009056067,1
hard_M4_03.mat,910003,911403027,WarmPSO,1500,1490,200,0,0,1.124634,6803.73602435265,6784.75712809473,0,0,0,1,0,20.5029748223361,0,0,232,NaN,NaN,5531.3009056067,1
hard_M4_03.mat,910003,911403027,WarmPSO,2500,2500,200,0,0,1.2139914,6803.73602435265,6784.75712809473,0,0,0,1,0,20.5029748223361,0,0,232,NaN,NaN,5531.3009056067,1
hard_M4_03.mat,910003,911403027,AlwaysVND,500,491,200,0,171,1.033154,7923.17227284258,7906.41998321239,0,0,0,1,0,20.5029748223361,0,0,232,260,39.8350455612699,5531.3009056067,1
hard_M4_03.mat,910003,911403027,AlwaysVND,1000,926,200,0,456,1.0768061,6739.89831399133,6724.44419844,0,0,0,1,0,20.5029748223361,0,0,232,260,1223.10900441252,5531.3009056067,1
hard_M4_03.mat,910003,911403027,AlwaysVND,1500,1448,200,0,798,1.1306945,6432.15476914937,6415.95732496687,0,0,0,1,0,20.5029748223361,0,0,232,260,1530.85254925448,5531.3009056067,1
hard_M4_03.mat,910003,911403027,AlwaysVND,2500,2500,200,0,1482,1.235273,5696.35670161842,5680.68306822748,0,0,0,1,0,20.5029748223361,0,0,232,260,2266.65061678543,5531.3009056067,1
hard_M4_03.mat,910003,911403027,FB-CMPSO,500,491,200,0,171,1.0378036,7923.17227284258,7906.41998321239,0,0,0,1,0,20.5029748223361,0,0,232,260,39.8350455612699,5531.3009056067,1
hard_M4_03.mat,910003,911403027,FB-CMPSO,1000,926,200,0,456,1.086955,6739.89831399133,6724.44419844,0,0,0,1,0,20.5029748223361,0,0,232,260,1223.10900441252,5531.3009056067,1
hard_M4_03.mat,910003,911403027,FB-CMPSO,1500,1448,200,0,798,1.1450216,6432.15476914937,6415.95732496687,0,0,0,1,0,20.5029748223361,0,0,232,260,1530.85254925448,5531.3009056067,1
hard_M4_03.mat,910003,911403027,FB-CMPSO,2500,2500,200,0,1482,1.2472849,5696.35670161842,5680.68306822748,0,0,0,1,0,20.5029748223361,0,0,232,260,2266.65061678543,5531.3009056067,1
hard_M4_03.mat,910003,911403028,Repair,500,75,0,0,0,0.0066919,8719.49562897795,6474.77993145361,22.2722720807791,0,0,0,NaN,NaN,NaN,NaN,NaN,NaN,NaN,5531.3009056067,0
hard_M4_03.mat,910003,911403028,Repair,1000,75,0,0,0,0.0066919,8719.49562897795,6474.77993145361,22.2722720807791,0,0,0,NaN,NaN,NaN,NaN,NaN,NaN,NaN,5531.3009056067,0
hard_M4_03.mat,910003,911403028,Repair,1500,75,0,0,0,0.0066919,8719.49562897795,6474.77993145361,22.2722720807791,0,0,0,NaN,NaN,NaN,NaN,NaN,NaN,NaN,5531.3009056067,0
hard_M4_03.mat,910003,911403028,Repair,2500,75,0,0,0,0.0066919,8719.49562897795,6474.77993145361,22.2722720807791,0,0,0,NaN,NaN,NaN,NaN,NaN,NaN,NaN,5531.3009056067,0
hard_M4_03.mat,910003,911403028,WarmPSO,500,500,200,0,0,1.0380975,6803.73602435265,6784.75712809473,0,0,0,1,1,0,0,0,201,NaN,NaN,5531.3009056067,1
hard_M4_03.mat,910003,911403028,WarmPSO,1000,980,200,0,0,1.0879326,6803.73602435265,6784.75712809473,0,0,0,1,1,0,0,0,201,NaN,NaN,5531.3009056067,1
hard_M4_03.mat,910003,911403028,WarmPSO,1500,1490,200,0,0,1.1325895,6803.73602435265,6784.75712809473,0,0,0,1,1,0,0,0,201,NaN,NaN,5531.3009056067,1
hard_M4_03.mat,910003,911403028,WarmPSO,2500,2500,200,0,0,1.2208748,6803.73602435265,6784.75712809473,0,0,0,1,1,0,0,0,201,NaN,NaN,5531.3009056067,1
hard_M4_03.mat,910003,911403028,AlwaysVND,500,491,200,0,171,1.0380774,6324.63519458008,6307.56876031285,0,0,0,1,1,0,0,0,201,260,611.065817597676,5531.3009056067,1
hard_M4_03.mat,910003,911403028,AlwaysVND,1000,926,200,0,456,1.0842106,6190.2586504054,6174.97046589118,0,0,0,1,1,0,0,0,201,260,745.442361772359,5531.3009056067,1
hard_M4_03.mat,910003,911403028,AlwaysVND,1500,1448,200,0,798,1.1386951,5725.28786383985,5711.65229355701,0,0,0,1,1,0,0,0,201,260,1210.4131483379,5531.3009056067,1
hard_M4_03.mat,910003,911403028,AlwaysVND,2500,2500,200,0,1482,1.2495016,4934.64993547311,4920.18043579473,0,0,0,1,1,0,0,0,201,260,2001.05107670464,5531.3009056067,1
hard_M4_03.mat,910003,911403028,FB-CMPSO,500,491,200,0,171,1.0381051,6324.63519458008,6307.56876031285,0,0,0,1,1,0,0,0,201,260,611.065817597676,5531.3009056067,1
hard_M4_03.mat,910003,911403028,FB-CMPSO,1000,926,200,0,456,1.0836821,6190.2586504054,6174.97046589118,0,0,0,1,1,0,0,0,201,260,745.442361772359,5531.3009056067,1
hard_M4_03.mat,910003,911403028,FB-CMPSO,1500,1448,200,0,798,1.1352498,5725.28786383985,5711.65229355701,0,0,0,1,1,0,0,0,201,260,1210.4131483379,5531.3009056067,1
hard_M4_03.mat,910003,911403028,FB-CMPSO,2500,2500,200,0,1482,1.2427782,4934.64993547311,4920.18043579473,0,0,0,1,1,0,0,0,201,260,2001.05107670464,5531.3009056067,1
hard_M4_03.mat,910003,911403029,Repair,500,75,0,0,0,0.0061064,8719.49562897795,6474.77993145361,22.2722720807791,0,0,0,NaN,NaN,NaN,NaN,NaN,NaN,NaN,5531.3009056067,0
hard_M4_03.mat,910003,911403029,Repair,1000,75,0,0,0,0.0061064,8719.49562897795,6474.77993145361,22.2722720807791,0,0,0,NaN,NaN,NaN,NaN,NaN,NaN,NaN,5531.3009056067,0
hard_M4_03.mat,910003,911403029,Repair,1500,75,0,0,0,0.0061064,8719.49562897795,6474.77993145361,22.2722720807791,0,0,0,NaN,NaN,NaN,NaN,NaN,NaN,NaN,5531.3009056067,0
hard_M4_03.mat,910003,911403029,Repair,2500,75,0,0,0,0.0061064,8719.49562897795,6474.77993145361,22.2722720807791,0,0,0,NaN,NaN,NaN,NaN,NaN,NaN,NaN,5531.3009056067,0
hard_M4_03.mat,910003,911403029,WarmPSO,500,500,200,0,0,1.0165085,8021.88964359405,7996.57114334626,0,0,0,1,0,3.9568882552561,0,0,268,NaN,NaN,5531.3009056067,1
hard_M4_03.mat,910003,911403029,WarmPSO,1000,980,200,0,0,1.0651283,7878.35708288771,7852.21307221468,0,0,0,1,0,3.9568882552561,0,0,268,NaN,NaN,5531.3009056067,1
hard_M4_03.mat,910003,911403029,WarmPSO,1500,1490,200,0,0,1.1129463,7561.09082905378,7539.10499879469,0,0,0,1,0,3.9568882552561,0,0,268,NaN,NaN,5531.3009056067,1
hard_M4_03.mat,910003,911403029,WarmPSO,2500,2500,200,0,0,1.2131387,7561.09082905378,7539.10499879469,0,0,0,1,0,3.9568882552561,0,0,268,NaN,NaN,5531.3009056067,1
hard_M4_03.mat,910003,911403029,AlwaysVND,500,491,200,0,171,1.0178626,7816.66302364728,7791.52890196099,0,0,0,1,0,3.9568882552561,0,0,267,260,272.081618757222,5531.3009056067,1
hard_M4_03.mat,910003,911403029,AlwaysVND,1000,926,200,0,456,1.0615456,7010.85302957675,6987.43915513465,0,0,0,1,0,3.9568882552561,0,0,267,260,1077.89161282775,5531.3009056067,1
hard_M4_03.mat,910003,911403029,AlwaysVND,1500,1448,200,0,798,1.1136347,6990.96362912445,6969.45048653168,0,0,0,1,0,3.9568882552561,0,0,267,260,1097.78101328006,5531.3009056067,1
hard_M4_03.mat,910003,911403029,AlwaysVND,2500,2500,200,0,1482,1.2244156,6707.46732385966,6690.03041703126,0,0,0,1,0,3.9568882552561,0,0,267,260,1381.27731854484,5531.3009056067,1
hard_M4_03.mat,910003,911403029,FB-CMPSO,500,453,200,19,114,1.0141559,6466.4383990748,6448.77503142788,0,0,0,1,0,3.9568882552561,0,0,265,309,1226.61741780409,5531.3009056067,1
hard_M4_03.mat,910003,911403029,FB-CMPSO,1000,975,200,19,456,1.0748094,5766.32933985547,5752.52551553388,0,0,0,1,0,3.9568882552561,0,0,265,309,1926.72647702343,5531.3009056067,1
hard_M4_03.mat,910003,911403029,FB-CMPSO,1500,1497,200,19,798,1.1379396,5689.25843159235,5676.47444459654,0,0,0,1,0,3.9568882552561,0,0,265,309,2003.79738528654,5531.3009056067,1
hard_M4_03.mat,910003,911403029,FB-CMPSO,2500,2500,200,19,1441,1.2486317,5652.4482772007,5638.81376417416,0,0,0,1,0,3.9568882552561,0,0,265,309,2040.60753967819,5531.3009056067,1
hard_M4_03.mat,910003,911403030,Repair,500,75,0,0,0,0.0065043,8719.49562897795,6474.77993145361,22.2722720807791,0,0,0,NaN,NaN,NaN,NaN,NaN,NaN,NaN,5531.3009056067,0
hard_M4_03.mat,910003,911403030,Repair,1000,75,0,0,0,0.0065043,8719.49562897795,6474.77993145361,22.2722720807791,0,0,0,NaN,NaN,NaN,NaN,NaN,NaN,NaN,5531.3009056067,0
hard_M4_03.mat,910003,911403030,Repair,1500,75,0,0,0,0.0065043,8719.49562897795,6474.77993145361,22.2722720807791,0,0,0,NaN,NaN,NaN,NaN,NaN,NaN,NaN,5531.3009056067,0
hard_M4_03.mat,910003,911403030,Repair,2500,75,0,0,0,0.0065043,8719.49562897795,6474.77993145361,22.2722720807791,0,0,0,NaN,NaN,NaN,NaN,NaN,NaN,NaN,5531.3009056067,0
hard_M4_03.mat,910003,911403030,WarmPSO,500,500,200,0,0,1.0215116,7918.21275588665,7896.97836867293,0,0,0,1,0,3.9568882552561,0,0,263,NaN,NaN,5531.3009056067,1
hard_M4_03.mat,910003,911403030,WarmPSO,1000,980,200,0,0,1.0663823,7918.21275588665,7896.97836867293,0,0,0,1,0,3.9568882552561,0,0,263,NaN,NaN,5531.3009056067,1
hard_M4_03.mat,910003,911403030,WarmPSO,1500,1490,200,0,0,1.1120427,7138.68689156765,7119.24266723202,0,0,0,1,0,3.9568882552561,0,0,263,NaN,NaN,5531.3009056067,1
hard_M4_03.mat,910003,911403030,WarmPSO,2500,2500,200,0,0,1.2063499,6648.42210146298,6629.44967892341,0,0,0,1,0,3.9568882552561,0,0,263,NaN,NaN,5531.3009056067,1
hard_M4_03.mat,910003,911403030,AlwaysVND,500,491,200,0,171,1.0246104,7617.04216990712,7592.60256297125,0,0,0,1,0,3.9568882552561,0,0,266,260,339.737484672271,5531.3009056067,1
hard_M4_03.mat,910003,911403030,AlwaysVND,1000,926,200,0,456,1.0720763,6064.43641205335,6047.60322923858,0,0,0,1,0,3.9568882552561,0,0,266,260,1892.34324252604,5531.3009056067,1
hard_M4_03.mat,910003,911403030,AlwaysVND,1500,1448,200,0,798,1.1293112,5554.76857162785,5540.31501815702,0,0,0,1,0,3.9568882552561,0,0,266,260,2402.01108295154,5531.3009056067,1
hard_M4_03.mat,910003,911403030,AlwaysVND,2500,2500,200,0,1482,1.2365227,5521.619013741,5505.71203399764,0,0,0,1,0,3.9568882552561,0,0,266,260,2435.16064083839,5531.3009056067,1
hard_M4_03.mat,910003,911403030,FB-CMPSO,500,453,200,19,114,1.0167706,7245.32080115168,7226.48714026077,0,0,0,1,0,3.9568882552561,0,0,279,309,315.770027902102,5531.3009056067,1
hard_M4_03.mat,910003,911403030,FB-CMPSO,1000,975,200,19,456,1.0702906,6762.21311211745,6742.09736558893,0,0,0,1,0,3.9568882552561,0,0,279,309,798.87771693633,5531.3009056067,1
hard_M4_03.mat,910003,911403030,FB-CMPSO,1500,1497,200,19,798,1.1298749,6460.96977103788,6439.93813091303,0,0,0,1,0,3.9568882552561,0,0,279,309,1100.1210580159,5531.3009056067,1
hard_M4_03.mat,910003,911403030,FB-CMPSO,2500,2500,200,19,1441,1.2308757,5962.09347587846,5945.3125598896,0,0,0,1,0,3.9568882552561,0,0,279,309,1598.99735317533,5531.3009056067,1
hard_M4_04.mat,910004,911404001,Repair,500,75,0,0,0,0.0063628,11882.5279815647,6149.41138095186,57.1756872931443,0,0,0,NaN,NaN,NaN,NaN,NaN,NaN,NaN,6462.59868478912,0
hard_M4_04.mat,910004,911404001,Repair,1000,75,0,0,0,0.0063628,11882.5279815647,6149.41138095186,57.1756872931443,0,0,0,NaN,NaN,NaN,NaN,NaN,NaN,NaN,6462.59868478912,0
hard_M4_04.mat,910004,911404001,Repair,1500,75,0,0,0,0.0063628,11882.5279815647,6149.41138095186,57.1756872931443,0,0,0,NaN,NaN,NaN,NaN,NaN,NaN,NaN,6462.59868478912,0
hard_M4_04.mat,910004,911404001,Repair,2500,75,0,0,0,0.0063628,11882.5279815647,6149.41138095186,57.1756872931443,0,0,0,NaN,NaN,NaN,NaN,NaN,NaN,NaN,6462.59868478912,0
hard_M4_04.mat,910004,911404001,WarmPSO,500,500,200,0,0,1.0498446,7049.13645598918,7029.06214387841,0,0,0,1,0,83.1840281733246,0,0,461,NaN,NaN,6462.59868478912,1
hard_M4_04.mat,910004,911404001,WarmPSO,1000,980,200,0,0,1.0929078,5915.17188221501,5901.91632937484,0,0,0,1,0,83.1840281733246,0,0,461,NaN,NaN,6462.59868478912,1
hard_M4_04.mat,910004,911404001,WarmPSO,1500,1490,200,0,0,1.1507062,5570.97667852993,5557.59066277771,0,0,0,1,0,83.1840281733246,0,0,461,NaN,NaN,6462.59868478912,1
hard_M4_04.mat,910004,911404001,WarmPSO,2500,2500,200,0,0,1.2457507,5570.97667852993,5557.59066277771,0,0,0,1,0,83.1840281733246,0,0,461,NaN,NaN,6462.59868478912,1
hard_M4_04.mat,910004,911404001,AlwaysVND,500,491,200,0,171,1.0556536,5536.44527585639,5520.97260357041,0,0,0,1,0,83.1840281733246,0,0,314,260,4731.51853376391,6462.59868478912,1
hard_M4_04.mat,910004,911404001,AlwaysVND,1000,926,200,0,456,1.1081661,5242.53109983797,5228.10124143579,0,0,0,1,0,83.1840281733246,0,0,314,260,5025.43270978232,6462.59868478912,1
hard_M4_04.mat,910004,911404001,AlwaysVND,1500,1448,200,0,798,1.16452,4702.30333761131,4694.66170731602,0,0,0,1,0,83.1840281733246,0,0,314,260,5565.66047200899,6462.59868478912,1
hard_M4_04.mat,910004,911404001,AlwaysVND,2500,2500,200,0,1482,1.2757845,4237.52558823041,4229.95991874846,0,0,0,1,0,83.1840281733246,0,0,314,260,6030.43822138988,6462.59868478912,1
hard_M4_04.mat,910004,911404001,FB-CMPSO,500,415,200,38,57,1.0541576,8014.26041175277,7995.94190798635,0,0,0,1,0,83.1840281733246,0,0,344,358,693.175875899243,6462.59868478912,1
hard_M4_04.mat,910004,911404001,FB-CMPSO,1000,937,200,38,399,1.1086952,5583.90480438785,5574.48163167613,0,0,0,1,0,83.1840281733246,0,0,344,358,3123.53148326417,6462.59868478912,1
hard_M4_04.mat,910004,911404001,FB-CMPSO,1500,1459,200,38,741,1.1610665,4418.7937526915,4411.22808320955,0,0,0,1,0,83.1840281733246,0,0,344,358,4288.64253496052,6462.59868478912,1
hard_M4_04.mat,910004,911404001,FB-CMPSO,2500,2500,200,38,1422,1.2861697,4291.0047384329,4283.95813883632,0,0,0,1,0,83.1840281733246,0,0,344,358,4416.43154921912,6462.59868478912,1
hard_M4_04.mat,910004,911404002,Repair,500,75,0,0,0,0.0062435,11882.5279815647,6149.41138095186,57.1756872931443,0,0,0,NaN,NaN,NaN,NaN,NaN,NaN,NaN,6462.59868478912,0
hard_M4_04.mat,910004,911404002,Repair,1000,75,0,0,0,0.0062435,11882.5279815647,6149.41138095186,57.1756872931443,0,0,0,NaN,NaN,NaN,NaN,NaN,NaN,NaN,6462.59868478912,0
hard_M4_04.mat,910004,911404002,Repair,1500,75,0,0,0,0.0062435,11882.5279815647,6149.41138095186,57.1756872931443,0,0,0,NaN,NaN,NaN,NaN,NaN,NaN,NaN,6462.59868478912,0
hard_M4_04.mat,910004,911404002,Repair,2500,75,0,0,0,0.0062435,11882.5279815647,6149.41138095186,57.1756872931443,0,0,0,NaN,NaN,NaN,NaN,NaN,NaN,NaN,6462.59868478912,0
hard_M4_04.mat,910004,911404002,WarmPSO,500,500,200,0,0,1.0363335,6451.31265569755,6432.61253216442,0,0,0,1,0,35.4390045123544,0,0,258,NaN,NaN,6462.59868478912,1
hard_M4_04.mat,910004,911404002,WarmPSO,1000,980,200,0,0,1.088144,6451.31265569755,6432.61253216442,0,0,0,1,0,35.4390045123544,0,0,258,NaN,NaN,6462.59868478912,1
hard_M4_04.mat,910004,911404002,WarmPSO,1500,1490,200,0,0,1.1397619,6062.27306093142,6043.3403061513,0,0,0,1,0,35.4390045123544,0,0,258,NaN,NaN,6462.59868478912,1
hard_M4_04.mat,910004,911404002,WarmPSO,2500,2500,200,0,0,1.2397798,5867.86089536655,5850.86726983614,0,0,0,1,0,35.4390045123544,0,0,258,NaN,NaN,6462.59868478912,1
hard_M4_04.mat,910004,911404002,AlwaysVND,500,491,200,0,171,1.0337309,5729.96312266092,5719.47811517422,0,0,0,1,0,35.4390045123544,0,0,258,260,1671.87837470424,6462.59868478912,1
hard_M4_04.mat,910004,911404002,AlwaysVND,1000,926,200,0,456,1.0783967,5133.03233887349,5120.32691203335,0,0,0,1,0,35.4390045123544,0,0,258,260,2268.80915849167,6462.59868478912,1
hard_M4_04.mat,910004,911404002,AlwaysVND,1500,1448,200,0,798,1.1368255,4928.11294426439,4918.92634041459,0,0,0,1,0,35.4390045123544,0,0,258,260,2473.72855310077,6462.59868478912,1
hard_M4_04.mat,910004,911404002,AlwaysVND,2500,2500,200,0,1482,1.2586241,4801.34183071573,4790.40227935046,0,0,0,1,0,35.4390045123544,0,0,258,260,2600.49966664943,6462.59868478912,1
hard_M4_04.mat,910004,911404002,FB-CMPSO,500,491,200,0,171,1.035655,5729.96312266092,5719.47811517422,0,0,0,1,0,35.4390045123544,0,0,258,260,1671.87837470424,6462.59868478912,1
hard_M4_04.mat,910004,911404002,FB-CMPSO,1000,926,200,0,456,1.0826494,5133.03233887349,5120.32691203335,0,0,0,1,0,35.4390045123544,0,0,258,260,2268.80915849167,6462.59868478912,1
hard_M4_04.mat,910004,911404002,FB-CMPSO,1500,1448,200,0,798,1.1413653,4928.11294426439,4918.92634041459,0,0,0,1,0,35.4390045123544,0,0,258,260,2473.72855310077,6462.59868478912,1
hard_M4_04.mat,910004,911404002,FB-CMPSO,2500,2500,200,0,1482,1.2498996,4801.34183071573,4790.40227935046,0,0,0,1,0,35.4390045123544,0,0,258,260,2600.49966664943,6462.59868478912,1
hard_M4_04.mat,910004,911404003,Repair,500,75,0,0,0,0.0063704,11882.5279815647,6149.41138095186,57.1756872931443,0,0,0,NaN,NaN,NaN,NaN,NaN,NaN,NaN,6462.59868478912,0
hard_M4_04.mat,910004,911404003,Repair,1000,75,0,0,0,0.0063704,11882.5279815647,6149.41138095186,57.1756872931443,0,0,0,NaN,NaN,NaN,NaN,NaN,NaN,NaN,6462.59868478912,0
hard_M4_04.mat,910004,911404003,Repair,1500,75,0,0,0,0.0063704,11882.5279815647,6149.41138095186,57.1756872931443,0,0,0,NaN,NaN,NaN,NaN,NaN,NaN,NaN,6462.59868478912,0
hard_M4_04.mat,910004,911404003,Repair,2500,75,0,0,0,0.0063704,11882.5279815647,6149.41138095186,57.1756872931443,0,0,0,NaN,NaN,NaN,NaN,NaN,NaN,NaN,6462.59868478912,0
hard_M4_04.mat,910004,911404003,WarmPSO,500,500,200,0,0,1.0595983,7036.37380271106,7014.78525667539,0,0,0,1,0,34.2608168206538,0,0,263,NaN,NaN,6462.59868478912,1
hard_M4_04.mat,910004,911404003,WarmPSO,1000,980,200,0,0,1.1067725,5965.97370420667,5946.34172369672,0,0,0,1,0,34.2608168206538,0,0,263,NaN,NaN,6462.59868478912,1
hard_M4_04.mat,910004,911404003,WarmPSO,1500,1490,200,0,0,1.1555444,5768.00018134297,5750.19497786286,0,0,0,1,0,34.2608168206538,0,0,263,NaN,NaN,6462.59868478912,1
hard_M4_04.mat,910004,911404003,WarmPSO,2500,2500,200,0,0,1.2436368,5768.00018134297,5750.19497786286,0,0,0,1,0,34.2608168206538,0,0,263,NaN,NaN,6462.59868478912,1
hard_M4_04.mat,910004,911404003,AlwaysVND,500,491,200,0,171,1.0574134,6864.49769021319,6848.69210971056,0,0,0,1,0,34.2608168206538,0,0,429,260,2395.98225342401,6462.59868478912,1
hard_M4_04.mat,910004,911404003,AlwaysVND,1000,926,200,0,456,1.1043681,5113.45457894897,5105.47789499601,0,0,0,1,0,34.2608168206538,0,0,429,260,4147.02536468824,6462.59868478912,1
hard_M4_04.mat,910004,911404003,AlwaysVND,1500,1448,200,0,798,1.1658551,4865.35512680299,4855.61273624992,0,0,0,1,0,34.2608168206538,0,0,429,260,4395.12481683422,6462.59868478912,1
hard_M4_04.mat,910004,911404003,AlwaysVND,2500,2500,200,0,1482,1.2859524,4558.88501221733,4549.93320667084,0,0,0,1,0,34.2608168206538,0,0,429,260,4701.59493141987,6462.59868478912,1
hard_M4_04.mat,910004,911404003,FB-CMPSO,500,453,200,19,114,1.0541761,6821.95769636959,6804.6262850241,0,0,0,1,0,34.2608168206538,0,0,267,309,1012.92015718971,6462.59868478912,1
hard_M4_04.mat,910004,911404003,FB-CMPSO,1000,975,200,19,456,1.108353,5820.55507707774,5811.92504121779,0,0,0,1,0,34.2608168206538,0,0,267,309,2014.32277648156,6462.59868478912,1
hard_M4_04.mat,910004,911404003,FB-CMPSO,1500,1497,200,19,798,1.1623825,5544.18624368855,5534.9092787741,0,0,0,1,0,34.2608168206538,0,0,267,309,2290.69160987075,6462.59868478912,1
hard_M4_04.mat,910004,911404003,FB-CMPSO,2500,2500,200,19,1441,1.2791863,5081.56682761718,5070.51785424959,0,0,0,1,0,34.2608168206538,0,0,267,309,2753.31102594212,6462.59868478912,1
hard_M4_04.mat,910004,911404004,Repair,500,75,0,0,0,0.0068992,11882.5279815647,6149.41138095186,57.1756872931443,0,0,0,NaN,NaN,NaN,NaN,NaN,NaN,NaN,6462.59868478912,0
hard_M4_04.mat,910004,911404004,Repair,1000,75,0,0,0,0.0068992,11882.5279815647,6149.41138095186,57.1756872931443,0,0,0,NaN,NaN,NaN,NaN,NaN,NaN,NaN,6462.59868478912,0
hard_M4_04.mat,910004,911404004,Repair,1500,75,0,0,0,0.0068992,11882.5279815647,6149.41138095186,57.1756872931443,0,0,0,NaN,NaN,NaN,NaN,NaN,NaN,NaN,6462.59868478912,0
hard_M4_04.mat,910004,911404004,Repair,2500,75,0,0,0,0.0068992,11882.5279815647,6149.41138095186,57.1756872931443,0,0,0,NaN,NaN,NaN,NaN,NaN,NaN,NaN,6462.59868478912,0
hard_M4_04.mat,910004,911404004,WarmPSO,500,500,200,0,0,1.0526767,7422.0056290057,7405.68940951068,0,0,0,1,0,50.8241039460286,0,0,260,NaN,NaN,6462.59868478912,1
hard_M4_04.mat,910004,911404004,WarmPSO,1000,980,200,0,0,1.1071304,6138.19903444803,6121.19925072882,0,0,0,1,0,50.8241039460286,0,0,260,NaN,NaN,6462.59868478912,1
hard_M4_04.mat,910004,911404004,WarmPSO,1500,1490,200,0,0,1.1576924,5357.79942456137,5348.18356997646,0,0,0,1,0,50.8241039460286,0,0,260,NaN,NaN,6462.59868478912,1
hard_M4_04.mat,910004,911404004,WarmPSO,2500,2500,200,0,0,1.2521514,4692.89132819365,4683.58242152354,0,0,0,1,0,50.8241039460286,0,0,260,NaN,NaN,6462.59868478912,1
hard_M4_04.mat,910004,911404004,AlwaysVND,500,491,200,0,171,1.047533,6560.68903722206,6540.1007300749,0,0,0,1,0,50.8241039460286,0,0,260,260,1350.55568586402,6462.59868478912,1
hard_M4_04.mat,910004,911404004,AlwaysVND,1000,926,200,0,456,1.0948235,5111.16452905759,5100.73530534265,0,0,0,1,0,50.8241039460286,0,0,260,260,2800.0801940285,6462.59868478912,1
hard_M4_04.mat,910004,911404004,AlwaysVND,1500,1448,200,0,798,1.1532972,4923.67284890528,4916.88264338374,0,0,0,1,0,50.8241039460286,0,0,260,260,2987.5718741808,6462.59868478912,1
hard_M4_04.mat,910004,911404004,AlwaysVND,2500,2500,200,0,1482,1.2765121,4923.67284890528,4916.88264338374,0,0,0,1,0,50.8241039460286,0,0,260,260,2987.5718741808,6462.59868478912,1
hard_M4_04.mat,910004,911404004,FB-CMPSO,500,491,200,0,171,1.0497789,6560.68903722206,6540.1007300749,0,0,0,1,0,50.8241039460286,0,0,260,260,1350.55568586402,6462.59868478912,1
hard_M4_04.mat,910004,911404004,FB-CMPSO,1000,926,200,0,456,1.095784,5111.16452905759,5100.73530534265,0,0,0,1,0,50.8241039460286,0,0,260,260,2800.0801940285,6462.59868478912,1
hard_M4_04.mat,910004,911404004,FB-CMPSO,1500,1448,200,0,798,1.1485943,4923.67284890528,4916.88264338374,0,0,0,1,0,50.8241039460286,0,0,260,260,2987.5718741808,6462.59868478912,1
hard_M4_04.mat,910004,911404004,FB-CMPSO,2500,2500,200,0,1482,1.2673389,4923.67284890528,4916.88264338374,0,0,0,1,0,50.8241039460286,0,0,260,260,2987.5718741808,6462.59868478912,1
hard_M4_04.mat,910004,911404005,Repair,500,75,0,0,0,0.0063716,11882.5279815647,6149.41138095186,57.1756872931443,0,0,0,NaN,NaN,NaN,NaN,NaN,NaN,NaN,6462.59868478912,0
hard_M4_04.mat,910004,911404005,Repair,1000,75,0,0,0,0.0063716,11882.5279815647,6149.41138095186,57.1756872931443,0,0,0,NaN,NaN,NaN,NaN,NaN,NaN,NaN,6462.59868478912,0
hard_M4_04.mat,910004,911404005,Repair,1500,75,0,0,0,0.0063716,11882.5279815647,6149.41138095186,57.1756872931443,0,0,0,NaN,NaN,NaN,NaN,NaN,NaN,NaN,6462.59868478912,0
hard_M4_04.mat,910004,911404005,Repair,2500,75,0,0,0,0.0063716,11882.5279815647,6149.41138095186,57.1756872931443,0,0,0,NaN,NaN,NaN,NaN,NaN,NaN,NaN,6462.59868478912,0
hard_M4_04.mat,910004,911404005,WarmPSO,500,500,200,0,0,1.0670824,5768.00018134297,5750.19497786286,0,0,0,1,0,28.5578422748545,0,0,237,NaN,NaN,6462.59868478912,1
hard_M4_04.mat,910004,911404005,WarmPSO,1000,980,200,0,0,1.1138476,5605.32591196344,5589.41313225251,0,0,0,1,0,28.5578422748545,0,0,237,NaN,NaN,6462.59868478912,1
hard_M4_04.mat,910004,911404005,WarmPSO,1500,1490,200,0,0,1.1575884,5605.32591196344,5589.41313225251,0,0,0,1,0,28.5578422748545,0,0,237,NaN,NaN,6462.59868478912,1
hard_M4_04.mat,910004,911404005,WarmPSO,2500,2500,200,0,0,1.2506779,5605.32591196344,5589.41313225251,0,0,0,1,0,28.5578422748545,0,0,237,NaN,NaN,6462.59868478912,1
hard_M4_04.mat,910004,911404005,AlwaysVND,500,491,200,0,171,1.0651435,4917.6892349646,4902.69618014981,0,0,0,1,0,28.5578422748545,0,0,237,260,1313.98064237036,6462.59868478912,1
hard_M4_04.mat,910004,911404005,AlwaysVND,1000,926,200,0,456,1.1184989,4917.6892349646,4902.69618014981,0,0,0,1,0,28.5578422748545,0,0,237,260,1313.98064237036,6462.59868478912,1
hard_M4_04.mat,910004,911404005,AlwaysVND,1500,1448,200,0,798,1.1769103,4122.07232612267,4115.79238021367,0,0,0,1,0,28.5578422748545,0,0,237,260,2109.5975512123,6462.59868478912,1
hard_M4_04.mat,910004,911404005,AlwaysVND,2500,2500,200,0,1482,1.2881406,4109.73657397182,4102.68997437523,0,0,0,1,0,28.5578422748545,0,0,237,260,2121.93330336315,6462.59868478912,1
hard_M4_04.mat,910004,911404005,FB-CMPSO,500,491,200,0,171,1.0607564,4917.6892349646,4902.69618014981,0,0,0,1,0,28.5578422748545,0,0,237,260,1313.98064237036,6462.59868478912,1
hard_M4_04.mat,910004,911404005,FB-CMPSO,1000,926,200,0,456,1.1042489,4917.6892349646,4902.69618014981,0,0,0,1,0,28.5578422748545,0,0,237,260,1313.98064237036,6462.59868478912,1
hard_M4_04.mat,910004,911404005,FB-CMPSO,1500,1448,200,0,798,1.1616838,4122.07232612267,4115.79238021367,0,0,0,1,0,28.5578422748545,0,0,237,260,2109.5975512123,6462.59868478912,1
hard_M4_04.mat,910004,911404005,FB-CMPSO,2500,2500,200,0,1482,1.2824618,4109.73657397182,4102.68997437523,0,0,0,1,0,28.5578422748545,0,0,237,260,2121.93330336315,6462.59868478912,1
hard_M4_04.mat,910004,911404006,Repair,500,75,0,0,0,0.0066859,11882.5279815647,6149.41138095186,57.1756872931443,0,0,0,NaN,NaN,NaN,NaN,NaN,NaN,NaN,6462.59868478912,0
hard_M4_04.mat,910004,911404006,Repair,1000,75,0,0,0,0.0066859,11882.5279815647,6149.41138095186,57.1756872931443,0,0,0,NaN,NaN,NaN,NaN,NaN,NaN,NaN,6462.59868478912,0
hard_M4_04.mat,910004,911404006,Repair,1500,75,0,0,0,0.0066859,11882.5279815647,6149.41138095186,57.1756872931443,0,0,0,NaN,NaN,NaN,NaN,NaN,NaN,NaN,6462.59868478912,0
hard_M4_04.mat,910004,911404006,Repair,2500,75,0,0,0,0.0066859,11882.5279815647,6149.41138095186,57.1756872931443,0,0,0,NaN,NaN,NaN,NaN,NaN,NaN,NaN,6462.59868478912,0
hard_M4_04.mat,910004,911404006,WarmPSO,500,500,200,0,0,1.0439578,5803.29943482713,5785.55987808637,0,0,0,1,1,0,0,0,201,NaN,NaN,6462.59868478912,1
hard_M4_04.mat,910004,911404006,WarmPSO,1000,980,200,0,0,1.0863442,5605.32591196344,5589.41313225251,0,0,0,1,1,0,0,0,201,NaN,NaN,6462.59868478912,1
hard_M4_04.mat,910004,911404006,WarmPSO,1500,1490,200,0,0,1.1313508,5605.32591196344,5589.41313225251,0,0,0,1,1,0,0,0,201,NaN,NaN,6462.59868478912,1
hard_M4_04.mat,910004,911404006,WarmPSO,2500,2500,200,0,0,1.2195628,5605.32591196344,5589.41313225251,0,0,0,1,1,0,0,0,201,NaN,NaN,6462.59868478912,1
hard_M4_04.mat,910004,911404006,AlwaysVND,500,491,200,0,171,1.0466086,4716.08181151328,4709.16467538732,0,0,0,1,1,0,0,0,201,260,1493.43753591476,6462.59868478912,1
hard_M4_04.mat,910004,911404006,AlwaysVND,1000,926,200,0,456,1.0984503,4706.37445403948,4699.45731791351,0,0,0,1,1,0,0,0,201,260,1503.14489338857,6462.59868478912,1
hard_M4_04.mat,910004,911404006,AlwaysVND,1500,1448,200,0,798,1.1601733,4706.37445403948,4699.45731791351,0,0,0,1,1,0,0,0,201,260,1503.14489338857,6462.59868478912,1
hard_M4_04.mat,910004,911404006,AlwaysVND,2500,2500,200,0,1482,1.2720294,4493.54147774378,4486.66225049333,0,0,0,1,1,0,0,0,201,260,1715.97786968426,6462.59868478912,1
hard_M4_04.mat,910004,911404006,FB-CMPSO,500,491,200,0,171,1.0424465,4716.08181151328,4709.16467538732,0,0,0,1,1,0,0,0,201,260,1493.43753591476,6462.59868478912,1
hard_M4_04.mat,910004,911404006,FB-CMPSO,1000,926,200,0,456,1.0921917,4706.37445403948,4699.45731791351,0,0,0,1,1,0,0,0,201,260,1503.14489338857,6462.59868478912,1
hard_M4_04.mat,910004,911404006,FB-CMPSO,1500,1448,200,0,798,1.1508551,4706.37445403948,4699.45731791351,0,0,0,1,1,0,0,0,201,260,1503.14489338857,6462.59868478912,1
hard_M4_04.mat,910004,911404006,FB-CMPSO,2500,2500,200,0,1482,1.2694534,4493.54147774378,4486.66225049333,0,0,0,1,1,0,0,0,201,260,1715.97786968426,6462.59868478912,1
hard_M4_04.mat,910004,911404007,Repair,500,75,0,0,0,0.0067164,11882.5279815647,6149.41138095186,57.1756872931443,0,0,0,NaN,NaN,NaN,NaN,NaN,NaN,NaN,6462.59868478912,0
hard_M4_04.mat,910004,911404007,Repair,1000,75,0,0,0,0.0067164,11882.5279815647,6149.41138095186,57.1756872931443,0,0,0,NaN,NaN,NaN,NaN,NaN,NaN,NaN,6462.59868478912,0
hard_M4_04.mat,910004,911404007,Repair,1500,75,0,0,0,0.0067164,11882.5279815647,6149.41138095186,57.1756872931443,0,0,0,NaN,NaN,NaN,NaN,NaN,NaN,NaN,6462.59868478912,0
hard_M4_04.mat,910004,911404007,Repair,2500,75,0,0,0,0.0067164,11882.5279815647,6149.41138095186,57.1756872931443,0,0,0,NaN,NaN,NaN,NaN,NaN,NaN,NaN,6462.59868478912,0
hard_M4_04.mat,910004,911404007,WarmPSO,500,500,200,0,0,1.0316599,7344.97518623371,7320.41074288101,0,0,0,1,1,0,0,0,201,NaN,NaN,6462.59868478912,1
hard_M4_04.mat,910004,911404007,WarmPSO,1000,980,200,0,0,1.0721718,6772.41621809405,6750.66226540905,0,0,0,1,1,0,0,0,201,NaN,NaN,6462.59868478912,1
hard_M4_04.mat,910004,911404007,WarmPSO,1500,1490,200,0,0,1.1166006,5991.68559141241,5972.77226275636,0,0,0,1,1,0,0,0,201,NaN,NaN,6462.59868478912,1
hard_M4_04.mat,910004,911404007,WarmPSO,2500,2500,200,0,0,1.2057503,5605.32591196344,5589.41313225251,0,0,0,1,1,0,0,0,201,NaN,NaN,6462.59868478912,1
hard_M4_04.mat,910004,911404007,AlwaysVND,500,491,200,0,171,1.0314344,6200.44778614963,6181.56173685003,0,0,0,1,1,0,0,0,201,260,1827.39550219627,6462.59868478912,1
hard_M4_04.mat,910004,911404007,AlwaysVND,1000,926,200,0,456,1.0776395,5448.96153624509,5433.20526341873,0,0,0,1,1,0,0,0,201,260,2578.8817521008,6462.59868478912,1
hard_M4_04.mat,910004,911404007,AlwaysVND,1500,1448,200,0,798,1.1330583,4665.55081998963,4653.11226003506,0,0,0,1,1,0,0,0,201,260,3362.29246835626,6462.59868478912,1
hard_M4_04.mat,910004,911404007,AlwaysVND,2500,2500,200,0,1482,1.2446967,4109.73657397182,4102.68997437523,0,0,0,1,1,0,0,0,201,260,3918.10671437408,6462.59868478912,1
hard_M4_04.mat,910004,911404007,FB-CMPSO,500,491,200,0,171,1.032961,6200.44778614963,6181.56173685003,0,0,0,1,1,0,0,0,201,260,1827.39550219627,6462.59868478912,1
hard_M4_04.mat,910004,911404007,FB-CMPSO,1000,926,200,0,456,1.0790016,5448.96153624509,5433.20526341873,0,0,0,1,1,0,0,0,201,260,2578.8817521008,6462.59868478912,1
hard_M4_04.mat,910004,911404007,FB-CMPSO,1500,1448,200,0,798,1.1346416,4665.55081998963,4653.11226003506,0,0,0,1,1,0,0,0,201,260,3362.29246835626,6462.59868478912,1
hard_M4_04.mat,910004,911404007,FB-CMPSO,2500,2500,200,0,1482,1.2392311,4109.73657397182,4102.68997437523,0,0,0,1,1,0,0,0,201,260,3918.10671437408,6462.59868478912,1
hard_M4_04.mat,910004,911404008,Repair,500,75,0,0,0,0.0060895,11882.5279815647,6149.41138095186,57.1756872931443,0,0,0,NaN,NaN,NaN,NaN,NaN,NaN,NaN,6462.59868478912,0
hard_M4_04.mat,910004,911404008,Repair,1000,75,0,0,0,0.0060895,11882.5279815647,6149.41138095186,57.1756872931443,0,0,0,NaN,NaN,NaN,NaN,NaN,NaN,NaN,6462.59868478912,0
hard_M4_04.mat,910004,911404008,Repair,1500,75,0,0,0,0.0060895,11882.5279815647,6149.41138095186,57.1756872931443,0,0,0,NaN,NaN,NaN,NaN,NaN,NaN,NaN,6462.59868478912,0
hard_M4_04.mat,910004,911404008,Repair,2500,75,0,0,0,0.0060895,11882.5279815647,6149.41138095186,57.1756872931443,0,0,0,NaN,NaN,NaN,NaN,NaN,NaN,NaN,6462.59868478912,0
hard_M4_04.mat,910004,911404008,WarmPSO,500,500,200,0,0,1.0276748,6223.76029884437,6203.89209683729,0,0,0,1,0,46.6809220183216,0,0,234,NaN,NaN,6462.59868478912,1
hard_M4_04.mat,910004,911404008,WarmPSO,1000,980,200,0,0,1.0689872,5829.01132203287,5811.99041714602,0,0,0,1,0,46.6809220183216,0,0,234,NaN,NaN,6462.59868478912,1
hard_M4_04.mat,910004,911404008,WarmPSO,1500,1490,200,0,0,1.1144267,5605.32591196344,5589.41313225251,0,0,0,1,0,46.6809220183216,0,0,234,NaN,NaN,6462.59868478912,1
hard_M4_04.mat,910004,911404008,WarmPSO,2500,2500,200,0,0,1.2016206,5605.32591196344,5589.41313225251,0,0,0,1,0,46.6809220183216,0,0,234,NaN,NaN,6462.59868478912,1
hard_M4_04.mat,910004,911404008,AlwaysVND,500,491,200,0,171,1.0321367,5680.65034916391,5665.07695348476,0,0,0,1,0,46.6809220183216,0,0,234,260,1693.04817009918,6462.59868478912,1
hard_M4_04.mat,910004,911404008,AlwaysVND,1000,926,200,0,456,1.0877839,5323.43421451837,5309.69271874152,0,0,0,1,0,46.6809220183216,0,0,234,260,2050.26430474471,6462.59868478912,1
hard_M4_04.mat,910004,911404008,AlwaysVND,1500,1448,200,0,798,1.1389284,4699.25257489263,4688.63717286631,0,0,0,1,0,46.6809220183216,0,0,234,260,2674.44594437046,6462.59868478912,1
hard_M4_04.mat,910004,911404008,AlwaysVND,2500,2500,200,0,1482,1.2458173,4699.25257489263,4688.63717286631,0,0,0,1,0,46.6809220183216,0,0,234,260,2674.44594437046,6462.59868478912,1
hard_M4_04.mat,910004,911404008,FB-CMPSO,500,491,200,0,171,1.0271642,5680.65034916391,5665.07695348476,0,0,0,1,0,46.6809220183216,0,0,234,260,1693.04817009918,6462.59868478912,1
hard_M4_04.mat,910004,911404008,FB-CMPSO,1000,926,200,0,456,1.0709644,5323.43421451837,5309.69271874152,0,0,0,1,0,46.6809220183216,0,0,234,260,2050.26430474471,6462.59868478912,1
hard_M4_04.mat,910004,911404008,FB-CMPSO,1500,1448,200,0,798,1.1201725,4699.25257489263,4688.63717286631,0,0,0,1,0,46.6809220183216,0,0,234,260,2674.44594437046,6462.59868478912,1
hard_M4_04.mat,910004,911404008,FB-CMPSO,2500,2500,200,0,1482,1.2271557,4699.25257489263,4688.63717286631,0,0,0,1,0,46.6809220183216,0,0,234,260,2674.44594437046,6462.59868478912,1
hard_M4_04.mat,910004,911404009,Repair,500,75,0,0,0,0.0062524,11882.5279815647,6149.41138095186,57.1756872931443,0,0,0,NaN,NaN,NaN,NaN,NaN,NaN,NaN,6462.59868478912,0
hard_M4_04.mat,910004,911404009,Repair,1000,75,0,0,0,0.0062524,11882.5279815647,6149.41138095186,57.1756872931443,0,0,0,NaN,NaN,NaN,NaN,NaN,NaN,NaN,6462.59868478912,0
hard_M4_04.mat,910004,911404009,Repair,1500,75,0,0,0,0.0062524,11882.5279815647,6149.41138095186,57.1756872931443,0,0,0,NaN,NaN,NaN,NaN,NaN,NaN,NaN,6462.59868478912,0
hard_M4_04.mat,910004,911404009,Repair,2500,75,0,0,0,0.0062524,11882.5279815647,6149.41138095186,57.1756872931443,0,0,0,NaN,NaN,NaN,NaN,NaN,NaN,NaN,6462.59868478912,0
hard_M4_04.mat,910004,911404009,WarmPSO,500,500,200,0,0,1.0349494,6431.25434919032,6410.30637179082,0,0,0,1,1,0,0,0,201,NaN,NaN,6462.59868478912,1
hard_M4_04.mat,910004,911404009,WarmPSO,1000,980,200,0,0,1.0812177,6025.03443658941,6007.44755713986,0,0,0,1,1,0,0,0,201,NaN,NaN,6462.59868478912,1
hard_M4_04.mat,910004,911404009,WarmPSO,1500,1490,200,0,0,1.1251845,5616.44677089529,5604.46350093967,0,0,0,1,1,0,0,0,201,NaN,NaN,6462.59868478912,1
hard_M4_04.mat,910004,911404009,WarmPSO,2500,2500,200,0,0,1.2155608,5408.30240915039,5396.80881716736,0,0,0,1,1,0,0,0,201,NaN,NaN,6462.59868478912,1
hard_M4_04.mat,910004,911404009,AlwaysVND,500,491,200,0,171,1.0325091,6259.531538738,6246.391818559,0,0,0,1,1,0,0,0,201,260,222.07228236661,6462.59868478912,1
hard_M4_04.mat,910004,911404009,AlwaysVND,1000,926,200,0,456,1.0767678,5425.67178557959,5413.00839586396,0,0,0,1,1,0,0,0,201,260,1055.93203552502,6462.59868478912,1
hard_M4_04.mat,910004,911404009,AlwaysVND,1500,1448,200,0,798,1.1342262,4898.91837455568,4887.15542204705,0,0,0,1,1,0,0,0,201,260,1582.68544654894,6462.59868478912,1
hard_M4_04.mat,910004,911404009,AlwaysVND,2500,2500,200,0,1482,1.2580063,4760.50159573161,4749.90068578284,0,0,0,1,1,0,0,0,201,260,1721.10222537301,6462.59868478912,1
hard_M4_04.mat,910004,911404009,FB-CMPSO,500,491,200,0,171,1.0359359,6259.531538738,6246.391818559,0,0,0,1,1,0,0,0,201,260,222.07228236661,6462.59868478912,1
hard_M4_04.mat,910004,911404009,FB-CMPSO,1000,926,200,0,456,1.0857336,5425.67178557959,5413.00839586396,0,0,0,1,1,0,0,0,201,260,1055.93203552502,6462.59868478912,1
hard_M4_04.mat,910004,911404009,FB-CMPSO,1500,1448,200,0,798,1.1445898,4898.91837455568,4887.15542204705,0,0,0,1,1,0,0,0,201,260,1582.68544654894,6462.59868478912,1
hard_M4_04.mat,910004,911404009,FB-CMPSO,2500,2500,200,0,1482,1.2642043,4760.50159573161,4749.90068578284,0,0,0,1,1,0,0,0,201,260,1721.10222537301,6462.59868478912,1
hard_M4_04.mat,910004,911404010,Repair,500,75,0,0,0,0.0061686,11882.5279815647,6149.41138095186,57.1756872931443,0,0,0,NaN,NaN,NaN,NaN,NaN,NaN,NaN,6462.59868478912,0
hard_M4_04.mat,910004,911404010,Repair,1000,75,0,0,0,0.0061686,11882.5279815647,6149.41138095186,57.1756872931443,0,0,0,NaN,NaN,NaN,NaN,NaN,NaN,NaN,6462.59868478912,0
hard_M4_04.mat,910004,911404010,Repair,1500,75,0,0,0,0.0061686,11882.5279815647,6149.41138095186,57.1756872931443,0,0,0,NaN,NaN,NaN,NaN,NaN,NaN,NaN,6462.59868478912,0
hard_M4_04.mat,910004,911404010,Repair,2500,75,0,0,0,0.0061686,11882.5279815647,6149.41138095186,57.1756872931443,0,0,0,NaN,NaN,NaN,NaN,NaN,NaN,NaN,6462.59868478912,0
hard_M4_04.mat,910004,911404010,WarmPSO,500,500,200,0,0,1.0389057,6470.87772238141,6453.6169005122,0,0,0,1,1,0,0,0,201,NaN,NaN,6462.59868478912,1
hard_M4_04.mat,910004,911404010,WarmPSO,1000,980,200,0,0,1.0799394,6366.81825631642,6348.72606387185,0,0,0,1,1,0,0,0,201,NaN,NaN,6462.59868478912,1
hard_M4_04.mat,910004,911404010,WarmPSO,1500,1490,200,0,0,1.1258987,5902.63164882835,5885.78740091699,0,0,0,1,1,0,0,0,201,NaN,NaN,6462.59868478912,1
hard_M4_04.mat,910004,911404010,WarmPSO,2500,2500,200,0,0,1.2274467,5851.61001343247,5837.7448506065,0,0,0,1,1,0,0,0,201,NaN,NaN,6462.59868478912,1
hard_M4_04.mat,910004,911404010,AlwaysVND,500,491,200,0,171,1.041159,6223.1146377637,6209.51657539475,0,0,0,1,1,0,0,0,201,260,1038.6254350633,6462.59868478912,1
hard_M4_04.mat,910004,911404010,AlwaysVND,1000,926,200,0,456,1.0879161,4573.35645901901,4565.22451702462,0,0,0,1,1,0,0,0,201,260,2688.38361380799,6462.59868478912,1
hard_M4_04.mat,910004,911404010,AlwaysVND,1500,1448,200,0,798,1.1406085,4120.26932770449,4114.76000081782,0,0,0,1,1,0,0,0,201,260,3141.47074512251,6462.59868478912,1
hard_M4_04.mat,910004,911404010,AlwaysVND,2500,2500,200,0,1482,1.2520278,4120.26932770449,4114.76000081782,0,0,0,1,1,0,0,0,201,260,3141.47074512251,6462.59868478912,1
hard_M4_04.mat,910004,911404010,FB-CMPSO,500,491,200,0,171,1.0387215,6223.1146377637,6209.51657539475,0,0,0,1,1,0,0,0,201,260,1038.6254350633,6462.59868478912,1
hard_M4_04.mat,910004,911404010,FB-CMPSO,1000,926,200,0,456,1.0889241,4573.35645901901,4565.22451702462,0,0,0,1,1,0,0,0,201,260,2688.38361380799,6462.59868478912,1
hard_M4_04.mat,910004,911404010,FB-CMPSO,1500,1448,200,0,798,1.1496509,4120.26932770449,4114.76000081782,0,0,0,1,1,0,0,0,201,260,3141.47074512251,6462.59868478912,1
hard_M4_04.mat,910004,911404010,FB-CMPSO,2500,2500,200,0,1482,1.2695847,4120.26932770449,4114.76000081782,0,0,0,1,1,0,0,0,201,260,3141.47074512251,6462.59868478912,1
hard_M4_04.mat,910004,911404011,Repair,500,75,0,0,0,0.006386,11882.5279815647,6149.41138095186,57.1756872931443,0,0,0,NaN,NaN,NaN,NaN,NaN,NaN,NaN,6462.59868478912,0
hard_M4_04.mat,910004,911404011,Repair,1000,75,0,0,0,0.006386,11882.5279815647,6149.41138095186,57.1756872931443,0,0,0,NaN,NaN,NaN,NaN,NaN,NaN,NaN,6462.59868478912,0
hard_M4_04.mat,910004,911404011,Repair,1500,75,0,0,0,0.006386,11882.5279815647,6149.41138095186,57.1756872931443,0,0,0,NaN,NaN,NaN,NaN,NaN,NaN,NaN,6462.59868478912,0
hard_M4_04.mat,910004,911404011,Repair,2500,75,0,0,0,0.006386,11882.5279815647,6149.41138095186,57.1756872931443,0,0,0,NaN,NaN,NaN,NaN,NaN,NaN,NaN,6462.59868478912,0
hard_M4_04.mat,910004,911404011,WarmPSO,500,500,200,0,0,1.0407781,6011.54582456435,5992.27194690347,0,0,0,1,0,11.1519108933556,0,0,232,NaN,NaN,6462.59868478912,1
hard_M4_04.mat,910004,911404011,WarmPSO,1000,980,200,0,0,1.0891741,5662.77569535452,5647.53486201696,0,0,0,1,0,11.1519108933556,0,0,232,NaN,NaN,6462.59868478912,1
hard_M4_04.mat,910004,911404011,WarmPSO,1500,1490,200,0,0,1.1348084,5662.77569535452,5647.53486201696,0,0,0,1,0,11.1519108933556,0,0,232,NaN,NaN,6462.59868478912,1
hard_M4_04.mat,910004,911404011,WarmPSO,2500,2500,200,0,0,1.2320601,5605.32591196344,5589.41313225251,0,0,0,1,0,11.1519108933556,0,0,232,NaN,NaN,6462.59868478912,1
hard_M4_04.mat,910004,911404011,AlwaysVND,500,491,200,0,171,1.0443045,5495.13280488485,5482.89048063621,0,0,0,1,0,11.1519108933556,0,0,232,260,959.633335519915,6462.59868478912,1
hard_M4_04.mat,910004,911404011,AlwaysVND,1000,926,200,0,456,1.0901258,4920.18711710515,4909.26418062007,0,0,0,1,0,11.1519108933556,0,0,232,260,1534.57902329961,6462.59868478912,1
hard_M4_04.mat,910004,911404011,AlwaysVND,1500,1448,200,0,798,1.1499602,4321.16363171399,4315.66165706528,0,0,0,1,0,11.1519108933556,0,0,232,260,2133.60250869078,6462.59868478912,1
hard_M4_04.mat,910004,911404011,AlwaysVND,2500,2500,200,0,1482,1.2566643,4303.34049058376,4297.06054467475,0,0,0,1,0,11.1519108933556,0,0,232,260,2151.42564982101,6462.59868478912,1
hard_M4_04.mat,910004,911404011,FB-CMPSO,500,491,200,0,171,1.0408766,5495.13280488485,5482.89048063621,0,0,0,1,0,11.1519108933556,0,0,232,260,959.633335519915,6462.59868478912,1
hard_M4_04.mat,910004,911404011,FB-CMPSO,1000,926,200,0,456,1.0827153,4920.18711710515,4909.26418062007,0,0,0,1,0,11.1519108933556,0,0,232,260,1534.57902329961,6462.59868478912,1
hard_M4_04.mat,910004,911404011,FB-CMPSO,1500,1448,200,0,798,1.1390671,4321.16363171399,4315.66165706528,0,0,0,1,0,11.1519108933556,0,0,232,260,2133.60250869078,6462.59868478912,1
hard_M4_04.mat,910004,911404011,FB-CMPSO,2500,2500,200,0,1482,1.2606958,4303.34049058376,4297.06054467475,0,0,0,1,0,11.1519108933556,0,0,232,260,2151.42564982101,6462.59868478912,1
hard_M4_04.mat,910004,911404012,Repair,500,75,0,0,0,0.009613,11882.5279815647,6149.41138095186,57.1756872931443,0,0,0,NaN,NaN,NaN,NaN,NaN,NaN,NaN,6462.59868478912,0
hard_M4_04.mat,910004,911404012,Repair,1000,75,0,0,0,0.009613,11882.5279815647,6149.41138095186,57.1756872931443,0,0,0,NaN,NaN,NaN,NaN,NaN,NaN,NaN,6462.59868478912,0
hard_M4_04.mat,910004,911404012,Repair,1500,75,0,0,0,0.009613,11882.5279815647,6149.41138095186,57.1756872931443,0,0,0,NaN,NaN,NaN,NaN,NaN,NaN,NaN,6462.59868478912,0
hard_M4_04.mat,910004,911404012,Repair,2500,75,0,0,0,0.009613,11882.5279815647,6149.41138095186,57.1756872931443,0,0,0,NaN,NaN,NaN,NaN,NaN,NaN,NaN,6462.59868478912,0
hard_M4_04.mat,910004,911404012,WarmPSO,500,500,200,0,0,1.0496922,6744.69970235588,6725.38637483175,0,0,0,1,0,18.64536955894,0,0,239,NaN,NaN,6462.59868478912,1
hard_M4_04.mat,910004,911404012,WarmPSO,1000,980,200,0,0,1.1001905,6744.69970235588,6725.38637483175,0,0,0,1,0,18.64536955894,0,0,239,NaN,NaN,6462.59868478912,1
hard_M4_04.mat,910004,911404012,WarmPSO,1500,1490,200,0,0,1.1495116,5605.32591196344,5589.41313225251,0,0,0,1,0,18.64536955894,0,0,239,NaN,NaN,6462.59868478912,1
hard_M4_04.mat,910004,911404012,WarmPSO,2500,2500,200,0,0,1.2404867,5605.32591196344,5589.41313225251,0,0,0,1,0,18.64536955894,0,0,239,NaN,NaN,6462.59868478912,1
hard_M4_04.mat,910004,911404012,AlwaysVND,500,491,200,0,171,1.0444565,5645.09768402138,5633.04820282063,0,0,0,1,0,18.64536955894,0,0,239,260,1169.09302786631,6462.59868478912,1
hard_M4_04.mat,910004,911404012,AlwaysVND,1000,926,200,0,456,1.0899746,5039.70255383515,5029.62526586889,0,0,0,1,0,18.64536955894,0,0,239,260,1774.48815805254,6462.59868478912,1
hard_M4_04.mat,910004,911404012,AlwaysVND,1500,1448,200,0,798,1.1450234,4303.34049058376,4297.06054467475,0,0,0,1,0,18.64536955894,0,0,239,260,2510.85022130393,6462.59868478912,1
hard_M4_04.mat,910004,911404012,AlwaysVND,2500,2500,200,0,1482,1.2545585,4109.73657397182,4102.68997437523,0,0,0,1,0,18.64536955894,0,0,239,260,2704.45413791587,6462.59868478912,1
hard_M4_04.mat,910004,911404012,FB-CMPSO,500,491,200,0,171,1.0439321,5645.09768402138,5633.04820282063,0,0,0,1,0,18.64536955894,0,0,239,260,1169.09302786631,6462.59868478912,1
hard_M4_04.mat,910004,911404012,FB-CMPSO,1000,926,200,0,456,1.0893447,5039.70255383515,5029.62526586889,0,0,0,1,0,18.64536955894,0,0,239,260,1774.48815805254,6462.59868478912,1
hard_M4_04.mat,910004,911404012,FB-CMPSO,1500,1448,200,0,798,1.1474884,4303.34049058376,4297.06054467475,0,0,0,1,0,18.64536955894,0,0,239,260,2510.85022130393,6462.59868478912,1
hard_M4_04.mat,910004,911404012,FB-CMPSO,2500,2500,200,0,1482,1.2688321,4109.73657397182,4102.68997437523,0,0,0,1,0,18.64536955894,0,0,239,260,2704.45413791587,6462.59868478912,1
hard_M4_04.mat,910004,911404013,Repair,500,75,0,0,0,0.0070954,11882.5279815647,6149.41138095186,57.1756872931443,0,0,0,NaN,NaN,NaN,NaN,NaN,NaN,NaN,6462.59868478912,0
hard_M4_04.mat,910004,911404013,Repair,1000,75,0,0,0,0.0070954,11882.5279815647,6149.41138095186,57.1756872931443,0,0,0,NaN,NaN,NaN,NaN,NaN,NaN,NaN,6462.59868478912,0
hard_M4_04.mat,910004,911404013,Repair,1500,75,0,0,0,0.0070954,11882.5279815647,6149.41138095186,57.1756872931443,0,0,0,NaN,NaN,NaN,NaN,NaN,NaN,NaN,6462.59868478912,0
hard_M4_04.mat,910004,911404013,Repair,2500,75,0,0,0,0.0070954,11882.5279815647,6149.41138095186,57.1756872931443,0,0,0,NaN,NaN,NaN,NaN,NaN,NaN,NaN,6462.59868478912,0
hard_M4_04.mat,910004,911404013,WarmPSO,500,500,200,0,0,1.0418369,5605.32591196344,5589.41313225251,0,0,0,1,1,0,0,0,201,NaN,NaN,6462.59868478912,1
hard_M4_04.mat,910004,911404013,WarmPSO,1000,980,200,0,0,1.0876196,5605.32591196344,5589.41313225251,0,0,0,1,1,0,0,0,201,NaN,NaN,6462.59868478912,1
hard_M4_04.mat,910004,911404013,WarmPSO,1500,1490,200,0,0,1.1329289,5605.32591196344,5589.41313225251,0,0,0,1,1,0,0,0,201,NaN,NaN,6462.59868478912,1
hard_M4_04.mat,910004,911404013,WarmPSO,2500,2500,200,0,0,1.2203298,5605.32591196344,5589.41313225251,0,0,0,1,1,0,0,0,201,NaN,NaN,6462.59868478912,1
hard_M4_04.mat,910004,911404013,AlwaysVND,500,491,200,0,171,1.0379563,5772.86487293558,5759.98115985544,0,0,0,1,1,0,0,0,201,260,661.847670393861,6462.59868478912,1
hard_M4_04.mat,910004,911404013,AlwaysVND,1000,926,200,0,456,1.082711,5293.06273688119,5280.43554028037,0,0,0,1,1,0,0,0,201,260,1141.64980644826,6462.59868478912,1
hard_M4_04.mat,910004,911404013,AlwaysVND,1500,1448,200,0,798,1.1378725,5040.41423756622,5029.54049667047,0,0,0,1,1,0,0,0,201,260,1394.29830576322,6462.59868478912,1
hard_M4_04.mat,910004,911404013,AlwaysVND,2500,2500,200,0,1482,1.2444477,5040.41423756622,5029.54049667047,0,0,0,1,1,0,0,0,201,260,1394.29830576322,6462.59868478912,1
hard_M4_04.mat,910004,911404013,FB-CMPSO,500,491,200,0,171,1.03872,5772.86487293558,5759.98115985544,0,0,0,1,1,0,0,0,201,260,661.847670393861,6462.59868478912,1
hard_M4_04.mat,910004,911404013,FB-CMPSO,1000,926,200,0,456,1.0829312,5293.06273688119,5280.43554028037,0,0,0,1,1,0,0,0,201,260,1141.64980644826,6462.59868478912,1
hard_M4_04.mat,910004,911404013,FB-CMPSO,1500,1448,200,0,798,1.1384452,5040.41423756622,5029.54049667047,0,0,0,1,1,0,0,0,201,260,1394.29830576322,6462.59868478912,1
hard_M4_04.mat,910004,911404013,FB-CMPSO,2500,2500,200,0,1482,1.2480589,5040.41423756622,5029.54049667047,0,0,0,1,1,0,0,0,201,260,1394.29830576322,6462.59868478912,1
hard_M4_04.mat,910004,911404014,Repair,500,75,0,0,0,0.0064691,11882.5279815647,6149.41138095186,57.1756872931443,0,0,0,NaN,NaN,NaN,NaN,NaN,NaN,NaN,6462.59868478912,0
hard_M4_04.mat,910004,911404014,Repair,1000,75,0,0,0,0.0064691,11882.5279815647,6149.41138095186,57.1756872931443,0,0,0,NaN,NaN,NaN,NaN,NaN,NaN,NaN,6462.59868478912,0
hard_M4_04.mat,910004,911404014,Repair,1500,75,0,0,0,0.0064691,11882.5279815647,6149.41138095186,57.1756872931443,0,0,0,NaN,NaN,NaN,NaN,NaN,NaN,NaN,6462.59868478912,0
hard_M4_04.mat,910004,911404014,Repair,2500,75,0,0,0,0.0064691,11882.5279815647,6149.41138095186,57.1756872931443,0,0,0,NaN,NaN,NaN,NaN,NaN,NaN,NaN,6462.59868478912,0
hard_M4_04.mat,910004,911404014,WarmPSO,500,500,200,0,0,1.0348751,6454.13141711315,6432.14452681443,0,0,0,1,0,37.5266592808778,0,0,233,NaN,NaN,6462.59868478912,1
hard_M4_04.mat,910004,911404014,WarmPSO,1000,980,200,0,0,1.0852523,6209.51934742804,6188.41869273733,0,0,0,1,0,37.5266592808778,0,0,233,NaN,NaN,6462.59868478912,1
hard_M4_04.mat,910004,911404014,WarmPSO,1500,1490,200,0,0,1.1342466,5768.00018134297,5750.19497786286,0,0,0,1,0,37.5266592808778,0,0,233,NaN,NaN,6462.59868478912,1
hard_M4_04.mat,910004,911404014,WarmPSO,2500,2500,200,0,0,1.2249936,5605.32591196344,5589.41313225251,0,0,0,1,0,37.5266592808778,0,0,233,NaN,NaN,6462.59868478912,1
hard_M4_04.mat,910004,911404014,AlwaysVND,500,491,200,0,171,1.034484,6415.31147843618,6401.32172412878,0,0,0,1,0,37.5266592808778,0,0,233,260,556.39301211853,6462.59868478912,1
hard_M4_04.mat,910004,911404014,AlwaysVND,1000,926,200,0,456,1.0764981,5239.61778589848,5230.39648764935,0,0,0,1,0,37.5266592808778,0,0,233,260,1732.08670465622,6462.59868478912,1
hard_M4_04.mat,910004,911404014,AlwaysVND,1500,1448,200,0,798,1.1306701,4665.55081998963,4653.11226003506,0,0,0,1,0,37.5266592808778,0,0,233,260,2306.15367056508,6462.59868478912,1
hard_M4_04.mat,910004,911404014,AlwaysVND,2500,2500,200,0,1482,1.2447367,4303.34049058376,4297.06054467475,0,0,0,1,0,37.5266592808778,0,0,233,260,2668.36399997095,6462.59868478912,1
hard_M4_04.mat,910004,911404014,FB-CMPSO,500,491,200,0,171,1.032599,6415.31147843618,6401.32172412878,0,0,0,1,0,37.5266592808778,0,0,233,260,556.39301211853,6462.59868478912,1
hard_M4_04.mat,910004,911404014,FB-CMPSO,1000,926,200,0,456,1.0753128,5239.61778589848,5230.39648764935,0,0,0,1,0,37.5266592808778,0,0,233,260,1732.08670465622,6462.59868478912,1
hard_M4_04.mat,910004,911404014,FB-CMPSO,1500,1448,200,0,798,1.1301532,4665.55081998963,4653.11226003506,0,0,0,1,0,37.5266592808778,0,0,233,260,2306.15367056508,6462.59868478912,1
hard_M4_04.mat,910004,911404014,FB-CMPSO,2500,2500,200,0,1482,1.2523586,4303.34049058376,4297.06054467475,0,0,0,1,0,37.5266592808778,0,0,233,260,2668.36399997095,6462.59868478912,1
hard_M4_04.mat,910004,911404015,Repair,500,75,0,0,0,0.0061087,11882.5279815647,6149.41138095186,57.1756872931443,0,0,0,NaN,NaN,NaN,NaN,NaN,NaN,NaN,6462.59868478912,0
hard_M4_04.mat,910004,911404015,Repair,1000,75,0,0,0,0.0061087,11882.5279815647,6149.41138095186,57.1756872931443,0,0,0,NaN,NaN,NaN,NaN,NaN,NaN,NaN,6462.59868478912,0
hard_M4_04.mat,910004,911404015,Repair,1500,75,0,0,0,0.0061087,11882.5279815647,6149.41138095186,57.1756872931443,0,0,0,NaN,NaN,NaN,NaN,NaN,NaN,NaN,6462.59868478912,0
hard_M4_04.mat,910004,911404015,Repair,2500,75,0,0,0,0.0061087,11882.5279815647,6149.41138095186,57.1756872931443,0,0,0,NaN,NaN,NaN,NaN,NaN,NaN,NaN,6462.59868478912,0
hard_M4_04.mat,910004,911404015,WarmPSO,500,500,200,0,0,1.0323911,6213.42059317468,6194.65994180985,0,0,0,1,1,0,0,0,202,NaN,NaN,6462.59868478912,1
hard_M4_04.mat,910004,911404015,WarmPSO,1000,980,200,0,0,1.0772622,5868.42179321471,5852.50901350378,0,0,0,1,1,0,0,0,202,NaN,NaN,6462.59868478912,1
hard_M4_04.mat,910004,911404015,WarmPSO,1500,1490,200,0,0,1.122628,5768.00018134297,5750.19497786286,0,0,0,1,1,0,0,0,202,NaN,NaN,6462.59868478912,1
hard_M4_04.mat,910004,911404015,WarmPSO,2500,2500,200,0,0,1.2134689,5605.32591196344,5589.41313225251,0,0,0,1,1,0,0,0,202,NaN,NaN,6462.59868478912,1
hard_M4_04.mat,910004,911404015,AlwaysVND,500,491,200,0,171,1.0304233,5632.52600241127,5617.33189264678,0,0,0,1,1,0,0,0,202,260,1084.51196902976,6462.59868478912,1
hard_M4_04.mat,910004,911404015,AlwaysVND,1000,926,200,0,456,1.0739642,4985.82136852148,4976.67501107973,0,0,0,1,1,0,0,0,202,260,1731.21660291955,6462.59868478912,1
hard_M4_04.mat,910004,911404015,AlwaysVND,1500,1448,200,0,798,1.1274434,4674.80964220487,4667.93041495442,0,0,0,1,1,0,0,0,202,260,2042.22832923616,6462.59868478912,1
hard_M4_04.mat,910004,911404015,AlwaysVND,2500,2500,200,0,1482,1.2492331,4493.54147774378,4486.66225049333,0,0,0,1,1,0,0,0,202,260,2223.49649369725,6462.59868478912,1
hard_M4_04.mat,910004,911404015,FB-CMPSO,500,491,200,0,171,1.0333047,5632.52600241127,5617.33189264678,0,0,0,1,1,0,0,0,202,260,1084.51196902976,6462.59868478912,1
hard_M4_04.mat,910004,911404015,FB-CMPSO,1000,926,200,0,456,1.0800994,4985.82136852148,4976.67501107973,0,0,0,1,1,0,0,0,202,260,1731.21660291955,6462.59868478912,1
hard_M4_04.mat,910004,911404015,FB-CMPSO,1500,1448,200,0,798,1.1485494,4674.80964220487,4667.93041495442,0,0,0,1,1,0,0,0,202,260,2042.22832923616,6462.59868478912,1
hard_M4_04.mat,910004,911404015,FB-CMPSO,2500,2500,200,0,1482,1.2910723,4493.54147774378,4486.66225049333,0,0,0,1,1,0,0,0,202,260,2223.49649369725,6462.59868478912,1
hard_M4_04.mat,910004,911404016,Repair,500,75,0,0,0,0.0065222,11882.5279815647,6149.41138095186,57.1756872931443,0,0,0,NaN,NaN,NaN,NaN,NaN,NaN,NaN,6462.59868478912,0
hard_M4_04.mat,910004,911404016,Repair,1000,75,0,0,0,0.0065222,11882.5279815647,6149.41138095186,57.1756872931443,0,0,0,NaN,NaN,NaN,NaN,NaN,NaN,NaN,6462.59868478912,0
hard_M4_04.mat,910004,911404016,Repair,1500,75,0,0,0,0.0065222,11882.5279815647,6149.41138095186,57.1756872931443,0,0,0,NaN,NaN,NaN,NaN,NaN,NaN,NaN,6462.59868478912,0
hard_M4_04.mat,910004,911404016,Repair,2500,75,0,0,0,0.0065222,11882.5279815647,6149.41138095186,57.1756872931443,0,0,0,NaN,NaN,NaN,NaN,NaN,NaN,NaN,6462.59868478912,0
hard_M4_04.mat,910004,911404016,WarmPSO,500,500,200,0,0,1.0287837,6948.79177354294,6923.27956004757,0,0,0,1,1,0,0,0,201,NaN,NaN,6462.59868478912,1
hard_M4_04.mat,910004,911404016,WarmPSO,1000,980,200,0,0,1.0711485,6948.79177354294,6923.27956004757,0,0,0,1,1,0,0,0,201,NaN,NaN,6462.59868478912,1
hard_M4_04.mat,910004,911404016,WarmPSO,1500,1490,200,0,0,1.1161588,5605.32591196344,5589.41313225251,0,0,0,1,1,0,0,0,201,NaN,NaN,6462.59868478912,1
hard_M4_04.mat,910004,911404016,WarmPSO,2500,2500,200,0,0,1.2046988,5605.32591196344,5589.41313225251,0,0,0,1,1,0,0,0,201,NaN,NaN,6462.59868478912,1
hard_M4_04.mat,910004,911404016,AlwaysVND,500,491,200,0,171,1.0326456,6220.39332914009,6204.38765406405,0,0,0,1,1,0,0,0,201,260,728.398444402855,6462.59868478912,1
hard_M4_04.mat,910004,911404016,AlwaysVND,1000,926,200,0,456,1.0844536,5268.36115790146,5258.55717397958,0,0,0,1,1,0,0,0,201,260,1680.43061564148,6462.59868478912,1
hard_M4_04.mat,910004,911404016,AlwaysVND,1500,1448,200,0,798,1.1422061,4782.35650078204,4771.47907194614,0,0,0,1,1,0,0,0,201,260,2166.4352727609,6462.59868478912,1
hard_M4_04.mat,910004,911404016,AlwaysVND,2500,2500,200,0,1482,1.2569202,4697.6361440348,4686.50515598854,0,0,0,1,1,0,0,0,201,260,2251.15562950814,6462.59868478912,1
hard_M4_04.mat,910004,911404016,FB-CMPSO,500,491,200,0,171,1.0322223,6220.39332914009,6204.38765406405,0,0,0,1,1,0,0,0,201,260,728.398444402855,6462.59868478912,1
hard_M4_04.mat,910004,911404016,FB-CMPSO,1000,926,200,0,456,1.0802749,5268.36115790146,5258.55717397958,0,0,0,1,1,0,0,0,201,260,1680.43061564148,6462.59868478912,1
hard_M4_04.mat,910004,911404016,FB-CMPSO,1500,1448,200,0,798,1.1382648,4782.35650078204,4771.47907194614,0,0,0,1,1,0,0,0,201,260,2166.4352727609,6462.59868478912,1
hard_M4_04.mat,910004,911404016,FB-CMPSO,2500,2500,200,0,1482,1.2601877,4697.6361440348,4686.50515598854,0,0,0,1,1,0,0,0,201,260,2251.15562950814,6462.59868478912,1
hard_M4_04.mat,910004,911404017,Repair,500,75,0,0,0,0.0061684,11882.5279815647,6149.41138095186,57.1756872931443,0,0,0,NaN,NaN,NaN,NaN,NaN,NaN,NaN,6462.59868478912,0
hard_M4_04.mat,910004,911404017,Repair,1000,75,0,0,0,0.0061684,11882.5279815647,6149.41138095186,57.1756872931443,0,0,0,NaN,NaN,NaN,NaN,NaN,NaN,NaN,6462.59868478912,0
hard_M4_04.mat,910004,911404017,Repair,1500,75,0,0,0,0.0061684,11882.5279815647,6149.41138095186,57.1756872931443,0,0,0,NaN,NaN,NaN,NaN,NaN,NaN,NaN,6462.59868478912,0
hard_M4_04.mat,910004,911404017,Repair,2500,75,0,0,0,0.0061684,11882.5279815647,6149.41138095186,57.1756872931443,0,0,0,NaN,NaN,NaN,NaN,NaN,NaN,NaN,6462.59868478912,0
hard_M4_04.mat,910004,911404017,WarmPSO,500,500,200,0,0,1.0339022,6522.42482854656,6502.22842850792,0,0,0,1,0,58.2931900499825,0,0,259,NaN,NaN,6462.59868478912,1
hard_M4_04.mat,910004,911404017,WarmPSO,1000,980,200,0,0,1.0787062,6460.79015738541,6439.04629915694,0,0,0,1,0,58.2931900499825,0,0,259,NaN,NaN,6462.59868478912,1
hard_M4_04.mat,910004,911404017,WarmPSO,1500,1490,200,0,0,1.122075,5605.32591196344,5589.41313225251,0,0,0,1,0,58.2931900499825,0,0,259,NaN,NaN,6462.59868478912,1
hard_M4_04.mat,910004,911404017,WarmPSO,2500,2500,200,0,0,1.2079316,5605.32591196344,5589.41313225251,0,0,0,1,0,58.2931900499825,0,0,259,NaN,NaN,6462.59868478912,1
hard_M4_04.mat,910004,911404017,AlwaysVND,500,491,200,0,171,1.0336437,6287.61925199935,6273.37515450043,0,0,0,1,0,58.2931900499825,0,0,259,260,2074.59683733734,6462.59868478912,1
hard_M4_04.mat,910004,911404017,AlwaysVND,1000,926,200,0,456,1.0788236,5846.57718886572,5831.70807685532,0,0,0,1,0,58.2931900499825,0,0,259,260,2515.63890047097,6462.59868478912,1
hard_M4_04.mat,910004,911404017,AlwaysVND,1500,1448,200,0,798,1.1314317,5332.72213362156,5319.74544538035,0,0,0,1,0,58.2931900499825,0,0,259,260,3029.49395571513,6462.59868478912,1
hard_M4_04.mat,910004,911404017,AlwaysVND,2500,2500,200,0,1482,1.2406809,5163.07075101666,5150.93619553516,0,0,0,1,0,58.2931900499825,0,0,259,260,3199.14533832003,6462.59868478912,1
hard_M4_04.mat,910004,911404017,FB-CMPSO,500,491,200,0,171,1.033798,6287.61925199935,6273.37515450043,0,0,0,1,0,58.2931900499825,0,0,259,260,2074.59683733734,6462.59868478912,1
hard_M4_04.mat,910004,911404017,FB-CMPSO,1000,926,200,0,456,1.0790487,5846.57718886572,5831.70807685532,0,0,0,1,0,58.2931900499825,0,0,259,260,2515.63890047097,6462.59868478912,1
hard_M4_04.mat,910004,911404017,FB-CMPSO,1500,1448,200,0,798,1.1349274,5332.72213362156,5319.74544538035,0,0,0,1,0,58.2931900499825,0,0,259,260,3029.49395571513,6462.59868478912,1
hard_M4_04.mat,910004,911404017,FB-CMPSO,2500,2500,200,0,1482,1.2442159,5163.07075101666,5150.93619553516,0,0,0,1,0,58.2931900499825,0,0,259,260,3199.14533832003,6462.59868478912,1
hard_M4_04.mat,910004,911404018,Repair,500,75,0,0,0,0.0063219,11882.5279815647,6149.41138095186,57.1756872931443,0,0,0,NaN,NaN,NaN,NaN,NaN,NaN,NaN,6462.59868478912,0
hard_M4_04.mat,910004,911404018,Repair,1000,75,0,0,0,0.0063219,11882.5279815647,6149.41138095186,57.1756872931443,0,0,0,NaN,NaN,NaN,NaN,NaN,NaN,NaN,6462.59868478912,0
hard_M4_04.mat,910004,911404018,Repair,1500,75,0,0,0,0.0063219,11882.5279815647,6149.41138095186,57.1756872931443,0,0,0,NaN,NaN,NaN,NaN,NaN,NaN,NaN,6462.59868478912,0
hard_M4_04.mat,910004,911404018,Repair,2500,75,0,0,0,0.0063219,11882.5279815647,6149.41138095186,57.1756872931443,0,0,0,NaN,NaN,NaN,NaN,NaN,NaN,NaN,6462.59868478912,0
hard_M4_04.mat,910004,911404018,WarmPSO,500,500,200,0,0,1.0306906,6390.59412385859,6374.88597438486,0,0,0,1,1,0,0,0,201,NaN,NaN,6462.59868478912,1
hard_M4_04.mat,910004,911404018,WarmPSO,1000,980,200,0,0,1.0737803,5822.17594760398,5809.48555266581,0,0,0,1,1,0,0,0,201,NaN,NaN,6462.59868478912,1
hard_M4_04.mat,910004,911404018,WarmPSO,1500,1490,200,0,0,1.1204451,5822.17594760398,5809.48555266581,0,0,0,1,1,0,0,0,201,NaN,NaN,6462.59868478912,1
hard_M4_04.mat,910004,911404018,WarmPSO,2500,2500,200,0,0,1.2088226,5408.30240915039,5396.80881716736,0,0,0,1,1,0,0,0,201,NaN,NaN,6462.59868478912,1
hard_M4_04.mat,910004,911404018,AlwaysVND,500,491,200,0,171,1.0295583,6116.5234614766,6100.30254398929,0,0,0,1,1,0,0,0,201,260,1743.32368340522,6462.59868478912,1
hard_M4_04.mat,910004,911404018,AlwaysVND,1000,926,200,0,456,1.0736172,5148.42682348391,5138.35367809966,0,0,0,1,1,0,0,0,201,260,2711.4203213979,6462.59868478912,1
hard_M4_04.mat,910004,911404018,AlwaysVND,1500,1448,200,0,798,1.1253655,4824.66672278698,4815.79832582381,0,0,0,1,1,0,0,0,201,260,3035.18042209483,6462.59868478912,1
hard_M4_04.mat,910004,911404018,AlwaysVND,2500,2500,200,0,1482,1.2334752,4802.79669751306,4793.15285025729,0,0,0,1,1,0,0,0,201,260,3057.05044736876,6462.59868478912,1
hard_M4_04.mat,910004,911404018,FB-CMPSO,500,491,200,0,171,1.0303236,6116.5234614766,6100.30254398929,0,0,0,1,1,0,0,0,201,260,1743.32368340522,6462.59868478912,1
hard_M4_04.mat,910004,911404018,FB-CMPSO,1000,926,200,0,456,1.0759474,5148.42682348391,5138.35367809966,0,0,0,1,1,0,0,0,201,260,2711.4203213979,6462.59868478912,1
hard_M4_04.mat,910004,911404018,FB-CMPSO,1500,1448,200,0,798,1.1304247,4824.66672278698,4815.79832582381,0,0,0,1,1,0,0,0,201,260,3035.18042209483,6462.59868478912,1
hard_M4_04.mat,910004,911404018,FB-CMPSO,2500,2500,200,0,1482,1.2396448,4802.79669751306,4793.15285025729,0,0,0,1,1,0,0,0,201,260,3057.05044736876,6462.59868478912,1
hard_M4_04.mat,910004,911404019,Repair,500,75,0,0,0,0.006064,11882.5279815647,6149.41138095186,57.1756872931443,0,0,0,NaN,NaN,NaN,NaN,NaN,NaN,NaN,6462.59868478912,0
hard_M4_04.mat,910004,911404019,Repair,1000,75,0,0,0,0.006064,11882.5279815647,6149.41138095186,57.1756872931443,0,0,0,NaN,NaN,NaN,NaN,NaN,NaN,NaN,6462.59868478912,0
hard_M4_04.mat,910004,911404019,Repair,1500,75,0,0,0,0.006064,11882.5279815647,6149.41138095186,57.1756872931443,0,0,0,NaN,NaN,NaN,NaN,NaN,NaN,NaN,6462.59868478912,0
hard_M4_04.mat,910004,911404019,Repair,2500,75,0,0,0,0.006064,11882.5279815647,6149.41138095186,57.1756872931443,0,0,0,NaN,NaN,NaN,NaN,NaN,NaN,NaN,6462.59868478912,0
hard_M4_04.mat,910004,911404019,WarmPSO,500,500,200,0,0,1.0266012,7317.98486536918,7293.54714569149,0,0,0,1,0,26.9107985471286,0,0,279,NaN,NaN,6462.59868478912,1
hard_M4_04.mat,910004,911404019,WarmPSO,1000,980,200,0,0,1.0695187,7018.62136673526,6991.79004579296,0,0,0,1,0,26.9107985471286,0,0,279,NaN,NaN,6462.59868478912,1
hard_M4_04.mat,910004,911404019,WarmPSO,1500,1490,200,0,0,1.1126968,6315.64846707156,6299.64033131887,0,0,0,1,0,26.9107985471286,0,0,279,NaN,NaN,6462.59868478912,1
hard_M4_04.mat,910004,911404019,WarmPSO,2500,2500,200,0,0,1.2135847,5780.20921355763,5769.89519324508,0,0,0,1,0,26.9107985471286,0,0,279,NaN,NaN,6462.59868478912,1
hard_M4_04.mat,910004,911404019,AlwaysVND,500,491,200,0,171,1.0266344,6872.93478284217,6844.36337915605,0,0,0,1,0,26.9107985471286,0,0,311,260,1872.29722098171,6462.59868478912,1
hard_M4_04.mat,910004,911404019,AlwaysVND,1000,926,200,0,456,1.0702038,5632.24453325559,5614.27470228428,0,0,0,1,0,26.9107985471286,0,0,311,260,3112.98747056829,6462.59868478912,1
hard_M4_04.mat,910004,911404019,AlwaysVND,1500,1448,200,0,798,1.1223245,5351.96789667834,5333.81509381401,0,0,0,1,0,26.9107985471286,0,0,311,260,3393.26410714554,6462.59868478912,1
hard_M4_04.mat,910004,911404019,AlwaysVND,2500,2500,200,0,1482,1.2289173,4976.68256260045,4962.88570209722,0,0,0,1,0,26.9107985471286,0,0,311,260,3768.54944122343,6462.59868478912,1
hard_M4_04.mat,910004,911404019,FB-CMPSO,500,453,200,19,114,1.0218928,5940.45086029992,5924.69930786581,0,0,0,1,0,26.9107985471286,0,0,278,309,1753.93435431198,6462.59868478912,1
hard_M4_04.mat,910004,911404019,FB-CMPSO,1000,975,200,19,456,1.0761058,5517.51983227307,5501.01862154654,0,0,0,1,0,26.9107985471286,0,0,278,309,2176.86538233883,6462.59868478912,1
hard_M4_04.mat,910004,911404019,FB-CMPSO,1500,1497,200,19,798,1.1285232,5307.63476986562,5293.05118679934,0,0,0,1,0,26.9107985471286,0,0,278,309,2386.75044474628,6462.59868478912,1
hard_M4_04.mat,910004,911404019,FB-CMPSO,2500,2500,200,19,1441,1.2353897,4665.55081998963,4653.11226003506,0,0,0,1,0,26.9107985471286,0,0,278,309,3028.83439462227,6462.59868478912,1
hard_M4_04.mat,910004,911404020,Repair,500,75,0,0,0,0.0060614,11882.5279815647,6149.41138095186,57.1756872931443,0,0,0,NaN,NaN,NaN,NaN,NaN,NaN,NaN,6462.59868478912,0
hard_M4_04.mat,910004,911404020,Repair,1000,75,0,0,0,0.0060614,11882.5279815647,6149.41138095186,57.1756872931443,0,0,0,NaN,NaN,NaN,NaN,NaN,NaN,NaN,6462.59868478912,0
hard_M4_04.mat,910004,911404020,Repair,1500,75,0,0,0,0.0060614,11882.5279815647,6149.41138095186,57.1756872931443,0,0,0,NaN,NaN,NaN,NaN,NaN,NaN,NaN,6462.59868478912,0
hard_M4_04.mat,910004,911404020,Repair,2500,75,0,0,0,0.0060614,11882.5279815647,6149.41138095186,57.1756872931443,0,0,0,NaN,NaN,NaN,NaN,NaN,NaN,NaN,6462.59868478912,0
hard_M4_04.mat,910004,911404020,WarmPSO,500,500,200,0,0,1.0102582,7924.76402773703,7895.19353155164,0,0,0,1,0,32.5725775460438,0,0,302,NaN,NaN,6462.59868478912,1
hard_M4_04.mat,910004,911404020,WarmPSO,1000,980,200,0,0,1.051802,6898.10407234484,6873.91257596646,0,0,0,1,0,32.5725775460438,0,0,302,NaN,NaN,6462.59868478912,1
hard_M4_04.mat,910004,911404020,WarmPSO,1500,1490,200,0,0,1.0944145,6478.06790612492,6460.04119585875,0,0,0,1,0,32.5725775460438,0,0,302,NaN,NaN,6462.59868478912,1
hard_M4_04.mat,910004,911404020,WarmPSO,2500,2500,200,0,0,1.1789991,6011.64629243293,5991.69985178044,0,0,0,1,0,32.5725775460438,0,0,302,NaN,NaN,6462.59868478912,1
hard_M4_04.mat,910004,911404020,AlwaysVND,500,491,200,0,171,1.0105019,6926.17717716638,6903.91951986697,0,0,0,1,0,32.5725775460438,0,0,340,260,3662.90796860645,6462.59868478912,1
hard_M4_04.mat,910004,911404020,AlwaysVND,1000,926,200,0,456,1.0519485,5397.68288469209,5378.86853561428,0,0,0,1,0,32.5725775460438,0,0,340,260,5191.40226108074,6462.59868478912,1
hard_M4_04.mat,910004,911404020,AlwaysVND,1500,1448,200,0,798,1.1028149,4388.25332128473,4377.58852565566,0,0,0,1,0,32.5725775460438,0,0,340,260,6200.8318244881,6462.59868478912,1
hard_M4_04.mat,910004,911404020,AlwaysVND,2500,2500,200,0,1482,1.2084395,4109.73657397182,4102.68997437523,0,0,0,1,0,32.5725775460438,0,0,340,260,6479.34857180101,6462.59868478912,1
hard_M4_04.mat,910004,911404020,FB-CMPSO,500,453,200,19,114,1.007629,6680.98580020919,6658.05663290741,0,0,0,1,0,32.5725775460438,0,0,280,309,1493.71830605245,6462.59868478912,1
hard_M4_04.mat,910004,911404020,FB-CMPSO,1000,975,200,19,456,1.0601683,5245.89627812885,5233.57958327627,0,0,0,1,0,32.5725775460438,0,0,280,309,2928.80782813279,6462.59868478912,1
hard_M4_04.mat,910004,911404020,FB-CMPSO,1500,1497,200,19,798,1.1122089,5007.90093404432,4994.54767145171,0,0,0,1,0,32.5725775460438,0,0,280,309,3166.80317221733,6462.59868478912,1
hard_M4_04.mat,910004,911404020,FB-CMPSO,2500,2500,200,19,1441,1.2184552,4770.93955469106,4758.27503594617,0,0,0,1,0,32.5725775460438,0,0,280,309,3403.76455157058,6462.59868478912,1
hard_M4_04.mat,910004,911404021,Repair,500,75,0,0,0,0.0061668,11882.5279815647,6149.41138095186,57.1756872931443,0,0,0,NaN,NaN,NaN,NaN,NaN,NaN,NaN,6462.59868478912,0
hard_M4_04.mat,910004,911404021,Repair,1000,75,0,0,0,0.0061668,11882.5279815647,6149.41138095186,57.1756872931443,0,0,0,NaN,NaN,NaN,NaN,NaN,NaN,NaN,6462.59868478912,0
hard_M4_04.mat,910004,911404021,Repair,1500,75,0,0,0,0.0061668,11882.5279815647,6149.41138095186,57.1756872931443,0,0,0,NaN,NaN,NaN,NaN,NaN,NaN,NaN,6462.59868478912,0
hard_M4_04.mat,910004,911404021,Repair,2500,75,0,0,0,0.0061668,11882.5279815647,6149.41138095186,57.1756872931443,0,0,0,NaN,NaN,NaN,NaN,NaN,NaN,NaN,6462.59868478912,0
hard_M4_04.mat,910004,911404021,WarmPSO,500,500,200,0,0,1.0187839,6283.40316216164,6263.44692963753,0,0,0,1,0,22.4267019533234,0,0,233,NaN,NaN,6462.59868478912,1
hard_M4_04.mat,910004,911404021,WarmPSO,1000,980,200,0,0,1.0595258,6211.22049718339,6191.66523315132,0,0,0,1,0,22.4267019533234,0,0,233,NaN,NaN,6462.59868478912,1
hard_M4_04.mat,910004,911404021,WarmPSO,1500,1490,200,0,0,1.1025698,5803.29943482713,5785.55987808637,0,0,0,1,0,22.4267019533234,0,0,233,NaN,NaN,6462.59868478912,1
hard_M4_04.mat,910004,911404021,WarmPSO,2500,2500,200,0,0,1.1872086,5605.32591196344,5589.41313225251,0,0,0,1,0,22.4267019533234,0,0,233,NaN,NaN,6462.59868478912,1
hard_M4_04.mat,910004,911404021,AlwaysVND,500,491,200,0,171,1.0195909,5431.55920594378,5421.63235375887,0,0,0,1,0,22.4267019533234,0,0,233,260,1152.02508837624,6462.59868478912,1
hard_M4_04.mat,910004,911404021,AlwaysVND,1000,926,200,0,456,1.0622722,5176.31908805262,5169.97771781626,0,0,0,1,0,22.4267019533234,0,0,233,260,1407.2652062674,6462.59868478912,1
hard_M4_04.mat,910004,911404021,AlwaysVND,1500,1448,200,0,798,1.1156351,4575.55443320504,4566.41753405549,0,0,0,1,0,22.4267019533234,0,0,233,260,2008.02986111498,6462.59868478912,1
hard_M4_04.mat,910004,911404021,AlwaysVND,2500,2500,200,0,1482,1.2192524,4566.02016008196,4556.8744643274,0,0,0,1,0,22.4267019533234,0,0,233,260,2017.56413423806,6462.59868478912,1
hard_M4_04.mat,910004,911404021,FB-CMPSO,500,491,200,0,171,1.0193004,5431.55920594378,5421.63235375887,0,0,0,1,0,22.4267019533234,0,0,233,260,1152.02508837624,6462.59868478912,1
hard_M4_04.mat,910004,911404021,FB-CMPSO,1000,926,200,0,456,1.061258,5176.31908805262,5169.97771781626,0,0,0,1,0,22.4267019533234,0,0,233,260,1407.2652062674,6462.59868478912,1
hard_M4_04.mat,910004,911404021,FB-CMPSO,1500,1448,200,0,798,1.1117884,4575.55443320504,4566.41753405549,0,0,0,1,0,22.4267019533234,0,0,233,260,2008.02986111498,6462.59868478912,1
hard_M4_04.mat,910004,911404021,FB-CMPSO,2500,2500,200,0,1482,1.2152965,4566.02016008196,4556.8744643274,0,0,0,1,0,22.4267019533234,0,0,233,260,2017.56413423806,6462.59868478912,1
hard_M4_04.mat,910004,911404022,Repair,500,75,0,0,0,0.0061707,11882.5279815647,6149.41138095186,57.1756872931443,0,0,0,NaN,NaN,NaN,NaN,NaN,NaN,NaN,6462.59868478912,0
hard_M4_04.mat,910004,911404022,Repair,1000,75,0,0,0,0.0061707,11882.5279815647,6149.41138095186,57.1756872931443,0,0,0,NaN,NaN,NaN,NaN,NaN,NaN,NaN,6462.59868478912,0
hard_M4_04.mat,910004,911404022,Repair,1500,75,0,0,0,0.0061707,11882.5279815647,6149.41138095186,57.1756872931443,0,0,0,NaN,NaN,NaN,NaN,NaN,NaN,NaN,6462.59868478912,0
hard_M4_04.mat,910004,911404022,Repair,2500,75,0,0,0,0.0061707,11882.5279815647,6149.41138095186,57.1756872931443,0,0,0,NaN,NaN,NaN,NaN,NaN,NaN,NaN,6462.59868478912,0
hard_M4_04.mat,910004,911404022,WarmPSO,500,500,200,0,0,1.004975,7221.6701860493,7194.82159382491,0,0,0,1,0,27.3269444692276,0,0,270,NaN,NaN,6462.59868478912,1
hard_M4_04.mat,910004,911404022,WarmPSO,1000,980,200,0,0,1.0483423,7083.93770723907,7057.64712831259,0,0,0,1,0,27.3269444692276,0,0,270,NaN,NaN,6462.59868478912,1
hard_M4_04.mat,910004,911404022,WarmPSO,1500,1490,200,0,0,1.0926803,6406.31380759977,6384.98570614805,0,0,0,1,0,27.3269444692276,0,0,270,NaN,NaN,6462.59868478912,1
hard_M4_04.mat,910004,911404022,WarmPSO,2500,2500,200,0,0,1.1794286,5985.92281168051,5972.09964238352,0,0,0,1,0,27.3269444692276,0,0,270,NaN,NaN,6462.59868478912,1
hard_M4_04.mat,910004,911404022,AlwaysVND,500,491,200,0,171,1.0038592,6460.31259992613,6444.456434982,0,0,0,1,0,27.3269444692276,0,0,319,260,3162.97546917114,6462.59868478912,1
hard_M4_04.mat,910004,911404022,AlwaysVND,1000,926,200,0,456,1.0459485,5330.88557690399,5321.69535368056,0,0,0,1,0,27.3269444692276,0,0,319,260,4292.40249219328,6462.59868478912,1
hard_M4_04.mat,910004,911404022,AlwaysVND,1500,1448,200,0,798,1.0970419,4760.50159573161,4749.90068578284,0,0,0,1,0,27.3269444692276,0,0,319,260,4862.78647336567,6462.59868478912,1
hard_M4_04.mat,910004,911404022,AlwaysVND,2500,2500,200,0,1482,1.2083036,4579.23343127052,4568.63252132175,0,0,0,1,0,27.3269444692276,0,0,319,260,5044.05463782676,6462.59868478912,1
hard_M4_04.mat,910004,911404022,FB-CMPSO,500,453,200,19,114,1.0008707,6888.58109571014,6871.59937538028,0,0,0,1,0,27.3269444692276,0,0,272,309,1502.8445907737,6462.59868478912,1
hard_M4_04.mat,910004,911404022,FB-CMPSO,1000,975,200,19,456,1.0516262,5030.19234211708,5015.36965886815,0,0,0,1,0,27.3269444692276,0,0,272,309,3361.23334436676,6462.59868478912,1
hard_M4_04.mat,910004,911404022,FB-CMPSO,1500,1497,200,19,798,1.1038239,4747.28832454305,4738.14262878849,0,0,0,1,0,27.3269444692276,0,0,272,309,3644.1373619408,6462.59868478912,1
hard_M4_04.mat,910004,911404022,FB-CMPSO,2500,2500,200,19,1441,1.2150728,4566.02016008196,4556.8744643274,0,0,0,1,0,27.3269444692276,0,0,272,309,3825.40552640188,6462.59868478912,1
hard_M4_04.mat,910004,911404023,Repair,500,75,0,0,0,0.0061637,11882.5279815647,6149.41138095186,57.1756872931443,0,0,0,NaN,NaN,NaN,NaN,NaN,NaN,NaN,6462.59868478912,0
hard_M4_04.mat,910004,911404023,Repair,1000,75,0,0,0,0.0061637,11882.5279815647,6149.41138095186,57.1756872931443,0,0,0,NaN,NaN,NaN,NaN,NaN,NaN,NaN,6462.59868478912,0
hard_M4_04.mat,910004,911404023,Repair,1500,75,0,0,0,0.0061637,11882.5279815647,6149.41138095186,57.1756872931443,0,0,0,NaN,NaN,NaN,NaN,NaN,NaN,NaN,6462.59868478912,0
hard_M4_04.mat,910004,911404023,Repair,2500,75,0,0,0,0.0061637,11882.5279815647,6149.41138095186,57.1756872931443,0,0,0,NaN,NaN,NaN,NaN,NaN,NaN,NaN,6462.59868478912,0
hard_M4_04.mat,910004,911404023,WarmPSO,500,500,200,0,0,1.0312617,6158.83107862292,6140.47672464293,0,0,0,1,0,35.4390045123544,0,0,269,NaN,NaN,6462.59868478912,1
hard_M4_04.mat,910004,911404023,WarmPSO,1000,980,200,0,0,1.0754034,5768.00018134297,5750.19497786286,0,0,0,1,0,35.4390045123544,0,0,269,NaN,NaN,6462.59868478912,1
hard_M4_04.mat,910004,911404023,WarmPSO,1500,1490,200,0,0,1.1195376,5768.00018134297,5750.19497786286,0,0,0,1,0,35.4390045123544,0,0,269,NaN,NaN,6462.59868478912,1
hard_M4_04.mat,910004,911404023,WarmPSO,2500,2500,200,0,0,1.2131347,5768.00018134297,5750.19497786286,0,0,0,1,0,35.4390045123544,0,0,269,NaN,NaN,6462.59868478912,1
hard_M4_04.mat,910004,911404023,AlwaysVND,500,491,200,0,171,1.0321408,5655.36639856316,5642.14953326441,0,0,0,1,0,35.4390045123544,0,0,283,260,4340.03756068998,6462.59868478912,1
hard_M4_04.mat,910004,911404023,AlwaysVND,1000,926,200,0,456,1.0807796,4752.76355483716,4743.73834460716,0,0,0,1,0,35.4390045123544,0,0,283,260,5242.64040441598,6462.59868478912,1
hard_M4_04.mat,910004,911404023,AlwaysVND,1500,1448,200,0,798,1.1373653,4673.74560031989,4662.85632833102,0,0,0,1,0,35.4390045123544,0,0,283,260,5321.65835893324,6462.59868478912,1
hard_M4_04.mat,910004,911404023,AlwaysVND,2500,2500,200,0,1482,1.243404,4408.82112099654,4401.68833453573,0,0,0,1,0,35.4390045123544,0,0,283,260,5586.5828382566,6462.59868478912,1
hard_M4_04.mat,910004,911404023,FB-CMPSO,500,453,200,19,114,1.0285827,7115.15713192401,7093.18239514789,0,0,0,1,0,35.4390045123544,0,0,276,309,438.442202199994,6462.59868478912,1
hard_M4_04.mat,910004,911404023,FB-CMPSO,1000,975,200,19,456,1.0880522,5501.36977517694,5491.59856491733,0,0,0,1,0,35.4390045123544,0,0,276,309,2052.22955894706,6462.59868478912,1
hard_M4_04.mat,910004,911404023,FB-CMPSO,1500,1497,200,19,798,1.1456442,4845.7319236679,4834.59754162231,0,0,0,1,0,35.4390045123544,0,0,276,309,2707.8674104561,6462.59868478912,1
hard_M4_04.mat,910004,911404023,FB-CMPSO,2500,2500,200,19,1441,1.2617582,4697.6361440348,4686.50515598854,0,0,0,1,0,35.4390045123544,0,0,276,309,2855.9631900892,6462.59868478912,1
hard_M4_04.mat,910004,911404024,Repair,500,75,0,0,0,0.0063207,11882.5279815647,6149.41138095186,57.1756872931443,0,0,0,NaN,NaN,NaN,NaN,NaN,NaN,NaN,6462.59868478912,0
hard_M4_04.mat,910004,911404024,Repair,1000,75,0,0,0,0.0063207,11882.5279815647,6149.41138095186,57.1756872931443,0,0,0,NaN,NaN,NaN,NaN,NaN,NaN,NaN,6462.59868478912,0
hard_M4_04.mat,910004,911404024,Repair,1500,75,0,0,0,0.0063207,11882.5279815647,6149.41138095186,57.1756872931443,0,0,0,NaN,NaN,NaN,NaN,NaN,NaN,NaN,6462.59868478912,0
hard_M4_04.mat,910004,911404024,Repair,2500,75,0,0,0,0.0063207,11882.5279815647,6149.41138095186,57.1756872931443,0,0,0,NaN,NaN,NaN,NaN,NaN,NaN,NaN,6462.59868478912,0
hard_M4_04.mat,910004,911404024,WarmPSO,500,500,200,0,0,1.0375656,6922.9778378699,6907.92394580519,0,0,0,1,0,22.2013712612896,0,0,264,NaN,NaN,6462.59868478912,1
hard_M4_04.mat,910004,911404024,WarmPSO,1000,980,200,0,0,1.0822553,6213.47513705483,6193.32916216834,0,0,0,1,0,22.2013712612896,0,0,264,NaN,NaN,6462.59868478912,1
hard_M4_04.mat,910004,911404024,WarmPSO,1500,1490,200,0,0,1.1271809,5848.04925885903,5829.62758735418,0,0,0,1,0,22.2013712612896,0,0,264,NaN,NaN,6462.59868478912,1
hard_M4_04.mat,910004,911404024,WarmPSO,2500,2500,200,0,0,1.2240076,5605.32591196344,5589.41313225251,0,0,0,1,0,22.2013712612896,0,0,264,NaN,NaN,6462.59868478912,1
hard_M4_04.mat,910004,911404024,AlwaysVND,500,491,200,0,171,1.0376431,5803.29943482713,5785.55987808637,0,0,0,1,0,22.2013712612896,0,0,296,260,3621.30008609812,6462.59868478912,1
hard_M4_04.mat,910004,911404024,AlwaysVND,1000,926,200,0,456,1.0798154,5264.76176285235,5251.1322209914,0,0,0,1,0,22.2013712612896,0,0,296,260,4159.8377580729,6462.59868478912,1
hard_M4_04.mat,910004,911404024,AlwaysVND,1500,1448,200,0,798,1.1332115,4836.08145238469,4828.21391985017,0,0,0,1,0,22.2013712612896,0,0,296,260,4588.51806854057,6462.59868478912,1
hard_M4_04.mat,910004,911404024,AlwaysVND,2500,2500,200,0,1482,1.2472747,4323.96226746152,4318.32812484979,0,0,0,1,0,22.2013712612896,0,0,296,260,5100.63725346374,6462.59868478912,1
hard_M4_04.mat,910004,911404024,FB-CMPSO,500,453,200,19,114,1.035402,5468.98500983199,5456.16096083044,0,0,0,1,0,22.2013712612896,0,0,281,309,3840.71701270255,6462.59868478912,1
hard_M4_04.mat,910004,911404024,FB-CMPSO,1000,975,200,19,456,1.0982266,5036.99092779481,5028.35235840855,0,0,0,1,0,22.2013712612896,0,0,281,309,4272.71109473973,6462.59868478912,1
hard_M4_04.mat,910004,911404024,FB-CMPSO,1500,1497,200,19,798,1.1565124,4583.09260895938,4574.44524296811,0,0,0,1,0,22.2013712612896,0,0,281,309,4726.60941357516,6462.59868478912,1
hard_M4_04.mat,910004,911404024,FB-CMPSO,2500,2500,200,19,1441,1.2593642,4583.09260895938,4574.44524296811,0,0,0,1,0,22.2013712612896,0,0,281,309,4726.60941357516,6462.59868478912,1
hard_M4_04.mat,910004,911404025,Repair,500,75,0,0,0,0.0062128,11882.5279815647,6149.41138095186,57.1756872931443,0,0,0,NaN,NaN,NaN,NaN,NaN,NaN,NaN,6462.59868478912,0
hard_M4_04.mat,910004,911404025,Repair,1000,75,0,0,0,0.0062128,11882.5279815647,6149.41138095186,57.1756872931443,0,0,0,NaN,NaN,NaN,NaN,NaN,NaN,NaN,6462.59868478912,0
hard_M4_04.mat,910004,911404025,Repair,1500,75,0,0,0,0.0062128,11882.5279815647,6149.41138095186,57.1756872931443,0,0,0,NaN,NaN,NaN,NaN,NaN,NaN,NaN,6462.59868478912,0
hard_M4_04.mat,910004,911404025,Repair,2500,75,0,0,0,0.0062128,11882.5279815647,6149.41138095186,57.1756872931443,0,0,0,NaN,NaN,NaN,NaN,NaN,NaN,NaN,6462.59868478912,0
hard_M4_04.mat,910004,911404025,WarmPSO,500,500,200,0,0,1.0249465,5937.91280274652,5920.1075992664,0,0,0,1,0,91.5954504988391,0,0,247,NaN,NaN,6462.59868478912,1
hard_M4_04.mat,910004,911404025,WarmPSO,1000,980,200,0,0,1.0787438,5768.00018134297,5750.19497786286,0,0,0,1,0,91.5954504988391,0,0,247,NaN,NaN,6462.59868478912,1
hard_M4_04.mat,910004,911404025,WarmPSO,1500,1490,200,0,0,1.1311764,5605.32591196344,5589.41313225251,0,0,0,1,0,91.5954504988391,0,0,247,NaN,NaN,6462.59868478912,1
hard_M4_04.mat,910004,911404025,WarmPSO,2500,2500,200,0,0,1.2303588,5605.32591196344,5589.41313225251,0,0,0,1,0,91.5954504988391,0,0,247,NaN,NaN,6462.59868478912,1
hard_M4_04.mat,910004,911404025,AlwaysVND,500,491,200,0,171,1.0257507,5537.16679413459,5518.79081656482,0,0,0,1,0,91.5954504988391,0,0,247,260,637.053299809294,6462.59868478912,1
hard_M4_04.mat,910004,911404025,AlwaysVND,1000,926,200,0,456,1.0698813,4717.76758344428,4708.64454649088,0,0,0,1,0,91.5954504988391,0,0,247,260,1456.4525104996,6462.59868478912,1
hard_M4_04.mat,910004,911404025,AlwaysVND,1500,1448,200,0,798,1.1227586,4613.21681775153,4602.68895719734,0,0,0,1,0,91.5954504988391,0,0,247,260,1561.00327619236,6462.59868478912,1
hard_M4_04.mat,910004,911404025,AlwaysVND,2500,2500,200,0,1482,1.2329745,4528.49646100428,4517.71504123974,0,0,0,1,0,91.5954504988391,0,0,247,260,1645.7236329396,6462.59868478912,1
hard_M4_04.mat,910004,911404025,FB-CMPSO,500,491,200,0,171,1.0260027,5537.16679413459,5518.79081656482,0,0,0,1,0,91.5954504988391,0,0,247,260,637.053299809294,6462.59868478912,1
hard_M4_04.mat,910004,911404025,FB-CMPSO,1000,926,200,0,456,1.0739819,4717.76758344428,4708.64454649088,0,0,0,1,0,91.5954504988391,0,0,247,260,1456.4525104996,6462.59868478912,1
hard_M4_04.mat,910004,911404025,FB-CMPSO,1500,1448,200,0,798,1.1333148,4613.21681775153,4602.68895719734,0,0,0,1,0,91.5954504988391,0,0,247,260,1561.00327619236,6462.59868478912,1
hard_M4_04.mat,910004,911404025,FB-CMPSO,2500,2500,200,0,1482,1.2439189,4528.49646100428,4517.71504123974,0,0,0,1,0,91.5954504988391,0,0,247,260,1645.7236329396,6462.59868478912,1
hard_M4_04.mat,910004,911404026,Repair,500,75,0,0,0,0.0063969,11882.5279815647,6149.41138095186,57.1756872931443,0,0,0,NaN,NaN,NaN,NaN,NaN,NaN,NaN,6462.59868478912,0
hard_M4_04.mat,910004,911404026,Repair,1000,75,0,0,0,0.0063969,11882.5279815647,6149.41138095186,57.1756872931443,0,0,0,NaN,NaN,NaN,NaN,NaN,NaN,NaN,6462.59868478912,0
hard_M4_04.mat,910004,911404026,Repair,1500,75,0,0,0,0.0063969,11882.5279815647,6149.41138095186,57.1756872931443,0,0,0,NaN,NaN,NaN,NaN,NaN,NaN,NaN,6462.59868478912,0
hard_M4_04.mat,910004,911404026,Repair,2500,75,0,0,0,0.0063969,11882.5279815647,6149.41138095186,57.1756872931443,0,0,0,NaN,NaN,NaN,NaN,NaN,NaN,NaN,6462.59868478912,0
hard_M4_04.mat,910004,911404026,WarmPSO,500,500,200,0,0,1.0386168,6349.47048978873,6331.16116355339,0,0,0,1,0,35.7034646392569,0,0,233,NaN,NaN,6462.59868478912,1
hard_M4_04.mat,910004,911404026,WarmPSO,1000,980,200,0,0,1.081446,6140.08721847457,6121.4221590174,0,0,0,1,0,35.7034646392569,0,0,233,NaN,NaN,6462.59868478912,1
hard_M4_04.mat,910004,911404026,WarmPSO,1500,1490,200,0,0,1.1285668,5748.85847266979,5733.77120338408,0,0,0,1,0,35.7034646392569,0,0,233,NaN,NaN,6462.59868478912,1
hard_M4_04.mat,910004,911404026,WarmPSO,2500,2500,200,0,0,1.218293,5605.32591196344,5589.41313225251,0,0,0,1,0,35.7034646392569,0,0,233,NaN,NaN,6462.59868478912,1
hard_M4_04.mat,910004,911404026,AlwaysVND,500,491,200,0,171,1.0397634,6190.03281434185,6175.34048078475,0,0,0,1,0,35.7034646392569,0,0,233,260,545.887515349509,6462.59868478912,1
hard_M4_04.mat,910004,911404026,AlwaysVND,1000,926,200,0,456,1.0853122,5223.1121085945,5209.62125842871,0,0,0,1,0,35.7034646392569,0,0,233,260,1512.80822109686,6462.59868478912,1
hard_M4_04.mat,910004,911404026,AlwaysVND,1500,1448,200,0,798,1.1474506,4950.70181544745,4938.33234144742,0,0,0,1,0,35.7034646392569,0,0,233,260,1785.2185142439,6462.59868478912,1
hard_M4_04.mat,910004,911404026,AlwaysVND,2500,2500,200,0,1482,1.2616127,4845.22195247885,4834.87460174044,0,0,0,1,0,35.7034646392569,0,0,233,260,1890.69837721251,6462.59868478912,1
hard_M4_04.mat,910004,911404026,FB-CMPSO,500,491,200,0,171,1.0376951,6190.03281434185,6175.34048078475,0,0,0,1,0,35.7034646392569,0,0,233,260,545.887515349509,6462.59868478912,1
hard_M4_04.mat,910004,911404026,FB-CMPSO,1000,926,200,0,456,1.0857832,5223.1121085945,5209.62125842871,0,0,0,1,0,35.7034646392569,0,0,233,260,1512.80822109686,6462.59868478912,1
hard_M4_04.mat,910004,911404026,FB-CMPSO,1500,1448,200,0,798,1.1437888,4950.70181544745,4938.33234144742,0,0,0,1,0,35.7034646392569,0,0,233,260,1785.2185142439,6462.59868478912,1
hard_M4_04.mat,910004,911404026,FB-CMPSO,2500,2500,200,0,1482,1.2598704,4845.22195247885,4834.87460174044,0,0,0,1,0,35.7034646392569,0,0,233,260,1890.69837721251,6462.59868478912,1
hard_M4_04.mat,910004,911404027,Repair,500,75,0,0,0,0.0063292,11882.5279815647,6149.41138095186,57.1756872931443,0,0,0,NaN,NaN,NaN,NaN,NaN,NaN,NaN,6462.59868478912,0
hard_M4_04.mat,910004,911404027,Repair,1000,75,0,0,0,0.0063292,11882.5279815647,6149.41138095186,57.1756872931443,0,0,0,NaN,NaN,NaN,NaN,NaN,NaN,NaN,6462.59868478912,0
hard_M4_04.mat,910004,911404027,Repair,1500,75,0,0,0,0.0063292,11882.5279815647,6149.41138095186,57.1756872931443,0,0,0,NaN,NaN,NaN,NaN,NaN,NaN,NaN,6462.59868478912,0
hard_M4_04.mat,910004,911404027,Repair,2500,75,0,0,0,0.0063292,11882.5279815647,6149.41138095186,57.1756872931443,0,0,0,NaN,NaN,NaN,NaN,NaN,NaN,NaN,6462.59868478912,0
hard_M4_04.mat,910004,911404027,WarmPSO,500,500,200,0,0,1.1022315,5803.29943482713,5785.55987808637,0,0,0,1,1,0,0,0,201,NaN,NaN,6462.59868478912,1
hard_M4_04.mat,910004,911404027,WarmPSO,1000,980,200,0,0,1.1491928,5605.32591196344,5589.41313225251,0,0,0,1,1,0,0,0,201,NaN,NaN,6462.59868478912,1
hard_M4_04.mat,910004,911404027,WarmPSO,1500,1490,200,0,0,1.1983884,5605.32591196344,5589.41313225251,0,0,0,1,1,0,0,0,201,NaN,NaN,6462.59868478912,1
hard_M4_04.mat,910004,911404027,WarmPSO,2500,2500,200,0,0,1.2920068,5605.32591196344,5589.41313225251,0,0,0,1,1,0,0,0,201,NaN,NaN,6462.59868478912,1
hard_M4_04.mat,910004,911404027,AlwaysVND,500,491,200,0,171,1.102403,5426.42473950459,5418.06425633747,0,0,0,1,1,0,0,0,201,260,1221.09586524455,6462.59868478912,1
hard_M4_04.mat,910004,911404027,AlwaysVND,1000,926,200,0,456,1.149853,5338.36538970102,5327.55048972099,0,0,0,1,1,0,0,0,201,260,1309.15521504812,6462.59868478912,1
hard_M4_04.mat,910004,911404027,AlwaysVND,1500,1448,200,0,798,1.2199004,5231.63071883798,5218.7627263847,0,0,0,1,1,0,0,0,201,260,1415.88988591117,6462.59868478912,1
hard_M4_04.mat,910004,911404027,AlwaysVND,2500,2500,200,0,1482,1.370382,4525.18325731434,4514.40829383959,0,0,0,1,1,0,0,0,201,260,2122.3373474348,6462.59868478912,1
hard_M4_04.mat,910004,911404027,FB-CMPSO,500,491,200,0,171,1.1156735,5426.42473950459,5418.06425633747,0,0,0,1,1,0,0,0,201,260,1221.09586524455,6462.59868478912,1
hard_M4_04.mat,910004,911404027,FB-CMPSO,1000,926,200,0,456,1.1714166,5338.36538970102,5327.55048972099,0,0,0,1,1,0,0,0,201,260,1309.15521504812,6462.59868478912,1
hard_M4_04.mat,910004,911404027,FB-CMPSO,1500,1448,200,0,798,1.2342457,5231.63071883798,5218.7627263847,0,0,0,1,1,0,0,0,201,260,1415.88988591117,6462.59868478912,1
hard_M4_04.mat,910004,911404027,FB-CMPSO,2500,2500,200,0,1482,1.3650758,4525.18325731434,4514.40829383959,0,0,0,1,1,0,0,0,201,260,2122.3373474348,6462.59868478912,1
hard_M4_04.mat,910004,911404028,Repair,500,75,0,0,0,0.0070411,11882.5279815647,6149.41138095186,57.1756872931443,0,0,0,NaN,NaN,NaN,NaN,NaN,NaN,NaN,6462.59868478912,0
hard_M4_04.mat,910004,911404028,Repair,1000,75,0,0,0,0.0070411,11882.5279815647,6149.41138095186,57.1756872931443,0,0,0,NaN,NaN,NaN,NaN,NaN,NaN,NaN,6462.59868478912,0
hard_M4_04.mat,910004,911404028,Repair,1500,75,0,0,0,0.0070411,11882.5279815647,6149.41138095186,57.1756872931443,0,0,0,NaN,NaN,NaN,NaN,NaN,NaN,NaN,6462.59868478912,0
hard_M4_04.mat,910004,911404028,Repair,2500,75,0,0,0,0.0070411,11882.5279815647,6149.41138095186,57.1756872931443,0,0,0,NaN,NaN,NaN,NaN,NaN,NaN,NaN,6462.59868478912,0
hard_M4_04.mat,910004,911404028,WarmPSO,500,500,200,0,0,1.0444072,6799.46960018576,6780.21027040275,0,0,0,1,0,131.936117747981,0,0,290,NaN,NaN,6462.59868478912,1
hard_M4_04.mat,910004,911404028,WarmPSO,1000,980,200,0,0,1.091614,6709.39935302954,6694.50883781961,0,0,0,1,0,131.936117747981,0,0,290,NaN,NaN,6462.59868478912,1
hard_M4_04.mat,910004,911404028,WarmPSO,1500,1490,200,0,0,1.1379148,6224.85987017892,6208.43459436516,0,0,0,1,0,131.936117747981,0,0,290,NaN,NaN,6462.59868478912,1
hard_M4_04.mat,910004,911404028,WarmPSO,2500,2500,200,0,0,1.2352381,4831.52702666969,4821.02322279636,0,0,0,1,0,131.936117747981,0,0,290,NaN,NaN,6462.59868478912,1
hard_M4_04.mat,910004,911404028,AlwaysVND,500,491,200,0,171,1.0464787,6648.57771635315,6622.50105534656,0,0,0,1,0,131.936117747981,0,0,344,260,5997.85787391075,6462.59868478912,1
hard_M4_04.mat,910004,911404028,AlwaysVND,1000,926,200,0,456,1.0981385,5575.77950360099,5558.44038848947,0,0,0,1,0,131.936117747981,0,0,344,260,7070.6560866629,6462.59868478912,1
hard_M4_04.mat,910004,911404028,AlwaysVND,1500,1448,200,0,798,1.159078,4657.26605366192,4647.8311008275,0,0,0,1,0,131.936117747981,0,0,344,260,7989.16953660197,6462.59868478912,1
hard_M4_04.mat,910004,911404028,AlwaysVND,2500,2500,200,0,1482,1.2816843,4372.52000836402,4363.43977800777,0,0,0,1,0,131.936117747981,0,0,344,260,8273.91558189988,6462.59868478912,1
hard_M4_04.mat,910004,911404028,FB-CMPSO,500,453,200,19,114,1.0432379,5577.81203012766,5563.05670544165,0,0,0,1,0,131.936117747981,0,0,309,309,1825.10612575177,6462.59868478912,1
hard_M4_04.mat,910004,911404028,FB-CMPSO,1000,975,200,19,456,1.105772,4980.62688712541,4974.52444067904,0,0,0,1,0,131.936117747981,0,0,309,309,2422.29126875402,6462.59868478912,1
hard_M4_04.mat,910004,911404028,FB-CMPSO,1500,1497,200,19,798,1.1609812,4609.5740337753,4601.55191222801,0,0,0,1,0,131.936117747981,0,0,309,309,2793.34412210413,6462.59868478912,1
hard_M4_04.mat,910004,911404028,FB-CMPSO,2500,2500,200,19,1441,1.2755794,4566.02016008196,4556.8744643274,0,0,0,1,0,131.936117747981,0,0,309,309,2836.89799579747,6462.59868478912,1
hard_M4_04.mat,910004,911404029,Repair,500,75,0,0,0,0.0063785,11882.5279815647,6149.41138095186,57.1756872931443,0,0,0,NaN,NaN,NaN,NaN,NaN,NaN,NaN,6462.59868478912,0
hard_M4_04.mat,910004,911404029,Repair,1000,75,0,0,0,0.0063785,11882.5279815647,6149.41138095186,57.1756872931443,0,0,0,NaN,NaN,NaN,NaN,NaN,NaN,NaN,6462.59868478912,0
hard_M4_04.mat,910004,911404029,Repair,1500,75,0,0,0,0.0063785,11882.5279815647,6149.41138095186,57.1756872931443,0,0,0,NaN,NaN,NaN,NaN,NaN,NaN,NaN,6462.59868478912,0
hard_M4_04.mat,910004,911404029,Repair,2500,75,0,0,0,0.0063785,11882.5279815647,6149.41138095186,57.1756872931443,0,0,0,NaN,NaN,NaN,NaN,NaN,NaN,NaN,6462.59868478912,0
hard_M4_04.mat,910004,911404029,WarmPSO,500,500,200,0,0,1.0533264,6670.81600942711,6653.11852129428,0,0,0,1,0,26.9107985471286,0,0,267,NaN,NaN,6462.59868478912,1
hard_M4_04.mat,910004,911404029,WarmPSO,1000,980,200,0,0,1.0983253,5862.20267167306,5841.9418931259,0,0,0,1,0,26.9107985471286,0,0,267,NaN,NaN,6462.59868478912,1
hard_M4_04.mat,910004,911404029,WarmPSO,1500,1490,200,0,0,1.146915,5605.32591196344,5589.41313225251,0,0,0,1,0,26.9107985471286,0,0,267,NaN,NaN,6462.59868478912,1
hard_M4_04.mat,910004,911404029,WarmPSO,2500,2500,200,0,0,1.2443673,5605.32591196344,5589.41313225251,0,0,0,1,0,26.9107985471286,0,0,267,NaN,NaN,6462.59868478912,1
hard_M4_04.mat,910004,911404029,AlwaysVND,500,491,200,0,171,1.0544045,6383.7242728571,6365.19860092491,0,0,0,1,0,26.9107985471286,0,0,326,260,852.888951056459,6462.59868478912,1
hard_M4_04.mat,910004,911404029,AlwaysVND,1000,926,200,0,456,1.1010563,5670.88856658266,5654.07370694691,0,0,0,1,0,26.9107985471286,0,0,326,260,1565.72465733089,6462.59868478912,1
hard_M4_04.mat,910004,911404029,AlwaysVND,1500,1448,200,0,798,1.1588284,5423.76108052069,5405.82420953289,0,0,0,1,0,26.9107985471286,0,0,326,260,1812.85214339286,6462.59868478912,1
hard_M4_04.mat,910004,911404029,AlwaysVND,2500,2500,200,0,1482,1.2773844,4900.86837132906,4891.48403155222,0,0,0,1,0,26.9107985471286,0,0,326,260,2335.7448525845,6462.59868478912,1
hard_M4_04.mat,910004,911404029,FB-CMPSO,500,453,200,19,114,1.0499996,5505.66050820933,5491.23777573817,0,0,0,1,0,26.9107985471286,0,0,261,309,1017.53182269221,6462.59868478912,1
hard_M4_04.mat,910004,911404029,FB-CMPSO,1000,975,200,19,456,1.1048263,4969.92300483595,4957.13707464117,0,0,0,1,0,26.9107985471286,0,0,261,309,1553.2693260656,6462.59868478912,1
hard_M4_04.mat,910004,911404029,FB-CMPSO,1500,1497,200,19,798,1.1623831,4665.55081998963,4653.11226003506,0,0,0,1,0,26.9107985471286,0,0,261,309,1857.64151091191,6462.59868478912,1
hard_M4_04.mat,910004,911404029,FB-CMPSO,2500,2500,200,19,1441,1.2705215,4527.9570421265,4516.90875707904,0,0,0,1,0,26.9107985471286,0,0,261,309,1995.23528877504,6462.59868478912,1
hard_M4_04.mat,910004,911404030,Repair,500,75,0,0,0,0.0070712,11882.5279815647,6149.41138095186,57.1756872931443,0,0,0,NaN,NaN,NaN,NaN,NaN,NaN,NaN,6462.59868478912,0
hard_M4_04.mat,910004,911404030,Repair,1000,75,0,0,0,0.0070712,11882.5279815647,6149.41138095186,57.1756872931443,0,0,0,NaN,NaN,NaN,NaN,NaN,NaN,NaN,6462.59868478912,0
hard_M4_04.mat,910004,911404030,Repair,1500,75,0,0,0,0.0070712,11882.5279815647,6149.41138095186,57.1756872931443,0,0,0,NaN,NaN,NaN,NaN,NaN,NaN,NaN,6462.59868478912,0
hard_M4_04.mat,910004,911404030,Repair,2500,75,0,0,0,0.0070712,11882.5279815647,6149.41138095186,57.1756872931443,0,0,0,NaN,NaN,NaN,NaN,NaN,NaN,NaN,6462.59868478912,0
hard_M4_04.mat,910004,911404030,WarmPSO,500,500,200,0,0,1.0443906,6770.15880633413,6752.07760399569,0,0,0,1,0,68.7878432044613,0,0,297,NaN,NaN,6462.59868478912,1
hard_M4_04.mat,910004,911404030,WarmPSO,1000,980,200,0,0,1.0956992,6363.67821137885,6347.09123992947,0,0,0,1,0,68.7878432044613,0,0,297,NaN,NaN,6462.59868478912,1
hard_M4_04.mat,910004,911404030,WarmPSO,1500,1490,200,0,0,1.1442666,6242.66939173925,6229.99112655979,0,0,0,1,0,68.7878432044613,0,0,297,NaN,NaN,6462.59868478912,1
hard_M4_04.mat,910004,911404030,WarmPSO,2500,2500,200,0,0,1.2451544,5881.30905319969,5869.0535085589,0,0,0,1,0,68.7878432044613,0,0,297,NaN,NaN,6462.59868478912,1
hard_M4_04.mat,910004,911404030,AlwaysVND,500,491,200,0,171,1.0443836,6306.1815463606,6292.90786229218,0,0,0,1,0,68.7878432044613,0,0,281,260,2475.9860278723,6462.59868478912,1
hard_M4_04.mat,910004,911404030,AlwaysVND,1000,926,200,0,456,1.0929495,5467.83345626559,5457.18781874789,0,0,0,1,0,68.7878432044613,0,0,281,260,3314.33411796731,6462.59868478912,1
hard_M4_04.mat,910004,911404030,AlwaysVND,1500,1448,200,0,798,1.148271,5221.12300708071,5209.65213216295,0,0,0,1,0,68.7878432044613,0,0,281,260,3561.04456715219,6462.59868478912,1
hard_M4_04.mat,910004,911404030,AlwaysVND,2500,2500,200,0,1482,1.2732575,4579.23343127052,4568.63252132175,0,0,0,1,0,68.7878432044613,0,0,281,260,4202.93414296238,6462.59868478912,1
hard_M4_04.mat,910004,911404030,FB-CMPSO,500,453,200,19,114,1.0404043,6966.15630471841,6945.19075337305,0,0,0,1,0,68.7878432044613,0,0,294,309,3713.60325525808,6462.59868478912,1
hard_M4_04.mat,910004,911404030,FB-CMPSO,1000,975,200,19,456,1.098455,5362.07828913301,5351.70683173857,0,0,0,1,0,68.7878432044613,0,0,294,309,5317.68127084348,6462.59868478912,1
hard_M4_04.mat,910004,911404030,FB-CMPSO,1500,1497,200,19,798,1.1575905,5117.0063321031,5107.41995861163,0,0,0,1,0,68.7878432044613,0,0,294,309,5562.75322787339,6462.59868478912,1
hard_M4_04.mat,910004,911404030,FB-CMPSO,2500,2500,200,19,1441,1.2701624,4599.6235585807,4592.4995687249,0,0,0,1,0,68.7878432044613,0,0,294,309,6080.13600139579,6462.59868478912,1
hard_M4_05.mat,910005,911405001,Repair,500,75,0,0,0,0.0069565,6722.4456915096,6707.36053005244,0,0,0,1,NaN,NaN,NaN,NaN,NaN,NaN,NaN,5992.30372391193,0
hard_M4_05.mat,910005,911405001,Repair,1000,75,0,0,0,0.0069565,6722.4456915096,6707.36053005244,0,0,0,1,NaN,NaN,NaN,NaN,NaN,NaN,NaN,5992.30372391193,0
hard_M4_05.mat,910005,911405001,Repair,1500,75,0,0,0,0.0069565,6722.4456915096,6707.36053005244,0,0,0,1,NaN,NaN,NaN,NaN,NaN,NaN,NaN,5992.30372391193,0
hard_M4_05.mat,910005,911405001,Repair,2500,75,0,0,0,0.0069565,6722.4456915096,6707.36053005244,0,0,0,1,NaN,NaN,NaN,NaN,NaN,NaN,NaN,5992.30372391193,0
hard_M4_05.mat,910005,911405001,WarmPSO,500,500,200,0,0,1.0439919,8157.11742800136,8136.78133211602,0,0,0,1,0,73.7574486303468,0,0,292,NaN,NaN,5992.30372391193,0
hard_M4_05.mat,910005,911405001,WarmPSO,1000,980,200,0,0,1.0888969,6841.67777862464,6826.59261716748,0,0,0,1,0,73.7574486303468,0,0,292,NaN,NaN,5992.30372391193,0
hard_M4_05.mat,910005,911405001,WarmPSO,1500,1490,200,0,0,1.1377717,6807.51049305765,6789.12755094776,0,0,0,1,0,73.7574486303468,0,0,292,NaN,NaN,5992.30372391193,0
hard_M4_05.mat,910005,911405001,WarmPSO,2500,2500,200,0,0,1.2392149,6696.31854816329,6679.66130649991,0,0,0,1,0,73.7574486303468,0,0,292,NaN,NaN,5992.30372391193,1
hard_M4_05.mat,910005,911405001,AlwaysVND,500,491,200,0,171,1.0459174,6629.71371142579,6611.51573414319,0,0,0,1,0,73.7574486303468,0,0,404,260,849.280532708288,5992.30372391193,1
hard_M4_05.mat,910005,911405001,AlwaysVND,1000,926,200,0,456,1.0940813,5589.33094368768,5576.64329218195,0,0,0,1,0,73.7574486303468,0,0,404,260,1889.6633004464,5992.30372391193,1
hard_M4_05.mat,910005,911405001,AlwaysVND,1500,1448,200,0,798,1.1562365,5589.33094368768,5576.64329218195,0,0,0,1,0,73.7574486303468,0,0,404,260,1889.6633004464,5992.30372391193,1
hard_M4_05.mat,910005,911405001,AlwaysVND,2500,2500,200,0,1482,1.2771348,5291.83170828436,5279.84758192108,0,0,0,1,0,73.7574486303468,0,0,404,260,2187.16253584972,5992.30372391193,1
hard_M4_05.mat,910005,911405001,FB-CMPSO,500,453,200,19,114,1.0416789,7108.88240208612,7087.34766934679,0,0,0,1,0,73.7574486303468,0,0,270,309,0,5992.30372391193,0
hard_M4_05.mat,910005,911405001,FB-CMPSO,1000,975,200,19,456,1.098012,5856.06415419856,5843.25880746499,0,0,0,1,0,73.7574486303468,0,0,270,309,1252.81824788756,5992.30372391193,1
hard_M4_05.mat,910005,911405001,FB-CMPSO,1500,1497,200,19,798,1.1540242,5721.68761002388,5710.66051304333,0,0,0,1,0,73.7574486303468,0,0,270,309,1387.19479206225,5992.30372391193,1
hard_M4_05.mat,910005,911405001,FB-CMPSO,2500,2500,200,19,1441,1.2653838,5674.63387960142,5660.89264765836,0,0,0,1,0,73.7574486303468,0,0,270,309,1434.2485224847,5992.30372391193,1
hard_M4_05.mat,910005,911405002,Repair,500,75,0,0,0,0.0063834,6722.4456915096,6707.36053005244,0,0,0,1,NaN,NaN,NaN,NaN,NaN,NaN,NaN,5992.30372391193,0
hard_M4_05.mat,910005,911405002,Repair,1000,75,0,0,0,0.0063834,6722.4456915096,6707.36053005244,0,0,0,1,NaN,NaN,NaN,NaN,NaN,NaN,NaN,5992.30372391193,0
hard_M4_05.mat,910005,911405002,Repair,1500,75,0,0,0,0.0063834,6722.4456915096,6707.36053005244,0,0,0,1,NaN,NaN,NaN,NaN,NaN,NaN,NaN,5992.30372391193,0
hard_M4_05.mat,910005,911405002,Repair,2500,75,0,0,0,0.0063834,6722.4456915096,6707.36053005244,0,0,0,1,NaN,NaN,NaN,NaN,NaN,NaN,NaN,5992.30372391193,0
hard_M4_05.mat,910005,911405002,WarmPSO,500,500,200,0,0,1.0336866,7857.74588286728,7831.41457561563,0,0,0,1,0,146.931442424882,0,0,234,NaN,NaN,5992.30372391193,0
hard_M4_05.mat,910005,911405002,WarmPSO,1000,980,200,0,0,1.0774436,7108.88240208612,7087.34766934679,0,0,0,1,0,146.931442424882,0,0,234,NaN,NaN,5992.30372391193,0
hard_M4_05.mat,910005,911405002,WarmPSO,1500,1490,200,0,0,1.1259518,6722.4456915096,6707.36053005244,0,0,0,1,0,146.931442424882,0,0,234,NaN,NaN,5992.30372391193,0
hard_M4_05.mat,910005,911405002,WarmPSO,2500,2500,200,0,0,1.2166659,6722.4456915096,6707.36053005244,0,0,0,1,0,146.931442424882,0,0,234,NaN,NaN,5992.30372391193,0
hard_M4_05.mat,910005,911405002,AlwaysVND,500,491,200,0,171,1.0330834,7487.15600678181,7464.07718345584,0,0,0,1,0,146.931442424882,0,0,234,260,1419.32824209074,5992.30372391193,0
hard_M4_05.mat,910005,911405002,AlwaysVND,1000,926,200,0,456,1.0783752,6749.95084126139,6727.5981995852,0,0,0,1,0,146.931442424882,0,0,234,260,2156.53340761117,5992.30372391193,0
hard_M4_05.mat,910005,911405002,AlwaysVND,1500,1448,200,0,798,1.1361481,6407.79951343184,6388.82195334262,0,0,0,1,0,146.931442424882,0,0,234,260,2498.68473544071,5992.30372391193,1
hard_M4_05.mat,910005,911405002,AlwaysVND,2500,2500,200,0,1482,1.2501464,5505.69755170057,5491.09875699215,0,0,0,1,0,146.931442424882,0,0,234,260,3400.78669717199,5992.30372391193,1
hard_M4_05.mat,910005,911405002,FB-CMPSO,500,491,200,0,171,1.0340109,7487.15600678181,7464.07718345584,0,0,0,1,0,146.931442424882,0,0,234,260,1419.32824209074,5992.30372391193,0
hard_M4_05.mat,910005,911405002,FB-CMPSO,1000,926,200,0,456,1.077914,6749.95084126139,6727.5981995852,0,0,0,1,0,146.931442424882,0,0,234,260,2156.53340761117,5992.30372391193,0
hard_M4_05.mat,910005,911405002,FB-CMPSO,1500,1448,200,0,798,1.1315827,6407.79951343184,6388.82195334262,0,0,0,1,0,146.931442424882,0,0,234,260,2498.68473544071,5992.30372391193,1
hard_M4_05.mat,910005,911405002,FB-CMPSO,2500,2500,200,0,1482,1.2487961,5505.69755170057,5491.09875699215,0,0,0,1,0,146.931442424882,0,0,234,260,3400.78669717199,5992.30372391193,1
hard_M4_05.mat,910005,911405003,Repair,500,75,0,0,0,0.0070055,6722.4456915096,6707.36053005244,0,0,0,1,NaN,NaN,NaN,NaN,NaN,NaN,NaN,5992.30372391193,0
hard_M4_05.mat,910005,911405003,Repair,1000,75,0,0,0,0.0070055,6722.4456915096,6707.36053005244,0,0,0,1,NaN,NaN,NaN,NaN,NaN,NaN,NaN,5992.30372391193,0
hard_M4_05.mat,910005,911405003,Repair,1500,75,0,0,0,0.0070055,6722.4456915096,6707.36053005244,0,0,0,1,NaN,NaN,NaN,NaN,NaN,NaN,NaN,5992.30372391193,0
hard_M4_05.mat,910005,911405003,Repair,2500,75,0,0,0,0.0070055,6722.4456915096,6707.36053005244,0,0,0,1,NaN,NaN,NaN,NaN,NaN,NaN,NaN,5992.30372391193,0
hard_M4_05.mat,910005,911405003,WarmPSO,500,500,200,0,0,1.03872,7856.63852242302,7836.87576660488,0,0,0,1,0,183.457317197163,0,0,308,NaN,NaN,5992.30372391193,0
hard_M4_05.mat,910005,911405003,WarmPSO,1000,980,200,0,0,1.0902755,7543.79010384112,7530.06622741142,0,0,0,1,0,183.457317197163,0,0,308,NaN,NaN,5992.30372391193,0
hard_M4_05.mat,910005,911405003,WarmPSO,1500,1490,200,0,0,1.1357265,7195.39590139894,7174.12699051205,0,0,0,1,0,183.457317197163,0,0,308,NaN,NaN,5992.30372391193,0
hard_M4_05.mat,910005,911405003,WarmPSO,2500,2500,200,0,0,1.223205,7087.63116454195,7070.80982400335,0,0,0,1,0,183.457317197163,0,0,308,NaN,NaN,5992.30372391193,0
hard_M4_05.mat,910005,911405003,AlwaysVND,500,491,200,0,171,1.0321543,7755.8301807743,7735.9320848108,0,0,0,1,0,183.457317197163,0,0,262,260,864.33159425655,5992.30372391193,0
hard_M4_05.mat,910005,911405003,AlwaysVND,1000,926,200,0,456,1.0806798,6238.44524108108,6224.56607277566,0,0,0,1,0,183.457317197163,0,0,262,260,2381.71653394977,5992.30372391193,1
hard_M4_05.mat,910005,911405003,AlwaysVND,1500,1448,200,0,798,1.1377275,6136.51173711693,6125.07262413022,0,0,0,1,0,183.457317197163,0,0,262,260,2483.65003791392,5992.30372391193,1
hard_M4_05.mat,910005,911405003,AlwaysVND,2500,2500,200,0,1482,1.2513562,6028.37603232661,6016.92498769099,0,0,0,1,0,183.457317197163,0,0,262,260,2591.78574270425,5992.30372391193,1
hard_M4_05.mat,910005,911405003,FB-CMPSO,500,453,200,19,114,1.0283301,6425.14370168363,6415.45388696175,0,0,0,1,0,183.457317197163,0,0,267,309,1403.30774555504,5992.30372391193,1
hard_M4_05.mat,910005,911405003,FB-CMPSO,1000,975,200,19,456,1.0824169,5975.43511891138,5964.0016593199,0,0,0,1,0,183.457317197163,0,0,267,309,1853.01632832729,5992.30372391193,1
hard_M4_05.mat,910005,911405003,FB-CMPSO,1500,1497,200,19,798,1.1388384,5682.60119815694,5670.41828127086,0,0,0,1,0,183.457317197163,0,0,267,309,2145.85024908173,5992.30372391193,1
hard_M4_05.mat,910005,911405003,FB-CMPSO,2500,2500,200,19,1441,1.2559345,4965.78220385513,4955.33502417421,0,0,0,1,0,183.457317197163,0,0,267,309,2862.66924338354,5992.30372391193,1
hard_M4_05.mat,910005,911405004,Repair,500,75,0,0,0,0.0065735,6722.4456915096,6707.36053005244,0,0,0,1,NaN,NaN,NaN,NaN,NaN,NaN,NaN,5992.30372391193,0
hard_M4_05.mat,910005,911405004,Repair,1000,75,0,0,0,0.0065735,6722.4456915096,6707.36053005244,0,0,0,1,NaN,NaN,NaN,NaN,NaN,NaN,NaN,5992.30372391193,0
hard_M4_05.mat,910005,911405004,Repair,1500,75,0,0,0,0.0065735,6722.4456915096,6707.36053005244,0,0,0,1,NaN,NaN,NaN,NaN,NaN,NaN,NaN,5992.30372391193,0
hard_M4_05.mat,910005,911405004,Repair,2500,75,0,0,0,0.0065735,6722.4456915096,6707.36053005244,0,0,0,1,NaN,NaN,NaN,NaN,NaN,NaN,NaN,5992.30372391193,0
hard_M4_05.mat,910005,911405004,WarmPSO,500,500,200,0,0,1.0376626,8248.28868689242,8218.95017512325,0,0,0,1,0,14.047729898553,0,0,232,NaN,NaN,5992.30372391193,0
hard_M4_05.mat,910005,911405004,WarmPSO,1000,980,200,0,0,1.0849612,6959.36812079754,6940.80933350476,0,0,0,1,0,14.047729898553,0,0,232,NaN,NaN,5992.30372391193,0
hard_M4_05.mat,910005,911405004,WarmPSO,1500,1490,200,0,0,1.1304392,6935.59360155477,6919.65534875289,0,0,0,1,0,14.047729898553,0,0,232,NaN,NaN,5992.30372391193,0
hard_M4_05.mat,910005,911405004,WarmPSO,2500,2500,200,0,0,1.2266399,6722.4456915096,6707.36053005244,0,0,0,1,0,14.047729898553,0,0,232,NaN,NaN,5992.30372391193,0
hard_M4_05.mat,910005,911405004,AlwaysVND,500,491,200,0,171,1.03946,7204.21658580368,7187.50056097042,0,0,0,1,0,14.047729898553,0,0,232,260,1073.45360622893,5992.30372391193,0
hard_M4_05.mat,910005,911405004,AlwaysVND,1000,926,200,0,456,1.0823292,6500.14543148958,6484.22309598574,0,0,0,1,0,14.047729898553,0,0,232,260,1777.52476054302,5992.30372391193,1
hard_M4_05.mat,910005,911405004,AlwaysVND,1500,1448,200,0,798,1.1352828,6003.16666467944,5983.43912288471,0,0,0,1,0,14.047729898553,0,0,232,260,2274.50352735316,5992.30372391193,1
hard_M4_05.mat,910005,911405004,AlwaysVND,2500,2500,200,0,1482,1.2441793,5505.69755170057,5491.09875699215,0,0,0,1,0,14.047729898553,0,0,232,260,2771.97264033204,5992.30372391193,1
hard_M4_05.mat,910005,911405004,FB-CMPSO,500,491,200,0,171,1.0367873,7204.21658580368,7187.50056097042,0,0,0,1,0,14.047729898553,0,0,232,260,1073.45360622893,5992.30372391193,0
hard_M4_05.mat,910005,911405004,FB-CMPSO,1000,926,200,0,456,1.0793887,6500.14543148958,6484.22309598574,0,0,0,1,0,14.047729898553,0,0,232,260,1777.52476054302,5992.30372391193,1
hard_M4_05.mat,910005,911405004,FB-CMPSO,1500,1448,200,0,798,1.1334081,6003.16666467944,5983.43912288471,0,0,0,1,0,14.047729898553,0,0,232,260,2274.50352735316,5992.30372391193,1
hard_M4_05.mat,910005,911405004,FB-CMPSO,2500,2500,200,0,1482,1.2446704,5505.69755170057,5491.09875699215,0,0,0,1,0,14.047729898553,0,0,232,260,2771.97264033204,5992.30372391193,1
hard_M4_05.mat,910005,911405005,Repair,500,75,0,0,0,0.0062321,6722.4456915096,6707.36053005244,0,0,0,1,NaN,NaN,NaN,NaN,NaN,NaN,NaN,5992.30372391193,0
hard_M4_05.mat,910005,911405005,Repair,1000,75,0,0,0,0.0062321,6722.4456915096,6707.36053005244,0,0,0,1,NaN,NaN,NaN,NaN,NaN,NaN,NaN,5992.30372391193,0
hard_M4_05.mat,910005,911405005,Repair,1500,75,0,0,0,0.0062321,6722.4456915096,6707.36053005244,0,0,0,1,NaN,NaN,NaN,NaN,NaN,NaN,NaN,5992.30372391193,0
hard_M4_05.mat,910005,911405005,Repair,2500,75,0,0,0,0.0062321,6722.4456915096,6707.36053005244,0,0,0,1,NaN,NaN,NaN,NaN,NaN,NaN,NaN,5992.30372391193,0
hard_M4_05.mat,910005,911405005,WarmPSO,500,500,200,0,0,1.0261315,8867.86589752935,8839.10551397394,0,0,0,1,1,0,0,0,201,NaN,NaN,5992.30372391193,0
hard_M4_05.mat,910005,911405005,WarmPSO,1000,980,200,0,0,1.0699372,8117.35119428339,8094.40834063049,0,0,0,1,1,0,0,0,201,NaN,NaN,5992.30372391193,0
hard_M4_05.mat,910005,911405005,WarmPSO,1500,1490,200,0,0,1.1138075,8117.35119428339,8094.40834063049,0,0,0,1,1,0,0,0,201,NaN,NaN,5992.30372391193,0
hard_M4_05.mat,910005,911405005,WarmPSO,2500,2500,200,0,0,1.2027542,8085.55591091678,8067.40491289346,0,0,0,1,1,0,0,0,201,NaN,NaN,5992.30372391193,0
hard_M4_05.mat,910005,911405005,AlwaysVND,500,491,200,0,171,1.0301351,7701.79083313002,7680.13147628745,0,0,0,1,1,0,0,0,201,260,1497.55644996131,5992.30372391193,0
hard_M4_05.mat,910005,911405005,AlwaysVND,1000,926,200,0,456,1.0746751,7446.8763986408,7425.89799441497,0,0,0,1,1,0,0,0,201,260,1752.47088445052,5992.30372391193,0
hard_M4_05.mat,910005,911405005,AlwaysVND,1500,1448,200,0,798,1.1318147,6151.35697636863,6137.79040653637,0,0,0,1,1,0,0,0,201,260,3047.9903067227,5992.30372391193,1
hard_M4_05.mat,910005,911405005,AlwaysVND,2500,2500,200,0,1482,1.246304,5931.75424258235,5918.44952211556,0,0,0,1,1,0,0,0,201,260,3267.59304050897,5992.30372391193,1
hard_M4_05.mat,910005,911405005,FB-CMPSO,500,491,200,0,171,1.0264461,7701.79083313002,7680.13147628745,0,0,0,1,1,0,0,0,201,260,1497.55644996131,5992.30372391193,0
hard_M4_05.mat,910005,911405005,FB-CMPSO,1000,926,200,0,456,1.0746679,7446.8763986408,7425.89799441497,0,0,0,1,1,0,0,0,201,260,1752.47088445052,5992.30372391193,0
hard_M4_05.mat,910005,911405005,FB-CMPSO,1500,1448,200,0,798,1.1309649,6151.35697636863,6137.79040653637,0,0,0,1,1,0,0,0,201,260,3047.9903067227,5992.30372391193,1
hard_M4_05.mat,910005,911405005,FB-CMPSO,2500,2500,200,0,1482,1.2438029,5931.75424258235,5918.44952211556,0,0,0,1,1,0,0,0,201,260,3267.59304050897,5992.30372391193,1
hard_M4_05.mat,910005,911405006,Repair,500,75,0,0,0,0.0070675,6722.4456915096,6707.36053005244,0,0,0,1,NaN,NaN,NaN,NaN,NaN,NaN,NaN,5992.30372391193,0
hard_M4_05.mat,910005,911405006,Repair,1000,75,0,0,0,0.0070675,6722.4456915096,6707.36053005244,0,0,0,1,NaN,NaN,NaN,NaN,NaN,NaN,NaN,5992.30372391193,0
hard_M4_05.mat,910005,911405006,Repair,1500,75,0,0,0,0.0070675,6722.4456915096,6707.36053005244,0,0,0,1,NaN,NaN,NaN,NaN,NaN,NaN,NaN,5992.30372391193,0
hard_M4_05.mat,910005,911405006,Repair,2500,75,0,0,0,0.0070675,6722.4456915096,6707.36053005244,0,0,0,1,NaN,NaN,NaN,NaN,NaN,NaN,NaN,5992.30372391193,0
hard_M4_05.mat,910005,911405006,WarmPSO,500,500,200,0,0,1.0310599,6722.76791051832,6703.01200236201,0,0,0,1,0,65.6010420709385,0,0,239,NaN,NaN,5992.30372391193,0
hard_M4_05.mat,910005,911405006,WarmPSO,1000,980,200,0,0,1.0774642,6722.4456915096,6707.36053005244,0,0,0,1,0,65.6010420709385,0,0,239,NaN,NaN,5992.30372391193,0
hard_M4_05.mat,910005,911405006,WarmPSO,1500,1490,200,0,0,1.1264722,6722.4456915096,6707.36053005244,0,0,0,1,0,65.6010420709385,0,0,239,NaN,NaN,5992.30372391193,0
hard_M4_05.mat,910005,911405006,WarmPSO,2500,2500,200,0,0,1.2342583,6722.4456915096,6707.36053005244,0,0,0,1,0,65.6010420709385,0,0,239,NaN,NaN,5992.30372391193,0
hard_M4_05.mat,910005,911405006,AlwaysVND,500,491,200,0,171,1.0318358,6736.48929651713,6716.17602398123,0,0,0,1,0,65.6010420709385,0,0,239,260,259.14008497028,5992.30372391193,0
hard_M4_05.mat,910005,911405006,AlwaysVND,1000,926,200,0,456,1.0769975,6355.77461285622,6340.14596439788,0,0,0,1,0,65.6010420709385,0,0,239,260,639.854768631191,5992.30372391193,1
hard_M4_05.mat,910005,911405006,AlwaysVND,1500,1448,200,0,798,1.1323338,6295.63602415547,6282.89067034826,0,0,0,1,0,65.6010420709385,0,0,239,260,699.993357331944,5992.30372391193,1
hard_M4_05.mat,910005,911405006,AlwaysVND,2500,2500,200,0,1482,1.2518721,6023.64214255489,6010.41396444767,0,0,0,1,0,65.6010420709385,0,0,239,260,971.987238932524,5992.30372391193,1
hard_M4_05.mat,910005,911405006,FB-CMPSO,500,491,200,0,171,1.0373306,6736.48929651713,6716.17602398123,0,0,0,1,0,65.6010420709385,0,0,239,260,259.14008497028,5992.30372391193,0
hard_M4_05.mat,910005,911405006,FB-CMPSO,1000,926,200,0,456,1.0854505,6355.77461285622,6340.14596439788,0,0,0,1,0,65.6010420709385,0,0,239,260,639.854768631191,5992.30372391193,1
hard_M4_05.mat,910005,911405006,FB-CMPSO,1500,1448,200,0,798,1.1435211,6295.63602415547,6282.89067034826,0,0,0,1,0,65.6010420709385,0,0,239,260,699.993357331944,5992.30372391193,1
hard_M4_05.mat,910005,911405006,FB-CMPSO,2500,2500,200,0,1482,1.2596118,6023.64214255489,6010.41396444767,0,0,0,1,0,65.6010420709385,0,0,239,260,971.987238932524,5992.30372391193,1
hard_M4_05.mat,910005,911405007,Repair,500,75,0,0,0,0.0065359,6722.4456915096,6707.36053005244,0,0,0,1,NaN,NaN,NaN,NaN,NaN,NaN,NaN,5992.30372391193,0
hard_M4_05.mat,910005,911405007,Repair,1000,75,0,0,0,0.0065359,6722.4456915096,6707.36053005244,0,0,0,1,NaN,NaN,NaN,NaN,NaN,NaN,NaN,5992.30372391193,0
hard_M4_05.mat,910005,911405007,Repair,1500,75,0,0,0,0.0065359,6722.4456915096,6707.36053005244,0,0,0,1,NaN,NaN,NaN,NaN,NaN,NaN,NaN,5992.30372391193,0
hard_M4_05.mat,910005,911405007,Repair,2500,75,0,0,0,0.0065359,6722.4456915096,6707.36053005244,0,0,0,1,NaN,NaN,NaN,NaN,NaN,NaN,NaN,5992.30372391193,0
hard_M4_05.mat,910005,911405007,WarmPSO,500,500,200,0,0,1.0659362,7425.06866642353,7406.04476412372,0,0,0,1,0,180.491122694609,0,0,261,NaN,NaN,5992.30372391193,0
hard_M4_05.mat,910005,911405007,WarmPSO,1000,980,200,0,0,1.1194386,7281.53610571718,7261.68669299215,0,0,0,1,0,180.491122694609,0,0,261,NaN,NaN,5992.30372391193,0
hard_M4_05.mat,910005,911405007,WarmPSO,1500,1490,200,0,0,1.1721381,6846.93334076039,6830.40382622358,0,0,0,1,0,180.491122694609,0,0,261,NaN,NaN,5992.30372391193,0
hard_M4_05.mat,910005,911405007,WarmPSO,2500,2500,200,0,0,1.2760297,6802.49476902565,6786.79313954376,0,0,0,1,0,180.491122694609,0,0,261,NaN,NaN,5992.30372391193,0
hard_M4_05.mat,910005,911405007,AlwaysVND,500,491,200,0,171,1.0666665,7343.76105445296,7324.15532776975,0,0,0,1,0,180.491122694609,0,0,293,260,576.448552186022,5992.30372391193,0
hard_M4_05.mat,910005,911405007,AlwaysVND,1000,926,200,0,456,1.1191399,6986.8399125178,6967.73681171143,0,0,0,1,0,180.491122694609,0,0,293,260,933.369694121179,5992.30372391193,0
hard_M4_05.mat,910005,911405007,AlwaysVND,1500,1448,200,0,798,1.1808887,6405.85568107304,6390.45092835948,0,0,0,1,0,180.491122694609,0,0,293,260,1514.35392556594,5992.30372391193,1
hard_M4_05.mat,910005,911405007,AlwaysVND,2500,2500,200,0,1482,1.3041457,5919.27255426473,5904.33050067169,0,0,0,1,0,180.491122694609,0,0,293,260,2000.93705237425,5992.30372391193,1
hard_M4_05.mat,910005,911405007,FB-CMPSO,500,453,200,19,114,1.0638607,6870.51313612607,6860.61832289164,0,0,0,1,0,180.491122694609,0,0,272,309,679.584628464953,5992.30372391193,0
hard_M4_05.mat,910005,911405007,FB-CMPSO,1000,975,200,19,456,1.1211825,6281.32849257874,6263.47878031618,0,0,0,1,0,180.491122694609,0,0,272,309,1268.76927201229,5992.30372391193,1
hard_M4_05.mat,910005,911405007,FB-CMPSO,1500,1497,200,19,798,1.1807897,6066.902870888,6051.4478764032,0,0,0,1,0,180.491122694609,0,0,272,309,1483.19489370303,5992.30372391193,1
hard_M4_05.mat,910005,911405007,FB-CMPSO,2500,2500,200,19,1441,1.3048534,4918.72847343267,4905.56715878924,0,0,0,1,0,180.491122694609,0,0,272,309,2631.36929115835,5992.30372391193,1
hard_M4_05.mat,910005,911405008,Repair,500,75,0,0,0,0.006337,6722.4456915096,6707.36053005244,0,0,0,1,NaN,NaN,NaN,NaN,NaN,NaN,NaN,5992.30372391193,0
hard_M4_05.mat,910005,911405008,Repair,1000,75,0,0,0,0.006337,6722.4456915096,6707.36053005244,0,0,0,1,NaN,NaN,NaN,NaN,NaN,NaN,NaN,5992.30372391193,0
hard_M4_05.mat,910005,911405008,Repair,1500,75,0,0,0,0.006337,6722.4456915096,6707.36053005244,0,0,0,1,NaN,NaN,NaN,NaN,NaN,NaN,NaN,5992.30372391193,0
hard_M4_05.mat,910005,911405008,Repair,2500,75,0,0,0,0.006337,6722.4456915096,6707.36053005244,0,0,0,1,NaN,NaN,NaN,NaN,NaN,NaN,NaN,5992.30372391193,0
hard_M4_05.mat,910005,911405008,WarmPSO,500,500,200,0,0,1.0360712,7401.18209189808,7383.97369974393,0,0,0,1,1,0,0,0,201,NaN,NaN,5992.30372391193,0
hard_M4_05.mat,910005,911405008,WarmPSO,1000,980,200,0,0,1.0782655,6722.76791051832,6703.01200236201,0,0,0,1,1,0,0,0,201,NaN,NaN,5992.30372391193,0
hard_M4_05.mat,910005,911405008,WarmPSO,1500,1490,200,0,0,1.1234933,6722.4456915096,6707.36053005244,0,0,0,1,1,0,0,0,201,NaN,NaN,5992.30372391193,0
hard_M4_05.mat,910005,911405008,WarmPSO,2500,2500,200,0,0,1.2183856,6722.4456915096,6707.36053005244,0,0,0,1,1,0,0,0,201,NaN,NaN,5992.30372391193,0
hard_M4_05.mat,910005,911405008,AlwaysVND,500,491,200,0,171,1.0356009,6998.1837770666,6980.38977493371,0,0,0,1,1,0,0,0,201,260,1116.48928448044,5992.30372391193,0
hard_M4_05.mat,910005,911405008,AlwaysVND,1000,926,200,0,456,1.0806073,6643.17657810905,6623.56439882469,0,0,0,1,1,0,0,0,201,260,1471.496483438,5992.30372391193,1
hard_M4_05.mat,910005,911405008,AlwaysVND,1500,1448,200,0,798,1.140795,5675.32957838187,5659.24683031924,0,0,0,1,1,0,0,0,201,260,2439.34348316517,5992.30372391193,1
hard_M4_05.mat,910005,911405008,AlwaysVND,2500,2500,200,0,1482,1.2754389,5609.63366728398,5597.12868290337,0,0,0,1,1,0,0,0,201,260,2505.03939426306,5992.30372391193,1
hard_M4_05.mat,910005,911405008,FB-CMPSO,500,491,200,0,171,1.0371319,6998.1837770666,6980.38977493371,0,0,0,1,1,0,0,0,201,260,1116.48928448044,5992.30372391193,0
hard_M4_05.mat,910005,911405008,FB-CMPSO,1000,926,200,0,456,1.0881475,6643.17657810905,6623.56439882469,0,0,0,1,1,0,0,0,201,260,1471.496483438,5992.30372391193,1
hard_M4_05.mat,910005,911405008,FB-CMPSO,1500,1448,200,0,798,1.147206,5675.32957838187,5659.24683031924,0,0,0,1,1,0,0,0,201,260,2439.34348316517,5992.30372391193,1
hard_M4_05.mat,910005,911405008,FB-CMPSO,2500,2500,200,0,1482,1.334414,5609.63366728398,5597.12868290337,0,0,0,1,1,0,0,0,201,260,2505.03939426306,5992.30372391193,1
hard_M4_05.mat,910005,911405009,Repair,500,75,0,0,0,0.0060269,6722.4456915096,6707.36053005244,0,0,0,1,NaN,NaN,NaN,NaN,NaN,NaN,NaN,5992.30372391193,0
hard_M4_05.mat,910005,911405009,Repair,1000,75,0,0,0,0.0060269,6722.4456915096,6707.36053005244,0,0,0,1,NaN,NaN,NaN,NaN,NaN,NaN,NaN,5992.30372391193,0
hard_M4_05.mat,910005,911405009,Repair,1500,75,0,0,0,0.0060269,6722.4456915096,6707.36053005244,0,0,0,1,NaN,NaN,NaN,NaN,NaN,NaN,NaN,5992.30372391193,0
hard_M4_05.mat,910005,911405009,Repair,2500,75,0,0,0,0.0060269,6722.4456915096,6707.36053005244,0,0,0,1,NaN,NaN,NaN,NaN,NaN,NaN,NaN,5992.30372391193,0
hard_M4_05.mat,910005,911405009,WarmPSO,500,500,200,0,0,1.1029152,9486.60534879106,9461.35746161367,0,0,0,1,0,240.176905621161,0,0,292,NaN,NaN,5992.30372391193,0
hard_M4_05.mat,910005,911405009,WarmPSO,1000,980,200,0,0,1.1496214,9224.17368194786,9197.97024145327,0,0,0,1,0,240.176905621161,0,0,292,NaN,NaN,5992.30372391193,0
hard_M4_05.mat,910005,911405009,WarmPSO,1500,1490,200,0,0,1.1960744,8749.21741250528,8722.13947447913,0,0,0,1,0,240.176905621161,0,0,292,NaN,NaN,5992.30372391193,0
hard_M4_05.mat,910005,911405009,WarmPSO,2500,2500,200,0,0,1.2877054,8286.86611056782,8266.2484767426,0,0,0,1,0,240.176905621161,0,0,292,NaN,NaN,5992.30372391193,0
hard_M4_05.mat,910005,911405009,AlwaysVND,500,491,200,0,171,1.1017388,7478.59019139385,7455.28238374479,0,0,0,1,0,240.176905621161,0,0,268,260,4518.20851127882,5992.30372391193,0
hard_M4_05.mat,910005,911405009,AlwaysVND,1000,926,200,0,456,1.1534833,6456.18108045197,6442.35710523758,0,0,0,1,0,240.176905621161,0,0,268,260,5540.61762222069,5992.30372391193,1
hard_M4_05.mat,910005,911405009,AlwaysVND,1500,1448,200,0,798,1.2104542,6337.74051261793,6321.98849394294,0,0,0,1,0,240.176905621161,0,0,268,260,5659.05819005473,5992.30372391193,1
hard_M4_05.mat,910005,911405009,AlwaysVND,2500,2500,200,0,1482,1.3229561,6125.27017654258,6109.68622945438,0,0,0,1,0,240.176905621161,0,0,268,260,5871.52852613008,5992.30372391193,1
hard_M4_05.mat,910005,911405009,FB-CMPSO,500,453,200,19,114,1.1014383,8208.95190382775,8183.00585955607,0,0,0,1,0,240.176905621161,0,0,264,309,0,5992.30372391193,0
hard_M4_05.mat,910005,911405009,FB-CMPSO,1000,975,200,19,456,1.1588811,7666.17354816148,7646.32578632483,0,0,0,1,0,240.176905621161,0,0,264,309,542.778355666264,5992.30372391193,0
hard_M4_05.mat,910005,911405009,FB-CMPSO,1500,1497,200,19,798,1.2111507,6599.32147464132,6586.25226446572,0,0,0,1,0,240.176905621161,0,0,264,309,1609.63042918643,5992.30372391193,1
hard_M4_05.mat,910005,911405009,FB-CMPSO,2500,2500,200,19,1441,1.3249931,6091.89070290509,6079.16595238031,0,0,0,1,0,240.176905621161,0,0,264,309,2117.06120092266,5992.30372391193,1
hard_M4_05.mat,910005,911405010,Repair,500,75,0,0,0,0.0069143,6722.4456915096,6707.36053005244,0,0,0,1,NaN,NaN,NaN,NaN,NaN,NaN,NaN,5992.30372391193,0
hard_M4_05.mat,910005,911405010,Repair,1000,75,0,0,0,0.0069143,6722.4456915096,6707.36053005244,0,0,0,1,NaN,NaN,NaN,NaN,NaN,NaN,NaN,5992.30372391193,0
hard_M4_05.mat,910005,911405010,Repair,1500,75,0,0,0,0.0069143,6722.4456915096,6707.36053005244,0,0,0,1,NaN,NaN,NaN,NaN,NaN,NaN,NaN,5992.30372391193,0
hard_M4_05.mat,910005,911405010,Repair,2500,75,0,0,0,0.0069143,6722.4456915096,6707.36053005244,0,0,0,1,NaN,NaN,NaN,NaN,NaN,NaN,NaN,5992.30372391193,0
hard_M4_05.mat,910005,911405010,WarmPSO,500,500,200,0,0,1.0555749,8715.64940412457,8695.31813470259,0,0,0,1,1,0,0,0,201,NaN,NaN,5992.30372391193,0
hard_M4_05.mat,910005,911405010,WarmPSO,1000,980,200,0,0,1.1000579,8715.64940412457,8695.31813470259,0,0,0,1,1,0,0,0,201,NaN,NaN,5992.30372391193,0
hard_M4_05.mat,910005,911405010,WarmPSO,1500,1490,200,0,0,1.1450562,8428.36551532092,8404.01925246225,0,0,0,1,1,0,0,0,201,NaN,NaN,5992.30372391193,0
hard_M4_05.mat,910005,911405010,WarmPSO,2500,2500,200,0,0,1.2355669,8115.41721603686,8091.44299611368,0,0,0,1,1,0,0,0,201,NaN,NaN,5992.30372391193,0
hard_M4_05.mat,910005,911405010,AlwaysVND,500,491,200,0,171,1.0558736,7963.0708678479,7948.80424612494,0,0,0,1,1,0,0,0,201,260,752.578536276673,5992.30372391193,0
hard_M4_05.mat,910005,911405010,AlwaysVND,1000,926,200,0,456,1.1071061,7381.23148911137,7361.82543090059,0,0,0,1,1,0,0,0,201,260,1334.4179150132,5992.30372391193,0
hard_M4_05.mat,910005,911405010,AlwaysVND,1500,1448,200,0,798,1.1675599,6901.01351827175,6881.40189136967,0,0,0,1,1,0,0,0,201,260,1814.63588585282,5992.30372391193,0
hard_M4_05.mat,910005,911405010,AlwaysVND,2500,2500,200,0,1482,1.2821429,6444.04220512923,6429.49928184819,0,0,0,1,1,0,0,0,201,260,2271.60719899534,5992.30372391193,1
hard_M4_05.mat,910005,911405010,FB-CMPSO,500,491,200,0,171,1.0580966,7963.0708678479,7948.80424612494,0,0,0,1,1,0,0,0,201,260,752.578536276673,5992.30372391193,0
hard_M4_05.mat,910005,911405010,FB-CMPSO,1000,926,200,0,456,1.1054314,7381.23148911137,7361.82543090059,0,0,0,1,1,0,0,0,201,260,1334.4179150132,5992.30372391193,0
hard_M4_05.mat,910005,911405010,FB-CMPSO,1500,1448,200,0,798,1.1641692,6901.01351827175,6881.40189136967,0,0,0,1,1,0,0,0,201,260,1814.63588585282,5992.30372391193,0
hard_M4_05.mat,910005,911405010,FB-CMPSO,2500,2500,200,0,1482,1.277761,6444.04220512923,6429.49928184819,0,0,0,1,1,0,0,0,201,260,2271.60719899534,5992.30372391193,1
hard_M4_05.mat,910005,911405011,Repair,500,75,0,0,0,0.0067736,6722.4456915096,6707.36053005244,0,0,0,1,NaN,NaN,NaN,NaN,NaN,NaN,NaN,5992.30372391193,0
hard_M4_05.mat,910005,911405011,Repair,1000,75,0,0,0,0.0067736,6722.4456915096,6707.36053005244,0,0,0,1,NaN,NaN,NaN,NaN,NaN,NaN,NaN,5992.30372391193,0
hard_M4_05.mat,910005,911405011,Repair,1500,75,0,0,0,0.0067736,6722.4456915096,6707.36053005244,0,0,0,1,NaN,NaN,NaN,NaN,NaN,NaN,NaN,5992.30372391193,0
hard_M4_05.mat,910005,911405011,Repair,2500,75,0,0,0,0.0067736,6722.4456915096,6707.36053005244,0,0,0,1,NaN,NaN,NaN,NaN,NaN,NaN,NaN,5992.30372391193,0
hard_M4_05.mat,910005,911405011,WarmPSO,500,500,200,0,0,1.0378789,7883.33696166,7856.57056287857,0,0,0,1,0,32.8531240411027,0,0,233,NaN,NaN,5992.30372391193,0
hard_M4_05.mat,910005,911405011,WarmPSO,1000,980,200,0,0,1.0836454,6865.97825221594,6851.71860118401,0,0,0,1,0,32.8531240411027,0,0,233,NaN,NaN,5992.30372391193,0
hard_M4_05.mat,910005,911405011,WarmPSO,1500,1490,200,0,0,1.1304641,6722.76791051832,6703.01200236201,0,0,0,1,0,32.8531240411027,0,0,233,NaN,NaN,5992.30372391193,0
hard_M4_05.mat,910005,911405011,WarmPSO,2500,2500,200,0,0,1.2244687,6722.4456915096,6707.36053005244,0,0,0,1,0,32.8531240411027,0,0,233,NaN,NaN,5992.30372391193,0
hard_M4_05.mat,910005,911405011,AlwaysVND,500,491,200,0,171,1.0379163,7750.65136755227,7729.46776460451,0,0,0,1,0,32.8531240411027,0,0,233,260,1449.64583522148,5992.30372391193,0
hard_M4_05.mat,910005,911405011,AlwaysVND,1000,926,200,0,456,1.0832504,5949.53720511638,5933.8824609784,0,0,0,1,0,32.8531240411027,0,0,233,260,3250.75999765736,5992.30372391193,1
hard_M4_05.mat,910005,911405011,AlwaysVND,1500,1448,200,0,798,1.1451509,5755.08507946937,5737.5691683744,0,0,0,1,0,32.8531240411027,0,0,233,260,3445.21212330437,5992.30372391193,1
hard_M4_05.mat,910005,911405011,AlwaysVND,2500,2500,200,0,1482,1.2609946,5706.20156797412,5690.58329092484,0,0,0,1,0,32.8531240411027,0,0,233,260,3494.09563479962,5992.30372391193,1
hard_M4_05.mat,910005,911405011,FB-CMPSO,500,491,200,0,171,1.0484401,7750.65136755227,7729.46776460451,0,0,0,1,0,32.8531240411027,0,0,233,260,1449.64583522148,5992.30372391193,0
hard_M4_05.mat,910005,911405011,FB-CMPSO,1000,926,200,0,456,1.1025835,5949.53720511638,5933.8824609784,0,0,0,1,0,32.8531240411027,0,0,233,260,3250.75999765736,5992.30372391193,1
hard_M4_05.mat,910005,911405011,FB-CMPSO,1500,1448,200,0,798,1.1660751,5755.08507946937,5737.5691683744,0,0,0,1,0,32.8531240411027,0,0,233,260,3445.21212330437,5992.30372391193,1
hard_M4_05.mat,910005,911405011,FB-CMPSO,2500,2500,200,0,1482,1.3014831,5706.20156797412,5690.58329092484,0,0,0,1,0,32.8531240411027,0,0,233,260,3494.09563479962,5992.30372391193,1
hard_M4_05.mat,910005,911405012,Repair,500,75,0,0,0,0.0064556,6722.4456915096,6707.36053005244,0,0,0,1,NaN,NaN,NaN,NaN,NaN,NaN,NaN,5992.30372391193,0
hard_M4_05.mat,910005,911405012,Repair,1000,75,0,0,0,0.0064556,6722.4456915096,6707.36053005244,0,0,0,1,NaN,NaN,NaN,NaN,NaN,NaN,NaN,5992.30372391193,0
hard_M4_05.mat,910005,911405012,Repair,1500,75,0,0,0,0.0064556,6722.4456915096,6707.36053005244,0,0,0,1,NaN,NaN,NaN,NaN,NaN,NaN,NaN,5992.30372391193,0
hard_M4_05.mat,910005,911405012,Repair,2500,75,0,0,0,0.0064556,6722.4456915096,6707.36053005244,0,0,0,1,NaN,NaN,NaN,NaN,NaN,NaN,NaN,5992.30372391193,0
hard_M4_05.mat,910005,911405012,WarmPSO,500,500,200,0,0,1.1438282,8517.5737494848,8488.67365747678,0,0,0,1,0,14.2176955343924,0,0,267,NaN,NaN,5992.30372391193,0
hard_M4_05.mat,910005,911405012,WarmPSO,1000,980,200,0,0,1.1910386,7852.58556307087,7830.14148719706,0,0,0,1,0,14.2176955343924,0,0,267,NaN,NaN,5992.30372391193,0
hard_M4_05.mat,910005,911405012,WarmPSO,1500,1490,200,0,0,1.2399786,7767.36821876223,7746.19488570627,0,0,0,1,0,14.2176955343924,0,0,267,NaN,NaN,5992.30372391193,0
hard_M4_05.mat,910005,911405012,WarmPSO,2500,2500,200,0,0,1.3304278,7388.31194828452,7365.98124696891,0,0,0,1,0,14.2176955343924,0,0,267,NaN,NaN,5992.30372391193,0
hard_M4_05.mat,910005,911405012,AlwaysVND,500,491,200,0,171,1.1337596,6727.36543809643,6712.19485716579,0,0,0,1,0,14.2176955343924,0,0,283,260,2501.8677402968,5992.30372391193,0
hard_M4_05.mat,910005,911405012,AlwaysVND,1000,926,200,0,456,1.1795467,6684.1534138657,6668.06207008723,0,0,0,1,0,14.2176955343924,0,0,283,260,2545.07976452754,5992.30372391193,1
hard_M4_05.mat,910005,911405012,AlwaysVND,1500,1448,200,0,798,1.2352873,6193.64889824654,6178.48480077448,0,0,0,1,0,14.2176955343924,0,0,283,260,3035.5842801467,5992.30372391193,1
hard_M4_05.mat,910005,911405012,AlwaysVND,2500,2500,200,0,1482,1.369145,6193.64889824654,6178.48480077448,0,0,0,1,0,14.2176955343924,0,0,283,260,3035.5842801467,5992.30372391193,1
hard_M4_05.mat,910005,911405012,FB-CMPSO,500,453,200,19,114,1.1357266,7802.9702538634,7776.90969484214,0,0,0,1,0,14.2176955343924,0,0,277,309,1067.73615750521,5992.30372391193,0
hard_M4_05.mat,910005,911405012,FB-CMPSO,1000,975,200,19,456,1.1933504,6854.82956659858,6831.59927271647,0,0,0,1,0,14.2176955343924,0,0,277,309,2015.87684477003,5992.30372391193,0
hard_M4_05.mat,910005,911405012,FB-CMPSO,1500,1497,200,19,798,1.2524533,6164.75987974029,6144.7122560901,0,0,0,1,0,14.2176955343924,0,0,277,309,2705.94653162832,5992.30372391193,1
hard_M4_05.mat,910005,911405012,FB-CMPSO,2500,2500,200,19,1441,1.3717647,5997.80395214806,5979.21142283737,0,0,0,1,0,14.2176955343924,0,0,277,309,2872.90245922055,5992.30372391193,1
hard_M4_05.mat,910005,911405013,Repair,500,75,0,0,0,0.0058954,6722.4456915096,6707.36053005244,0,0,0,1,NaN,NaN,NaN,NaN,NaN,NaN,NaN,5992.30372391193,0
hard_M4_05.mat,910005,911405013,Repair,1000,75,0,0,0,0.0058954,6722.4456915096,6707.36053005244,0,0,0,1,NaN,NaN,NaN,NaN,NaN,NaN,NaN,5992.30372391193,0
hard_M4_05.mat,910005,911405013,Repair,1500,75,0,0,0,0.0058954,6722.4456915096,6707.36053005244,0,0,0,1,NaN,NaN,NaN,NaN,NaN,NaN,NaN,5992.30372391193,0
hard_M4_05.mat,910005,911405013,Repair,2500,75,0,0,0,0.0058954,6722.4456915096,6707.36053005244,0,0,0,1,NaN,NaN,NaN,NaN,NaN,NaN,NaN,5992.30372391193,0
hard_M4_05.mat,910005,911405013,WarmPSO,500,500,200,0,0,1.0566311,7381.74387305522,7363.10176865598,0,0,0,1,0,0.485812601783778,0,0,236,NaN,NaN,5992.30372391193,0
hard_M4_05.mat,910005,911405013,WarmPSO,1000,980,200,0,0,1.0982952,6722.76791051832,6703.01200236201,0,0,0,1,0,0.485812601783778,0,0,236,NaN,NaN,5992.30372391193,0
hard_M4_05.mat,910005,911405013,WarmPSO,1500,1490,200,0,0,1.1489059,6722.4456915096,6707.36053005244,0,0,0,1,0,0.485812601783778,0,0,236,NaN,NaN,5992.30372391193,0
hard_M4_05.mat,910005,911405013,WarmPSO,2500,2500,200,0,0,1.2579735,6722.4456915096,6707.36053005244,0,0,0,1,0,0.485812601783778,0,0,236,NaN,NaN,5992.30372391193,0
hard_M4_05.mat,910005,911405013,AlwaysVND,500,491,200,0,171,1.0662951,6025.19812568501,6011.01129353835,0,0,0,1,0,0.485812601783778,0,0,236,260,1356.54574737021,5992.30372391193,1
hard_M4_05.mat,910005,911405013,AlwaysVND,1000,926,200,0,456,1.1183572,5554.04688466361,5536.8037534303,0,0,0,1,0,0.485812601783778,0,0,236,260,1827.69698839161,5992.30372391193,1
hard_M4_05.mat,910005,911405013,AlwaysVND,1500,1448,200,0,798,1.174965,4918.72847343267,4905.56715878924,0,0,0,1,0,0.485812601783778,0,0,236,260,2463.01539962255,5992.30372391193,1
hard_M4_05.mat,910005,911405013,AlwaysVND,2500,2500,200,0,1482,1.296318,4681.64583339741,4671.26368339106,0,0,0,1,0,0.485812601783778,0,0,236,260,2700.09803965782,5992.30372391193,1
hard_M4_05.mat,910005,911405013,FB-CMPSO,500,491,200,0,171,1.057992,6025.19812568501,6011.01129353835,0,0,0,1,0,0.485812601783778,0,0,236,260,1356.54574737021,5992.30372391193,1
hard_M4_05.mat,910005,911405013,FB-CMPSO,1000,926,200,0,456,1.1073385,5554.04688466361,5536.8037534303,0,0,0,1,0,0.485812601783778,0,0,236,260,1827.69698839161,5992.30372391193,1
hard_M4_05.mat,910005,911405013,FB-CMPSO,1500,1448,200,0,798,1.1664611,4918.72847343267,4905.56715878924,0,0,0,1,0,0.485812601783778,0,0,236,260,2463.01539962255,5992.30372391193,1
hard_M4_05.mat,910005,911405013,FB-CMPSO,2500,2500,200,0,1482,1.2788181,4681.64583339741,4671.26368339106,0,0,0,1,0,0.485812601783778,0,0,236,260,2700.09803965782,5992.30372391193,1
hard_M4_05.mat,910005,911405014,Repair,500,75,0,0,0,0.006052,6722.4456915096,6707.36053005244,0,0,0,1,NaN,NaN,NaN,NaN,NaN,NaN,NaN,5992.30372391193,0
hard_M4_05.mat,910005,911405014,Repair,1000,75,0,0,0,0.006052,6722.4456915096,6707.36053005244,0,0,0,1,NaN,NaN,NaN,NaN,NaN,NaN,NaN,5992.30372391193,0
hard_M4_05.mat,910005,911405014,Repair,1500,75,0,0,0,0.006052,6722.4456915096,6707.36053005244,0,0,0,1,NaN,NaN,NaN,NaN,NaN,NaN,NaN,5992.30372391193,0
hard_M4_05.mat,910005,911405014,Repair,2500,75,0,0,0,0.006052,6722.4456915096,6707.36053005244,0,0,0,1,NaN,NaN,NaN,NaN,NaN,NaN,NaN,5992.30372391193,0
hard_M4_05.mat,910005,911405014,WarmPSO,500,500,200,0,0,1.0505527,7361.32814059913,7335.93836118676,0,0,0,1,0,114.05309723404,0,0,278,NaN,NaN,5992.30372391193,0
hard_M4_05.mat,910005,911405014,WarmPSO,1000,980,200,0,0,1.0930291,7361.32814059913,7335.93836118676,0,0,0,1,0,114.05309723404,0,0,278,NaN,NaN,5992.30372391193,0
hard_M4_05.mat,910005,911405014,WarmPSO,1500,1490,200,0,0,1.1398317,6922.61931036458,6906.50198454484,0,0,0,1,0,114.05309723404,0,0,278,NaN,NaN,5992.30372391193,0
hard_M4_05.mat,910005,911405014,WarmPSO,2500,2500,200,0,0,1.2420027,6722.4456915096,6707.36053005244,0,0,0,1,0,114.05309723404,0,0,278,NaN,NaN,5992.30372391193,0
hard_M4_05.mat,910005,911405014,AlwaysVND,500,491,200,0,171,1.0533903,7506.57993252996,7487.3082834824,0,0,0,1,0,114.05309723404,0,0,302,260,-27.5856883958759,5992.30372391193,0
hard_M4_05.mat,910005,911405014,AlwaysVND,1000,926,200,0,456,1.1005995,6298.42718324662,6279.97008735972,0,0,0,1,0,114.05309723404,0,0,302,260,1180.56706088746,5992.30372391193,1
hard_M4_05.mat,910005,911405014,AlwaysVND,1500,1448,200,0,798,1.1583954,6112.02652621002,6094.51389849918,0,0,0,1,0,114.05309723404,0,0,302,260,1366.96771792406,5992.30372391193,1
hard_M4_05.mat,910005,911405014,AlwaysVND,2500,2500,200,0,1482,1.2772524,5583.23486456543,5571.77489271314,0,0,0,1,0,114.05309723404,0,0,302,260,1895.75937956865,5992.30372391193,1
hard_M4_05.mat,910005,911405014,FB-CMPSO,500,453,200,19,114,1.0536912,6547.92005860986,6532.55884885245,0,0,0,1,0,114.05309723404,0,0,272,309,398.47377099749,5992.30372391193,1
hard_M4_05.mat,910005,911405014,FB-CMPSO,1000,975,200,19,456,1.1132252,6072.13015273061,6056.7701280198,0,0,0,1,0,114.05309723404,0,0,272,309,874.263676876743,5992.30372391193,1
hard_M4_05.mat,910005,911405014,FB-CMPSO,1500,1497,200,19,798,1.1735605,5954.42554582104,5941.88284187733,0,0,0,1,0,114.05309723404,0,0,272,309,991.968283786311,5992.30372391193,1
hard_M4_05.mat,910005,911405014,FB-CMPSO,2500,2500,200,19,1441,1.278971,5923.65271457394,5909.69616393507,0,0,0,1,0,114.05309723404,0,0,272,309,1022.74111503341,5992.30372391193,1
hard_M4_05.mat,910005,911405015,Repair,500,75,0,0,0,0.0059533,6722.4456915096,6707.36053005244,0,0,0,1,NaN,NaN,NaN,NaN,NaN,NaN,NaN,5992.30372391193,0
hard_M4_05.mat,910005,911405015,Repair,1000,75,0,0,0,0.0059533,6722.4456915096,6707.36053005244,0,0,0,1,NaN,NaN,NaN,NaN,NaN,NaN,NaN,5992.30372391193,0
hard_M4_05.mat,910005,911405015,Repair,1500,75,0,0,0,0.0059533,6722.4456915096,6707.36053005244,0,0,0,1,NaN,NaN,NaN,NaN,NaN,NaN,NaN,5992.30372391193,0
hard_M4_05.mat,910005,911405015,Repair,2500,75,0,0,0,0.0059533,6722.4456915096,6707.36053005244,0,0,0,1,NaN,NaN,NaN,NaN,NaN,NaN,NaN,5992.30372391193,0
hard_M4_05.mat,910005,911405015,WarmPSO,500,500,200,0,0,1.0604394,7381.74387305522,7363.10176865598,0,0,0,1,0,120.160290403228,0,0,236,NaN,NaN,5992.30372391193,0
hard_M4_05.mat,910005,911405015,WarmPSO,1000,980,200,0,0,1.1024203,7108.88240208612,7087.34766934679,0,0,0,1,0,120.160290403228,0,0,236,NaN,NaN,5992.30372391193,0
hard_M4_05.mat,910005,911405015,WarmPSO,1500,1490,200,0,0,1.1478169,6722.76791051832,6703.01200236201,0,0,0,1,0,120.160290403228,0,0,236,NaN,NaN,5992.30372391193,0
hard_M4_05.mat,910005,911405015,WarmPSO,2500,2500,200,0,0,1.2384361,6722.4456915096,6707.36053005244,0,0,0,1,0,120.160290403228,0,0,236,NaN,NaN,5992.30372391193,0
hard_M4_05.mat,910005,911405015,AlwaysVND,500,491,200,0,171,1.0625011,7456.63453449148,7440.98801153135,0,0,0,1,0,120.160290403228,0,0,236,260,1782.21880144552,5992.30372391193,0
hard_M4_05.mat,910005,911405015,AlwaysVND,1000,926,200,0,456,1.1101179,6485.58190792107,6473.20413429134,0,0,0,1,0,120.160290403228,0,0,236,260,2753.27142801593,5992.30372391193,1
hard_M4_05.mat,910005,911405015,AlwaysVND,1500,1448,200,0,798,1.1679352,6402.6560805601,6390.16307930962,0,0,0,1,0,120.160290403228,0,0,236,260,2836.1972553769,5992.30372391193,1
hard_M4_05.mat,910005,911405015,AlwaysVND,2500,2500,200,0,1482,1.2860668,5862.92509848702,5850.51542914468,0,0,0,1,0,120.160290403228,0,0,236,260,3375.92823744998,5992.30372391193,1
hard_M4_05.mat,910005,911405015,FB-CMPSO,500,491,200,0,171,1.0604226,7456.63453449148,7440.98801153135,0,0,0,1,0,120.160290403228,0,0,236,260,1782.21880144552,5992.30372391193,0
hard_M4_05.mat,910005,911405015,FB-CMPSO,1000,926,200,0,456,1.1106539,6485.58190792107,6473.20413429134,0,0,0,1,0,120.160290403228,0,0,236,260,2753.27142801593,5992.30372391193,1
hard_M4_05.mat,910005,911405015,FB-CMPSO,1500,1448,200,0,798,1.1670873,6402.6560805601,6390.16307930962,0,0,0,1,0,120.160290403228,0,0,236,260,2836.1972553769,5992.30372391193,1
hard_M4_05.mat,910005,911405015,FB-CMPSO,2500,2500,200,0,1482,1.2832687,5862.92509848702,5850.51542914468,0,0,0,1,0,120.160290403228,0,0,236,260,3375.92823744998,5992.30372391193,1
hard_M4_05.mat,910005,911405016,Repair,500,75,0,0,0,0.0060205,6722.4456915096,6707.36053005244,0,0,0,1,NaN,NaN,NaN,NaN,NaN,NaN,NaN,5992.30372391193,0
hard_M4_05.mat,910005,911405016,Repair,1000,75,0,0,0,0.0060205,6722.4456915096,6707.36053005244,0,0,0,1,NaN,NaN,NaN,NaN,NaN,NaN,NaN,5992.30372391193,0
hard_M4_05.mat,910005,911405016,Repair,1500,75,0,0,0,0.0060205,6722.4456915096,6707.36053005244,0,0,0,1,NaN,NaN,NaN,NaN,NaN,NaN,NaN,5992.30372391193,0
hard_M4_05.mat,910005,911405016,Repair,2500,75,0,0,0,0.0060205,6722.4456915096,6707.36053005244,0,0,0,1,NaN,NaN,NaN,NaN,NaN,NaN,NaN,5992.30372391193,0
hard_M4_05.mat,910005,911405016,WarmPSO,500,500,200,0,0,1.0320749,8217.7732267492,8194.59442564638,0,0,0,1,1,0,0,0,201,NaN,NaN,5992.30372391193,0
hard_M4_05.mat,910005,911405016,WarmPSO,1000,980,200,0,0,1.0766407,8217.7732267492,8194.59442564638,0,0,0,1,1,0,0,0,201,NaN,NaN,5992.30372391193,0
hard_M4_05.mat,910005,911405016,WarmPSO,1500,1490,200,0,0,1.1231636,8217.7732267492,8194.59442564638,0,0,0,1,1,0,0,0,201,NaN,NaN,5992.30372391193,0
hard_M4_05.mat,910005,911405016,WarmPSO,2500,2500,200,0,0,1.2153255,8217.7732267492,8194.59442564638,0,0,0,1,1,0,0,0,201,NaN,NaN,5992.30372391193,0
hard_M4_05.mat,910005,911405016,AlwaysVND,500,491,200,0,171,1.0320307,7312.65093225769,7294.34044191804,0,0,0,1,1,0,0,0,201,260,956.392020773396,5992.30372391193,0
hard_M4_05.mat,910005,911405016,AlwaysVND,1000,926,200,0,456,1.0752173,6386.30470105576,6373.16945287537,0,0,0,1,1,0,0,0,201,260,1882.73825197533,5992.30372391193,1
hard_M4_05.mat,910005,911405016,AlwaysVND,1500,1448,200,0,798,1.1275466,6285.03939229615,6270.23778056287,0,0,0,1,1,0,0,0,201,260,1984.00356073493,5992.30372391193,1
hard_M4_05.mat,910005,911405016,AlwaysVND,2500,2500,200,0,1482,1.23884,5850.48411820896,5840.90070255504,0,0,0,1,1,0,0,0,201,260,2418.55883482213,5992.30372391193,1
hard_M4_05.mat,910005,911405016,FB-CMPSO,500,491,200,0,171,1.0331009,7312.65093225769,7294.34044191804,0,0,0,1,1,0,0,0,201,260,956.392020773396,5992.30372391193,0
hard_M4_05.mat,910005,911405016,FB-CMPSO,1000,926,200,0,456,1.0781051,6386.30470105576,6373.16945287537,0,0,0,1,1,0,0,0,201,260,1882.73825197533,5992.30372391193,1
hard_M4_05.mat,910005,911405016,FB-CMPSO,1500,1448,200,0,798,1.1367527,6285.03939229615,6270.23778056287,0,0,0,1,1,0,0,0,201,260,1984.00356073493,5992.30372391193,1
hard_M4_05.mat,910005,911405016,FB-CMPSO,2500,2500,200,0,1482,1.2484147,5850.48411820896,5840.90070255504,0,0,0,1,1,0,0,0,201,260,2418.55883482213,5992.30372391193,1
hard_M4_05.mat,910005,911405017,Repair,500,75,0,0,0,0.0059215,6722.4456915096,6707.36053005244,0,0,0,1,NaN,NaN,NaN,NaN,NaN,NaN,NaN,5992.30372391193,0
hard_M4_05.mat,910005,911405017,Repair,1000,75,0,0,0,0.0059215,6722.4456915096,6707.36053005244,0,0,0,1,NaN,NaN,NaN,NaN,NaN,NaN,NaN,5992.30372391193,0
hard_M4_05.mat,910005,911405017,Repair,1500,75,0,0,0,0.0059215,6722.4456915096,6707.36053005244,0,0,0,1,NaN,NaN,NaN,NaN,NaN,NaN,NaN,5992.30372391193,0
hard_M4_05.mat,910005,911405017,Repair,2500,75,0,0,0,0.0059215,6722.4456915096,6707.36053005244,0,0,0,1,NaN,NaN,NaN,NaN,NaN,NaN,NaN,5992.30372391193,0
hard_M4_05.mat,910005,911405017,WarmPSO,500,500,200,0,0,1.0100051,8115.74533948962,8089.11973474121,0,0,0,1,0,120.385641366726,0,0,241,NaN,NaN,5992.30372391193,0
hard_M4_05.mat,910005,911405017,WarmPSO,1000,980,200,0,0,1.0520127,7826.4800979102,7797.73338704121,0,0,0,1,0,120.385641366726,0,0,241,NaN,NaN,5992.30372391193,0
hard_M4_05.mat,910005,911405017,WarmPSO,1500,1490,200,0,0,1.0992457,7184.26257332453,7168.81723693396,0,0,0,1,0,120.385641366726,0,0,241,NaN,NaN,5992.30372391193,0
hard_M4_05.mat,910005,911405017,WarmPSO,2500,2500,200,0,0,1.1949038,7108.88240208612,7087.34766934679,0,0,0,1,0,120.385641366726,0,0,241,NaN,NaN,5992.30372391193,0
hard_M4_05.mat,910005,911405017,AlwaysVND,500,491,200,0,171,1.0152327,7785.1409427165,7758.58374270516,0,0,0,1,0,120.385641366726,0,0,241,260,330.604396773118,5992.30372391193,0
hard_M4_05.mat,910005,911405017,AlwaysVND,1000,926,200,0,456,1.0610945,6118.35420068415,6097.78538155347,0,0,0,1,0,120.385641366726,0,0,241,260,1997.39113880547,5992.30372391193,1
hard_M4_05.mat,910005,911405017,AlwaysVND,1500,1448,200,0,798,1.1157961,6088.88413173052,6069.57078445397,0,0,0,1,0,120.385641366726,0,0,241,260,2026.86120775909,5992.30372391193,1
hard_M4_05.mat,910005,911405017,AlwaysVND,2500,2500,200,0,1482,1.2281728,5571.82502379944,5557.98499650318,0,0,0,1,0,120.385641366726,0,0,241,260,2543.92031569018,5992.30372391193,1
hard_M4_05.mat,910005,911405017,FB-CMPSO,500,491,200,0,171,1.0124284,7785.1409427165,7758.58374270516,0,0,0,1,0,120.385641366726,0,0,241,260,330.604396773118,5992.30372391193,0
hard_M4_05.mat,910005,911405017,FB-CMPSO,1000,926,200,0,456,1.0569249,6118.35420068415,6097.78538155347,0,0,0,1,0,120.385641366726,0,0,241,260,1997.39113880547,5992.30372391193,1
hard_M4_05.mat,910005,911405017,FB-CMPSO,1500,1448,200,0,798,1.1128175,6088.88413173052,6069.57078445397,0,0,0,1,0,120.385641366726,0,0,241,260,2026.86120775909,5992.30372391193,1
hard_M4_05.mat,910005,911405017,FB-CMPSO,2500,2500,200,0,1482,1.2267156,5571.82502379944,5557.98499650318,0,0,0,1,0,120.385641366726,0,0,241,260,2543.92031569018,5992.30372391193,1
hard_M4_05.mat,910005,911405018,Repair,500,75,0,0,0,0.0074154,6722.4456915096,6707.36053005244,0,0,0,1,NaN,NaN,NaN,NaN,NaN,NaN,NaN,5992.30372391193,0
hard_M4_05.mat,910005,911405018,Repair,1000,75,0,0,0,0.0074154,6722.4456915096,6707.36053005244,0,0,0,1,NaN,NaN,NaN,NaN,NaN,NaN,NaN,5992.30372391193,0
hard_M4_05.mat,910005,911405018,Repair,1500,75,0,0,0,0.0074154,6722.4456915096,6707.36053005244,0,0,0,1,NaN,NaN,NaN,NaN,NaN,NaN,NaN,5992.30372391193,0
hard_M4_05.mat,910005,911405018,Repair,2500,75,0,0,0,0.0074154,6722.4456915096,6707.36053005244,0,0,0,1,NaN,NaN,NaN,NaN,NaN,NaN,NaN,5992.30372391193,0
hard_M4_05.mat,910005,911405018,WarmPSO,500,500,200,0,0,1.0516086,7328.57216313818,7310.76984532045,0,0,0,1,0,0.86630470050153,0,0,245,NaN,NaN,5992.30372391193,0
hard_M4_05.mat,910005,911405018,WarmPSO,1000,980,200,0,0,1.1066311,7328.57216313818,7310.76984532045,0,0,0,1,0,0.86630470050153,0,0,245,NaN,NaN,5992.30372391193,0
hard_M4_05.mat,910005,911405018,WarmPSO,1500,1490,200,0,0,1.1612149,6722.4456915096,6707.36053005244,0,0,0,1,0,0.86630470050153,0,0,245,NaN,NaN,5992.30372391193,0
hard_M4_05.mat,910005,911405018,WarmPSO,2500,2500,200,0,0,1.2688711,6722.4456915096,6707.36053005244,0,0,0,1,0,0.86630470050153,0,0,245,NaN,NaN,5992.30372391193,0
hard_M4_05.mat,910005,911405018,AlwaysVND,500,491,200,0,171,1.0509799,6069.50878636298,6055.47612410564,0,0,0,1,0,0.86630470050153,0,0,245,260,1865.75604630138,5992.30372391193,1
hard_M4_05.mat,910005,911405018,AlwaysVND,1000,926,200,0,456,1.1038617,5935.13224218829,5922.87782968398,0,0,0,1,0,0.86630470050153,0,0,245,260,2000.13259047606,5992.30372391193,1
hard_M4_05.mat,910005,911405018,AlwaysVND,1500,1448,200,0,798,1.1637878,5674.63387960142,5660.89264765836,0,0,0,1,0,0.86630470050153,0,0,245,260,2260.63095306293,5992.30372391193,1
hard_M4_05.mat,910005,911405018,AlwaysVND,2500,2500,200,0,1482,1.283781,5329.84173311577,5317.65900687643,0,0,0,1,0,0.86630470050153,0,0,245,260,2605.42309954858,5992.30372391193,1
hard_M4_05.mat,910005,911405018,FB-CMPSO,500,491,200,0,171,1.0465348,6069.50878636298,6055.47612410564,0,0,0,1,0,0.86630470050153,0,0,245,260,1865.75604630138,5992.30372391193,1
hard_M4_05.mat,910005,911405018,FB-CMPSO,1000,926,200,0,456,1.0905548,5935.13224218829,5922.87782968398,0,0,0,1,0,0.86630470050153,0,0,245,260,2000.13259047606,5992.30372391193,1
hard_M4_05.mat,910005,911405018,FB-CMPSO,1500,1448,200,0,798,1.1397938,5674.63387960142,5660.89264765836,0,0,0,1,0,0.86630470050153,0,0,245,260,2260.63095306293,5992.30372391193,1
hard_M4_05.mat,910005,911405018,FB-CMPSO,2500,2500,200,0,1482,1.2410913,5329.84173311577,5317.65900687643,0,0,0,1,0,0.86630470050153,0,0,245,260,2605.42309954858,5992.30372391193,1
hard_M4_05.mat,910005,911405019,Repair,500,75,0,0,0,0.0061415,6722.4456915096,6707.36053005244,0,0,0,1,NaN,NaN,NaN,NaN,NaN,NaN,NaN,5992.30372391193,0
hard_M4_05.mat,910005,911405019,Repair,1000,75,0,0,0,0.0061415,6722.4456915096,6707.36053005244,0,0,0,1,NaN,NaN,NaN,NaN,NaN,NaN,NaN,5992.30372391193,0
hard_M4_05.mat,910005,911405019,Repair,1500,75,0,0,0,0.0061415,6722.4456915096,6707.36053005244,0,0,0,1,NaN,NaN,NaN,NaN,NaN,NaN,NaN,5992.30372391193,0
hard_M4_05.mat,910005,911405019,Repair,2500,75,0,0,0,0.0061415,6722.4456915096,6707.36053005244,0,0,0,1,NaN,NaN,NaN,NaN,NaN,NaN,NaN,5992.30372391193,0
hard_M4_05.mat,910005,911405019,WarmPSO,500,500,200,0,0,1.0824799,7454.33844929824,7432.11889047076,0,0,0,1,0,7.3690019790244,0,0,261,NaN,NaN,5992.30372391193,0
hard_M4_05.mat,910005,911405019,WarmPSO,1000,980,200,0,0,1.1295943,6722.4456915096,6707.36053005244,0,0,0,1,0,7.3690019790244,0,0,261,NaN,NaN,5992.30372391193,0
hard_M4_05.mat,910005,911405019,WarmPSO,1500,1490,200,0,0,1.177773,6722.4456915096,6707.36053005244,0,0,0,1,0,7.3690019790244,0,0,261,NaN,NaN,5992.30372391193,0
hard_M4_05.mat,910005,911405019,WarmPSO,2500,2500,200,0,0,1.2730176,6722.4456915096,6707.36053005244,0,0,0,1,0,7.3690019790244,0,0,261,NaN,NaN,5992.30372391193,0
hard_M4_05.mat,910005,911405019,AlwaysVND,500,491,200,0,171,1.0817668,8110.28389171599,8092.0436850491,0,0,0,1,0,7.3690019790244,0,0,319,260,473.344355279167,5992.30372391193,0
hard_M4_05.mat,910005,911405019,AlwaysVND,1000,926,200,0,456,1.1278954,6795.64126309708,6778.83814945088,0,0,0,1,0,7.3690019790244,0,0,319,260,1787.98698389808,5992.30372391193,0
hard_M4_05.mat,910005,911405019,AlwaysVND,1500,1448,200,0,798,1.1810881,6212.80977692337,6200.49218007937,0,0,0,1,0,7.3690019790244,0,0,319,260,2370.81847007178,5992.30372391193,1
hard_M4_05.mat,910005,911405019,AlwaysVND,2500,2500,200,0,1482,1.2940085,6006.64435642284,5992.25396866132,0,0,0,1,0,7.3690019790244,0,0,319,260,2576.98389057231,5992.30372391193,1
hard_M4_05.mat,910005,911405019,FB-CMPSO,500,453,200,19,114,1.0770841,7551.50815431131,7529.50726692943,0,0,0,1,0,7.3690019790244,0,0,269,309,662.008250635888,5992.30372391193,0
hard_M4_05.mat,910005,911405019,FB-CMPSO,1000,975,200,19,456,1.1301311,5940.58231100533,5923.64346653033,0,0,0,1,0,7.3690019790244,0,0,269,309,2272.93409394187,5992.30372391193,1
hard_M4_05.mat,910005,911405019,FB-CMPSO,1500,1497,200,19,798,1.1881348,5888.49972301763,5872.14382272942,0,0,0,1,0,7.3690019790244,0,0,269,309,2325.01668192957,5992.30372391193,1
hard_M4_05.mat,910005,911405019,FB-CMPSO,2500,2500,200,19,1441,1.2956726,5505.69755170057,5491.09875699215,0,0,0,1,0,7.3690019790244,0,0,269,309,2707.81885324663,5992.30372391193,1
hard_M4_05.mat,910005,911405020,Repair,500,75,0,0,0,0.0058785,6722.4456915096,6707.36053005244,0,0,0,1,NaN,NaN,NaN,NaN,NaN,NaN,NaN,5992.30372391193,0
hard_M4_05.mat,910005,911405020,Repair,1000,75,0,0,0,0.0058785,6722.4456915096,6707.36053005244,0,0,0,1,NaN,NaN,NaN,NaN,NaN,NaN,NaN,5992.30372391193,0
hard_M4_05.mat,910005,911405020,Repair,1500,75,0,0,0,0.0058785,6722.4456915096,6707.36053005244,0,0,0,1,NaN,NaN,NaN,NaN,NaN,NaN,NaN,5992.30372391193,0
hard_M4_05.mat,910005,911405020,Repair,2500,75,0,0,0,0.0058785,6722.4456915096,6707.36053005244,0,0,0,1,NaN,NaN,NaN,NaN,NaN,NaN,NaN,5992.30372391193,0
hard_M4_05.mat,910005,911405020,WarmPSO,500,500,200,0,0,1.0511036,7184.26257332453,7168.81723693396,0,0,0,1,0,65.9141704176058,0,0,243,NaN,NaN,5992.30372391193,0
hard_M4_05.mat,910005,911405020,WarmPSO,1000,980,200,0,0,1.0967942,6722.4456915096,6707.36053005244,0,0,0,1,0,65.9141704176058,0,0,243,NaN,NaN,5992.30372391193,0
hard_M4_05.mat,910005,911405020,WarmPSO,1500,1490,200,0,0,1.1430102,6722.4456915096,6707.36053005244,0,0,0,1,0,65.9141704176058,0,0,243,NaN,NaN,5992.30372391193,0
hard_M4_05.mat,910005,911405020,WarmPSO,2500,2500,200,0,0,1.2303356,6493.23891920432,6474.41141253844,0,0,0,1,0,65.9141704176058,0,0,243,NaN,NaN,5992.30372391193,1
hard_M4_05.mat,910005,911405020,AlwaysVND,500,491,200,0,171,1.0491729,6546.82279693545,6529.13304079729,0,0,0,1,0,65.9141704176058,0,0,243,260,1336.51416472455,5992.30372391193,1
hard_M4_05.mat,910005,911405020,AlwaysVND,1000,926,200,0,456,1.0949083,5979.47772786479,5964.56577293501,0,0,0,1,0,65.9141704176058,0,0,243,260,1903.85923379521,5992.30372391193,1
hard_M4_05.mat,910005,911405020,AlwaysVND,1500,1448,200,0,798,1.1495038,5583.23486456543,5571.77489271314,0,0,0,1,0,65.9141704176058,0,0,243,260,2300.10209709457,5992.30372391193,1
hard_M4_05.mat,910005,911405020,AlwaysVND,2500,2500,200,0,1482,1.260497,5583.23486456543,5571.77489271314,0,0,0,1,0,65.9141704176058,0,0,243,260,2300.10209709457,5992.30372391193,1
hard_M4_05.mat,910005,911405020,FB-CMPSO,500,491,200,0,171,1.054212,6546.82279693545,6529.13304079729,0,0,0,1,0,65.9141704176058,0,0,243,260,1336.51416472455,5992.30372391193,1
hard_M4_05.mat,910005,911405020,FB-CMPSO,1000,926,200,0,456,1.1039962,5979.47772786479,5964.56577293501,0,0,0,1,0,65.9141704176058,0,0,243,260,1903.85923379521,5992.30372391193,1
hard_M4_05.mat,910005,911405020,FB-CMPSO,1500,1448,200,0,798,1.1736532,5583.23486456543,5571.77489271314,0,0,0,1,0,65.9141704176058,0,0,243,260,2300.10209709457,5992.30372391193,1
hard_M4_05.mat,910005,911405020,FB-CMPSO,2500,2500,200,0,1482,1.2917364,5583.23486456543,5571.77489271314,0,0,0,1,0,65.9141704176058,0,0,243,260,2300.10209709457,5992.30372391193,1
hard_M4_05.mat,910005,911405021,Repair,500,75,0,0,0,0.0059716,6722.4456915096,6707.36053005244,0,0,0,1,NaN,NaN,NaN,NaN,NaN,NaN,NaN,5992.30372391193,0
hard_M4_05.mat,910005,911405021,Repair,1000,75,0,0,0,0.0059716,6722.4456915096,6707.36053005244,0,0,0,1,NaN,NaN,NaN,NaN,NaN,NaN,NaN,5992.30372391193,0
hard_M4_05.mat,910005,911405021,Repair,1500,75,0,0,0,0.0059716,6722.4456915096,6707.36053005244,0,0,0,1,NaN,NaN,NaN,NaN,NaN,NaN,NaN,5992.30372391193,0
hard_M4_05.mat,910005,911405021,Repair,2500,75,0,0,0,0.0059716,6722.4456915096,6707.36053005244,0,0,0,1,NaN,NaN,NaN,NaN,NaN,NaN,NaN,5992.30372391193,0
hard_M4_05.mat,910005,911405021,WarmPSO,500,500,200,0,0,1.0322744,8771.06888161679,8739.75976544477,0,0,0,1,0,102.157962037957,0,0,328,NaN,NaN,5992.30372391193,0
hard_M4_05.mat,910005,911405021,WarmPSO,1000,980,200,0,0,1.0752972,8771.06888161679,8739.75976544477,0,0,0,1,0,102.157962037957,0,0,328,NaN,NaN,5992.30372391193,0
hard_M4_05.mat,910005,911405021,WarmPSO,1500,1490,200,0,0,1.1196917,7885.8559963391,7861.15491467507,0,0,0,1,0,102.157962037957,0,0,328,NaN,NaN,5992.30372391193,0
hard_M4_05.mat,910005,911405021,WarmPSO,2500,2500,200,0,0,1.2100343,7594.01976760897,7568.16134048111,0,0,0,1,0,102.157962037957,0,0,328,NaN,NaN,5992.30372391193,0
hard_M4_05.mat,910005,911405021,AlwaysVND,500,491,200,0,171,1.0324671,7841.10840925777,7820.87322578609,0,0,0,1,0,102.157962037957,0,0,413,260,11783.02147591,5992.30372391193,0
hard_M4_05.mat,910005,911405021,AlwaysVND,1000,926,200,0,456,1.0806513,6996.3984394921,6980.88917454707,0,0,0,1,0,102.157962037957,0,0,413,260,12627.7314456757,5992.30372391193,0
hard_M4_05.mat,910005,911405021,AlwaysVND,1500,1448,200,0,798,1.1403442,6825.22745223056,6809.98521994253,0,0,0,1,0,102.157962037957,0,0,413,260,12798.9024329373,5992.30372391193,0
hard_M4_05.mat,910005,911405021,AlwaysVND,2500,2500,200,0,1482,1.2499375,6376.65866831205,6363.62851046241,0,0,0,1,0,102.157962037957,0,0,413,260,13247.4712168558,5992.30372391193,1
hard_M4_05.mat,910005,911405021,FB-CMPSO,500,415,200,38,57,1.025702,8278.18182347567,8257.43507910824,0,0,0,1,0,102.157962037957,0,0,313,358,550.782501650745,5992.30372391193,0
hard_M4_05.mat,910005,911405021,FB-CMPSO,1000,937,200,38,399,1.0783414,6132.38038591885,6116.08878910816,0,0,0,1,0,102.157962037957,0,0,313,358,2696.58393920757,5992.30372391193,1
hard_M4_05.mat,910005,911405021,FB-CMPSO,1500,1459,200,38,741,1.1323393,5924.91642516477,5908.03136961111,0,0,0,1,0,102.157962037957,0,0,313,358,2904.04789996165,5992.30372391193,1
hard_M4_05.mat,910005,911405021,FB-CMPSO,2500,2500,200,38,1422,1.2432079,5329.84173311577,5317.65900687643,0,0,0,1,0,102.157962037957,0,0,313,358,3499.12259201065,5992.30372391193,1
hard_M4_05.mat,910005,911405022,Repair,500,75,0,0,0,0.0057894,6722.4456915096,6707.36053005244,0,0,0,1,NaN,NaN,NaN,NaN,NaN,NaN,NaN,5992.30372391193,0
hard_M4_05.mat,910005,911405022,Repair,1000,75,0,0,0,0.0057894,6722.4456915096,6707.36053005244,0,0,0,1,NaN,NaN,NaN,NaN,NaN,NaN,NaN,5992.30372391193,0
hard_M4_05.mat,910005,911405022,Repair,1500,75,0,0,0,0.0057894,6722.4456915096,6707.36053005244,0,0,0,1,NaN,NaN,NaN,NaN,NaN,NaN,NaN,5992.30372391193,0
hard_M4_05.mat,910005,911405022,Repair,2500,75,0,0,0,0.0057894,6722.4456915096,6707.36053005244,0,0,0,1,NaN,NaN,NaN,NaN,NaN,NaN,NaN,5992.30372391193,0
hard_M4_05.mat,910005,911405022,WarmPSO,500,500,200,0,0,1.0161029,7479.80049621073,7461.70840075239,0,0,0,1,0,131.631990099077,0,0,240,NaN,NaN,5992.30372391193,0
hard_M4_05.mat,910005,911405022,WarmPSO,1000,980,200,0,0,1.0578487,7045.84026548323,7031.55585979526,0,0,0,1,0,131.631990099077,0,0,240,NaN,NaN,5992.30372391193,0
hard_M4_05.mat,910005,911405022,WarmPSO,1500,1490,200,0,0,1.1008328,6722.76791051832,6703.01200236201,0,0,0,1,0,131.631990099077,0,0,240,NaN,NaN,5992.30372391193,0
hard_M4_05.mat,910005,911405022,WarmPSO,2500,2500,200,0,0,1.1865643,6722.4456915096,6707.36053005244,0,0,0,1,0,131.631990099077,0,0,240,NaN,NaN,5992.30372391193,0
hard_M4_05.mat,910005,911405022,AlwaysVND,500,491,200,0,171,1.01656,7060.96250052476,7040.26104430986,0,0,0,1,0,131.631990099077,0,0,240,260,418.837995685977,5992.30372391193,0
hard_M4_05.mat,910005,911405022,AlwaysVND,1000,926,200,0,456,1.0688627,6407.94449192855,6392.65288279409,0,0,0,1,0,131.631990099077,0,0,240,260,1071.85600428219,5992.30372391193,1
hard_M4_05.mat,910005,911405022,AlwaysVND,1500,1448,200,0,798,1.1295462,5702.48445297585,5690.59979322995,0,0,0,1,0,131.631990099077,0,0,240,260,1777.31604323488,5992.30372391193,1
hard_M4_05.mat,910005,911405022,AlwaysVND,2500,2500,200,0,1482,1.2425696,5505.69755170057,5491.09875699215,0,0,0,1,0,131.631990099077,0,0,240,260,1974.10294451017,5992.30372391193,1
hard_M4_05.mat,910005,911405022,FB-CMPSO,500,491,200,0,171,1.0184763,7060.96250052476,7040.26104430986,0,0,0,1,0,131.631990099077,0,0,240,260,418.837995685977,5992.30372391193,0
hard_M4_05.mat,910005,911405022,FB-CMPSO,1000,926,200,0,456,1.0638888,6407.94449192855,6392.65288279409,0,0,0,1,0,131.631990099077,0,0,240,260,1071.85600428219,5992.30372391193,1
hard_M4_05.mat,910005,911405022,FB-CMPSO,1500,1448,200,0,798,1.1329178,5702.48445297585,5690.59979322995,0,0,0,1,0,131.631990099077,0,0,240,260,1777.31604323488,5992.30372391193,1
hard_M4_05.mat,910005,911405022,FB-CMPSO,2500,2500,200,0,1482,1.2499529,5505.69755170057,5491.09875699215,0,0,0,1,0,131.631990099077,0,0,240,260,1974.10294451017,5992.30372391193,1
hard_M4_05.mat,910005,911405023,Repair,500,75,0,0,0,0.0061556,6722.4456915096,6707.36053005244,0,0,0,1,NaN,NaN,NaN,NaN,NaN,NaN,NaN,5992.30372391193,0
hard_M4_05.mat,910005,911405023,Repair,1000,75,0,0,0,0.0061556,6722.4456915096,6707.36053005244,0,0,0,1,NaN,NaN,NaN,NaN,NaN,NaN,NaN,5992.30372391193,0
hard_M4_05.mat,910005,911405023,Repair,1500,75,0,0,0,0.0061556,6722.4456915096,6707.36053005244,0,0,0,1,NaN,NaN,NaN,NaN,NaN,NaN,NaN,5992.30372391193,0
hard_M4_05.mat,910005,911405023,Repair,2500,75,0,0,0,0.0061556,6722.4456915096,6707.36053005244,0,0,0,1,NaN,NaN,NaN,NaN,NaN,NaN,NaN,5992.30372391193,0
hard_M4_05.mat,910005,911405023,WarmPSO,500,500,200,0,0,1.0200084,8802.78276173653,8777.53503406562,0,0,0,1,0,67.0521704700582,0,0,279,NaN,NaN,5992.30372391193,0
hard_M4_05.mat,910005,911405023,WarmPSO,1000,980,200,0,0,1.0589839,8553.58231003579,8530.6337629592,0,0,0,1,0,67.0521704700582,0,0,279,NaN,NaN,5992.30372391193,0
hard_M4_05.mat,910005,911405023,WarmPSO,1500,1490,200,0,0,1.1005968,8539.02250081206,8510.26729660513,0,0,0,1,0,67.0521704700582,0,0,279,NaN,NaN,5992.30372391193,0
hard_M4_05.mat,910005,911405023,WarmPSO,2500,2500,200,0,0,1.187777,7590.7486771664,7572.9067874356,0,0,0,1,0,67.0521704700582,0,0,279,NaN,NaN,5992.30372391193,0
hard_M4_05.mat,910005,911405023,AlwaysVND,500,491,200,0,171,1.019274,7907.35405231975,7887.12782668653,0,0,0,1,0,67.0521704700582,0,0,299,260,6084.88730061929,5992.30372391193,0
hard_M4_05.mat,910005,911405023,AlwaysVND,1000,926,200,0,456,1.0618985,6826.60467364497,6808.58462624375,0,0,0,1,0,67.0521704700582,0,0,299,260,7165.63667929406,5992.30372391193,0
hard_M4_05.mat,910005,911405023,AlwaysVND,1500,1448,200,0,798,1.1132132,6342.09378914735,6326.34736434828,0,0,0,1,0,67.0521704700582,0,0,299,260,7650.14756379168,5992.30372391193,1
hard_M4_05.mat,910005,911405023,AlwaysVND,2500,2500,200,0,1482,1.2202674,5752.88355564945,5740.40091356353,0,0,0,1,0,67.0521704700582,0,0,299,260,8239.35779728958,5992.30372391193,1
hard_M4_05.mat,910005,911405023,FB-CMPSO,500,453,200,19,114,1.0166739,7295.18555884834,7272.83914227183,0,0,0,1,0,67.0521704700582,0,0,264,309,1211.42329842181,5992.30372391193,0
hard_M4_05.mat,910005,911405023,FB-CMPSO,1000,975,200,19,456,1.0674142,6396.96799797218,6378.49227740845,0,0,0,1,0,67.0521704700582,0,0,264,309,2109.64085929797,5992.30372391193,1
hard_M4_05.mat,910005,911405023,FB-CMPSO,1500,1497,200,19,798,1.1176589,6003.1022432256,5986.90969768127,0,0,0,1,0,67.0521704700582,0,0,264,309,2503.50661404456,5992.30372391193,1
hard_M4_05.mat,910005,911405023,FB-CMPSO,2500,2500,200,19,1441,1.2169623,6003.1022432256,5986.90969768127,0,0,0,1,0,67.0521704700582,0,0,264,309,2503.50661404456,5992.30372391193,1
hard_M4_05.mat,910005,911405024,Repair,500,75,0,0,0,0.0066053,6722.4456915096,6707.36053005244,0,0,0,1,NaN,NaN,NaN,NaN,NaN,NaN,NaN,5992.30372391193,0
hard_M4_05.mat,910005,911405024,Repair,1000,75,0,0,0,0.0066053,6722.4456915096,6707.36053005244,0,0,0,1,NaN,NaN,NaN,NaN,NaN,NaN,NaN,5992.30372391193,0
hard_M4_05.mat,910005,911405024,Repair,1500,75,0,0,0,0.0066053,6722.4456915096,6707.36053005244,0,0,0,1,NaN,NaN,NaN,NaN,NaN,NaN,NaN,5992.30372391193,0
hard_M4_05.mat,910005,911405024,Repair,2500,75,0,0,0,0.0066053,6722.4456915096,6707.36053005244,0,0,0,1,NaN,NaN,NaN,NaN,NaN,NaN,NaN,5992.30372391193,0
hard_M4_05.mat,910005,911405024,WarmPSO,500,500,200,0,0,1.0399585,9481.15838828953,9452.8467440636,0,0,0,1,0,39.5130416640857,0,0,307,NaN,NaN,5992.30372391193,0
hard_M4_05.mat,910005,911405024,WarmPSO,1000,980,200,0,0,1.0900558,8618.13212670405,8598.09386076321,0,0,0,1,0,39.5130416640857,0,0,307,NaN,NaN,5992.30372391193,0
hard_M4_05.mat,910005,911405024,WarmPSO,1500,1490,200,0,0,1.1390485,8394.08653250559,8373.20147989896,0,0,0,1,0,39.5130416640857,0,0,307,NaN,NaN,5992.30372391193,0
hard_M4_05.mat,910005,911405024,WarmPSO,2500,2500,200,0,0,1.2271879,7813.3219139545,7797.56376521277,0,0,0,1,0,39.5130416640857,0,0,307,NaN,NaN,5992.30372391193,0
hard_M4_05.mat,910005,911405024,AlwaysVND,500,491,200,0,171,1.0340383,7642.03369581582,7623.2353342369,0,0,0,1,0,39.5130416640857,0,0,365,260,1007.5696618257,5992.30372391193,0
hard_M4_05.mat,910005,911405024,AlwaysVND,1000,926,200,0,456,1.0775752,6842.52734798409,6826.66502728369,0,0,0,1,0,39.5130416640857,0,0,365,260,1807.07600965743,5992.30372391193,0
hard_M4_05.mat,910005,911405024,AlwaysVND,1500,1448,200,0,798,1.1498884,6557.10426271307,6540.40011305423,0,0,0,1,0,39.5130416640857,0,0,365,260,2092.49909492845,5992.30372391193,1
hard_M4_05.mat,910005,911405024,AlwaysVND,2500,2500,200,0,1482,1.2873453,6407.37109186024,6390.6669422014,0,0,0,1,0,39.5130416640857,0,0,365,260,2242.23226578128,5992.30372391193,1
hard_M4_05.mat,910005,911405024,FB-CMPSO,500,453,200,19,114,1.0430773,6821.90368954104,6802.12148785416,0,0,0,1,0,39.5130416640857,0,0,278,309,1431.05318672305,5992.30372391193,0
hard_M4_05.mat,910005,911405024,FB-CMPSO,1000,975,200,19,456,1.110016,6316.00106719617,6299.46266585717,0,0,0,1,0,39.5130416640857,0,0,278,309,1936.95580906791,5992.30372391193,1
hard_M4_05.mat,910005,911405024,FB-CMPSO,1500,1497,200,19,798,1.1774392,5788.16277243731,5774.22477469476,0,0,0,1,0,39.5130416640857,0,0,278,309,2464.79410382677,5992.30372391193,1
hard_M4_05.mat,910005,911405024,FB-CMPSO,2500,2500,200,19,1441,1.3112559,5552.75128212302,5540.86662237712,0,0,0,1,0,39.5130416640857,0,0,278,309,2700.20559414106,5992.30372391193,1
hard_M4_05.mat,910005,911405025,Repair,500,75,0,0,0,0.0080142,6722.4456915096,6707.36053005244,0,0,0,1,NaN,NaN,NaN,NaN,NaN,NaN,NaN,5992.30372391193,0
hard_M4_05.mat,910005,911405025,Repair,1000,75,0,0,0,0.0080142,6722.4456915096,6707.36053005244,0,0,0,1,NaN,NaN,NaN,NaN,NaN,NaN,NaN,5992.30372391193,0
hard_M4_05.mat,910005,911405025,Repair,1500,75,0,0,0,0.0080142,6722.4456915096,6707.36053005244,0,0,0,1,NaN,NaN,NaN,NaN,NaN,NaN,NaN,5992.30372391193,0
hard_M4_05.mat,910005,911405025,Repair,2500,75,0,0,0,0.0080142,6722.4456915096,6707.36053005244,0,0,0,1,NaN,NaN,NaN,NaN,NaN,NaN,NaN,5992.30372391193,0
hard_M4_05.mat,910005,911405025,WarmPSO,500,500,200,0,0,1.3261657,7935.24425728522,7909.05666866163,0,0,0,1,0,169.916273002776,0,0,418,NaN,NaN,5992.30372391193,0
hard_M4_05.mat,910005,911405025,WarmPSO,1000,980,200,0,0,1.383097,7425.39088543225,7401.6962364333,0,0,0,1,0,169.916273002776,0,0,418,NaN,NaN,5992.30372391193,0
hard_M4_05.mat,910005,911405025,WarmPSO,1500,1490,200,0,0,1.4402422,7059.55569416576,7038.87428329304,0,0,0,1,0,169.916273002776,0,0,418,NaN,NaN,5992.30372391193,0
hard_M4_05.mat,910005,911405025,WarmPSO,2500,2500,200,0,0,1.5532356,6857.52935154126,6837.76296475003,0,0,0,1,0,169.916273002776,0,0,418,NaN,NaN,5992.30372391193,0
hard_M4_05.mat,910005,911405025,AlwaysVND,500,491,200,0,171,1.3248802,8154.50894307495,8133.15699336813,0,0,0,1,0,169.916273002776,0,0,312,260,679.113820388532,5992.30372391193,0
hard_M4_05.mat,910005,911405025,AlwaysVND,1000,926,200,0,456,1.3802758,6522.54701213652,6507.41875774594,0,0,0,1,0,169.916273002776,0,0,312,260,2311.07575132697,5992.30372391193,1
hard_M4_05.mat,910005,911405025,AlwaysVND,1500,1448,200,0,798,1.4489923,5761.1144459932,5748.16582546741,0,0,0,1,0,169.916273002776,0,0,312,260,3072.50831747028,5992.30372391193,1
hard_M4_05.mat,910005,911405025,AlwaysVND,2500,2500,200,0,1482,1.5844326,5761.1144459932,5748.16582546741,0,0,0,1,0,169.916273002776,0,0,312,260,3072.50831747028,5992.30372391193,1
hard_M4_05.mat,910005,911405025,FB-CMPSO,500,453,200,19,114,1.3179746,7934.32832926862,7918.67359626732,0,0,0,1,0,169.916273002776,0,0,304,309,1088.21442968942,5992.30372391193,0
hard_M4_05.mat,910005,911405025,FB-CMPSO,1000,975,200,19,456,1.3837867,6232.05224630979,6216.23284876712,0,0,0,1,0,169.916273002776,0,0,304,309,2790.49051264826,5992.30372391193,1
hard_M4_05.mat,910005,911405025,FB-CMPSO,1500,1497,200,19,798,1.4510608,6097.6757021351,6083.63455434546,0,0,0,1,0,169.916273002776,0,0,304,309,2924.86705682294,5992.30372391193,1
hard_M4_05.mat,910005,911405025,FB-CMPSO,2500,2500,200,19,1441,1.5883586,5322.60453953146,5312.03425986335,0,0,0,1,0,169.916273002776,0,0,304,309,3699.93821942659,5992.30372391193,1
hard_M4_05.mat,910005,911405026,Repair,500,75,0,0,0,0.0079206,6722.4456915096,6707.36053005244,0,0,0,1,NaN,NaN,NaN,NaN,NaN,NaN,NaN,5992.30372391193,0
hard_M4_05.mat,910005,911405026,Repair,1000,75,0,0,0,0.0079206,6722.4456915096,6707.36053005244,0,0,0,1,NaN,NaN,NaN,NaN,NaN,NaN,NaN,5992.30372391193,0
hard_M4_05.mat,910005,911405026,Repair,1500,75,0,0,0,0.0079206,6722.4456915096,6707.36053005244,0,0,0,1,NaN,NaN,NaN,NaN,NaN,NaN,NaN,5992.30372391193,0
hard_M4_05.mat,910005,911405026,Repair,2500,75,0,0,0,0.0079206,6722.4456915096,6707.36053005244,0,0,0,1,NaN,NaN,NaN,NaN,NaN,NaN,NaN,5992.30372391193,0
hard_M4_05.mat,910005,911405026,WarmPSO,500,500,200,0,0,1.3160963,8191.12551072803,8170.58930232838,0,0,0,1,0,109.760006937188,0,0,239,NaN,NaN,5992.30372391193,0
hard_M4_05.mat,910005,911405026,WarmPSO,1000,980,200,0,0,1.3728789,8115.74533948962,8089.11973474121,0,0,0,1,0,109.760006937188,0,0,239,NaN,NaN,5992.30372391193,0
hard_M4_05.mat,910005,911405026,WarmPSO,1500,1490,200,0,0,1.4282937,8115.74533948962,8089.11973474121,0,0,0,1,0,109.760006937188,0,0,239,NaN,NaN,5992.30372391193,0
hard_M4_05.mat,910005,911405026,WarmPSO,2500,2500,200,0,0,1.5404774,7953.58803100031,7927.05001419177,0,0,0,1,0,109.760006937188,0,0,239,NaN,NaN,5992.30372391193,0
hard_M4_05.mat,910005,911405026,AlwaysVND,500,491,200,0,171,1.3145165,7908.32695679982,7886.69501886849,0,0,0,1,0,109.760006937188,0,0,239,260,956.998635670785,5992.30372391193,0
hard_M4_05.mat,910005,911405026,AlwaysVND,1000,926,200,0,456,1.3707102,7216.70219037789,7196.63108313604,0,0,0,1,0,109.760006937188,0,0,239,260,1648.62340209271,5992.30372391193,0
hard_M4_05.mat,910005,911405026,AlwaysVND,1500,1448,200,0,798,1.436226,6640.25240716798,6623.19488065744,0,0,0,1,0,109.760006937188,0,0,239,260,2225.07318530263,5992.30372391193,1
hard_M4_05.mat,910005,911405026,AlwaysVND,2500,2500,200,0,1482,1.5694246,6185.04794399697,6171.8312383141,0,0,0,1,0,109.760006937188,0,0,239,260,2680.27764847364,5992.30372391193,1
hard_M4_05.mat,910005,911405026,FB-CMPSO,500,491,200,0,171,1.3184727,7908.32695679982,7886.69501886849,0,0,0,1,0,109.760006937188,0,0,239,260,956.998635670785,5992.30372391193,0
hard_M4_05.mat,910005,911405026,FB-CMPSO,1000,926,200,0,456,1.3738813,7216.70219037789,7196.63108313604,0,0,0,1,0,109.760006937188,0,0,239,260,1648.62340209271,5992.30372391193,0
hard_M4_05.mat,910005,911405026,FB-CMPSO,1500,1448,200,0,798,1.4398072,6640.25240716798,6623.19488065744,0,0,0,1,0,109.760006937188,0,0,239,260,2225.07318530263,5992.30372391193,1
hard_M4_05.mat,910005,911405026,FB-CMPSO,2500,2500,200,0,1482,1.5765992,6185.04794399697,6171.8312383141,0,0,0,1,0,109.760006937188,0,0,239,260,2680.27764847364,5992.30372391193,1
hard_M4_05.mat,910005,911405027,Repair,500,75,0,0,0,0.0120002,6722.4456915096,6707.36053005244,0,0,0,1,NaN,NaN,NaN,NaN,NaN,NaN,NaN,5992.30372391193,0
hard_M4_05.mat,910005,911405027,Repair,1000,75,0,0,0,0.0120002,6722.4456915096,6707.36053005244,0,0,0,1,NaN,NaN,NaN,NaN,NaN,NaN,NaN,5992.30372391193,0
hard_M4_05.mat,910005,911405027,Repair,1500,75,0,0,0,0.0120002,6722.4456915096,6707.36053005244,0,0,0,1,NaN,NaN,NaN,NaN,NaN,NaN,NaN,5992.30372391193,0
hard_M4_05.mat,910005,911405027,Repair,2500,75,0,0,0,0.0120002,6722.4456915096,6707.36053005244,0,0,0,1,NaN,NaN,NaN,NaN,NaN,NaN,NaN,5992.30372391193,0
hard_M4_05.mat,910005,911405027,WarmPSO,500,500,200,0,0,1.3103392,8715.64940412457,8695.31813470259,0,0,0,1,0,6.2732461346551,0,0,234,NaN,NaN,5992.30372391193,0
hard_M4_05.mat,910005,911405027,WarmPSO,1000,980,200,0,0,1.3665171,8115.41721603686,8091.44299611368,0,0,0,1,0,6.2732461346551,0,0,234,NaN,NaN,5992.30372391193,0
hard_M4_05.mat,910005,911405027,WarmPSO,1500,1490,200,0,0,1.4234631,8115.41721603686,8091.44299611368,0,0,0,1,0,6.2732461346551,0,0,234,NaN,NaN,5992.30372391193,0
hard_M4_05.mat,910005,911405027,WarmPSO,2500,2500,200,0,0,1.5379445,8115.41721603686,8091.44299611368,0,0,0,1,0,6.2732461346551,0,0,234,NaN,NaN,5992.30372391193,0
hard_M4_05.mat,910005,911405027,AlwaysVND,500,491,200,0,171,1.3069806,7748.68379391961,7736.5592037609,0,0,0,1,0,6.2732461346551,0,0,234,260,966.965610204958,5992.30372391193,0
hard_M4_05.mat,910005,911405027,AlwaysVND,1000,926,200,0,456,1.3644355,7123.0117426673,7108.76775741147,0,0,0,1,0,6.2732461346551,0,0,234,260,1592.63766145727,5992.30372391193,0
hard_M4_05.mat,910005,911405027,AlwaysVND,1500,1448,200,0,798,1.4312556,6194.25296360799,6180.50435697212,0,0,0,1,0,6.2732461346551,0,0,234,260,2521.39644051658,5992.30372391193,1
hard_M4_05.mat,910005,911405027,AlwaysVND,2500,2500,200,0,1482,1.5648177,6021.83256616081,6010.75684106369,0,0,0,1,0,6.2732461346551,0,0,234,260,2693.81683796376,5992.30372391193,1
hard_M4_05.mat,910005,911405027,FB-CMPSO,500,491,200,0,171,1.3072153,7748.68379391961,7736.5592037609,0,0,0,1,0,6.2732461346551,0,0,234,260,966.965610204958,5992.30372391193,0
hard_M4_05.mat,910005,911405027,FB-CMPSO,1000,926,200,0,456,1.3633251,7123.0117426673,7108.76775741147,0,0,0,1,0,6.2732461346551,0,0,234,260,1592.63766145727,5992.30372391193,0
hard_M4_05.mat,910005,911405027,FB-CMPSO,1500,1448,200,0,798,1.4326265,6194.25296360799,6180.50435697212,0,0,0,1,0,6.2732461346551,0,0,234,260,2521.39644051658,5992.30372391193,1
hard_M4_05.mat,910005,911405027,FB-CMPSO,2500,2500,200,0,1482,1.5786794,6021.83256616081,6010.75684106369,0,0,0,1,0,6.2732461346551,0,0,234,260,2693.81683796376,5992.30372391193,1
hard_M4_05.mat,910005,911405028,Repair,500,75,0,0,0,0.0082851,6722.4456915096,6707.36053005244,0,0,0,1,NaN,NaN,NaN,NaN,NaN,NaN,NaN,5992.30372391193,0
hard_M4_05.mat,910005,911405028,Repair,1000,75,0,0,0,0.0082851,6722.4456915096,6707.36053005244,0,0,0,1,NaN,NaN,NaN,NaN,NaN,NaN,NaN,5992.30372391193,0
hard_M4_05.mat,910005,911405028,Repair,1500,75,0,0,0,0.0082851,6722.4456915096,6707.36053005244,0,0,0,1,NaN,NaN,NaN,NaN,NaN,NaN,NaN,5992.30372391193,0
hard_M4_05.mat,910005,911405028,Repair,2500,75,0,0,0,0.0082851,6722.4456915096,6707.36053005244,0,0,0,1,NaN,NaN,NaN,NaN,NaN,NaN,NaN,5992.30372391193,0
hard_M4_05.mat,910005,911405028,WarmPSO,500,500,200,0,0,1.3104265,8299.97432755586,8283.26690285863,0,0,0,1,0,61.6214914750173,0,0,338,NaN,NaN,5992.30372391193,0
hard_M4_05.mat,910005,911405028,WarmPSO,1000,980,200,0,0,1.3666186,7217.02119081211,7194.83981676082,0,0,0,1,0,61.6214914750173,0,0,338,NaN,NaN,5992.30372391193,0
hard_M4_05.mat,910005,911405028,WarmPSO,1500,1490,200,0,0,1.4244674,6722.76791051832,6703.01200236201,0,0,0,1,0,61.6214914750173,0,0,338,NaN,NaN,5992.30372391193,0
hard_M4_05.mat,910005,911405028,WarmPSO,2500,2500,200,0,0,1.5373535,6722.4456915096,6707.36053005244,0,0,0,1,0,61.6214914750173,0,0,338,NaN,NaN,5992.30372391193,0
hard_M4_05.mat,910005,911405028,AlwaysVND,500,491,200,0,171,1.3149457,7009.65560244613,6992.32012217668,0,0,0,1,0,61.6214914750173,0,0,315,260,7379.53712351824,5992.30372391193,0
hard_M4_05.mat,910005,911405028,AlwaysVND,1000,926,200,0,456,1.3725169,6223.50242920001,6209.53589138426,0,0,0,1,0,61.6214914750173,0,0,315,260,8165.69029676436,5992.30372391193,1
hard_M4_05.mat,910005,911405028,AlwaysVND,1500,1448,200,0,798,1.4392407,6014.52468094198,6006.91622625574,0,0,0,1,0,61.6214914750173,0,0,315,260,8374.66804502238,5992.30372391193,1
hard_M4_05.mat,910005,911405028,AlwaysVND,2500,2500,200,0,1482,1.5778623,5714.87353081804,5702.58948860819,0,0,0,1,0,61.6214914750173,0,0,315,260,8674.31919514633,5992.30372391193,1
hard_M4_05.mat,910005,911405028,FB-CMPSO,500,426,200,76,0,1.3092299,10976.5191403284,10149.8218774675,7.96791043385213,0,0,0,0,61.6214914750173,0,0,NaN,NaN,NaN,5992.30372391193,0
hard_M4_05.mat,910005,911405028,FB-CMPSO,1000,948,200,76,342,1.383243,6733.84060419293,6715.9447267356,0,0,0,1,0,61.6214914750173,0,0,439,456,2720.38051558838,5992.30372391193,0
hard_M4_05.mat,910005,911405028,FB-CMPSO,1500,1470,200,76,684,1.4483075,6180.88404024065,6165.39942704614,0,0,0,1,0,61.6214914750173,0,0,439,456,3273.33707954066,5992.30372391193,1
hard_M4_05.mat,910005,911405028,FB-CMPSO,2500,2500,200,76,1354,1.587905,6023.97136245054,6009.47130628767,0,0,0,1,0,61.6214914750173,0,0,439,456,3430.24975733077,5992.30372391193,1
hard_M4_05.mat,910005,911405029,Repair,500,75,0,0,0,0.0085259,6722.4456915096,6707.36053005244,0,0,0,1,NaN,NaN,NaN,NaN,NaN,NaN,NaN,5992.30372391193,0
hard_M4_05.mat,910005,911405029,Repair,1000,75,0,0,0,0.0085259,6722.4456915096,6707.36053005244,0,0,0,1,NaN,NaN,NaN,NaN,NaN,NaN,NaN,5992.30372391193,0
hard_M4_05.mat,910005,911405029,Repair,1500,75,0,0,0,0.0085259,6722.4456915096,6707.36053005244,0,0,0,1,NaN,NaN,NaN,NaN,NaN,NaN,NaN,5992.30372391193,0
hard_M4_05.mat,910005,911405029,Repair,2500,75,0,0,0,0.0085259,6722.4456915096,6707.36053005244,0,0,0,1,NaN,NaN,NaN,NaN,NaN,NaN,NaN,5992.30372391193,0
hard_M4_05.mat,910005,911405029,WarmPSO,500,500,200,0,0,1.3406189,9563.896874769,9533.31230029173,0,0,0,1,0,214.255922552858,0,0,321,NaN,NaN,5992.30372391193,0
hard_M4_05.mat,910005,911405029,WarmPSO,1000,980,200,0,0,1.3964855,8102.3626694907,8077.04774701646,0,0,0,1,0,214.255922552858,0,0,321,NaN,NaN,5992.30372391193,0
hard_M4_05.mat,910005,911405029,WarmPSO,1500,1490,200,0,0,1.4589669,7672.91608503039,7656.00744169258,0,0,0,1,0,214.255922552858,0,0,321,NaN,NaN,5992.30372391193,0
hard_M4_05.mat,910005,911405029,WarmPSO,2500,2500,200,0,0,1.5775629,7396.41416834731,7381.15337965227,0,0,0,1,0,214.255922552858,0,0,321,NaN,NaN,5992.30372391193,0
hard_M4_05.mat,910005,911405029,AlwaysVND,500,491,200,0,171,1.3428827,7387.32426281916,7376.88764243589,0,0,0,1,0,214.255922552858,0,0,266,260,5808.29311269328,5992.30372391193,0
hard_M4_05.mat,910005,911405029,AlwaysVND,1000,926,200,0,456,1.4019301,6270.05880495336,6257.12975524729,0,0,0,1,0,214.255922552858,0,0,266,260,6925.55857055908,5992.30372391193,1
hard_M4_05.mat,910005,911405029,AlwaysVND,1500,1448,200,0,798,1.4792789,6020.33656569628,6009.05098495976,0,0,0,1,0,214.255922552858,0,0,266,260,7175.28080981616,5992.30372391193,1
hard_M4_05.mat,910005,911405029,AlwaysVND,2500,2500,200,0,1482,1.6210143,5887.06781708942,5877.45239943075,0,0,0,1,0,214.255922552858,0,0,266,260,7308.54955842302,5992.30372391193,1
hard_M4_05.mat,910005,911405029,FB-CMPSO,500,453,200,19,114,1.3373683,7941.47626668459,7919.20538107412,0,0,0,1,0,214.255922552858,0,0,307,309,1331.99739429101,5992.30372391193,0
hard_M4_05.mat,910005,911405029,FB-CMPSO,1000,975,200,19,456,1.403983,7333.97239904496,7312.99995270798,0,0,0,1,0,214.255922552858,0,0,307,309,1939.50126193063,5992.30372391193,0
hard_M4_05.mat,910005,911405029,FB-CMPSO,1500,1497,200,19,798,1.4725625,6500.38614833289,6480.53616653245,0,0,0,1,0,214.255922552858,0,0,307,309,2773.0875126427,5992.30372391193,1
hard_M4_05.mat,910005,911405029,FB-CMPSO,2500,2500,200,19,1441,1.5996006,6134.15793008273,6118.9668682148,0,0,0,1,0,214.255922552858,0,0,307,309,3139.31573089286,5992.30372391193,1
hard_M4_05.mat,910005,911405030,Repair,500,75,0,0,0,0.0085389,6722.4456915096,6707.36053005244,0,0,0,1,NaN,NaN,NaN,NaN,NaN,NaN,NaN,5992.30372391193,0
hard_M4_05.mat,910005,911405030,Repair,1000,75,0,0,0,0.0085389,6722.4456915096,6707.36053005244,0,0,0,1,NaN,NaN,NaN,NaN,NaN,NaN,NaN,5992.30372391193,0
hard_M4_05.mat,910005,911405030,Repair,1500,75,0,0,0,0.0085389,6722.4456915096,6707.36053005244,0,0,0,1,NaN,NaN,NaN,NaN,NaN,NaN,NaN,5992.30372391193,0
hard_M4_05.mat,910005,911405030,Repair,2500,75,0,0,0,0.0085389,6722.4456915096,6707.36053005244,0,0,0,1,NaN,NaN,NaN,NaN,NaN,NaN,NaN,5992.30372391193,0
hard_M4_05.mat,910005,911405030,WarmPSO,500,500,200,0,0,1.3687762,7479.80049621073,7461.70840075239,0,0,0,1,0,7.3690019790244,0,0,244,NaN,NaN,5992.30372391193,0
hard_M4_05.mat,910005,911405030,WarmPSO,1000,980,200,0,0,1.4254952,7327.79513403088,7313.17530806554,0,0,0,1,0,7.3690019790244,0,0,244,NaN,NaN,5992.30372391193,0
hard_M4_05.mat,910005,911405030,WarmPSO,1500,1490,200,0,0,1.4864785,7108.88240208612,7087.34766934679,0,0,0,1,0,7.3690019790244,0,0,244,NaN,NaN,5992.30372391193,0
hard_M4_05.mat,910005,911405030,WarmPSO,2500,2500,200,0,0,1.6097408,6722.4456915096,6707.36053005244,0,0,0,1,0,7.3690019790244,0,0,244,NaN,NaN,5992.30372391193,0
hard_M4_05.mat,910005,911405030,AlwaysVND,500,491,200,0,171,1.3669676,7684.32419253221,7664.37360869591,0,0,0,1,0,7.3690019790244,0,0,244,260,454.774485224144,5992.30372391193,0
hard_M4_05.mat,910005,911405030,AlwaysVND,1000,926,200,0,456,1.4195255,7142.884289457,7130.49937387538,0,0,0,1,0,7.3690019790244,0,0,244,260,996.214388299358,5992.30372391193,0
hard_M4_05.mat,910005,911405030,AlwaysVND,1500,1448,200,0,798,1.4870774,6213.01301579072,6201.27677791539,0,0,0,1,0,7.3690019790244,0,0,244,260,1926.08566196564,5992.30372391193,1
hard_M4_05.mat,910005,911405030,AlwaysVND,2500,2500,200,0,1482,1.6220214,6164.43751461873,6153.20945608156,0,0,0,1,0,7.3690019790244,0,0,244,260,1974.66116313763,5992.30372391193,1
hard_M4_05.mat,910005,911405030,FB-CMPSO,500,491,200,0,171,1.3695892,7684.32419253221,7664.37360869591,0,0,0,1,0,7.3690019790244,0,0,244,260,454.774485224144,5992.30372391193,0
hard_M4_05.mat,910005,911405030,FB-CMPSO,1000,926,200,0,456,1.422901,7142.884289457,7130.49937387538,0,0,0,1,0,7.3690019790244,0,0,244,260,996.214388299358,5992.30372391193,0
hard_M4_05.mat,910005,911405030,FB-CMPSO,1500,1448,200,0,798,1.4889634,6213.01301579072,6201.27677791539,0,0,0,1,0,7.3690019790244,0,0,244,260,1926.08566196564,5992.30372391193,1
hard_M4_05.mat,910005,911405030,FB-CMPSO,2500,2500,200,0,1482,1.6319105,6164.43751461873,6153.20945608156,0,0,0,1,0,7.3690019790244,0,0,244,260,1974.66116313763,5992.30372391193,1
hard_M4_06.mat,910006,911406001,Repair,500,75,0,0,0,0.0101643,8964.41262356613,5426.0831244123,35.2226339057519,0,0,0,NaN,NaN,NaN,NaN,NaN,NaN,NaN,6349.14248537817,0
hard_M4_06.mat,910006,911406001,Repair,1000,75,0,0,0,0.0101643,8964.41262356613,5426.0831244123,35.2226339057519,0,0,0,NaN,NaN,NaN,NaN,NaN,NaN,NaN,6349.14248537817,0
hard_M4_06.mat,910006,911406001,Repair,1500,75,0,0,0,0.0101643,8964.41262356613,5426.0831244123,35.2226339057519,0,0,0,NaN,NaN,NaN,NaN,NaN,NaN,NaN,6349.14248537817,0
hard_M4_06.mat,910006,911406001,Repair,2500,75,0,0,0,0.0101643,8964.41262356613,5426.0831244123,35.2226339057519,0,0,0,NaN,NaN,NaN,NaN,NaN,NaN,NaN,6349.14248537817,0
hard_M4_06.mat,910006,911406001,WarmPSO,500,500,200,0,0,1.3257778,7848.59880147406,7823.78075615803,0,0,0,1,0,49.5433933196055,0,0,249,NaN,NaN,6349.14248537817,1
hard_M4_06.mat,910006,911406001,WarmPSO,1000,980,200,0,0,1.3796972,7594.20114924998,7561.44527795685,0,0,0,1,0,49.5433933196055,0,0,249,NaN,NaN,6349.14248537817,1
hard_M4_06.mat,910006,911406001,WarmPSO,1500,1490,200,0,0,1.4360086,6865.16729741543,6838.95910698811,0,0,0,1,0,49.5433933196055,0,0,249,NaN,NaN,6349.14248537817,1
hard_M4_06.mat,910006,911406001,WarmPSO,2500,2500,200,0,0,1.5483077,6358.94938372052,6338.18442895197,0,0,0,1,0,49.5433933196055,0,0,249,NaN,NaN,6349.14248537817,1
hard_M4_06.mat,910006,911406001,AlwaysVND,500,491,200,0,171,1.329811,6897.49513553698,6871.65354133992,0,0,0,1,0,49.5433933196055,0,0,249,260,1113.87497578965,6349.14248537817,1
hard_M4_06.mat,910006,911406001,AlwaysVND,1000,926,200,0,456,1.3852589,5866.3714815426,5850.36945397865,0,0,0,1,0,49.5433933196055,0,0,249,260,2144.99862978404,6349.14248537817,1
hard_M4_06.mat,910006,911406001,AlwaysVND,1500,1448,200,0,798,1.4529992,5517.98150252868,5503.67156030721,0,0,0,1,0,49.5433933196055,0,0,249,260,2493.38860879795,6349.14248537817,1
hard_M4_06.mat,910006,911406001,AlwaysVND,2500,2500,200,0,1482,1.5885773,4847.2529587813,4834.94303641124,0,0,0,1,0,49.5433933196055,0,0,249,260,3164.11715254533,6349.14248537817,1
hard_M4_06.mat,910006,911406001,FB-CMPSO,500,491,200,0,171,1.3250132,6897.49513553698,6871.65354133992,0,0,0,1,0,49.5433933196055,0,0,249,260,1113.87497578965,6349.14248537817,1
hard_M4_06.mat,910006,911406001,FB-CMPSO,1000,926,200,0,456,1.3817325,5866.3714815426,5850.36945397865,0,0,0,1,0,49.5433933196055,0,0,249,260,2144.99862978404,6349.14248537817,1
hard_M4_06.mat,910006,911406001,FB-CMPSO,1500,1448,200,0,798,1.4489414,5517.98150252868,5503.67156030721,0,0,0,1,0,49.5433933196055,0,0,249,260,2493.38860879795,6349.14248537817,1
hard_M4_06.mat,910006,911406001,FB-CMPSO,2500,2500,200,0,1482,1.5893522,4847.2529587813,4834.94303641124,0,0,0,1,0,49.5433933196055,0,0,249,260,3164.11715254533,6349.14248537817,1
hard_M4_06.mat,910006,911406002,Repair,500,75,0,0,0,0.0080126,8964.41262356613,5426.0831244123,35.2226339057519,0,0,0,NaN,NaN,NaN,NaN,NaN,NaN,NaN,6349.14248537817,0
hard_M4_06.mat,910006,911406002,Repair,1000,75,0,0,0,0.0080126,8964.41262356613,5426.0831244123,35.2226339057519,0,0,0,NaN,NaN,NaN,NaN,NaN,NaN,NaN,6349.14248537817,0
hard_M4_06.mat,910006,911406002,Repair,1500,75,0,0,0,0.0080126,8964.41262356613,5426.0831244123,35.2226339057519,0,0,0,NaN,NaN,NaN,NaN,NaN,NaN,NaN,6349.14248537817,0
hard_M4_06.mat,910006,911406002,Repair,2500,75,0,0,0,0.0080126,8964.41262356613,5426.0831244123,35.2226339057519,0,0,0,NaN,NaN,NaN,NaN,NaN,NaN,NaN,6349.14248537817,0
hard_M4_06.mat,910006,911406002,WarmPSO,500,500,200,0,0,1.3321957,7675.99307973788,6980.9256053187,6.73328942070162,0,0,0,0,24.4548242215113,0,0,NaN,NaN,NaN,6349.14248537817,1
hard_M4_06.mat,910006,911406002,WarmPSO,1000,980,200,0,0,1.3914388,7887.32048006072,7850.76703290433,0,0,0,1,0,24.4548242215113,0,0,513,NaN,NaN,6349.14248537817,1
hard_M4_06.mat,910006,911406002,WarmPSO,1500,1490,200,0,0,1.4506226,7628.58227230624,7594.64387904145,0,0,0,1,0,24.4548242215113,0,0,513,NaN,NaN,6349.14248537817,1
hard_M4_06.mat,910006,911406002,WarmPSO,2500,2500,200,0,0,1.5643576,7273.25499145959,7241.29404393496,0,0,0,1,0,24.4548242215113,0,0,513,NaN,NaN,6349.14248537817,1
hard_M4_06.mat,910006,911406002,AlwaysVND,500,491,200,0,171,1.3309583,7179.50810585457,7150.48723772459,0,0,0,1,0,24.4548242215113,0,0,362,260,1472.72873274239,6349.14248537817,1
hard_M4_06.mat,910006,911406002,AlwaysVND,1000,926,200,0,456,1.3860333,6334.76538719222,6313.930313266,0,0,0,1,0,24.4548242215113,0,0,362,260,2317.47145140475,6349.14248537817,1
hard_M4_06.mat,910006,911406002,AlwaysVND,1500,1448,200,0,798,1.4554639,5802.83980660351,5788.62253231889,0,0,0,1,0,24.4548242215113,0,0,362,260,2849.39703199345,6349.14248537817,1
hard_M4_06.mat,910006,911406002,AlwaysVND,2500,2500,200,0,1482,1.5945134,5458.88428173586,5445.22141251308,0,0,0,1,0,24.4548242215113,0,0,362,260,3193.35255686111,6349.14248537817,1
hard_M4_06.mat,910006,911406002,FB-CMPSO,500,453,200,19,114,1.328735,6674.62300975577,6650.75703180766,0,0,0,1,0,24.4548242215113,0,0,271,309,268.176576890206,6349.14248537817,1
hard_M4_06.mat,910006,911406002,FB-CMPSO,1000,975,200,19,456,1.39614,5225.53496642351,5207.31275286472,0,0,0,1,0,24.4548242215113,0,0,271,309,1717.26462022246,6349.14248537817,1
hard_M4_06.mat,910006,911406002,FB-CMPSO,1500,1497,200,19,798,1.4683779,4887.95386542484,4873.54112100523,0,0,0,1,0,24.4548242215113,0,0,271,309,2054.84572122113,6349.14248537817,1
hard_M4_06.mat,910006,911406002,FB-CMPSO,2500,2500,200,19,1441,1.6010114,4580.69629111502,4569.3803393479,0,0,0,1,0,24.4548242215113,0,0,271,309,2362.10329553095,6349.14248537817,1
hard_M4_06.mat,910006,911406003,Repair,500,75,0,0,0,0.0081489,8964.41262356613,5426.0831244123,35.2226339057519,0,0,0,NaN,NaN,NaN,NaN,NaN,NaN,NaN,6349.14248537817,0
hard_M4_06.mat,910006,911406003,Repair,1000,75,0,0,0,0.0081489,8964.41262356613,5426.0831244123,35.2226339057519,0,0,0,NaN,NaN,NaN,NaN,NaN,NaN,NaN,6349.14248537817,0
hard_M4_06.mat,910006,911406003,Repair,1500,75,0,0,0,0.0081489,8964.41262356613,5426.0831244123,35.2226339057519,0,0,0,NaN,NaN,NaN,NaN,NaN,NaN,NaN,6349.14248537817,0
hard_M4_06.mat,910006,911406003,Repair,2500,75,0,0,0,0.0081489,8964.41262356613,5426.0831244123,35.2226339057519,0,0,0,NaN,NaN,NaN,NaN,NaN,NaN,NaN,6349.14248537817,0
hard_M4_06.mat,910006,911406003,WarmPSO,500,500,200,0,0,1.3041954,6865.16729741543,6838.95910698811,0,0,0,1,1,0,0,0,201,NaN,NaN,6349.14248537817,1
hard_M4_06.mat,910006,911406003,WarmPSO,1000,980,200,0,0,1.3598946,6571.21300520777,6546.04262839067,0,0,0,1,1,0,0,0,201,NaN,NaN,6349.14248537817,1
hard_M4_06.mat,910006,911406003,WarmPSO,1500,1490,200,0,0,1.4168408,6353.08605100963,6331.73016130877,0,0,0,1,1,0,0,0,201,NaN,NaN,6349.14248537817,1
hard_M4_06.mat,910006,911406003,WarmPSO,2500,2500,200,0,0,1.5406323,6273.03697349358,6252.29755181744,0,0,0,1,1,0,0,0,201,NaN,NaN,6349.14248537817,1
hard_M4_06.mat,910006,911406003,AlwaysVND,500,491,200,0,171,1.304197,6491.16392769172,6466.61001889934,0,0,0,1,1,0,0,0,201,260,1136.94429408486,6349.14248537817,1
hard_M4_06.mat,910006,911406003,AlwaysVND,1000,926,200,0,456,1.3608986,6024.03243912864,6003.00409247805,0,0,0,1,1,0,0,0,201,260,1604.07578264793,6349.14248537817,1
hard_M4_06.mat,910006,911406003,AlwaysVND,1500,1448,200,0,798,1.4295521,6015.43215711474,5994.60193056351,0,0,0,1,1,0,0,0,201,260,1612.67606466184,6349.14248537817,1
hard_M4_06.mat,910006,911406003,AlwaysVND,2500,2500,200,0,1482,1.5663668,4945.78503130308,4930.99416448362,0,0,0,1,1,0,0,0,201,260,2682.32319047349,6349.14248537817,1
hard_M4_06.mat,910006,911406003,FB-CMPSO,500,491,200,0,171,1.3109472,6491.16392769172,6466.61001889934,0,0,0,1,1,0,0,0,201,260,1136.94429408486,6349.14248537817,1
hard_M4_06.mat,910006,911406003,FB-CMPSO,1000,926,200,0,456,1.3707498,6024.03243912864,6003.00409247805,0,0,0,1,1,0,0,0,201,260,1604.07578264793,6349.14248537817,1
hard_M4_06.mat,910006,911406003,FB-CMPSO,1500,1448,200,0,798,1.4472063,6015.43215711474,5994.60193056351,0,0,0,1,1,0,0,0,201,260,1612.67606466184,6349.14248537817,1
hard_M4_06.mat,910006,911406003,FB-CMPSO,2500,2500,200,0,1482,1.5811432,4945.78503130308,4930.99416448362,0,0,0,1,1,0,0,0,201,260,2682.32319047349,6349.14248537817,1
hard_M4_06.mat,910006,911406004,Repair,500,75,0,0,0,0.0080169,8964.41262356613,5426.0831244123,35.2226339057519,0,0,0,NaN,NaN,NaN,NaN,NaN,NaN,NaN,6349.14248537817,0
hard_M4_06.mat,910006,911406004,Repair,1000,75,0,0,0,0.0080169,8964.41262356613,5426.0831244123,35.2226339057519,0,0,0,NaN,NaN,NaN,NaN,NaN,NaN,NaN,6349.14248537817,0
hard_M4_06.mat,910006,911406004,Repair,1500,75,0,0,0,0.0080169,8964.41262356613,5426.0831244123,35.2226339057519,0,0,0,NaN,NaN,NaN,NaN,NaN,NaN,NaN,6349.14248537817,0
hard_M4_06.mat,910006,911406004,Repair,2500,75,0,0,0,0.0080169,8964.41262356613,5426.0831244123,35.2226339057519,0,0,0,NaN,NaN,NaN,NaN,NaN,NaN,NaN,6349.14248537817,0
hard_M4_06.mat,910006,911406004,WarmPSO,500,500,200,0,0,1.3149529,7259.54069946111,7235.97857674449,0,0,0,1,0,60.3050204067068,0,0,474,NaN,NaN,6349.14248537817,1
hard_M4_06.mat,910006,911406004,WarmPSO,1000,980,200,0,0,1.3732398,6932.355844844,6910.54453834387,0,0,0,1,0,60.3050204067068,0,0,474,NaN,NaN,6349.14248537817,1
hard_M4_06.mat,910006,911406004,WarmPSO,1500,1490,200,0,0,1.4344152,6834.90476309298,6813.09345659285,0,0,0,1,0,60.3050204067068,0,0,474,NaN,NaN,6349.14248537817,1
hard_M4_06.mat,910006,911406004,WarmPSO,2500,2500,200,0,0,1.5548108,6571.34414791252,6546.45528839707,0,0,0,1,0,60.3050204067068,0,0,474,NaN,NaN,6349.14248537817,1
hard_M4_06.mat,910006,911406004,AlwaysVND,500,491,200,0,171,1.3154759,5158.31728650858,5141.9401061674,0,0,0,1,0,60.3050204067068,0,0,275,260,3029.84858030835,6349.14248537817,1
hard_M4_06.mat,910006,911406004,AlwaysVND,1000,926,200,0,456,1.3731115,5060.86620475755,5044.48902441638,0,0,0,1,0,60.3050204067068,0,0,275,260,3127.29966205937,6349.14248537817,1
hard_M4_06.mat,910006,911406004,AlwaysVND,1500,1448,200,0,798,1.4486312,4594.22980790351,4582.25006954955,0,0,0,1,0,60.3050204067068,0,0,275,260,3593.93605891341,6349.14248537817,1
hard_M4_06.mat,910006,911406004,AlwaysVND,2500,2500,200,0,1482,1.5942785,4528.44527312654,4516.58472414198,0,0,0,1,0,60.3050204067068,0,0,275,260,3659.72059369039,6349.14248537817,1
hard_M4_06.mat,910006,911406004,FB-CMPSO,500,453,200,19,114,1.3110209,6279.9596322826,6260.12534360351,0,0,0,1,0,60.3050204067068,0,0,268,309,662.839954363375,6349.14248537817,1
hard_M4_06.mat,910006,911406004,FB-CMPSO,1000,975,200,19,456,1.3793874,5561.91885320221,5541.34871792475,0,0,0,1,0,60.3050204067068,0,0,268,309,1380.88073344376,6349.14248537817,1
hard_M4_06.mat,910006,911406004,FB-CMPSO,1500,1497,200,19,798,1.4466686,4707.94181557454,4695.26834271364,0,0,0,1,0,60.3050204067068,0,0,268,309,2234.85777107144,6349.14248537817,1
hard_M4_06.mat,910006,911406004,FB-CMPSO,2500,2500,200,19,1441,1.5813614,4499.00357224851,4487.70924279742,0,0,0,1,0,60.3050204067068,0,0,268,309,2443.79601439746,6349.14248537817,1
hard_M4_06.mat,910006,911406005,Repair,500,75,0,0,0,0.0077056,8964.41262356613,5426.0831244123,35.2226339057519,0,0,0,NaN,NaN,NaN,NaN,NaN,NaN,NaN,6349.14248537817,0
hard_M4_06.mat,910006,911406005,Repair,1000,75,0,0,0,0.0077056,8964.41262356613,5426.0831244123,35.2226339057519,0,0,0,NaN,NaN,NaN,NaN,NaN,NaN,NaN,6349.14248537817,0
hard_M4_06.mat,910006,911406005,Repair,1500,75,0,0,0,0.0077056,8964.41262356613,5426.0831244123,35.2226339057519,0,0,0,NaN,NaN,NaN,NaN,NaN,NaN,NaN,6349.14248537817,0
hard_M4_06.mat,910006,911406005,Repair,2500,75,0,0,0,0.0077056,8964.41262356613,5426.0831244123,35.2226339057519,0,0,0,NaN,NaN,NaN,NaN,NaN,NaN,NaN,6349.14248537817,0
hard_M4_06.mat,910006,911406005,WarmPSO,500,500,200,0,0,1.3074784,6635.00670724941,6612.47346683871,0,0,0,1,1,0,0,0,201,NaN,NaN,6349.14248537817,1
hard_M4_06.mat,910006,911406005,WarmPSO,1000,980,200,0,0,1.3638854,6635.00670724941,6612.47346683871,0,0,0,1,1,0,0,0,201,NaN,NaN,6349.14248537817,1
hard_M4_06.mat,910006,911406005,WarmPSO,1500,1490,200,0,0,1.4244816,6635.00670724941,6612.47346683871,0,0,0,1,1,0,0,0,201,NaN,NaN,6349.14248537817,1
hard_M4_06.mat,910006,911406005,WarmPSO,2500,2500,200,0,0,1.5408209,6448.7042386239,6423.1571718491,0,0,0,1,1,0,0,0,201,NaN,NaN,6349.14248537817,1
hard_M4_06.mat,910006,911406005,AlwaysVND,500,491,200,0,171,1.3092792,6206.5545157445,6190.56980198121,0,0,0,1,1,0,0,0,201,260,659.507859275021,6349.14248537817,1
hard_M4_06.mat,910006,911406005,AlwaysVND,1000,926,200,0,456,1.3800746,6145.22278361199,6133.19399413784,0,0,0,1,1,0,0,0,201,260,720.839591407535,6349.14248537817,1
hard_M4_06.mat,910006,911406005,AlwaysVND,1500,1448,200,0,798,1.4534785,5907.27858828907,5891.388081022,0,0,0,1,1,0,0,0,201,260,958.783786730456,6349.14248537817,1
hard_M4_06.mat,910006,911406005,AlwaysVND,2500,2500,200,0,1482,1.6083852,5434.55683224324,5421.69010925772,0,0,0,1,1,0,0,0,201,260,1431.50554277629,6349.14248537817,1
hard_M4_06.mat,910006,911406005,FB-CMPSO,500,491,200,0,171,1.31311,6206.5545157445,6190.56980198121,0,0,0,1,1,0,0,0,201,260,659.507859275021,6349.14248537817,1
hard_M4_06.mat,910006,911406005,FB-CMPSO,1000,926,200,0,456,1.3735204,6145.22278361199,6133.19399413784,0,0,0,1,1,0,0,0,201,260,720.839591407535,6349.14248537817,1
hard_M4_06.mat,910006,911406005,FB-CMPSO,1500,1448,200,0,798,1.4556177,5907.27858828907,5891.388081022,0,0,0,1,1,0,0,0,201,260,958.783786730456,6349.14248537817,1
hard_M4_06.mat,910006,911406005,FB-CMPSO,2500,2500,200,0,1482,1.5909629,5434.55683224324,5421.69010925772,0,0,0,1,1,0,0,0,201,260,1431.50554277629,6349.14248537817,1
hard_M4_06.mat,910006,911406006,Repair,500,75,0,0,0,0.0089936,8964.41262356613,5426.0831244123,35.2226339057519,0,0,0,NaN,NaN,NaN,NaN,NaN,NaN,NaN,6349.14248537817,0
hard_M4_06.mat,910006,911406006,Repair,1000,75,0,0,0,0.0089936,8964.41262356613,5426.0831244123,35.2226339057519,0,0,0,NaN,NaN,NaN,NaN,NaN,NaN,NaN,6349.14248537817,0
hard_M4_06.mat,910006,911406006,Repair,1500,75,0,0,0,0.0089936,8964.41262356613,5426.0831244123,35.2226339057519,0,0,0,NaN,NaN,NaN,NaN,NaN,NaN,NaN,6349.14248537817,0
hard_M4_06.mat,910006,911406006,Repair,2500,75,0,0,0,0.0089936,8964.41262356613,5426.0831244123,35.2226339057519,0,0,0,NaN,NaN,NaN,NaN,NaN,NaN,NaN,6349.14248537817,0
hard_M4_06.mat,910006,911406006,WarmPSO,500,500,200,0,0,1.3231641,6392.26906060862,6371.52963893248,0,0,0,1,0,18.3900038655131,0,0,233,NaN,NaN,6349.14248537817,1
hard_M4_06.mat,910006,911406006,WarmPSO,1000,980,200,0,0,1.3797151,6392.26906060862,6371.52963893248,0,0,0,1,0,18.3900038655131,0,0,233,NaN,NaN,6349.14248537817,1
hard_M4_06.mat,910006,911406006,WarmPSO,1500,1490,200,0,0,1.4526426,6273.03697349358,6252.29755181744,0,0,0,1,0,18.3900038655131,0,0,233,NaN,NaN,6349.14248537817,1
hard_M4_06.mat,910006,911406006,WarmPSO,2500,2500,200,0,0,1.596663,6273.03697349358,6252.29755181744,0,0,0,1,0,18.3900038655131,0,0,233,NaN,NaN,6349.14248537817,1
hard_M4_06.mat,910006,911406006,AlwaysVND,500,491,200,0,171,1.329641,6157.25226541573,6136.01610550878,0,0,0,1,0,18.3900038655131,0,0,233,260,489.788077801559,6349.14248537817,1
hard_M4_06.mat,910006,911406006,AlwaysVND,1000,926,200,0,456,1.3984183,5453.9738688875,5435.80368222773,0,0,0,1,0,18.3900038655131,0,0,233,260,1193.06647432979,6349.14248537817,1
hard_M4_06.mat,910006,911406006,AlwaysVND,1500,1448,200,0,798,1.4831775,5033.59408875614,5021.89720631057,0,0,0,1,0,18.3900038655131,0,0,233,260,1613.44625446115,6349.14248537817,1
hard_M4_06.mat,910006,911406006,AlwaysVND,2500,2500,200,0,1482,1.6224059,4919.07774997848,4905.40825298416,0,0,0,1,0,18.3900038655131,0,0,233,260,1727.96259323881,6349.14248537817,1
hard_M4_06.mat,910006,911406006,FB-CMPSO,500,491,200,0,171,1.3213323,6157.25226541573,6136.01610550878,0,0,0,1,0,18.3900038655131,0,0,233,260,489.788077801559,6349.14248537817,1
hard_M4_06.mat,910006,911406006,FB-CMPSO,1000,926,200,0,456,1.376111,5453.9738688875,5435.80368222773,0,0,0,1,0,18.3900038655131,0,0,233,260,1193.06647432979,6349.14248537817,1
hard_M4_06.mat,910006,911406006,FB-CMPSO,1500,1448,200,0,798,1.4427167,5033.59408875614,5021.89720631057,0,0,0,1,0,18.3900038655131,0,0,233,260,1613.44625446115,6349.14248537817,1
hard_M4_06.mat,910006,911406006,FB-CMPSO,2500,2500,200,0,1482,1.5842593,4919.07774997848,4905.40825298416,0,0,0,1,0,18.3900038655131,0,0,233,260,1727.96259323881,6349.14248537817,1
hard_M4_06.mat,910006,911406007,Repair,500,75,0,0,0,0.0079818,8964.41262356613,5426.0831244123,35.2226339057519,0,0,0,NaN,NaN,NaN,NaN,NaN,NaN,NaN,6349.14248537817,0
hard_M4_06.mat,910006,911406007,Repair,1000,75,0,0,0,0.0079818,8964.41262356613,5426.0831244123,35.2226339057519,0,0,0,NaN,NaN,NaN,NaN,NaN,NaN,NaN,6349.14248537817,0
hard_M4_06.mat,910006,911406007,Repair,1500,75,0,0,0,0.0079818,8964.41262356613,5426.0831244123,35.2226339057519,0,0,0,NaN,NaN,NaN,NaN,NaN,NaN,NaN,6349.14248537817,0
hard_M4_06.mat,910006,911406007,Repair,2500,75,0,0,0,0.0079818,8964.41262356613,5426.0831244123,35.2226339057519,0,0,0,NaN,NaN,NaN,NaN,NaN,NaN,NaN,6349.14248537817,0
hard_M4_06.mat,910006,911406007,WarmPSO,500,500,200,0,0,1.3110991,6889.21519263622,6867.32531849999,0,0,0,1,0,7.94323156536944,0,0,246,NaN,NaN,6349.14248537817,1
hard_M4_06.mat,910006,911406007,WarmPSO,1000,980,200,0,0,1.3683179,6889.21519263622,6867.32531849999,0,0,0,1,0,7.94323156536944,0,0,246,NaN,NaN,6349.14248537817,1
hard_M4_06.mat,910006,911406007,WarmPSO,1500,1490,200,0,0,1.4272567,6432.50528720436,6411.87702702036,0,0,0,1,0,7.94323156536944,0,0,246,NaN,NaN,6349.14248537817,1
hard_M4_06.mat,910006,911406007,WarmPSO,2500,2500,200,0,0,1.5389033,6273.03697349358,6252.29755181744,0,0,0,1,0,7.94323156536944,0,0,246,NaN,NaN,6349.14248537817,1
hard_M4_06.mat,910006,911406007,AlwaysVND,500,491,200,0,171,1.3139086,7150.91355963116,7129.63098866921,0,0,0,1,0,7.94323156536944,0,0,246,260,127.88745070631,6349.14248537817,1
hard_M4_06.mat,910006,911406007,AlwaysVND,1000,926,200,0,456,1.3695067,6035.86463888541,6017.29777016919,0,0,0,1,0,7.94323156536944,0,0,246,260,1242.93637145206,6349.14248537817,1
hard_M4_06.mat,910006,911406007,AlwaysVND,1500,1448,200,0,798,1.4343465,5453.9738688875,5435.80368222773,0,0,0,1,0,7.94323156536944,0,0,246,260,1824.82714144997,6349.14248537817,1
hard_M4_06.mat,910006,911406007,AlwaysVND,2500,2500,200,0,1482,1.572053,4876.01563714528,4861.61529143074,0,0,0,1,0,7.94323156536944,0,0,246,260,2402.78537319219,6349.14248537817,1
hard_M4_06.mat,910006,911406007,FB-CMPSO,500,491,200,0,171,1.3107499,7150.91355963116,7129.63098866921,0,0,0,1,0,7.94323156536944,0,0,246,260,127.88745070631,6349.14248537817,1
hard_M4_06.mat,910006,911406007,FB-CMPSO,1000,926,200,0,456,1.3688796,6035.86463888541,6017.29777016919,0,0,0,1,0,7.94323156536944,0,0,246,260,1242.93637145206,6349.14248537817,1
hard_M4_06.mat,910006,911406007,FB-CMPSO,1500,1448,200,0,798,1.4342976,5453.9738688875,5435.80368222773,0,0,0,1,0,7.94323156536944,0,0,246,260,1824.82714144997,6349.14248537817,1
hard_M4_06.mat,910006,911406007,FB-CMPSO,2500,2500,200,0,1482,1.5807649,4876.01563714528,4861.61529143074,0,0,0,1,0,7.94323156536944,0,0,246,260,2402.78537319219,6349.14248537817,1
hard_M4_06.mat,910006,911406008,Repair,500,75,0,0,0,0.0089954,8964.41262356613,5426.0831244123,35.2226339057519,0,0,0,NaN,NaN,NaN,NaN,NaN,NaN,NaN,6349.14248537817,0
hard_M4_06.mat,910006,911406008,Repair,1000,75,0,0,0,0.0089954,8964.41262356613,5426.0831244123,35.2226339057519,0,0,0,NaN,NaN,NaN,NaN,NaN,NaN,NaN,6349.14248537817,0
hard_M4_06.mat,910006,911406008,Repair,1500,75,0,0,0,0.0089954,8964.41262356613,5426.0831244123,35.2226339057519,0,0,0,NaN,NaN,NaN,NaN,NaN,NaN,NaN,6349.14248537817,0
hard_M4_06.mat,910006,911406008,Repair,2500,75,0,0,0,0.0089954,8964.41262356613,5426.0831244123,35.2226339057519,0,0,0,NaN,NaN,NaN,NaN,NaN,NaN,NaN,6349.14248537817,0
hard_M4_06.mat,910006,911406008,WarmPSO,500,500,200,0,0,1.3050431,6817.01054036539,6796.08998215617,0,0,0,1,0,31.0468504301484,0,0,249,NaN,NaN,6349.14248537817,1
hard_M4_06.mat,910006,911406008,WarmPSO,1000,980,200,0,0,1.3601979,6647.04034321729,6624.64663990621,0,0,0,1,0,31.0468504301484,0,0,249,NaN,NaN,6349.14248537817,1
hard_M4_06.mat,910006,911406008,WarmPSO,1500,1490,200,0,0,1.4182591,6300.04614687459,6281.80241391245,0,0,0,1,0,31.0468504301484,0,0,249,NaN,NaN,6349.14248537817,1
hard_M4_06.mat,910006,911406008,WarmPSO,2500,2500,200,0,0,1.5331808,6273.03697349358,6252.29755181744,0,0,0,1,0,31.0468504301484,0,0,249,NaN,NaN,6349.14248537817,1
hard_M4_06.mat,910006,911406008,AlwaysVND,500,491,200,0,171,1.3063362,6883.61073807985,6867.54104033355,0,0,0,1,0,31.0468504301484,0,0,249,260,805.117195452743,6349.14248537817,1
hard_M4_06.mat,910006,911406008,AlwaysVND,1000,926,200,0,456,1.3628342,6214.24617773258,6201.33065195997,0,0,0,1,0,31.0468504301484,0,0,249,260,1474.48175580002,6349.14248537817,1
hard_M4_06.mat,910006,911406008,AlwaysVND,1500,1448,200,0,798,1.4333439,6016.7485477067,6005.59012751389,0,0,0,1,0,31.0468504301484,0,0,249,260,1671.97938582589,6349.14248537817,1
hard_M4_06.mat,910006,911406008,AlwaysVND,2500,2500,200,0,1482,1.5703845,5343.76778345405,5330.57468825832,0,0,0,1,0,31.0468504301484,0,0,249,260,2344.96015007854,6349.14248537817,1
hard_M4_06.mat,910006,911406008,FB-CMPSO,500,491,200,0,171,1.3037325,6883.61073807985,6867.54104033355,0,0,0,1,0,31.0468504301484,0,0,249,260,805.117195452743,6349.14248537817,1
hard_M4_06.mat,910006,911406008,FB-CMPSO,1000,926,200,0,456,1.3641833,6214.24617773258,6201.33065195997,0,0,0,1,0,31.0468504301484,0,0,249,260,1474.48175580002,6349.14248537817,1
hard_M4_06.mat,910006,911406008,FB-CMPSO,1500,1448,200,0,798,1.4376051,6016.7485477067,6005.59012751389,0,0,0,1,0,31.0468504301484,0,0,249,260,1671.97938582589,6349.14248537817,1
hard_M4_06.mat,910006,911406008,FB-CMPSO,2500,2500,200,0,1482,1.5725545,5343.76778345405,5330.57468825832,0,0,0,1,0,31.0468504301484,0,0,249,260,2344.96015007854,6349.14248537817,1
hard_M4_06.mat,910006,911406009,Repair,500,75,0,0,0,0.0090224,8964.41262356613,5426.0831244123,35.2226339057519,0,0,0,NaN,NaN,NaN,NaN,NaN,NaN,NaN,6349.14248537817,0
hard_M4_06.mat,910006,911406009,Repair,1000,75,0,0,0,0.0090224,8964.41262356613,5426.0831244123,35.2226339057519,0,0,0,NaN,NaN,NaN,NaN,NaN,NaN,NaN,6349.14248537817,0
hard_M4_06.mat,910006,911406009,Repair,1500,75,0,0,0,0.0090224,8964.41262356613,5426.0831244123,35.2226339057519,0,0,0,NaN,NaN,NaN,NaN,NaN,NaN,NaN,6349.14248537817,0
hard_M4_06.mat,910006,911406009,Repair,2500,75,0,0,0,0.0090224,8964.41262356613,5426.0831244123,35.2226339057519,0,0,0,NaN,NaN,NaN,NaN,NaN,NaN,NaN,6349.14248537817,0
hard_M4_06.mat,910006,911406009,WarmPSO,500,500,200,0,0,1.3052781,6942.79958664597,6920.98828014584,0,0,0,1,0,50.754736057745,0,0,237,NaN,NaN,6349.14248537817,1
hard_M4_06.mat,910006,911406009,WarmPSO,1000,980,200,0,0,1.3615043,6942.79958664597,6920.98828014584,0,0,0,1,0,50.754736057745,0,0,237,NaN,NaN,6349.14248537817,1
hard_M4_06.mat,910006,911406009,WarmPSO,1500,1490,200,0,0,1.4224609,6942.79958664597,6920.98828014584,0,0,0,1,0,50.754736057745,0,0,237,NaN,NaN,6349.14248537817,1
hard_M4_06.mat,910006,911406009,WarmPSO,2500,2500,200,0,0,1.5411021,6932.355844844,6910.54453834387,0,0,0,1,0,50.754736057745,0,0,237,NaN,NaN,6349.14248537817,1
hard_M4_06.mat,910006,911406009,AlwaysVND,500,491,200,0,171,1.305863,5898.98627391704,5883.09017557542,0,0,0,1,0,50.754736057745,0,0,237,260,1214.66920502835,6349.14248537817,1
hard_M4_06.mat,910006,911406009,AlwaysVND,1000,926,200,0,456,1.3630898,5801.53519216601,5785.63909382439,0,0,0,1,0,50.754736057745,0,0,237,260,1312.12028677937,6349.14248537817,1
hard_M4_06.mat,910006,911406009,AlwaysVND,1500,1448,200,0,798,1.4296582,5721.83893389341,5706.38652370177,0,0,0,1,0,50.754736057745,0,0,237,260,1391.81654505198,6349.14248537817,1
hard_M4_06.mat,910006,911406009,AlwaysVND,2500,2500,200,0,1482,1.5789096,5607.15123573897,5591.62305932736,0,0,0,1,0,50.754736057745,0,0,237,260,1506.50424320641,6349.14248537817,1
hard_M4_06.mat,910006,911406009,FB-CMPSO,500,491,200,0,171,1.307807,5898.98627391704,5883.09017557542,0,0,0,1,0,50.754736057745,0,0,237,260,1214.66920502835,6349.14248537817,1
hard_M4_06.mat,910006,911406009,FB-CMPSO,1000,926,200,0,456,1.363142,5801.53519216601,5785.63909382439,0,0,0,1,0,50.754736057745,0,0,237,260,1312.12028677937,6349.14248537817,1
hard_M4_06.mat,910006,911406009,FB-CMPSO,1500,1448,200,0,798,1.4285503,5721.83893389341,5706.38652370177,0,0,0,1,0,50.754736057745,0,0,237,260,1391.81654505198,6349.14248537817,1
hard_M4_06.mat,910006,911406009,FB-CMPSO,2500,2500,200,0,1482,1.5617543,5607.15123573897,5591.62305932736,0,0,0,1,0,50.754736057745,0,0,237,260,1506.50424320641,6349.14248537817,1
hard_M4_06.mat,910006,911406010,Repair,500,75,0,0,0,0.0087304,8964.41262356613,5426.0831244123,35.2226339057519,0,0,0,NaN,NaN,NaN,NaN,NaN,NaN,NaN,6349.14248537817,0
hard_M4_06.mat,910006,911406010,Repair,1000,75,0,0,0,0.0087304,8964.41262356613,5426.0831244123,35.2226339057519,0,0,0,NaN,NaN,NaN,NaN,NaN,NaN,NaN,6349.14248537817,0
hard_M4_06.mat,910006,911406010,Repair,1500,75,0,0,0,0.0087304,8964.41262356613,5426.0831244123,35.2226339057519,0,0,0,NaN,NaN,NaN,NaN,NaN,NaN,NaN,6349.14248537817,0
hard_M4_06.mat,910006,911406010,Repair,2500,75,0,0,0,0.0087304,8964.41262356613,5426.0831244123,35.2226339057519,0,0,0,NaN,NaN,NaN,NaN,NaN,NaN,NaN,6349.14248537817,0
hard_M4_06.mat,910006,911406010,WarmPSO,500,500,200,0,0,1.3294316,7132.61852161371,7109.87188053208,0,0,0,1,0,49.7962611610257,0,0,444,NaN,NaN,6349.14248537817,1
hard_M4_06.mat,910006,911406010,WarmPSO,1000,980,200,0,0,1.3909738,6834.90476309298,6813.09345659285,0,0,0,1,0,49.7962611610257,0,0,444,NaN,NaN,6349.14248537817,1
hard_M4_06.mat,910006,911406010,WarmPSO,1500,1490,200,0,0,1.4505477,6788.59447266706,6764.72079142905,0,0,0,1,0,49.7962611610257,0,0,444,NaN,NaN,6349.14248537817,1
hard_M4_06.mat,910006,911406010,WarmPSO,2500,2500,200,0,0,1.5779547,6788.59447266706,6764.72079142905,0,0,0,1,0,49.7962611610257,0,0,444,NaN,NaN,6349.14248537817,1
hard_M4_06.mat,910006,911406010,AlwaysVND,500,491,200,0,171,1.3306467,6484.35369599797,6462.09269834954,0,0,0,1,0,49.7962611610257,0,0,275,260,1638.21652876231,6349.14248537817,1
hard_M4_06.mat,910006,911406010,AlwaysVND,1000,926,200,0,456,1.3886867,5811.13993846726,5797.48480106863,0,0,0,1,0,49.7962611610257,0,0,275,260,2311.43028629301,6349.14248537817,1
hard_M4_06.mat,910006,911406010,AlwaysVND,1500,1448,200,0,798,1.459099,5234.4814338422,5223.89113846837,0,0,0,1,0,49.7962611610257,0,0,275,260,2888.08879091807,6349.14248537817,1
hard_M4_06.mat,910006,911406010,AlwaysVND,2500,2500,200,0,1482,1.5957475,5233.88522288646,5224.68312003771,0,0,0,1,0,49.7962611610257,0,0,275,260,2888.68500187382,6349.14248537817,1
hard_M4_06.mat,910006,911406010,FB-CMPSO,500,453,200,19,114,1.3243859,6338.10701099923,6321.48351235133,0,0,0,1,0,49.7962611610257,0,0,275,309,1059.59849878857,6349.14248537817,1
hard_M4_06.mat,910006,911406010,FB-CMPSO,1000,975,200,19,456,1.3924304,5119.69090209694,5105.7001561693,0,0,0,1,0,49.7962611610257,0,0,275,309,2278.01460769086,6349.14248537817,1
hard_M4_06.mat,910006,911406010,FB-CMPSO,1500,1497,200,19,798,1.4587976,4851.96995884372,4839.72820062461,0,0,0,1,0,49.7962611610257,0,0,275,309,2545.73555094409,6349.14248537817,1
hard_M4_06.mat,910006,911406010,FB-CMPSO,2500,2500,200,19,1441,1.5947927,4515.71380158929,4504.29435303926,0,0,0,1,0,49.7962611610257,0,0,275,309,2881.99170819851,6349.14248537817,1
hard_M4_06.mat,910006,911406011,Repair,500,75,0,0,0,0.0073304,8964.41262356613,5426.0831244123,35.2226339057519,0,0,0,NaN,NaN,NaN,NaN,NaN,NaN,NaN,6349.14248537817,0
hard_M4_06.mat,910006,911406011,Repair,1000,75,0,0,0,0.0073304,8964.41262356613,5426.0831244123,35.2226339057519,0,0,0,NaN,NaN,NaN,NaN,NaN,NaN,NaN,6349.14248537817,0
hard_M4_06.mat,910006,911406011,Repair,1500,75,0,0,0,0.0073304,8964.41262356613,5426.0831244123,35.2226339057519,0,0,0,NaN,NaN,NaN,NaN,NaN,NaN,NaN,6349.14248537817,0
hard_M4_06.mat,910006,911406011,Repair,2500,75,0,0,0,0.0073304,8964.41262356613,5426.0831244123,35.2226339057519,0,0,0,NaN,NaN,NaN,NaN,NaN,NaN,NaN,6349.14248537817,0
hard_M4_06.mat,910006,911406011,WarmPSO,500,500,200,0,0,1.3089635,6992.61748997141,6970.55830382955,0,0,0,1,0,105.739577856265,0,0,267,NaN,NaN,6349.14248537817,1
hard_M4_06.mat,910006,911406011,WarmPSO,1000,980,200,0,0,1.369831,6992.61748997141,6970.55830382955,0,0,0,1,0,105.739577856265,0,0,267,NaN,NaN,6349.14248537817,1
hard_M4_06.mat,910006,911406011,WarmPSO,1500,1490,200,0,0,1.4313021,6818.82663824892,6796.77048715263,0,0,0,1,0,105.739577856265,0,0,267,NaN,NaN,6349.14248537817,1
hard_M4_06.mat,910006,911406011,WarmPSO,2500,2500,200,0,0,1.5500048,6273.91900352828,6254.10319035992,0,0,0,1,0,105.739577856265,0,0,267,NaN,NaN,6349.14248537817,1
hard_M4_06.mat,910006,911406011,AlwaysVND,500,491,200,0,171,1.3091889,7880.74076319998,7851.0213217514,0,0,0,1,0,105.739577856265,0,0,282,260,1390.01370258171,6349.14248537817,1
hard_M4_06.mat,910006,911406011,AlwaysVND,1000,926,200,0,456,1.363613,6731.94991167013,6705.77463083916,0,0,0,1,0,105.739577856265,0,0,282,260,2538.80455411156,6349.14248537817,1
hard_M4_06.mat,910006,911406011,AlwaysVND,1500,1448,200,0,798,1.4298824,6081.89290106199,6067.65549661049,0,0,0,1,0,105.739577856265,0,0,282,260,3188.8615647197,6349.14248537817,1
hard_M4_06.mat,910006,911406011,AlwaysVND,2500,2500,200,0,1482,1.5656222,5418.53379680769,5403.10583398837,0,0,0,1,0,105.739577856265,0,0,282,260,3852.22066897399,6349.14248537817,1
hard_M4_06.mat,910006,911406011,FB-CMPSO,500,415,200,38,57,1.302895,7625.45448439334,7597.51478658227,0,0,0,1,0,105.739577856265,0,0,312,358,0,6349.14248537817,1
hard_M4_06.mat,910006,911406011,FB-CMPSO,1000,937,200,38,399,1.3699905,7097.82232573493,7072.94780328215,0,0,0,1,0,105.739577856265,0,0,312,358,527.632158658406,6349.14248537817,1
hard_M4_06.mat,910006,911406011,FB-CMPSO,1500,1459,200,38,741,1.4349795,5572.91593901305,5554.07500599064,0,0,0,1,0,105.739577856265,0,0,312,358,2052.53854538029,6349.14248537817,1
hard_M4_06.mat,910006,911406011,FB-CMPSO,2500,2500,200,38,1422,1.5752472,5187.31583233846,5171.40310018942,0,0,0,1,0,105.739577856265,0,0,312,358,2438.13865205488,6349.14248537817,1
hard_M4_06.mat,910006,911406012,Repair,500,75,0,0,0,0.0078376,8964.41262356613,5426.0831244123,35.2226339057519,0,0,0,NaN,NaN,NaN,NaN,NaN,NaN,NaN,6349.14248537817,0
hard_M4_06.mat,910006,911406012,Repair,1000,75,0,0,0,0.0078376,8964.41262356613,5426.0831244123,35.2226339057519,0,0,0,NaN,NaN,NaN,NaN,NaN,NaN,NaN,6349.14248537817,0
hard_M4_06.mat,910006,911406012,Repair,1500,75,0,0,0,0.0078376,8964.41262356613,5426.0831244123,35.2226339057519,0,0,0,NaN,NaN,NaN,NaN,NaN,NaN,NaN,6349.14248537817,0
hard_M4_06.mat,910006,911406012,Repair,2500,75,0,0,0,0.0078376,8964.41262356613,5426.0831244123,35.2226339057519,0,0,0,NaN,NaN,NaN,NaN,NaN,NaN,NaN,6349.14248537817,0
hard_M4_06.mat,910006,911406012,WarmPSO,500,500,200,0,0,1.2912219,8535.42548203725,8502.57511768709,0,0,0,1,0,48.2670318262435,0,0,276,NaN,NaN,6349.14248537817,1
hard_M4_06.mat,910006,911406012,WarmPSO,1000,980,200,0,0,1.352664,6968.20338318327,6946.51545376711,0,0,0,1,0,48.2670318262435,0,0,276,NaN,NaN,6349.14248537817,1
hard_M4_06.mat,910006,911406012,WarmPSO,1500,1490,200,0,0,1.4143129,6902.1944896043,6881.17354896919,0,0,0,1,0,48.2670318262435,0,0,276,NaN,NaN,6349.14248537817,1
hard_M4_06.mat,910006,911406012,WarmPSO,2500,2500,200,0,0,1.5330343,6902.1944896043,6881.17354896919,0,0,0,1,0,48.2670318262435,0,0,276,NaN,NaN,6349.14248537817,1
hard_M4_06.mat,910006,911406012,AlwaysVND,500,491,200,0,171,1.2925875,7292.38537875542,7270.63859075112,0,0,0,1,0,48.2670318262435,0,0,335,260,3311.28999611131,6349.14248537817,1
hard_M4_06.mat,910006,911406012,AlwaysVND,1000,926,200,0,456,1.3470781,6660.34738861416,6637.9548587484,0,0,0,1,0,48.2670318262435,0,0,335,260,3943.32798625257,6349.14248537817,1
hard_M4_06.mat,910006,911406012,AlwaysVND,1500,1448,200,0,798,1.4126936,5080.57638134028,5066.81582253898,0,0,0,1,0,48.2670318262435,0,0,335,260,5523.09899352645,6349.14248537817,1
hard_M4_06.mat,910006,911406012,AlwaysVND,2500,2500,200,0,1482,1.5487201,4912.67200625266,4900.16233787922,0,0,0,1,0,48.2670318262435,0,0,335,260,5691.00336861407,6349.14248537817,1
hard_M4_06.mat,910006,911406012,FB-CMPSO,500,475,200,95,0,1.2976404,8829.38043198242,6691.86963867359,21.1577226095981,0,0,0,0,48.2670318262435,0,0,NaN,NaN,NaN,6349.14248537817,1
hard_M4_06.mat,910006,911406012,FB-CMPSO,1000,970,200,152,228,1.3628229,6352.27214204173,6324.50557025302,0,0,0,1,0,48.2670318262435,0,0,621,652,2209.70418539316,6349.14248537817,1
hard_M4_06.mat,910006,911406012,FB-CMPSO,1500,1492,200,152,570,1.4341422,5877.50361166501,5859.83298681236,0,0,0,1,0,48.2670318262435,0,0,621,652,2684.47271576987,6349.14248537817,1
hard_M4_06.mat,910006,911406012,FB-CMPSO,2500,2500,200,152,1218,1.5787456,4580.69629111502,4569.3803393479,0,0,0,1,0,48.2670318262435,0,0,621,652,3981.28003631986,6349.14248537817,1
hard_M4_06.mat,910006,911406013,Repair,500,75,0,0,0,0.0080602,8964.41262356613,5426.0831244123,35.2226339057519,0,0,0,NaN,NaN,NaN,NaN,NaN,NaN,NaN,6349.14248537817,0
hard_M4_06.mat,910006,911406013,Repair,1000,75,0,0,0,0.0080602,8964.41262356613,5426.0831244123,35.2226339057519,0,0,0,NaN,NaN,NaN,NaN,NaN,NaN,NaN,6349.14248537817,0
hard_M4_06.mat,910006,911406013,Repair,1500,75,0,0,0,0.0080602,8964.41262356613,5426.0831244123,35.2226339057519,0,0,0,NaN,NaN,NaN,NaN,NaN,NaN,NaN,6349.14248537817,0
hard_M4_06.mat,910006,911406013,Repair,2500,75,0,0,0,0.0080602,8964.41262356613,5426.0831244123,35.2226339057519,0,0,0,NaN,NaN,NaN,NaN,NaN,NaN,NaN,6349.14248537817,0
hard_M4_06.mat,910006,911406013,WarmPSO,500,500,200,0,0,1.3139659,7867.41480853901,7847.13662906997,0,0,0,1,0,46.7586425707079,0,0,259,NaN,NaN,6349.14248537817,1
hard_M4_06.mat,910006,911406013,WarmPSO,1000,980,200,0,0,1.3705302,7251.85551274742,7232.43663703122,0,0,0,1,0,46.7586425707079,0,0,259,NaN,NaN,6349.14248537817,1
hard_M4_06.mat,910006,911406013,WarmPSO,1500,1490,200,0,0,1.4270011,7251.85551274742,7232.43663703122,0,0,0,1,0,46.7586425707079,0,0,259,NaN,NaN,6349.14248537817,1
hard_M4_06.mat,910006,911406013,WarmPSO,2500,2500,200,0,0,1.5378002,7251.85551274742,7232.43663703122,0,0,0,1,0,46.7586425707079,0,0,259,NaN,NaN,6349.14248537817,1
hard_M4_06.mat,910006,911406013,AlwaysVND,500,491,200,0,171,1.3082079,7279.39693999621,7259.43334345616,0,0,0,1,0,46.7586425707079,0,0,259,260,632.138953629844,6349.14248537817,1
hard_M4_06.mat,910006,911406013,AlwaysVND,1000,926,200,0,456,1.3630554,6128.24004208342,6109.88731341052,0,0,0,1,0,46.7586425707079,0,0,259,260,1783.29585154263,6349.14248537817,1
hard_M4_06.mat,910006,911406013,AlwaysVND,1500,1448,200,0,798,1.4287872,5942.98810423731,5926.51246736502,0,0,0,1,0,46.7586425707079,0,0,259,260,1968.54778938874,6349.14248537817,1
hard_M4_06.mat,910006,911406013,AlwaysVND,2500,2500,200,0,1482,1.5674473,5575.26105762895,5560.8157333684,0,0,0,1,0,46.7586425707079,0,0,259,260,2336.2748359971,6349.14248537817,1
hard_M4_06.mat,910006,911406013,FB-CMPSO,500,491,200,0,171,1.3087742,7279.39693999621,7259.43334345616,0,0,0,1,0,46.7586425707079,0,0,259,260,632.138953629844,6349.14248537817,1
hard_M4_06.mat,910006,911406013,FB-CMPSO,1000,926,200,0,456,1.3638719,6128.24004208342,6109.88731341052,0,0,0,1,0,46.7586425707079,0,0,259,260,1783.29585154263,6349.14248537817,1
hard_M4_06.mat,910006,911406013,FB-CMPSO,1500,1448,200,0,798,1.4319709,5942.98810423731,5926.51246736502,0,0,0,1,0,46.7586425707079,0,0,259,260,1968.54778938874,6349.14248537817,1
hard_M4_06.mat,910006,911406013,FB-CMPSO,2500,2500,200,0,1482,1.5836282,5575.26105762895,5560.8157333684,0,0,0,1,0,46.7586425707079,0,0,259,260,2336.2748359971,6349.14248537817,1
hard_M4_06.mat,910006,911406014,Repair,500,75,0,0,0,0.0078753,8964.41262356613,5426.0831244123,35.2226339057519,0,0,0,NaN,NaN,NaN,NaN,NaN,NaN,NaN,6349.14248537817,0
hard_M4_06.mat,910006,911406014,Repair,1000,75,0,0,0,0.0078753,8964.41262356613,5426.0831244123,35.2226339057519,0,0,0,NaN,NaN,NaN,NaN,NaN,NaN,NaN,6349.14248537817,0
hard_M4_06.mat,910006,911406014,Repair,1500,75,0,0,0,0.0078753,8964.41262356613,5426.0831244123,35.2226339057519,0,0,0,NaN,NaN,NaN,NaN,NaN,NaN,NaN,6349.14248537817,0
hard_M4_06.mat,910006,911406014,Repair,2500,75,0,0,0,0.0078753,8964.41262356613,5426.0831244123,35.2226339057519,0,0,0,NaN,NaN,NaN,NaN,NaN,NaN,NaN,6349.14248537817,0
hard_M4_06.mat,910006,911406014,WarmPSO,500,500,200,0,0,1.3104621,7530.60532958666,7510.45151757681,0,0,0,1,0,7.94323156536944,0,0,270,NaN,NaN,6349.14248537817,1
hard_M4_06.mat,910006,911406014,WarmPSO,1000,980,200,0,0,1.3676086,6706.83865766731,6682.39455840208,0,0,0,1,0,7.94323156536944,0,0,270,NaN,NaN,6349.14248537817,1
hard_M4_06.mat,910006,911406014,WarmPSO,1500,1490,200,0,0,1.425319,6706.83865766731,6682.39455840208,0,0,0,1,0,7.94323156536944,0,0,270,NaN,NaN,6349.14248537817,1
hard_M4_06.mat,910006,911406014,WarmPSO,2500,2500,200,0,0,1.5429936,6273.03697349358,6252.29755181744,0,0,0,1,0,7.94323156536944,0,0,270,NaN,NaN,6349.14248537817,1
hard_M4_06.mat,910006,911406014,AlwaysVND,500,491,200,0,171,1.3120487,6549.99872840693,6528.07463865279,0,0,0,1,0,7.94323156536944,0,0,282,260,1600.5232207144,6349.14248537817,1
hard_M4_06.mat,910006,911406014,AlwaysVND,1000,926,200,0,456,1.3693644,5994.18933920515,5979.07113450336,0,0,0,1,0,7.94323156536944,0,0,282,260,2156.33260991618,6349.14248537817,1
hard_M4_06.mat,910006,911406014,AlwaysVND,1500,1448,200,0,798,1.4375396,5137.58713439095,5119.05659139951,0,0,0,1,0,7.94323156536944,0,0,282,260,3012.93481473037,6349.14248537817,1
hard_M4_06.mat,910006,911406014,AlwaysVND,2500,2500,200,0,1482,1.5720598,4798.27473197698,4786.49100780231,0,0,0,1,0,7.94323156536944,0,0,282,260,3352.24721714434,6349.14248537817,1
hard_M4_06.mat,910006,911406014,FB-CMPSO,500,453,200,19,114,1.3081378,6201.31128154894,6184.30273975162,0,0,0,1,0,7.94323156536944,0,0,277,309,1289.31895922327,6349.14248537817,1
hard_M4_06.mat,910006,911406014,FB-CMPSO,1000,975,200,19,456,1.3944559,5710.09253984801,5696.36550046537,0,0,0,1,0,7.94323156536944,0,0,277,309,1780.53770092419,6349.14248537817,1
hard_M4_06.mat,910006,911406014,FB-CMPSO,1500,1497,200,19,798,1.4666468,5484.80818321861,5473.53752402963,0,0,0,1,0,7.94323156536944,0,0,277,309,2005.82205755359,6349.14248537817,1
hard_M4_06.mat,910006,911406014,FB-CMPSO,2500,2500,200,19,1441,1.597401,4857.0203409594,4844.57485710984,0,0,0,1,0,7.94323156536944,0,0,277,309,2633.6098998128,6349.14248537817,1
hard_M4_06.mat,910006,911406015,Repair,500,75,0,0,0,0.0079986,8964.41262356613,5426.0831244123,35.2226339057519,0,0,0,NaN,NaN,NaN,NaN,NaN,NaN,NaN,6349.14248537817,0
hard_M4_06.mat,910006,911406015,Repair,1000,75,0,0,0,0.0079986,8964.41262356613,5426.0831244123,35.2226339057519,0,0,0,NaN,NaN,NaN,NaN,NaN,NaN,NaN,6349.14248537817,0
hard_M4_06.mat,910006,911406015,Repair,1500,75,0,0,0,0.0079986,8964.41262356613,5426.0831244123,35.2226339057519,0,0,0,NaN,NaN,NaN,NaN,NaN,NaN,NaN,6349.14248537817,0
hard_M4_06.mat,910006,911406015,Repair,2500,75,0,0,0,0.0079986,8964.41262356613,5426.0831244123,35.2226339057519,0,0,0,NaN,NaN,NaN,NaN,NaN,NaN,NaN,6349.14248537817,0
hard_M4_06.mat,910006,911406015,WarmPSO,500,500,200,0,0,1.2999739,9389.62080308793,9356.55222027101,0,0,0,1,0,32.0714126251199,0,0,286,NaN,NaN,6349.14248537817,0
hard_M4_06.mat,910006,911406015,WarmPSO,1000,980,200,0,0,1.3549013,8195.39800861499,8169.27178583761,0,0,0,1,0,32.0714126251199,0,0,286,NaN,NaN,6349.14248537817,1
hard_M4_06.mat,910006,911406015,WarmPSO,1500,1490,200,0,0,1.4124783,7773.2271971116,7752.0198911803,0,0,0,1,0,32.0714126251199,0,0,286,NaN,NaN,6349.14248537817,1
hard_M4_06.mat,910006,911406015,WarmPSO,2500,2500,200,0,0,1.5282326,6546.38259168633,6522.72748156646,0,0,0,1,0,32.0714126251199,0,0,286,NaN,NaN,6349.14248537817,1
hard_M4_06.mat,910006,911406015,AlwaysVND,500,491,200,0,171,1.2973642,7226.7988264562,7206.6146998181,0,0,0,1,0,32.0714126251199,0,0,307,260,4519.88097876918,6349.14248537817,1
hard_M4_06.mat,910006,911406015,AlwaysVND,1000,926,200,0,456,1.3538137,6681.26285337487,6661.08083028394,0,0,0,1,0,32.0714126251199,0,0,307,260,5065.41695185051,6349.14248537817,1
hard_M4_06.mat,910006,911406015,AlwaysVND,1500,1448,200,0,798,1.4181905,6065.80654446543,6048.63124057569,0,0,0,1,0,32.0714126251199,0,0,307,260,5680.87326075994,6349.14248537817,1
hard_M4_06.mat,910006,911406015,AlwaysVND,2500,2500,200,0,1482,1.5567514,5266.2887941579,5253.76409495981,0,0,0,1,0,32.0714126251199,0,0,307,260,6480.39101106747,6349.14248537817,1
hard_M4_06.mat,910006,911406015,FB-CMPSO,500,453,200,19,114,1.3006333,7644.01680607984,7619.78014307481,0,0,0,1,0,32.0714126251199,0,0,291,309,2983.5021931038,6349.14248537817,1
hard_M4_06.mat,910006,911406015,FB-CMPSO,1000,975,200,19,456,1.3895532,6406.16285172396,6381.49101763399,0,0,0,1,0,32.0714126251199,0,0,291,309,4221.35614745968,6349.14248537817,1
hard_M4_06.mat,910006,911406015,FB-CMPSO,1500,1497,200,19,798,1.4630985,5596.48142124597,5579.0209249365,0,0,0,1,0,32.0714126251199,0,0,291,309,5031.03757793767,6349.14248537817,1
hard_M4_06.mat,910006,911406015,FB-CMPSO,2500,2500,200,19,1441,1.5887137,4763.95098347917,4752.73898057675,0,0,0,1,0,32.0714126251199,0,0,291,309,5863.56801570447,6349.14248537817,1
hard_M4_06.mat,910006,911406016,Repair,500,75,0,0,0,0.0087906,8964.41262356613,5426.0831244123,35.2226339057519,0,0,0,NaN,NaN,NaN,NaN,NaN,NaN,NaN,6349.14248537817,0
hard_M4_06.mat,910006,911406016,Repair,1000,75,0,0,0,0.0087906,8964.41262356613,5426.0831244123,35.2226339057519,0,0,0,NaN,NaN,NaN,NaN,NaN,NaN,NaN,6349.14248537817,0
hard_M4_06.mat,910006,911406016,Repair,1500,75,0,0,0,0.0087906,8964.41262356613,5426.0831244123,35.2226339057519,0,0,0,NaN,NaN,NaN,NaN,NaN,NaN,NaN,6349.14248537817,0
hard_M4_06.mat,910006,911406016,Repair,2500,75,0,0,0,0.0087906,8964.41262356613,5426.0831244123,35.2226339057519,0,0,0,NaN,NaN,NaN,NaN,NaN,NaN,NaN,6349.14248537817,0
hard_M4_06.mat,910006,911406016,WarmPSO,500,500,200,0,0,1.2941576,7384.89733946336,7360.0226089558,0,0,0,1,0,7.94323156536944,0,0,262,NaN,NaN,6349.14248537817,1
hard_M4_06.mat,910006,911406016,WarmPSO,1000,980,200,0,0,1.3511584,7356.40228499648,7334.76108988105,0,0,0,1,0,7.94323156536944,0,0,262,NaN,NaN,6349.14248537817,1
hard_M4_06.mat,910006,911406016,WarmPSO,1500,1490,200,0,0,1.4090977,6916.25347546952,6896.56815858836,0,0,0,1,0,7.94323156536944,0,0,262,NaN,NaN,6349.14248537817,1
hard_M4_06.mat,910006,911406016,WarmPSO,2500,2500,200,0,0,1.5196132,6332.82224037421,6310.48520539944,0,0,0,1,0,7.94323156536944,0,0,262,NaN,NaN,6349.14248537817,1
hard_M4_06.mat,910006,911406016,AlwaysVND,500,491,200,0,171,1.2949492,6280.27786041279,6264.62788631893,0,0,0,1,0,7.94323156536944,0,0,283,260,2360.1482333228,6349.14248537817,1
hard_M4_06.mat,910006,911406016,AlwaysVND,1000,926,200,0,456,1.3535876,5980.48736163193,5967.92016244935,0,0,0,1,0,7.94323156536944,0,0,283,260,2659.93873210367,6349.14248537817,1
hard_M4_06.mat,910006,911406016,AlwaysVND,1500,1448,200,0,798,1.4235997,5740.76273902397,5729.51043168017,0,0,0,1,0,7.94323156536944,0,0,283,260,2899.66335471163,6349.14248537817,1
hard_M4_06.mat,910006,911406016,AlwaysVND,2500,2500,200,0,1482,1.5664759,5345.0212974781,5333.41695017582,0,0,0,1,0,7.94323156536944,0,0,283,260,3295.4047962575,6349.14248537817,1
hard_M4_06.mat,910006,911406016,FB-CMPSO,500,453,200,19,114,1.2932799,6718.51608735637,6699.71991414598,0,0,0,1,0,7.94323156536944,0,0,263,309,1160.19414949381,6349.14248537817,1
hard_M4_06.mat,910006,911406016,FB-CMPSO,1000,975,200,19,456,1.3595527,6202.85025237008,6185.77226436031,0,0,0,1,0,7.94323156536944,0,0,263,309,1675.8599844801,6349.14248537817,1
hard_M4_06.mat,910006,911406016,FB-CMPSO,1500,1497,200,19,798,1.4249263,5078.05266931411,5062.40016477135,0,0,0,1,0,7.94323156536944,0,0,263,309,2800.65756753607,6349.14248537817,1
hard_M4_06.mat,910006,911406016,FB-CMPSO,2500,2500,200,19,1441,1.5545989,4889.66952186027,4878.02119037244,0,0,0,1,0,7.94323156536944,0,0,263,309,2989.04071498991,6349.14248537817,1
hard_M4_06.mat,910006,911406017,Repair,500,75,0,0,0,0.0076852,8964.41262356613,5426.0831244123,35.2226339057519,0,0,0,NaN,NaN,NaN,NaN,NaN,NaN,NaN,6349.14248537817,0
hard_M4_06.mat,910006,911406017,Repair,1000,75,0,0,0,0.0076852,8964.41262356613,5426.0831244123,35.2226339057519,0,0,0,NaN,NaN,NaN,NaN,NaN,NaN,NaN,6349.14248537817,0
hard_M4_06.mat,910006,911406017,Repair,1500,75,0,0,0,0.0076852,8964.41262356613,5426.0831244123,35.2226339057519,0,0,0,NaN,NaN,NaN,NaN,NaN,NaN,NaN,6349.14248537817,0
hard_M4_06.mat,910006,911406017,Repair,2500,75,0,0,0,0.0076852,8964.41262356613,5426.0831244123,35.2226339057519,0,0,0,NaN,NaN,NaN,NaN,NaN,NaN,NaN,6349.14248537817,0
hard_M4_06.mat,910006,911406017,WarmPSO,500,500,200,0,0,1.3018314,9776.23324229323,9746.55896908436,0,0,0,1,0,55.7279217781625,0,0,346,NaN,NaN,6349.14248537817,0
hard_M4_06.mat,910006,911406017,WarmPSO,1000,980,200,0,0,1.3588345,7869.1580212008,7842.29781397243,0,0,0,1,0,55.7279217781625,0,0,346,NaN,NaN,6349.14248537817,1
hard_M4_06.mat,910006,911406017,WarmPSO,1500,1490,200,0,0,1.4172066,7507.9723045551,7485.12845867692,0,0,0,1,0,55.7279217781625,0,0,346,NaN,NaN,6349.14248537817,1
hard_M4_06.mat,910006,911406017,WarmPSO,2500,2500,200,0,0,1.535349,6623.29896640797,6603.83306279732,0,0,0,1,0,55.7279217781625,0,0,346,NaN,NaN,6349.14248537817,1
hard_M4_06.mat,910006,911406017,AlwaysVND,500,491,200,0,171,1.3073346,7242.16522980164,7218.08832147914,0,0,0,1,0,55.7279217781625,0,0,270,260,2311.39533812534,6349.14248537817,1
hard_M4_06.mat,910006,911406017,AlwaysVND,1000,926,200,0,456,1.3609049,6452.9495430736,6441.32248361596,0,0,0,1,0,55.7279217781625,0,0,270,260,3100.61102485338,6349.14248537817,1
hard_M4_06.mat,910006,911406017,AlwaysVND,1500,1448,200,0,798,1.4274192,5839.29803867258,5826.09199465784,0,0,0,1,0,55.7279217781625,0,0,270,260,3714.2625292544,6349.14248537817,1
hard_M4_06.mat,910006,911406017,AlwaysVND,2500,2500,200,0,1482,1.5910788,5717.42236839164,5704.6588823694,0,0,0,1,0,55.7279217781625,0,0,270,260,3836.13819953534,6349.14248537817,1
hard_M4_06.mat,910006,911406017,FB-CMPSO,500,415,200,38,57,1.2916097,6926.59895303639,6902.34865384623,0,0,0,1,0,55.7279217781625,0,0,318,358,281.95403049999,6349.14248537817,1
hard_M4_06.mat,910006,911406017,FB-CMPSO,1000,937,200,38,399,1.3612254,5377.85489586719,5364.95597957,0,0,0,1,0,55.7279217781625,0,0,318,358,1830.69808766919,6349.14248537817,1
hard_M4_06.mat,910006,911406017,FB-CMPSO,1500,1459,200,38,741,1.4309129,5016.87856102861,5002.7737008048,0,0,0,1,0,55.7279217781625,0,0,318,358,2191.67442250777,6349.14248537817,1
hard_M4_06.mat,910006,911406017,FB-CMPSO,2500,2500,200,38,1422,1.5686877,4638.84027763719,4632.81110073212,0,0,0,1,0,55.7279217781625,0,0,318,358,2569.71270589919,6349.14248537817,1
hard_M4_06.mat,910006,911406018,Repair,500,75,0,0,0,0.0089493,8964.41262356613,5426.0831244123,35.2226339057519,0,0,0,NaN,NaN,NaN,NaN,NaN,NaN,NaN,6349.14248537817,0
hard_M4_06.mat,910006,911406018,Repair,1000,75,0,0,0,0.0089493,8964.41262356613,5426.0831244123,35.2226339057519,0,0,0,NaN,NaN,NaN,NaN,NaN,NaN,NaN,6349.14248537817,0
hard_M4_06.mat,910006,911406018,Repair,1500,75,0,0,0,0.0089493,8964.41262356613,5426.0831244123,35.2226339057519,0,0,0,NaN,NaN,NaN,NaN,NaN,NaN,NaN,6349.14248537817,0
hard_M4_06.mat,910006,911406018,Repair,2500,75,0,0,0,0.0089493,8964.41262356613,5426.0831244123,35.2226339057519,0,0,0,NaN,NaN,NaN,NaN,NaN,NaN,NaN,6349.14248537817,0
hard_M4_06.mat,910006,911406018,WarmPSO,500,500,200,0,0,1.3105317,7957.75540364262,7926.39577279837,0,0,0,1,1,0,0,0,201,NaN,NaN,6349.14248537817,1
hard_M4_06.mat,910006,911406018,WarmPSO,1000,980,200,0,0,1.3733442,6758.37106652209,6740.54181203723,0,0,0,1,1,0,0,0,201,NaN,NaN,6349.14248537817,1
hard_M4_06.mat,910006,911406018,WarmPSO,1500,1490,200,0,0,1.4361165,6579.53655707561,6562.12979308769,0,0,0,1,1,0,0,0,201,NaN,NaN,6349.14248537817,1
hard_M4_06.mat,910006,911406018,WarmPSO,2500,2500,200,0,0,1.553428,6491.43558882236,6473.91279747433,0,0,0,1,1,0,0,0,201,NaN,NaN,6349.14248537817,1
hard_M4_06.mat,910006,911406018,AlwaysVND,500,491,200,0,171,1.3095892,6054.46380434005,6033.6887714115,0,0,0,1,1,0,0,0,201,260,1903.29159930256,6349.14248537817,1
hard_M4_06.mat,910006,911406018,AlwaysVND,1000,926,200,0,456,1.3668186,5373.0702280836,5361.63854785813,0,0,0,1,1,0,0,0,201,260,2584.68517555901,6349.14248537817,1
hard_M4_06.mat,910006,911406018,AlwaysVND,1500,1448,200,0,798,1.4497719,5080.57638134028,5066.81582253898,0,0,0,1,1,0,0,0,201,260,2877.17902230233,6349.14248537817,1
hard_M4_06.mat,910006,911406018,AlwaysVND,2500,2500,200,0,1482,1.5927343,4840.29920847361,4827.78954010017,0,0,0,1,1,0,0,0,201,260,3117.45619516901,6349.14248537817,1
hard_M4_06.mat,910006,911406018,FB-CMPSO,500,491,200,0,171,1.3088901,6054.46380434005,6033.6887714115,0,0,0,1,1,0,0,0,201,260,1903.29159930256,6349.14248537817,1
hard_M4_06.mat,910006,911406018,FB-CMPSO,1000,926,200,0,456,1.365338,5373.0702280836,5361.63854785813,0,0,0,1,1,0,0,0,201,260,2584.68517555901,6349.14248537817,1
hard_M4_06.mat,910006,911406018,FB-CMPSO,1500,1448,200,0,798,1.4338841,5080.57638134028,5066.81582253898,0,0,0,1,1,0,0,0,201,260,2877.17902230233,6349.14248537817,1
hard_M4_06.mat,910006,911406018,FB-CMPSO,2500,2500,200,0,1482,1.5712698,4840.29920847361,4827.78954010017,0,0,0,1,1,0,0,0,201,260,3117.45619516901,6349.14248537817,1
hard_M4_06.mat,910006,911406019,Repair,500,75,0,0,0,0.0094559,8964.41262356613,5426.0831244123,35.2226339057519,0,0,0,NaN,NaN,NaN,NaN,NaN,NaN,NaN,6349.14248537817,0
hard_M4_06.mat,910006,911406019,Repair,1000,75,0,0,0,0.0094559,8964.41262356613,5426.0831244123,35.2226339057519,0,0,0,NaN,NaN,NaN,NaN,NaN,NaN,NaN,6349.14248537817,0
hard_M4_06.mat,910006,911406019,Repair,1500,75,0,0,0,0.0094559,8964.41262356613,5426.0831244123,35.2226339057519,0,0,0,NaN,NaN,NaN,NaN,NaN,NaN,NaN,6349.14248537817,0
hard_M4_06.mat,910006,911406019,Repair,2500,75,0,0,0,0.0094559,8964.41262356613,5426.0831244123,35.2226339057519,0,0,0,NaN,NaN,NaN,NaN,NaN,NaN,NaN,6349.14248537817,0
hard_M4_06.mat,910006,911406019,WarmPSO,500,500,200,0,0,1.3053363,6890.00945619536,6873.33728718615,0,0,0,1,0,7.94323156536944,0,0,232,NaN,NaN,6349.14248537817,1
hard_M4_06.mat,910006,911406019,WarmPSO,1000,980,200,0,0,1.3601943,6815.14166695127,6798.4373277063,0,0,0,1,0,7.94323156536944,0,0,232,NaN,NaN,6349.14248537817,1
hard_M4_06.mat,910006,911406019,WarmPSO,1500,1490,200,0,0,1.4170778,6815.14166695127,6798.4373277063,0,0,0,1,0,7.94323156536944,0,0,232,NaN,NaN,6349.14248537817,1
hard_M4_06.mat,910006,911406019,WarmPSO,2500,2500,200,0,0,1.529544,6036.37367195966,6021.8059359406,0,0,0,1,0,7.94323156536944,0,0,232,NaN,NaN,6349.14248537817,1
hard_M4_06.mat,910006,911406019,AlwaysVND,500,491,200,0,171,1.3046216,6572.6827599014,6550.82456468579,0,0,0,1,0,7.94323156536944,0,0,232,260,803.616174024118,6349.14248537817,1
hard_M4_06.mat,910006,911406019,AlwaysVND,1000,926,200,0,456,1.3629531,6315.90327298629,6295.29601139954,0,0,0,1,0,7.94323156536944,0,0,232,260,1060.39566093922,6349.14248537817,1
hard_M4_06.mat,910006,911406019,AlwaysVND,1500,1448,200,0,798,1.4513915,6175.4023441198,6157.02799299528,0,0,0,1,0,7.94323156536944,0,0,232,260,1200.89658980572,6349.14248537817,1
hard_M4_06.mat,910006,911406019,AlwaysVND,2500,2500,200,0,1482,1.5819776,5653.51529654092,5639.22244412,0,0,0,1,0,7.94323156536944,0,0,232,260,1722.7836373846,6349.14248537817,1
hard_M4_06.mat,910006,911406019,FB-CMPSO,500,491,200,0,171,1.3072749,6572.6827599014,6550.82456468579,0,0,0,1,0,7.94323156536944,0,0,232,260,803.616174024118,6349.14248537817,1
hard_M4_06.mat,910006,911406019,FB-CMPSO,1000,926,200,0,456,1.3631223,6315.90327298629,6295.29601139954,0,0,0,1,0,7.94323156536944,0,0,232,260,1060.39566093922,6349.14248537817,1
hard_M4_06.mat,910006,911406019,FB-CMPSO,1500,1448,200,0,798,1.4292744,6175.4023441198,6157.02799299528,0,0,0,1,0,7.94323156536944,0,0,232,260,1200.89658980572,6349.14248537817,1
hard_M4_06.mat,910006,911406019,FB-CMPSO,2500,2500,200,0,1482,1.5670634,5653.51529654092,5639.22244412,0,0,0,1,0,7.94323156536944,0,0,232,260,1722.7836373846,6349.14248537817,1
hard_M4_06.mat,910006,911406020,Repair,500,75,0,0,0,0.008612,8964.41262356613,5426.0831244123,35.2226339057519,0,0,0,NaN,NaN,NaN,NaN,NaN,NaN,NaN,6349.14248537817,0
hard_M4_06.mat,910006,911406020,Repair,1000,75,0,0,0,0.008612,8964.41262356613,5426.0831244123,35.2226339057519,0,0,0,NaN,NaN,NaN,NaN,NaN,NaN,NaN,6349.14248537817,0
hard_M4_06.mat,910006,911406020,Repair,1500,75,0,0,0,0.008612,8964.41262356613,5426.0831244123,35.2226339057519,0,0,0,NaN,NaN,NaN,NaN,NaN,NaN,NaN,6349.14248537817,0
hard_M4_06.mat,910006,911406020,Repair,2500,75,0,0,0,0.008612,8964.41262356613,5426.0831244123,35.2226339057519,0,0,0,NaN,NaN,NaN,NaN,NaN,NaN,NaN,6349.14248537817,0
hard_M4_06.mat,910006,911406020,WarmPSO,500,500,200,0,0,1.305682,8257.25659433985,8229.57846314619,0,0,0,1,0,15.999684372745,0,0,241,NaN,NaN,6349.14248537817,1
hard_M4_06.mat,910006,911406020,WarmPSO,1000,980,200,0,0,1.3628244,8257.25659433985,8229.57846314619,0,0,0,1,0,15.999684372745,0,0,241,NaN,NaN,6349.14248537817,1
hard_M4_06.mat,910006,911406020,WarmPSO,1500,1490,200,0,0,1.4193129,7917.42392802957,7892.37720504275,0,0,0,1,0,15.999684372745,0,0,241,NaN,NaN,6349.14248537817,1
hard_M4_06.mat,910006,911406020,WarmPSO,2500,2500,200,0,0,1.5302299,7473.02527887911,7450.4553086555,0,0,0,1,0,15.999684372745,0,0,241,NaN,NaN,6349.14248537817,1
hard_M4_06.mat,910006,911406020,AlwaysVND,500,491,200,0,171,1.3062407,7134.08377380623,7103.36053890068,0,0,0,1,0,15.999684372745,0,0,241,260,1144.26673590604,6349.14248537817,1
hard_M4_06.mat,910006,911406020,AlwaysVND,1000,926,200,0,456,1.3884554,5616.78659871087,5596.14431124886,0,0,0,1,0,15.999684372745,0,0,241,260,2661.5639110014,6349.14248537817,1
hard_M4_06.mat,910006,911406020,AlwaysVND,1500,1448,200,0,798,1.4563962,4975.08025418959,4962.88297631184,0,0,0,1,0,15.999684372745,0,0,241,260,3303.27025552268,6349.14248537817,1
hard_M4_06.mat,910006,911406020,AlwaysVND,2500,2500,200,0,1482,1.5957545,4904.09174794443,4891.01671909866,0,0,0,1,0,15.999684372745,0,0,241,260,3374.25876176783,6349.14248537817,1
hard_M4_06.mat,910006,911406020,FB-CMPSO,500,491,200,0,171,1.3071044,7134.08377380623,7103.36053890068,0,0,0,1,0,15.999684372745,0,0,241,260,1144.26673590604,6349.14248537817,1
hard_M4_06.mat,910006,911406020,FB-CMPSO,1000,926,200,0,456,1.3665736,5616.78659871087,5596.14431124886,0,0,0,1,0,15.999684372745,0,0,241,260,2661.5639110014,6349.14248537817,1
hard_M4_06.mat,910006,911406020,FB-CMPSO,1500,1448,200,0,798,1.4328045,4975.08025418959,4962.88297631184,0,0,0,1,0,15.999684372745,0,0,241,260,3303.27025552268,6349.14248537817,1
hard_M4_06.mat,910006,911406020,FB-CMPSO,2500,2500,200,0,1482,1.5805776,4904.09174794443,4891.01671909866,0,0,0,1,0,15.999684372745,0,0,241,260,3374.25876176783,6349.14248537817,1
hard_M4_06.mat,910006,911406021,Repair,500,75,0,0,0,0.008097,8964.41262356613,5426.0831244123,35.2226339057519,0,0,0,NaN,NaN,NaN,NaN,NaN,NaN,NaN,6349.14248537817,0
hard_M4_06.mat,910006,911406021,Repair,1000,75,0,0,0,0.008097,8964.41262356613,5426.0831244123,35.2226339057519,0,0,0,NaN,NaN,NaN,NaN,NaN,NaN,NaN,6349.14248537817,0
hard_M4_06.mat,910006,911406021,Repair,1500,75,0,0,0,0.008097,8964.41262356613,5426.0831244123,35.2226339057519,0,0,0,NaN,NaN,NaN,NaN,NaN,NaN,NaN,6349.14248537817,0
hard_M4_06.mat,910006,911406021,Repair,2500,75,0,0,0,0.008097,8964.41262356613,5426.0831244123,35.2226339057519,0,0,0,NaN,NaN,NaN,NaN,NaN,NaN,NaN,6349.14248537817,0
hard_M4_06.mat,910006,911406021,WarmPSO,500,500,200,0,0,1.309395,7235.09878370303,7216.40733199083,0,0,0,1,1,0,0,0,201,NaN,NaN,6349.14248537817,1
hard_M4_06.mat,910006,911406021,WarmPSO,1000,980,200,0,0,1.3642366,6976.47885407617,6955.66945735909,0,0,0,1,1,0,0,0,201,NaN,NaN,6349.14248537817,1
hard_M4_06.mat,910006,911406021,WarmPSO,1500,1490,200,0,0,1.4208464,6817.01054036539,6796.08998215617,0,0,0,1,1,0,0,0,201,NaN,NaN,6349.14248537817,1
hard_M4_06.mat,910006,911406021,WarmPSO,2500,2500,200,0,0,1.5451259,6273.03697349358,6252.29755181744,0,0,0,1,1,0,0,0,201,NaN,NaN,6349.14248537817,1
hard_M4_06.mat,910006,911406021,AlwaysVND,500,491,200,0,171,1.3210021,6273.03697349358,6252.29755181744,0,0,0,1,1,0,0,0,201,260,962.061810209451,6349.14248537817,1
hard_M4_06.mat,910006,911406021,AlwaysVND,1000,926,200,0,456,1.3825218,5893.38664834938,5874.73866171285,0,0,0,1,1,0,0,0,201,260,1341.71213535364,6349.14248537817,1
hard_M4_06.mat,910006,911406021,AlwaysVND,1500,1448,200,0,798,1.4509266,5858.35969008528,5840.44974100795,0,0,0,1,1,0,0,0,201,260,1376.73909361775,6349.14248537817,1
hard_M4_06.mat,910006,911406021,AlwaysVND,2500,2500,200,0,1482,1.6052966,4798.27473197698,4786.49100780231,0,0,0,1,1,0,0,0,201,260,2436.82405172604,6349.14248537817,1
hard_M4_06.mat,910006,911406021,FB-CMPSO,500,491,200,0,171,1.3112029,6273.03697349358,6252.29755181744,0,0,0,1,1,0,0,0,201,260,962.061810209451,6349.14248537817,1
hard_M4_06.mat,910006,911406021,FB-CMPSO,1000,926,200,0,456,1.3680461,5893.38664834938,5874.73866171285,0,0,0,1,1,0,0,0,201,260,1341.71213535364,6349.14248537817,1
hard_M4_06.mat,910006,911406021,FB-CMPSO,1500,1448,200,0,798,1.4393694,5858.35969008528,5840.44974100795,0,0,0,1,1,0,0,0,201,260,1376.73909361775,6349.14248537817,1
hard_M4_06.mat,910006,911406021,FB-CMPSO,2500,2500,200,0,1482,1.5717227,4798.27473197698,4786.49100780231,0,0,0,1,1,0,0,0,201,260,2436.82405172604,6349.14248537817,1
hard_M4_06.mat,910006,911406022,Repair,500,75,0,0,0,0.0075141,8964.41262356613,5426.0831244123,35.2226339057519,0,0,0,NaN,NaN,NaN,NaN,NaN,NaN,NaN,6349.14248537817,0
hard_M4_06.mat,910006,911406022,Repair,1000,75,0,0,0,0.0075141,8964.41262356613,5426.0831244123,35.2226339057519,0,0,0,NaN,NaN,NaN,NaN,NaN,NaN,NaN,6349.14248537817,0
hard_M4_06.mat,910006,911406022,Repair,1500,75,0,0,0,0.0075141,8964.41262356613,5426.0831244123,35.2226339057519,0,0,0,NaN,NaN,NaN,NaN,NaN,NaN,NaN,6349.14248537817,0
hard_M4_06.mat,910006,911406022,Repair,2500,75,0,0,0,0.0075141,8964.41262356613,5426.0831244123,35.2226339057519,0,0,0,NaN,NaN,NaN,NaN,NaN,NaN,NaN,6349.14248537817,0
hard_M4_06.mat,910006,911406022,WarmPSO,500,500,200,0,0,1.2954184,6273.03697349358,6252.29755181744,0,0,0,1,0,50.2381217741855,0,0,235,NaN,NaN,6349.14248537817,1
hard_M4_06.mat,910006,911406022,WarmPSO,1000,980,200,0,0,1.3516677,6273.03697349358,6252.29755181744,0,0,0,1,0,50.2381217741855,0,0,235,NaN,NaN,6349.14248537817,1
hard_M4_06.mat,910006,911406022,WarmPSO,1500,1490,200,0,0,1.4192156,6273.03697349358,6252.29755181744,0,0,0,1,0,50.2381217741855,0,0,235,NaN,NaN,6349.14248537817,1
hard_M4_06.mat,910006,911406022,WarmPSO,2500,2500,200,0,0,1.5607385,6273.03697349358,6252.29755181744,0,0,0,1,0,50.2381217741855,0,0,235,NaN,NaN,6349.14248537817,1
hard_M4_06.mat,910006,911406022,AlwaysVND,500,491,200,0,171,1.2987079,6180.5334906621,6158.47889386193,0,0,0,1,0,50.2381217741855,0,0,235,260,467.401930159282,6349.14248537817,1
hard_M4_06.mat,910006,911406022,AlwaysVND,1000,926,200,0,456,1.3525647,5892.65186714218,5878.03198742792,0,0,0,1,0,50.2381217741855,0,0,235,260,755.283553679204,6349.14248537817,1
hard_M4_06.mat,910006,911406022,AlwaysVND,1500,1448,200,0,798,1.4294242,5677.47358950769,5665.03106945506,0,0,0,1,0,50.2381217741855,0,0,235,260,970.461831313696,6349.14248537817,1
hard_M4_06.mat,910006,911406022,AlwaysVND,2500,2500,200,0,1482,1.5633193,4883.19225291716,4865.83577766105,0,0,0,1,0,50.2381217741855,0,0,235,260,1764.74316790422,6349.14248537817,1
hard_M4_06.mat,910006,911406022,FB-CMPSO,500,491,200,0,171,1.2949107,6180.5334906621,6158.47889386193,0,0,0,1,0,50.2381217741855,0,0,235,260,467.401930159282,6349.14248537817,1
hard_M4_06.mat,910006,911406022,FB-CMPSO,1000,926,200,0,456,1.3506361,5892.65186714218,5878.03198742792,0,0,0,1,0,50.2381217741855,0,0,235,260,755.283553679204,6349.14248537817,1
hard_M4_06.mat,910006,911406022,FB-CMPSO,1500,1448,200,0,798,1.4151146,5677.47358950769,5665.03106945506,0,0,0,1,0,50.2381217741855,0,0,235,260,970.461831313696,6349.14248537817,1
hard_M4_06.mat,910006,911406022,FB-CMPSO,2500,2500,200,0,1482,1.5470044,4883.19225291716,4865.83577766105,0,0,0,1,0,50.2381217741855,0,0,235,260,1764.74316790422,6349.14248537817,1
hard_M4_06.mat,910006,911406023,Repair,500,75,0,0,0,0.008596,8964.41262356613,5426.0831244123,35.2226339057519,0,0,0,NaN,NaN,NaN,NaN,NaN,NaN,NaN,6349.14248537817,0
hard_M4_06.mat,910006,911406023,Repair,1000,75,0,0,0,0.008596,8964.41262356613,5426.0831244123,35.2226339057519,0,0,0,NaN,NaN,NaN,NaN,NaN,NaN,NaN,6349.14248537817,0
hard_M4_06.mat,910006,911406023,Repair,1500,75,0,0,0,0.008596,8964.41262356613,5426.0831244123,35.2226339057519,0,0,0,NaN,NaN,NaN,NaN,NaN,NaN,NaN,6349.14248537817,0
hard_M4_06.mat,910006,911406023,Repair,2500,75,0,0,0,0.008596,8964.41262356613,5426.0831244123,35.2226339057519,0,0,0,NaN,NaN,NaN,NaN,NaN,NaN,NaN,6349.14248537817,0
hard_M4_06.mat,910006,911406023,WarmPSO,500,500,200,0,0,1.3301017,7538.94957792336,7515.42213648679,0,0,0,1,0,7.94323156536944,0,0,259,NaN,NaN,6349.14248537817,1
hard_M4_06.mat,910006,911406023,WarmPSO,1000,980,200,0,0,1.390501,7518.39970838562,7487.47961871535,0,0,0,1,0,7.94323156536944,0,0,259,NaN,NaN,6349.14248537817,1
hard_M4_06.mat,910006,911406023,WarmPSO,1500,1490,200,0,0,1.4815078,7127.61437609954,7104.05165283824,0,0,0,1,0,7.94323156536944,0,0,259,NaN,NaN,6349.14248537817,1
hard_M4_06.mat,910006,911406023,WarmPSO,2500,2500,200,0,0,1.6079662,6491.16392769172,6466.61001889934,0,0,0,1,0,7.94323156536944,0,0,259,NaN,NaN,6349.14248537817,1
hard_M4_06.mat,910006,911406023,AlwaysVND,500,491,200,0,171,1.3337243,7100.26891462118,7070.92689214907,0,0,0,1,0,7.94323156536944,0,0,259,260,867.569333671107,6349.14248537817,1
hard_M4_06.mat,910006,911406023,AlwaysVND,1000,926,200,0,456,1.4028962,5998.07337166011,5984.09215654523,0,0,0,1,0,7.94323156536944,0,0,259,260,1969.76487663218,6349.14248537817,1
hard_M4_06.mat,910006,911406023,AlwaysVND,1500,1448,200,0,798,1.5106554,5845.04876147326,5832.78585544265,0,0,0,1,0,7.94323156536944,0,0,259,260,2122.78948681903,6349.14248537817,1
hard_M4_06.mat,910006,911406023,AlwaysVND,2500,2500,200,0,1482,1.6724711,5674.63349847408,5663.71575794626,0,0,0,1,0,7.94323156536944,0,0,259,260,2293.20474981822,6349.14248537817,1
hard_M4_06.mat,910006,911406023,FB-CMPSO,500,491,200,0,171,1.3329279,7100.26891462118,7070.92689214907,0,0,0,1,0,7.94323156536944,0,0,259,260,867.569333671107,6349.14248537817,1
hard_M4_06.mat,910006,911406023,FB-CMPSO,1000,926,200,0,456,1.3992566,5998.07337166011,5984.09215654523,0,0,0,1,0,7.94323156536944,0,0,259,260,1969.76487663218,6349.14248537817,1
hard_M4_06.mat,910006,911406023,FB-CMPSO,1500,1448,200,0,798,1.4821076,5845.04876147326,5832.78585544265,0,0,0,1,0,7.94323156536944,0,0,259,260,2122.78948681903,6349.14248537817,1
hard_M4_06.mat,910006,911406023,FB-CMPSO,2500,2500,200,0,1482,1.6446925,5674.63349847408,5663.71575794626,0,0,0,1,0,7.94323156536944,0,0,259,260,2293.20474981822,6349.14248537817,1
hard_M4_06.mat,910006,911406024,Repair,500,75,0,0,0,0.0083898,8964.41262356613,5426.0831244123,35.2226339057519,0,0,0,NaN,NaN,NaN,NaN,NaN,NaN,NaN,6349.14248537817,0
hard_M4_06.mat,910006,911406024,Repair,1000,75,0,0,0,0.0083898,8964.41262356613,5426.0831244123,35.2226339057519,0,0,0,NaN,NaN,NaN,NaN,NaN,NaN,NaN,6349.14248537817,0
hard_M4_06.mat,910006,911406024,Repair,1500,75,0,0,0,0.0083898,8964.41262356613,5426.0831244123,35.2226339057519,0,0,0,NaN,NaN,NaN,NaN,NaN,NaN,NaN,6349.14248537817,0
hard_M4_06.mat,910006,911406024,Repair,2500,75,0,0,0,0.0083898,8964.41262356613,5426.0831244123,35.2226339057519,0,0,0,NaN,NaN,NaN,NaN,NaN,NaN,NaN,6349.14248537817,0
hard_M4_06.mat,910006,911406024,WarmPSO,500,500,200,0,0,1.4285844,8848.5938848096,5842.84700651229,29.9229032183217,0,0,0,0,42.6198328197451,0,0,NaN,NaN,NaN,6349.14248537817,1
hard_M4_06.mat,910006,911406024,WarmPSO,1000,980,200,0,0,1.5128556,8437.36068065566,8401.855551301,0,0,0,1,0,42.6198328197451,0,0,699,NaN,NaN,6349.14248537817,1
hard_M4_06.mat,910006,911406024,WarmPSO,1500,1490,200,0,0,1.5885746,8136.74462172452,8110.06658545873,0,0,0,1,0,42.6198328197451,0,0,699,NaN,NaN,6349.14248537817,1
hard_M4_06.mat,910006,911406024,WarmPSO,2500,2500,200,0,0,1.7521883,6615.9244137634,6592.48015080925,0,0,0,1,0,42.6198328197451,0,0,699,NaN,NaN,6349.14248537817,1
hard_M4_06.mat,910006,911406024,AlwaysVND,500,491,200,0,171,1.4151102,6860.38768671344,6836.72815484434,0,0,0,1,0,42.6198328197451,0,0,380,260,4532.59000247809,6349.14248537817,1
hard_M4_06.mat,910006,911406024,AlwaysVND,1000,926,200,0,456,1.4894963,6605.22472194295,6582.30158051946,0,0,0,1,0,42.6198328197451,0,0,380,260,4787.75296724858,6349.14248537817,1
hard_M4_06.mat,910006,911406024,AlwaysVND,1500,1448,200,0,798,1.5772991,6051.93558194923,6030.2937967979,0,0,0,1,0,42.6198328197451,0,0,380,260,5341.0421072423,6349.14248537817,1
hard_M4_06.mat,910006,911406024,AlwaysVND,2500,2500,200,0,1482,1.7605485,5739.68374963464,5717.95619851654,0,0,0,1,0,42.6198328197451,0,0,380,260,5653.29393955689,6349.14248537817,1
hard_M4_06.mat,910006,911406024,FB-CMPSO,500,475,200,95,0,1.4229933,9025.88263552651,7195.16461138389,18.0826701348928,0,0,0,0,42.6198328197451,0,0,NaN,NaN,NaN,6349.14248537817,0
hard_M4_06.mat,910006,911406024,FB-CMPSO,1000,981,200,190,171,1.5268794,5783.40220672183,5768.45252332264,0,0,0,1,0,42.6198328197451,0,0,714,750,2593.44764336461,6349.14248537817,1
hard_M4_06.mat,910006,911406024,FB-CMPSO,1500,1416,200,190,456,1.5980965,5218.27910328451,5204.99911277093,0,0,0,1,0,42.6198328197451,0,0,714,750,3158.57074680194,6349.14248537817,1
hard_M4_06.mat,910006,911406024,FB-CMPSO,2500,2500,200,190,1150,1.7651189,4723.14844608438,4711.41406261982,0,0,0,1,0,42.6198328197451,0,0,714,750,3653.70140400207,6349.14248537817,1
hard_M4_06.mat,910006,911406025,Repair,500,75,0,0,0,0.0088957,8964.41262356613,5426.0831244123,35.2226339057519,0,0,0,NaN,NaN,NaN,NaN,NaN,NaN,NaN,6349.14248537817,0
hard_M4_06.mat,910006,911406025,Repair,1000,75,0,0,0,0.0088957,8964.41262356613,5426.0831244123,35.2226339057519,0,0,0,NaN,NaN,NaN,NaN,NaN,NaN,NaN,6349.14248537817,0
hard_M4_06.mat,910006,911406025,Repair,1500,75,0,0,0,0.0088957,8964.41262356613,5426.0831244123,35.2226339057519,0,0,0,NaN,NaN,NaN,NaN,NaN,NaN,NaN,6349.14248537817,0
hard_M4_06.mat,910006,911406025,Repair,2500,75,0,0,0,0.0088957,8964.41262356613,5426.0831244123,35.2226339057519,0,0,0,NaN,NaN,NaN,NaN,NaN,NaN,NaN,6349.14248537817,0
hard_M4_06.mat,910006,911406025,WarmPSO,500,500,200,0,0,1.3592872,7290.46655892764,7268.92858164579,0,0,0,1,0,69.4585505797035,0,0,234,NaN,NaN,6349.14248537817,1
hard_M4_06.mat,910006,911406025,WarmPSO,1000,980,200,0,0,1.4208953,7080.32006415072,7057.40879239287,0,0,0,1,0,69.4585505797035,0,0,234,NaN,NaN,6349.14248537817,1
hard_M4_06.mat,910006,911406025,WarmPSO,1500,1490,200,0,0,1.4846164,6676.51451002662,6654.65087748172,0,0,0,1,0,69.4585505797035,0,0,234,NaN,NaN,6349.14248537817,1
hard_M4_06.mat,910006,911406025,WarmPSO,2500,2500,200,0,0,1.6169135,6491.16392769172,6466.61001889934,0,0,0,1,0,69.4585505797035,0,0,234,NaN,NaN,6349.14248537817,1
hard_M4_06.mat,910006,911406025,AlwaysVND,500,491,200,0,171,1.3564461,6485.51610613074,6467.319425542,0,0,0,1,0,69.4585505797035,0,0,234,260,1934.84593330651,6349.14248537817,1
hard_M4_06.mat,910006,911406025,AlwaysVND,1000,926,200,0,456,1.4157378,6247.24207356963,6225.72222100832,0,0,0,1,0,69.4585505797035,0,0,234,260,2173.11996586763,6349.14248537817,1
hard_M4_06.mat,910006,911406025,AlwaysVND,1500,1448,200,0,798,1.491628,5782.94791685963,5761.97340008928,0,0,0,1,0,69.4585505797035,0,0,234,260,2637.41412257763,6349.14248537817,1
hard_M4_06.mat,910006,911406025,AlwaysVND,2500,2500,200,0,1482,1.6017384,5215.70125334385,5201.36702352647,0,0,0,1,0,69.4585505797035,0,0,234,260,3204.6607860934,6349.14248537817,1
hard_M4_06.mat,910006,911406025,FB-CMPSO,500,491,200,0,171,1.3459725,6485.51610613074,6467.319425542,0,0,0,1,0,69.4585505797035,0,0,234,260,1934.84593330651,6349.14248537817,1
hard_M4_06.mat,910006,911406025,FB-CMPSO,1000,926,200,0,456,1.392794,6247.24207356963,6225.72222100832,0,0,0,1,0,69.4585505797035,0,0,234,260,2173.11996586763,6349.14248537817,1
hard_M4_06.mat,910006,911406025,FB-CMPSO,1500,1448,200,0,798,1.4526734,5782.94791685963,5761.97340008928,0,0,0,1,0,69.4585505797035,0,0,234,260,2637.41412257763,6349.14248537817,1
hard_M4_06.mat,910006,911406025,FB-CMPSO,2500,2500,200,0,1482,1.570651,5215.70125334385,5201.36702352647,0,0,0,1,0,69.4585505797035,0,0,234,260,3204.6607860934,6349.14248537817,1
hard_M4_06.mat,910006,911406026,Repair,500,75,0,0,0,0.0066049,8964.41262356613,5426.0831244123,35.2226339057519,0,0,0,NaN,NaN,NaN,NaN,NaN,NaN,NaN,6349.14248537817,0
hard_M4_06.mat,910006,911406026,Repair,1000,75,0,0,0,0.0066049,8964.41262356613,5426.0831244123,35.2226339057519,0,0,0,NaN,NaN,NaN,NaN,NaN,NaN,NaN,6349.14248537817,0
hard_M4_06.mat,910006,911406026,Repair,1500,75,0,0,0,0.0066049,8964.41262356613,5426.0831244123,35.2226339057519,0,0,0,NaN,NaN,NaN,NaN,NaN,NaN,NaN,6349.14248537817,0
hard_M4_06.mat,910006,911406026,Repair,2500,75,0,0,0,0.0066049,8964.41262356613,5426.0831244123,35.2226339057519,0,0,0,NaN,NaN,NaN,NaN,NaN,NaN,NaN,6349.14248537817,0
hard_M4_06.mat,910006,911406026,WarmPSO,500,500,200,0,0,1.0256768,9547.12502934671,9513.98312667726,0,0,0,1,0,43.1658654711214,0,0,322,NaN,NaN,6349.14248537817,0
hard_M4_06.mat,910006,911406026,WarmPSO,1000,980,200,0,0,1.0707463,8243.71339623771,8208.51076738998,0,0,0,1,0,43.1658654711214,0,0,322,NaN,NaN,6349.14248537817,1
hard_M4_06.mat,910006,911406026,WarmPSO,1500,1490,200,0,0,1.1172196,7726.77220393357,7701.32104749228,0,0,0,1,0,43.1658654711214,0,0,322,NaN,NaN,6349.14248537817,1
hard_M4_06.mat,910006,911406026,WarmPSO,2500,2500,200,0,0,1.2151756,6095.27690880559,6078.18795098012,0,0,0,1,0,43.1658654711214,0,0,322,NaN,NaN,6349.14248537817,1
hard_M4_06.mat,910006,911406026,AlwaysVND,500,491,200,0,171,1.0271718,9705.04533853591,9163.21698171312,5.03329009209187,0,0,0,0,43.1658654711214,0,0,NaN,260,280.817352235195,6349.14248537817,0
hard_M4_06.mat,910006,911406026,AlwaysVND,1000,926,200,0,456,1.0748733,4945.77002139297,4930.44509637569,0,0,0,1,0,43.1658654711214,0,0,525,260,5040.09266937813,6349.14248537817,1
hard_M4_06.mat,910006,911406026,AlwaysVND,1500,1448,200,0,798,1.1370016,4725.52029414809,4711.00405294556,0,0,0,1,0,43.1658654711214,0,0,525,260,5260.34239662302,6349.14248537817,1
hard_M4_06.mat,910006,911406026,AlwaysVND,2500,2500,200,0,1482,1.2567871,4725.52029414809,4711.00405294556,0,0,0,1,0,43.1658654711214,0,0,525,260,5260.34239662302,6349.14248537817,1
hard_M4_06.mat,910006,911406026,FB-CMPSO,500,475,200,95,0,1.031237,9629.00156647784,9498.18263686523,0.960372758713447,0,0,0,0,43.1658654711214,0,0,NaN,NaN,NaN,6349.14248537817,0
hard_M4_06.mat,910006,911406026,FB-CMPSO,1000,921,200,133,228,1.0770512,6745.72046698164,6728.57118637698,0,0,0,1,0,43.1658654711214,0,0,589,603,4576.96775826147,6349.14248537817,1
hard_M4_06.mat,910006,911406026,FB-CMPSO,1500,1443,200,133,570,1.1315657,6358.70279377004,6343.34140614915,0,0,0,1,0,43.1658654711214,0,0,589,603,4963.98543147308,6349.14248537817,1
hard_M4_06.mat,910006,911406026,FB-CMPSO,2500,2500,200,133,1254,1.2438015,5861.82856898714,5851.30213601149,0,0,0,1,0,43.1658654711214,0,0,589,603,5460.85965625597,6349.14248537817,1
hard_M4_06.mat,910006,911406027,Repair,500,75,0,0,0,0.0064632,8964.41262356613,5426.0831244123,35.2226339057519,0,0,0,NaN,NaN,NaN,NaN,NaN,NaN,NaN,6349.14248537817,0
hard_M4_06.mat,910006,911406027,Repair,1000,75,0,0,0,0.0064632,8964.41262356613,5426.0831244123,35.2226339057519,0,0,0,NaN,NaN,NaN,NaN,NaN,NaN,NaN,6349.14248537817,0
hard_M4_06.mat,910006,911406027,Repair,1500,75,0,0,0,0.0064632,8964.41262356613,5426.0831244123,35.2226339057519,0,0,0,NaN,NaN,NaN,NaN,NaN,NaN,NaN,6349.14248537817,0
hard_M4_06.mat,910006,911406027,Repair,2500,75,0,0,0,0.0064632,8964.41262356613,5426.0831244123,35.2226339057519,0,0,0,NaN,NaN,NaN,NaN,NaN,NaN,NaN,6349.14248537817,0
hard_M4_06.mat,910006,911406027,WarmPSO,500,500,200,0,0,1.0344815,7740.65226964305,7714.08786025236,0,0,0,1,0,53.4884445539341,0,0,237,NaN,NaN,6349.14248537817,1
hard_M4_06.mat,910006,911406027,WarmPSO,1000,980,200,0,0,1.0822196,7341.31486939818,7318.49152291916,0,0,0,1,0,53.4884445539341,0,0,237,NaN,NaN,6349.14248537817,1
hard_M4_06.mat,910006,911406027,WarmPSO,1500,1490,200,0,0,1.1291167,6989.30494667243,6968.91327031011,0,0,0,1,0,53.4884445539341,0,0,237,NaN,NaN,6349.14248537817,1
hard_M4_06.mat,910006,911406027,WarmPSO,2500,2500,200,0,0,1.2173852,6727.98449833744,6705.44515285388,0,0,0,1,0,53.4884445539341,0,0,237,NaN,NaN,6349.14248537817,1
hard_M4_06.mat,910006,911406027,AlwaysVND,500,491,200,0,171,1.0301956,7370.2564531364,7341.67179327567,0,0,0,1,0,53.4884445539341,0,0,237,260,1173.16259431067,6349.14248537817,1
hard_M4_06.mat,910006,911406027,AlwaysVND,1000,926,200,0,456,1.0737923,6978.68402344866,6953.76414870465,0,0,0,1,0,53.4884445539341,0,0,237,260,1564.73502399841,6349.14248537817,1
hard_M4_06.mat,910006,911406027,AlwaysVND,1500,1448,200,0,798,1.1259672,5907.55098762477,5894.44810443091,0,0,0,1,0,53.4884445539341,0,0,237,260,2635.8680598223,6349.14248537817,1
hard_M4_06.mat,910006,911406027,AlwaysVND,2500,2500,200,0,1482,1.2359781,5616.91993793245,5604.23768168878,0,0,0,1,0,53.4884445539341,0,0,237,260,2926.49910951462,6349.14248537817,1
hard_M4_06.mat,910006,911406027,FB-CMPSO,500,491,200,0,171,1.0298865,7370.2564531364,7341.67179327567,0,0,0,1,0,53.4884445539341,0,0,237,260,1173.16259431067,6349.14248537817,1
hard_M4_06.mat,910006,911406027,FB-CMPSO,1000,926,200,0,456,1.0732835,6978.68402344866,6953.76414870465,0,0,0,1,0,53.4884445539341,0,0,237,260,1564.73502399841,6349.14248537817,1
hard_M4_06.mat,910006,911406027,FB-CMPSO,1500,1448,200,0,798,1.1268849,5907.55098762477,5894.44810443091,0,0,0,1,0,53.4884445539341,0,0,237,260,2635.8680598223,6349.14248537817,1
hard_M4_06.mat,910006,911406027,FB-CMPSO,2500,2500,200,0,1482,1.2377451,5616.91993793245,5604.23768168878,0,0,0,1,0,53.4884445539341,0,0,237,260,2926.49910951462,6349.14248537817,1
hard_M4_06.mat,910006,911406028,Repair,500,75,0,0,0,0.0060445,8964.41262356613,5426.0831244123,35.2226339057519,0,0,0,NaN,NaN,NaN,NaN,NaN,NaN,NaN,6349.14248537817,0
hard_M4_06.mat,910006,911406028,Repair,1000,75,0,0,0,0.0060445,8964.41262356613,5426.0831244123,35.2226339057519,0,0,0,NaN,NaN,NaN,NaN,NaN,NaN,NaN,6349.14248537817,0
hard_M4_06.mat,910006,911406028,Repair,1500,75,0,0,0,0.0060445,8964.41262356613,5426.0831244123,35.2226339057519,0,0,0,NaN,NaN,NaN,NaN,NaN,NaN,NaN,6349.14248537817,0
hard_M4_06.mat,910006,911406028,Repair,2500,75,0,0,0,0.0060445,8964.41262356613,5426.0831244123,35.2226339057519,0,0,0,NaN,NaN,NaN,NaN,NaN,NaN,NaN,6349.14248537817,0
hard_M4_06.mat,910006,911406028,WarmPSO,500,500,200,0,0,1.0178523,7013.77061208788,6988.83449650281,0,0,0,1,1,0,0,0,201,NaN,NaN,6349.14248537817,1
hard_M4_06.mat,910006,911406028,WarmPSO,1000,980,200,0,0,1.074069,6894.05133983879,6871.72257513532,0,0,0,1,1,0,0,0,201,NaN,NaN,6349.14248537817,1
hard_M4_06.mat,910006,911406028,WarmPSO,1500,1490,200,0,0,1.1191549,6416.56953419992,6396.65562294902,0,0,0,1,1,0,0,0,201,NaN,NaN,6349.14248537817,1
hard_M4_06.mat,910006,911406028,WarmPSO,2500,2500,200,0,0,1.2068228,6273.03697349358,6252.29755181744,0,0,0,1,1,0,0,0,201,NaN,NaN,6349.14248537817,1
hard_M4_06.mat,910006,911406028,AlwaysVND,500,491,200,0,171,1.0166419,6085.92055346867,6069.40079718254,0,0,0,1,1,0,0,0,201,260,1469.09352777027,6349.14248537817,1
hard_M4_06.mat,910006,911406028,AlwaysVND,1000,926,200,0,456,1.0635406,4889.66952186027,4878.02119037244,0,0,0,1,1,0,0,0,201,260,2665.34455937867,6349.14248537817,1
hard_M4_06.mat,910006,911406028,AlwaysVND,1500,1448,200,0,798,1.1206416,4889.66952186027,4878.02119037244,0,0,0,1,1,0,0,0,201,260,2665.34455937867,6349.14248537817,1
hard_M4_06.mat,910006,911406028,AlwaysVND,2500,2500,200,0,1482,1.2350316,4889.66952186027,4878.02119037244,0,0,0,1,1,0,0,0,201,260,2665.34455937867,6349.14248537817,1
hard_M4_06.mat,910006,911406028,FB-CMPSO,500,491,200,0,171,1.0196704,6085.92055346867,6069.40079718254,0,0,0,1,1,0,0,0,201,260,1469.09352777027,6349.14248537817,1
hard_M4_06.mat,910006,911406028,FB-CMPSO,1000,926,200,0,456,1.0685623,4889.66952186027,4878.02119037244,0,0,0,1,1,0,0,0,201,260,2665.34455937867,6349.14248537817,1
hard_M4_06.mat,910006,911406028,FB-CMPSO,1500,1448,200,0,798,1.1278449,4889.66952186027,4878.02119037244,0,0,0,1,1,0,0,0,201,260,2665.34455937867,6349.14248537817,1
hard_M4_06.mat,910006,911406028,FB-CMPSO,2500,2500,200,0,1482,1.2467501,4889.66952186027,4878.02119037244,0,0,0,1,1,0,0,0,201,260,2665.34455937867,6349.14248537817,1
hard_M4_06.mat,910006,911406029,Repair,500,75,0,0,0,0.0062618,8964.41262356613,5426.0831244123,35.2226339057519,0,0,0,NaN,NaN,NaN,NaN,NaN,NaN,NaN,6349.14248537817,0
hard_M4_06.mat,910006,911406029,Repair,1000,75,0,0,0,0.0062618,8964.41262356613,5426.0831244123,35.2226339057519,0,0,0,NaN,NaN,NaN,NaN,NaN,NaN,NaN,6349.14248537817,0
hard_M4_06.mat,910006,911406029,Repair,1500,75,0,0,0,0.0062618,8964.41262356613,5426.0831244123,35.2226339057519,0,0,0,NaN,NaN,NaN,NaN,NaN,NaN,NaN,6349.14248537817,0
hard_M4_06.mat,910006,911406029,Repair,2500,75,0,0,0,0.0062618,8964.41262356613,5426.0831244123,35.2226339057519,0,0,0,NaN,NaN,NaN,NaN,NaN,NaN,NaN,6349.14248537817,0
hard_M4_06.mat,910006,911406029,WarmPSO,500,500,200,0,0,1.0207486,8131.93833979754,8101.94363559278,0,0,0,1,0,35.2226339057519,0,0,248,NaN,NaN,6349.14248537817,1
hard_M4_06.mat,910006,911406029,WarmPSO,1000,980,200,0,0,1.0666641,8084.77302736537,8060.54450888281,0,0,0,1,0,35.2226339057519,0,0,248,NaN,NaN,6349.14248537817,1
hard_M4_06.mat,910006,911406029,WarmPSO,1500,1490,200,0,0,1.1120756,8084.77302736537,8060.54450888281,0,0,0,1,0,35.2226339057519,0,0,248,NaN,NaN,6349.14248537817,1
hard_M4_06.mat,910006,911406029,WarmPSO,2500,2500,200,0,0,1.2043721,7760.45055806885,7725.56600617665,0,0,0,1,0,35.2226339057519,0,0,248,NaN,NaN,6349.14248537817,1
hard_M4_06.mat,910006,911406029,AlwaysVND,500,491,200,0,171,1.0181392,6968.54776796826,6944.07205426943,0,0,0,1,0,35.2226339057519,0,0,248,260,1557.25542592785,6349.14248537817,1
hard_M4_06.mat,910006,911406029,AlwaysVND,1000,926,200,0,456,1.0635406,6621.85929613049,6597.50255487185,0,0,0,1,0,35.2226339057519,0,0,248,260,1903.94389776563,6349.14248537817,1
hard_M4_06.mat,910006,911406029,AlwaysVND,1500,1448,200,0,798,1.1184976,5930.19875722671,5915.78860950502,0,0,0,1,0,35.2226339057519,0,0,248,260,2595.60443666941,6349.14248537817,1
hard_M4_06.mat,910006,911406029,AlwaysVND,2500,2500,200,0,1482,1.2285378,5160.0201598281,5146.48612741774,0,0,0,1,0,35.2226339057519,0,0,248,260,3365.78303406801,6349.14248537817,1
hard_M4_06.mat,910006,911406029,FB-CMPSO,500,491,200,0,171,1.0170611,6968.54776796826,6944.07205426943,0,0,0,1,0,35.2226339057519,0,0,248,260,1557.25542592785,6349.14248537817,1
hard_M4_06.mat,910006,911406029,FB-CMPSO,1000,926,200,0,456,1.0611363,6621.85929613049,6597.50255487185,0,0,0,1,0,35.2226339057519,0,0,248,260,1903.94389776563,6349.14248537817,1
hard_M4_06.mat,910006,911406029,FB-CMPSO,1500,1448,200,0,798,1.1163903,5930.19875722671,5915.78860950502,0,0,0,1,0,35.2226339057519,0,0,248,260,2595.60443666941,6349.14248537817,1
hard_M4_06.mat,910006,911406029,FB-CMPSO,2500,2500,200,0,1482,1.2237562,5160.0201598281,5146.48612741774,0,0,0,1,0,35.2226339057519,0,0,248,260,3365.78303406801,6349.14248537817,1
hard_M4_06.mat,910006,911406030,Repair,500,75,0,0,0,0.0061249,8964.41262356613,5426.0831244123,35.2226339057519,0,0,0,NaN,NaN,NaN,NaN,NaN,NaN,NaN,6349.14248537817,0
hard_M4_06.mat,910006,911406030,Repair,1000,75,0,0,0,0.0061249,8964.41262356613,5426.0831244123,35.2226339057519,0,0,0,NaN,NaN,NaN,NaN,NaN,NaN,NaN,6349.14248537817,0
hard_M4_06.mat,910006,911406030,Repair,1500,75,0,0,0,0.0061249,8964.41262356613,5426.0831244123,35.2226339057519,0,0,0,NaN,NaN,NaN,NaN,NaN,NaN,NaN,6349.14248537817,0
hard_M4_06.mat,910006,911406030,Repair,2500,75,0,0,0,0.0061249,8964.41262356613,5426.0831244123,35.2226339057519,0,0,0,NaN,NaN,NaN,NaN,NaN,NaN,NaN,6349.14248537817,0
hard_M4_06.mat,910006,911406030,WarmPSO,500,500,200,0,0,1.0115641,6647.93542082138,6626.01254336255,0,0,0,1,1,0,0,0,201,NaN,NaN,6349.14248537817,1
hard_M4_06.mat,910006,911406030,WarmPSO,1000,980,200,0,0,1.0533439,6647.93542082138,6626.01254336255,0,0,0,1,1,0,0,0,201,NaN,NaN,6349.14248537817,1
hard_M4_06.mat,910006,911406030,WarmPSO,1500,1490,200,0,0,1.0972582,6647.93542082138,6626.01254336255,0,0,0,1,1,0,0,0,201,NaN,NaN,6349.14248537817,1
hard_M4_06.mat,910006,911406030,WarmPSO,2500,2500,200,0,0,1.1819365,6273.03697349358,6252.29755181744,0,0,0,1,1,0,0,0,201,NaN,NaN,6349.14248537817,1
hard_M4_06.mat,910006,911406030,AlwaysVND,500,491,200,0,171,1.011636,5946.98226543742,5932.27930408808,0,0,0,1,1,0,0,0,201,260,700.953155383968,6349.14248537817,1
hard_M4_06.mat,910006,911406030,AlwaysVND,1000,926,200,0,456,1.0554443,5842.27027440602,5824.5148111656,0,0,0,1,1,0,0,0,201,260,805.665146415364,6349.14248537817,1
hard_M4_06.mat,910006,911406030,AlwaysVND,1500,1448,200,0,798,1.110762,5842.27027440602,5824.5148111656,0,0,0,1,1,0,0,0,201,260,805.665146415364,6349.14248537817,1
hard_M4_06.mat,910006,911406030,AlwaysVND,2500,2500,200,0,1482,1.2190621,5563.93254930781,5553.45283622895,0,0,0,1,1,0,0,0,201,260,1084.00287151357,6349.14248537817,1
hard_M4_06.mat,910006,911406030,FB-CMPSO,500,491,200,0,171,1.0116959,5946.98226543742,5932.27930408808,0,0,0,1,1,0,0,0,201,260,700.953155383968,6349.14248537817,1
hard_M4_06.mat,910006,911406030,FB-CMPSO,1000,926,200,0,456,1.0565904,5842.27027440602,5824.5148111656,0,0,0,1,1,0,0,0,201,260,805.665146415364,6349.14248537817,1
hard_M4_06.mat,910006,911406030,FB-CMPSO,1500,1448,200,0,798,1.1127238,5842.27027440602,5824.5148111656,0,0,0,1,1,0,0,0,201,260,805.665146415364,6349.14248537817,1
hard_M4_06.mat,910006,911406030,FB-CMPSO,2500,2500,200,0,1482,1.2286563,5563.93254930781,5553.45283622895,0,0,0,1,1,0,0,0,201,260,1084.00287151357,6349.14248537817,1
hard_M4_07.mat,910007,911407001,Repair,500,75,0,0,0,0.0060917,10384.5651247231,8033.09221995745,23.3161151886318,0,0,0,NaN,NaN,NaN,NaN,NaN,NaN,NaN,6712.0432921758,0
hard_M4_07.mat,910007,911407001,Repair,1000,75,0,0,0,0.0060917,10384.5651247231,8033.09221995745,23.3161151886318,0,0,0,NaN,NaN,NaN,NaN,NaN,NaN,NaN,6712.0432921758,0
hard_M4_07.mat,910007,911407001,Repair,1500,75,0,0,0,0.0060917,10384.5651247231,8033.09221995745,23.3161151886318,0,0,0,NaN,NaN,NaN,NaN,NaN,NaN,NaN,6712.0432921758,0
hard_M4_07.mat,910007,911407001,Repair,2500,75,0,0,0,0.0060917,10384.5651247231,8033.09221995745,23.3161151886318,0,0,0,NaN,NaN,NaN,NaN,NaN,NaN,NaN,6712.0432921758,0
hard_M4_07.mat,910007,911407001,WarmPSO,500,500,200,0,0,1.0208635,8243.08628851542,8222.00873548433,0,0,0,1,0,100.914234794987,0,0,265,NaN,NaN,6712.0432921758,1
hard_M4_07.mat,910007,911407001,WarmPSO,1000,980,200,0,0,1.0658223,7422.35490020558,7409.70631992382,0,0,0,1,0,100.914234794987,0,0,265,NaN,NaN,6712.0432921758,1
hard_M4_07.mat,910007,911407001,WarmPSO,1500,1490,200,0,0,1.1123299,7219.9045359134,7204.51246690316,0,0,0,1,0,100.914234794987,0,0,265,NaN,NaN,6712.0432921758,1
hard_M4_07.mat,910007,911407001,WarmPSO,2500,2500,200,0,0,1.2027017,6720.61466539044,6702.32647518863,0,0,0,1,0,100.914234794987,0,0,265,NaN,NaN,6712.0432921758,1
hard_M4_07.mat,910007,911407001,AlwaysVND,500,491,200,0,171,1.0187321,8506.80080324863,8486.19346559469,0,0,0,1,0,100.914234794987,0,0,319,260,1826.72057400085,6712.0432921758,1
hard_M4_07.mat,910007,911407001,AlwaysVND,1000,926,200,0,456,1.0615169,6811.21626354639,6791.04974079131,0,0,0,1,0,100.914234794987,0,0,319,260,3522.30511370309,6712.0432921758,1
hard_M4_07.mat,910007,911407001,AlwaysVND,1500,1448,200,0,798,1.1166933,6589.89926812788,6569.30165171789,0,0,0,1,0,100.914234794987,0,0,319,260,3743.6221091216,6712.0432921758,1
hard_M4_07.mat,910007,911407001,AlwaysVND,2500,2500,200,0,1482,1.2271324,5485.64140389102,5473.00720427646,0,0,0,1,0,100.914234794987,0,0,319,260,4847.87997335846,6712.0432921758,1
hard_M4_07.mat,910007,911407001,FB-CMPSO,500,453,200,19,114,1.016486,8492.36636984109,8473.54303781612,0,0,0,1,0,100.914234794987,0,0,285,309,543.556659015516,6712.0432921758,1
hard_M4_07.mat,910007,911407001,FB-CMPSO,1000,975,200,19,456,1.0663336,6992.56509440003,6971.98935919205,0,0,0,1,0,100.914234794987,0,0,285,309,2043.35793445658,6712.0432921758,1
hard_M4_07.mat,910007,911407001,FB-CMPSO,1500,1497,200,19,798,1.1202529,6495.81115321165,6477.5523822407,0,0,0,1,0,100.914234794987,0,0,285,309,2540.11187564496,6712.0432921758,1
hard_M4_07.mat,910007,911407001,FB-CMPSO,2500,2500,200,19,1441,1.225641,6186.8167524646,6168.1630002302,0,0,0,1,0,100.914234794987,0,0,285,309,2849.106276392,6712.0432921758,1
hard_M4_07.mat,910007,911407002,Repair,500,75,0,0,0,0.0062349,10384.5651247231,8033.09221995745,23.3161151886318,0,0,0,NaN,NaN,NaN,NaN,NaN,NaN,NaN,6712.0432921758,0
hard_M4_07.mat,910007,911407002,Repair,1000,75,0,0,0,0.0062349,10384.5651247231,8033.09221995745,23.3161151886318,0,0,0,NaN,NaN,NaN,NaN,NaN,NaN,NaN,6712.0432921758,0
hard_M4_07.mat,910007,911407002,Repair,1500,75,0,0,0,0.0062349,10384.5651247231,8033.09221995745,23.3161151886318,0,0,0,NaN,NaN,NaN,NaN,NaN,NaN,NaN,6712.0432921758,0
hard_M4_07.mat,910007,911407002,Repair,2500,75,0,0,0,0.0062349,10384.5651247231,8033.09221995745,23.3161151886318,0,0,0,NaN,NaN,NaN,NaN,NaN,NaN,NaN,6712.0432921758,0
hard_M4_07.mat,910007,911407002,WarmPSO,500,500,200,0,0,1.019676,8359.84541942835,8333.97728683777,0,0,0,1,0,27.9357338881719,0,0,237,NaN,NaN,6712.0432921758,1
hard_M4_07.mat,910007,911407002,WarmPSO,1000,980,200,0,0,1.0645055,7776.20825268982,7756.70862191925,0,0,0,1,0,27.9357338881719,0,0,237,NaN,NaN,6712.0432921758,1
hard_M4_07.mat,910007,911407002,WarmPSO,1500,1490,200,0,0,1.1093127,7776.20825268982,7756.70862191925,0,0,0,1,0,27.9357338881719,0,0,237,NaN,NaN,6712.0432921758,1
hard_M4_07.mat,910007,911407002,WarmPSO,2500,2500,200,0,0,1.1986118,7735.58073028204,7713.4286104593,0,0,0,1,0,27.9357338881719,0,0,237,NaN,NaN,6712.0432921758,1
hard_M4_07.mat,910007,911407002,AlwaysVND,500,491,200,0,171,1.0168945,7794.68656527802,7773.27603471372,0,0,0,1,0,27.9357338881719,0,0,237,260,761.24280571119,6712.0432921758,1
hard_M4_07.mat,910007,911407002,AlwaysVND,1000,926,200,0,456,1.0670574,7028.48869816082,7010.67131820434,0,0,0,1,0,27.9357338881719,0,0,237,260,1527.44067282839,6712.0432921758,1
hard_M4_07.mat,910007,911407002,AlwaysVND,1500,1448,200,0,798,1.1190194,5732.55288145437,5720.33768698486,0,0,0,1,0,27.9357338881719,0,0,237,260,2823.37648953484,6712.0432921758,1
hard_M4_07.mat,910007,911407002,AlwaysVND,2500,2500,200,0,1482,1.2311446,5732.55288145437,5720.33768698486,0,0,0,1,0,27.9357338881719,0,0,237,260,2823.37648953484,6712.0432921758,1
hard_M4_07.mat,910007,911407002,FB-CMPSO,500,491,200,0,171,1.0188903,7794.68656527802,7773.27603471372,0,0,0,1,0,27.9357338881719,0,0,237,260,761.24280571119,6712.0432921758,1
hard_M4_07.mat,910007,911407002,FB-CMPSO,1000,926,200,0,456,1.061868,7028.48869816082,7010.67131820434,0,0,0,1,0,27.9357338881719,0,0,237,260,1527.44067282839,6712.0432921758,1
hard_M4_07.mat,910007,911407002,FB-CMPSO,1500,1448,200,0,798,1.1144856,5732.55288145437,5720.33768698486,0,0,0,1,0,27.9357338881719,0,0,237,260,2823.37648953484,6712.0432921758,1
hard_M4_07.mat,910007,911407002,FB-CMPSO,2500,2500,200,0,1482,1.2231089,5732.55288145437,5720.33768698486,0,0,0,1,0,27.9357338881719,0,0,237,260,2823.37648953484,6712.0432921758,1
hard_M4_07.mat,910007,911407003,Repair,500,75,0,0,0,0.0061408,10384.5651247231,8033.09221995745,23.3161151886318,0,0,0,NaN,NaN,NaN,NaN,NaN,NaN,NaN,6712.0432921758,0
hard_M4_07.mat,910007,911407003,Repair,1000,75,0,0,0,0.0061408,10384.5651247231,8033.09221995745,23.3161151886318,0,0,0,NaN,NaN,NaN,NaN,NaN,NaN,NaN,6712.0432921758,0
hard_M4_07.mat,910007,911407003,Repair,1500,75,0,0,0,0.0061408,10384.5651247231,8033.09221995745,23.3161151886318,0,0,0,NaN,NaN,NaN,NaN,NaN,NaN,NaN,6712.0432921758,0
hard_M4_07.mat,910007,911407003,Repair,2500,75,0,0,0,0.0061408,10384.5651247231,8033.09221995745,23.3161151886318,0,0,0,NaN,NaN,NaN,NaN,NaN,NaN,NaN,6712.0432921758,0
hard_M4_07.mat,910007,911407003,WarmPSO,500,500,200,0,0,1.0163823,8044.5127905632,8025.57714490089,0,0,0,1,0,86.3035951890207,0,0,264,NaN,NaN,6712.0432921758,1
hard_M4_07.mat,910007,911407003,WarmPSO,1000,980,200,0,0,1.0590231,8044.5127905632,8025.57714490089,0,0,0,1,0,86.3035951890207,0,0,264,NaN,NaN,6712.0432921758,1
hard_M4_07.mat,910007,911407003,WarmPSO,1500,1490,200,0,0,1.1038416,7678.67759929671,7662.75519176063,0,0,0,1,0,86.3035951890207,0,0,264,NaN,NaN,6712.0432921758,1
hard_M4_07.mat,910007,911407003,WarmPSO,2500,2500,200,0,0,1.1915175,7376.62256657287,7361.76557476305,0,0,0,1,0,86.3035951890207,0,0,264,NaN,NaN,6712.0432921758,1
hard_M4_07.mat,910007,911407003,AlwaysVND,500,491,200,0,171,1.0165239,7988.89662747816,7969.75278505781,0,0,0,1,0,86.3035951890207,0,0,263,260,1237.23438900952,6712.0432921758,1
hard_M4_07.mat,910007,911407003,AlwaysVND,1000,926,200,0,456,1.0605841,7203.19884522827,7179.07254924033,0,0,0,1,0,86.3035951890207,0,0,263,260,2022.93217125941,6712.0432921758,1
hard_M4_07.mat,910007,911407003,AlwaysVND,1500,1448,200,0,798,1.1170452,6501.39836511548,6483.39641128661,0,0,0,1,0,86.3035951890207,0,0,263,260,2724.7326513722,6712.0432921758,1
hard_M4_07.mat,910007,911407003,AlwaysVND,2500,2500,200,0,1482,1.2674317,6322.61842993358,6306.7189935008,0,0,0,1,0,86.3035951890207,0,0,263,260,2903.5125865541,6712.0432921758,1
hard_M4_07.mat,910007,911407003,FB-CMPSO,500,453,200,19,114,1.0163699,7588.43014632221,7568.05207446599,0,0,0,1,0,86.3035951890207,0,0,262,309,1410.18780339398,6712.0432921758,1
hard_M4_07.mat,910007,911407003,FB-CMPSO,1000,975,200,19,456,1.0787568,6468.21459438824,6447.48165470266,0,0,0,1,0,86.3035951890207,0,0,262,309,2530.40335532795,6712.0432921758,1
hard_M4_07.mat,910007,911407003,FB-CMPSO,1500,1497,200,19,798,1.1317087,6007.58800095231,5988.04299658596,0,0,0,1,0,86.3035951890207,0,0,262,309,2991.02994876388,6712.0432921758,1
hard_M4_07.mat,910007,911407003,FB-CMPSO,2500,2500,200,19,1441,1.2328329,6007.58800095231,5988.04299658596,0,0,0,1,0,86.3035951890207,0,0,262,309,2991.02994876388,6712.0432921758,1
hard_M4_07.mat,910007,911407004,Repair,500,75,0,0,0,0.0067173,10384.5651247231,8033.09221995745,23.3161151886318,0,0,0,NaN,NaN,NaN,NaN,NaN,NaN,NaN,6712.0432921758,0
hard_M4_07.mat,910007,911407004,Repair,1000,75,0,0,0,0.0067173,10384.5651247231,8033.09221995745,23.3161151886318,0,0,0,NaN,NaN,NaN,NaN,NaN,NaN,NaN,6712.0432921758,0
hard_M4_07.mat,910007,911407004,Repair,1500,75,0,0,0,0.0067173,10384.5651247231,8033.09221995745,23.3161151886318,0,0,0,NaN,NaN,NaN,NaN,NaN,NaN,NaN,6712.0432921758,0
hard_M4_07.mat,910007,911407004,Repair,2500,75,0,0,0,0.0067173,10384.5651247231,8033.09221995745,23.3161151886318,0,0,0,NaN,NaN,NaN,NaN,NaN,NaN,NaN,6712.0432921758,0
hard_M4_07.mat,910007,911407004,WarmPSO,500,500,200,0,0,1.0186817,7816.70801347593,7797.58657172941,0,0,0,1,1,0,0,0,201,NaN,NaN,6712.0432921758,1
hard_M4_07.mat,910007,911407004,WarmPSO,1000,980,200,0,0,1.0668346,7409.394885309,7391.79975162068,0,0,0,1,1,0,0,0,201,NaN,NaN,6712.0432921758,1
hard_M4_07.mat,910007,911407004,WarmPSO,1500,1490,200,0,0,1.1144726,7397.70733282707,7380.35264335258,0,0,0,1,1,0,0,0,201,NaN,NaN,6712.0432921758,1
hard_M4_07.mat,910007,911407004,WarmPSO,2500,2500,200,0,0,1.2032659,7397.70733282707,7380.35264335258,0,0,0,1,1,0,0,0,201,NaN,NaN,6712.0432921758,1
hard_M4_07.mat,910007,911407004,AlwaysVND,500,491,200,0,171,1.0181049,7243.39201228936,7226.44592912204,0,0,0,1,1,0,0,0,201,260,1480.50472385755,6712.0432921758,1
hard_M4_07.mat,910007,911407004,AlwaysVND,1000,926,200,0,456,1.0638387,6604.60410108074,6589.18115417171,0,0,0,1,1,0,0,0,201,260,2119.29263506617,6712.0432921758,1
hard_M4_07.mat,910007,911407004,AlwaysVND,1500,1448,200,0,798,1.1169732,6200.16661476757,6185.14193437626,0,0,0,1,1,0,0,0,201,260,2523.73012137934,6712.0432921758,1
hard_M4_07.mat,910007,911407004,AlwaysVND,2500,2500,200,0,1482,1.2277143,5653.87517033277,5641.69365337134,0,0,0,1,1,0,0,0,201,260,3070.02156581414,6712.0432921758,1
hard_M4_07.mat,910007,911407004,FB-CMPSO,500,491,200,0,171,1.0182663,7243.39201228936,7226.44592912204,0,0,0,1,1,0,0,0,201,260,1480.50472385755,6712.0432921758,1
hard_M4_07.mat,910007,911407004,FB-CMPSO,1000,926,200,0,456,1.0638091,6604.60410108074,6589.18115417171,0,0,0,1,1,0,0,0,201,260,2119.29263506617,6712.0432921758,1
hard_M4_07.mat,910007,911407004,FB-CMPSO,1500,1448,200,0,798,1.117499,6200.16661476757,6185.14193437626,0,0,0,1,1,0,0,0,201,260,2523.73012137934,6712.0432921758,1
hard_M4_07.mat,910007,911407004,FB-CMPSO,2500,2500,200,0,1482,1.2282653,5653.87517033277,5641.69365337134,0,0,0,1,1,0,0,0,201,260,3070.02156581414,6712.0432921758,1
hard_M4_07.mat,910007,911407005,Repair,500,75,0,0,0,0.0063895,10384.5651247231,8033.09221995745,23.3161151886318,0,0,0,NaN,NaN,NaN,NaN,NaN,NaN,NaN,6712.0432921758,0
hard_M4_07.mat,910007,911407005,Repair,1000,75,0,0,0,0.0063895,10384.5651247231,8033.09221995745,23.3161151886318,0,0,0,NaN,NaN,NaN,NaN,NaN,NaN,NaN,6712.0432921758,0
hard_M4_07.mat,910007,911407005,Repair,1500,75,0,0,0,0.0063895,10384.5651247231,8033.09221995745,23.3161151886318,0,0,0,NaN,NaN,NaN,NaN,NaN,NaN,NaN,6712.0432921758,0
hard_M4_07.mat,910007,911407005,Repair,2500,75,0,0,0,0.0063895,10384.5651247231,8033.09221995745,23.3161151886318,0,0,0,NaN,NaN,NaN,NaN,NaN,NaN,NaN,6712.0432921758,0
hard_M4_07.mat,910007,911407005,WarmPSO,500,500,200,0,0,1.0176897,8806.89159614896,8782.92705653811,0,0,0,1,0,36.4914845731753,0,0,283,NaN,NaN,6712.0432921758,1
hard_M4_07.mat,910007,911407005,WarmPSO,1000,980,200,0,0,1.0661391,7853.83583743132,7830.85897198159,0,0,0,1,0,36.4914845731753,0,0,283,NaN,NaN,6712.0432921758,1
hard_M4_07.mat,910007,911407005,WarmPSO,1500,1490,200,0,0,1.1102243,7774.18886860999,7750.46145464461,0,0,0,1,0,36.4914845731753,0,0,283,NaN,NaN,6712.0432921758,1
hard_M4_07.mat,910007,911407005,WarmPSO,2500,2500,200,0,0,1.2028874,7441.08583715581,7424.8234492933,0,0,0,1,0,36.4914845731753,0,0,283,NaN,NaN,6712.0432921758,1
hard_M4_07.mat,910007,911407005,AlwaysVND,500,491,200,0,171,1.0150744,9073.40305629421,9049.17265895287,0,0,0,1,0,36.4914845731753,0,0,339,260,550.73176738754,6712.0432921758,1
hard_M4_07.mat,910007,911407005,AlwaysVND,1000,926,200,0,456,1.059099,7434.15957519267,7410.09722868184,0,0,0,1,0,36.4914845731753,0,0,339,260,2189.97524848908,6712.0432921758,1
hard_M4_07.mat,910007,911407005,AlwaysVND,1500,1448,200,0,798,1.1153247,7060.04054163443,7035.18227291223,0,0,0,1,0,36.4914845731753,0,0,339,260,2564.09428204732,6712.0432921758,1
hard_M4_07.mat,910007,911407005,AlwaysVND,2500,2500,200,0,1482,1.2234106,6060.66347456902,6041.21772166497,0,0,0,1,0,36.4914845731753,0,0,339,260,3563.47134911274,6712.0432921758,1
hard_M4_07.mat,910007,911407005,FB-CMPSO,500,453,200,19,114,1.011831,7641.86072648529,7620.97365410307,0,0,0,1,0,36.4914845731753,0,0,261,309,1664.2513652442,6712.0432921758,1
hard_M4_07.mat,910007,911407005,FB-CMPSO,1000,975,200,19,456,1.0662064,6306.06595394018,6293.39142393036,0,0,0,1,0,36.4914845731753,0,0,261,309,3000.0461377893,6712.0432921758,1
hard_M4_07.mat,910007,911407005,FB-CMPSO,1500,1497,200,19,798,1.1219056,6078.03123495716,6065.67471842581,0,0,0,1,0,36.4914845731753,0,0,261,309,3228.08085677232,6712.0432921758,1
hard_M4_07.mat,910007,911407005,FB-CMPSO,2500,2500,200,19,1441,1.2259737,5776.33248706792,5763.71908632376,0,0,0,1,0,36.4914845731753,0,0,261,309,3529.77960466157,6712.0432921758,1
hard_M4_07.mat,910007,911407006,Repair,500,75,0,0,0,0.00612,10384.5651247231,8033.09221995745,23.3161151886318,0,0,0,NaN,NaN,NaN,NaN,NaN,NaN,NaN,6712.0432921758,0
hard_M4_07.mat,910007,911407006,Repair,1000,75,0,0,0,0.00612,10384.5651247231,8033.09221995745,23.3161151886318,0,0,0,NaN,NaN,NaN,NaN,NaN,NaN,NaN,6712.0432921758,0
hard_M4_07.mat,910007,911407006,Repair,1500,75,0,0,0,0.00612,10384.5651247231,8033.09221995745,23.3161151886318,0,0,0,NaN,NaN,NaN,NaN,NaN,NaN,NaN,6712.0432921758,0
hard_M4_07.mat,910007,911407006,Repair,2500,75,0,0,0,0.00612,10384.5651247231,8033.09221995745,23.3161151886318,0,0,0,NaN,NaN,NaN,NaN,NaN,NaN,NaN,6712.0432921758,0
hard_M4_07.mat,910007,911407006,WarmPSO,500,500,200,0,0,1.0108586,8141.04070342478,8118.60631575957,0,0,0,1,0,64.2241275657935,0,0,232,NaN,NaN,6712.0432921758,1
hard_M4_07.mat,910007,911407006,WarmPSO,1000,980,200,0,0,1.0560768,7842.96440418155,7822.61727921575,0,0,0,1,0,64.2241275657935,0,0,232,NaN,NaN,6712.0432921758,1
hard_M4_07.mat,910007,911407006,WarmPSO,1500,1490,200,0,0,1.1021888,7842.96440418155,7822.61727921575,0,0,0,1,0,64.2241275657935,0,0,232,NaN,NaN,6712.0432921758,1
hard_M4_07.mat,910007,911407006,WarmPSO,2500,2500,200,0,0,1.1941654,7735.58073028204,7713.4286104593,0,0,0,1,0,64.2241275657935,0,0,232,NaN,NaN,6712.0432921758,1
hard_M4_07.mat,910007,911407006,AlwaysVND,500,491,200,0,171,1.0115598,6447.25243097273,6433.34956295696,0,0,0,1,0,64.2241275657935,0,0,232,260,1693.78827245205,6712.0432921758,1
hard_M4_07.mat,910007,911407006,AlwaysVND,1000,926,200,0,456,1.058747,6358.614383937,6342.63742406225,0,0,0,1,0,64.2241275657935,0,0,232,260,1782.42631948778,6712.0432921758,1
hard_M4_07.mat,910007,911407006,AlwaysVND,1500,1448,200,0,798,1.1194216,6358.614383937,6342.63742406225,0,0,0,1,0,64.2241275657935,0,0,232,260,1782.42631948778,6712.0432921758,1
hard_M4_07.mat,910007,911407006,AlwaysVND,2500,2500,200,0,1482,1.2424275,5776.47642042969,5763.77843632849,0,0,0,1,0,64.2241275657935,0,0,232,260,2364.5642829951,6712.0432921758,1
hard_M4_07.mat,910007,911407006,FB-CMPSO,500,491,200,0,171,1.0147472,6447.25243097273,6433.34956295696,0,0,0,1,0,64.2241275657935,0,0,232,260,1693.78827245205,6712.0432921758,1
hard_M4_07.mat,910007,911407006,FB-CMPSO,1000,926,200,0,456,1.0624102,6358.614383937,6342.63742406225,0,0,0,1,0,64.2241275657935,0,0,232,260,1782.42631948778,6712.0432921758,1
hard_M4_07.mat,910007,911407006,FB-CMPSO,1500,1448,200,0,798,1.1210765,6358.614383937,6342.63742406225,0,0,0,1,0,64.2241275657935,0,0,232,260,1782.42631948778,6712.0432921758,1
hard_M4_07.mat,910007,911407006,FB-CMPSO,2500,2500,200,0,1482,1.2394635,5776.47642042969,5763.77843632849,0,0,0,1,0,64.2241275657935,0,0,232,260,2364.5642829951,6712.0432921758,1
hard_M4_07.mat,910007,911407007,Repair,500,75,0,0,0,0.0066037,10384.5651247231,8033.09221995745,23.3161151886318,0,0,0,NaN,NaN,NaN,NaN,NaN,NaN,NaN,6712.0432921758,0
hard_M4_07.mat,910007,911407007,Repair,1000,75,0,0,0,0.0066037,10384.5651247231,8033.09221995745,23.3161151886318,0,0,0,NaN,NaN,NaN,NaN,NaN,NaN,NaN,6712.0432921758,0
hard_M4_07.mat,910007,911407007,Repair,1500,75,0,0,0,0.0066037,10384.5651247231,8033.09221995745,23.3161151886318,0,0,0,NaN,NaN,NaN,NaN,NaN,NaN,NaN,6712.0432921758,0
hard_M4_07.mat,910007,911407007,Repair,2500,75,0,0,0,0.0066037,10384.5651247231,8033.09221995745,23.3161151886318,0,0,0,NaN,NaN,NaN,NaN,NaN,NaN,NaN,6712.0432921758,0
hard_M4_07.mat,910007,911407007,WarmPSO,500,500,200,0,0,1.0618291,7409.394885309,7391.79975162068,0,0,0,1,1,0,0,0,201,NaN,NaN,6712.0432921758,1
hard_M4_07.mat,910007,911407007,WarmPSO,1000,980,200,0,0,1.1127781,7409.394885309,7391.79975162068,0,0,0,1,1,0,0,0,201,NaN,NaN,6712.0432921758,1
hard_M4_07.mat,910007,911407007,WarmPSO,1500,1490,200,0,0,1.1673035,7409.394885309,7391.79975162068,0,0,0,1,1,0,0,0,201,NaN,NaN,6712.0432921758,1
hard_M4_07.mat,910007,911407007,WarmPSO,2500,2500,200,0,0,1.2634362,7409.394885309,7391.79975162068,0,0,0,1,1,0,0,0,201,NaN,NaN,6712.0432921758,1
hard_M4_07.mat,910007,911407007,AlwaysVND,500,491,200,0,171,1.0584043,7115.91717065165,7094.21995154059,0,0,0,1,1,0,0,0,201,260,293.477714657352,6712.0432921758,1
hard_M4_07.mat,910007,911407007,AlwaysVND,1000,926,200,0,456,1.1118847,6753.71317120221,6737.44628519132,0,0,0,1,1,0,0,0,201,260,655.681714106787,6712.0432921758,1
hard_M4_07.mat,910007,911407007,AlwaysVND,1500,1448,200,0,798,1.1685512,6344.52257686689,6330.34335799812,0,0,0,1,1,0,0,0,201,260,1064.87230844211,6712.0432921758,1
hard_M4_07.mat,910007,911407007,AlwaysVND,2500,2500,200,0,1482,1.2861554,5520.45119836236,5510.55785641744,0,0,0,1,1,0,0,0,201,260,1888.94368694664,6712.0432921758,1
hard_M4_07.mat,910007,911407007,FB-CMPSO,500,491,200,0,171,1.0553739,7115.91717065165,7094.21995154059,0,0,0,1,1,0,0,0,201,260,293.477714657352,6712.0432921758,1
hard_M4_07.mat,910007,911407007,FB-CMPSO,1000,926,200,0,456,1.101741,6753.71317120221,6737.44628519132,0,0,0,1,1,0,0,0,201,260,655.681714106787,6712.0432921758,1
hard_M4_07.mat,910007,911407007,FB-CMPSO,1500,1448,200,0,798,1.1747081,6344.52257686689,6330.34335799812,0,0,0,1,1,0,0,0,201,260,1064.87230844211,6712.0432921758,1
hard_M4_07.mat,910007,911407007,FB-CMPSO,2500,2500,200,0,1482,1.2854599,5520.45119836236,5510.55785641744,0,0,0,1,1,0,0,0,201,260,1888.94368694664,6712.0432921758,1
hard_M4_07.mat,910007,911407008,Repair,500,75,0,0,0,0.006157,10384.5651247231,8033.09221995745,23.3161151886318,0,0,0,NaN,NaN,NaN,NaN,NaN,NaN,NaN,6712.0432921758,0
hard_M4_07.mat,910007,911407008,Repair,1000,75,0,0,0,0.006157,10384.5651247231,8033.09221995745,23.3161151886318,0,0,0,NaN,NaN,NaN,NaN,NaN,NaN,NaN,6712.0432921758,0
hard_M4_07.mat,910007,911407008,Repair,1500,75,0,0,0,0.006157,10384.5651247231,8033.09221995745,23.3161151886318,0,0,0,NaN,NaN,NaN,NaN,NaN,NaN,NaN,6712.0432921758,0
hard_M4_07.mat,910007,911407008,Repair,2500,75,0,0,0,0.006157,10384.5651247231,8033.09221995745,23.3161151886318,0,0,0,NaN,NaN,NaN,NaN,NaN,NaN,NaN,6712.0432921758,0
hard_M4_07.mat,910007,911407008,WarmPSO,500,500,200,0,0,1.0447901,8257.36337154717,8237.59632039786,0,0,0,1,0,24.29351133262,0,0,285,NaN,NaN,6712.0432921758,1
hard_M4_07.mat,910007,911407008,WarmPSO,1000,980,200,0,0,1.0912809,7515.11275018711,7497.01149093163,0,0,0,1,0,24.29351133262,0,0,285,NaN,NaN,6712.0432921758,1
hard_M4_07.mat,910007,911407008,WarmPSO,1500,1490,200,0,0,1.1372063,7515.11275018711,7497.01149093163,0,0,0,1,0,24.29351133262,0,0,285,NaN,NaN,6712.0432921758,1
hard_M4_07.mat,910007,911407008,WarmPSO,2500,2500,200,0,0,1.2312549,7371.58018948076,7352.65341980005,0,0,0,1,0,24.29351133262,0,0,285,NaN,NaN,6712.0432921758,1
hard_M4_07.mat,910007,911407008,AlwaysVND,500,491,200,0,171,1.0511778,7722.99504335672,7704.82122446623,0,0,0,1,0,24.29351133262,0,0,311,260,2058.6551726155,6712.0432921758,1
hard_M4_07.mat,910007,911407008,AlwaysVND,1000,926,200,0,456,1.0995615,6827.7546144687,6816.55279659253,0,0,0,1,0,24.29351133262,0,0,311,260,2953.89560150352,6712.0432921758,1
hard_M4_07.mat,910007,911407008,AlwaysVND,1500,1448,200,0,798,1.1555021,6591.00268401145,6578.94157587647,0,0,0,1,0,24.29351133262,0,0,311,260,3190.64753196078,6712.0432921758,1
hard_M4_07.mat,910007,911407008,AlwaysVND,2500,2500,200,0,1482,1.2665978,5898.3940359735,5885.3635322677,0,0,0,1,0,24.29351133262,0,0,311,260,3883.25617999872,6712.0432921758,1
hard_M4_07.mat,910007,911407008,FB-CMPSO,500,453,200,19,114,1.042592,8036.05048377116,8014.56698320863,0,0,0,1,0,24.29351133262,0,0,273,309,1304.92279239342,6712.0432921758,1
hard_M4_07.mat,910007,911407008,FB-CMPSO,1000,975,200,19,456,1.0964417,7088.40067260855,7070.11414745751,0,0,0,1,0,24.29351133262,0,0,273,309,2252.57260355602,6712.0432921758,1
hard_M4_07.mat,910007,911407008,FB-CMPSO,1500,1497,200,19,798,1.1516343,6512.09839454344,6492.74039224905,0,0,0,1,0,24.29351133262,0,0,273,309,2828.87488162114,6712.0432921758,1
hard_M4_07.mat,910007,911407008,FB-CMPSO,2500,2500,200,19,1441,1.2592055,5844.48910276972,5823.53409277352,0,0,0,1,0,24.29351133262,0,0,273,309,3496.48417339486,6712.0432921758,1
hard_M4_07.mat,910007,911407009,Repair,500,75,0,0,0,0.0061546,10384.5651247231,8033.09221995745,23.3161151886318,0,0,0,NaN,NaN,NaN,NaN,NaN,NaN,NaN,6712.0432921758,0
hard_M4_07.mat,910007,911407009,Repair,1000,75,0,0,0,0.0061546,10384.5651247231,8033.09221995745,23.3161151886318,0,0,0,NaN,NaN,NaN,NaN,NaN,NaN,NaN,6712.0432921758,0
hard_M4_07.mat,910007,911407009,Repair,1500,75,0,0,0,0.0061546,10384.5651247231,8033.09221995745,23.3161151886318,0,0,0,NaN,NaN,NaN,NaN,NaN,NaN,NaN,6712.0432921758,0
hard_M4_07.mat,910007,911407009,Repair,2500,75,0,0,0,0.0061546,10384.5651247231,8033.09221995745,23.3161151886318,0,0,0,NaN,NaN,NaN,NaN,NaN,NaN,NaN,6712.0432921758,0
hard_M4_07.mat,910007,911407009,WarmPSO,500,500,200,0,0,1.025708,8776.67671003846,8755.82478967356,0,0,0,1,0,98.6414026965781,0,0,281,NaN,NaN,6712.0432921758,1
hard_M4_07.mat,910007,911407009,WarmPSO,1000,980,200,0,0,1.0673444,8776.67671003846,8755.82478967356,0,0,0,1,0,98.6414026965781,0,0,281,NaN,NaN,6712.0432921758,1
hard_M4_07.mat,910007,911407009,WarmPSO,1500,1490,200,0,0,1.1200047,7716.60281927132,7693.20669981422,0,0,0,1,0,98.6414026965781,0,0,281,NaN,NaN,6712.0432921758,1
hard_M4_07.mat,910007,911407009,WarmPSO,2500,2500,200,0,0,1.2122744,7605.41087437695,7583.74045536636,0,0,0,1,0,98.6414026965781,0,0,281,NaN,NaN,6712.0432921758,1
hard_M4_07.mat,910007,911407009,AlwaysVND,500,491,200,0,171,1.0262489,9721.39660374735,9695.90503941364,0,0,0,1,0,98.6414026965781,0,0,358,260,8641.69540707371,6712.0432921758,1
hard_M4_07.mat,910007,911407009,AlwaysVND,1000,926,200,0,456,1.0680238,7633.34064455487,7610.07227827442,0,0,0,1,0,98.6414026965781,0,0,358,260,10729.7513662662,6712.0432921758,1
hard_M4_07.mat,910007,911407009,AlwaysVND,1500,1448,200,0,798,1.1279658,6515.78282593855,6498.88998032791,0,0,0,1,0,98.6414026965781,0,0,358,260,11847.3091848825,6712.0432921758,1
hard_M4_07.mat,910007,911407009,AlwaysVND,2500,2500,200,0,1482,1.2382454,6177.36610572953,6162.55972277058,0,0,0,1,0,98.6414026965781,0,0,358,260,12185.7259050915,6712.0432921758,1
hard_M4_07.mat,910007,911407009,FB-CMPSO,500,453,200,19,114,1.0245095,7500.68558927868,7478.10949897832,0,0,0,1,0,98.6414026965781,0,0,300,309,640.969491938492,6712.0432921758,1
hard_M4_07.mat,910007,911407009,FB-CMPSO,1000,975,200,19,456,1.0810923,6509.6422425994,6496.2386785761,0,0,0,1,0,98.6414026965781,0,0,300,309,1632.01283861778,6712.0432921758,1
hard_M4_07.mat,910007,911407009,FB-CMPSO,1500,1497,200,19,798,1.1358934,6338.55265859585,6321.72019610079,0,0,0,1,0,98.6414026965781,0,0,300,309,1803.10242262133,6712.0432921758,1
hard_M4_07.mat,910007,911407009,FB-CMPSO,2500,2500,200,19,1441,1.2483739,6157.24554634473,6139.1032218416,0,0,0,1,0,98.6414026965781,0,0,300,309,1984.40953487244,6712.0432921758,1
hard_M4_07.mat,910007,911407010,Repair,500,75,0,0,0,0.006273,10384.5651247231,8033.09221995745,23.3161151886318,0,0,0,NaN,NaN,NaN,NaN,NaN,NaN,NaN,6712.0432921758,0
hard_M4_07.mat,910007,911407010,Repair,1000,75,0,0,0,0.006273,10384.5651247231,8033.09221995745,23.3161151886318,0,0,0,NaN,NaN,NaN,NaN,NaN,NaN,NaN,6712.0432921758,0
hard_M4_07.mat,910007,911407010,Repair,1500,75,0,0,0,0.006273,10384.5651247231,8033.09221995745,23.3161151886318,0,0,0,NaN,NaN,NaN,NaN,NaN,NaN,NaN,6712.0432921758,0
hard_M4_07.mat,910007,911407010,Repair,2500,75,0,0,0,0.006273,10384.5651247231,8033.09221995745,23.3161151886318,0,0,0,NaN,NaN,NaN,NaN,NaN,NaN,NaN,6712.0432921758,0
hard_M4_07.mat,910007,911407010,WarmPSO,500,500,200,0,0,1.0253035,9282.81110184518,9250.37616539326,0,0,0,1,0,69.7911265785664,0,0,240,NaN,NaN,6712.0432921758,1
hard_M4_07.mat,910007,911407010,WarmPSO,1000,980,200,0,0,1.0688271,8303.20687735898,8271.58086360852,0,0,0,1,0,69.7911265785664,0,0,240,NaN,NaN,6712.0432921758,1
hard_M4_07.mat,910007,911407010,WarmPSO,1500,1490,200,0,0,1.1144964,7847.28485398811,7826.24370094483,0,0,0,1,0,69.7911265785664,0,0,240,NaN,NaN,6712.0432921758,1
hard_M4_07.mat,910007,911407010,WarmPSO,2500,2500,200,0,0,1.2043088,7847.28485398811,7826.24370094483,0,0,0,1,0,69.7911265785664,0,0,240,NaN,NaN,6712.0432921758,1
hard_M4_07.mat,910007,911407010,AlwaysVND,500,491,200,0,171,1.0257084,8153.96904644793,8131.96830835426,0,0,0,1,0,69.7911265785664,0,0,240,260,1613.01505240967,6712.0432921758,1
hard_M4_07.mat,910007,911407010,AlwaysVND,1000,926,200,0,456,1.0693859,6322.05568731029,6308.67233963917,0,0,0,1,0,69.7911265785664,0,0,240,260,3444.92841154731,6712.0432921758,1
hard_M4_07.mat,910007,911407010,AlwaysVND,1500,1448,200,0,798,1.1230493,5891.2230539279,5876.52321188125,0,0,0,1,0,69.7911265785664,0,0,240,260,3875.7610449297,6712.0432921758,1
hard_M4_07.mat,910007,911407010,AlwaysVND,2500,2500,200,0,1482,1.2323467,5610.9953753744,5593.63401159597,0,0,0,1,0,69.7911265785664,0,0,240,260,4155.9887234832,6712.0432921758,1
hard_M4_07.mat,910007,911407010,FB-CMPSO,500,491,200,0,171,1.0261392,8153.96904644793,8131.96830835426,0,0,0,1,0,69.7911265785664,0,0,240,260,1613.01505240967,6712.0432921758,1
hard_M4_07.mat,910007,911407010,FB-CMPSO,1000,926,200,0,456,1.0704507,6322.05568731029,6308.67233963917,0,0,0,1,0,69.7911265785664,0,0,240,260,3444.92841154731,6712.0432921758,1
hard_M4_07.mat,910007,911407010,FB-CMPSO,1500,1448,200,0,798,1.124097,5891.2230539279,5876.52321188125,0,0,0,1,0,69.7911265785664,0,0,240,260,3875.7610449297,6712.0432921758,1
hard_M4_07.mat,910007,911407010,FB-CMPSO,2500,2500,200,0,1482,1.2321585,5610.9953753744,5593.63401159597,0,0,0,1,0,69.7911265785664,0,0,240,260,4155.9887234832,6712.0432921758,1
hard_M4_07.mat,910007,911407011,Repair,500,75,0,0,0,0.0061538,10384.5651247231,8033.09221995745,23.3161151886318,0,0,0,NaN,NaN,NaN,NaN,NaN,NaN,NaN,6712.0432921758,0
hard_M4_07.mat,910007,911407011,Repair,1000,75,0,0,0,0.0061538,10384.5651247231,8033.09221995745,23.3161151886318,0,0,0,NaN,NaN,NaN,NaN,NaN,NaN,NaN,6712.0432921758,0
hard_M4_07.mat,910007,911407011,Repair,1500,75,0,0,0,0.0061538,10384.5651247231,8033.09221995745,23.3161151886318,0,0,0,NaN,NaN,NaN,NaN,NaN,NaN,NaN,6712.0432921758,0
hard_M4_07.mat,910007,911407011,Repair,2500,75,0,0,0,0.0061538,10384.5651247231,8033.09221995745,23.3161151886318,0,0,0,NaN,NaN,NaN,NaN,NaN,NaN,NaN,6712.0432921758,0
hard_M4_07.mat,910007,911407011,WarmPSO,500,500,200,0,0,1.0198584,7807.55470119076,7787.9695415028,0,0,0,1,0,3.18022731952266,0,0,274,NaN,NaN,6712.0432921758,1
hard_M4_07.mat,910007,911407011,WarmPSO,1000,980,200,0,0,1.0640671,7807.55470119076,7787.9695415028,0,0,0,1,0,3.18022731952266,0,0,274,NaN,NaN,6712.0432921758,1
hard_M4_07.mat,910007,911407011,WarmPSO,1500,1490,200,0,0,1.1128602,7773.39629077421,7757.6836539218,0,0,0,1,0,3.18022731952266,0,0,274,NaN,NaN,6712.0432921758,1
hard_M4_07.mat,910007,911407011,WarmPSO,2500,2500,200,0,0,1.198852,7397.70733282707,7380.35264335258,0,0,0,1,0,3.18022731952266,0,0,274,NaN,NaN,6712.0432921758,1
hard_M4_07.mat,910007,911407011,AlwaysVND,500,491,200,0,171,1.0163164,7760.03857682058,7739.57622423403,0,0,0,1,0,3.18022731952266,0,0,266,260,277.743674947234,6712.0432921758,1
hard_M4_07.mat,910007,911407011,AlwaysVND,1000,926,200,0,456,1.0591838,6307.98833156391,6292.19082067101,0,0,0,1,0,3.18022731952266,0,0,266,260,1729.7939202039,6712.0432921758,1
hard_M4_07.mat,910007,911407011,AlwaysVND,1500,1448,200,0,798,1.1126702,5744.53067907017,5733.3151613087,0,0,0,1,0,3.18022731952266,0,0,266,260,2293.25157269764,6712.0432921758,1
hard_M4_07.mat,910007,911407011,AlwaysVND,2500,2500,200,0,1482,1.2197223,5626.87471863589,5614.77346146427,0,0,0,1,0,3.18022731952266,0,0,266,260,2410.90753313192,6712.0432921758,1
hard_M4_07.mat,910007,911407011,FB-CMPSO,500,453,200,19,114,1.0146319,7397.70733282707,7380.35264335258,0,0,0,1,0,3.18022731952266,0,0,270,309,322.052186988474,6712.0432921758,1
hard_M4_07.mat,910007,911407011,FB-CMPSO,1000,975,200,19,456,1.0662724,6405.61765745646,6385.09281395456,0,0,0,1,0,3.18022731952266,0,0,270,309,1314.14186235909,6712.0432921758,1
hard_M4_07.mat,910007,911407011,FB-CMPSO,1500,1497,200,19,798,1.1183797,5880.81975200641,5871.31098023183,0,0,0,1,0,3.18022731952266,0,0,270,309,1838.93976780913,6712.0432921758,1
hard_M4_07.mat,910007,911407011,FB-CMPSO,2500,2500,200,19,1441,1.2211354,5655.39601410919,5644.15522399913,0,0,0,1,0,3.18022731952266,0,0,270,309,2064.36350570636,6712.0432921758,1
hard_M4_07.mat,910007,911407012,Repair,500,75,0,0,0,0.0063781,10384.5651247231,8033.09221995745,23.3161151886318,0,0,0,NaN,NaN,NaN,NaN,NaN,NaN,NaN,6712.0432921758,0
hard_M4_07.mat,910007,911407012,Repair,1000,75,0,0,0,0.0063781,10384.5651247231,8033.09221995745,23.3161151886318,0,0,0,NaN,NaN,NaN,NaN,NaN,NaN,NaN,6712.0432921758,0
hard_M4_07.mat,910007,911407012,Repair,1500,75,0,0,0,0.0063781,10384.5651247231,8033.09221995745,23.3161151886318,0,0,0,NaN,NaN,NaN,NaN,NaN,NaN,NaN,6712.0432921758,0
hard_M4_07.mat,910007,911407012,Repair,2500,75,0,0,0,0.0063781,10384.5651247231,8033.09221995745,23.3161151886318,0,0,0,NaN,NaN,NaN,NaN,NaN,NaN,NaN,6712.0432921758,0
hard_M4_07.mat,910007,911407012,WarmPSO,500,500,200,0,0,1.0285044,8002.78943341972,7981.90707074884,0,0,0,1,0,54.8831150922482,0,0,293,NaN,NaN,6712.0432921758,1
hard_M4_07.mat,910007,911407012,WarmPSO,1000,980,200,0,0,1.0739398,8002.78943341972,7981.90707074884,0,0,0,1,0,54.8831150922482,0,0,293,NaN,NaN,6712.0432921758,1
hard_M4_07.mat,910007,911407012,WarmPSO,1500,1490,200,0,0,1.1197699,8002.78943341972,7981.90707074884,0,0,0,1,0,54.8831150922482,0,0,293,NaN,NaN,6712.0432921758,1
hard_M4_07.mat,910007,911407012,WarmPSO,2500,2500,200,0,0,1.2169459,7662.19683989507,7638.22992693312,0,0,0,1,0,54.8831150922482,0,0,293,NaN,NaN,6712.0432921758,1
hard_M4_07.mat,910007,911407012,AlwaysVND,500,491,200,0,171,1.0237984,8226.56411553331,8207.54512405118,0,0,0,1,0,54.8831150922482,0,0,462,260,5165.58300317937,6712.0432921758,1
hard_M4_07.mat,910007,911407012,AlwaysVND,1000,926,200,0,456,1.0716526,7350.24161255574,7327.65641243338,0,0,0,1,0,54.8831150922482,0,0,462,260,6041.90550615694,6712.0432921758,1
hard_M4_07.mat,910007,911407012,AlwaysVND,1500,1448,200,0,798,1.1287457,6372.49818069423,6354.70324979915,0,0,0,1,0,54.8831150922482,0,0,462,260,7019.64893801844,6712.0432921758,1
hard_M4_07.mat,910007,911407012,AlwaysVND,2500,2500,200,0,1482,1.2446814,5815.16323628629,5796.76948283939,0,0,0,1,0,54.8831150922482,0,0,462,260,7576.98388242639,6712.0432921758,1
hard_M4_07.mat,910007,911407012,FB-CMPSO,500,464,200,57,57,1.0256052,8930.09341902987,8900.4814804489,0,0,0,1,0,54.8831150922482,0,0,387,407,690.772073773307,6712.0432921758,1
hard_M4_07.mat,910007,911407012,FB-CMPSO,1000,986,200,57,399,1.0809348,6998.26516918079,6983.10527952786,0,0,0,1,0,54.8831150922482,0,0,387,407,2622.60032362238,6712.0432921758,1
hard_M4_07.mat,910007,911407012,FB-CMPSO,1500,1421,200,57,684,1.1274181,6270.57978553215,6256.08581973591,0,0,0,1,0,54.8831150922482,0,0,387,407,3350.28570727102,6712.0432921758,1
hard_M4_07.mat,910007,911407012,FB-CMPSO,2500,2500,200,57,1373,1.2503022,5527.9648484812,5514.84851750629,0,0,0,1,0,54.8831150922482,0,0,387,407,4092.90064432198,6712.0432921758,1
hard_M4_07.mat,910007,911407013,Repair,500,75,0,0,0,0.0065938,10384.5651247231,8033.09221995745,23.3161151886318,0,0,0,NaN,NaN,NaN,NaN,NaN,NaN,NaN,6712.0432921758,0
hard_M4_07.mat,910007,911407013,Repair,1000,75,0,0,0,0.0065938,10384.5651247231,8033.09221995745,23.3161151886318,0,0,0,NaN,NaN,NaN,NaN,NaN,NaN,NaN,6712.0432921758,0
hard_M4_07.mat,910007,911407013,Repair,1500,75,0,0,0,0.0065938,10384.5651247231,8033.09221995745,23.3161151886318,0,0,0,NaN,NaN,NaN,NaN,NaN,NaN,NaN,6712.0432921758,0
hard_M4_07.mat,910007,911407013,Repair,2500,75,0,0,0,0.0065938,10384.5651247231,8033.09221995745,23.3161151886318,0,0,0,NaN,NaN,NaN,NaN,NaN,NaN,NaN,6712.0432921758,0
hard_M4_07.mat,910007,911407013,WarmPSO,500,500,200,0,0,1.0338881,8191.26499316784,8170.11928973805,0,0,0,1,0,3.18022731952266,0,0,240,NaN,NaN,6712.0432921758,1
hard_M4_07.mat,910007,911407013,WarmPSO,1000,980,200,0,0,1.0864808,7869.21280617936,7848.40022634629,0,0,0,1,0,3.18022731952266,0,0,240,NaN,NaN,6712.0432921758,1
hard_M4_07.mat,910007,911407013,WarmPSO,1500,1490,200,0,0,1.1426373,7776.20825268982,7756.70862191925,0,0,0,1,0,3.18022731952266,0,0,240,NaN,NaN,6712.0432921758,1
hard_M4_07.mat,910007,911407013,WarmPSO,2500,2500,200,0,0,1.2426212,7735.58073028204,7713.4286104593,0,0,0,1,0,3.18022731952266,0,0,240,NaN,NaN,6712.0432921758,1
hard_M4_07.mat,910007,911407013,AlwaysVND,500,491,200,0,171,1.0346362,7569.29580614067,7554.62603633179,0,0,0,1,0,3.18022731952266,0,0,240,260,985.258144695046,6712.0432921758,1
hard_M4_07.mat,910007,911407013,AlwaysVND,1000,926,200,0,456,1.0871012,6581.83457608802,6573.48019026025,0,0,0,1,0,3.18022731952266,0,0,240,260,1972.7193747477,6712.0432921758,1
hard_M4_07.mat,910007,911407013,AlwaysVND,1500,1448,200,0,798,1.1447795,6154.88202925323,6143.56565463378,0,0,0,1,0,3.18022731952266,0,0,240,260,2399.67192158248,6712.0432921758,1
hard_M4_07.mat,910007,911407013,AlwaysVND,2500,2500,200,0,1482,1.2671245,5644.84355837488,5632.39753151699,0,0,0,1,0,3.18022731952266,0,0,240,260,2909.71039246083,6712.0432921758,1
hard_M4_07.mat,910007,911407013,FB-CMPSO,500,491,200,0,171,1.0329985,7569.29580614067,7554.62603633179,0,0,0,1,0,3.18022731952266,0,0,240,260,985.258144695046,6712.0432921758,1
hard_M4_07.mat,910007,911407013,FB-CMPSO,1000,926,200,0,456,1.0853195,6581.83457608802,6573.48019026025,0,0,0,1,0,3.18022731952266,0,0,240,260,1972.7193747477,6712.0432921758,1
hard_M4_07.mat,910007,911407013,FB-CMPSO,1500,1448,200,0,798,1.1465266,6154.88202925323,6143.56565463378,0,0,0,1,0,3.18022731952266,0,0,240,260,2399.67192158248,6712.0432921758,1
hard_M4_07.mat,910007,911407013,FB-CMPSO,2500,2500,200,0,1482,1.2609496,5644.84355837488,5632.39753151699,0,0,0,1,0,3.18022731952266,0,0,240,260,2909.71039246083,6712.0432921758,1
hard_M4_07.mat,910007,911407014,Repair,500,75,0,0,0,0.0065214,10384.5651247231,8033.09221995745,23.3161151886318,0,0,0,NaN,NaN,NaN,NaN,NaN,NaN,NaN,6712.0432921758,0
hard_M4_07.mat,910007,911407014,Repair,1000,75,0,0,0,0.0065214,10384.5651247231,8033.09221995745,23.3161151886318,0,0,0,NaN,NaN,NaN,NaN,NaN,NaN,NaN,6712.0432921758,0
hard_M4_07.mat,910007,911407014,Repair,1500,75,0,0,0,0.0065214,10384.5651247231,8033.09221995745,23.3161151886318,0,0,0,NaN,NaN,NaN,NaN,NaN,NaN,NaN,6712.0432921758,0
hard_M4_07.mat,910007,911407014,Repair,2500,75,0,0,0,0.0065214,10384.5651247231,8033.09221995745,23.3161151886318,0,0,0,NaN,NaN,NaN,NaN,NaN,NaN,NaN,6712.0432921758,0
hard_M4_07.mat,910007,911407014,WarmPSO,500,500,200,0,0,1.0215684,7970.26265398238,7949.52286467384,0,0,0,1,1,0,0,0,201,NaN,NaN,6712.0432921758,1
hard_M4_07.mat,910007,911407014,WarmPSO,1000,980,200,0,0,1.0616197,7509.08233809553,7491.63386525195,0,0,0,1,1,0,0,0,201,NaN,NaN,6712.0432921758,1
hard_M4_07.mat,910007,911407014,WarmPSO,1500,1490,200,0,0,1.1032836,7503.25000473594,7483.98437755951,0,0,0,1,1,0,0,0,201,NaN,NaN,6712.0432921758,1
hard_M4_07.mat,910007,911407014,WarmPSO,2500,2500,200,0,0,1.1887282,7387.02817209793,7366.66712673239,0,0,0,1,1,0,0,0,201,NaN,NaN,6712.0432921758,1
hard_M4_07.mat,910007,911407014,AlwaysVND,500,491,200,0,171,1.0217275,6536.51616618379,6521.91218640758,0,0,0,1,1,0,0,0,201,260,1443.59220290356,6712.0432921758,1
hard_M4_07.mat,910007,911407014,AlwaysVND,1000,926,200,0,456,1.0670243,6367.67581234602,6353.89408240669,0,0,0,1,1,0,0,0,201,260,1612.43255674134,6712.0432921758,1
hard_M4_07.mat,910007,911407014,AlwaysVND,1500,1448,200,0,798,1.1183656,5626.87471863589,5614.77346146427,0,0,0,1,1,0,0,0,201,260,2353.23365045147,6712.0432921758,1
hard_M4_07.mat,910007,911407014,AlwaysVND,2500,2500,200,0,1482,1.2200563,5485.98738869926,5475.13804683821,0,0,0,1,1,0,0,0,201,260,2494.1209803881,6712.0432921758,1
hard_M4_07.mat,910007,911407014,FB-CMPSO,500,491,200,0,171,1.0251426,6536.51616618379,6521.91218640758,0,0,0,1,1,0,0,0,201,260,1443.59220290356,6712.0432921758,1
hard_M4_07.mat,910007,911407014,FB-CMPSO,1000,926,200,0,456,1.0695797,6367.67581234602,6353.89408240669,0,0,0,1,1,0,0,0,201,260,1612.43255674134,6712.0432921758,1
hard_M4_07.mat,910007,911407014,FB-CMPSO,1500,1448,200,0,798,1.123782,5626.87471863589,5614.77346146427,0,0,0,1,1,0,0,0,201,260,2353.23365045147,6712.0432921758,1
hard_M4_07.mat,910007,911407014,FB-CMPSO,2500,2500,200,0,1482,1.2300126,5485.98738869926,5475.13804683821,0,0,0,1,1,0,0,0,201,260,2494.1209803881,6712.0432921758,1
hard_M4_07.mat,910007,911407015,Repair,500,75,0,0,0,0.0061749,10384.5651247231,8033.09221995745,23.3161151886318,0,0,0,NaN,NaN,NaN,NaN,NaN,NaN,NaN,6712.0432921758,0
hard_M4_07.mat,910007,911407015,Repair,1000,75,0,0,0,0.0061749,10384.5651247231,8033.09221995745,23.3161151886318,0,0,0,NaN,NaN,NaN,NaN,NaN,NaN,NaN,6712.0432921758,0
hard_M4_07.mat,910007,911407015,Repair,1500,75,0,0,0,0.0061749,10384.5651247231,8033.09221995745,23.3161151886318,0,0,0,NaN,NaN,NaN,NaN,NaN,NaN,NaN,6712.0432921758,0
hard_M4_07.mat,910007,911407015,Repair,2500,75,0,0,0,0.0061749,10384.5651247231,8033.09221995745,23.3161151886318,0,0,0,NaN,NaN,NaN,NaN,NaN,NaN,NaN,6712.0432921758,0
hard_M4_07.mat,910007,911407015,WarmPSO,500,500,200,0,0,1.0076558,7989.20857421416,7969.09921340573,0,0,0,1,0,78.5196949938608,0,0,263,NaN,NaN,6712.0432921758,1
hard_M4_07.mat,910007,911407015,WarmPSO,1000,980,200,0,0,1.0468114,7563.83040799232,7547.65019371525,0,0,0,1,0,78.5196949938608,0,0,263,NaN,NaN,6712.0432921758,1
hard_M4_07.mat,910007,911407015,WarmPSO,1500,1490,200,0,0,1.0922584,7442.06637157302,7417.66422332412,0,0,0,1,0,78.5196949938608,0,0,263,NaN,NaN,6712.0432921758,1
hard_M4_07.mat,910007,911407015,WarmPSO,2500,2500,200,0,0,1.1777494,7383.1631347271,7361.28220828459,0,0,0,1,0,78.5196949938608,0,0,263,NaN,NaN,6712.0432921758,1
hard_M4_07.mat,910007,911407015,AlwaysVND,500,491,200,0,171,1.0077682,7626.54548381656,7605.84724309027,0,0,0,1,0,78.5196949938608,0,0,303,260,676.062461896152,6712.0432921758,1
hard_M4_07.mat,910007,911407015,AlwaysVND,1000,926,200,0,456,1.0508038,7246.91468573556,7227.61909666595,0,0,0,1,0,78.5196949938608,0,0,303,260,1055.69325997716,6712.0432921758,1
hard_M4_07.mat,910007,911407015,AlwaysVND,1500,1448,200,0,798,1.1007995,6603.87265296546,6587.87648415545,0,0,0,1,0,78.5196949938608,0,0,303,260,1698.73529274726,6712.0432921758,1
hard_M4_07.mat,910007,911407015,AlwaysVND,2500,2500,200,0,1482,1.2010712,5975.54038353323,5959.06086477348,0,0,0,1,0,78.5196949938608,0,0,303,260,2327.06756217949,6712.0432921758,1
hard_M4_07.mat,910007,911407015,FB-CMPSO,500,453,200,19,114,1.0051865,7170.70348356775,7150.67816692248,0,0,0,1,0,78.5196949938608,0,0,262,309,430.135868681318,6712.0432921758,1
hard_M4_07.mat,910007,911407015,FB-CMPSO,1000,975,200,19,456,1.0567719,7029.56257811108,7010.28494577001,0,0,0,1,0,78.5196949938608,0,0,262,309,571.276774137993,6712.0432921758,1
hard_M4_07.mat,910007,911407015,FB-CMPSO,1500,1497,200,19,798,1.1066914,6713.54548011442,6698.41149408586,0,0,0,1,0,78.5196949938608,0,0,262,309,887.29387213465,6712.0432921758,1
hard_M4_07.mat,910007,911407015,FB-CMPSO,2500,2500,200,19,1441,1.2016529,6411.23276931417,6393.68688686412,0,0,0,1,0,78.5196949938608,0,0,262,309,1189.6065829349,6712.0432921758,1
hard_M4_07.mat,910007,911407016,Repair,500,75,0,0,0,0.0060966,10384.5651247231,8033.09221995745,23.3161151886318,0,0,0,NaN,NaN,NaN,NaN,NaN,NaN,NaN,6712.0432921758,0
hard_M4_07.mat,910007,911407016,Repair,1000,75,0,0,0,0.0060966,10384.5651247231,8033.09221995745,23.3161151886318,0,0,0,NaN,NaN,NaN,NaN,NaN,NaN,NaN,6712.0432921758,0
hard_M4_07.mat,910007,911407016,Repair,1500,75,0,0,0,0.0060966,10384.5651247231,8033.09221995745,23.3161151886318,0,0,0,NaN,NaN,NaN,NaN,NaN,NaN,NaN,6712.0432921758,0
hard_M4_07.mat,910007,911407016,Repair,2500,75,0,0,0,0.0060966,10384.5651247231,8033.09221995745,23.3161151886318,0,0,0,NaN,NaN,NaN,NaN,NaN,NaN,NaN,6712.0432921758,0
hard_M4_07.mat,910007,911407016,WarmPSO,500,500,200,0,0,1.0145697,8400.92202484406,8373.31914812619,0,0,0,1,0,68.8817910951099,0,0,300,NaN,NaN,6712.0432921758,1
hard_M4_07.mat,910007,911407016,WarmPSO,1000,980,200,0,0,1.0574214,8172.02592588852,8149.63020263296,0,0,0,1,0,68.8817910951099,0,0,300,NaN,NaN,6712.0432921758,1
hard_M4_07.mat,910007,911407016,WarmPSO,1500,1490,200,0,0,1.1008101,7935.75434913703,7912.5700649517,0,0,0,1,0,68.8817910951099,0,0,300,NaN,NaN,6712.0432921758,1
hard_M4_07.mat,910007,911407016,WarmPSO,2500,2500,200,0,0,1.1858908,7735.58073028204,7713.4286104593,0,0,0,1,0,68.8817910951099,0,0,300,NaN,NaN,6712.0432921758,1
hard_M4_07.mat,910007,911407016,AlwaysVND,500,491,200,0,171,1.0148868,8515.14322879556,8480.73196985384,0,0,0,1,0,68.8817910951099,0,0,300,260,1915.12796809303,6712.0432921758,1
hard_M4_07.mat,910007,911407016,AlwaysVND,1000,926,200,0,456,1.0592695,7352.82967582167,7332.2667904904,0,0,0,1,0,68.8817910951099,0,0,300,260,3077.44152106692,6712.0432921758,1
hard_M4_07.mat,910007,911407016,AlwaysVND,1500,1448,200,0,798,1.1097657,6842.08064655524,6821.88040275788,0,0,0,1,0,68.8817910951099,0,0,300,260,3588.19055033335,6712.0432921758,1
hard_M4_07.mat,910007,911407016,AlwaysVND,2500,2500,200,0,1482,1.2104989,6101.15139060894,6081.04365817047,0,0,0,1,0,68.8817910951099,0,0,300,260,4329.11980627965,6712.0432921758,1
hard_M4_07.mat,910007,911407016,FB-CMPSO,500,453,200,19,114,1.0091798,7756.96565349438,7737.91012486764,0,0,0,1,0,68.8817910951099,0,0,274,309,841.234603809224,6712.0432921758,1
hard_M4_07.mat,910007,911407016,FB-CMPSO,1000,975,200,19,456,1.0618857,7260.8824863935,7234.10060077371,0,0,0,1,0,68.8817910951099,0,0,274,309,1337.31777091011,6712.0432921758,1
hard_M4_07.mat,910007,911407016,FB-CMPSO,1500,1497,200,19,798,1.112707,6875.18463776062,6857.89023656849,0,0,0,1,0,68.8817910951099,0,0,274,309,1723.01561954299,6712.0432921758,1
hard_M4_07.mat,910007,911407016,FB-CMPSO,2500,2500,200,19,1441,1.2131777,6455.75232122409,6437.85395363042,0,0,0,1,0,68.8817910951099,0,0,274,309,2142.44793607951,6712.0432921758,1
hard_M4_07.mat,910007,911407017,Repair,500,75,0,0,0,0.0084969,10384.5651247231,8033.09221995745,23.3161151886318,0,0,0,NaN,NaN,NaN,NaN,NaN,NaN,NaN,6712.0432921758,0
hard_M4_07.mat,910007,911407017,Repair,1000,75,0,0,0,0.0084969,10384.5651247231,8033.09221995745,23.3161151886318,0,0,0,NaN,NaN,NaN,NaN,NaN,NaN,NaN,6712.0432921758,0
hard_M4_07.mat,910007,911407017,Repair,1500,75,0,0,0,0.0084969,10384.5651247231,8033.09221995745,23.3161151886318,0,0,0,NaN,NaN,NaN,NaN,NaN,NaN,NaN,6712.0432921758,0
hard_M4_07.mat,910007,911407017,Repair,2500,75,0,0,0,0.0084969,10384.5651247231,8033.09221995745,23.3161151886318,0,0,0,NaN,NaN,NaN,NaN,NaN,NaN,NaN,6712.0432921758,0
hard_M4_07.mat,910007,911407017,WarmPSO,500,500,200,0,0,1.0467512,7884.48776007267,7862.18730696586,0,0,0,1,1,0,0,0,201,NaN,NaN,6712.0432921758,1
hard_M4_07.mat,910007,911407017,WarmPSO,1000,980,200,0,0,1.0900307,7404.02714058805,7384.62248954742,0,0,0,1,1,0,0,0,201,NaN,NaN,6712.0432921758,1
hard_M4_07.mat,910007,911407017,WarmPSO,1500,1490,200,0,0,1.1354268,7404.02714058805,7384.62248954742,0,0,0,1,1,0,0,0,201,NaN,NaN,6712.0432921758,1
hard_M4_07.mat,910007,911407017,WarmPSO,2500,2500,200,0,0,1.2388606,7311.93243891737,7293.0170856446,0,0,0,1,1,0,0,0,201,NaN,NaN,6712.0432921758,1
hard_M4_07.mat,910007,911407017,AlwaysVND,500,491,200,0,171,1.0503629,7424.52692121851,7402.5661254409,0,0,0,1,1,0,0,0,201,260,1200.20551749135,6712.0432921758,1
hard_M4_07.mat,910007,911407017,AlwaysVND,1000,926,200,0,456,1.099166,6657.04896012697,6638.61905849228,0,0,0,1,1,0,0,0,201,260,1967.68347858289,6712.0432921758,1
hard_M4_07.mat,910007,911407017,AlwaysVND,1500,1448,200,0,798,1.1554379,6657.04896012697,6638.61905849228,0,0,0,1,1,0,0,0,201,260,1967.68347858289,6712.0432921758,1
hard_M4_07.mat,910007,911407017,AlwaysVND,2500,2500,200,0,1482,1.2616558,6034.74466775285,6017.70804331373,0,0,0,1,1,0,0,0,201,260,2589.98777095702,6712.0432921758,1
hard_M4_07.mat,910007,911407017,FB-CMPSO,500,491,200,0,171,1.0420768,7424.52692121851,7402.5661254409,0,0,0,1,1,0,0,0,201,260,1200.20551749135,6712.0432921758,1
hard_M4_07.mat,910007,911407017,FB-CMPSO,1000,926,200,0,456,1.0869692,6657.04896012697,6638.61905849228,0,0,0,1,1,0,0,0,201,260,1967.68347858289,6712.0432921758,1
hard_M4_07.mat,910007,911407017,FB-CMPSO,1500,1448,200,0,798,1.1409298,6657.04896012697,6638.61905849228,0,0,0,1,1,0,0,0,201,260,1967.68347858289,6712.0432921758,1
hard_M4_07.mat,910007,911407017,FB-CMPSO,2500,2500,200,0,1482,1.2455093,6034.74466775285,6017.70804331373,0,0,0,1,1,0,0,0,201,260,2589.98777095702,6712.0432921758,1
hard_M4_07.mat,910007,911407018,Repair,500,75,0,0,0,0.0060322,10384.5651247231,8033.09221995745,23.3161151886318,0,0,0,NaN,NaN,NaN,NaN,NaN,NaN,NaN,6712.0432921758,0
hard_M4_07.mat,910007,911407018,Repair,1000,75,0,0,0,0.0060322,10384.5651247231,8033.09221995745,23.3161151886318,0,0,0,NaN,NaN,NaN,NaN,NaN,NaN,NaN,6712.0432921758,0
hard_M4_07.mat,910007,911407018,Repair,1500,75,0,0,0,0.0060322,10384.5651247231,8033.09221995745,23.3161151886318,0,0,0,NaN,NaN,NaN,NaN,NaN,NaN,NaN,6712.0432921758,0
hard_M4_07.mat,910007,911407018,Repair,2500,75,0,0,0,0.0060322,10384.5651247231,8033.09221995745,23.3161151886318,0,0,0,NaN,NaN,NaN,NaN,NaN,NaN,NaN,6712.0432921758,0
hard_M4_07.mat,910007,911407018,WarmPSO,500,500,200,0,0,1.0293083,8559.84149169413,8540.7655371022,0,0,0,1,0,100.709134229247,0,0,302,NaN,NaN,6712.0432921758,1
hard_M4_07.mat,910007,911407018,WarmPSO,1000,980,200,0,0,1.071041,7857.44186044704,7835.04632582688,0,0,0,1,0,100.709134229247,0,0,302,NaN,NaN,6712.0432921758,1
hard_M4_07.mat,910007,911407018,WarmPSO,1500,1490,200,0,0,1.1197445,7657.30818496959,7639.9043113843,0,0,0,1,0,100.709134229247,0,0,302,NaN,NaN,6712.0432921758,1
hard_M4_07.mat,910007,911407018,WarmPSO,2500,2500,200,0,0,1.2216875,7416.42296487875,7402.56527815787,0,0,0,1,0,100.709134229247,0,0,302,NaN,NaN,6712.0432921758,1
hard_M4_07.mat,910007,911407018,AlwaysVND,500,491,200,0,171,1.0374169,7491.16908934238,7474.12450546263,0,0,0,1,0,100.709134229247,0,0,293,260,3440.20199507414,6712.0432921758,1
hard_M4_07.mat,910007,911407018,AlwaysVND,1000,926,200,0,456,1.0861553,6216.08165661154,6201.53067896734,0,0,0,1,0,100.709134229247,0,0,293,260,4715.28942780499,6712.0432921758,1
hard_M4_07.mat,910007,911407018,AlwaysVND,1500,1448,200,0,798,1.1412734,5653.84846544989,5640.43828887284,0,0,0,1,0,100.709134229247,0,0,293,260,5277.52261896664,6712.0432921758,1
hard_M4_07.mat,910007,911407018,AlwaysVND,2500,2500,200,0,1482,1.2533543,5493.24268586725,5483.42945558931,0,0,0,1,0,100.709134229247,0,0,293,260,5438.12839854928,6712.0432921758,1
hard_M4_07.mat,910007,911407018,FB-CMPSO,500,415,200,38,57,1.0252544,8013.82624697034,7994.51244296916,0,0,0,1,0,100.709134229247,0,0,322,358,0,6712.0432921758,1
hard_M4_07.mat,910007,911407018,FB-CMPSO,1000,937,200,38,399,1.0876906,7057.78173953266,7042.0794994403,0,0,0,1,0,100.709134229247,0,0,322,358,956.044507437675,6712.0432921758,1
hard_M4_07.mat,910007,911407018,FB-CMPSO,1500,1459,200,38,741,1.1409162,6417.53470453975,6403.35243025229,0,0,0,1,0,100.709134229247,0,0,322,358,1596.29154243059,6712.0432921758,1
hard_M4_07.mat,910007,911407018,FB-CMPSO,2500,2500,200,38,1422,1.2435281,5864.44458022202,5851.92042236171,0,0,0,1,0,100.709134229247,0,0,322,358,2149.38166674832,6712.0432921758,1
hard_M4_07.mat,910007,911407019,Repair,500,75,0,0,0,0.0059383,10384.5651247231,8033.09221995745,23.3161151886318,0,0,0,NaN,NaN,NaN,NaN,NaN,NaN,NaN,6712.0432921758,0
hard_M4_07.mat,910007,911407019,Repair,1000,75,0,0,0,0.0059383,10384.5651247231,8033.09221995745,23.3161151886318,0,0,0,NaN,NaN,NaN,NaN,NaN,NaN,NaN,6712.0432921758,0
hard_M4_07.mat,910007,911407019,Repair,1500,75,0,0,0,0.0059383,10384.5651247231,8033.09221995745,23.3161151886318,0,0,0,NaN,NaN,NaN,NaN,NaN,NaN,NaN,6712.0432921758,0
hard_M4_07.mat,910007,911407019,Repair,2500,75,0,0,0,0.0059383,10384.5651247231,8033.09221995745,23.3161151886318,0,0,0,NaN,NaN,NaN,NaN,NaN,NaN,NaN,6712.0432921758,0
hard_M4_07.mat,910007,911407019,WarmPSO,500,500,200,0,0,1.0257345,9088.63562564985,9068.13601036467,0,0,0,1,0,135.502953610847,0,0,266,NaN,NaN,6712.0432921758,1
hard_M4_07.mat,910007,911407019,WarmPSO,1000,980,200,0,0,1.0680466,8002.98250034675,7986.88341103189,0,0,0,1,0,135.502953610847,0,0,266,NaN,NaN,6712.0432921758,1
hard_M4_07.mat,910007,911407019,WarmPSO,1500,1490,200,0,0,1.1124306,8002.98250034675,7986.88341103189,0,0,0,1,0,135.502953610847,0,0,266,NaN,NaN,6712.0432921758,1
hard_M4_07.mat,910007,911407019,WarmPSO,2500,2500,200,0,0,1.1972329,7397.70733282707,7380.35264335258,0,0,0,1,0,135.502953610847,0,0,266,NaN,NaN,6712.0432921758,1
hard_M4_07.mat,910007,911407019,AlwaysVND,500,491,200,0,171,1.0266797,7606.70902949703,7579.47459530361,0,0,0,1,0,135.502953610847,0,0,333,260,5689.78057242586,6712.0432921758,1
hard_M4_07.mat,910007,911407019,AlwaysVND,1000,926,200,0,456,1.06957,6771.20682531766,6756.35097599048,0,0,0,1,0,135.502953610847,0,0,333,260,6525.28277660523,6712.0432921758,1
hard_M4_07.mat,910007,911407019,AlwaysVND,1500,1448,200,0,798,1.1268312,6306.71430340642,6294.87080473556,0,0,0,1,0,135.502953610847,0,0,333,260,6989.77529851647,6712.0432921758,1
hard_M4_07.mat,910007,911407019,AlwaysVND,2500,2500,200,0,1482,1.2413087,6054.27656527367,6039.68852353386,0,0,0,1,0,135.502953610847,0,0,333,260,7242.21303664922,6712.0432921758,1
hard_M4_07.mat,910007,911407019,FB-CMPSO,500,453,200,19,114,1.0268719,7290.14533668095,7273.43830783714,0,0,0,1,0,135.502953610847,0,0,269,309,904.953902907154,6712.0432921758,1
hard_M4_07.mat,910007,911407019,FB-CMPSO,1000,975,200,19,456,1.0845975,6643.56569539673,6628.26498780597,0,0,0,1,0,135.502953610847,0,0,269,309,1551.53354419138,6712.0432921758,1
hard_M4_07.mat,910007,911407019,FB-CMPSO,1500,1497,200,19,798,1.1400425,6282.46057095456,6266.24058499701,0,0,0,1,0,135.502953610847,0,0,269,309,1912.63866863355,6712.0432921758,1
hard_M4_07.mat,910007,911407019,FB-CMPSO,2500,2500,200,19,1441,1.2464643,6093.11708555464,6078.78913297786,0,0,0,1,0,135.502953610847,0,0,269,309,2101.98215403347,6712.0432921758,1
hard_M4_07.mat,910007,911407020,Repair,500,75,0,0,0,0.0059751,10384.5651247231,8033.09221995745,23.3161151886318,0,0,0,NaN,NaN,NaN,NaN,NaN,NaN,NaN,6712.0432921758,0
hard_M4_07.mat,910007,911407020,Repair,1000,75,0,0,0,0.0059751,10384.5651247231,8033.09221995745,23.3161151886318,0,0,0,NaN,NaN,NaN,NaN,NaN,NaN,NaN,6712.0432921758,0
hard_M4_07.mat,910007,911407020,Repair,1500,75,0,0,0,0.0059751,10384.5651247231,8033.09221995745,23.3161151886318,0,0,0,NaN,NaN,NaN,NaN,NaN,NaN,NaN,6712.0432921758,0
hard_M4_07.mat,910007,911407020,Repair,2500,75,0,0,0,0.0059751,10384.5651247231,8033.09221995745,23.3161151886318,0,0,0,NaN,NaN,NaN,NaN,NaN,NaN,NaN,6712.0432921758,0
hard_M4_07.mat,910007,911407020,WarmPSO,500,500,200,0,0,1.027845,9214.00102372138,9184.42183066919,0,0,0,1,0,106.546559101687,0,0,334,NaN,NaN,6712.0432921758,1
hard_M4_07.mat,910007,911407020,WarmPSO,1000,980,200,0,0,1.0693433,9214.00102372138,9184.42183066919,0,0,0,1,0,106.546559101687,0,0,334,NaN,NaN,6712.0432921758,1
hard_M4_07.mat,910007,911407020,WarmPSO,1500,1490,200,0,0,1.1123968,8333.65409723057,8304.39178007948,0,0,0,1,0,106.546559101687,0,0,334,NaN,NaN,6712.0432921758,1
hard_M4_07.mat,910007,911407020,WarmPSO,2500,2500,200,0,0,1.19911,7827.18311600153,7794.64059751108,0,0,0,1,0,106.546559101687,0,0,334,NaN,NaN,6712.0432921758,1
hard_M4_07.mat,910007,911407020,AlwaysVND,500,491,200,0,171,1.0270516,9365.69206392064,9342.40531253321,0,0,0,1,0,106.546559101687,0,0,408,260,3022.43072978885,6712.0432921758,1
hard_M4_07.mat,910007,911407020,AlwaysVND,1000,926,200,0,456,1.0669395,7095.04928872854,7073.50595006625,0,0,0,1,0,106.546559101687,0,0,408,260,5293.07350498095,6712.0432921758,1
hard_M4_07.mat,910007,911407020,AlwaysVND,1500,1448,200,0,798,1.1165124,6148.33770201573,6133.05502464719,0,0,0,1,0,106.546559101687,0,0,408,260,6239.78509169376,6712.0432921758,1
hard_M4_07.mat,910007,911407020,AlwaysVND,2500,2500,200,0,1482,1.2272882,6013.28375006701,6000.4453964819,0,0,0,1,0,106.546559101687,0,0,408,260,6374.83904364248,6712.0432921758,1
hard_M4_07.mat,910007,911407020,FB-CMPSO,500,453,200,19,114,1.0282662,8926.83446420603,8891.51142336017,0,0,0,1,0,106.546559101687,0,0,281,309,1597.71580306525,6712.0432921758,1
hard_M4_07.mat,910007,911407020,FB-CMPSO,1000,975,200,19,456,1.0809381,7203.31550653704,7183.16240301253,0,0,0,1,0,106.546559101687,0,0,281,309,3321.23476073425,6712.0432921758,1
hard_M4_07.mat,910007,911407020,FB-CMPSO,1500,1497,200,19,798,1.1335982,5430.76630181161,5415.72059623124,0,0,0,1,0,106.546559101687,0,0,281,309,5093.78396545967,6712.0432921758,1
hard_M4_07.mat,910007,911407020,FB-CMPSO,2500,2500,200,19,1441,1.2355838,5271.06939948528,5259.48433640349,0,0,0,1,0,106.546559101687,0,0,281,309,5253.480867786,6712.0432921758,1
hard_M4_07.mat,910007,911407021,Repair,500,75,0,0,0,0.0067898,10384.5651247231,8033.09221995745,23.3161151886318,0,0,0,NaN,NaN,NaN,NaN,NaN,NaN,NaN,6712.0432921758,0
hard_M4_07.mat,910007,911407021,Repair,1000,75,0,0,0,0.0067898,10384.5651247231,8033.09221995745,23.3161151886318,0,0,0,NaN,NaN,NaN,NaN,NaN,NaN,NaN,6712.0432921758,0
hard_M4_07.mat,910007,911407021,Repair,1500,75,0,0,0,0.0067898,10384.5651247231,8033.09221995745,23.3161151886318,0,0,0,NaN,NaN,NaN,NaN,NaN,NaN,NaN,6712.0432921758,0
hard_M4_07.mat,910007,911407021,Repair,2500,75,0,0,0,0.0067898,10384.5651247231,8033.09221995745,23.3161151886318,0,0,0,NaN,NaN,NaN,NaN,NaN,NaN,NaN,6712.0432921758,0
hard_M4_07.mat,910007,911407021,WarmPSO,500,500,200,0,0,1.0276052,7640.22071556005,7619.7272674922,0,0,0,1,1,0,0,0,201,NaN,NaN,6712.0432921758,1
hard_M4_07.mat,910007,911407021,WarmPSO,1000,980,200,0,0,1.0718461,7640.22071556005,7619.7272674922,0,0,0,1,1,0,0,0,201,NaN,NaN,6712.0432921758,1
hard_M4_07.mat,910007,911407021,WarmPSO,1500,1490,200,0,0,1.1163016,7628.53316307813,7608.2801592241,0,0,0,1,1,0,0,0,201,NaN,NaN,6712.0432921758,1
hard_M4_07.mat,910007,911407021,WarmPSO,2500,2500,200,0,0,1.2024077,7393.84229545624,7374.96772490479,0,0,0,1,1,0,0,0,201,NaN,NaN,6712.0432921758,1
hard_M4_07.mat,910007,911407021,AlwaysVND,500,491,200,0,171,1.024477,7592.95412762434,7577.62602928788,0,0,0,1,1,0,0,0,201,260,832.970942214819,6712.0432921758,1
hard_M4_07.mat,910007,911407021,AlwaysVND,1000,926,200,0,456,1.0694717,6361.71113773881,6348.12008664074,0,0,0,1,1,0,0,0,201,260,2064.21393210035,6712.0432921758,1
hard_M4_07.mat,910007,911407021,AlwaysVND,1500,1448,200,0,798,1.1195493,6108.68517350061,6095.36308021025,0,0,0,1,1,0,0,0,201,260,2317.23989633854,6712.0432921758,1
hard_M4_07.mat,910007,911407021,AlwaysVND,2500,2500,200,0,1482,1.2219803,5888.45320300048,5872.298428534,0,0,0,1,1,0,0,0,201,260,2537.47186683868,6712.0432921758,1
hard_M4_07.mat,910007,911407021,FB-CMPSO,500,491,200,0,171,1.0251776,7592.95412762434,7577.62602928788,0,0,0,1,1,0,0,0,201,260,832.970942214819,6712.0432921758,1
hard_M4_07.mat,910007,911407021,FB-CMPSO,1000,926,200,0,456,1.0662737,6361.71113773881,6348.12008664074,0,0,0,1,1,0,0,0,201,260,2064.21393210035,6712.0432921758,1
hard_M4_07.mat,910007,911407021,FB-CMPSO,1500,1448,200,0,798,1.1192058,6108.68517350061,6095.36308021025,0,0,0,1,1,0,0,0,201,260,2317.23989633854,6712.0432921758,1
hard_M4_07.mat,910007,911407021,FB-CMPSO,2500,2500,200,0,1482,1.2226984,5888.45320300048,5872.298428534,0,0,0,1,1,0,0,0,201,260,2537.47186683868,6712.0432921758,1
hard_M4_07.mat,910007,911407022,Repair,500,75,0,0,0,0.0060244,10384.5651247231,8033.09221995745,23.3161151886318,0,0,0,NaN,NaN,NaN,NaN,NaN,NaN,NaN,6712.0432921758,0
hard_M4_07.mat,910007,911407022,Repair,1000,75,0,0,0,0.0060244,10384.5651247231,8033.09221995745,23.3161151886318,0,0,0,NaN,NaN,NaN,NaN,NaN,NaN,NaN,6712.0432921758,0
hard_M4_07.mat,910007,911407022,Repair,1500,75,0,0,0,0.0060244,10384.5651247231,8033.09221995745,23.3161151886318,0,0,0,NaN,NaN,NaN,NaN,NaN,NaN,NaN,6712.0432921758,0
hard_M4_07.mat,910007,911407022,Repair,2500,75,0,0,0,0.0060244,10384.5651247231,8033.09221995745,23.3161151886318,0,0,0,NaN,NaN,NaN,NaN,NaN,NaN,NaN,6712.0432921758,0
hard_M4_07.mat,910007,911407022,WarmPSO,500,500,200,0,0,1.0119366,7883.59192658933,7865.8972906757,0,0,0,1,0,62.8594934003012,0,0,277,NaN,NaN,6712.0432921758,1
hard_M4_07.mat,910007,911407022,WarmPSO,1000,980,200,0,0,1.0514822,7883.59192658933,7865.8972906757,0,0,0,1,0,62.8594934003012,0,0,277,NaN,NaN,6712.0432921758,1
hard_M4_07.mat,910007,911407022,WarmPSO,1500,1490,200,0,0,1.0945011,7807.22128717038,7787.05965531912,0,0,0,1,0,62.8594934003012,0,0,277,NaN,NaN,6712.0432921758,1
hard_M4_07.mat,910007,911407022,WarmPSO,2500,2500,200,0,0,1.1776828,7807.22128717038,7787.05965531912,0,0,0,1,0,62.8594934003012,0,0,277,NaN,NaN,6712.0432921758,1
hard_M4_07.mat,910007,911407022,AlwaysVND,500,491,200,0,171,1.0124412,8138.23514273573,8114.41527398087,0,0,0,1,0,62.8594934003012,0,0,279,260,2869.81675494493,6712.0432921758,1
hard_M4_07.mat,910007,911407022,AlwaysVND,1000,926,200,0,456,1.0520089,6735.96207695784,6712.71842825585,0,0,0,1,0,62.8594934003012,0,0,279,260,4272.08982072282,6712.0432921758,1
hard_M4_07.mat,910007,911407022,AlwaysVND,1500,1448,200,0,798,1.1012349,6625.73804022649,6604.87542358593,0,0,0,1,0,62.8594934003012,0,0,279,260,4382.31385745417,6712.0432921758,1
hard_M4_07.mat,910007,911407022,AlwaysVND,2500,2500,200,0,1482,1.2043352,5536.39900835842,5524.07320026953,0,0,0,1,0,62.8594934003012,0,0,279,260,5471.65288932224,6712.0432921758,1
hard_M4_07.mat,910007,911407022,FB-CMPSO,500,453,200,19,114,1.0107915,7818.41094567966,7797.83106808102,0,0,0,1,0,62.8594934003012,0,0,268,309,372.85404748818,6712.0432921758,1
hard_M4_07.mat,910007,911407022,FB-CMPSO,1000,975,200,19,456,1.0622925,6343.50779305151,6327.17872063088,0,0,0,1,0,62.8594934003012,0,0,268,309,1847.75720011633,6712.0432921758,1
hard_M4_07.mat,910007,911407022,FB-CMPSO,1500,1497,200,19,798,1.1120352,6077.62570885378,6061.2666423724,0,0,0,1,0,62.8594934003012,0,0,268,309,2113.63928431406,6712.0432921758,1
hard_M4_07.mat,910007,911407022,FB-CMPSO,2500,2500,200,19,1441,1.2108643,5591.92800044876,5579.22440622709,0,0,0,1,0,62.8594934003012,0,0,268,309,2599.33699271909,6712.0432921758,1
hard_M4_07.mat,910007,911407023,Repair,500,75,0,0,0,0.0076492,10384.5651247231,8033.09221995745,23.3161151886318,0,0,0,NaN,NaN,NaN,NaN,NaN,NaN,NaN,6712.0432921758,0
hard_M4_07.mat,910007,911407023,Repair,1000,75,0,0,0,0.0076492,10384.5651247231,8033.09221995745,23.3161151886318,0,0,0,NaN,NaN,NaN,NaN,NaN,NaN,NaN,6712.0432921758,0
hard_M4_07.mat,910007,911407023,Repair,1500,75,0,0,0,0.0076492,10384.5651247231,8033.09221995745,23.3161151886318,0,0,0,NaN,NaN,NaN,NaN,NaN,NaN,NaN,6712.0432921758,0
hard_M4_07.mat,910007,911407023,Repair,2500,75,0,0,0,0.0076492,10384.5651247231,8033.09221995745,23.3161151886318,0,0,0,NaN,NaN,NaN,NaN,NaN,NaN,NaN,6712.0432921758,0
hard_M4_07.mat,910007,911407023,WarmPSO,500,500,200,0,0,1.0030397,7600.83935224907,7580.01810760412,0,0,0,1,0,3.18022731952266,0,0,267,NaN,NaN,6712.0432921758,1
hard_M4_07.mat,910007,911407023,WarmPSO,1000,980,200,0,0,1.0446385,7600.83935224907,7580.01810760412,0,0,0,1,0,3.18022731952266,0,0,267,NaN,NaN,6712.0432921758,1
hard_M4_07.mat,910007,911407023,WarmPSO,1500,1490,200,0,0,1.0995047,7600.83935224907,7580.01810760412,0,0,0,1,0,3.18022731952266,0,0,267,NaN,NaN,6712.0432921758,1
hard_M4_07.mat,910007,911407023,WarmPSO,2500,2500,200,0,0,1.2064868,7311.93243891737,7293.0170856446,0,0,0,1,0,3.18022731952266,0,0,267,NaN,NaN,6712.0432921758,1
hard_M4_07.mat,910007,911407023,AlwaysVND,500,491,200,0,171,1.005974,7604.7043896199,7585.40302605191,0,0,0,1,0,3.18022731952266,0,0,312,260,1103.72708623137,6712.0432921758,1
hard_M4_07.mat,910007,911407023,AlwaysVND,1000,926,200,0,456,1.0485371,6827.90208370224,6809.49549176478,0,0,0,1,0,3.18022731952266,0,0,312,260,1880.52939214903,6712.0432921758,1
hard_M4_07.mat,910007,911407023,AlwaysVND,1500,1448,200,0,798,1.0972891,6483.05208187097,6469.10871877765,0,0,0,1,0,3.18022731952266,0,0,312,260,2225.3793939803,6712.0432921758,1
hard_M4_07.mat,910007,911407023,AlwaysVND,2500,2500,200,0,1482,1.1976177,6186.70081900929,6172.36192479931,0,0,0,1,0,3.18022731952266,0,0,312,260,2521.73065684198,6712.0432921758,1
hard_M4_07.mat,910007,911407023,FB-CMPSO,500,453,200,19,114,1.001856,7781.21793683976,7763.39359740298,0,0,0,1,0,3.18022731952266,0,0,269,309,609.190807059244,6712.0432921758,1
hard_M4_07.mat,910007,911407023,FB-CMPSO,1000,975,200,19,456,1.0527905,6802.94872400122,6784.40799710146,0,0,0,1,0,3.18022731952266,0,0,269,309,1587.46001989778,6712.0432921758,1
hard_M4_07.mat,910007,911407023,FB-CMPSO,1500,1497,200,19,798,1.1016737,6234.30100450249,6222.72816637202,0,0,0,1,0,3.18022731952266,0,0,269,309,2156.10773939652,6712.0432921758,1
hard_M4_07.mat,910007,911407023,FB-CMPSO,2500,2500,200,19,1441,1.1966045,5689.85982377229,5679.57503357835,0,0,0,1,0,3.18022731952266,0,0,269,309,2700.54892012672,6712.0432921758,1
hard_M4_07.mat,910007,911407024,Repair,500,75,0,0,0,0.0062343,10384.5651247231,8033.09221995745,23.3161151886318,0,0,0,NaN,NaN,NaN,NaN,NaN,NaN,NaN,6712.0432921758,0
hard_M4_07.mat,910007,911407024,Repair,1000,75,0,0,0,0.0062343,10384.5651247231,8033.09221995745,23.3161151886318,0,0,0,NaN,NaN,NaN,NaN,NaN,NaN,NaN,6712.0432921758,0
hard_M4_07.mat,910007,911407024,Repair,1500,75,0,0,0,0.0062343,10384.5651247231,8033.09221995745,23.3161151886318,0,0,0,NaN,NaN,NaN,NaN,NaN,NaN,NaN,6712.0432921758,0
hard_M4_07.mat,910007,911407024,Repair,2500,75,0,0,0,0.0062343,10384.5651247231,8033.09221995745,23.3161151886318,0,0,0,NaN,NaN,NaN,NaN,NaN,NaN,NaN,6712.0432921758,0
hard_M4_07.mat,910007,911407024,WarmPSO,500,500,200,0,0,1.0155104,8814.78813840584,8782.45634225466,0,0,0,1,0,55.276912072142,0,0,294,NaN,NaN,6712.0432921758,1
hard_M4_07.mat,910007,911407024,WarmPSO,1000,980,200,0,0,1.0568903,8814.78813840584,8782.45634225466,0,0,0,1,0,55.276912072142,0,0,294,NaN,NaN,6712.0432921758,1
hard_M4_07.mat,910007,911407024,WarmPSO,1500,1490,200,0,0,1.1008669,8190.0743662516,8165.84581604772,0,0,0,1,0,55.276912072142,0,0,294,NaN,NaN,6712.0432921758,1
hard_M4_07.mat,910007,911407024,WarmPSO,2500,2500,200,0,0,1.1905792,8190.0743662516,8165.84581604772,0,0,0,1,0,55.276912072142,0,0,294,NaN,NaN,6712.0432921758,1
hard_M4_07.mat,910007,911407024,AlwaysVND,500,491,200,0,171,1.0173592,8149.31236375292,8131.32693860404,0,0,0,1,0,55.276912072142,0,0,272,260,3233.82979261559,6712.0432921758,1
hard_M4_07.mat,910007,911407024,AlwaysVND,1000,926,200,0,456,1.0597343,7108.53174121103,7097.35684949126,0,0,0,1,0,55.276912072142,0,0,272,260,4274.61041515748,6712.0432921758,1
hard_M4_07.mat,910007,911407024,AlwaysVND,1500,1448,200,0,798,1.1118606,6415.51874733535,6400.41550275577,0,0,0,1,0,55.276912072142,0,0,272,260,4967.62340903316,6712.0432921758,1
hard_M4_07.mat,910007,911407024,AlwaysVND,2500,2500,200,0,1482,1.225447,6005.27556981597,5988.14747667851,0,0,0,1,0,55.276912072142,0,0,272,260,5377.86658655255,6712.0432921758,1
hard_M4_07.mat,910007,911407024,FB-CMPSO,500,426,200,76,0,1.0138286,10137.3417360899,10098.3465666274,0,0,0,1,0,55.276912072142,0,0,426,NaN,NaN,6712.0432921758,1
hard_M4_07.mat,910007,911407024,FB-CMPSO,1000,948,200,76,342,1.070871,6931.3722354991,6914.59104077175,0,0,0,1,0,55.276912072142,0,0,426,456,3205.96950059084,6712.0432921758,1
hard_M4_07.mat,910007,911407024,FB-CMPSO,1500,1470,200,76,684,1.122123,6819.38246301559,6802.76853153819,0,0,0,1,0,55.276912072142,0,0,426,456,3317.95927307435,6712.0432921758,1
hard_M4_07.mat,910007,911407024,FB-CMPSO,2500,2500,200,76,1354,1.2256702,5831.29142220893,5817.21479934348,0,0,0,1,0,55.276912072142,0,0,426,456,4306.05031388102,6712.0432921758,1
hard_M4_07.mat,910007,911407025,Repair,500,75,0,0,0,0.0067807,10384.5651247231,8033.09221995745,23.3161151886318,0,0,0,NaN,NaN,NaN,NaN,NaN,NaN,NaN,6712.0432921758,0
hard_M4_07.mat,910007,911407025,Repair,1000,75,0,0,0,0.0067807,10384.5651247231,8033.09221995745,23.3161151886318,0,0,0,NaN,NaN,NaN,NaN,NaN,NaN,NaN,6712.0432921758,0
hard_M4_07.mat,910007,911407025,Repair,1500,75,0,0,0,0.0067807,10384.5651247231,8033.09221995745,23.3161151886318,0,0,0,NaN,NaN,NaN,NaN,NaN,NaN,NaN,6712.0432921758,0
hard_M4_07.mat,910007,911407025,Repair,2500,75,0,0,0,0.0067807,10384.5651247231,8033.09221995745,23.3161151886318,0,0,0,NaN,NaN,NaN,NaN,NaN,NaN,NaN,6712.0432921758,0
hard_M4_07.mat,910007,911407025,WarmPSO,500,500,200,0,0,1.0134398,8299.39049446791,8280.98850666613,0,0,0,1,0,82.9643701707101,0,0,286,NaN,NaN,6712.0432921758,1
hard_M4_07.mat,910007,911407025,WarmPSO,1000,980,200,0,0,1.0565412,7839.57410679643,7819.46791668698,0,0,0,1,0,82.9643701707101,0,0,286,NaN,NaN,6712.0432921758,1
hard_M4_07.mat,910007,911407025,WarmPSO,1500,1490,200,0,0,1.1010533,7782.53747290586,7761.77355649717,0,0,0,1,0,82.9643701707101,0,0,286,NaN,NaN,6712.0432921758,1
hard_M4_07.mat,910007,911407025,WarmPSO,2500,2500,200,0,0,1.1886087,7320.86036610896,7304.0020979952,0,0,0,1,0,82.9643701707101,0,0,286,NaN,NaN,6712.0432921758,1
hard_M4_07.mat,910007,911407025,AlwaysVND,500,491,200,0,171,1.0119047,7054.78509311105,7036.66082795467,0,0,0,1,0,82.9643701707101,0,0,271,260,3946.17624269824,6712.0432921758,1
hard_M4_07.mat,910007,911407025,AlwaysVND,1000,926,200,0,456,1.0552572,6042.40967314386,6023.65999646741,0,0,0,1,0,82.9643701707101,0,0,271,260,4958.55166266543,6712.0432921758,1
hard_M4_07.mat,910007,911407025,AlwaysVND,1500,1448,200,0,798,1.1126301,5187.57937717099,5175.91676558306,0,0,0,1,0,82.9643701707101,0,0,271,260,5813.3819586383,6712.0432921758,1
hard_M4_07.mat,910007,911407025,AlwaysVND,2500,2500,200,0,1482,1.2186049,5078.45919541941,5068.09741005535,0,0,0,1,0,82.9643701707101,0,0,271,260,5922.50214038987,6712.0432921758,1
hard_M4_07.mat,910007,911407025,FB-CMPSO,500,453,200,19,114,1.0116323,7048.28976086683,7029.77534881172,0,0,0,1,0,82.9643701707101,0,0,261,309,349.417571960246,6712.0432921758,1
hard_M4_07.mat,910007,911407025,FB-CMPSO,1000,975,200,19,456,1.0659594,6312.20398506864,6300.74109834991,0,0,0,1,0,82.9643701707101,0,0,261,309,1085.50334775844,6712.0432921758,1
hard_M4_07.mat,910007,911407025,FB-CMPSO,1500,1497,200,19,798,1.1188526,5721.68413906275,5710.24545564327,0,0,0,1,0,82.9643701707101,0,0,261,309,1676.02319376433,6712.0432921758,1
hard_M4_07.mat,910007,911407025,FB-CMPSO,2500,2500,200,19,1441,1.2246542,5721.68413906275,5710.24545564327,0,0,0,1,0,82.9643701707101,0,0,261,309,1676.02319376433,6712.0432921758,1
hard_M4_07.mat,910007,911407026,Repair,500,75,0,0,0,0.0060708,10384.5651247231,8033.09221995745,23.3161151886318,0,0,0,NaN,NaN,NaN,NaN,NaN,NaN,NaN,6712.0432921758,0
hard_M4_07.mat,910007,911407026,Repair,1000,75,0,0,0,0.0060708,10384.5651247231,8033.09221995745,23.3161151886318,0,0,0,NaN,NaN,NaN,NaN,NaN,NaN,NaN,6712.0432921758,0
hard_M4_07.mat,910007,911407026,Repair,1500,75,0,0,0,0.0060708,10384.5651247231,8033.09221995745,23.3161151886318,0,0,0,NaN,NaN,NaN,NaN,NaN,NaN,NaN,6712.0432921758,0
hard_M4_07.mat,910007,911407026,Repair,2500,75,0,0,0,0.0060708,10384.5651247231,8033.09221995745,23.3161151886318,0,0,0,NaN,NaN,NaN,NaN,NaN,NaN,NaN,6712.0432921758,0
hard_M4_07.mat,910007,911407026,WarmPSO,500,500,200,0,0,1.0195358,9252.81242042846,9223.72215107221,0,0,0,1,0,116.919393649914,0,0,354,NaN,NaN,6712.0432921758,1
hard_M4_07.mat,910007,911407026,WarmPSO,1000,980,200,0,0,1.0610849,8638.52572557045,8615.95460995262,0,0,0,1,0,116.919393649914,0,0,354,NaN,NaN,6712.0432921758,1
hard_M4_07.mat,910007,911407026,WarmPSO,1500,1490,200,0,0,1.1034675,7995.56895176779,7978.00945020961,0,0,0,1,0,116.919393649914,0,0,354,NaN,NaN,6712.0432921758,1
hard_M4_07.mat,910007,911407026,WarmPSO,2500,2500,200,0,0,1.1874245,7179.72461253151,7162.58708735143,0,0,0,1,0,116.919393649914,0,0,354,NaN,NaN,6712.0432921758,1
hard_M4_07.mat,910007,911407026,AlwaysVND,500,491,200,0,171,1.0182375,9272.08474875809,9238.09168017946,0,0,0,1,0,116.919393649914,0,0,474,260,3671.04212676579,6712.0432921758,1
hard_M4_07.mat,910007,911407026,AlwaysVND,1000,926,200,0,456,1.0586863,7844.35676242781,7817.34429314587,0,0,0,1,0,116.919393649914,0,0,474,260,5098.77011309608,6712.0432921758,1
hard_M4_07.mat,910007,911407026,AlwaysVND,1500,1448,200,0,798,1.1083895,7176.89581236907,7152.22668222985,0,0,0,1,0,116.919393649914,0,0,474,260,5766.23106315481,6712.0432921758,1
hard_M4_07.mat,910007,911407026,AlwaysVND,2500,2500,200,0,1482,1.2093808,5886.89534062676,5873.27533160362,0,0,0,1,0,116.919393649914,0,0,474,260,7056.23153489713,6712.0432921758,1
hard_M4_07.mat,910007,911407026,FB-CMPSO,500,475,200,95,0,1.0206903,12876.7270608986,7729.7401249601,51.3105932175457,0,0,0,0,116.919393649914,0,0,NaN,NaN,NaN,6712.0432921758,0
hard_M4_07.mat,910007,911407026,FB-CMPSO,1000,932,200,171,171,1.0705035,8388.36762091465,8364.11180030006,0,0,0,1,0,116.919393649914,0,0,673,701,1297.42421758083,6712.0432921758,1
hard_M4_07.mat,910007,911407026,FB-CMPSO,1500,1454,200,171,513,1.1190075,6734.07654708603,6720.46991565152,0,0,0,1,0,116.919393649914,0,0,673,701,2951.71529140945,6712.0432921758,1
hard_M4_07.mat,910007,911407026,FB-CMPSO,2500,2500,200,171,1197,1.2189155,6226.20884309842,6213.24759736024,0,0,0,1,0,116.919393649914,0,0,673,701,3459.58299539705,6712.0432921758,1
hard_M4_07.mat,910007,911407027,Repair,500,75,0,0,0,0.0060628,10384.5651247231,8033.09221995745,23.3161151886318,0,0,0,NaN,NaN,NaN,NaN,NaN,NaN,NaN,6712.0432921758,0
hard_M4_07.mat,910007,911407027,Repair,1000,75,0,0,0,0.0060628,10384.5651247231,8033.09221995745,23.3161151886318,0,0,0,NaN,NaN,NaN,NaN,NaN,NaN,NaN,6712.0432921758,0
hard_M4_07.mat,910007,911407027,Repair,1500,75,0,0,0,0.0060628,10384.5651247231,8033.09221995745,23.3161151886318,0,0,0,NaN,NaN,NaN,NaN,NaN,NaN,NaN,6712.0432921758,0
hard_M4_07.mat,910007,911407027,Repair,2500,75,0,0,0,0.0060628,10384.5651247231,8033.09221995745,23.3161151886318,0,0,0,NaN,NaN,NaN,NaN,NaN,NaN,NaN,6712.0432921758,0
hard_M4_07.mat,910007,911407027,WarmPSO,500,500,200,0,0,1.0042767,9235.51152673353,9212.81367713432,0,0,0,1,0,9.32469414338419,0,0,278,NaN,NaN,6712.0432921758,1
hard_M4_07.mat,910007,911407027,WarmPSO,1000,980,200,0,0,1.0448195,9091.87702747323,9070.80655465828,0,0,0,1,0,9.32469414338419,0,0,278,NaN,NaN,6712.0432921758,1
hard_M4_07.mat,910007,911407027,WarmPSO,1500,1490,200,0,0,1.0894364,8538.2725268621,8507.93902931919,0,0,0,1,0,9.32469414338419,0,0,278,NaN,NaN,6712.0432921758,1
hard_M4_07.mat,910007,911407027,WarmPSO,2500,2500,200,0,0,1.1760233,7684.45725923655,7657.85957161655,0,0,0,1,0,9.32469414338419,0,0,278,NaN,NaN,6712.0432921758,1
hard_M4_07.mat,910007,911407027,AlwaysVND,500,491,200,0,171,1.0034784,7294.30127336063,7272.56033734694,0,0,0,1,0,9.32469414338419,0,0,274,260,2335.77385228706,6712.0432921758,1
hard_M4_07.mat,910007,911407027,AlwaysVND,1000,926,200,0,456,1.0437031,6070.70657362305,6058.69298867337,0,0,0,1,0,9.32469414338419,0,0,274,260,3559.36855202465,6712.0432921758,1
hard_M4_07.mat,910007,911407027,AlwaysVND,1500,1448,200,0,798,1.0937487,5576.99098593967,5565.08470456431,0,0,0,1,0,9.32469414338419,0,0,274,260,4053.08413970802,6712.0432921758,1
hard_M4_07.mat,910007,911407027,AlwaysVND,2500,2500,200,0,1482,1.1946527,5266.02146050101,5255.00562323189,0,0,0,1,0,9.32469414338419,0,0,274,260,4364.05366514669,6712.0432921758,1
hard_M4_07.mat,910007,911407027,FB-CMPSO,500,453,200,19,114,1.002851,7298.59152604685,7284.33006360886,0,0,0,1,0,9.32469414338419,0,0,264,309,544.372878134706,6712.0432921758,1
hard_M4_07.mat,910007,911407027,FB-CMPSO,1000,975,200,19,456,1.0605217,6225.03056765223,6211.79464158039,0,0,0,1,0,9.32469414338419,0,0,264,309,1617.93383652932,6712.0432921758,1
hard_M4_07.mat,910007,911407027,FB-CMPSO,1500,1497,200,19,798,1.1131117,6093.11708555464,6078.78913297786,0,0,0,1,0,9.32469414338419,0,0,264,309,1749.84731862692,6712.0432921758,1
hard_M4_07.mat,910007,911407027,FB-CMPSO,2500,2500,200,19,1441,1.2097269,5952.22975561801,5939.1537183518,0,0,0,1,0,9.32469414338419,0,0,264,309,1890.73464856355,6712.0432921758,1
hard_M4_07.mat,910007,911407028,Repair,500,75,0,0,0,0.0061677,10384.5651247231,8033.09221995745,23.3161151886318,0,0,0,NaN,NaN,NaN,NaN,NaN,NaN,NaN,6712.0432921758,0
hard_M4_07.mat,910007,911407028,Repair,1000,75,0,0,0,0.0061677,10384.5651247231,8033.09221995745,23.3161151886318,0,0,0,NaN,NaN,NaN,NaN,NaN,NaN,NaN,6712.0432921758,0
hard_M4_07.mat,910007,911407028,Repair,1500,75,0,0,0,0.0061677,10384.5651247231,8033.09221995745,23.3161151886318,0,0,0,NaN,NaN,NaN,NaN,NaN,NaN,NaN,6712.0432921758,0
hard_M4_07.mat,910007,911407028,Repair,2500,75,0,0,0,0.0061677,10384.5651247231,8033.09221995745,23.3161151886318,0,0,0,NaN,NaN,NaN,NaN,NaN,NaN,NaN,6712.0432921758,0
hard_M4_07.mat,910007,911407028,WarmPSO,500,500,200,0,0,1.021014,10248.8222903622,10211.7370635322,0,0,0,1,0,47.7064968745895,0,0,283,NaN,NaN,6712.0432921758,1
hard_M4_07.mat,910007,911407028,WarmPSO,1000,980,200,0,0,1.0621767,8888.10649390691,8863.17572417121,0,0,0,1,0,47.7064968745895,0,0,283,NaN,NaN,6712.0432921758,1
hard_M4_07.mat,910007,911407028,WarmPSO,1500,1490,200,0,0,1.1048129,7989.31621935746,7965.00400056988,0,0,0,1,0,47.7064968745895,0,0,283,NaN,NaN,6712.0432921758,1
hard_M4_07.mat,910007,911407028,WarmPSO,2500,2500,200,0,0,1.1907032,7948.72864032722,7925.72342915975,0,0,0,1,0,47.7064968745895,0,0,283,NaN,NaN,6712.0432921758,1
hard_M4_07.mat,910007,911407028,AlwaysVND,500,491,200,0,171,1.0209078,8173.10654183183,8153.44771434043,0,0,0,1,0,47.7064968745895,0,0,340,260,2468.2449449401,6712.0432921758,1
hard_M4_07.mat,910007,911407028,AlwaysVND,1000,926,200,0,456,1.0654099,6883.37271387304,6866.25789029664,0,0,0,1,0,47.7064968745895,0,0,340,260,3757.97877289889,6712.0432921758,1
hard_M4_07.mat,910007,911407028,AlwaysVND,1500,1448,200,0,798,1.1191022,6111.84198572463,6096.43973348033,0,0,0,1,0,47.7064968745895,0,0,340,260,4529.5095010473,6712.0432921758,1
hard_M4_07.mat,910007,911407028,AlwaysVND,2500,2500,200,0,1482,1.2191673,5789.35120596451,5774.70839380602,0,0,0,1,0,47.7064968745895,0,0,340,260,4852.00028080742,6712.0432921758,1
hard_M4_07.mat,910007,911407028,FB-CMPSO,500,453,200,19,114,1.0200415,7894.92898927022,7872.71405133598,0,0,0,1,0,47.7064968745895,0,0,296,309,437.230537344154,6712.0432921758,1
hard_M4_07.mat,910007,911407028,FB-CMPSO,1000,975,200,19,456,1.0725203,6891.60781931647,6872.02877846848,0,0,0,1,0,47.7064968745895,0,0,296,309,1440.5517072979,6712.0432921758,1
hard_M4_07.mat,910007,911407028,FB-CMPSO,1500,1497,200,19,798,1.12498,6507.83793378548,6491.70546444281,0,0,0,1,0,47.7064968745895,0,0,296,309,1824.32159282889,6712.0432921758,1
hard_M4_07.mat,910007,911407028,FB-CMPSO,2500,2500,200,19,1441,1.2181944,5919.66237378674,5902.92344934395,0,0,0,1,0,47.7064968745895,0,0,296,309,2412.49715282763,6712.0432921758,1
hard_M4_07.mat,910007,911407029,Repair,500,75,0,0,0,0.0060573,10384.5651247231,8033.09221995745,23.3161151886318,0,0,0,NaN,NaN,NaN,NaN,NaN,NaN,NaN,6712.0432921758,0
hard_M4_07.mat,910007,911407029,Repair,1000,75,0,0,0,0.0060573,10384.5651247231,8033.09221995745,23.3161151886318,0,0,0,NaN,NaN,NaN,NaN,NaN,NaN,NaN,6712.0432921758,0
hard_M4_07.mat,910007,911407029,Repair,1500,75,0,0,0,0.0060573,10384.5651247231,8033.09221995745,23.3161151886318,0,0,0,NaN,NaN,NaN,NaN,NaN,NaN,NaN,6712.0432921758,0
hard_M4_07.mat,910007,911407029,Repair,2500,75,0,0,0,0.0060573,10384.5651247231,8033.09221995745,23.3161151886318,0,0,0,NaN,NaN,NaN,NaN,NaN,NaN,NaN,6712.0432921758,0
hard_M4_07.mat,910007,911407029,WarmPSO,500,500,200,0,0,1.01006,8089.71411987593,8065.72747945165,0,0,0,1,0,121.49931996798,0,0,263,NaN,NaN,6712.0432921758,1
hard_M4_07.mat,910007,911407029,WarmPSO,1000,980,200,0,0,1.0521295,8079.82041454897,8053.50073177648,0,0,0,1,0,121.49931996798,0,0,263,NaN,NaN,6712.0432921758,1
hard_M4_07.mat,910007,911407029,WarmPSO,1500,1490,200,0,0,1.0969473,8079.82041454897,8053.50073177648,0,0,0,1,0,121.49931996798,0,0,263,NaN,NaN,6712.0432921758,1
hard_M4_07.mat,910007,911407029,WarmPSO,2500,2500,200,0,0,1.1843959,7409.394885309,7391.79975162068,0,0,0,1,0,121.49931996798,0,0,263,NaN,NaN,6712.0432921758,1
hard_M4_07.mat,910007,911407029,AlwaysVND,500,491,200,0,171,1.0169737,7259.0499895767,7245.34473170476,0,0,0,1,0,121.49931996798,0,0,310,260,2011.453837467,6712.0432921758,1
hard_M4_07.mat,910007,911407029,AlwaysVND,1000,926,200,0,456,1.0602845,6935.59614604422,6923.92684108281,0,0,0,1,0,121.49931996798,0,0,310,260,2334.90768099948,6712.0432921758,1
hard_M4_07.mat,910007,911407029,AlwaysVND,1500,1448,200,0,798,1.1105624,6019.12938989381,6008.06061732758,0,0,0,1,0,121.49931996798,0,0,310,260,3251.37443714989,6712.0432921758,1
hard_M4_07.mat,910007,911407029,AlwaysVND,2500,2500,200,0,1482,1.2130318,5493.24268586725,5483.42945558931,0,0,0,1,0,121.49931996798,0,0,310,260,3777.26114117646,6712.0432921758,1
hard_M4_07.mat,910007,911407029,FB-CMPSO,500,453,200,19,114,1.005243,7254.6219139121,7233.10882000578,0,0,0,1,0,121.49931996798,0,0,265,309,1414.70213761638,6712.0432921758,1
hard_M4_07.mat,910007,911407029,FB-CMPSO,1000,975,200,19,456,1.0555028,6761.55199199488,6744.05684266463,0,0,0,1,0,121.49931996798,0,0,265,309,1907.7720595336,6712.0432921758,1
hard_M4_07.mat,910007,911407029,FB-CMPSO,1500,1497,200,19,798,1.1059874,5882.68169863413,5868.82508633198,0,0,0,1,0,121.49931996798,0,0,265,309,2786.64235289436,6712.0432921758,1
hard_M4_07.mat,910007,911407029,FB-CMPSO,2500,2500,200,19,1441,1.2042876,5500.93794488949,5488.8342801028,0,0,0,1,0,121.49931996798,0,0,265,309,3168.38610663899,6712.0432921758,1
hard_M4_07.mat,910007,911407030,Repair,500,75,0,0,0,0.0061626,10384.5651247231,8033.09221995745,23.3161151886318,0,0,0,NaN,NaN,NaN,NaN,NaN,NaN,NaN,6712.0432921758,0
hard_M4_07.mat,910007,911407030,Repair,1000,75,0,0,0,0.0061626,10384.5651247231,8033.09221995745,23.3161151886318,0,0,0,NaN,NaN,NaN,NaN,NaN,NaN,NaN,6712.0432921758,0
hard_M4_07.mat,910007,911407030,Repair,1500,75,0,0,0,0.0061626,10384.5651247231,8033.09221995745,23.3161151886318,0,0,0,NaN,NaN,NaN,NaN,NaN,NaN,NaN,6712.0432921758,0
hard_M4_07.mat,910007,911407030,Repair,2500,75,0,0,0,0.0061626,10384.5651247231,8033.09221995745,23.3161151886318,0,0,0,NaN,NaN,NaN,NaN,NaN,NaN,NaN,6712.0432921758,0
hard_M4_07.mat,910007,911407030,WarmPSO,500,500,200,0,0,0.9964175,8220.08489814735,8196.25782300217,0,0,0,1,1,0,0,0,201,NaN,NaN,6712.0432921758,1
hard_M4_07.mat,910007,911407030,WarmPSO,1000,980,200,0,0,1.0356617,7758.48447787616,7736.91808272442,0,0,0,1,1,0,0,0,201,NaN,NaN,6712.0432921758,1
hard_M4_07.mat,910007,911407030,WarmPSO,1500,1490,200,0,0,1.0778334,7558.31085902118,7537.77662823202,0,0,0,1,1,0,0,0,201,NaN,NaN,6712.0432921758,1
hard_M4_07.mat,910007,911407030,WarmPSO,2500,2500,200,0,0,1.1702338,7311.93243891737,7293.0170856446,0,0,0,1,1,0,0,0,201,NaN,NaN,6712.0432921758,1
hard_M4_07.mat,910007,911407030,AlwaysVND,500,491,200,0,171,0.9973076,7857.85832589033,7843.13711981819,0,0,0,1,1,0,0,0,201,260,528.685380637841,6712.0432921758,1
hard_M4_07.mat,910007,911407030,AlwaysVND,1000,926,200,0,456,1.0405704,6889.83327045507,6876.37185782552,0,0,0,1,1,0,0,0,201,260,1496.7104360731,6712.0432921758,1
hard_M4_07.mat,910007,911407030,AlwaysVND,1500,1448,200,0,798,1.0931796,6027.49910663163,6013.54125269467,0,0,0,1,1,0,0,0,201,260,2359.04459989654,6712.0432921758,1
hard_M4_07.mat,910007,911407030,AlwaysVND,2500,2500,200,0,1482,1.200852,5659.55063418689,5643.11461920452,0,0,0,1,1,0,0,0,201,260,2726.99307234128,6712.0432921758,1
hard_M4_07.mat,910007,911407030,FB-CMPSO,500,491,200,0,171,0.9972034,7857.85832589033,7843.13711981819,0,0,0,1,1,0,0,0,201,260,528.685380637841,6712.0432921758,1
hard_M4_07.mat,910007,911407030,FB-CMPSO,1000,926,200,0,456,1.0405428,6889.83327045507,6876.37185782552,0,0,0,1,1,0,0,0,201,260,1496.7104360731,6712.0432921758,1
hard_M4_07.mat,910007,911407030,FB-CMPSO,1500,1448,200,0,798,1.0921499,6027.49910663163,6013.54125269467,0,0,0,1,1,0,0,0,201,260,2359.04459989654,6712.0432921758,1
hard_M4_07.mat,910007,911407030,FB-CMPSO,2500,2500,200,0,1482,1.206482,5659.55063418689,5643.11461920452,0,0,0,1,1,0,0,0,201,260,2726.99307234128,6712.0432921758,1
hard_M4_08.mat,910008,911408001,Repair,500,75,0,0,0,0.0060247,7308.57624602949,7289.78601629867,0,0,0,1,NaN,NaN,NaN,NaN,NaN,NaN,NaN,4942.55762329264,0
hard_M4_08.mat,910008,911408001,Repair,1000,75,0,0,0,0.0060247,7308.57624602949,7289.78601629867,0,0,0,1,NaN,NaN,NaN,NaN,NaN,NaN,NaN,4942.55762329264,0
hard_M4_08.mat,910008,911408001,Repair,1500,75,0,0,0,0.0060247,7308.57624602949,7289.78601629867,0,0,0,1,NaN,NaN,NaN,NaN,NaN,NaN,NaN,4942.55762329264,0
hard_M4_08.mat,910008,911408001,Repair,2500,75,0,0,0,0.0060247,7308.57624602949,7289.78601629867,0,0,0,1,NaN,NaN,NaN,NaN,NaN,NaN,NaN,4942.55762329264,0
hard_M4_08.mat,910008,911408001,WarmPSO,500,500,200,0,0,0.9992528,7451.00359280239,7428.62486372614,0,0,0,1,0,16.532742111498,0,0,343,NaN,NaN,4942.55762329264,0
hard_M4_08.mat,910008,911408001,WarmPSO,1000,980,200,0,0,1.043936,7008.92346146289,6991.4184766839,0,0,0,1,0,16.532742111498,0,0,343,NaN,NaN,4942.55762329264,1
hard_M4_08.mat,910008,911408001,WarmPSO,1500,1490,200,0,0,1.0895089,6891.92184961339,6875.94644284024,0,0,0,1,0,16.532742111498,0,0,343,NaN,NaN,4942.55762329264,1
hard_M4_08.mat,910008,911408001,WarmPSO,2500,2500,200,0,0,1.1725274,6839.13793885444,6822.0516306773,0,0,0,1,0,16.532742111498,0,0,343,NaN,NaN,4942.55762329264,1
hard_M4_08.mat,910008,911408001,AlwaysVND,500,491,200,0,171,0.9961648,7674.39186523847,7645.19028535813,0.058591291485186,0,0,0,0,16.532742111498,0,0,NaN,260,906.325167667592,4942.55762329264,0
hard_M4_08.mat,910008,911408001,AlwaysVND,1000,926,200,0,456,1.0378816,6083.32005073493,6068.98857856991,0,0,0,1,0,16.532742111498,0,0,564,260,2497.39698217113,4942.55762329264,1
hard_M4_08.mat,910008,911408001,AlwaysVND,1500,1448,200,0,798,1.0872546,5565.94583367032,5554.52326365064,0,0,0,1,0,16.532742111498,0,0,564,260,3014.77119923574,4942.55762329264,1
hard_M4_08.mat,910008,911408001,AlwaysVND,2500,2500,200,0,1482,1.1872325,5178.23329095552,5162.6421988536,0,0,0,1,0,16.532742111498,0,0,564,260,3402.48374195054,4942.55762329264,1
hard_M4_08.mat,910008,911408001,FB-CMPSO,500,453,200,19,114,0.993335,6840.60462963428,6828.33435741194,0,0,0,1,0,16.532742111498,0,0,298,309,850.814652972997,4942.55762329264,1
hard_M4_08.mat,910008,911408001,FB-CMPSO,1000,975,200,19,456,1.0428236,6290.74575762257,6280.14430200695,0,0,0,1,0,16.532742111498,0,0,298,309,1400.67352498471,4942.55762329264,1
hard_M4_08.mat,910008,911408001,FB-CMPSO,1500,1497,200,19,798,1.097215,6290.74575762257,6280.14430200695,0,0,0,1,0,16.532742111498,0,0,298,309,1400.67352498471,4942.55762329264,1
hard_M4_08.mat,910008,911408001,FB-CMPSO,2500,2500,200,19,1441,1.20222,5909.51984846314,5899.56564051183,0,0,0,1,0,16.532742111498,0,0,298,309,1781.89943414414,4942.55762329264,1
hard_M4_08.mat,910008,911408002,Repair,500,75,0,0,0,0.0060385,7308.57624602949,7289.78601629867,0,0,0,1,NaN,NaN,NaN,NaN,NaN,NaN,NaN,4942.55762329264,0
hard_M4_08.mat,910008,911408002,Repair,1000,75,0,0,0,0.0060385,7308.57624602949,7289.78601629867,0,0,0,1,NaN,NaN,NaN,NaN,NaN,NaN,NaN,4942.55762329264,0
hard_M4_08.mat,910008,911408002,Repair,1500,75,0,0,0,0.0060385,7308.57624602949,7289.78601629867,0,0,0,1,NaN,NaN,NaN,NaN,NaN,NaN,NaN,4942.55762329264,0
hard_M4_08.mat,910008,911408002,Repair,2500,75,0,0,0,0.0060385,7308.57624602949,7289.78601629867,0,0,0,1,NaN,NaN,NaN,NaN,NaN,NaN,NaN,4942.55762329264,0
hard_M4_08.mat,910008,911408002,WarmPSO,500,500,200,0,0,1.0093744,6917.42418555665,6896.73046038965,0,0,0,1,0,66.3305401618408,0,0,371,NaN,NaN,4942.55762329264,1
hard_M4_08.mat,910008,911408002,WarmPSO,1000,980,200,0,0,1.0495445,6917.42418555665,6896.73046038965,0,0,0,1,0,66.3305401618408,0,0,371,NaN,NaN,4942.55762329264,1
hard_M4_08.mat,910008,911408002,WarmPSO,1500,1490,200,0,0,1.0915285,6682.76505976052,6661.92902329005,0,0,0,1,0,66.3305401618408,0,0,371,NaN,NaN,4942.55762329264,1
hard_M4_08.mat,910008,911408002,WarmPSO,2500,2500,200,0,0,1.1745153,6682.76505976052,6661.92902329005,0,0,0,1,0,66.3305401618408,0,0,371,NaN,NaN,4942.55762329264,1
hard_M4_08.mat,910008,911408002,AlwaysVND,500,491,200,0,171,1.0063385,6857.7243768347,6836.68850376567,0,0,0,1,0,66.3305401618408,0,0,261,260,251.620064321432,4942.55762329264,1
hard_M4_08.mat,910008,911408002,AlwaysVND,1000,926,200,0,456,1.0489469,6485.74155694747,6469.3247082049,0,0,0,1,0,66.3305401618408,0,0,261,260,623.602884208657,4942.55762329264,1
hard_M4_08.mat,910008,911408002,AlwaysVND,1500,1448,200,0,798,1.1012009,6337.9087126685,6321.84746197162,0,0,0,1,0,66.3305401618408,0,0,261,260,771.435728487632,4942.55762329264,1
hard_M4_08.mat,910008,911408002,AlwaysVND,2500,2500,200,0,1482,1.2058732,6236.98956013083,6221.01607131915,0,0,0,1,0,66.3305401618408,0,0,261,260,872.354881025306,4942.55762329264,1
hard_M4_08.mat,910008,911408002,FB-CMPSO,500,453,200,19,114,1.0040154,6857.7243768347,6836.68850376567,0,0,0,1,0,66.3305401618408,0,0,270,309,220.001368227544,4942.55762329264,1
hard_M4_08.mat,910008,911408002,FB-CMPSO,1000,975,200,19,456,1.0562004,6602.70322541944,6580.79730199873,0,0,0,1,0,66.3305401618408,0,0,270,309,475.022519642801,4942.55762329264,1
hard_M4_08.mat,910008,911408002,FB-CMPSO,1500,1497,200,19,798,1.1076064,6485.74155694747,6469.3247082049,0,0,0,1,0,66.3305401618408,0,0,270,309,591.984188114769,4942.55762329264,1
hard_M4_08.mat,910008,911408002,FB-CMPSO,2500,2500,200,19,1441,1.2087255,6224.29014391417,6209.43952699426,0,0,0,1,0,66.3305401618408,0,0,270,309,853.435601148073,4942.55762329264,1
hard_M4_08.mat,910008,911408003,Repair,500,75,0,0,0,0.0062095,7308.57624602949,7289.78601629867,0,0,0,1,NaN,NaN,NaN,NaN,NaN,NaN,NaN,4942.55762329264,0
hard_M4_08.mat,910008,911408003,Repair,1000,75,0,0,0,0.0062095,7308.57624602949,7289.78601629867,0,0,0,1,NaN,NaN,NaN,NaN,NaN,NaN,NaN,4942.55762329264,0
hard_M4_08.mat,910008,911408003,Repair,1500,75,0,0,0,0.0062095,7308.57624602949,7289.78601629867,0,0,0,1,NaN,NaN,NaN,NaN,NaN,NaN,NaN,4942.55762329264,0
hard_M4_08.mat,910008,911408003,Repair,2500,75,0,0,0,0.0062095,7308.57624602949,7289.78601629867,0,0,0,1,NaN,NaN,NaN,NaN,NaN,NaN,NaN,4942.55762329264,0
hard_M4_08.mat,910008,911408003,WarmPSO,500,500,200,0,0,1.005615,7369.27614891769,7342.30452200181,0,0,0,1,0,57.3419386139734,0,0,267,NaN,NaN,4942.55762329264,0
hard_M4_08.mat,910008,911408003,WarmPSO,1000,980,200,0,0,1.0464532,7369.27614891769,7342.30452200181,0,0,0,1,0,57.3419386139734,0,0,267,NaN,NaN,4942.55762329264,0
hard_M4_08.mat,910008,911408003,WarmPSO,1500,1490,200,0,0,1.0899427,7094.8359584358,7071.43604827079,0,0,0,1,0,57.3419386139734,0,0,267,NaN,NaN,4942.55762329264,1
hard_M4_08.mat,910008,911408003,WarmPSO,2500,2500,200,0,0,1.1748378,6839.13793885444,6822.0516306773,0,0,0,1,0,57.3419386139734,0,0,267,NaN,NaN,4942.55762329264,1
hard_M4_08.mat,910008,911408003,AlwaysVND,500,491,200,0,171,1.0075983,7759.63010995162,7738.2962164799,0,0,0,1,0,57.3419386139734,0,0,311,260,1066.24709433519,4942.55762329264,0
hard_M4_08.mat,910008,911408003,AlwaysVND,1000,926,200,0,456,1.0474209,6496.34745701575,6480.87712846969,0,0,0,1,0,57.3419386139734,0,0,311,260,2329.52974727106,4942.55762329264,1
hard_M4_08.mat,910008,911408003,AlwaysVND,1500,1448,200,0,798,1.0955612,6221.60795990419,6208.0026031704,0,0,0,1,0,57.3419386139734,0,0,311,260,2604.26924438262,4942.55762329264,1
hard_M4_08.mat,910008,911408003,AlwaysVND,2500,2500,200,0,1482,1.1937088,5508.45948138345,5497.99842354673,0,0,0,1,0,57.3419386139734,0,0,311,260,3317.41772290336,4942.55762329264,1
hard_M4_08.mat,910008,911408003,FB-CMPSO,500,415,200,38,57,1.001053,6900.52619238693,6885.96137333066,0,0,0,1,0,57.3419386139734,0,0,316,358,881.546009186644,4942.55762329264,1
hard_M4_08.mat,910008,911408003,FB-CMPSO,1000,937,200,38,399,1.0540713,6293.63675713329,6277.9944733536,0,0,0,1,0,57.3419386139734,0,0,316,358,1488.43544444029,4942.55762329264,1
hard_M4_08.mat,910008,911408003,FB-CMPSO,1500,1459,200,38,741,1.1041946,6293.63675713329,6277.9944733536,0,0,0,1,0,57.3419386139734,0,0,316,358,1488.43544444029,4942.55762329264,1
hard_M4_08.mat,910008,911408003,FB-CMPSO,2500,2500,200,38,1422,1.2044325,6067.59156196869,6050.51907365275,0,0,0,1,0,57.3419386139734,0,0,316,358,1714.48063960489,4942.55762329264,1
hard_M4_08.mat,910008,911408004,Repair,500,75,0,0,0,0.0065441,7308.57624602949,7289.78601629867,0,0,0,1,NaN,NaN,NaN,NaN,NaN,NaN,NaN,4942.55762329264,0
hard_M4_08.mat,910008,911408004,Repair,1000,75,0,0,0,0.0065441,7308.57624602949,7289.78601629867,0,0,0,1,NaN,NaN,NaN,NaN,NaN,NaN,NaN,4942.55762329264,0
hard_M4_08.mat,910008,911408004,Repair,1500,75,0,0,0,0.0065441,7308.57624602949,7289.78601629867,0,0,0,1,NaN,NaN,NaN,NaN,NaN,NaN,NaN,4942.55762329264,0
hard_M4_08.mat,910008,911408004,Repair,2500,75,0,0,0,0.0065441,7308.57624602949,7289.78601629867,0,0,0,1,NaN,NaN,NaN,NaN,NaN,NaN,NaN,4942.55762329264,0
hard_M4_08.mat,910008,911408004,WarmPSO,500,500,200,0,0,0.999706,7134.19983667022,7120.10370472819,0,0,0,1,0,89.4624598672572,0,0,266,NaN,NaN,4942.55762329264,1
hard_M4_08.mat,910008,911408004,WarmPSO,1000,980,200,0,0,1.0463361,6952.01615824976,6939.71898927683,0,0,0,1,0,89.4624598672572,0,0,266,NaN,NaN,4942.55762329264,1
hard_M4_08.mat,910008,911408004,WarmPSO,1500,1490,200,0,0,1.0899243,6423.60644767705,6412.16382496264,0,0,0,1,0,89.4624598672572,0,0,266,NaN,NaN,4942.55762329264,1
hard_M4_08.mat,910008,911408004,WarmPSO,2500,2500,200,0,0,1.1735154,6396.7128076639,6383.93804533484,0,0,0,1,0,89.4624598672572,0,0,266,NaN,NaN,4942.55762329264,1
hard_M4_08.mat,910008,911408004,AlwaysVND,500,491,200,0,171,0.9975778,7138.69603351218,7120.52553647372,0,0,0,1,0,89.4624598672572,0,0,270,260,4757.29587187434,4942.55762329264,1
hard_M4_08.mat,910008,911408004,AlwaysVND,1000,926,200,0,456,1.0382283,6806.57020639816,6786.73844215397,0,0,0,1,0,89.4624598672572,0,0,270,260,5089.42169898836,4942.55762329264,1
hard_M4_08.mat,910008,911408004,AlwaysVND,1500,1448,200,0,798,1.085664,6573.94056600749,6555.46380489136,0,0,0,1,0,89.4624598672572,0,0,270,260,5322.05133937904,4942.55762329264,1
hard_M4_08.mat,910008,911408004,AlwaysVND,2500,2500,200,0,1482,1.185848,5620.32088030098,5605.0749935987,0,0,0,1,0,89.4624598672572,0,0,270,260,6275.67102508554,4942.55762329264,1
hard_M4_08.mat,910008,911408004,FB-CMPSO,500,453,200,19,114,0.9947547,8207.74100633482,8185.62498912527,0,0,0,1,0,89.4624598672572,0,0,268,309,653.840905376528,4942.55762329264,0
hard_M4_08.mat,910008,911408004,FB-CMPSO,1000,975,200,19,456,1.042606,6854.24798828128,6839.91697981646,0,0,0,1,0,89.4624598672572,0,0,268,309,2007.33392343007,4942.55762329264,1
hard_M4_08.mat,910008,911408004,FB-CMPSO,1500,1497,200,19,798,1.095231,6502.23348565802,6484.04608151566,0,0,0,1,0,89.4624598672572,0,0,268,309,2359.34842605334,4942.55762329264,1
hard_M4_08.mat,910008,911408004,FB-CMPSO,2500,2500,200,19,1441,1.1909289,6371.34358502979,6357.80090561006,0,0,0,1,0,89.4624598672572,0,0,268,309,2490.23832668156,4942.55762329264,1
hard_M4_08.mat,910008,911408005,Repair,500,75,0,0,0,0.0059382,7308.57624602949,7289.78601629867,0,0,0,1,NaN,NaN,NaN,NaN,NaN,NaN,NaN,4942.55762329264,0
hard_M4_08.mat,910008,911408005,Repair,1000,75,0,0,0,0.0059382,7308.57624602949,7289.78601629867,0,0,0,1,NaN,NaN,NaN,NaN,NaN,NaN,NaN,4942.55762329264,0
hard_M4_08.mat,910008,911408005,Repair,1500,75,0,0,0,0.0059382,7308.57624602949,7289.78601629867,0,0,0,1,NaN,NaN,NaN,NaN,NaN,NaN,NaN,4942.55762329264,0
hard_M4_08.mat,910008,911408005,Repair,2500,75,0,0,0,0.0059382,7308.57624602949,7289.78601629867,0,0,0,1,NaN,NaN,NaN,NaN,NaN,NaN,NaN,4942.55762329264,0
hard_M4_08.mat,910008,911408005,WarmPSO,500,500,200,0,0,0.9936086,7096.04220446752,7080.19142755492,0,0,0,1,0,50.2113944129153,0,0,321,NaN,NaN,4942.55762329264,1
hard_M4_08.mat,910008,911408005,WarmPSO,1000,980,200,0,0,1.0344493,6694.36173911153,6680.23433215709,0,0,0,1,0,50.2113944129153,0,0,321,NaN,NaN,4942.55762329264,1
hard_M4_08.mat,910008,911408005,WarmPSO,1500,1490,200,0,0,1.0775511,6505.1565966706,6492.80832220295,0,0,0,1,0,50.2113944129153,0,0,321,NaN,NaN,4942.55762329264,1
hard_M4_08.mat,910008,911408005,WarmPSO,2500,2500,200,0,0,1.1637281,6358.02974939626,6346.39722962104,0,0,0,1,0,50.2113944129153,0,0,321,NaN,NaN,4942.55762329264,1
hard_M4_08.mat,910008,911408005,AlwaysVND,500,491,200,0,171,0.9933889,6541.12235898498,6521.75474177864,0,0,0,1,0,50.2113944129153,0,0,330,260,4780.20340847066,4942.55762329264,1
hard_M4_08.mat,910008,911408005,AlwaysVND,1000,926,200,0,456,1.0353911,6272.48092762578,6257.06748136146,0,0,0,1,0,50.2113944129153,0,0,330,260,5048.84483982986,4942.55762329264,1
hard_M4_08.mat,910008,911408005,AlwaysVND,1500,1448,200,0,798,1.0860416,6024.41723211487,6012.50778832563,0,0,0,1,0,50.2113944129153,0,0,330,260,5296.90853534077,4942.55762329264,1
hard_M4_08.mat,910008,911408005,AlwaysVND,2500,2500,200,0,1482,1.1859557,5361.8554379274,5349.1309514587,0,0,0,1,0,50.2113944129153,0,0,330,260,5959.47032952824,4942.55762329264,1
hard_M4_08.mat,910008,911408005,FB-CMPSO,500,453,200,19,114,0.9896044,8070.30573538738,8037.80550656869,0,0,0,1,0,50.2113944129153,0,0,300,309,928.626934470763,4942.55762329264,0
hard_M4_08.mat,910008,911408005,FB-CMPSO,1000,975,200,19,456,1.0351132,6625.80385814381,6607.62029526541,0,0,0,1,0,50.2113944129153,0,0,300,309,2373.12881171434,4942.55762329264,1
hard_M4_08.mat,910008,911408005,FB-CMPSO,1500,1497,200,19,798,1.0899241,5895.13259660887,5881.27264443795,0,0,0,1,0,50.2113944129153,0,0,300,309,3103.80007324928,4942.55762329264,1
hard_M4_08.mat,910008,911408005,FB-CMPSO,2500,2500,200,19,1441,1.1854401,5642.59286408218,5629.12611165239,0,0,0,1,0,50.2113944129153,0,0,300,309,3356.33980577597,4942.55762329264,1
hard_M4_08.mat,910008,911408006,Repair,500,75,0,0,0,0.0059326,7308.57624602949,7289.78601629867,0,0,0,1,NaN,NaN,NaN,NaN,NaN,NaN,NaN,4942.55762329264,0
hard_M4_08.mat,910008,911408006,Repair,1000,75,0,0,0,0.0059326,7308.57624602949,7289.78601629867,0,0,0,1,NaN,NaN,NaN,NaN,NaN,NaN,NaN,4942.55762329264,0
hard_M4_08.mat,910008,911408006,Repair,1500,75,0,0,0,0.0059326,7308.57624602949,7289.78601629867,0,0,0,1,NaN,NaN,NaN,NaN,NaN,NaN,NaN,4942.55762329264,0
hard_M4_08.mat,910008,911408006,Repair,2500,75,0,0,0,0.0059326,7308.57624602949,7289.78601629867,0,0,0,1,NaN,NaN,NaN,NaN,NaN,NaN,NaN,4942.55762329264,0
hard_M4_08.mat,910008,911408006,WarmPSO,500,500,200,0,0,0.998412,7429.8063106076,7403.57582908717,0,0,0,1,0,21.1176367988045,0,0,241,NaN,NaN,4942.55762329264,0
hard_M4_08.mat,910008,911408006,WarmPSO,1000,980,200,0,0,1.041778,6953.87067503036,6933.51128862247,0,0,0,1,0,21.1176367988045,0,0,241,NaN,NaN,4942.55762329264,1
hard_M4_08.mat,910008,911408006,WarmPSO,1500,1490,200,0,0,1.0888902,6953.87067503036,6933.51128862247,0,0,0,1,0,21.1176367988045,0,0,241,NaN,NaN,4942.55762329264,1
hard_M4_08.mat,910008,911408006,WarmPSO,2500,2500,200,0,0,1.173615,6953.87067503036,6933.51128862247,0,0,0,1,0,21.1176367988045,0,0,241,NaN,NaN,4942.55762329264,1
hard_M4_08.mat,910008,911408006,AlwaysVND,500,491,200,0,171,0.9983258,6997.70850927629,6979.94927292463,0,0,0,1,0,21.1176367988045,0,0,241,260,600.696249082599,4942.55762329264,1
hard_M4_08.mat,910008,911408006,AlwaysVND,1000,926,200,0,456,1.0394107,6403.76921944972,6388.46735558063,0,0,0,1,0,21.1176367988045,0,0,241,260,1194.63553890917,4942.55762329264,1
hard_M4_08.mat,910008,911408006,AlwaysVND,1500,1448,200,0,798,1.0894216,5930.47660822746,5917.75147352855,0,0,0,1,0,21.1176367988045,0,0,241,260,1667.92815013143,4942.55762329264,1
hard_M4_08.mat,910008,911408006,AlwaysVND,2500,2500,200,0,1482,1.1914657,5701.23798054472,5688.73496756607,0,0,0,1,0,21.1176367988045,0,0,241,260,1897.16677781417,4942.55762329264,1
hard_M4_08.mat,910008,911408006,FB-CMPSO,500,491,200,0,171,0.9973428,6997.70850927629,6979.94927292463,0,0,0,1,0,21.1176367988045,0,0,241,260,600.696249082599,4942.55762329264,1
hard_M4_08.mat,910008,911408006,FB-CMPSO,1000,926,200,0,456,1.0383155,6403.76921944972,6388.46735558063,0,0,0,1,0,21.1176367988045,0,0,241,260,1194.63553890917,4942.55762329264,1
hard_M4_08.mat,910008,911408006,FB-CMPSO,1500,1448,200,0,798,1.0870553,5930.47660822746,5917.75147352855,0,0,0,1,0,21.1176367988045,0,0,241,260,1667.92815013143,4942.55762329264,1
hard_M4_08.mat,910008,911408006,FB-CMPSO,2500,2500,200,0,1482,1.1872844,5701.23798054472,5688.73496756607,0,0,0,1,0,21.1176367988045,0,0,241,260,1897.16677781417,4942.55762329264,1
hard_M4_08.mat,910008,911408007,Repair,500,75,0,0,0,0.0060535,7308.57624602949,7289.78601629867,0,0,0,1,NaN,NaN,NaN,NaN,NaN,NaN,NaN,4942.55762329264,0
hard_M4_08.mat,910008,911408007,Repair,1000,75,0,0,0,0.0060535,7308.57624602949,7289.78601629867,0,0,0,1,NaN,NaN,NaN,NaN,NaN,NaN,NaN,4942.55762329264,0
hard_M4_08.mat,910008,911408007,Repair,1500,75,0,0,0,0.0060535,7308.57624602949,7289.78601629867,0,0,0,1,NaN,NaN,NaN,NaN,NaN,NaN,NaN,4942.55762329264,0
hard_M4_08.mat,910008,911408007,Repair,2500,75,0,0,0,0.0060535,7308.57624602949,7289.78601629867,0,0,0,1,NaN,NaN,NaN,NaN,NaN,NaN,NaN,4942.55762329264,0
hard_M4_08.mat,910008,911408007,WarmPSO,500,500,200,0,0,1.0114157,7999.08684719725,7972.44897112022,0,0,0,1,0,75.8438717379413,0,0,268,NaN,NaN,4942.55762329264,0
hard_M4_08.mat,910008,911408007,WarmPSO,1000,980,200,0,0,1.05554,7173.01377621058,7156.20979208167,0,0,0,1,0,75.8438717379413,0,0,268,NaN,NaN,4942.55762329264,1
hard_M4_08.mat,910008,911408007,WarmPSO,1500,1490,200,0,0,1.0972946,7107.01527807565,7086.28058542757,0,0,0,1,0,75.8438717379413,0,0,268,NaN,NaN,4942.55762329264,1
hard_M4_08.mat,910008,911408007,WarmPSO,2500,2500,200,0,0,1.1888312,6839.13793885444,6822.0516306773,0,0,0,1,0,75.8438717379413,0,0,268,NaN,NaN,4942.55762329264,1
hard_M4_08.mat,910008,911408007,AlwaysVND,500,491,200,0,171,1.0136434,6684.54633272697,6667.97396443008,0,0,0,1,0,75.8438717379413,0,0,286,260,4757.08211770255,4942.55762329264,1
hard_M4_08.mat,910008,911408007,AlwaysVND,1000,926,200,0,456,1.0614185,6591.34687507405,6574.34618223252,0,0,0,1,0,75.8438717379413,0,0,286,260,4850.28157535547,4942.55762329264,1
hard_M4_08.mat,910008,911408007,AlwaysVND,1500,1448,200,0,798,1.1131317,6437.51086294888,6422.79959130486,0,0,0,1,0,75.8438717379413,0,0,286,260,5004.11758748064,4942.55762329264,1
hard_M4_08.mat,910008,911408007,AlwaysVND,2500,2500,200,0,1482,1.2136333,6437.51086294888,6422.79959130486,0,0,0,1,0,75.8438717379413,0,0,286,260,5004.11758748064,4942.55762329264,1
hard_M4_08.mat,910008,911408007,FB-CMPSO,500,453,200,19,114,1.0069014,7539.38132445156,7520.6828142661,0,0,0,1,0,75.8438717379413,0,0,280,309,797.340683189521,4942.55762329264,0
hard_M4_08.mat,910008,911408007,FB-CMPSO,1000,975,200,19,456,1.0568755,6261.29575473134,6247.1747873849,0,0,0,1,0,75.8438717379413,0,0,280,309,2075.42625290974,4942.55762329264,1
hard_M4_08.mat,910008,911408007,FB-CMPSO,1500,1497,200,19,798,1.1078052,6113.75488988127,6099.63392253484,0,0,0,1,0,75.8438717379413,0,0,280,309,2222.96711775981,4942.55762329264,1
hard_M4_08.mat,910008,911408007,FB-CMPSO,2500,2500,200,19,1441,1.2173144,5838.49981175836,5822.36121980965,0,0,0,1,0,75.8438717379413,0,0,280,309,2498.22219588272,4942.55762329264,1
hard_M4_08.mat,910008,911408008,Repair,500,75,0,0,0,0.0067328,7308.57624602949,7289.78601629867,0,0,0,1,NaN,NaN,NaN,NaN,NaN,NaN,NaN,4942.55762329264,0
hard_M4_08.mat,910008,911408008,Repair,1000,75,0,0,0,0.0067328,7308.57624602949,7289.78601629867,0,0,0,1,NaN,NaN,NaN,NaN,NaN,NaN,NaN,4942.55762329264,0
hard_M4_08.mat,910008,911408008,Repair,1500,75,0,0,0,0.0067328,7308.57624602949,7289.78601629867,0,0,0,1,NaN,NaN,NaN,NaN,NaN,NaN,NaN,4942.55762329264,0
hard_M4_08.mat,910008,911408008,Repair,2500,75,0,0,0,0.0067328,7308.57624602949,7289.78601629867,0,0,0,1,NaN,NaN,NaN,NaN,NaN,NaN,NaN,4942.55762329264,0
hard_M4_08.mat,910008,911408008,WarmPSO,500,500,200,0,0,1.0470616,8289.35149580779,8264.8367497429,0,0,0,1,0,115.554628577365,0,0,345,NaN,NaN,4942.55762329264,0
hard_M4_08.mat,910008,911408008,WarmPSO,1000,980,200,0,0,1.0981396,7228.01817640362,7209.52020523821,0,0,0,1,0,115.554628577365,0,0,345,NaN,NaN,4942.55762329264,1
hard_M4_08.mat,910008,911408008,WarmPSO,1500,1490,200,0,0,1.1503031,6932.47360014503,6916.06208327529,0,0,0,1,0,115.554628577365,0,0,345,NaN,NaN,4942.55762329264,1
hard_M4_08.mat,910008,911408008,WarmPSO,2500,2500,200,0,0,1.2456266,6218.28086315826,6206.92266350573,0,0,0,1,0,115.554628577365,0,0,345,NaN,NaN,4942.55762329264,1
hard_M4_08.mat,910008,911408008,AlwaysVND,500,491,200,0,171,1.0323777,8398.62425974667,8379.46199251514,0,0,0,1,0,115.554628577365,0,0,412,260,2326.5593199423,4942.55762329264,0
hard_M4_08.mat,910008,911408008,AlwaysVND,1000,926,200,0,456,1.0752071,7026.67981477374,7011.58721770454,0,0,0,1,0,115.554628577365,0,0,412,260,3698.50376491524,4942.55762329264,1
hard_M4_08.mat,910008,911408008,AlwaysVND,1500,1448,200,0,798,1.1301118,6414.9640311212,6401.67687768228,0,0,0,1,0,115.554628577365,0,0,412,260,4310.21954856777,4942.55762329264,1
hard_M4_08.mat,910008,911408008,AlwaysVND,2500,2500,200,0,1482,1.2688317,6096.52674408367,6083.19841924646,0,0,0,1,0,115.554628577365,0,0,412,260,4628.65683560531,4942.55762329264,1
hard_M4_08.mat,910008,911408008,FB-CMPSO,500,453,200,19,114,1.0365374,7539.92820788468,7521.23773093507,0,0,0,1,0,115.554628577365,0,0,295,309,2161.79771371095,4942.55762329264,0
hard_M4_08.mat,910008,911408008,FB-CMPSO,1000,975,200,19,456,1.102701,6338.7500602529,6325.51918718336,0,0,0,1,0,115.554628577365,0,0,295,309,3362.97586134273,4942.55762329264,1
hard_M4_08.mat,910008,911408008,FB-CMPSO,1500,1497,200,19,798,1.1743809,6058.75974954175,6046.03610824294,0,0,0,1,0,115.554628577365,0,0,295,309,3642.96617205388,4942.55762329264,1
hard_M4_08.mat,910008,911408008,FB-CMPSO,2500,2500,200,19,1441,1.3118871,5818.58504550093,5805.86140420212,0,0,0,1,0,115.554628577365,0,0,295,309,3883.1408760947,4942.55762329264,1
hard_M4_08.mat,910008,911408009,Repair,500,75,0,0,0,0.0058347,7308.57624602949,7289.78601629867,0,0,0,1,NaN,NaN,NaN,NaN,NaN,NaN,NaN,4942.55762329264,0
hard_M4_08.mat,910008,911408009,Repair,1000,75,0,0,0,0.0058347,7308.57624602949,7289.78601629867,0,0,0,1,NaN,NaN,NaN,NaN,NaN,NaN,NaN,4942.55762329264,0
hard_M4_08.mat,910008,911408009,Repair,1500,75,0,0,0,0.0058347,7308.57624602949,7289.78601629867,0,0,0,1,NaN,NaN,NaN,NaN,NaN,NaN,NaN,4942.55762329264,0
hard_M4_08.mat,910008,911408009,Repair,2500,75,0,0,0,0.0058347,7308.57624602949,7289.78601629867,0,0,0,1,NaN,NaN,NaN,NaN,NaN,NaN,NaN,4942.55762329264,0
hard_M4_08.mat,910008,911408009,WarmPSO,500,500,200,0,0,0.9976436,7584.79492368052,7565.56100336702,0,0,0,1,0,20.172472269857,0,0,272,NaN,NaN,4942.55762329264,0
hard_M4_08.mat,910008,911408009,WarmPSO,1000,980,200,0,0,1.0389107,6972.16551901574,6956.0399157524,0,0,0,1,0,20.172472269857,0,0,272,NaN,NaN,4942.55762329264,1
hard_M4_08.mat,910008,911408009,WarmPSO,1500,1490,200,0,0,1.0811984,6928.8637848499,6912.31569108961,0,0,0,1,0,20.172472269857,0,0,272,NaN,NaN,4942.55762329264,1
hard_M4_08.mat,910008,911408009,WarmPSO,2500,2500,200,0,0,1.1668528,6434.42222614047,6421.08807506322,0,0,0,1,0,20.172472269857,0,0,272,NaN,NaN,4942.55762329264,1
hard_M4_08.mat,910008,911408009,AlwaysVND,500,491,200,0,171,0.9964784,7760.8312582768,7735.06472997332,0,0,0,1,0,20.172472269857,0,0,312,260,445.787808507924,4942.55762329264,0
hard_M4_08.mat,910008,911408009,AlwaysVND,1000,926,200,0,456,1.0391571,6561.47513296422,6539.18498499694,0,0,0,1,0,20.172472269857,0,0,312,260,1645.1439338205,4942.55762329264,1
hard_M4_08.mat,910008,911408009,AlwaysVND,1500,1448,200,0,798,1.0882295,4992.42367874367,4983.04610813651,0,0,0,1,0,20.172472269857,0,0,312,260,3214.19538804105,4942.55762329264,1
hard_M4_08.mat,910008,911408009,AlwaysVND,2500,2500,200,0,1482,1.189491,4528.41959954504,4520.94563658478,0,0,0,1,0,20.172472269857,0,0,312,260,3678.19946723968,4942.55762329264,1
hard_M4_08.mat,910008,911408009,FB-CMPSO,500,415,200,38,57,0.9908318,7480.30496218527,7459.78719105846,0,0,0,1,0,20.172472269857,0,0,332,358,222.996607674334,4942.55762329264,0
hard_M4_08.mat,910008,911408009,FB-CMPSO,1000,937,200,38,399,1.0425682,6224.29014391417,6209.43952699426,0,0,0,1,0,20.172472269857,0,0,332,358,1479.01142594543,4942.55762329264,1
hard_M4_08.mat,910008,911408009,FB-CMPSO,1500,1459,200,38,741,1.0931632,6224.29014391417,6209.43952699426,0,0,0,1,0,20.172472269857,0,0,332,358,1479.01142594543,4942.55762329264,1
hard_M4_08.mat,910008,911408009,FB-CMPSO,2500,2500,200,38,1422,1.1955309,6224.29014391417,6209.43952699426,0,0,0,1,0,20.172472269857,0,0,332,358,1479.01142594543,4942.55762329264,1
hard_M4_08.mat,910008,911408010,Repair,500,75,0,0,0,0.0057922,7308.57624602949,7289.78601629867,0,0,0,1,NaN,NaN,NaN,NaN,NaN,NaN,NaN,4942.55762329264,0
hard_M4_08.mat,910008,911408010,Repair,1000,75,0,0,0,0.0057922,7308.57624602949,7289.78601629867,0,0,0,1,NaN,NaN,NaN,NaN,NaN,NaN,NaN,4942.55762329264,0
hard_M4_08.mat,910008,911408010,Repair,1500,75,0,0,0,0.0057922,7308.57624602949,7289.78601629867,0,0,0,1,NaN,NaN,NaN,NaN,NaN,NaN,NaN,4942.55762329264,0
hard_M4_08.mat,910008,911408010,Repair,2500,75,0,0,0,0.0057922,7308.57624602949,7289.78601629867,0,0,0,1,NaN,NaN,NaN,NaN,NaN,NaN,NaN,4942.55762329264,0
hard_M4_08.mat,910008,911408010,WarmPSO,500,500,200,0,0,0.9866742,7601.76565230552,7577.75469061279,0,0,0,1,0,2.71307850606161,0,0,243,NaN,NaN,4942.55762329264,0
hard_M4_08.mat,910008,911408010,WarmPSO,1000,980,200,0,0,1.0269921,7026.96620055959,7006.84797593625,0,0,0,1,0,2.71307850606161,0,0,243,NaN,NaN,4942.55762329264,1
hard_M4_08.mat,910008,911408010,WarmPSO,1500,1490,200,0,0,1.0695213,7026.96620055959,7006.84797593625,0,0,0,1,0,2.71307850606161,0,0,243,NaN,NaN,4942.55762329264,1
hard_M4_08.mat,910008,911408010,WarmPSO,2500,2500,200,0,0,1.1532822,6944.33914068406,6925.96854884809,0,0,0,1,0,2.71307850606161,0,0,243,NaN,NaN,4942.55762329264,1
hard_M4_08.mat,910008,911408010,AlwaysVND,500,491,200,0,171,0.9871,6998.22157978719,6975.64036905191,0,0,0,1,0,2.71307850606161,0,0,243,260,699.422476894594,4942.55762329264,1
hard_M4_08.mat,910008,911408010,AlwaysVND,1000,926,200,0,456,1.0284353,6682.53202603801,6661.26439333896,0,0,0,1,0,2.71307850606161,0,0,243,260,1015.11203064378,4942.55762329264,1
hard_M4_08.mat,910008,911408010,AlwaysVND,1500,1448,200,0,798,1.0764562,6488.30351892494,6468.82665553248,0,0,0,1,0,2.71307850606161,0,0,243,260,1209.34053775685,4942.55762329264,1
hard_M4_08.mat,910008,911408010,AlwaysVND,2500,2500,200,0,1482,1.1812095,5766.80308479528,5758.81997035514,0,0,0,1,0,2.71307850606161,0,0,243,260,1930.84097188651,4942.55762329264,1
hard_M4_08.mat,910008,911408010,FB-CMPSO,500,491,200,0,171,0.9871355,6998.22157978719,6975.64036905191,0,0,0,1,0,2.71307850606161,0,0,243,260,699.422476894594,4942.55762329264,1
hard_M4_08.mat,910008,911408010,FB-CMPSO,1000,926,200,0,456,1.0279381,6682.53202603801,6661.26439333896,0,0,0,1,0,2.71307850606161,0,0,243,260,1015.11203064378,4942.55762329264,1
hard_M4_08.mat,910008,911408010,FB-CMPSO,1500,1448,200,0,798,1.0770716,6488.30351892494,6468.82665553248,0,0,0,1,0,2.71307850606161,0,0,243,260,1209.34053775685,4942.55762329264,1
hard_M4_08.mat,910008,911408010,FB-CMPSO,2500,2500,200,0,1482,1.1729808,5766.80308479528,5758.81997035514,0,0,0,1,0,2.71307850606161,0,0,243,260,1930.84097188651,4942.55762329264,1
hard_M4_08.mat,910008,911408011,Repair,500,75,0,0,0,0.005784,7308.57624602949,7289.78601629867,0,0,0,1,NaN,NaN,NaN,NaN,NaN,NaN,NaN,4942.55762329264,0
hard_M4_08.mat,910008,911408011,Repair,1000,75,0,0,0,0.005784,7308.57624602949,7289.78601629867,0,0,0,1,NaN,NaN,NaN,NaN,NaN,NaN,NaN,4942.55762329264,0
hard_M4_08.mat,910008,911408011,Repair,1500,75,0,0,0,0.005784,7308.57624602949,7289.78601629867,0,0,0,1,NaN,NaN,NaN,NaN,NaN,NaN,NaN,4942.55762329264,0
hard_M4_08.mat,910008,911408011,Repair,2500,75,0,0,0,0.005784,7308.57624602949,7289.78601629867,0,0,0,1,NaN,NaN,NaN,NaN,NaN,NaN,NaN,4942.55762329264,0
hard_M4_08.mat,910008,911408011,WarmPSO,500,500,200,0,0,0.9998608,9484.08831261526,9458.03100576372,0,0,0,1,0,104.04581017326,0,0,446,NaN,NaN,4942.55762329264,0
hard_M4_08.mat,910008,911408011,WarmPSO,1000,980,200,0,0,1.0401691,8230.07751912147,8204.55993727643,0,0,0,1,0,104.04581017326,0,0,446,NaN,NaN,4942.55762329264,0
hard_M4_08.mat,910008,911408011,WarmPSO,1500,1490,200,0,0,1.0825174,7549.63775057006,7528.17688855091,0,0,0,1,0,104.04581017326,0,0,446,NaN,NaN,4942.55762329264,0
hard_M4_08.mat,910008,911408011,WarmPSO,2500,2500,200,0,0,1.1649498,6447.39911097223,6431.68881823459,0,0,0,1,0,104.04581017326,0,0,446,NaN,NaN,4942.55762329264,1
hard_M4_08.mat,910008,911408011,AlwaysVND,500,491,200,0,171,0.9990521,6777.37220466547,6763.72539996389,0,0,0,1,0,104.04581017326,0,0,280,260,7512.77179442119,4942.55762329264,1
hard_M4_08.mat,910008,911408011,AlwaysVND,1000,926,200,0,456,1.0427785,6492.75122384807,6479.40127769834,0,0,0,1,0,104.04581017326,0,0,280,260,7797.3927752386,4942.55762329264,1
hard_M4_08.mat,910008,911408011,AlwaysVND,1500,1448,200,0,798,1.1068057,6450.76412995811,6434.98251427952,0,0,0,1,0,104.04581017326,0,0,280,260,7839.37986912856,4942.55762329264,1
hard_M4_08.mat,910008,911408011,AlwaysVND,2500,2500,200,0,1482,1.2254022,6029.01127587343,6011.87211291064,0,0,0,1,0,104.04581017326,0,0,280,260,8261.13272321323,4942.55762329264,1
hard_M4_08.mat,910008,911408011,FB-CMPSO,500,475,200,95,0,1.0098139,8174.98946573886,6910.60603480923,12.4458580100298,0,0,0,0,104.04581017326,0,0,NaN,NaN,NaN,4942.55762329264,0
hard_M4_08.mat,910008,911408011,FB-CMPSO,1000,959,200,114,285,1.0579015,6358.02974939626,6346.39722962104,0,0,0,1,0,104.04581017326,0,0,523,554,2196.53116448239,4942.55762329264,1
hard_M4_08.mat,910008,911408011,FB-CMPSO,1500,1481,200,114,627,1.1108078,5961.88322328315,5947.94579474865,0,0,0,1,0,104.04581017326,0,0,523,554,2592.6776905955,4942.55762329264,1
hard_M4_08.mat,910008,911408011,FB-CMPSO,2500,2500,200,114,1286,1.2155939,5823.29381814579,5810.80428419978,0,0,0,1,0,104.04581017326,0,0,523,554,2731.26709573285,4942.55762329264,1
hard_M4_08.mat,910008,911408012,Repair,500,75,0,0,0,0.0058117,7308.57624602949,7289.78601629867,0,0,0,1,NaN,NaN,NaN,NaN,NaN,NaN,NaN,4942.55762329264,0
hard_M4_08.mat,910008,911408012,Repair,1000,75,0,0,0,0.0058117,7308.57624602949,7289.78601629867,0,0,0,1,NaN,NaN,NaN,NaN,NaN,NaN,NaN,4942.55762329264,0
hard_M4_08.mat,910008,911408012,Repair,1500,75,0,0,0,0.0058117,7308.57624602949,7289.78601629867,0,0,0,1,NaN,NaN,NaN,NaN,NaN,NaN,NaN,4942.55762329264,0
hard_M4_08.mat,910008,911408012,Repair,2500,75,0,0,0,0.0058117,7308.57624602949,7289.78601629867,0,0,0,1,NaN,NaN,NaN,NaN,NaN,NaN,NaN,4942.55762329264,0
hard_M4_08.mat,910008,911408012,WarmPSO,500,500,200,0,0,1.0046978,8968.94813075691,8937.41848036451,0,0,0,1,0,81.3194992354302,0,0,285,NaN,NaN,4942.55762329264,0
hard_M4_08.mat,910008,911408012,WarmPSO,1000,980,200,0,0,1.0434312,8216.0613794252,8188.07833488992,0,0,0,1,0,81.3194992354302,0,0,285,NaN,NaN,4942.55762329264,0
hard_M4_08.mat,910008,911408012,WarmPSO,1500,1490,200,0,0,1.0891914,8064.32080076737,8034.97404604158,0,0,0,1,0,81.3194992354302,0,0,285,NaN,NaN,4942.55762329264,0
hard_M4_08.mat,910008,911408012,WarmPSO,2500,2500,200,0,0,1.1720508,6983.47021971053,6963.75089610498,0,0,0,1,0,81.3194992354302,0,0,285,NaN,NaN,4942.55762329264,1
hard_M4_08.mat,910008,911408012,AlwaysVND,500,491,200,0,171,1.004999,7240.56789613929,7224.11210304163,0,0,0,1,0,81.3194992354302,0,0,264,260,4684.86754529731,4942.55762329264,1
hard_M4_08.mat,910008,911408012,AlwaysVND,1000,926,200,0,456,1.0520166,6620.05725777908,6602.25655257792,0,0,0,1,0,81.3194992354302,0,0,264,260,5305.37818365752,4942.55762329264,1
hard_M4_08.mat,910008,911408012,AlwaysVND,1500,1448,200,0,798,1.1048683,6498.38634745572,6479.79694296724,0,0,0,1,0,81.3194992354302,0,0,264,260,5427.04909398088,4942.55762329264,1
hard_M4_08.mat,910008,911408012,AlwaysVND,2500,2500,200,0,1482,1.2024993,6498.38634745572,6479.79694296724,0,0,0,1,0,81.3194992354302,0,0,264,260,5427.04909398088,4942.55762329264,1
hard_M4_08.mat,910008,911408012,FB-CMPSO,500,453,200,19,114,1.0011315,7897.56522799584,7877.95160565321,0,0,0,1,0,81.3194992354302,0,0,269,309,2317.18848516011,4942.55762329264,0
hard_M4_08.mat,910008,911408012,FB-CMPSO,1000,975,200,19,456,1.04926,6695.5425904187,6678.39396678923,0,0,0,1,0,81.3194992354302,0,0,269,309,3519.21112273725,4942.55762329264,1
hard_M4_08.mat,910008,911408012,FB-CMPSO,1500,1497,200,19,798,1.097539,6533.76747062494,6522.57657779216,0,0,0,1,0,81.3194992354302,0,0,269,309,3680.98624253101,4942.55762329264,1
hard_M4_08.mat,910008,911408012,FB-CMPSO,2500,2500,200,19,1441,1.1910992,6023.17315528084,6010.04638250704,0,0,0,1,0,81.3194992354302,0,0,269,309,4191.58055787511,4942.55762329264,1
hard_M4_08.mat,910008,911408013,Repair,500,75,0,0,0,0.005941,7308.57624602949,7289.78601629867,0,0,0,1,NaN,NaN,NaN,NaN,NaN,NaN,NaN,4942.55762329264,0
hard_M4_08.mat,910008,911408013,Repair,1000,75,0,0,0,0.005941,7308.57624602949,7289.78601629867,0,0,0,1,NaN,NaN,NaN,NaN,NaN,NaN,NaN,4942.55762329264,0
hard_M4_08.mat,910008,911408013,Repair,1500,75,0,0,0,0.005941,7308.57624602949,7289.78601629867,0,0,0,1,NaN,NaN,NaN,NaN,NaN,NaN,NaN,4942.55762329264,0
hard_M4_08.mat,910008,911408013,Repair,2500,75,0,0,0,0.005941,7308.57624602949,7289.78601629867,0,0,0,1,NaN,NaN,NaN,NaN,NaN,NaN,NaN,4942.55762329264,0
hard_M4_08.mat,910008,911408013,WarmPSO,500,500,200,0,0,0.9924771,7617.51453804501,7596.94550496901,0,0,0,1,0,26.9382708610319,0,0,261,NaN,NaN,4942.55762329264,0
hard_M4_08.mat,910008,911408013,WarmPSO,1000,980,200,0,0,1.0337484,7485.58703271071,7463.55095661019,0,0,0,1,0,26.9382708610319,0,0,261,NaN,NaN,4942.55762329264,0
hard_M4_08.mat,910008,911408013,WarmPSO,1500,1490,200,0,0,1.0773494,6935.90237420366,6917.74646787565,0,0,0,1,0,26.9382708610319,0,0,261,NaN,NaN,4942.55762329264,1
hard_M4_08.mat,910008,911408013,WarmPSO,2500,2500,200,0,0,1.1616831,6907.58762269701,6890.3497889394,0,0,0,1,0,26.9382708610319,0,0,261,NaN,NaN,4942.55762329264,1
hard_M4_08.mat,910008,911408013,AlwaysVND,500,491,200,0,171,0.9939563,7051.86998394191,7039.35273268645,0,0,0,1,0,26.9382708610319,0,0,391,260,3071.65802257582,4942.55762329264,1
hard_M4_08.mat,910008,911408013,AlwaysVND,1000,926,200,0,456,1.0393847,6167.42622244328,6157.71651367626,0,0,0,1,0,26.9382708610319,0,0,391,260,3956.10178407445,4942.55762329264,1
hard_M4_08.mat,910008,911408013,AlwaysVND,1500,1448,200,0,798,1.0949229,5790.04612571466,5779.36109563414,0,0,0,1,0,26.9382708610319,0,0,391,260,4333.48188080307,4942.55762329264,1
hard_M4_08.mat,910008,911408013,AlwaysVND,2500,2500,200,0,1482,1.2040129,5556.11444410608,5545.34604177025,0,0,0,1,0,26.9382708610319,0,0,391,260,4567.41356241164,4942.55762329264,1
hard_M4_08.mat,910008,911408013,FB-CMPSO,500,415,200,38,57,0.9887579,7934.16940318005,7911.96129443796,0,0,0,1,0,26.9382708610319,0,0,332,358,212.300134396643,4942.55762329264,0
hard_M4_08.mat,910008,911408013,FB-CMPSO,1000,937,200,38,399,1.0447308,6297.3725915321,6285.75561613219,0,0,0,1,0,26.9382708610319,0,0,332,358,1849.09694604459,4942.55762329264,1
hard_M4_08.mat,910008,911408013,FB-CMPSO,1500,1459,200,38,741,1.1034738,5585.71319553434,5575.77561371684,0,0,0,1,0,26.9382708610319,0,0,332,358,2560.75634204235,4942.55762329264,1
hard_M4_08.mat,910008,911408013,FB-CMPSO,2500,2500,200,38,1422,1.2203899,5466.24566321446,5454.862584983,0,0,0,1,0,26.9382708610319,0,0,332,358,2680.22387436223,4942.55762329264,1
hard_M4_08.mat,910008,911408014,Repair,500,75,0,0,0,0.0060021,7308.57624602949,7289.78601629867,0,0,0,1,NaN,NaN,NaN,NaN,NaN,NaN,NaN,4942.55762329264,0
hard_M4_08.mat,910008,911408014,Repair,1000,75,0,0,0,0.0060021,7308.57624602949,7289.78601629867,0,0,0,1,NaN,NaN,NaN,NaN,NaN,NaN,NaN,4942.55762329264,0
hard_M4_08.mat,910008,911408014,Repair,1500,75,0,0,0,0.0060021,7308.57624602949,7289.78601629867,0,0,0,1,NaN,NaN,NaN,NaN,NaN,NaN,NaN,4942.55762329264,0
hard_M4_08.mat,910008,911408014,Repair,2500,75,0,0,0,0.0060021,7308.57624602949,7289.78601629867,0,0,0,1,NaN,NaN,NaN,NaN,NaN,NaN,NaN,4942.55762329264,0
hard_M4_08.mat,910008,911408014,WarmPSO,500,500,200,0,0,1.0050992,7440.91309248723,7419.43320194512,0,0,0,1,0,10.0292314500931,0,0,265,NaN,NaN,4942.55762329264,0
hard_M4_08.mat,910008,911408014,WarmPSO,1000,980,200,0,0,1.0511146,7290.7020332968,7268.30767805475,0,0,0,1,0,10.0292314500931,0,0,265,NaN,NaN,4942.55762329264,1
hard_M4_08.mat,910008,911408014,WarmPSO,1500,1490,200,0,0,1.1001722,6943.31445630243,6922.3994929248,0,0,0,1,0,10.0292314500931,0,0,265,NaN,NaN,4942.55762329264,1
hard_M4_08.mat,910008,911408014,WarmPSO,2500,2500,200,0,0,1.193759,6682.76505976052,6661.92902329005,0,0,0,1,0,10.0292314500931,0,0,265,NaN,NaN,4942.55762329264,1
hard_M4_08.mat,910008,911408014,AlwaysVND,500,491,200,0,171,1.0112066,8136.64681523205,8104.66718891776,0,0,0,1,0,10.0292314500931,0,0,380,260,442.897484684224,4942.55762329264,0
hard_M4_08.mat,910008,911408014,AlwaysVND,1000,926,200,0,456,1.0554275,6529.1953540886,6511.86285372819,0,0,0,1,0,10.0292314500931,0,0,380,260,2050.34894582767,4942.55762329264,1
hard_M4_08.mat,910008,911408014,AlwaysVND,1500,1448,200,0,798,1.1064973,6290.59195993147,6275.42219892782,0,0,0,1,0,10.0292314500931,0,0,380,260,2288.9523399848,4942.55762329264,1
hard_M4_08.mat,910008,911408014,AlwaysVND,2500,2500,200,0,1482,1.2061659,6144.76743153775,6129.94049768491,0,0,0,1,0,10.0292314500931,0,0,380,260,2434.77686837853,4942.55762329264,1
hard_M4_08.mat,910008,911408014,FB-CMPSO,500,453,200,19,114,1.0017627,6653.39404007525,6638.95071171188,0,0,0,1,0,10.0292314500931,0,0,267,309,764.584340714677,4942.55762329264,1
hard_M4_08.mat,910008,911408014,FB-CMPSO,1000,975,200,19,456,1.0516318,6093.36546613529,6080.98397273852,0,0,0,1,0,10.0292314500931,0,0,267,309,1324.61291465464,4942.55762329264,1
hard_M4_08.mat,910008,911408014,FB-CMPSO,1500,1497,200,19,798,1.1009166,5884.54152288956,5870.00092068929,0,0,0,1,0,10.0292314500931,0,0,267,309,1533.43685790037,4942.55762329264,1
hard_M4_08.mat,910008,911408014,FB-CMPSO,2500,2500,200,19,1441,1.1959051,5796.91648637305,5780.19087711333,0,0,0,1,0,10.0292314500931,0,0,267,309,1621.06189441688,4942.55762329264,1
hard_M4_08.mat,910008,911408015,Repair,500,75,0,0,0,0.0057903,7308.57624602949,7289.78601629867,0,0,0,1,NaN,NaN,NaN,NaN,NaN,NaN,NaN,4942.55762329264,0
hard_M4_08.mat,910008,911408015,Repair,1000,75,0,0,0,0.0057903,7308.57624602949,7289.78601629867,0,0,0,1,NaN,NaN,NaN,NaN,NaN,NaN,NaN,4942.55762329264,0
hard_M4_08.mat,910008,911408015,Repair,1500,75,0,0,0,0.0057903,7308.57624602949,7289.78601629867,0,0,0,1,NaN,NaN,NaN,NaN,NaN,NaN,NaN,4942.55762329264,0
hard_M4_08.mat,910008,911408015,Repair,2500,75,0,0,0,0.0057903,7308.57624602949,7289.78601629867,0,0,0,1,NaN,NaN,NaN,NaN,NaN,NaN,NaN,4942.55762329264,0
hard_M4_08.mat,910008,911408015,WarmPSO,500,500,200,0,0,1.0058824,10255.1825041616,10224.4065139838,0,0,0,1,0,156.232700607583,0,0,359,NaN,NaN,4942.55762329264,0
hard_M4_08.mat,910008,911408015,WarmPSO,1000,980,200,0,0,1.0468034,8826.50911280338,8804.13295302394,0,0,0,1,0,156.232700607583,0,0,359,NaN,NaN,4942.55762329264,0
hard_M4_08.mat,910008,911408015,WarmPSO,1500,1490,200,0,0,1.0892818,8826.50911280338,8804.13295302394,0,0,0,1,0,156.232700607583,0,0,359,NaN,NaN,4942.55762329264,0
hard_M4_08.mat,910008,911408015,WarmPSO,2500,2500,200,0,0,1.175637,7010.23193955524,6995.15281214322,0,0,0,1,0,156.232700607583,0,0,359,NaN,NaN,4942.55762329264,1
hard_M4_08.mat,910008,911408015,AlwaysVND,500,491,200,0,171,1.0060299,6239.75340269402,6227.19925433316,0,0,0,1,0,156.232700607583,0,0,388,260,3108.78024386824,4942.55762329264,1
hard_M4_08.mat,910008,911408015,AlwaysVND,1000,926,200,0,456,1.0511803,6205.71710733443,6193.1843049365,0,0,0,1,0,156.232700607583,0,0,388,260,3142.81653922783,4942.55762329264,1
hard_M4_08.mat,910008,911408015,AlwaysVND,1500,1448,200,0,798,1.1017279,5956.87370278278,5941.0969177678,0,0,0,1,0,156.232700607583,0,0,388,260,3391.65994377948,4942.55762329264,1
hard_M4_08.mat,910008,911408015,AlwaysVND,2500,2500,200,0,1482,1.207248,5820.30433479227,5805.15549410202,0,0,0,1,0,156.232700607583,0,0,388,260,3528.22931176999,4942.55762329264,1
hard_M4_08.mat,910008,911408015,FB-CMPSO,500,464,200,57,57,1.005256,7405.67514839459,7385.70543452075,0,0,0,1,0,156.232700607583,0,0,385,407,2438.2135992656,4942.55762329264,0
hard_M4_08.mat,910008,911408015,FB-CMPSO,1000,986,200,57,399,1.0536695,6554.28237403167,6537.8178292296,0,0,0,1,0,156.232700607583,0,0,385,407,3289.60637362852,4942.55762329264,1
hard_M4_08.mat,910008,911408015,FB-CMPSO,1500,1421,200,57,684,1.0963123,6190.3395997592,6179.03633158647,0,0,0,1,0,156.232700607583,0,0,385,407,3653.54914790099,4942.55762329264,1
hard_M4_08.mat,910008,911408015,FB-CMPSO,2500,2500,200,57,1373,1.199299,5780.65243206941,5770.62358979697,0,0,0,1,0,156.232700607583,0,0,385,407,4063.23631559078,4942.55762329264,1
hard_M4_08.mat,910008,911408016,Repair,500,75,0,0,0,0.0064671,7308.57624602949,7289.78601629867,0,0,0,1,NaN,NaN,NaN,NaN,NaN,NaN,NaN,4942.55762329264,0
hard_M4_08.mat,910008,911408016,Repair,1000,75,0,0,0,0.0064671,7308.57624602949,7289.78601629867,0,0,0,1,NaN,NaN,NaN,NaN,NaN,NaN,NaN,4942.55762329264,0
hard_M4_08.mat,910008,911408016,Repair,1500,75,0,0,0,0.0064671,7308.57624602949,7289.78601629867,0,0,0,1,NaN,NaN,NaN,NaN,NaN,NaN,NaN,4942.55762329264,0
hard_M4_08.mat,910008,911408016,Repair,2500,75,0,0,0,0.0064671,7308.57624602949,7289.78601629867,0,0,0,1,NaN,NaN,NaN,NaN,NaN,NaN,NaN,4942.55762329264,0
hard_M4_08.mat,910008,911408016,WarmPSO,500,500,200,0,0,1.0338376,7930.85339419992,7907.51018894205,0,0,0,1,0,64.6414891422968,0,0,318,NaN,NaN,4942.55762329264,0
hard_M4_08.mat,910008,911408016,WarmPSO,1000,980,200,0,0,1.0765031,6970.23978273706,6949.89117992619,0,0,0,1,0,64.6414891422968,0,0,318,NaN,NaN,4942.55762329264,1
hard_M4_08.mat,910008,911408016,WarmPSO,1500,1490,200,0,0,1.127175,6845.07607388748,6827.49676105781,0,0,0,1,0,64.6414891422968,0,0,318,NaN,NaN,4942.55762329264,1
hard_M4_08.mat,910008,911408016,WarmPSO,2500,2500,200,0,0,1.2445943,6535.16130891605,6517.89094053307,0,0,0,1,0,64.6414891422968,0,0,318,NaN,NaN,4942.55762329264,1
hard_M4_08.mat,910008,911408016,AlwaysVND,500,491,200,0,171,1.0351233,7294.77855073065,7273.94019600114,0,0,0,1,0,64.6414891422968,0,0,479,260,4042.45074143214,4942.55762329264,1
hard_M4_08.mat,910008,911408016,AlwaysVND,1000,926,200,0,456,1.082644,6496.61063744394,6479.9600693987,0,0,0,1,0,64.6414891422968,0,0,479,260,4840.61865471884,4942.55762329264,1
hard_M4_08.mat,910008,911408016,AlwaysVND,1500,1448,200,0,798,1.1383278,6496.61063744394,6479.9600693987,0,0,0,1,0,64.6414891422968,0,0,479,260,4840.61865471884,4942.55762329264,1
hard_M4_08.mat,910008,911408016,AlwaysVND,2500,2500,200,0,1482,1.2470784,6063.46852218661,6050.9789882406,0,0,0,1,0,64.6414891422968,0,0,479,260,5273.76076997617,4942.55762329264,1
hard_M4_08.mat,910008,911408016,FB-CMPSO,500,415,200,38,57,1.0266541,7728.24343075279,7702.92076964871,0,0,0,1,0,64.6414891422968,0,0,347,358,1141.24564621462,4942.55762329264,0
hard_M4_08.mat,910008,911408016,FB-CMPSO,1000,937,200,38,399,1.0825561,6967.01084463264,6946.66645900315,0,0,0,1,0,64.6414891422968,0,0,347,358,1902.47823233476,4942.55762329264,1
hard_M4_08.mat,910008,911408016,FB-CMPSO,1500,1459,200,38,741,1.1382526,6251.60430156055,6236.06468650425,0,0,0,1,0,64.6414891422968,0,0,347,358,2617.88477540685,4942.55762329264,1
hard_M4_08.mat,910008,911408016,FB-CMPSO,2500,2500,200,38,1422,1.2530461,5611.79603441575,5595.39915957598,0,0,0,1,0,64.6414891422968,0,0,347,358,3257.69304255165,4942.55762329264,1
hard_M4_08.mat,910008,911408017,Repair,500,75,0,0,0,0.0057675,7308.57624602949,7289.78601629867,0,0,0,1,NaN,NaN,NaN,NaN,NaN,NaN,NaN,4942.55762329264,0
hard_M4_08.mat,910008,911408017,Repair,1000,75,0,0,0,0.0057675,7308.57624602949,7289.78601629867,0,0,0,1,NaN,NaN,NaN,NaN,NaN,NaN,NaN,4942.55762329264,0
hard_M4_08.mat,910008,911408017,Repair,1500,75,0,0,0,0.0057675,7308.57624602949,7289.78601629867,0,0,0,1,NaN,NaN,NaN,NaN,NaN,NaN,NaN,4942.55762329264,0
hard_M4_08.mat,910008,911408017,Repair,2500,75,0,0,0,0.0057675,7308.57624602949,7289.78601629867,0,0,0,1,NaN,NaN,NaN,NaN,NaN,NaN,NaN,4942.55762329264,0
hard_M4_08.mat,910008,911408017,WarmPSO,500,500,200,0,0,1.0160463,6682.76505976052,6661.92902329005,0,0,0,1,0,95.06756137411,0,0,337,NaN,NaN,4942.55762329264,1
hard_M4_08.mat,910008,911408017,WarmPSO,1000,980,200,0,0,1.0600774,6682.76505976052,6661.92902329005,0,0,0,1,0,95.06756137411,0,0,337,NaN,NaN,4942.55762329264,1
hard_M4_08.mat,910008,911408017,WarmPSO,1500,1490,200,0,0,1.104617,6682.76505976052,6661.92902329005,0,0,0,1,0,95.06756137411,0,0,337,NaN,NaN,4942.55762329264,1
hard_M4_08.mat,910008,911408017,WarmPSO,2500,2500,200,0,0,1.191171,6656.63791641421,6634.22979973752,0,0,0,1,0,95.06756137411,0,0,337,NaN,NaN,4942.55762329264,1
hard_M4_08.mat,910008,911408017,AlwaysVND,500,491,200,0,171,1.016195,8823.6529493906,8689.44591670831,1.04821620772441,0,0,0,0,95.06756137411,0,0,NaN,260,472.102154780601,4942.55762329264,0
hard_M4_08.mat,910008,911408017,AlwaysVND,1000,926,200,0,456,1.0568037,6657.21347731529,6639.99825972716,0,0,0,1,0,95.06756137411,0,0,645,260,2638.54162685591,4942.55762329264,1
hard_M4_08.mat,910008,911408017,AlwaysVND,1500,1448,200,0,798,1.1092616,5746.26273587499,5731.68727737888,0,0,0,1,0,95.06756137411,0,0,645,260,3549.49236829621,4942.55762329264,1
hard_M4_08.mat,910008,911408017,AlwaysVND,2500,2500,200,0,1482,1.2204051,4870.94306379414,4861.33387602417,0,0,0,1,0,95.06756137411,0,0,645,260,4424.81204037706,4942.55762329264,1
hard_M4_08.mat,910008,911408017,FB-CMPSO,500,453,200,19,114,1.0121894,6877.86339101409,6854.39964242721,0,0,0,1,0,95.06756137411,0,0,264,309,635.983978731238,4942.55762329264,1
hard_M4_08.mat,910008,911408017,FB-CMPSO,1000,975,200,19,456,1.0610651,6612.59927102186,6594.99712349266,0,0,0,1,0,95.06756137411,0,0,264,309,901.248098723472,4942.55762329264,1
hard_M4_08.mat,910008,911408017,FB-CMPSO,1500,1497,200,19,798,1.1124197,6485.74155694747,6469.3247082049,0,0,0,1,0,95.06756137411,0,0,264,309,1028.10581279785,4942.55762329264,1
hard_M4_08.mat,910008,911408017,FB-CMPSO,2500,2500,200,19,1441,1.2114064,6224.29014391417,6209.43952699426,0,0,0,1,0,95.06756137411,0,0,264,309,1289.55722583116,4942.55762329264,1
hard_M4_08.mat,910008,911408018,Repair,500,75,0,0,0,0.00627,7308.57624602949,7289.78601629867,0,0,0,1,NaN,NaN,NaN,NaN,NaN,NaN,NaN,4942.55762329264,0
hard_M4_08.mat,910008,911408018,Repair,1000,75,0,0,0,0.00627,7308.57624602949,7289.78601629867,0,0,0,1,NaN,NaN,NaN,NaN,NaN,NaN,NaN,4942.55762329264,0
hard_M4_08.mat,910008,911408018,Repair,1500,75,0,0,0,0.00627,7308.57624602949,7289.78601629867,0,0,0,1,NaN,NaN,NaN,NaN,NaN,NaN,NaN,4942.55762329264,0
hard_M4_08.mat,910008,911408018,Repair,2500,75,0,0,0,0.00627,7308.57624602949,7289.78601629867,0,0,0,1,NaN,NaN,NaN,NaN,NaN,NaN,NaN,4942.55762329264,0
hard_M4_08.mat,910008,911408018,WarmPSO,500,500,200,0,0,1.0830323,8279.59710220244,8256.71874732345,0,0,0,1,0,69.709108728406,0,0,264,NaN,NaN,4942.55762329264,0
hard_M4_08.mat,910008,911408018,WarmPSO,1000,980,200,0,0,1.1412052,7755.25381436465,7733.53237307341,0,0,0,1,0,69.709108728406,0,0,264,NaN,NaN,4942.55762329264,0
hard_M4_08.mat,910008,911408018,WarmPSO,1500,1490,200,0,0,1.1953066,7135.21079836836,7116.85518495331,0,0,0,1,0,69.709108728406,0,0,264,NaN,NaN,4942.55762329264,1
hard_M4_08.mat,910008,911408018,WarmPSO,2500,2500,200,0,0,1.3093966,7135.21079836836,7116.85518495331,0,0,0,1,0,69.709108728406,0,0,264,NaN,NaN,4942.55762329264,1
hard_M4_08.mat,910008,911408018,AlwaysVND,500,491,200,0,171,1.0854147,6491.14882976755,6473.13486539622,0,0,0,1,0,69.709108728406,0,0,287,260,837.662223267957,4942.55762329264,1
hard_M4_08.mat,910008,911408018,AlwaysVND,1000,926,200,0,456,1.1335454,6318.30582999651,6300.21458056599,0,0,0,1,0,69.709108728406,0,0,287,260,1010.50522303899,4942.55762329264,1
hard_M4_08.mat,910008,911408018,AlwaysVND,1500,1448,200,0,798,1.2025284,6318.30582999651,6300.21458056599,0,0,0,1,0,69.709108728406,0,0,287,260,1010.50522303899,4942.55762329264,1
hard_M4_08.mat,910008,911408018,AlwaysVND,2500,2500,200,0,1482,1.3242805,6318.30582999651,6300.21458056599,0,0,0,1,0,69.709108728406,0,0,287,260,1010.50522303899,4942.55762329264,1
hard_M4_08.mat,910008,911408018,FB-CMPSO,500,453,200,19,114,1.0818587,6706.06419132888,6688.77983595004,0,0,0,1,0,69.709108728406,0,0,279,309,511.740570606064,4942.55762329264,1
hard_M4_08.mat,910008,911408018,FB-CMPSO,1000,975,200,19,456,1.1406163,5988.9052119751,5978.60041293626,0,0,0,1,0,69.709108728406,0,0,279,309,1228.89954995984,4942.55762329264,1
hard_M4_08.mat,910008,911408018,FB-CMPSO,1500,1497,200,19,798,1.203681,5988.9052119751,5978.60041293626,0,0,0,1,0,69.709108728406,0,0,279,309,1228.89954995984,4942.55762329264,1
hard_M4_08.mat,910008,911408018,FB-CMPSO,2500,2500,200,19,1441,1.3303898,5748.73050793429,5738.42570889545,0,0,0,1,0,69.709108728406,0,0,279,309,1469.07425400066,4942.55762329264,1
hard_M4_08.mat,910008,911408019,Repair,500,75,0,0,0,0.0077436,7308.57624602949,7289.78601629867,0,0,0,1,NaN,NaN,NaN,NaN,NaN,NaN,NaN,4942.55762329264,0
hard_M4_08.mat,910008,911408019,Repair,1000,75,0,0,0,0.0077436,7308.57624602949,7289.78601629867,0,0,0,1,NaN,NaN,NaN,NaN,NaN,NaN,NaN,4942.55762329264,0
hard_M4_08.mat,910008,911408019,Repair,1500,75,0,0,0,0.0077436,7308.57624602949,7289.78601629867,0,0,0,1,NaN,NaN,NaN,NaN,NaN,NaN,NaN,4942.55762329264,0
hard_M4_08.mat,910008,911408019,Repair,2500,75,0,0,0,0.0077436,7308.57624602949,7289.78601629867,0,0,0,1,NaN,NaN,NaN,NaN,NaN,NaN,NaN,4942.55762329264,0
hard_M4_08.mat,910008,911408019,WarmPSO,500,500,200,0,0,1.0714444,7889.68746638026,7867.77017445608,0,0,0,1,0,51.9111013237722,0,0,310,NaN,NaN,4942.55762329264,0
hard_M4_08.mat,910008,911408019,WarmPSO,1000,980,200,0,0,1.1187903,7276.57093431106,7257.44567216592,0,0,0,1,0,51.9111013237722,0,0,310,NaN,NaN,4942.55762329264,1
hard_M4_08.mat,910008,911408019,WarmPSO,1500,1490,200,0,0,1.1691519,7193.53774420659,7176.08690881201,0,0,0,1,0,51.9111013237722,0,0,310,NaN,NaN,4942.55762329264,1
hard_M4_08.mat,910008,911408019,WarmPSO,2500,2500,200,0,0,1.269542,7041.39828170106,7022.69210816535,0,0,0,1,0,51.9111013237722,0,0,310,NaN,NaN,4942.55762329264,1
hard_M4_08.mat,910008,911408019,AlwaysVND,500,491,200,0,171,1.07149,6561.70501021181,6547.61775155835,0,0,0,1,0,51.9111013237722,0,0,367,260,4151.8498322044,4942.55762329264,1
hard_M4_08.mat,910008,911408019,AlwaysVND,1000,926,200,0,456,1.1233376,6191.32533105613,6177.30399652833,0,0,0,1,0,51.9111013237722,0,0,367,260,4522.22951136008,4942.55762329264,1
hard_M4_08.mat,910008,911408019,AlwaysVND,1500,1448,200,0,798,1.1897757,5876.15275621005,5865.30953006318,0,0,0,1,0,51.9111013237722,0,0,367,260,4837.40208620616,4942.55762329264,1
hard_M4_08.mat,910008,911408019,AlwaysVND,2500,2500,200,0,1482,1.3327163,5876.15275621005,5865.30953006318,0,0,0,1,0,51.9111013237722,0,0,367,260,4837.40208620616,4942.55762329264,1
hard_M4_08.mat,910008,911408019,FB-CMPSO,500,453,200,19,114,1.0680326,7101.35112193506,7082.7224512478,0,0,0,1,0,51.9111013237722,0,0,301,309,412.49624781027,4942.55762329264,1
hard_M4_08.mat,910008,911408019,FB-CMPSO,1000,975,200,19,456,1.1286345,6940.73216067544,6921.84910397136,0,0,0,1,0,51.9111013237722,0,0,301,309,573.115209069889,4942.55762329264,1
hard_M4_08.mat,910008,911408019,FB-CMPSO,1500,1497,200,19,798,1.1867158,6476.4385033944,6456.53240276494,0,0,0,1,0,51.9111013237722,0,0,301,309,1037.40886635092,4942.55762329264,1
hard_M4_08.mat,910008,911408019,FB-CMPSO,2500,2500,200,19,1441,1.3085015,5213.06311948722,5203.04427828138,0,0,0,1,0,51.9111013237722,0,0,301,309,2300.78425025811,4942.55762329264,1
hard_M4_08.mat,910008,911408020,Repair,500,75,0,0,0,0.0066327,7308.57624602949,7289.78601629867,0,0,0,1,NaN,NaN,NaN,NaN,NaN,NaN,NaN,4942.55762329264,0
hard_M4_08.mat,910008,911408020,Repair,1000,75,0,0,0,0.0066327,7308.57624602949,7289.78601629867,0,0,0,1,NaN,NaN,NaN,NaN,NaN,NaN,NaN,4942.55762329264,0
hard_M4_08.mat,910008,911408020,Repair,1500,75,0,0,0,0.0066327,7308.57624602949,7289.78601629867,0,0,0,1,NaN,NaN,NaN,NaN,NaN,NaN,NaN,4942.55762329264,0
hard_M4_08.mat,910008,911408020,Repair,2500,75,0,0,0,0.0066327,7308.57624602949,7289.78601629867,0,0,0,1,NaN,NaN,NaN,NaN,NaN,NaN,NaN,4942.55762329264,0
hard_M4_08.mat,910008,911408020,WarmPSO,500,500,200,0,0,1.0909792,7927.21294924217,7904.85364269173,0,0,0,1,0,76.4064647779911,0,0,291,NaN,NaN,4942.55762329264,0
hard_M4_08.mat,910008,911408020,WarmPSO,1000,980,200,0,0,1.1487168,7728.55329760526,7700.91011977557,0,0,0,1,0,76.4064647779911,0,0,291,NaN,NaN,4942.55762329264,0
hard_M4_08.mat,910008,911408020,WarmPSO,1500,1490,200,0,0,1.2171674,7417.73294439011,7398.20917089309,0,0,0,1,0,76.4064647779911,0,0,291,NaN,NaN,4942.55762329264,0
hard_M4_08.mat,910008,911408020,WarmPSO,2500,2500,200,0,0,1.3115824,7308.21224450142,7289.10396417714,0,0,0,1,0,76.4064647779911,0,0,291,NaN,NaN,4942.55762329264,1
hard_M4_08.mat,910008,911408020,AlwaysVND,500,491,200,0,171,1.0855551,7077.72574506224,7057.04764606104,0,0,0,1,0,76.4064647779911,0,0,386,260,6344.24859040099,4942.55762329264,1
hard_M4_08.mat,910008,911408020,AlwaysVND,1000,926,200,0,456,1.1321497,6488.9585909181,6470.91571569874,0,0,0,1,0,76.4064647779911,0,0,386,260,6933.01574454513,4942.55762329264,1
hard_M4_08.mat,910008,911408020,AlwaysVND,1500,1448,200,0,798,1.1936687,5997.4086191876,5981.78334483626,0,0,0,1,0,76.4064647779911,0,0,386,260,7424.56571627563,4942.55762329264,1
hard_M4_08.mat,910008,911408020,AlwaysVND,2500,2500,200,0,1482,1.3171865,5249.77541175628,5237.48459892266,0,0,0,1,0,76.4064647779911,0,0,386,260,8172.19892370695,4942.55762329264,1
hard_M4_08.mat,910008,911408020,FB-CMPSO,500,453,200,19,114,1.0872043,7994.65144421835,7965.45495413955,0,0,0,1,0,76.4064647779911,0,0,295,309,890.359207656926,4942.55762329264,0
hard_M4_08.mat,910008,911408020,FB-CMPSO,1000,975,200,19,456,1.1494099,7011.07350288332,6996.90524723458,0,0,0,1,0,76.4064647779911,0,0,295,309,1873.93714899196,4942.55762329264,1
hard_M4_08.mat,910008,911408020,FB-CMPSO,1500,1497,200,19,798,1.2154366,6745.23379420553,6731.04412026524,0,0,0,1,0,76.4064647779911,0,0,295,309,2139.77685766975,4942.55762329264,1
hard_M4_08.mat,910008,911408020,FB-CMPSO,2500,2500,200,19,1441,1.3345948,6466.98054480533,6453.18413979731,0,0,0,1,0,76.4064647779911,0,0,295,309,2418.03010706995,4942.55762329264,1
hard_M4_08.mat,910008,911408021,Repair,500,75,0,0,0,0.006195,7308.57624602949,7289.78601629867,0,0,0,1,NaN,NaN,NaN,NaN,NaN,NaN,NaN,4942.55762329264,0
hard_M4_08.mat,910008,911408021,Repair,1000,75,0,0,0,0.006195,7308.57624602949,7289.78601629867,0,0,0,1,NaN,NaN,NaN,NaN,NaN,NaN,NaN,4942.55762329264,0
hard_M4_08.mat,910008,911408021,Repair,1500,75,0,0,0,0.006195,7308.57624602949,7289.78601629867,0,0,0,1,NaN,NaN,NaN,NaN,NaN,NaN,NaN,4942.55762329264,0
hard_M4_08.mat,910008,911408021,Repair,2500,75,0,0,0,0.006195,7308.57624602949,7289.78601629867,0,0,0,1,NaN,NaN,NaN,NaN,NaN,NaN,NaN,4942.55762329264,0
hard_M4_08.mat,910008,911408021,WarmPSO,500,500,200,0,0,1.0504353,7731.96270102437,7711.66943664464,0,0,0,1,0,44.0513195836735,0,0,255,NaN,NaN,4942.55762329264,0
hard_M4_08.mat,910008,911408021,WarmPSO,1000,980,200,0,0,1.0947183,7731.96270102437,7711.66943664464,0,0,0,1,0,44.0513195836735,0,0,255,NaN,NaN,4942.55762329264,0
hard_M4_08.mat,910008,911408021,WarmPSO,1500,1490,200,0,0,1.142767,7731.96270102437,7711.66943664464,0,0,0,1,0,44.0513195836735,0,0,255,NaN,NaN,4942.55762329264,0
hard_M4_08.mat,910008,911408021,WarmPSO,2500,2500,200,0,0,1.2458803,7731.96270102437,7711.66943664464,0,0,0,1,0,44.0513195836735,0,0,255,NaN,NaN,4942.55762329264,0
hard_M4_08.mat,910008,911408021,AlwaysVND,500,491,200,0,171,1.0576005,7350.06500932891,7333.17985143725,0,0,0,1,0,44.0513195836735,0,0,255,260,757.126090505429,4942.55762329264,0
hard_M4_08.mat,910008,911408021,AlwaysVND,1000,926,200,0,456,1.1086241,6416.26344182263,6402.6273401337,0,0,0,1,0,44.0513195836735,0,0,255,260,1690.9276580117,4942.55762329264,1
hard_M4_08.mat,910008,911408021,AlwaysVND,1500,1448,200,0,798,1.1749574,6326.81716192542,6307.40095089672,0,0,0,1,0,44.0513195836735,0,0,255,260,1780.37393790892,4942.55762329264,1
hard_M4_08.mat,910008,911408021,AlwaysVND,2500,2500,200,0,1482,1.2904756,6119.44187723846,6103.88195884043,0,0,0,1,0,44.0513195836735,0,0,255,260,1987.74922259588,4942.55762329264,1
hard_M4_08.mat,910008,911408021,FB-CMPSO,500,491,200,0,171,1.0530098,7350.06500932891,7333.17985143725,0,0,0,1,0,44.0513195836735,0,0,255,260,757.126090505429,4942.55762329264,0
hard_M4_08.mat,910008,911408021,FB-CMPSO,1000,926,200,0,456,1.0997492,6416.26344182263,6402.6273401337,0,0,0,1,0,44.0513195836735,0,0,255,260,1690.9276580117,4942.55762329264,1
hard_M4_08.mat,910008,911408021,FB-CMPSO,1500,1448,200,0,798,1.1685435,6326.81716192542,6307.40095089672,0,0,0,1,0,44.0513195836735,0,0,255,260,1780.37393790892,4942.55762329264,1
hard_M4_08.mat,910008,911408021,FB-CMPSO,2500,2500,200,0,1482,1.2958825,6119.44187723846,6103.88195884043,0,0,0,1,0,44.0513195836735,0,0,255,260,1987.74922259588,4942.55762329264,1
hard_M4_08.mat,910008,911408022,Repair,500,75,0,0,0,0.0063719,7308.57624602949,7289.78601629867,0,0,0,1,NaN,NaN,NaN,NaN,NaN,NaN,NaN,4942.55762329264,0
hard_M4_08.mat,910008,911408022,Repair,1000,75,0,0,0,0.0063719,7308.57624602949,7289.78601629867,0,0,0,1,NaN,NaN,NaN,NaN,NaN,NaN,NaN,4942.55762329264,0
hard_M4_08.mat,910008,911408022,Repair,1500,75,0,0,0,0.0063719,7308.57624602949,7289.78601629867,0,0,0,1,NaN,NaN,NaN,NaN,NaN,NaN,NaN,4942.55762329264,0
hard_M4_08.mat,910008,911408022,Repair,2500,75,0,0,0,0.0063719,7308.57624602949,7289.78601629867,0,0,0,1,NaN,NaN,NaN,NaN,NaN,NaN,NaN,4942.55762329264,0
hard_M4_08.mat,910008,911408022,WarmPSO,500,500,200,0,0,1.0549055,7774.98609048433,7747.75911242701,0,0,0,1,0,57.3419386139734,0,0,316,NaN,NaN,4942.55762329264,0
hard_M4_08.mat,910008,911408022,WarmPSO,1000,980,200,0,0,1.1058819,7691.65236535507,7665.13340271613,0,0,0,1,0,57.3419386139734,0,0,316,NaN,NaN,4942.55762329264,0
hard_M4_08.mat,910008,911408022,WarmPSO,1500,1490,200,0,0,1.156546,7548.11980464872,7520.77533158455,0,0,0,1,0,57.3419386139734,0,0,316,NaN,NaN,4942.55762329264,0
hard_M4_08.mat,910008,911408022,WarmPSO,2500,2500,200,0,0,1.2491205,7026.92625718205,7002.84853588643,0,0,0,1,0,57.3419386139734,0,0,316,NaN,NaN,4942.55762329264,1
hard_M4_08.mat,910008,911408022,AlwaysVND,500,491,200,0,171,1.0524826,7449.74331413274,7423.55716182861,0,0,0,1,0,57.3419386139734,0,0,328,260,1212.38810228152,4942.55762329264,0
hard_M4_08.mat,910008,911408022,AlwaysVND,1000,926,200,0,456,1.0978444,7071.87226328739,7053.69788863963,0,0,0,1,0,57.3419386139734,0,0,328,260,1590.25915312687,4942.55762329264,1
hard_M4_08.mat,910008,911408022,AlwaysVND,1500,1448,200,0,798,1.1548105,5353.43533563693,5341.35224929307,0,0,0,1,0,57.3419386139734,0,0,328,260,3308.69608077733,4942.55762329264,1
hard_M4_08.mat,910008,911408022,AlwaysVND,2500,2500,200,0,1482,1.285946,5120.29089292614,5106.60043370219,0,0,0,1,0,57.3419386139734,0,0,328,260,3541.84052348812,4942.55762329264,1
hard_M4_08.mat,910008,911408022,FB-CMPSO,500,453,200,19,114,1.0528584,6984.45818757617,6967.01906713029,0,0,0,1,0,57.3419386139734,0,0,270,309,590.373881338658,4942.55762329264,1
hard_M4_08.mat,910008,911408022,FB-CMPSO,1000,975,200,19,456,1.1146916,6653.12699943605,6638.18783061951,0,0,0,1,0,57.3419386139734,0,0,270,309,921.705069478777,4942.55762329264,1
hard_M4_08.mat,910008,911408022,FB-CMPSO,1500,1497,200,19,798,1.177747,6159.34881042973,6146.19108152517,0,0,0,1,0,57.3419386139734,0,0,270,309,1415.48325848509,4942.55762329264,1
hard_M4_08.mat,910008,911408022,FB-CMPSO,2500,2500,200,19,1441,1.291703,5884.54152288956,5870.00092068929,0,0,0,1,0,57.3419386139734,0,0,270,309,1690.29054602527,4942.55762329264,1
hard_M4_08.mat,910008,911408023,Repair,500,75,0,0,0,0.0063878,7308.57624602949,7289.78601629867,0,0,0,1,NaN,NaN,NaN,NaN,NaN,NaN,NaN,4942.55762329264,0
hard_M4_08.mat,910008,911408023,Repair,1000,75,0,0,0,0.0063878,7308.57624602949,7289.78601629867,0,0,0,1,NaN,NaN,NaN,NaN,NaN,NaN,NaN,4942.55762329264,0
hard_M4_08.mat,910008,911408023,Repair,1500,75,0,0,0,0.0063878,7308.57624602949,7289.78601629867,0,0,0,1,NaN,NaN,NaN,NaN,NaN,NaN,NaN,4942.55762329264,0
hard_M4_08.mat,910008,911408023,Repair,2500,75,0,0,0,0.0063878,7308.57624602949,7289.78601629867,0,0,0,1,NaN,NaN,NaN,NaN,NaN,NaN,NaN,4942.55762329264,0
hard_M4_08.mat,910008,911408023,WarmPSO,500,500,200,0,0,1.0702009,6944.33914068406,6925.96854884809,0,0,0,1,1,0,0,0,201,NaN,NaN,4942.55762329264,1
hard_M4_08.mat,910008,911408023,WarmPSO,1000,980,200,0,0,1.1153977,6944.33914068406,6925.96854884809,0,0,0,1,1,0,0,0,201,NaN,NaN,4942.55762329264,1
hard_M4_08.mat,910008,911408023,WarmPSO,1500,1490,200,0,0,1.1636902,6944.33914068406,6925.96854884809,0,0,0,1,1,0,0,0,201,NaN,NaN,4942.55762329264,1
hard_M4_08.mat,910008,911408023,WarmPSO,2500,2500,200,0,0,1.2686251,6944.33914068406,6925.96854884809,0,0,0,1,1,0,0,0,201,NaN,NaN,4942.55762329264,1
hard_M4_08.mat,910008,911408023,AlwaysVND,500,491,200,0,171,1.0639647,6673.43188380024,6659.49379455892,0,0,0,1,1,0,0,0,201,260,544.372878134706,4942.55762329264,1
hard_M4_08.mat,910008,911408023,AlwaysVND,1000,926,200,0,456,1.1147743,6673.43188380024,6659.49379455892,0,0,0,1,1,0,0,0,201,260,544.372878134706,4942.55762329264,1
hard_M4_08.mat,910008,911408023,AlwaysVND,1500,1448,200,0,798,1.1755141,6185.78062767576,6174.40384875296,0,0,0,1,1,0,0,0,201,260,1032.02413425919,4942.55762329264,1
hard_M4_08.mat,910008,911408023,AlwaysVND,2500,2500,200,0,1482,1.3011837,6086.19088679963,6072.73729806108,0,0,0,1,1,0,0,0,201,260,1131.61387513532,4942.55762329264,1
hard_M4_08.mat,910008,911408023,FB-CMPSO,500,491,200,0,171,1.0671722,6673.43188380024,6659.49379455892,0,0,0,1,1,0,0,0,201,260,544.372878134706,4942.55762329264,1
hard_M4_08.mat,910008,911408023,FB-CMPSO,1000,926,200,0,456,1.1156465,6673.43188380024,6659.49379455892,0,0,0,1,1,0,0,0,201,260,544.372878134706,4942.55762329264,1
hard_M4_08.mat,910008,911408023,FB-CMPSO,1500,1448,200,0,798,1.1745895,6185.78062767576,6174.40384875296,0,0,0,1,1,0,0,0,201,260,1032.02413425919,4942.55762329264,1
hard_M4_08.mat,910008,911408023,FB-CMPSO,2500,2500,200,0,1482,1.2926787,6086.19088679963,6072.73729806108,0,0,0,1,1,0,0,0,201,260,1131.61387513532,4942.55762329264,1
hard_M4_08.mat,910008,911408024,Repair,500,75,0,0,0,0.0065794,7308.57624602949,7289.78601629867,0,0,0,1,NaN,NaN,NaN,NaN,NaN,NaN,NaN,4942.55762329264,0
hard_M4_08.mat,910008,911408024,Repair,1000,75,0,0,0,0.0065794,7308.57624602949,7289.78601629867,0,0,0,1,NaN,NaN,NaN,NaN,NaN,NaN,NaN,4942.55762329264,0
hard_M4_08.mat,910008,911408024,Repair,1500,75,0,0,0,0.0065794,7308.57624602949,7289.78601629867,0,0,0,1,NaN,NaN,NaN,NaN,NaN,NaN,NaN,4942.55762329264,0
hard_M4_08.mat,910008,911408024,Repair,2500,75,0,0,0,0.0065794,7308.57624602949,7289.78601629867,0,0,0,1,NaN,NaN,NaN,NaN,NaN,NaN,NaN,4942.55762329264,0
hard_M4_08.mat,910008,911408024,WarmPSO,500,500,200,0,0,1.0538985,6917.42418555665,6896.73046038965,0,0,0,1,0,39.5092316198077,0,0,233,NaN,NaN,4942.55762329264,1
hard_M4_08.mat,910008,911408024,WarmPSO,1000,980,200,0,0,1.1010655,6917.42418555665,6896.73046038965,0,0,0,1,0,39.5092316198077,0,0,233,NaN,NaN,4942.55762329264,1
hard_M4_08.mat,910008,911408024,WarmPSO,1500,1490,200,0,0,1.1491472,6917.42418555665,6896.73046038965,0,0,0,1,0,39.5092316198077,0,0,233,NaN,NaN,4942.55762329264,1
hard_M4_08.mat,910008,911408024,WarmPSO,2500,2500,200,0,0,1.2516287,6917.42418555665,6896.73046038965,0,0,0,1,0,39.5092316198077,0,0,233,NaN,NaN,4942.55762329264,1
hard_M4_08.mat,910008,911408024,AlwaysVND,500,491,200,0,171,1.0581473,6917.42418555665,6896.73046038965,0,0,0,1,0,39.5092316198077,0,0,233,260,0,4942.55762329264,1
hard_M4_08.mat,910008,911408024,AlwaysVND,1000,926,200,0,456,1.1175683,6484.57343614782,6469.07557156361,0,0,0,1,0,39.5092316198077,0,0,233,260,432.850749408821,4942.55762329264,1
hard_M4_08.mat,910008,911408024,AlwaysVND,1500,1448,200,0,798,1.1798556,6083.73143036168,6067.05618432504,0,0,0,1,0,39.5092316198077,0,0,233,260,833.692755194964,4942.55762329264,1
hard_M4_08.mat,910008,911408024,AlwaysVND,2500,2500,200,0,1482,1.3035281,6083.73143036168,6067.05618432504,0,0,0,1,0,39.5092316198077,0,0,233,260,833.692755194964,4942.55762329264,1
hard_M4_08.mat,910008,911408024,FB-CMPSO,500,491,200,0,171,1.0581359,6917.42418555665,6896.73046038965,0,0,0,1,0,39.5092316198077,0,0,233,260,0,4942.55762329264,1
hard_M4_08.mat,910008,911408024,FB-CMPSO,1000,926,200,0,456,1.1056653,6484.57343614782,6469.07557156361,0,0,0,1,0,39.5092316198077,0,0,233,260,432.850749408821,4942.55762329264,1
hard_M4_08.mat,910008,911408024,FB-CMPSO,1500,1448,200,0,798,1.163936,6083.73143036168,6067.05618432504,0,0,0,1,0,39.5092316198077,0,0,233,260,833.692755194964,4942.55762329264,1
hard_M4_08.mat,910008,911408024,FB-CMPSO,2500,2500,200,0,1482,1.2827211,6083.73143036168,6067.05618432504,0,0,0,1,0,39.5092316198077,0,0,233,260,833.692755194964,4942.55762329264,1
hard_M4_08.mat,910008,911408025,Repair,500,75,0,0,0,0.0060728,7308.57624602949,7289.78601629867,0,0,0,1,NaN,NaN,NaN,NaN,NaN,NaN,NaN,4942.55762329264,0
hard_M4_08.mat,910008,911408025,Repair,1000,75,0,0,0,0.0060728,7308.57624602949,7289.78601629867,0,0,0,1,NaN,NaN,NaN,NaN,NaN,NaN,NaN,4942.55762329264,0
hard_M4_08.mat,910008,911408025,Repair,1500,75,0,0,0,0.0060728,7308.57624602949,7289.78601629867,0,0,0,1,NaN,NaN,NaN,NaN,NaN,NaN,NaN,4942.55762329264,0
hard_M4_08.mat,910008,911408025,Repair,2500,75,0,0,0,0.0060728,7308.57624602949,7289.78601629867,0,0,0,1,NaN,NaN,NaN,NaN,NaN,NaN,NaN,4942.55762329264,0
hard_M4_08.mat,910008,911408025,WarmPSO,500,500,200,0,0,1.0524868,8296.71967021918,8272.17915679832,0,0,0,1,0,138.669230477008,0,0,312,NaN,NaN,4942.55762329264,0
hard_M4_08.mat,910008,911408025,WarmPSO,1000,980,200,0,0,1.0984372,7882.62127033183,7857.42786287357,0,0,0,1,0,138.669230477008,0,0,312,NaN,NaN,4942.55762329264,0
hard_M4_08.mat,910008,911408025,WarmPSO,1500,1490,200,0,0,1.1458909,7498.08182666702,7474.15070112092,0,0,0,1,0,138.669230477008,0,0,312,NaN,NaN,4942.55762329264,0
hard_M4_08.mat,910008,911408025,WarmPSO,2500,2500,200,0,0,1.2427801,7068.09370187934,7053.68232697638,0,0,0,1,0,138.669230477008,0,0,312,NaN,NaN,4942.55762329264,1
hard_M4_08.mat,910008,911408025,AlwaysVND,500,491,200,0,171,1.0507607,8275.2685495808,8253.91950478354,0,0,0,1,0,138.669230477008,0,0,329,260,7948.3046558618,4942.55762329264,0
hard_M4_08.mat,910008,911408025,AlwaysVND,1000,926,200,0,456,1.0950767,7262.2674454072,7245.22501975456,0,0,0,1,0,138.669230477008,0,0,329,260,8961.3057600354,4942.55762329264,1
hard_M4_08.mat,910008,911408025,AlwaysVND,1500,1448,200,0,798,1.1545026,6392.5822992907,6374.99888597558,0,0,0,1,0,138.669230477008,0,0,329,260,9830.99090615191,4942.55762329264,1
hard_M4_08.mat,910008,911408025,AlwaysVND,2500,2500,200,0,1482,1.2737904,6173.52357582367,6160.9198471371,0,0,0,1,0,138.669230477008,0,0,329,260,10050.0496296189,4942.55762329264,1
hard_M4_08.mat,910008,911408025,FB-CMPSO,500,453,200,19,114,1.0483506,7016.45827750507,6997.83481289654,0,0,0,1,0,138.669230477008,0,0,299,309,247.40707235268,4942.55762329264,1
hard_M4_08.mat,910008,911408025,FB-CMPSO,1000,975,200,19,456,1.1165869,6223.43583657876,6207.76846796655,0,0,0,1,0,138.669230477008,0,0,299,309,1040.42951327899,4942.55762329264,1
hard_M4_08.mat,910008,911408025,FB-CMPSO,1500,1497,200,19,798,1.1780513,6188.41486813329,6174.15126913585,0,0,0,1,0,138.669230477008,0,0,299,309,1075.45048172446,4942.55762329264,1
hard_M4_08.mat,910008,911408025,FB-CMPSO,2500,2500,200,19,1441,1.2865258,5495.94666168467,5481.53480163249,0,0,0,1,0,138.669230477008,0,0,299,309,1767.91868817308,4942.55762329264,1
hard_M4_08.mat,910008,911408026,Repair,500,75,0,0,0,0.0060256,7308.57624602949,7289.78601629867,0,0,0,1,NaN,NaN,NaN,NaN,NaN,NaN,NaN,4942.55762329264,0
hard_M4_08.mat,910008,911408026,Repair,1000,75,0,0,0,0.0060256,7308.57624602949,7289.78601629867,0,0,0,1,NaN,NaN,NaN,NaN,NaN,NaN,NaN,4942.55762329264,0
hard_M4_08.mat,910008,911408026,Repair,1500,75,0,0,0,0.0060256,7308.57624602949,7289.78601629867,0,0,0,1,NaN,NaN,NaN,NaN,NaN,NaN,NaN,4942.55762329264,0
hard_M4_08.mat,910008,911408026,Repair,2500,75,0,0,0,0.0060256,7308.57624602949,7289.78601629867,0,0,0,1,NaN,NaN,NaN,NaN,NaN,NaN,NaN,4942.55762329264,0
hard_M4_08.mat,910008,911408026,WarmPSO,500,500,200,0,0,1.0555413,7217.80476193494,7197.78101016582,0,0,0,1,0,30.8400475652287,0,0,234,NaN,NaN,4942.55762329264,1
hard_M4_08.mat,910008,911408026,WarmPSO,1000,980,200,0,0,1.1068166,7011.66395143033,6987.76662762204,0,0,0,1,0,30.8400475652287,0,0,234,NaN,NaN,4942.55762329264,1
hard_M4_08.mat,910008,911408026,WarmPSO,1500,1490,200,0,0,1.1557858,7011.66395143033,6987.76662762204,0,0,0,1,0,30.8400475652287,0,0,234,NaN,NaN,4942.55762329264,1
hard_M4_08.mat,910008,911408026,WarmPSO,2500,2500,200,0,0,1.2535433,6839.13793885444,6822.0516306773,0,0,0,1,0,30.8400475652287,0,0,234,NaN,NaN,4942.55762329264,1
hard_M4_08.mat,910008,911408026,AlwaysVND,500,491,200,0,171,1.0543792,6666.36536999647,6648.75899991567,0,0,0,1,0,30.8400475652287,0,0,234,260,825.879582420365,4942.55762329264,1
hard_M4_08.mat,910008,911408026,AlwaysVND,1000,926,200,0,456,1.1028726,6606.66556127452,6588.71704329169,0,0,0,1,0,30.8400475652287,0,0,234,260,885.579391142312,4942.55762329264,1
hard_M4_08.mat,910008,911408026,AlwaysVND,1500,1448,200,0,798,1.1578228,6398.08192468209,6381.12288007472,0,0,0,1,0,30.8400475652287,0,0,234,260,1094.16302773474,4942.55762329264,1
hard_M4_08.mat,910008,911408026,AlwaysVND,2500,2500,200,0,1482,1.2735258,6398.08192468209,6381.12288007472,0,0,0,1,0,30.8400475652287,0,0,234,260,1094.16302773474,4942.55762329264,1
hard_M4_08.mat,910008,911408026,FB-CMPSO,500,491,200,0,171,1.0562595,6666.36536999647,6648.75899991567,0,0,0,1,0,30.8400475652287,0,0,234,260,825.879582420365,4942.55762329264,1
hard_M4_08.mat,910008,911408026,FB-CMPSO,1000,926,200,0,456,1.1042163,6606.66556127452,6588.71704329169,0,0,0,1,0,30.8400475652287,0,0,234,260,885.579391142312,4942.55762329264,1
hard_M4_08.mat,910008,911408026,FB-CMPSO,1500,1448,200,0,798,1.1649928,6398.08192468209,6381.12288007472,0,0,0,1,0,30.8400475652287,0,0,234,260,1094.16302773474,4942.55762329264,1
hard_M4_08.mat,910008,911408026,FB-CMPSO,2500,2500,200,0,1482,1.2817288,6398.08192468209,6381.12288007472,0,0,0,1,0,30.8400475652287,0,0,234,260,1094.16302773474,4942.55762329264,1
hard_M4_08.mat,910008,911408027,Repair,500,75,0,0,0,0.0060517,7308.57624602949,7289.78601629867,0,0,0,1,NaN,NaN,NaN,NaN,NaN,NaN,NaN,4942.55762329264,0
hard_M4_08.mat,910008,911408027,Repair,1000,75,0,0,0,0.0060517,7308.57624602949,7289.78601629867,0,0,0,1,NaN,NaN,NaN,NaN,NaN,NaN,NaN,4942.55762329264,0
hard_M4_08.mat,910008,911408027,Repair,1500,75,0,0,0,0.0060517,7308.57624602949,7289.78601629867,0,0,0,1,NaN,NaN,NaN,NaN,NaN,NaN,NaN,4942.55762329264,0
hard_M4_08.mat,910008,911408027,Repair,2500,75,0,0,0,0.0060517,7308.57624602949,7289.78601629867,0,0,0,1,NaN,NaN,NaN,NaN,NaN,NaN,NaN,4942.55762329264,0
hard_M4_08.mat,910008,911408027,WarmPSO,500,500,200,0,0,1.0420843,7252.96509599967,7226.31730165235,0,0,0,1,0,124.013030684384,0,0,334,NaN,NaN,4942.55762329264,1
hard_M4_08.mat,910008,911408027,WarmPSO,1000,980,200,0,0,1.0873736,7060.95674626299,7041.08853152122,0,0,0,1,0,124.013030684384,0,0,334,NaN,NaN,4942.55762329264,1
hard_M4_08.mat,910008,911408027,WarmPSO,1500,1490,200,0,0,1.1390535,6917.42418555665,6896.73046038965,0,0,0,1,0,124.013030684384,0,0,334,NaN,NaN,4942.55762329264,1
hard_M4_08.mat,910008,911408027,WarmPSO,2500,2500,200,0,0,1.2416257,6917.42418555665,6896.73046038965,0,0,0,1,0,124.013030684384,0,0,334,NaN,NaN,4942.55762329264,1
hard_M4_08.mat,910008,911408027,AlwaysVND,500,491,200,0,171,1.0441303,6682.76505976052,6661.92902329005,0,0,0,1,0,124.013030684384,0,0,359,260,5418.51501712024,4942.55762329264,1
hard_M4_08.mat,910008,911408027,AlwaysVND,1000,926,200,0,456,1.0936314,6656.63791641421,6634.22979973752,0,0,0,1,0,124.013030684384,0,0,359,260,5444.64216046655,4942.55762329264,1
hard_M4_08.mat,910008,911408027,AlwaysVND,1500,1448,200,0,798,1.1503173,6400.07514489306,6381.94465035316,0,0,0,1,0,124.013030684384,0,0,359,260,5701.2049319877,4942.55762329264,1
hard_M4_08.mat,910008,911408027,AlwaysVND,2500,2500,200,0,1482,1.2673189,6195.26865383915,6178.96060551586,0,0,0,1,0,124.013030684384,0,0,359,260,5906.01142304161,4942.55762329264,1
hard_M4_08.mat,910008,911408027,FB-CMPSO,500,415,200,38,57,1.0354234,6698.35788174554,6680.21821645062,0,0,0,1,0,124.013030684384,0,0,357,358,1108.02770068005,4942.55762329264,1
hard_M4_08.mat,910008,911408027,FB-CMPSO,1000,937,200,38,399,1.0903643,6236.98956013083,6221.01607131915,0,0,0,1,0,124.013030684384,0,0,357,358,1569.39602229476,4942.55762329264,1
hard_M4_08.mat,910008,911408027,FB-CMPSO,1500,1459,200,38,741,1.1501653,6236.98956013083,6221.01607131915,0,0,0,1,0,124.013030684384,0,0,357,358,1569.39602229476,4942.55762329264,1
hard_M4_08.mat,910008,911408027,FB-CMPSO,2500,2500,200,38,1422,1.2622693,6224.29014391417,6209.43952699426,0,0,0,1,0,124.013030684384,0,0,357,358,1582.09543851142,4942.55762329264,1
hard_M4_08.mat,910008,911408028,Repair,500,75,0,0,0,0.0061696,7308.57624602949,7289.78601629867,0,0,0,1,NaN,NaN,NaN,NaN,NaN,NaN,NaN,4942.55762329264,0
hard_M4_08.mat,910008,911408028,Repair,1000,75,0,0,0,0.0061696,7308.57624602949,7289.78601629867,0,0,0,1,NaN,NaN,NaN,NaN,NaN,NaN,NaN,4942.55762329264,0
hard_M4_08.mat,910008,911408028,Repair,1500,75,0,0,0,0.0061696,7308.57624602949,7289.78601629867,0,0,0,1,NaN,NaN,NaN,NaN,NaN,NaN,NaN,4942.55762329264,0
hard_M4_08.mat,910008,911408028,Repair,2500,75,0,0,0,0.0061696,7308.57624602949,7289.78601629867,0,0,0,1,NaN,NaN,NaN,NaN,NaN,NaN,NaN,4942.55762329264,0
hard_M4_08.mat,910008,911408028,WarmPSO,500,500,200,0,0,1.0187231,7139.49720011849,7122.08987162282,0,0,0,1,0,90.4328443455759,0,0,231,NaN,NaN,4942.55762329264,1
hard_M4_08.mat,910008,911408028,WarmPSO,1000,980,200,0,0,1.064747,7066.20519772258,7049.41886479749,0,0,0,1,0,90.4328443455759,0,0,231,NaN,NaN,4942.55762329264,1
hard_M4_08.mat,910008,911408028,WarmPSO,1500,1490,200,0,0,1.1114386,6839.13793885444,6822.0516306773,0,0,0,1,0,90.4328443455759,0,0,231,NaN,NaN,4942.55762329264,1
hard_M4_08.mat,910008,911408028,WarmPSO,2500,2500,200,0,0,1.2014701,6839.13793885444,6822.0516306773,0,0,0,1,0,90.4328443455759,0,0,231,NaN,NaN,4942.55762329264,1
hard_M4_08.mat,910008,911408028,AlwaysVND,500,491,200,0,171,1.0186646,6720.14769214911,6704.70586502334,0,0,0,1,0,90.4328443455759,0,0,231,260,1317.74928351648,4942.55762329264,1
hard_M4_08.mat,910008,911408028,AlwaysVND,1000,926,200,0,456,1.0634186,6632.13313192051,6617.2672294631,0,0,0,1,0,90.4328443455759,0,0,231,260,1405.76384374508,4942.55762329264,1
hard_M4_08.mat,910008,911408028,AlwaysVND,1500,1448,200,0,798,1.1183997,6172.29728980463,6160.98747793229,0,0,0,1,0,90.4328443455759,0,0,231,260,1865.59968586097,4942.55762329264,1
hard_M4_08.mat,910008,911408028,AlwaysVND,2500,2500,200,0,1482,1.2324752,5957.21667789221,5945.90686601987,0,0,0,1,0,90.4328443455759,0,0,231,260,2080.68029777338,4942.55762329264,1
hard_M4_08.mat,910008,911408028,FB-CMPSO,500,491,200,0,171,1.0186442,6720.14769214911,6704.70586502334,0,0,0,1,0,90.4328443455759,0,0,231,260,1317.74928351648,4942.55762329264,1
hard_M4_08.mat,910008,911408028,FB-CMPSO,1000,926,200,0,456,1.0662886,6632.13313192051,6617.2672294631,0,0,0,1,0,90.4328443455759,0,0,231,260,1405.76384374508,4942.55762329264,1
hard_M4_08.mat,910008,911408028,FB-CMPSO,1500,1448,200,0,798,1.1277621,6172.29728980463,6160.98747793229,0,0,0,1,0,90.4328443455759,0,0,231,260,1865.59968586097,4942.55762329264,1
hard_M4_08.mat,910008,911408028,FB-CMPSO,2500,2500,200,0,1482,1.2409645,5957.21667789221,5945.90686601987,0,0,0,1,0,90.4328443455759,0,0,231,260,2080.68029777338,4942.55762329264,1
hard_M4_08.mat,910008,911408029,Repair,500,75,0,0,0,0.0061146,7308.57624602949,7289.78601629867,0,0,0,1,NaN,NaN,NaN,NaN,NaN,NaN,NaN,4942.55762329264,0
hard_M4_08.mat,910008,911408029,Repair,1000,75,0,0,0,0.0061146,7308.57624602949,7289.78601629867,0,0,0,1,NaN,NaN,NaN,NaN,NaN,NaN,NaN,4942.55762329264,0
hard_M4_08.mat,910008,911408029,Repair,1500,75,0,0,0,0.0061146,7308.57624602949,7289.78601629867,0,0,0,1,NaN,NaN,NaN,NaN,NaN,NaN,NaN,4942.55762329264,0
hard_M4_08.mat,910008,911408029,Repair,2500,75,0,0,0,0.0061146,7308.57624602949,7289.78601629867,0,0,0,1,NaN,NaN,NaN,NaN,NaN,NaN,NaN,4942.55762329264,0
hard_M4_08.mat,910008,911408029,WarmPSO,500,500,200,0,0,1.0339629,7577.02433608069,7555.19291365897,0,0,0,1,0,33.6845567830346,0,0,400,NaN,NaN,4942.55762329264,0
hard_M4_08.mat,910008,911408029,WarmPSO,1000,980,200,0,0,1.0774502,7023.36353381849,7001.83210241612,0,0,0,1,0,33.6845567830346,0,0,400,NaN,NaN,4942.55762329264,1
hard_M4_08.mat,910008,911408029,WarmPSO,1500,1490,200,0,0,1.1252154,6822.51394599852,6801.40358940535,0,0,0,1,0,33.6845567830346,0,0,400,NaN,NaN,4942.55762329264,1
hard_M4_08.mat,910008,911408029,WarmPSO,2500,2500,200,0,0,1.2139621,6742.46486848247,6721.97097991403,0,0,0,1,0,33.6845567830346,0,0,400,NaN,NaN,4942.55762329264,1
hard_M4_08.mat,910008,911408029,AlwaysVND,500,491,200,0,171,1.0332931,8381.3213133093,8355.16108333163,0,0,0,1,0,33.6845567830346,0,0,402,260,-830.03851665094,4942.55762329264,0
hard_M4_08.mat,910008,911408029,AlwaysVND,1000,926,200,0,456,1.0769307,6913.57040914519,6902.465451296,0,0,0,1,0,33.6845567830346,0,0,402,260,637.712387513173,4942.55762329264,1
hard_M4_08.mat,910008,911408029,AlwaysVND,1500,1448,200,0,798,1.1318086,6788.89036481244,6775.07516600849,0,0,0,1,0,33.6845567830346,0,0,402,260,762.392431845924,4942.55762329264,1
hard_M4_08.mat,910008,911408029,AlwaysVND,2500,2500,200,0,1482,1.2419886,6449.10507252392,6427.40177759317,0,0,0,1,0,33.6845567830346,0,0,402,260,1102.17772413444,4942.55762329264,1
hard_M4_08.mat,910008,911408029,FB-CMPSO,500,415,200,38,57,1.027375,7157.7748225783,7136.48025555236,0,0,0,1,0,33.6845567830346,0,0,325,358,63.4834831902936,4942.55762329264,1
hard_M4_08.mat,910008,911408029,FB-CMPSO,1000,937,200,38,399,1.0785299,5941.95361221412,5922.46835082291,0,0,0,1,0,33.6845567830346,0,0,325,358,1279.30469355447,4942.55762329264,1
hard_M4_08.mat,910008,911408029,FB-CMPSO,1500,1459,200,38,741,1.1349962,5653.53975965651,5640.77176835754,0,0,0,1,0,33.6845567830346,0,0,325,358,1567.71854611208,4942.55762329264,1
hard_M4_08.mat,910008,911408029,FB-CMPSO,2500,2500,200,38,1422,1.2467382,4972.62559237737,4961.54757888984,0,0,0,1,0,33.6845567830346,0,0,325,358,2248.63271339122,4942.55762329264,1
hard_M4_08.mat,910008,911408030,Repair,500,75,0,0,0,0.0059606,7308.57624602949,7289.78601629867,0,0,0,1,NaN,NaN,NaN,NaN,NaN,NaN,NaN,4942.55762329264,0
hard_M4_08.mat,910008,911408030,Repair,1000,75,0,0,0,0.0059606,7308.57624602949,7289.78601629867,0,0,0,1,NaN,NaN,NaN,NaN,NaN,NaN,NaN,4942.55762329264,0
hard_M4_08.mat,910008,911408030,Repair,1500,75,0,0,0,0.0059606,7308.57624602949,7289.78601629867,0,0,0,1,NaN,NaN,NaN,NaN,NaN,NaN,NaN,4942.55762329264,0
hard_M4_08.mat,910008,911408030,Repair,2500,75,0,0,0,0.0059606,7308.57624602949,7289.78601629867,0,0,0,1,NaN,NaN,NaN,NaN,NaN,NaN,NaN,4942.55762329264,0
hard_M4_08.mat,910008,911408030,WarmPSO,500,500,200,0,0,1.0272988,7312.99778192536,7286.86088098085,0,0,0,1,0,10.0292314500931,0,0,243,NaN,NaN,4942.55762329264,0
hard_M4_08.mat,910008,911408030,WarmPSO,1000,980,200,0,0,1.0733978,6857.7243768347,6836.68850376567,0,0,0,1,0,10.0292314500931,0,0,243,NaN,NaN,4942.55762329264,1
hard_M4_08.mat,910008,911408030,WarmPSO,1500,1490,200,0,0,1.1203601,6682.76505976052,6661.92902329005,0,0,0,1,0,10.0292314500931,0,0,243,NaN,NaN,4942.55762329264,1
hard_M4_08.mat,910008,911408030,WarmPSO,2500,2500,200,0,0,1.2110344,6682.76505976052,6661.92902329005,0,0,0,1,0,10.0292314500931,0,0,243,NaN,NaN,4942.55762329264,1
hard_M4_08.mat,910008,911408030,AlwaysVND,500,491,200,0,171,1.0288235,6522.40591734224,6505.23856855394,0,0,0,1,0,10.0292314500931,0,0,243,260,790.591864583121,4942.55762329264,1
hard_M4_08.mat,910008,911408030,AlwaysVND,1000,926,200,0,456,1.0738727,6224.29014391417,6209.43952699426,0,0,0,1,0,10.0292314500931,0,0,243,260,1088.70763801119,4942.55762329264,1
hard_M4_08.mat,910008,911408030,AlwaysVND,1500,1448,200,0,798,1.1297099,6224.29014391417,6209.43952699426,0,0,0,1,0,10.0292314500931,0,0,243,260,1088.70763801119,4942.55762329264,1
hard_M4_08.mat,910008,911408030,AlwaysVND,2500,2500,200,0,1482,1.2455573,6224.29014391417,6209.43952699426,0,0,0,1,0,10.0292314500931,0,0,243,260,1088.70763801119,4942.55762329264,1
hard_M4_08.mat,910008,911408030,FB-CMPSO,500,491,200,0,171,1.0286838,6522.40591734224,6505.23856855394,0,0,0,1,0,10.0292314500931,0,0,243,260,790.591864583121,4942.55762329264,1
hard_M4_08.mat,910008,911408030,FB-CMPSO,1000,926,200,0,456,1.0732051,6224.29014391417,6209.43952699426,0,0,0,1,0,10.0292314500931,0,0,243,260,1088.70763801119,4942.55762329264,1
hard_M4_08.mat,910008,911408030,FB-CMPSO,1500,1448,200,0,798,1.1278537,6224.29014391417,6209.43952699426,0,0,0,1,0,10.0292314500931,0,0,243,260,1088.70763801119,4942.55762329264,1
hard_M4_08.mat,910008,911408030,FB-CMPSO,2500,2500,200,0,1482,1.2373954,6224.29014391417,6209.43952699426,0,0,0,1,0,10.0292314500931,0,0,243,260,1088.70763801119,4942.55762329264,1
