file,scenario_seed,algorithm_seed,method,checkpoint_fe,actual_fe,warm_fe,restoration_fe,intensification_fe,time_seconds,fitness,distance,total_late,obstacle_violation,terrain_violation,is_feasible,initial_best_feasible,initial_total_late,initial_obstacle_violation,initial_terrain_violation,first_feasible_fe,phase_switch_fe,phase_gain,reference_cost,overtake_repair
addition_M1_09.mat,6109,7509001,Repair,500,18,0,0,0,0.0094426,5246.25460607048,5232.51575516715,0,0,0,1,NaN,NaN,NaN,NaN,NaN,NaN,NaN,5246.25460607048,0
addition_M1_09.mat,6109,7509001,Repair,1000,18,0,0,0,0.0094426,5246.25460607048,5232.51575516715,0,0,0,1,NaN,NaN,NaN,NaN,NaN,NaN,NaN,5246.25460607048,0
addition_M1_09.mat,6109,7509001,Repair,1500,18,0,0,0,0.0094426,5246.25460607048,5232.51575516715,0,0,0,1,NaN,NaN,NaN,NaN,NaN,NaN,NaN,5246.25460607048,0
addition_M1_09.mat,6109,7509001,Repair,2500,18,0,0,0,0.0094426,5246.25460607048,5232.51575516715,0,0,0,1,NaN,NaN,NaN,NaN,NaN,NaN,NaN,5246.25460607048,0
addition_M1_09.mat,6109,7509001,WarmPSO,500,497,77,0,0,0.0847891,5220.12746272417,5204.81653161462,0,0,0,1,1,0,0,0,78,NaN,NaN,5246.25460607048,1
addition_M1_09.mat,6109,7509001,WarmPSO,1000,977,77,0,0,0.1579746,5220.12746272417,5204.81653161462,0,0,0,1,1,0,0,0,78,NaN,NaN,5246.25460607048,1
addition_M1_09.mat,6109,7509001,WarmPSO,1500,1487,77,0,0,0.2370593,5220.12746272417,5204.81653161462,0,0,0,1,1,0,0,0,78,NaN,NaN,5246.25460607048,1
addition_M1_09.mat,6109,7509001,WarmPSO,2500,2500,77,0,0,0.3562743,5220.12746272417,5204.81653161462,0,0,0,1,1,0,0,0,78,NaN,NaN,5246.25460607048,1
addition_M1_09.mat,6109,7509001,AlwaysVND,500,497,77,0,240,0.1231571,4282.5783886416,4273.25594012211,0,0,0,1,1,0,0,0,78,137,963.676217428874,5246.25460607048,1
addition_M1_09.mat,6109,7509001,AlwaysVND,1000,965,77,0,528,0.1983328,4227.68866321009,4221.47847518891,0,0,0,1,1,0,0,0,78,137,1018.56594286039,5246.25460607048,1
addition_M1_09.mat,6109,7509001,AlwaysVND,1500,1433,77,0,816,0.2807089,4227.68866321009,4221.47847518891,0,0,0,1,1,0,0,0,78,137,1018.56594286039,5246.25460607048,1
addition_M1_09.mat,6109,7509001,AlwaysVND,2500,2500,77,0,1463,0.5116175,4227.68866321009,4221.47847518891,0,0,0,1,1,0,0,0,78,137,1018.56594286039,5246.25460607048,1
addition_M1_09.mat,6109,7509001,FB-CMPSO,500,497,77,0,240,0.0784333,4282.5783886416,4273.25594012211,0,0,0,1,1,0,0,0,78,137,963.676217428874,5246.25460607048,1
addition_M1_09.mat,6109,7509001,FB-CMPSO,1000,965,77,0,528,0.1362308,4227.68866321009,4221.47847518891,0,0,0,1,1,0,0,0,78,137,1018.56594286039,5246.25460607048,1
addition_M1_09.mat,6109,7509001,FB-CMPSO,1500,1433,77,0,816,0.1889543,4227.68866321009,4221.47847518891,0,0,0,1,1,0,0,0,78,137,1018.56594286039,5246.25460607048,1
addition_M1_09.mat,6109,7509001,FB-CMPSO,2500,2500,77,0,1463,0.3158629,4227.68866321009,4221.47847518891,0,0,0,1,1,0,0,0,78,137,1018.56594286039,5246.25460607048,1
addition_M1_09.mat,6109,7509002,Repair,500,18,0,0,0,0.0042537,5246.25460607048,5232.51575516715,0,0,0,1,NaN,NaN,NaN,NaN,NaN,NaN,NaN,5246.25460607048,0
addition_M1_09.mat,6109,7509002,Repair,1000,18,0,0,0,0.0042537,5246.25460607048,5232.51575516715,0,0,0,1,NaN,NaN,NaN,NaN,NaN,NaN,NaN,5246.25460607048,0
addition_M1_09.mat,6109,7509002,Repair,1500,18,0,0,0,0.0042537,5246.25460607048,5232.51575516715,0,0,0,1,NaN,NaN,NaN,NaN,NaN,NaN,NaN,5246.25460607048,0
addition_M1_09.mat,6109,7509002,Repair,2500,18,0,0,0,0.0042537,5246.25460607048,5232.51575516715,0,0,0,1,NaN,NaN,NaN,NaN,NaN,NaN,NaN,5246.25460607048,0
addition_M1_09.mat,6109,7509002,WarmPSO,500,495,75,0,0,0.0688333,5246.25460607048,5232.51575516715,0,0,0,1,1,0,0,0,76,NaN,NaN,5246.25460607048,0
addition_M1_09.mat,6109,7509002,WarmPSO,1000,975,75,0,0,0.1175243,5220.12746272417,5204.81653161462,0,0,0,1,1,0,0,0,76,NaN,NaN,5246.25460607048,1
addition_M1_09.mat,6109,7509002,WarmPSO,1500,1485,75,0,0,0.177596,5220.12746272417,5204.81653161462,0,0,0,1,1,0,0,0,76,NaN,NaN,5246.25460607048,1
addition_M1_09.mat,6109,7509002,WarmPSO,2500,2500,75,0,0,0.2840452,5220.12746272417,5204.81653161462,0,0,0,1,1,0,0,0,76,NaN,NaN,5246.25460607048,1
addition_M1_09.mat,6109,7509002,AlwaysVND,500,495,75,0,240,0.0619238,4283.18995954771,4277.40359627958,0,0,0,1,1,0,0,0,76,135,963.064646522764,5246.25460607048,1
addition_M1_09.mat,6109,7509002,AlwaysVND,1000,963,75,0,528,0.1230764,3935.84058422606,3931.72069575783,0,0,0,1,1,0,0,0,76,135,1310.41402184442,5246.25460607048,1
addition_M1_09.mat,6109,7509002,AlwaysVND,1500,1431,75,0,816,0.182262,3935.84058422606,3931.72069575783,0,0,0,1,1,0,0,0,76,135,1310.41402184442,5246.25460607048,1
addition_M1_09.mat,6109,7509002,AlwaysVND,2500,2500,75,0,1465,0.3165187,3935.84058422606,3931.72069575783,0,0,0,1,1,0,0,0,76,135,1310.41402184442,5246.25460607048,1
addition_M1_09.mat,6109,7509002,FB-CMPSO,500,495,75,0,240,0.0621394,4283.18995954771,4277.40359627958,0,0,0,1,1,0,0,0,76,135,963.064646522764,5246.25460607048,1
addition_M1_09.mat,6109,7509002,FB-CMPSO,1000,963,75,0,528,0.1162664,3935.84058422606,3931.72069575783,0,0,0,1,1,0,0,0,76,135,1310.41402184442,5246.25460607048,1
addition_M1_09.mat,6109,7509002,FB-CMPSO,1500,1431,75,0,816,0.1712835,3935.84058422606,3931.72069575783,0,0,0,1,1,0,0,0,76,135,1310.41402184442,5246.25460607048,1
addition_M1_09.mat,6109,7509002,FB-CMPSO,2500,2500,75,0,1465,0.3018576,3935.84058422606,3931.72069575783,0,0,0,1,1,0,0,0,76,135,1310.41402184442,5246.25460607048,1
addition_M1_09.mat,6109,7509003,Repair,500,18,0,0,0,0.0024272,5246.25460607048,5232.51575516715,0,0,0,1,NaN,NaN,NaN,NaN,NaN,NaN,NaN,5246.25460607048,0
addition_M1_09.mat,6109,7509003,Repair,1000,18,0,0,0,0.0024272,5246.25460607048,5232.51575516715,0,0,0,1,NaN,NaN,NaN,NaN,NaN,NaN,NaN,5246.25460607048,0
addition_M1_09.mat,6109,7509003,Repair,1500,18,0,0,0,0.0024272,5246.25460607048,5232.51575516715,0,0,0,1,NaN,NaN,NaN,NaN,NaN,NaN,NaN,5246.25460607048,0
addition_M1_09.mat,6109,7509003,Repair,2500,18,0,0,0,0.0024272,5246.25460607048,5232.51575516715,0,0,0,1,NaN,NaN,NaN,NaN,NaN,NaN,NaN,5246.25460607048,0
addition_M1_09.mat,6109,7509003,WarmPSO,500,495,75,0,0,0.0587419,5246.25460607048,5232.51575516715,0,0,0,1,1,0,0,0,76,NaN,NaN,5246.25460607048,0
addition_M1_09.mat,6109,7509003,WarmPSO,1000,975,75,0,0,0.1064253,5220.12746272417,5204.81653161462,0,0,0,1,1,0,0,0,76,NaN,NaN,5246.25460607048,1
addition_M1_09.mat,6109,7509003,WarmPSO,1500,1485,75,0,0,0.1580619,5220.12746272417,5204.81653161462,0,0,0,1,1,0,0,0,76,NaN,NaN,5246.25460607048,1
addition_M1_09.mat,6109,7509003,WarmPSO,2500,2500,75,0,0,0.2588826,5220.12746272417,5204.81653161462,0,0,0,1,1,0,0,0,76,NaN,NaN,5246.25460607048,1
addition_M1_09.mat,6109,7509003,AlwaysVND,500,495,75,0,240,0.0576478,4312.05175602667,4300.13361210666,0,0,0,1,1,0,0,0,76,135,934.202850043808,5246.25460607048,1
addition_M1_09.mat,6109,7509003,AlwaysVND,1000,963,75,0,528,0.1111586,4052.19438438411,4042.45601648483,0,0,0,1,1,0,0,0,76,135,1194.06022168637,5246.25460607048,1
addition_M1_09.mat,6109,7509003,AlwaysVND,1500,1431,75,0,816,0.1642164,4052.19438438411,4042.45601648483,0,0,0,1,1,0,0,0,76,135,1194.06022168637,5246.25460607048,1
addition_M1_09.mat,6109,7509003,AlwaysVND,2500,2500,75,0,1465,0.2888816,3909.42887737522,3901.50952856162,0,0,0,1,1,0,0,0,76,135,1336.82572869526,5246.25460607048,1
addition_M1_09.mat,6109,7509003,FB-CMPSO,500,495,75,0,240,0.0591242,4312.05175602667,4300.13361210666,0,0,0,1,1,0,0,0,76,135,934.202850043808,5246.25460607048,1
addition_M1_09.mat,6109,7509003,FB-CMPSO,1000,963,75,0,528,0.1188882,4052.19438438411,4042.45601648483,0,0,0,1,1,0,0,0,76,135,1194.06022168637,5246.25460607048,1
addition_M1_09.mat,6109,7509003,FB-CMPSO,1500,1431,75,0,816,0.1719921,4052.19438438411,4042.45601648483,0,0,0,1,1,0,0,0,76,135,1194.06022168637,5246.25460607048,1
addition_M1_09.mat,6109,7509003,FB-CMPSO,2500,2500,75,0,1465,0.2907316,3909.42887737522,3901.50952856162,0,0,0,1,1,0,0,0,76,135,1336.82572869526,5246.25460607048,1
addition_M1_09.mat,6109,7509004,Repair,500,18,0,0,0,0.0021868,5246.25460607048,5232.51575516715,0,0,0,1,NaN,NaN,NaN,NaN,NaN,NaN,NaN,5246.25460607048,0
addition_M1_09.mat,6109,7509004,Repair,1000,18,0,0,0,0.0021868,5246.25460607048,5232.51575516715,0,0,0,1,NaN,NaN,NaN,NaN,NaN,NaN,NaN,5246.25460607048,0
addition_M1_09.mat,6109,7509004,Repair,1500,18,0,0,0,0.0021868,5246.25460607048,5232.51575516715,0,0,0,1,NaN,NaN,NaN,NaN,NaN,NaN,NaN,5246.25460607048,0
addition_M1_09.mat,6109,7509004,Repair,2500,18,0,0,0,0.0021868,5246.25460607048,5232.51575516715,0,0,0,1,NaN,NaN,NaN,NaN,NaN,NaN,NaN,5246.25460607048,0
addition_M1_09.mat,6109,7509004,WarmPSO,500,495,75,0,0,0.0548084,5220.12746272417,5204.81653161462,0,0,0,1,1,0,0,0,76,NaN,NaN,5246.25460607048,1
addition_M1_09.mat,6109,7509004,WarmPSO,1000,975,75,0,0,0.1021117,5220.12746272417,5204.81653161462,0,0,0,1,1,0,0,0,76,NaN,NaN,5246.25460607048,1
addition_M1_09.mat,6109,7509004,WarmPSO,1500,1485,75,0,0,0.1634751,5220.12746272417,5204.81653161462,0,0,0,1,1,0,0,0,76,NaN,NaN,5246.25460607048,1
addition_M1_09.mat,6109,7509004,WarmPSO,2500,2500,75,0,0,0.2612335,5220.12746272417,5204.81653161462,0,0,0,1,1,0,0,0,76,NaN,NaN,5246.25460607048,1
addition_M1_09.mat,6109,7509004,AlwaysVND,500,495,75,0,240,0.072827,4530.08371701976,4524.03861210977,0,0,0,1,1,0,0,0,76,135,716.170889050721,5246.25460607048,1
addition_M1_09.mat,6109,7509004,AlwaysVND,1000,963,75,0,528,0.1300563,4083.05708494423,4080.95540606293,0,0,0,1,1,0,0,0,76,135,1163.19752112625,5246.25460607048,1
addition_M1_09.mat,6109,7509004,AlwaysVND,1500,1431,75,0,816,0.1848759,4083.05708494423,4080.95540606293,0,0,0,1,1,0,0,0,76,135,1163.19752112625,5246.25460607048,1
addition_M1_09.mat,6109,7509004,AlwaysVND,2500,2500,75,0,1465,0.3068556,3909.42887737522,3901.50952856162,0,0,0,1,1,0,0,0,76,135,1336.82572869526,5246.25460607048,1
addition_M1_09.mat,6109,7509004,FB-CMPSO,500,495,75,0,240,0.054694,4530.08371701976,4524.03861210977,0,0,0,1,1,0,0,0,76,135,716.170889050721,5246.25460607048,1
addition_M1_09.mat,6109,7509004,FB-CMPSO,1000,963,75,0,528,0.1204211,4083.05708494423,4080.95540606293,0,0,0,1,1,0,0,0,76,135,1163.19752112625,5246.25460607048,1
addition_M1_09.mat,6109,7509004,FB-CMPSO,1500,1431,75,0,816,0.1995849,4083.05708494423,4080.95540606293,0,0,0,1,1,0,0,0,76,135,1163.19752112625,5246.25460607048,1
addition_M1_09.mat,6109,7509004,FB-CMPSO,2500,2500,75,0,1465,0.3331915,3909.42887737522,3901.50952856162,0,0,0,1,1,0,0,0,76,135,1336.82572869526,5246.25460607048,1
addition_M1_09.mat,6109,7509005,Repair,500,18,0,0,0,0.0046647,5246.25460607048,5232.51575516715,0,0,0,1,NaN,NaN,NaN,NaN,NaN,NaN,NaN,5246.25460607048,0
addition_M1_09.mat,6109,7509005,Repair,1000,18,0,0,0,0.0046647,5246.25460607048,5232.51575516715,0,0,0,1,NaN,NaN,NaN,NaN,NaN,NaN,NaN,5246.25460607048,0
addition_M1_09.mat,6109,7509005,Repair,1500,18,0,0,0,0.0046647,5246.25460607048,5232.51575516715,0,0,0,1,NaN,NaN,NaN,NaN,NaN,NaN,NaN,5246.25460607048,0
addition_M1_09.mat,6109,7509005,Repair,2500,18,0,0,0,0.0046647,5246.25460607048,5232.51575516715,0,0,0,1,NaN,NaN,NaN,NaN,NaN,NaN,NaN,5246.25460607048,0
addition_M1_09.mat,6109,7509005,WarmPSO,500,497,77,0,0,0.0579732,5246.25460607048,5232.51575516715,0,0,0,1,1,0,0,0,78,NaN,NaN,5246.25460607048,0
addition_M1_09.mat,6109,7509005,WarmPSO,1000,977,77,0,0,0.1059696,5246.25460607048,5232.51575516715,0,0,0,1,1,0,0,0,78,NaN,NaN,5246.25460607048,0
addition_M1_09.mat,6109,7509005,WarmPSO,1500,1487,77,0,0,0.1616858,5246.25460607048,5232.51575516715,0,0,0,1,1,0,0,0,78,NaN,NaN,5246.25460607048,0
addition_M1_09.mat,6109,7509005,WarmPSO,2500,2500,77,0,0,0.2597134,5246.25460607048,5232.51575516715,0,0,0,1,1,0,0,0,78,NaN,NaN,5246.25460607048,0
addition_M1_09.mat,6109,7509005,AlwaysVND,500,497,77,0,240,0.0593128,4644.96371721259,4638.96149749235,0,0,0,1,1,0,0,0,78,137,601.29088885789,5246.25460607048,1
addition_M1_09.mat,6109,7509005,AlwaysVND,1000,965,77,0,528,0.113251,4426.05343327003,4415.8585658464,0,0,0,1,1,0,0,0,78,137,820.201172800452,5246.25460607048,1
addition_M1_09.mat,6109,7509005,AlwaysVND,1500,1433,77,0,816,0.1654281,4394.84916002974,4382.83527352042,0,0,0,1,1,0,0,0,78,137,851.405446040742,5246.25460607048,1
addition_M1_09.mat,6109,7509005,AlwaysVND,2500,2500,77,0,1463,0.2900876,4252.08365302084,4241.88878559721,0,0,0,1,1,0,0,0,78,137,994.170953049637,5246.25460607048,1
addition_M1_09.mat,6109,7509005,FB-CMPSO,500,497,77,0,240,0.0586916,4644.96371721259,4638.96149749235,0,0,0,1,1,0,0,0,78,137,601.29088885789,5246.25460607048,1
addition_M1_09.mat,6109,7509005,FB-CMPSO,1000,965,77,0,528,0.1118172,4426.05343327003,4415.8585658464,0,0,0,1,1,0,0,0,78,137,820.201172800452,5246.25460607048,1
addition_M1_09.mat,6109,7509005,FB-CMPSO,1500,1433,77,0,816,0.1641942,4394.84916002974,4382.83527352042,0,0,0,1,1,0,0,0,78,137,851.405446040742,5246.25460607048,1
addition_M1_09.mat,6109,7509005,FB-CMPSO,2500,2500,77,0,1463,0.2872053,4252.08365302084,4241.88878559721,0,0,0,1,1,0,0,0,78,137,994.170953049637,5246.25460607048,1
addition_M1_09.mat,6109,7509006,Repair,500,18,0,0,0,0.0018149,5246.25460607048,5232.51575516715,0,0,0,1,NaN,NaN,NaN,NaN,NaN,NaN,NaN,5246.25460607048,0
addition_M1_09.mat,6109,7509006,Repair,1000,18,0,0,0,0.0018149,5246.25460607048,5232.51575516715,0,0,0,1,NaN,NaN,NaN,NaN,NaN,NaN,NaN,5246.25460607048,0
addition_M1_09.mat,6109,7509006,Repair,1500,18,0,0,0,0.0018149,5246.25460607048,5232.51575516715,0,0,0,1,NaN,NaN,NaN,NaN,NaN,NaN,NaN,5246.25460607048,0
addition_M1_09.mat,6109,7509006,Repair,2500,18,0,0,0,0.0018149,5246.25460607048,5232.51575516715,0,0,0,1,NaN,NaN,NaN,NaN,NaN,NaN,NaN,5246.25460607048,0
addition_M1_09.mat,6109,7509006,WarmPSO,500,496,76,0,0,0.0515115,5246.25460607048,5232.51575516715,0,0,0,1,1,0,0,0,77,NaN,NaN,5246.25460607048,0
addition_M1_09.mat,6109,7509006,WarmPSO,1000,976,76,0,0,0.1022387,5246.25460607048,5232.51575516715,0,0,0,1,1,0,0,0,77,NaN,NaN,5246.25460607048,0
addition_M1_09.mat,6109,7509006,WarmPSO,1500,1486,76,0,0,0.15191,5246.25460607048,5232.51575516715,0,0,0,1,1,0,0,0,77,NaN,NaN,5246.25460607048,0
addition_M1_09.mat,6109,7509006,WarmPSO,2500,2500,76,0,0,0.2549751,5246.25460607048,5232.51575516715,0,0,0,1,1,0,0,0,77,NaN,NaN,5246.25460607048,0
addition_M1_09.mat,6109,7509006,AlwaysVND,500,496,76,0,240,0.0543485,4578.19174155337,4561.26641759895,0,0,0,1,1,0,0,0,77,136,668.062864517112,5246.25460607048,1
addition_M1_09.mat,6109,7509006,AlwaysVND,1000,964,76,0,528,0.1047364,3761.87080397687,3757.75091550865,0,0,0,1,1,0,0,0,77,136,1484.38380209361,5246.25460607048,1
addition_M1_09.mat,6109,7509006,AlwaysVND,1500,1432,76,0,816,0.155941,3761.87080397687,3757.75091550865,0,0,0,1,1,0,0,0,77,136,1484.38380209361,5246.25460607048,1
addition_M1_09.mat,6109,7509006,AlwaysVND,2500,2500,76,0,1464,0.2888329,3761.87080397687,3757.75091550865,0,0,0,1,1,0,0,0,77,136,1484.38380209361,5246.25460607048,1
addition_M1_09.mat,6109,7509006,FB-CMPSO,500,496,76,0,240,0.0587497,4578.19174155337,4561.26641759895,0,0,0,1,1,0,0,0,77,136,668.062864517112,5246.25460607048,1
addition_M1_09.mat,6109,7509006,FB-CMPSO,1000,964,76,0,528,0.1110715,3761.87080397687,3757.75091550865,0,0,0,1,1,0,0,0,77,136,1484.38380209361,5246.25460607048,1
addition_M1_09.mat,6109,7509006,FB-CMPSO,1500,1432,76,0,816,0.1665268,3761.87080397687,3757.75091550865,0,0,0,1,1,0,0,0,77,136,1484.38380209361,5246.25460607048,1
addition_M1_09.mat,6109,7509006,FB-CMPSO,2500,2500,76,0,1464,0.2867822,3761.87080397687,3757.75091550865,0,0,0,1,1,0,0,0,77,136,1484.38380209361,5246.25460607048,1
addition_M1_09.mat,6109,7509007,Repair,500,18,0,0,0,0.0017325,5246.25460607048,5232.51575516715,0,0,0,1,NaN,NaN,NaN,NaN,NaN,NaN,NaN,5246.25460607048,0
addition_M1_09.mat,6109,7509007,Repair,1000,18,0,0,0,0.0017325,5246.25460607048,5232.51575516715,0,0,0,1,NaN,NaN,NaN,NaN,NaN,NaN,NaN,5246.25460607048,0
addition_M1_09.mat,6109,7509007,Repair,1500,18,0,0,0,0.0017325,5246.25460607048,5232.51575516715,0,0,0,1,NaN,NaN,NaN,NaN,NaN,NaN,NaN,5246.25460607048,0
addition_M1_09.mat,6109,7509007,Repair,2500,18,0,0,0,0.0017325,5246.25460607048,5232.51575516715,0,0,0,1,NaN,NaN,NaN,NaN,NaN,NaN,NaN,5246.25460607048,0
addition_M1_09.mat,6109,7509007,WarmPSO,500,497,77,0,0,0.0489659,5246.25460607048,5232.51575516715,0,0,0,1,1,0,0,0,78,NaN,NaN,5246.25460607048,0
addition_M1_09.mat,6109,7509007,WarmPSO,1000,977,77,0,0,0.0955633,5246.25460607048,5232.51575516715,0,0,0,1,1,0,0,0,78,NaN,NaN,5246.25460607048,0
addition_M1_09.mat,6109,7509007,WarmPSO,1500,1487,77,0,0,0.1494372,5246.25460607048,5232.51575516715,0,0,0,1,1,0,0,0,78,NaN,NaN,5246.25460607048,0
addition_M1_09.mat,6109,7509007,WarmPSO,2500,2500,77,0,0,0.2479916,5246.25460607048,5232.51575516715,0,0,0,1,1,0,0,0,78,NaN,NaN,5246.25460607048,0
addition_M1_09.mat,6109,7509007,AlwaysVND,500,497,77,0,240,0.0575566,4372.01910084471,4364.25324598303,0,0,0,1,1,0,0,0,78,137,874.235505225766,5246.25460607048,1
addition_M1_09.mat,6109,7509007,AlwaysVND,1000,965,77,0,528,0.11211,3989.40003293432,3981.76132147576,0,0,0,1,1,0,0,0,78,137,1256.85457313616,5246.25460607048,1
addition_M1_09.mat,6109,7509007,AlwaysVND,1500,1433,77,0,816,0.1645659,3761.87080397687,3757.75091550865,0,0,0,1,1,0,0,0,78,137,1484.38380209361,5246.25460607048,1
addition_M1_09.mat,6109,7509007,AlwaysVND,2500,2500,77,0,1463,0.2810886,3761.87080397687,3757.75091550865,0,0,0,1,1,0,0,0,78,137,1484.38380209361,5246.25460607048,1
addition_M1_09.mat,6109,7509007,FB-CMPSO,500,497,77,0,240,0.0515627,4372.01910084471,4364.25324598303,0,0,0,1,1,0,0,0,78,137,874.235505225766,5246.25460607048,1
addition_M1_09.mat,6109,7509007,FB-CMPSO,1000,965,77,0,528,0.1014257,3989.40003293432,3981.76132147576,0,0,0,1,1,0,0,0,78,137,1256.85457313616,5246.25460607048,1
addition_M1_09.mat,6109,7509007,FB-CMPSO,1500,1433,77,0,816,0.1529628,3761.87080397687,3757.75091550865,0,0,0,1,1,0,0,0,78,137,1484.38380209361,5246.25460607048,1
addition_M1_09.mat,6109,7509007,FB-CMPSO,2500,2500,77,0,1463,0.2780676,3761.87080397687,3757.75091550865,0,0,0,1,1,0,0,0,78,137,1484.38380209361,5246.25460607048,1
addition_M1_09.mat,6109,7509008,Repair,500,18,0,0,0,0.0018254,5246.25460607048,5232.51575516715,0,0,0,1,NaN,NaN,NaN,NaN,NaN,NaN,NaN,5246.25460607048,0
addition_M1_09.mat,6109,7509008,Repair,1000,18,0,0,0,0.0018254,5246.25460607048,5232.51575516715,0,0,0,1,NaN,NaN,NaN,NaN,NaN,NaN,NaN,5246.25460607048,0
addition_M1_09.mat,6109,7509008,Repair,1500,18,0,0,0,0.0018254,5246.25460607048,5232.51575516715,0,0,0,1,NaN,NaN,NaN,NaN,NaN,NaN,NaN,5246.25460607048,0
addition_M1_09.mat,6109,7509008,Repair,2500,18,0,0,0,0.0018254,5246.25460607048,5232.51575516715,0,0,0,1,NaN,NaN,NaN,NaN,NaN,NaN,NaN,5246.25460607048,0
addition_M1_09.mat,6109,7509008,WarmPSO,500,495,75,0,0,0.0530788,5246.25460607048,5232.51575516715,0,0,0,1,1,0,0,0,76,NaN,NaN,5246.25460607048,0
addition_M1_09.mat,6109,7509008,WarmPSO,1000,975,75,0,0,0.1012055,5246.25460607048,5232.51575516715,0,0,0,1,1,0,0,0,76,NaN,NaN,5246.25460607048,0
addition_M1_09.mat,6109,7509008,WarmPSO,1500,1485,75,0,0,0.1528853,5246.25460607048,5232.51575516715,0,0,0,1,1,0,0,0,76,NaN,NaN,5246.25460607048,0
addition_M1_09.mat,6109,7509008,WarmPSO,2500,2500,75,0,0,0.2538493,5246.25460607048,5232.51575516715,0,0,0,1,1,0,0,0,76,NaN,NaN,5246.25460607048,0
addition_M1_09.mat,6109,7509008,AlwaysVND,500,495,75,0,240,0.0535051,4392.87075382969,4381.271946959,0,0,0,1,1,0,0,0,76,135,853.383852240783,5246.25460607048,1
addition_M1_09.mat,6109,7509008,AlwaysVND,1000,963,75,0,528,0.1105744,4281.67880893532,4271.80570251114,0,0,0,1,1,0,0,0,76,135,964.575797135153,5246.25460607048,1
addition_M1_09.mat,6109,7509008,AlwaysVND,1500,1431,75,0,816,0.1646869,4021.82143729277,4014.12810688931,0,0,0,1,1,0,0,0,76,135,1224.43316877771,5246.25460607048,1
addition_M1_09.mat,6109,7509008,AlwaysVND,2500,2500,75,0,1465,0.2942741,4021.82143729277,4014.12810688931,0,0,0,1,1,0,0,0,76,135,1224.43316877771,5246.25460607048,1
addition_M1_09.mat,6109,7509008,FB-CMPSO,500,495,75,0,240,0.0523585,4392.87075382969,4381.271946959,0,0,0,1,1,0,0,0,76,135,853.383852240783,5246.25460607048,1
addition_M1_09.mat,6109,7509008,FB-CMPSO,1000,963,75,0,528,0.1131633,4281.67880893532,4271.80570251114,0,0,0,1,1,0,0,0,76,135,964.575797135153,5246.25460607048,1
addition_M1_09.mat,6109,7509008,FB-CMPSO,1500,1431,75,0,816,0.166429,4021.82143729277,4014.12810688931,0,0,0,1,1,0,0,0,76,135,1224.43316877771,5246.25460607048,1
addition_M1_09.mat,6109,7509008,FB-CMPSO,2500,2500,75,0,1465,0.2869728,4021.82143729277,4014.12810688931,0,0,0,1,1,0,0,0,76,135,1224.43316877771,5246.25460607048,1
addition_M1_09.mat,6109,7509009,Repair,500,18,0,0,0,0.0016532,5246.25460607048,5232.51575516715,0,0,0,1,NaN,NaN,NaN,NaN,NaN,NaN,NaN,5246.25460607048,0
addition_M1_09.mat,6109,7509009,Repair,1000,18,0,0,0,0.0016532,5246.25460607048,5232.51575516715,0,0,0,1,NaN,NaN,NaN,NaN,NaN,NaN,NaN,5246.25460607048,0
addition_M1_09.mat,6109,7509009,Repair,1500,18,0,0,0,0.0016532,5246.25460607048,5232.51575516715,0,0,0,1,NaN,NaN,NaN,NaN,NaN,NaN,NaN,5246.25460607048,0
addition_M1_09.mat,6109,7509009,Repair,2500,18,0,0,0,0.0016532,5246.25460607048,5232.51575516715,0,0,0,1,NaN,NaN,NaN,NaN,NaN,NaN,NaN,5246.25460607048,0
addition_M1_09.mat,6109,7509009,WarmPSO,500,496,76,0,0,0.0518452,5220.12746272417,5204.81653161462,0,0,0,1,1,0,0,0,77,NaN,NaN,5246.25460607048,1
addition_M1_09.mat,6109,7509009,WarmPSO,1000,976,76,0,0,0.0997254,5220.12746272417,5204.81653161462,0,0,0,1,1,0,0,0,77,NaN,NaN,5246.25460607048,1
addition_M1_09.mat,6109,7509009,WarmPSO,1500,1486,76,0,0,0.1499001,5220.12746272417,5204.81653161462,0,0,0,1,1,0,0,0,77,NaN,NaN,5246.25460607048,1
addition_M1_09.mat,6109,7509009,WarmPSO,2500,2500,76,0,0,0.2534585,5220.12746272417,5204.81653161462,0,0,0,1,1,0,0,0,77,NaN,NaN,5246.25460607048,1
addition_M1_09.mat,6109,7509009,AlwaysVND,500,496,76,0,240,0.0569778,4475.19399158824,4472.26114717656,0,0,0,1,1,0,0,0,77,136,771.060614482235,5246.25460607048,1
addition_M1_09.mat,6109,7509009,AlwaysVND,1000,964,76,0,528,0.1090701,4301.22421133906,4298.29136692738,0,0,0,1,1,0,0,0,77,136,945.030394731421,5246.25460607048,1
addition_M1_09.mat,6109,7509009,AlwaysVND,1500,1432,76,0,816,0.1815609,4301.22421133906,4298.29136692738,0,0,0,1,1,0,0,0,77,136,945.030394731421,5246.25460607048,1
addition_M1_09.mat,6109,7509009,AlwaysVND,2500,2500,76,0,1464,0.3070805,4227.68866321009,4221.47847518891,0,0,0,1,1,0,0,0,77,136,1018.56594286039,5246.25460607048,1
addition_M1_09.mat,6109,7509009,FB-CMPSO,500,496,76,0,240,0.0551204,4475.19399158824,4472.26114717656,0,0,0,1,1,0,0,0,77,136,771.060614482235,5246.25460607048,1
addition_M1_09.mat,6109,7509009,FB-CMPSO,1000,964,76,0,528,0.1136741,4301.22421133906,4298.29136692738,0,0,0,1,1,0,0,0,77,136,945.030394731421,5246.25460607048,1
addition_M1_09.mat,6109,7509009,FB-CMPSO,1500,1432,76,0,816,0.1656857,4301.22421133906,4298.29136692738,0,0,0,1,1,0,0,0,77,136,945.030394731421,5246.25460607048,1
addition_M1_09.mat,6109,7509009,FB-CMPSO,2500,2500,76,0,1464,0.2872376,4227.68866321009,4221.47847518891,0,0,0,1,1,0,0,0,77,136,1018.56594286039,5246.25460607048,1
addition_M1_09.mat,6109,7509010,Repair,500,18,0,0,0,0.0017525,5246.25460607048,5232.51575516715,0,0,0,1,NaN,NaN,NaN,NaN,NaN,NaN,NaN,5246.25460607048,0
addition_M1_09.mat,6109,7509010,Repair,1000,18,0,0,0,0.0017525,5246.25460607048,5232.51575516715,0,0,0,1,NaN,NaN,NaN,NaN,NaN,NaN,NaN,5246.25460607048,0
addition_M1_09.mat,6109,7509010,Repair,1500,18,0,0,0,0.0017525,5246.25460607048,5232.51575516715,0,0,0,1,NaN,NaN,NaN,NaN,NaN,NaN,NaN,5246.25460607048,0
addition_M1_09.mat,6109,7509010,Repair,2500,18,0,0,0,0.0017525,5246.25460607048,5232.51575516715,0,0,0,1,NaN,NaN,NaN,NaN,NaN,NaN,NaN,5246.25460607048,0
addition_M1_09.mat,6109,7509010,WarmPSO,500,495,75,0,0,0.0506226,5246.25460607048,5232.51575516715,0,0,0,1,1,0,0,0,76,NaN,NaN,5246.25460607048,0
addition_M1_09.mat,6109,7509010,WarmPSO,1000,975,75,0,0,0.100481,5246.25460607048,5232.51575516715,0,0,0,1,1,0,0,0,76,NaN,NaN,5246.25460607048,0
addition_M1_09.mat,6109,7509010,WarmPSO,1500,1485,75,0,0,0.1503601,5220.12746272417,5204.81653161462,0,0,0,1,1,0,0,0,76,NaN,NaN,5246.25460607048,1
addition_M1_09.mat,6109,7509010,WarmPSO,2500,2500,75,0,0,0.2474238,5220.12746272417,5204.81653161462,0,0,0,1,1,0,0,0,76,NaN,NaN,5246.25460607048,1
addition_M1_09.mat,6109,7509010,AlwaysVND,500,495,75,0,240,0.0535226,4353.53096430053,4347.02719527291,0,0,0,1,1,0,0,0,76,135,892.723641769949,5246.25460607048,1
addition_M1_09.mat,6109,7509010,AlwaysVND,1000,963,75,0,528,0.1070834,4021.82143729277,4014.12810688931,0,0,0,1,1,0,0,0,76,135,1224.43316877771,5246.25460607048,1
addition_M1_09.mat,6109,7509010,AlwaysVND,1500,1431,75,0,816,0.1733778,4021.82143729277,4014.12810688931,0,0,0,1,1,0,0,0,76,135,1224.43316877771,5246.25460607048,1
addition_M1_09.mat,6109,7509010,AlwaysVND,2500,2500,75,0,1465,0.2961303,4021.82143729277,4014.12810688931,0,0,0,1,1,0,0,0,76,135,1224.43316877771,5246.25460607048,1
addition_M1_09.mat,6109,7509010,FB-CMPSO,500,495,75,0,240,0.0529695,4353.53096430053,4347.02719527291,0,0,0,1,1,0,0,0,76,135,892.723641769949,5246.25460607048,1
addition_M1_09.mat,6109,7509010,FB-CMPSO,1000,963,75,0,528,0.1022442,4021.82143729277,4014.12810688931,0,0,0,1,1,0,0,0,76,135,1224.43316877771,5246.25460607048,1
addition_M1_09.mat,6109,7509010,FB-CMPSO,1500,1431,75,0,816,0.1595573,4021.82143729277,4014.12810688931,0,0,0,1,1,0,0,0,76,135,1224.43316877771,5246.25460607048,1
addition_M1_09.mat,6109,7509010,FB-CMPSO,2500,2500,75,0,1465,0.2944052,4021.82143729277,4014.12810688931,0,0,0,1,1,0,0,0,76,135,1224.43316877771,5246.25460607048,1
addition_M1_09.mat,6109,7509011,Repair,500,18,0,0,0,0.001578,5246.25460607048,5232.51575516715,0,0,0,1,NaN,NaN,NaN,NaN,NaN,NaN,NaN,5246.25460607048,0
addition_M1_09.mat,6109,7509011,Repair,1000,18,0,0,0,0.001578,5246.25460607048,5232.51575516715,0,0,0,1,NaN,NaN,NaN,NaN,NaN,NaN,NaN,5246.25460607048,0
addition_M1_09.mat,6109,7509011,Repair,1500,18,0,0,0,0.001578,5246.25460607048,5232.51575516715,0,0,0,1,NaN,NaN,NaN,NaN,NaN,NaN,NaN,5246.25460607048,0
addition_M1_09.mat,6109,7509011,Repair,2500,18,0,0,0,0.001578,5246.25460607048,5232.51575516715,0,0,0,1,NaN,NaN,NaN,NaN,NaN,NaN,NaN,5246.25460607048,0
addition_M1_09.mat,6109,7509011,WarmPSO,500,495,75,0,0,0.0497039,5246.25460607048,5232.51575516715,0,0,0,1,1,0,0,0,76,NaN,NaN,5246.25460607048,0
addition_M1_09.mat,6109,7509011,WarmPSO,1000,975,75,0,0,0.0962369,5220.12746272417,5204.81653161462,0,0,0,1,1,0,0,0,76,NaN,NaN,5246.25460607048,1
addition_M1_09.mat,6109,7509011,WarmPSO,1500,1485,75,0,0,0.1459638,5220.12746272417,5204.81653161462,0,0,0,1,1,0,0,0,76,NaN,NaN,5246.25460607048,1
addition_M1_09.mat,6109,7509011,WarmPSO,2500,2500,75,0,0,0.24758,5220.12746272417,5204.81653161462,0,0,0,1,1,0,0,0,76,NaN,NaN,5246.25460607048,1
addition_M1_09.mat,6109,7509011,AlwaysVND,500,495,75,0,240,0.0579082,4394.84916002974,4382.83527352042,0,0,0,1,1,0,0,0,76,135,851.405446040742,5246.25460607048,1
addition_M1_09.mat,6109,7509011,AlwaysVND,1000,963,75,0,528,0.110414,4394.84916002974,4382.83527352042,0,0,0,1,1,0,0,0,76,135,851.405446040742,5246.25460607048,1
addition_M1_09.mat,6109,7509011,AlwaysVND,1500,1431,75,0,816,0.1620547,4252.08365302084,4241.88878559721,0,0,0,1,1,0,0,0,76,135,994.170953049637,5246.25460607048,1
addition_M1_09.mat,6109,7509011,AlwaysVND,2500,2500,75,0,1465,0.2815042,4252.08365302084,4241.88878559721,0,0,0,1,1,0,0,0,76,135,994.170953049637,5246.25460607048,1
addition_M1_09.mat,6109,7509011,FB-CMPSO,500,495,75,0,240,0.0612243,4394.84916002974,4382.83527352042,0,0,0,1,1,0,0,0,76,135,851.405446040742,5246.25460607048,1
addition_M1_09.mat,6109,7509011,FB-CMPSO,1000,963,75,0,528,0.1146626,4394.84916002974,4382.83527352042,0,0,0,1,1,0,0,0,76,135,851.405446040742,5246.25460607048,1
addition_M1_09.mat,6109,7509011,FB-CMPSO,1500,1431,75,0,816,0.1666015,4252.08365302084,4241.88878559721,0,0,0,1,1,0,0,0,76,135,994.170953049637,5246.25460607048,1
addition_M1_09.mat,6109,7509011,FB-CMPSO,2500,2500,75,0,1465,0.2849739,4252.08365302084,4241.88878559721,0,0,0,1,1,0,0,0,76,135,994.170953049637,5246.25460607048,1
addition_M1_09.mat,6109,7509012,Repair,500,18,0,0,0,0.0015877,5246.25460607048,5232.51575516715,0,0,0,1,NaN,NaN,NaN,NaN,NaN,NaN,NaN,5246.25460607048,0
addition_M1_09.mat,6109,7509012,Repair,1000,18,0,0,0,0.0015877,5246.25460607048,5232.51575516715,0,0,0,1,NaN,NaN,NaN,NaN,NaN,NaN,NaN,5246.25460607048,0
addition_M1_09.mat,6109,7509012,Repair,1500,18,0,0,0,0.0015877,5246.25460607048,5232.51575516715,0,0,0,1,NaN,NaN,NaN,NaN,NaN,NaN,NaN,5246.25460607048,0
addition_M1_09.mat,6109,7509012,Repair,2500,18,0,0,0,0.0015877,5246.25460607048,5232.51575516715,0,0,0,1,NaN,NaN,NaN,NaN,NaN,NaN,NaN,5246.25460607048,0
addition_M1_09.mat,6109,7509012,WarmPSO,500,497,77,0,0,0.0673024,5246.25460607048,5232.51575516715,0,0,0,1,1,0,0,0,78,NaN,NaN,5246.25460607048,0
addition_M1_09.mat,6109,7509012,WarmPSO,1000,977,77,0,0,0.1148741,5246.25460607048,5232.51575516715,0,0,0,1,1,0,0,0,78,NaN,NaN,5246.25460607048,0
addition_M1_09.mat,6109,7509012,WarmPSO,1500,1487,77,0,0,0.1697267,5246.25460607048,5232.51575516715,0,0,0,1,1,0,0,0,78,NaN,NaN,5246.25460607048,0
addition_M1_09.mat,6109,7509012,WarmPSO,2500,2500,77,0,0,0.2739418,5246.25460607048,5232.51575516715,0,0,0,1,1,0,0,0,78,NaN,NaN,5246.25460607048,0
addition_M1_09.mat,6109,7509012,AlwaysVND,500,497,77,0,240,0.0641266,4394.84916002974,4382.83527352042,0,0,0,1,1,0,0,0,78,137,851.405446040742,5246.25460607048,1
addition_M1_09.mat,6109,7509012,AlwaysVND,1000,965,77,0,528,0.1150617,4394.84916002974,4382.83527352042,0,0,0,1,1,0,0,0,78,137,851.405446040742,5246.25460607048,1
addition_M1_09.mat,6109,7509012,AlwaysVND,1500,1433,77,0,816,0.168187,4394.84916002974,4382.83527352042,0,0,0,1,1,0,0,0,78,137,851.405446040742,5246.25460607048,1
addition_M1_09.mat,6109,7509012,AlwaysVND,2500,2500,77,0,1463,0.2847336,4252.08365302084,4241.88878559721,0,0,0,1,1,0,0,0,78,137,994.170953049637,5246.25460607048,1
addition_M1_09.mat,6109,7509012,FB-CMPSO,500,497,77,0,240,0.0705867,4394.84916002974,4382.83527352042,0,0,0,1,1,0,0,0,78,137,851.405446040742,5246.25460607048,1
addition_M1_09.mat,6109,7509012,FB-CMPSO,1000,965,77,0,528,0.1252877,4394.84916002974,4382.83527352042,0,0,0,1,1,0,0,0,78,137,851.405446040742,5246.25460607048,1
addition_M1_09.mat,6109,7509012,FB-CMPSO,1500,1433,77,0,816,0.1774233,4394.84916002974,4382.83527352042,0,0,0,1,1,0,0,0,78,137,851.405446040742,5246.25460607048,1
addition_M1_09.mat,6109,7509012,FB-CMPSO,2500,2500,77,0,1463,0.2960977,4252.08365302084,4241.88878559721,0,0,0,1,1,0,0,0,78,137,994.170953049637,5246.25460607048,1
addition_M1_09.mat,6109,7509013,Repair,500,18,0,0,0,0.0023096,5246.25460607048,5232.51575516715,0,0,0,1,NaN,NaN,NaN,NaN,NaN,NaN,NaN,5246.25460607048,0
addition_M1_09.mat,6109,7509013,Repair,1000,18,0,0,0,0.0023096,5246.25460607048,5232.51575516715,0,0,0,1,NaN,NaN,NaN,NaN,NaN,NaN,NaN,5246.25460607048,0
addition_M1_09.mat,6109,7509013,Repair,1500,18,0,0,0,0.0023096,5246.25460607048,5232.51575516715,0,0,0,1,NaN,NaN,NaN,NaN,NaN,NaN,NaN,5246.25460607048,0
addition_M1_09.mat,6109,7509013,Repair,2500,18,0,0,0,0.0023096,5246.25460607048,5232.51575516715,0,0,0,1,NaN,NaN,NaN,NaN,NaN,NaN,NaN,5246.25460607048,0
addition_M1_09.mat,6109,7509013,WarmPSO,500,496,76,0,0,0.0539702,5246.25460607048,5232.51575516715,0,0,0,1,1,0,0,0,77,NaN,NaN,5246.25460607048,0
addition_M1_09.mat,6109,7509013,WarmPSO,1000,976,76,0,0,0.1010279,5246.25460607048,5232.51575516715,0,0,0,1,1,0,0,0,77,NaN,NaN,5246.25460607048,0
addition_M1_09.mat,6109,7509013,WarmPSO,1500,1486,76,0,0,0.1495279,5246.25460607048,5232.51575516715,0,0,0,1,1,0,0,0,77,NaN,NaN,5246.25460607048,0
addition_M1_09.mat,6109,7509013,WarmPSO,2500,2500,76,0,0,0.2536255,5220.12746272417,5204.81653161462,0,0,0,1,1,0,0,0,77,NaN,NaN,5246.25460607048,1
addition_M1_09.mat,6109,7509013,AlwaysVND,500,496,76,0,240,0.0530761,4768.34644953498,4758.86986398868,0,0,0,1,1,0,0,0,77,136,477.908156535503,5246.25460607048,1
addition_M1_09.mat,6109,7509013,AlwaysVND,1000,964,76,0,528,0.1154925,4227.68866321009,4221.47847518891,0,0,0,1,1,0,0,0,77,136,1018.56594286039,5246.25460607048,1
addition_M1_09.mat,6109,7509013,AlwaysVND,1500,1432,76,0,816,0.1657233,4227.68866321009,4221.47847518891,0,0,0,1,1,0,0,0,77,136,1018.56594286039,5246.25460607048,1
addition_M1_09.mat,6109,7509013,AlwaysVND,2500,2500,76,0,1464,0.2886976,4227.68866321009,4221.47847518891,0,0,0,1,1,0,0,0,77,136,1018.56594286039,5246.25460607048,1
addition_M1_09.mat,6109,7509013,FB-CMPSO,500,496,76,0,240,0.0549972,4768.34644953498,4758.86986398868,0,0,0,1,1,0,0,0,77,136,477.908156535503,5246.25460607048,1
addition_M1_09.mat,6109,7509013,FB-CMPSO,1000,964,76,0,528,0.1080936,4227.68866321009,4221.47847518891,0,0,0,1,1,0,0,0,77,136,1018.56594286039,5246.25460607048,1
addition_M1_09.mat,6109,7509013,FB-CMPSO,1500,1432,76,0,816,0.1630894,4227.68866321009,4221.47847518891,0,0,0,1,1,0,0,0,77,136,1018.56594286039,5246.25460607048,1
addition_M1_09.mat,6109,7509013,FB-CMPSO,2500,2500,76,0,1464,0.2857333,4227.68866321009,4221.47847518891,0,0,0,1,1,0,0,0,77,136,1018.56594286039,5246.25460607048,1
addition_M1_09.mat,6109,7509014,Repair,500,18,0,0,0,0.0021326,5246.25460607048,5232.51575516715,0,0,0,1,NaN,NaN,NaN,NaN,NaN,NaN,NaN,5246.25460607048,0
addition_M1_09.mat,6109,7509014,Repair,1000,18,0,0,0,0.0021326,5246.25460607048,5232.51575516715,0,0,0,1,NaN,NaN,NaN,NaN,NaN,NaN,NaN,5246.25460607048,0
addition_M1_09.mat,6109,7509014,Repair,1500,18,0,0,0,0.0021326,5246.25460607048,5232.51575516715,0,0,0,1,NaN,NaN,NaN,NaN,NaN,NaN,NaN,5246.25460607048,0
addition_M1_09.mat,6109,7509014,Repair,2500,18,0,0,0,0.0021326,5246.25460607048,5232.51575516715,0,0,0,1,NaN,NaN,NaN,NaN,NaN,NaN,NaN,5246.25460607048,0
addition_M1_09.mat,6109,7509014,WarmPSO,500,497,77,0,0,0.0546644,5246.25460607048,5232.51575516715,0,0,0,1,1,0,0,0,78,NaN,NaN,5246.25460607048,0
addition_M1_09.mat,6109,7509014,WarmPSO,1000,977,77,0,0,0.1026949,5246.25460607048,5232.51575516715,0,0,0,1,1,0,0,0,78,NaN,NaN,5246.25460607048,0
addition_M1_09.mat,6109,7509014,WarmPSO,1500,1487,77,0,0,0.1674311,5246.25460607048,5232.51575516715,0,0,0,1,1,0,0,0,78,NaN,NaN,5246.25460607048,0
addition_M1_09.mat,6109,7509014,WarmPSO,2500,2500,77,0,0,0.3143749,5246.25460607048,5232.51575516715,0,0,0,1,1,0,0,0,78,NaN,NaN,5246.25460607048,0
addition_M1_09.mat,6109,7509014,AlwaysVND,500,497,77,0,240,0.0579752,3935.84058422606,3931.72069575783,0,0,0,1,1,0,0,0,78,137,1310.41402184442,5246.25460607048,1
addition_M1_09.mat,6109,7509014,AlwaysVND,1000,965,77,0,528,0.1157325,3935.84058422606,3931.72069575783,0,0,0,1,1,0,0,0,78,137,1310.41402184442,5246.25460607048,1
addition_M1_09.mat,6109,7509014,AlwaysVND,1500,1433,77,0,816,0.1691086,3761.87080397687,3757.75091550865,0,0,0,1,1,0,0,0,78,137,1484.38380209361,5246.25460607048,1
addition_M1_09.mat,6109,7509014,AlwaysVND,2500,2500,77,0,1463,0.2970502,3761.87080397687,3757.75091550865,0,0,0,1,1,0,0,0,78,137,1484.38380209361,5246.25460607048,1
addition_M1_09.mat,6109,7509014,FB-CMPSO,500,497,77,0,240,0.0592145,3935.84058422606,3931.72069575783,0,0,0,1,1,0,0,0,78,137,1310.41402184442,5246.25460607048,1
addition_M1_09.mat,6109,7509014,FB-CMPSO,1000,965,77,0,528,0.1108345,3935.84058422606,3931.72069575783,0,0,0,1,1,0,0,0,78,137,1310.41402184442,5246.25460607048,1
addition_M1_09.mat,6109,7509014,FB-CMPSO,1500,1433,77,0,816,0.172671,3761.87080397687,3757.75091550865,0,0,0,1,1,0,0,0,78,137,1484.38380209361,5246.25460607048,1
addition_M1_09.mat,6109,7509014,FB-CMPSO,2500,2500,77,0,1463,0.3258792,3761.87080397687,3757.75091550865,0,0,0,1,1,0,0,0,78,137,1484.38380209361,5246.25460607048,1
addition_M1_09.mat,6109,7509015,Repair,500,18,0,0,0,0.0015798,5246.25460607048,5232.51575516715,0,0,0,1,NaN,NaN,NaN,NaN,NaN,NaN,NaN,5246.25460607048,0
addition_M1_09.mat,6109,7509015,Repair,1000,18,0,0,0,0.0015798,5246.25460607048,5232.51575516715,0,0,0,1,NaN,NaN,NaN,NaN,NaN,NaN,NaN,5246.25460607048,0
addition_M1_09.mat,6109,7509015,Repair,1500,18,0,0,0,0.0015798,5246.25460607048,5232.51575516715,0,0,0,1,NaN,NaN,NaN,NaN,NaN,NaN,NaN,5246.25460607048,0
addition_M1_09.mat,6109,7509015,Repair,2500,18,0,0,0,0.0015798,5246.25460607048,5232.51575516715,0,0,0,1,NaN,NaN,NaN,NaN,NaN,NaN,NaN,5246.25460607048,0
addition_M1_09.mat,6109,7509015,WarmPSO,500,495,75,0,0,0.0492503,5246.25460607048,5232.51575516715,0,0,0,1,1,0,0,0,76,NaN,NaN,5246.25460607048,0
addition_M1_09.mat,6109,7509015,WarmPSO,1000,975,75,0,0,0.0963248,5246.25460607048,5232.51575516715,0,0,0,1,1,0,0,0,76,NaN,NaN,5246.25460607048,0
addition_M1_09.mat,6109,7509015,WarmPSO,1500,1485,75,0,0,0.1474785,5246.25460607048,5232.51575516715,0,0,0,1,1,0,0,0,76,NaN,NaN,5246.25460607048,0
addition_M1_09.mat,6109,7509015,WarmPSO,2500,2500,75,0,0,0.2468622,5246.25460607048,5232.51575516715,0,0,0,1,1,0,0,0,76,NaN,NaN,5246.25460607048,0
addition_M1_09.mat,6109,7509015,AlwaysVND,500,495,75,0,240,0.0531377,4457.16681642929,4450.4584769069,0,0,0,1,1,0,0,0,76,135,789.087789641193,5246.25460607048,1
addition_M1_09.mat,6109,7509015,AlwaysVND,1000,963,75,0,528,0.1156532,4457.16681642929,4450.4584769069,0,0,0,1,1,0,0,0,76,135,789.087789641193,5246.25460607048,1
addition_M1_09.mat,6109,7509015,AlwaysVND,1500,1431,75,0,816,0.1743365,4457.16681642929,4450.4584769069,0,0,0,1,1,0,0,0,76,135,789.087789641193,5246.25460607048,1
addition_M1_09.mat,6109,7509015,AlwaysVND,2500,2500,75,0,1465,0.3088047,3761.87080397687,3757.75091550865,0,0,0,1,1,0,0,0,76,135,1484.38380209361,5246.25460607048,1
addition_M1_09.mat,6109,7509015,FB-CMPSO,500,495,75,0,240,0.0629183,4457.16681642929,4450.4584769069,0,0,0,1,1,0,0,0,76,135,789.087789641193,5246.25460607048,1
addition_M1_09.mat,6109,7509015,FB-CMPSO,1000,963,75,0,528,0.1165288,4457.16681642929,4450.4584769069,0,0,0,1,1,0,0,0,76,135,789.087789641193,5246.25460607048,1
addition_M1_09.mat,6109,7509015,FB-CMPSO,1500,1431,75,0,816,0.1697864,4457.16681642929,4450.4584769069,0,0,0,1,1,0,0,0,76,135,789.087789641193,5246.25460607048,1
addition_M1_09.mat,6109,7509015,FB-CMPSO,2500,2500,75,0,1465,0.2907765,3761.87080397687,3757.75091550865,0,0,0,1,1,0,0,0,76,135,1484.38380209361,5246.25460607048,1
addition_M1_09.mat,6109,7509016,Repair,500,18,0,0,0,0.0015904,5246.25460607048,5232.51575516715,0,0,0,1,NaN,NaN,NaN,NaN,NaN,NaN,NaN,5246.25460607048,0
addition_M1_09.mat,6109,7509016,Repair,1000,18,0,0,0,0.0015904,5246.25460607048,5232.51575516715,0,0,0,1,NaN,NaN,NaN,NaN,NaN,NaN,NaN,5246.25460607048,0
addition_M1_09.mat,6109,7509016,Repair,1500,18,0,0,0,0.0015904,5246.25460607048,5232.51575516715,0,0,0,1,NaN,NaN,NaN,NaN,NaN,NaN,NaN,5246.25460607048,0
addition_M1_09.mat,6109,7509016,Repair,2500,18,0,0,0,0.0015904,5246.25460607048,5232.51575516715,0,0,0,1,NaN,NaN,NaN,NaN,NaN,NaN,NaN,5246.25460607048,0
addition_M1_09.mat,6109,7509016,WarmPSO,500,496,76,0,0,0.0508565,5246.25460607048,5232.51575516715,0,0,0,1,1,0,0,0,77,NaN,NaN,5246.25460607048,0
addition_M1_09.mat,6109,7509016,WarmPSO,1000,976,76,0,0,0.0988201,5246.25460607048,5232.51575516715,0,0,0,1,1,0,0,0,77,NaN,NaN,5246.25460607048,0
addition_M1_09.mat,6109,7509016,WarmPSO,1500,1486,76,0,0,0.1631746,5246.25460607048,5232.51575516715,0,0,0,1,1,0,0,0,77,NaN,NaN,5246.25460607048,0
addition_M1_09.mat,6109,7509016,WarmPSO,2500,2500,76,0,0,0.2798719,5049.23110325743,5039.911440082,0,0,0,1,1,0,0,0,77,NaN,NaN,5246.25460607048,1
addition_M1_09.mat,6109,7509016,AlwaysVND,500,496,76,0,240,0.0627071,4574.60547963639,4562.74447049273,0,0,0,1,1,0,0,0,77,136,671.649126434091,5246.25460607048,1
addition_M1_09.mat,6109,7509016,AlwaysVND,1000,964,76,0,528,0.1231956,4083.3986576244,4075.47930881081,0,0,0,1,1,0,0,0,77,136,1162.85594844608,5246.25460607048,1
addition_M1_09.mat,6109,7509016,AlwaysVND,1500,1432,76,0,816,0.1812407,4083.3986576244,4075.47930881081,0,0,0,1,1,0,0,0,77,136,1162.85594844608,5246.25460607048,1
addition_M1_09.mat,6109,7509016,AlwaysVND,2500,2500,76,0,1464,0.3219949,4052.19438438411,4042.45601648483,0,0,0,1,1,0,0,0,77,136,1194.06022168637,5246.25460607048,1
addition_M1_09.mat,6109,7509016,FB-CMPSO,500,496,76,0,240,0.0742209,4574.60547963639,4562.74447049273,0,0,0,1,1,0,0,0,77,136,671.649126434091,5246.25460607048,1
addition_M1_09.mat,6109,7509016,FB-CMPSO,1000,964,76,0,528,0.1270675,4083.3986576244,4075.47930881081,0,0,0,1,1,0,0,0,77,136,1162.85594844608,5246.25460607048,1
addition_M1_09.mat,6109,7509016,FB-CMPSO,1500,1432,76,0,816,0.1890856,4083.3986576244,4075.47930881081,0,0,0,1,1,0,0,0,77,136,1162.85594844608,5246.25460607048,1
addition_M1_09.mat,6109,7509016,FB-CMPSO,2500,2500,76,0,1464,0.3090562,4052.19438438411,4042.45601648483,0,0,0,1,1,0,0,0,77,136,1194.06022168637,5246.25460607048,1
addition_M1_09.mat,6109,7509017,Repair,500,18,0,0,0,0.0020328,5246.25460607048,5232.51575516715,0,0,0,1,NaN,NaN,NaN,NaN,NaN,NaN,NaN,5246.25460607048,0
addition_M1_09.mat,6109,7509017,Repair,1000,18,0,0,0,0.0020328,5246.25460607048,5232.51575516715,0,0,0,1,NaN,NaN,NaN,NaN,NaN,NaN,NaN,5246.25460607048,0
addition_M1_09.mat,6109,7509017,Repair,1500,18,0,0,0,0.0020328,5246.25460607048,5232.51575516715,0,0,0,1,NaN,NaN,NaN,NaN,NaN,NaN,NaN,5246.25460607048,0
addition_M1_09.mat,6109,7509017,Repair,2500,18,0,0,0,0.0020328,5246.25460607048,5232.51575516715,0,0,0,1,NaN,NaN,NaN,NaN,NaN,NaN,NaN,5246.25460607048,0
addition_M1_09.mat,6109,7509017,WarmPSO,500,497,77,0,0,0.0571261,5246.25460607048,5232.51575516715,0,0,0,1,1,0,0,0,78,NaN,NaN,5246.25460607048,0
addition_M1_09.mat,6109,7509017,WarmPSO,1000,977,77,0,0,0.1020442,5246.25460607048,5232.51575516715,0,0,0,1,1,0,0,0,78,NaN,NaN,5246.25460607048,0
addition_M1_09.mat,6109,7509017,WarmPSO,1500,1487,77,0,0,0.1540775,5246.25460607048,5232.51575516715,0,0,0,1,1,0,0,0,78,NaN,NaN,5246.25460607048,0
addition_M1_09.mat,6109,7509017,WarmPSO,2500,2500,77,0,0,0.2543512,5246.25460607048,5232.51575516715,0,0,0,1,1,0,0,0,78,NaN,NaN,5246.25460607048,0
addition_M1_09.mat,6109,7509017,AlwaysVND,500,497,77,0,240,0.0614172,4629.87843628802,4618.04844509267,0,0,0,1,1,0,0,0,78,137,616.376169782459,5246.25460607048,1
addition_M1_09.mat,6109,7509017,AlwaysVND,1000,965,77,0,528,0.131773,4052.19438438411,4042.45601648483,0,0,0,1,1,0,0,0,78,137,1194.06022168637,5246.25460607048,1
addition_M1_09.mat,6109,7509017,AlwaysVND,1500,1433,77,0,816,0.190969,4052.19438438411,4042.45601648483,0,0,0,1,1,0,0,0,78,137,1194.06022168637,5246.25460607048,1
addition_M1_09.mat,6109,7509017,AlwaysVND,2500,2500,77,0,1463,0.3298039,4052.19438438411,4042.45601648483,0,0,0,1,1,0,0,0,78,137,1194.06022168637,5246.25460607048,1
addition_M1_09.mat,6109,7509017,FB-CMPSO,500,497,77,0,240,0.0636446,4629.87843628802,4618.04844509267,0,0,0,1,1,0,0,0,78,137,616.376169782459,5246.25460607048,1
addition_M1_09.mat,6109,7509017,FB-CMPSO,1000,965,77,0,528,0.1178137,4052.19438438411,4042.45601648483,0,0,0,1,1,0,0,0,78,137,1194.06022168637,5246.25460607048,1
addition_M1_09.mat,6109,7509017,FB-CMPSO,1500,1433,77,0,816,0.1775915,4052.19438438411,4042.45601648483,0,0,0,1,1,0,0,0,78,137,1194.06022168637,5246.25460607048,1
addition_M1_09.mat,6109,7509017,FB-CMPSO,2500,2500,77,0,1463,0.3173405,4052.19438438411,4042.45601648483,0,0,0,1,1,0,0,0,78,137,1194.06022168637,5246.25460607048,1
addition_M1_09.mat,6109,7509018,Repair,500,18,0,0,0,0.0016913,5246.25460607048,5232.51575516715,0,0,0,1,NaN,NaN,NaN,NaN,NaN,NaN,NaN,5246.25460607048,0
addition_M1_09.mat,6109,7509018,Repair,1000,18,0,0,0,0.0016913,5246.25460607048,5232.51575516715,0,0,0,1,NaN,NaN,NaN,NaN,NaN,NaN,NaN,5246.25460607048,0
addition_M1_09.mat,6109,7509018,Repair,1500,18,0,0,0,0.0016913,5246.25460607048,5232.51575516715,0,0,0,1,NaN,NaN,NaN,NaN,NaN,NaN,NaN,5246.25460607048,0
addition_M1_09.mat,6109,7509018,Repair,2500,18,0,0,0,0.0016913,5246.25460607048,5232.51575516715,0,0,0,1,NaN,NaN,NaN,NaN,NaN,NaN,NaN,5246.25460607048,0
addition_M1_09.mat,6109,7509018,WarmPSO,500,495,75,0,0,0.0518332,5246.25460607048,5232.51575516715,0,0,0,1,1,0,0,0,76,NaN,NaN,5246.25460607048,0
addition_M1_09.mat,6109,7509018,WarmPSO,1000,975,75,0,0,0.0992108,5246.25460607048,5232.51575516715,0,0,0,1,1,0,0,0,76,NaN,NaN,5246.25460607048,0
addition_M1_09.mat,6109,7509018,WarmPSO,1500,1485,75,0,0,0.1495441,5246.25460607048,5232.51575516715,0,0,0,1,1,0,0,0,76,NaN,NaN,5246.25460607048,0
addition_M1_09.mat,6109,7509018,WarmPSO,2500,2500,75,0,0,0.251657,5220.12746272417,5204.81653161462,0,0,0,1,1,0,0,0,76,NaN,NaN,5246.25460607048,1
addition_M1_09.mat,6109,7509018,AlwaysVND,500,495,75,0,240,0.0548339,4512.06887914499,4502.89818995405,0,0,0,1,1,0,0,0,76,135,734.185726925484,5246.25460607048,1
addition_M1_09.mat,6109,7509018,AlwaysVND,1000,963,75,0,528,0.1078623,4338.09909889581,4328.92840970487,0,0,0,1,1,0,0,0,76,135,908.155507174671,5246.25460607048,1
addition_M1_09.mat,6109,7509018,AlwaysVND,1500,1431,75,0,816,0.1582189,3761.87080397687,3757.75091550865,0,0,0,1,1,0,0,0,76,135,1484.38380209361,5246.25460607048,1
addition_M1_09.mat,6109,7509018,AlwaysVND,2500,2500,75,0,1465,0.2773348,3761.87080397687,3757.75091550865,0,0,0,1,1,0,0,0,76,135,1484.38380209361,5246.25460607048,1
addition_M1_09.mat,6109,7509018,FB-CMPSO,500,495,75,0,240,0.0704992,4512.06887914499,4502.89818995405,0,0,0,1,1,0,0,0,76,135,734.185726925484,5246.25460607048,1
addition_M1_09.mat,6109,7509018,FB-CMPSO,1000,963,75,0,528,0.1254046,4338.09909889581,4328.92840970487,0,0,0,1,1,0,0,0,76,135,908.155507174671,5246.25460607048,1
addition_M1_09.mat,6109,7509018,FB-CMPSO,1500,1431,75,0,816,0.1772122,3761.87080397687,3757.75091550865,0,0,0,1,1,0,0,0,76,135,1484.38380209361,5246.25460607048,1
addition_M1_09.mat,6109,7509018,FB-CMPSO,2500,2500,75,0,1465,0.3003676,3761.87080397687,3757.75091550865,0,0,0,1,1,0,0,0,76,135,1484.38380209361,5246.25460607048,1
addition_M1_09.mat,6109,7509019,Repair,500,18,0,0,0,0.0014964,5246.25460607048,5232.51575516715,0,0,0,1,NaN,NaN,NaN,NaN,NaN,NaN,NaN,5246.25460607048,0
addition_M1_09.mat,6109,7509019,Repair,1000,18,0,0,0,0.0014964,5246.25460607048,5232.51575516715,0,0,0,1,NaN,NaN,NaN,NaN,NaN,NaN,NaN,5246.25460607048,0
addition_M1_09.mat,6109,7509019,Repair,1500,18,0,0,0,0.0014964,5246.25460607048,5232.51575516715,0,0,0,1,NaN,NaN,NaN,NaN,NaN,NaN,NaN,5246.25460607048,0
addition_M1_09.mat,6109,7509019,Repair,2500,18,0,0,0,0.0014964,5246.25460607048,5232.51575516715,0,0,0,1,NaN,NaN,NaN,NaN,NaN,NaN,NaN,5246.25460607048,0
addition_M1_09.mat,6109,7509019,WarmPSO,500,497,77,0,0,0.0549948,5246.25460607048,5232.51575516715,0,0,0,1,1,0,0,0,78,NaN,NaN,5246.25460607048,0
addition_M1_09.mat,6109,7509019,WarmPSO,1000,977,77,0,0,0.1023813,5246.25460607048,5232.51575516715,0,0,0,1,1,0,0,0,78,NaN,NaN,5246.25460607048,0
addition_M1_09.mat,6109,7509019,WarmPSO,1500,1487,77,0,0,0.1589837,5246.25460607048,5232.51575516715,0,0,0,1,1,0,0,0,78,NaN,NaN,5246.25460607048,0
addition_M1_09.mat,6109,7509019,WarmPSO,2500,2500,77,0,0,0.2612615,5246.25460607048,5232.51575516715,0,0,0,1,1,0,0,0,78,NaN,NaN,5246.25460607048,0
addition_M1_09.mat,6109,7509019,AlwaysVND,500,497,77,0,240,0.0601045,4730.84423197358,4723.58421248687,0,0,0,1,1,0,0,0,78,137,515.410374096901,5246.25460607048,1
addition_M1_09.mat,6109,7509019,AlwaysVND,1000,965,77,0,528,0.1108549,4083.3986576244,4075.47930881081,0,0,0,1,1,0,0,0,78,137,1162.85594844608,5246.25460607048,1
addition_M1_09.mat,6109,7509019,AlwaysVND,1500,1433,77,0,816,0.1690142,3909.42887737522,3901.50952856162,0,0,0,1,1,0,0,0,78,137,1336.82572869526,5246.25460607048,1
addition_M1_09.mat,6109,7509019,AlwaysVND,2500,2500,77,0,1463,0.2877112,3909.42887737522,3901.50952856162,0,0,0,1,1,0,0,0,78,137,1336.82572869526,5246.25460607048,1
addition_M1_09.mat,6109,7509019,FB-CMPSO,500,497,77,0,240,0.0548227,4730.84423197358,4723.58421248687,0,0,0,1,1,0,0,0,78,137,515.410374096901,5246.25460607048,1
addition_M1_09.mat,6109,7509019,FB-CMPSO,1000,965,77,0,528,0.1076406,4083.3986576244,4075.47930881081,0,0,0,1,1,0,0,0,78,137,1162.85594844608,5246.25460607048,1
addition_M1_09.mat,6109,7509019,FB-CMPSO,1500,1433,77,0,816,0.1608399,3909.42887737522,3901.50952856162,0,0,0,1,1,0,0,0,78,137,1336.82572869526,5246.25460607048,1
addition_M1_09.mat,6109,7509019,FB-CMPSO,2500,2500,77,0,1463,0.2898085,3909.42887737522,3901.50952856162,0,0,0,1,1,0,0,0,78,137,1336.82572869526,5246.25460607048,1
addition_M1_09.mat,6109,7509020,Repair,500,18,0,0,0,0.0015471,5246.25460607048,5232.51575516715,0,0,0,1,NaN,NaN,NaN,NaN,NaN,NaN,NaN,5246.25460607048,0
addition_M1_09.mat,6109,7509020,Repair,1000,18,0,0,0,0.0015471,5246.25460607048,5232.51575516715,0,0,0,1,NaN,NaN,NaN,NaN,NaN,NaN,NaN,5246.25460607048,0
addition_M1_09.mat,6109,7509020,Repair,1500,18,0,0,0,0.0015471,5246.25460607048,5232.51575516715,0,0,0,1,NaN,NaN,NaN,NaN,NaN,NaN,NaN,5246.25460607048,0
addition_M1_09.mat,6109,7509020,Repair,2500,18,0,0,0,0.0015471,5246.25460607048,5232.51575516715,0,0,0,1,NaN,NaN,NaN,NaN,NaN,NaN,NaN,5246.25460607048,0
addition_M1_09.mat,6109,7509020,WarmPSO,500,496,76,0,0,0.0502276,5246.25460607048,5232.51575516715,0,0,0,1,1,0,0,0,77,NaN,NaN,5246.25460607048,0
addition_M1_09.mat,6109,7509020,WarmPSO,1000,976,76,0,0,0.0985983,5246.25460607048,5232.51575516715,0,0,0,1,1,0,0,0,77,NaN,NaN,5246.25460607048,0
addition_M1_09.mat,6109,7509020,WarmPSO,1500,1486,76,0,0,0.1512339,5246.25460607048,5232.51575516715,0,0,0,1,1,0,0,0,77,NaN,NaN,5246.25460607048,0
addition_M1_09.mat,6109,7509020,WarmPSO,2500,2500,76,0,0,0.2556919,5246.25460607048,5232.51575516715,0,0,0,1,1,0,0,0,77,NaN,NaN,5246.25460607048,0
addition_M1_09.mat,6109,7509020,AlwaysVND,500,496,76,0,240,0.0562552,4282.5783886416,4273.25594012211,0,0,0,1,1,0,0,0,77,136,963.676217428874,5246.25460607048,1
addition_M1_09.mat,6109,7509020,AlwaysVND,1000,964,76,0,528,0.1220891,4282.5783886416,4273.25594012211,0,0,0,1,1,0,0,0,77,136,963.676217428874,5246.25460607048,1
addition_M1_09.mat,6109,7509020,AlwaysVND,1500,1432,76,0,816,0.1822707,4244.76111208752,4239.04925382961,0,0,0,1,1,0,0,0,77,136,1001.49349398296,5246.25460607048,1
addition_M1_09.mat,6109,7509020,AlwaysVND,2500,2500,76,0,1464,0.3019558,3909.42887737522,3901.50952856162,0,0,0,1,1,0,0,0,77,136,1336.82572869526,5246.25460607048,1
addition_M1_09.mat,6109,7509020,FB-CMPSO,500,496,76,0,240,0.0552175,4282.5783886416,4273.25594012211,0,0,0,1,1,0,0,0,77,136,963.676217428874,5246.25460607048,1
addition_M1_09.mat,6109,7509020,FB-CMPSO,1000,964,76,0,528,0.1056544,4282.5783886416,4273.25594012211,0,0,0,1,1,0,0,0,77,136,963.676217428874,5246.25460607048,1
addition_M1_09.mat,6109,7509020,FB-CMPSO,1500,1432,76,0,816,0.1578764,4244.76111208752,4239.04925382961,0,0,0,1,1,0,0,0,77,136,1001.49349398296,5246.25460607048,1
addition_M1_09.mat,6109,7509020,FB-CMPSO,2500,2500,76,0,1464,0.2752702,3909.42887737522,3901.50952856162,0,0,0,1,1,0,0,0,77,136,1336.82572869526,5246.25460607048,1
addition_M1_09.mat,6109,7509021,Repair,500,18,0,0,0,0.0014086,5246.25460607048,5232.51575516715,0,0,0,1,NaN,NaN,NaN,NaN,NaN,NaN,NaN,5246.25460607048,0
addition_M1_09.mat,6109,7509021,Repair,1000,18,0,0,0,0.0014086,5246.25460607048,5232.51575516715,0,0,0,1,NaN,NaN,NaN,NaN,NaN,NaN,NaN,5246.25460607048,0
addition_M1_09.mat,6109,7509021,Repair,1500,18,0,0,0,0.0014086,5246.25460607048,5232.51575516715,0,0,0,1,NaN,NaN,NaN,NaN,NaN,NaN,NaN,5246.25460607048,0
addition_M1_09.mat,6109,7509021,Repair,2500,18,0,0,0,0.0014086,5246.25460607048,5232.51575516715,0,0,0,1,NaN,NaN,NaN,NaN,NaN,NaN,NaN,5246.25460607048,0
addition_M1_09.mat,6109,7509021,WarmPSO,500,496,76,0,0,0.0480936,5246.25460607048,5232.51575516715,0,0,0,1,1,0,0,0,77,NaN,NaN,5246.25460607048,0
addition_M1_09.mat,6109,7509021,WarmPSO,1000,976,76,0,0,0.0975605,5246.25460607048,5232.51575516715,0,0,0,1,1,0,0,0,77,NaN,NaN,5246.25460607048,0
addition_M1_09.mat,6109,7509021,WarmPSO,1500,1486,76,0,0,0.1463045,5246.25460607048,5232.51575516715,0,0,0,1,1,0,0,0,77,NaN,NaN,5246.25460607048,0
addition_M1_09.mat,6109,7509021,WarmPSO,2500,2500,76,0,0,0.2442889,5246.25460607048,5232.51575516715,0,0,0,1,1,0,0,0,77,NaN,NaN,5246.25460607048,0
addition_M1_09.mat,6109,7509021,AlwaysVND,500,496,76,0,240,0.0531615,4470.34914040388,4462.71008210255,0,0,0,1,1,0,0,0,77,136,775.905465666595,5246.25460607048,1
addition_M1_09.mat,6109,7509021,AlwaysVND,1000,964,76,0,528,0.1041084,4227.68866321009,4221.47847518891,0,0,0,1,1,0,0,0,77,136,1018.56594286039,5246.25460607048,1
addition_M1_09.mat,6109,7509021,AlwaysVND,1500,1432,76,0,816,0.162237,4227.68866321009,4221.47847518891,0,0,0,1,1,0,0,0,77,136,1018.56594286039,5246.25460607048,1
addition_M1_09.mat,6109,7509021,AlwaysVND,2500,2500,76,0,1464,0.28889,4227.68866321009,4221.47847518891,0,0,0,1,1,0,0,0,77,136,1018.56594286039,5246.25460607048,1
addition_M1_09.mat,6109,7509021,FB-CMPSO,500,496,76,0,240,0.0541494,4470.34914040388,4462.71008210255,0,0,0,1,1,0,0,0,77,136,775.905465666595,5246.25460607048,1
addition_M1_09.mat,6109,7509021,FB-CMPSO,1000,964,76,0,528,0.1074176,4227.68866321009,4221.47847518891,0,0,0,1,1,0,0,0,77,136,1018.56594286039,5246.25460607048,1
addition_M1_09.mat,6109,7509021,FB-CMPSO,1500,1432,76,0,816,0.1590591,4227.68866321009,4221.47847518891,0,0,0,1,1,0,0,0,77,136,1018.56594286039,5246.25460607048,1
addition_M1_09.mat,6109,7509021,FB-CMPSO,2500,2500,76,0,1464,0.3284629,4227.68866321009,4221.47847518891,0,0,0,1,1,0,0,0,77,136,1018.56594286039,5246.25460607048,1
addition_M1_09.mat,6109,7509022,Repair,500,18,0,0,0,0.0016616,5246.25460607048,5232.51575516715,0,0,0,1,NaN,NaN,NaN,NaN,NaN,NaN,NaN,5246.25460607048,0
addition_M1_09.mat,6109,7509022,Repair,1000,18,0,0,0,0.0016616,5246.25460607048,5232.51575516715,0,0,0,1,NaN,NaN,NaN,NaN,NaN,NaN,NaN,5246.25460607048,0
addition_M1_09.mat,6109,7509022,Repair,1500,18,0,0,0,0.0016616,5246.25460607048,5232.51575516715,0,0,0,1,NaN,NaN,NaN,NaN,NaN,NaN,NaN,5246.25460607048,0
addition_M1_09.mat,6109,7509022,Repair,2500,18,0,0,0,0.0016616,5246.25460607048,5232.51575516715,0,0,0,1,NaN,NaN,NaN,NaN,NaN,NaN,NaN,5246.25460607048,0
addition_M1_09.mat,6109,7509022,WarmPSO,500,496,76,0,0,0.0530324,5246.25460607048,5232.51575516715,0,0,0,1,1,0,0,0,77,NaN,NaN,5246.25460607048,0
addition_M1_09.mat,6109,7509022,WarmPSO,1000,976,76,0,0,0.1033548,5246.25460607048,5232.51575516715,0,0,0,1,1,0,0,0,77,NaN,NaN,5246.25460607048,0
addition_M1_09.mat,6109,7509022,WarmPSO,1500,1486,76,0,0,0.1535018,5246.25460607048,5232.51575516715,0,0,0,1,1,0,0,0,77,NaN,NaN,5246.25460607048,0
addition_M1_09.mat,6109,7509022,WarmPSO,2500,2500,76,0,0,0.2545066,5246.25460607048,5232.51575516715,0,0,0,1,1,0,0,0,77,NaN,NaN,5246.25460607048,0
addition_M1_09.mat,6109,7509022,AlwaysVND,500,496,76,0,240,0.055531,3935.84058422606,3931.72069575783,0,0,0,1,1,0,0,0,77,136,1310.41402184442,5246.25460607048,1
addition_M1_09.mat,6109,7509022,AlwaysVND,1000,964,76,0,528,0.1081924,3935.84058422606,3931.72069575783,0,0,0,1,1,0,0,0,77,136,1310.41402184442,5246.25460607048,1
addition_M1_09.mat,6109,7509022,AlwaysVND,1500,1432,76,0,816,0.1618309,3935.84058422606,3931.72069575783,0,0,0,1,1,0,0,0,77,136,1310.41402184442,5246.25460607048,1
addition_M1_09.mat,6109,7509022,AlwaysVND,2500,2500,76,0,1464,0.2890544,3761.87080397687,3757.75091550865,0,0,0,1,1,0,0,0,77,136,1484.38380209361,5246.25460607048,1
addition_M1_09.mat,6109,7509022,FB-CMPSO,500,496,76,0,240,0.0602571,3935.84058422606,3931.72069575783,0,0,0,1,1,0,0,0,77,136,1310.41402184442,5246.25460607048,1
addition_M1_09.mat,6109,7509022,FB-CMPSO,1000,964,76,0,528,0.1151349,3935.84058422606,3931.72069575783,0,0,0,1,1,0,0,0,77,136,1310.41402184442,5246.25460607048,1
addition_M1_09.mat,6109,7509022,FB-CMPSO,1500,1432,76,0,816,0.1762761,3935.84058422606,3931.72069575783,0,0,0,1,1,0,0,0,77,136,1310.41402184442,5246.25460607048,1
addition_M1_09.mat,6109,7509022,FB-CMPSO,2500,2500,76,0,1464,0.3041117,3761.87080397687,3757.75091550865,0,0,0,1,1,0,0,0,77,136,1484.38380209361,5246.25460607048,1
addition_M1_09.mat,6109,7509023,Repair,500,18,0,0,0,0.0016448,5246.25460607048,5232.51575516715,0,0,0,1,NaN,NaN,NaN,NaN,NaN,NaN,NaN,5246.25460607048,0
addition_M1_09.mat,6109,7509023,Repair,1000,18,0,0,0,0.0016448,5246.25460607048,5232.51575516715,0,0,0,1,NaN,NaN,NaN,NaN,NaN,NaN,NaN,5246.25460607048,0
addition_M1_09.mat,6109,7509023,Repair,1500,18,0,0,0,0.0016448,5246.25460607048,5232.51575516715,0,0,0,1,NaN,NaN,NaN,NaN,NaN,NaN,NaN,5246.25460607048,0
addition_M1_09.mat,6109,7509023,Repair,2500,18,0,0,0,0.0016448,5246.25460607048,5232.51575516715,0,0,0,1,NaN,NaN,NaN,NaN,NaN,NaN,NaN,5246.25460607048,0
addition_M1_09.mat,6109,7509023,WarmPSO,500,494,74,0,0,0.0499091,5246.25460607048,5232.51575516715,0,0,0,1,1,0,0,0,75,NaN,NaN,5246.25460607048,0
addition_M1_09.mat,6109,7509023,WarmPSO,1000,974,74,0,0,0.0973567,5246.25460607048,5232.51575516715,0,0,0,1,1,0,0,0,75,NaN,NaN,5246.25460607048,0
addition_M1_09.mat,6109,7509023,WarmPSO,1500,1484,74,0,0,0.1502651,5246.25460607048,5232.51575516715,0,0,0,1,1,0,0,0,75,NaN,NaN,5246.25460607048,0
addition_M1_09.mat,6109,7509023,WarmPSO,2500,2500,74,0,0,0.2567764,5246.25460607048,5232.51575516715,0,0,0,1,1,0,0,0,75,NaN,NaN,5246.25460607048,0
addition_M1_09.mat,6109,7509023,AlwaysVND,500,494,74,0,240,0.052294,4530.08371701976,4524.03861210977,0,0,0,1,1,0,0,0,75,134,716.170889050721,5246.25460607048,1
addition_M1_09.mat,6109,7509023,AlwaysVND,1000,962,74,0,528,0.105103,4356.11393677057,4350.06883186059,0,0,0,1,1,0,0,0,75,134,890.140669299907,5246.25460607048,1
addition_M1_09.mat,6109,7509023,AlwaysVND,1500,1430,74,0,816,0.1588937,3909.42887737522,3901.50952856162,0,0,0,1,1,0,0,0,75,134,1336.82572869526,5246.25460607048,1
addition_M1_09.mat,6109,7509023,AlwaysVND,2500,2500,74,0,1466,0.2776458,3909.42887737522,3901.50952856162,0,0,0,1,1,0,0,0,75,134,1336.82572869526,5246.25460607048,1
addition_M1_09.mat,6109,7509023,FB-CMPSO,500,494,74,0,240,0.0542098,4530.08371701976,4524.03861210977,0,0,0,1,1,0,0,0,75,134,716.170889050721,5246.25460607048,1
addition_M1_09.mat,6109,7509023,FB-CMPSO,1000,962,74,0,528,0.106223,4356.11393677057,4350.06883186059,0,0,0,1,1,0,0,0,75,134,890.140669299907,5246.25460607048,1
addition_M1_09.mat,6109,7509023,FB-CMPSO,1500,1430,74,0,816,0.1586461,3909.42887737522,3901.50952856162,0,0,0,1,1,0,0,0,75,134,1336.82572869526,5246.25460607048,1
addition_M1_09.mat,6109,7509023,FB-CMPSO,2500,2500,74,0,1466,0.2807324,3909.42887737522,3901.50952856162,0,0,0,1,1,0,0,0,75,134,1336.82572869526,5246.25460607048,1
addition_M1_09.mat,6109,7509024,Repair,500,18,0,0,0,0.0022851,5246.25460607048,5232.51575516715,0,0,0,1,NaN,NaN,NaN,NaN,NaN,NaN,NaN,5246.25460607048,0
addition_M1_09.mat,6109,7509024,Repair,1000,18,0,0,0,0.0022851,5246.25460607048,5232.51575516715,0,0,0,1,NaN,NaN,NaN,NaN,NaN,NaN,NaN,5246.25460607048,0
addition_M1_09.mat,6109,7509024,Repair,1500,18,0,0,0,0.0022851,5246.25460607048,5232.51575516715,0,0,0,1,NaN,NaN,NaN,NaN,NaN,NaN,NaN,5246.25460607048,0
addition_M1_09.mat,6109,7509024,Repair,2500,18,0,0,0,0.0022851,5246.25460607048,5232.51575516715,0,0,0,1,NaN,NaN,NaN,NaN,NaN,NaN,NaN,5246.25460607048,0
addition_M1_09.mat,6109,7509024,WarmPSO,500,497,77,0,0,0.0566584,5246.25460607048,5232.51575516715,0,0,0,1,1,0,0,0,78,NaN,NaN,5246.25460607048,0
addition_M1_09.mat,6109,7509024,WarmPSO,1000,977,77,0,0,0.1032361,5246.25460607048,5232.51575516715,0,0,0,1,1,0,0,0,78,NaN,NaN,5246.25460607048,0
addition_M1_09.mat,6109,7509024,WarmPSO,1500,1487,77,0,0,0.1679016,5246.25460607048,5232.51575516715,0,0,0,1,1,0,0,0,78,NaN,NaN,5246.25460607048,0
addition_M1_09.mat,6109,7509024,WarmPSO,2500,2500,77,0,0,0.2975348,5246.25460607048,5232.51575516715,0,0,0,1,1,0,0,0,78,NaN,NaN,5246.25460607048,0
addition_M1_09.mat,6109,7509024,AlwaysVND,500,497,77,0,240,0.0696726,4442.7455671836,4434.59441075787,0,0,0,1,1,0,0,0,78,137,803.509038886875,5246.25460607048,1
addition_M1_09.mat,6109,7509024,AlwaysVND,1000,965,77,0,528,0.1425094,4257.02686519342,4254.92518631212,0,0,0,1,1,0,0,0,78,137,989.227740877062,5246.25460607048,1
addition_M1_09.mat,6109,7509024,AlwaysVND,1500,1433,77,0,816,0.2059515,4083.3986576244,4075.47930881081,0,0,0,1,1,0,0,0,78,137,1162.85594844608,5246.25460607048,1
addition_M1_09.mat,6109,7509024,AlwaysVND,2500,2500,77,0,1463,0.353001,4052.19438438411,4042.45601648483,0,0,0,1,1,0,0,0,78,137,1194.06022168637,5246.25460607048,1
addition_M1_09.mat,6109,7509024,FB-CMPSO,500,497,77,0,240,0.073835,4442.7455671836,4434.59441075787,0,0,0,1,1,0,0,0,78,137,803.509038886875,5246.25460607048,1
addition_M1_09.mat,6109,7509024,FB-CMPSO,1000,965,77,0,528,0.1399974,4257.02686519342,4254.92518631212,0,0,0,1,1,0,0,0,78,137,989.227740877062,5246.25460607048,1
addition_M1_09.mat,6109,7509024,FB-CMPSO,1500,1433,77,0,816,0.1895053,4083.3986576244,4075.47930881081,0,0,0,1,1,0,0,0,78,137,1162.85594844608,5246.25460607048,1
addition_M1_09.mat,6109,7509024,FB-CMPSO,2500,2500,77,0,1463,0.3147803,4052.19438438411,4042.45601648483,0,0,0,1,1,0,0,0,78,137,1194.06022168637,5246.25460607048,1
addition_M1_09.mat,6109,7509025,Repair,500,18,0,0,0,0.0016807,5246.25460607048,5232.51575516715,0,0,0,1,NaN,NaN,NaN,NaN,NaN,NaN,NaN,5246.25460607048,0
addition_M1_09.mat,6109,7509025,Repair,1000,18,0,0,0,0.0016807,5246.25460607048,5232.51575516715,0,0,0,1,NaN,NaN,NaN,NaN,NaN,NaN,NaN,5246.25460607048,0
addition_M1_09.mat,6109,7509025,Repair,1500,18,0,0,0,0.0016807,5246.25460607048,5232.51575516715,0,0,0,1,NaN,NaN,NaN,NaN,NaN,NaN,NaN,5246.25460607048,0
addition_M1_09.mat,6109,7509025,Repair,2500,18,0,0,0,0.0016807,5246.25460607048,5232.51575516715,0,0,0,1,NaN,NaN,NaN,NaN,NaN,NaN,NaN,5246.25460607048,0
addition_M1_09.mat,6109,7509025,WarmPSO,500,497,77,0,0,0.050675,5220.12746272417,5204.81653161462,0,0,0,1,1,0,0,0,78,NaN,NaN,5246.25460607048,1
addition_M1_09.mat,6109,7509025,WarmPSO,1000,977,77,0,0,0.0994193,5220.12746272417,5204.81653161462,0,0,0,1,1,0,0,0,78,NaN,NaN,5246.25460607048,1
addition_M1_09.mat,6109,7509025,WarmPSO,1500,1487,77,0,0,0.1478547,5220.12746272417,5204.81653161462,0,0,0,1,1,0,0,0,78,NaN,NaN,5246.25460607048,1
addition_M1_09.mat,6109,7509025,WarmPSO,2500,2500,77,0,0,0.2517085,5220.12746272417,5204.81653161462,0,0,0,1,1,0,0,0,78,NaN,NaN,5246.25460607048,1
addition_M1_09.mat,6109,7509025,AlwaysVND,500,497,77,0,240,0.0564826,4338.21278027837,4334.24425782048,0,0,0,1,1,0,0,0,78,137,908.041825792109,5246.25460607048,1
addition_M1_09.mat,6109,7509025,AlwaysVND,1000,965,77,0,528,0.1088315,3935.84058422606,3931.72069575783,0,0,0,1,1,0,0,0,78,137,1310.41402184442,5246.25460607048,1
addition_M1_09.mat,6109,7509025,AlwaysVND,1500,1433,77,0,816,0.1630052,3935.84058422606,3931.72069575783,0,0,0,1,1,0,0,0,78,137,1310.41402184442,5246.25460607048,1
addition_M1_09.mat,6109,7509025,AlwaysVND,2500,2500,77,0,1463,0.2845626,3761.87080397687,3757.75091550865,0,0,0,1,1,0,0,0,78,137,1484.38380209361,5246.25460607048,1
addition_M1_09.mat,6109,7509025,FB-CMPSO,500,497,77,0,240,0.0522839,4338.21278027837,4334.24425782048,0,0,0,1,1,0,0,0,78,137,908.041825792109,5246.25460607048,1
addition_M1_09.mat,6109,7509025,FB-CMPSO,1000,965,77,0,528,0.1053866,3935.84058422606,3931.72069575783,0,0,0,1,1,0,0,0,78,137,1310.41402184442,5246.25460607048,1
addition_M1_09.mat,6109,7509025,FB-CMPSO,1500,1433,77,0,816,0.1634069,3935.84058422606,3931.72069575783,0,0,0,1,1,0,0,0,78,137,1310.41402184442,5246.25460607048,1
addition_M1_09.mat,6109,7509025,FB-CMPSO,2500,2500,77,0,1463,0.2821032,3761.87080397687,3757.75091550865,0,0,0,1,1,0,0,0,78,137,1484.38380209361,5246.25460607048,1
addition_M1_09.mat,6109,7509026,Repair,500,18,0,0,0,0.0022119,5246.25460607048,5232.51575516715,0,0,0,1,NaN,NaN,NaN,NaN,NaN,NaN,NaN,5246.25460607048,0
addition_M1_09.mat,6109,7509026,Repair,1000,18,0,0,0,0.0022119,5246.25460607048,5232.51575516715,0,0,0,1,NaN,NaN,NaN,NaN,NaN,NaN,NaN,5246.25460607048,0
addition_M1_09.mat,6109,7509026,Repair,1500,18,0,0,0,0.0022119,5246.25460607048,5232.51575516715,0,0,0,1,NaN,NaN,NaN,NaN,NaN,NaN,NaN,5246.25460607048,0
addition_M1_09.mat,6109,7509026,Repair,2500,18,0,0,0,0.0022119,5246.25460607048,5232.51575516715,0,0,0,1,NaN,NaN,NaN,NaN,NaN,NaN,NaN,5246.25460607048,0
addition_M1_09.mat,6109,7509026,WarmPSO,500,497,77,0,0,0.0512208,5246.25460607048,5232.51575516715,0,0,0,1,1,0,0,0,78,NaN,NaN,5246.25460607048,0
addition_M1_09.mat,6109,7509026,WarmPSO,1000,977,77,0,0,0.097991,5246.25460607048,5232.51575516715,0,0,0,1,1,0,0,0,78,NaN,NaN,5246.25460607048,0
addition_M1_09.mat,6109,7509026,WarmPSO,1500,1487,77,0,0,0.150488,5246.25460607048,5232.51575516715,0,0,0,1,1,0,0,0,78,NaN,NaN,5246.25460607048,0
addition_M1_09.mat,6109,7509026,WarmPSO,2500,2500,77,0,0,0.2555361,5246.25460607048,5232.51575516715,0,0,0,1,1,0,0,0,78,NaN,NaN,5246.25460607048,0
addition_M1_09.mat,6109,7509026,AlwaysVND,500,497,77,0,240,0.0556073,5025.32252964959,5014.97252057341,0,0,0,1,1,0,0,0,78,137,220.932076420891,5246.25460607048,1
addition_M1_09.mat,6109,7509026,AlwaysVND,1000,965,77,0,528,0.1068515,4419.1012852396,4406.48641350504,0,0,0,1,1,0,0,0,78,137,827.153320830877,5246.25460607048,1
addition_M1_09.mat,6109,7509026,AlwaysVND,1500,1433,77,0,816,0.1574596,4312.05175602667,4300.13361210666,0,0,0,1,1,0,0,0,78,137,934.202850043808,5246.25460607048,1
addition_M1_09.mat,6109,7509026,AlwaysVND,2500,2500,77,0,1463,0.2732946,4052.19438438411,4042.45601648483,0,0,0,1,1,0,0,0,78,137,1194.06022168637,5246.25460607048,1
addition_M1_09.mat,6109,7509026,FB-CMPSO,500,497,77,0,240,0.0552562,5025.32252964959,5014.97252057341,0,0,0,1,1,0,0,0,78,137,220.932076420891,5246.25460607048,1
addition_M1_09.mat,6109,7509026,FB-CMPSO,1000,965,77,0,528,0.1096319,4419.1012852396,4406.48641350504,0,0,0,1,1,0,0,0,78,137,827.153320830877,5246.25460607048,1
addition_M1_09.mat,6109,7509026,FB-CMPSO,1500,1433,77,0,816,0.1609454,4312.05175602667,4300.13361210666,0,0,0,1,1,0,0,0,78,137,934.202850043808,5246.25460607048,1
addition_M1_09.mat,6109,7509026,FB-CMPSO,2500,2500,77,0,1463,0.2795172,4052.19438438411,4042.45601648483,0,0,0,1,1,0,0,0,78,137,1194.06022168637,5246.25460607048,1
addition_M1_09.mat,6109,7509027,Repair,500,18,0,0,0,0.0016237,5246.25460607048,5232.51575516715,0,0,0,1,NaN,NaN,NaN,NaN,NaN,NaN,NaN,5246.25460607048,0
addition_M1_09.mat,6109,7509027,Repair,1000,18,0,0,0,0.0016237,5246.25460607048,5232.51575516715,0,0,0,1,NaN,NaN,NaN,NaN,NaN,NaN,NaN,5246.25460607048,0
addition_M1_09.mat,6109,7509027,Repair,1500,18,0,0,0,0.0016237,5246.25460607048,5232.51575516715,0,0,0,1,NaN,NaN,NaN,NaN,NaN,NaN,NaN,5246.25460607048,0
addition_M1_09.mat,6109,7509027,Repair,2500,18,0,0,0,0.0016237,5246.25460607048,5232.51575516715,0,0,0,1,NaN,NaN,NaN,NaN,NaN,NaN,NaN,5246.25460607048,0
addition_M1_09.mat,6109,7509027,WarmPSO,500,495,75,0,0,0.0504278,5246.25460607048,5232.51575516715,0,0,0,1,1,0,0,0,76,NaN,NaN,5246.25460607048,0
addition_M1_09.mat,6109,7509027,WarmPSO,1000,975,75,0,0,0.1189398,5246.25460607048,5232.51575516715,0,0,0,1,1,0,0,0,76,NaN,NaN,5246.25460607048,0
addition_M1_09.mat,6109,7509027,WarmPSO,1500,1485,75,0,0,0.1865572,5246.25460607048,5232.51575516715,0,0,0,1,1,0,0,0,76,NaN,NaN,5246.25460607048,0
addition_M1_09.mat,6109,7509027,WarmPSO,2500,2500,75,0,0,0.3042027,5246.25460607048,5232.51575516715,0,0,0,1,1,0,0,0,76,NaN,NaN,5246.25460607048,0
addition_M1_09.mat,6109,7509027,AlwaysVND,500,495,75,0,240,0.0559573,4701.88172793577,4694.22853956025,0,0,0,1,1,0,0,0,76,135,544.372878134706,5246.25460607048,1
addition_M1_09.mat,6109,7509027,AlwaysVND,1000,963,75,0,528,0.1147538,4083.3986576244,4075.47930881081,0,0,0,1,1,0,0,0,76,135,1162.85594844608,5246.25460607048,1
addition_M1_09.mat,6109,7509027,AlwaysVND,1500,1431,75,0,816,0.1730251,4052.19438438411,4042.45601648483,0,0,0,1,1,0,0,0,76,135,1194.06022168637,5246.25460607048,1
addition_M1_09.mat,6109,7509027,AlwaysVND,2500,2500,75,0,1465,0.2960799,4052.19438438411,4042.45601648483,0,0,0,1,1,0,0,0,76,135,1194.06022168637,5246.25460607048,1
addition_M1_09.mat,6109,7509027,FB-CMPSO,500,495,75,0,240,0.0574926,4701.88172793577,4694.22853956025,0,0,0,1,1,0,0,0,76,135,544.372878134706,5246.25460607048,1
addition_M1_09.mat,6109,7509027,FB-CMPSO,1000,963,75,0,528,0.1096911,4083.3986576244,4075.47930881081,0,0,0,1,1,0,0,0,76,135,1162.85594844608,5246.25460607048,1
addition_M1_09.mat,6109,7509027,FB-CMPSO,1500,1431,75,0,816,0.1865904,4052.19438438411,4042.45601648483,0,0,0,1,1,0,0,0,76,135,1194.06022168637,5246.25460607048,1
addition_M1_09.mat,6109,7509027,FB-CMPSO,2500,2500,75,0,1465,0.3196198,4052.19438438411,4042.45601648483,0,0,0,1,1,0,0,0,76,135,1194.06022168637,5246.25460607048,1
addition_M1_09.mat,6109,7509028,Repair,500,18,0,0,0,0.0017611,5246.25460607048,5232.51575516715,0,0,0,1,NaN,NaN,NaN,NaN,NaN,NaN,NaN,5246.25460607048,0
addition_M1_09.mat,6109,7509028,Repair,1000,18,0,0,0,0.0017611,5246.25460607048,5232.51575516715,0,0,0,1,NaN,NaN,NaN,NaN,NaN,NaN,NaN,5246.25460607048,0
addition_M1_09.mat,6109,7509028,Repair,1500,18,0,0,0,0.0017611,5246.25460607048,5232.51575516715,0,0,0,1,NaN,NaN,NaN,NaN,NaN,NaN,NaN,5246.25460607048,0
addition_M1_09.mat,6109,7509028,Repair,2500,18,0,0,0,0.0017611,5246.25460607048,5232.51575516715,0,0,0,1,NaN,NaN,NaN,NaN,NaN,NaN,NaN,5246.25460607048,0
addition_M1_09.mat,6109,7509028,WarmPSO,500,496,76,0,0,0.057044,5246.25460607048,5232.51575516715,0,0,0,1,1,0,0,0,77,NaN,NaN,5246.25460607048,0
addition_M1_09.mat,6109,7509028,WarmPSO,1000,976,76,0,0,0.1181934,5246.25460607048,5232.51575516715,0,0,0,1,1,0,0,0,77,NaN,NaN,5246.25460607048,0
addition_M1_09.mat,6109,7509028,WarmPSO,1500,1486,76,0,0,0.1830762,5246.25460607048,5232.51575516715,0,0,0,1,1,0,0,0,77,NaN,NaN,5246.25460607048,0
addition_M1_09.mat,6109,7509028,WarmPSO,2500,2500,76,0,0,0.3214757,5246.25460607048,5232.51575516715,0,0,0,1,1,0,0,0,77,NaN,NaN,5246.25460607048,0
addition_M1_09.mat,6109,7509028,AlwaysVND,500,496,76,0,240,0.0547264,4275.19673253792,4267.92463138863,0,0,0,1,1,0,0,0,77,136,971.057873532557,5246.25460607048,1
addition_M1_09.mat,6109,7509028,AlwaysVND,1000,964,76,0,528,0.1082542,4083.3986576244,4075.47930881081,0,0,0,1,1,0,0,0,77,136,1162.85594844608,5246.25460607048,1
addition_M1_09.mat,6109,7509028,AlwaysVND,1500,1432,76,0,816,0.165658,3909.42887737522,3901.50952856162,0,0,0,1,1,0,0,0,77,136,1336.82572869526,5246.25460607048,1
addition_M1_09.mat,6109,7509028,AlwaysVND,2500,2500,76,0,1464,0.294258,3909.42887737522,3901.50952856162,0,0,0,1,1,0,0,0,77,136,1336.82572869526,5246.25460607048,1
addition_M1_09.mat,6109,7509028,FB-CMPSO,500,496,76,0,240,0.0529442,4275.19673253792,4267.92463138863,0,0,0,1,1,0,0,0,77,136,971.057873532557,5246.25460607048,1
addition_M1_09.mat,6109,7509028,FB-CMPSO,1000,964,76,0,528,0.104079,4083.3986576244,4075.47930881081,0,0,0,1,1,0,0,0,77,136,1162.85594844608,5246.25460607048,1
addition_M1_09.mat,6109,7509028,FB-CMPSO,1500,1432,76,0,816,0.1567806,3909.42887737522,3901.50952856162,0,0,0,1,1,0,0,0,77,136,1336.82572869526,5246.25460607048,1
addition_M1_09.mat,6109,7509028,FB-CMPSO,2500,2500,76,0,1464,0.2759894,3909.42887737522,3901.50952856162,0,0,0,1,1,0,0,0,77,136,1336.82572869526,5246.25460607048,1
addition_M1_09.mat,6109,7509029,Repair,500,18,0,0,0,0.0016353,5246.25460607048,5232.51575516715,0,0,0,1,NaN,NaN,NaN,NaN,NaN,NaN,NaN,5246.25460607048,0
addition_M1_09.mat,6109,7509029,Repair,1000,18,0,0,0,0.0016353,5246.25460607048,5232.51575516715,0,0,0,1,NaN,NaN,NaN,NaN,NaN,NaN,NaN,5246.25460607048,0
addition_M1_09.mat,6109,7509029,Repair,1500,18,0,0,0,0.0016353,5246.25460607048,5232.51575516715,0,0,0,1,NaN,NaN,NaN,NaN,NaN,NaN,NaN,5246.25460607048,0
addition_M1_09.mat,6109,7509029,Repair,2500,18,0,0,0,0.0016353,5246.25460607048,5232.51575516715,0,0,0,1,NaN,NaN,NaN,NaN,NaN,NaN,NaN,5246.25460607048,0
addition_M1_09.mat,6109,7509029,WarmPSO,500,496,76,0,0,0.0503491,5246.25460607048,5232.51575516715,0,0,0,1,1,0,0,0,77,NaN,NaN,5246.25460607048,0
addition_M1_09.mat,6109,7509029,WarmPSO,1000,976,76,0,0,0.098343,5246.25460607048,5232.51575516715,0,0,0,1,1,0,0,0,77,NaN,NaN,5246.25460607048,0
addition_M1_09.mat,6109,7509029,WarmPSO,1500,1486,76,0,0,0.1474632,5246.25460607048,5232.51575516715,0,0,0,1,1,0,0,0,77,NaN,NaN,5246.25460607048,0
addition_M1_09.mat,6109,7509029,WarmPSO,2500,2500,76,0,0,0.2469832,5246.25460607048,5232.51575516715,0,0,0,1,1,0,0,0,77,NaN,NaN,5246.25460607048,0
addition_M1_09.mat,6109,7509029,AlwaysVND,500,496,76,0,240,0.0539029,4312.05175602667,4300.13361210666,0,0,0,1,1,0,0,0,77,136,934.202850043808,5246.25460607048,1
addition_M1_09.mat,6109,7509029,AlwaysVND,1000,964,76,0,528,0.1058758,4052.19438438411,4042.45601648483,0,0,0,1,1,0,0,0,77,136,1194.06022168637,5246.25460607048,1
addition_M1_09.mat,6109,7509029,AlwaysVND,1500,1432,76,0,816,0.1580642,4052.19438438411,4042.45601648483,0,0,0,1,1,0,0,0,77,136,1194.06022168637,5246.25460607048,1
addition_M1_09.mat,6109,7509029,AlwaysVND,2500,2500,76,0,1464,0.2867819,4052.19438438411,4042.45601648483,0,0,0,1,1,0,0,0,77,136,1194.06022168637,5246.25460607048,1
addition_M1_09.mat,6109,7509029,FB-CMPSO,500,496,76,0,240,0.0609827,4312.05175602667,4300.13361210666,0,0,0,1,1,0,0,0,77,136,934.202850043808,5246.25460607048,1
addition_M1_09.mat,6109,7509029,FB-CMPSO,1000,964,76,0,528,0.116114,4052.19438438411,4042.45601648483,0,0,0,1,1,0,0,0,77,136,1194.06022168637,5246.25460607048,1
addition_M1_09.mat,6109,7509029,FB-CMPSO,1500,1432,76,0,816,0.1831868,4052.19438438411,4042.45601648483,0,0,0,1,1,0,0,0,77,136,1194.06022168637,5246.25460607048,1
addition_M1_09.mat,6109,7509029,FB-CMPSO,2500,2500,76,0,1464,0.339995,4052.19438438411,4042.45601648483,0,0,0,1,1,0,0,0,77,136,1194.06022168637,5246.25460607048,1
addition_M1_09.mat,6109,7509030,Repair,500,18,0,0,0,0.0021939,5246.25460607048,5232.51575516715,0,0,0,1,NaN,NaN,NaN,NaN,NaN,NaN,NaN,5246.25460607048,0
addition_M1_09.mat,6109,7509030,Repair,1000,18,0,0,0,0.0021939,5246.25460607048,5232.51575516715,0,0,0,1,NaN,NaN,NaN,NaN,NaN,NaN,NaN,5246.25460607048,0
addition_M1_09.mat,6109,7509030,Repair,1500,18,0,0,0,0.0021939,5246.25460607048,5232.51575516715,0,0,0,1,NaN,NaN,NaN,NaN,NaN,NaN,NaN,5246.25460607048,0
addition_M1_09.mat,6109,7509030,Repair,2500,18,0,0,0,0.0021939,5246.25460607048,5232.51575516715,0,0,0,1,NaN,NaN,NaN,NaN,NaN,NaN,NaN,5246.25460607048,0
addition_M1_09.mat,6109,7509030,WarmPSO,500,497,77,0,0,0.0648856,5246.25460607048,5232.51575516715,0,0,0,1,1,0,0,0,78,NaN,NaN,5246.25460607048,0
addition_M1_09.mat,6109,7509030,WarmPSO,1000,977,77,0,0,0.1250217,5246.25460607048,5232.51575516715,0,0,0,1,1,0,0,0,78,NaN,NaN,5246.25460607048,0
addition_M1_09.mat,6109,7509030,WarmPSO,1500,1487,77,0,0,0.1909181,5246.25460607048,5232.51575516715,0,0,0,1,1,0,0,0,78,NaN,NaN,5246.25460607048,0
addition_M1_09.mat,6109,7509030,WarmPSO,2500,2500,77,0,0,0.3113692,5246.25460607048,5232.51575516715,0,0,0,1,1,0,0,0,78,NaN,NaN,5246.25460607048,0
addition_M1_09.mat,6109,7509030,AlwaysVND,500,497,77,0,240,0.0563126,4573.52061658734,4561.19379763389,0,0,0,1,1,0,0,0,78,137,672.733989483138,5246.25460607048,1
addition_M1_09.mat,6109,7509030,AlwaysVND,1000,965,77,0,528,0.1105765,4169.28624901777,4159.18712418345,0,0,0,1,1,0,0,0,78,137,1076.9683570527,5246.25460607048,1
addition_M1_09.mat,6109,7509030,AlwaysVND,1500,1433,77,0,816,0.1623392,3909.42887737522,3901.50952856162,0,0,0,1,1,0,0,0,78,137,1336.82572869526,5246.25460607048,1
addition_M1_09.mat,6109,7509030,AlwaysVND,2500,2500,77,0,1463,0.2811915,3909.42887737522,3901.50952856162,0,0,0,1,1,0,0,0,78,137,1336.82572869526,5246.25460607048,1
addition_M1_09.mat,6109,7509030,FB-CMPSO,500,497,77,0,240,0.0573046,4573.52061658734,4561.19379763389,0,0,0,1,1,0,0,0,78,137,672.733989483138,5246.25460607048,1
addition_M1_09.mat,6109,7509030,FB-CMPSO,1000,965,77,0,528,0.1127358,4169.28624901777,4159.18712418345,0,0,0,1,1,0,0,0,78,137,1076.9683570527,5246.25460607048,1
addition_M1_09.mat,6109,7509030,FB-CMPSO,1500,1433,77,0,816,0.1685641,3909.42887737522,3901.50952856162,0,0,0,1,1,0,0,0,78,137,1336.82572869526,5246.25460607048,1
addition_M1_09.mat,6109,7509030,FB-CMPSO,2500,2500,77,0,1463,0.2962933,3909.42887737522,3901.50952856162,0,0,0,1,1,0,0,0,78,137,1336.82572869526,5246.25460607048,1
addition_M1_10.mat,6110,7510001,Repair,500,18,0,0,0,0.0019398,5297.31259439132,5281.6813197188,0,0,0,1,NaN,NaN,NaN,NaN,NaN,NaN,NaN,5297.31259439132,0
addition_M1_10.mat,6110,7510001,Repair,1000,18,0,0,0,0.0019398,5297.31259439132,5281.6813197188,0,0,0,1,NaN,NaN,NaN,NaN,NaN,NaN,NaN,5297.31259439132,0
addition_M1_10.mat,6110,7510001,Repair,1500,18,0,0,0,0.0019398,5297.31259439132,5281.6813197188,0,0,0,1,NaN,NaN,NaN,NaN,NaN,NaN,NaN,5297.31259439132,0
addition_M1_10.mat,6110,7510001,Repair,2500,18,0,0,0,0.0019398,5297.31259439132,5281.6813197188,0,0,0,1,NaN,NaN,NaN,NaN,NaN,NaN,NaN,5297.31259439132,0
addition_M1_10.mat,6110,7510001,WarmPSO,500,495,75,0,0,0.0515152,5297.31259439132,5281.6813197188,0,0,0,1,1,0,0,0,76,NaN,NaN,5297.31259439132,0
addition_M1_10.mat,6110,7510001,WarmPSO,1000,975,75,0,0,0.1084317,5297.31259439132,5281.6813197188,0,0,0,1,1,0,0,0,76,NaN,NaN,5297.31259439132,0
addition_M1_10.mat,6110,7510001,WarmPSO,1500,1485,75,0,0,0.1578817,5297.31259439132,5281.6813197188,0,0,0,1,1,0,0,0,76,NaN,NaN,5297.31259439132,0
addition_M1_10.mat,6110,7510001,WarmPSO,2500,2500,75,0,0,0.2555049,5297.31259439132,5281.6813197188,0,0,0,1,1,0,0,0,76,NaN,NaN,5297.31259439132,0
addition_M1_10.mat,6110,7510001,AlwaysVND,500,495,75,0,240,0.0542006,4420.01745499204,4409.46073423526,0,0,0,1,1,0,0,0,76,135,877.295139399285,5297.31259439132,1
addition_M1_10.mat,6110,7510001,AlwaysVND,1000,963,75,0,528,0.1039734,3847.87553331538,3840.23682185682,0,0,0,1,1,0,0,0,76,135,1449.43706107594,5297.31259439132,1
addition_M1_10.mat,6110,7510001,AlwaysVND,1500,1431,75,0,816,0.1560452,3847.87553331538,3840.23682185682,0,0,0,1,1,0,0,0,76,135,1449.43706107594,5297.31259439132,1
addition_M1_10.mat,6110,7510001,AlwaysVND,2500,2500,75,0,1465,0.2754027,3847.87553331538,3840.23682185682,0,0,0,1,1,0,0,0,76,135,1449.43706107594,5297.31259439132,1
addition_M1_10.mat,6110,7510001,FB-CMPSO,500,495,75,0,240,0.052938,4420.01745499204,4409.46073423526,0,0,0,1,1,0,0,0,76,135,877.295139399285,5297.31259439132,1
addition_M1_10.mat,6110,7510001,FB-CMPSO,1000,963,75,0,528,0.1028342,3847.87553331538,3840.23682185682,0,0,0,1,1,0,0,0,76,135,1449.43706107594,5297.31259439132,1
addition_M1_10.mat,6110,7510001,FB-CMPSO,1500,1431,75,0,816,0.1556087,3847.87553331538,3840.23682185682,0,0,0,1,1,0,0,0,76,135,1449.43706107594,5297.31259439132,1
addition_M1_10.mat,6110,7510001,FB-CMPSO,2500,2500,75,0,1465,0.2858044,3847.87553331538,3840.23682185682,0,0,0,1,1,0,0,0,76,135,1449.43706107594,5297.31259439132,1
addition_M1_10.mat,6110,7510002,Repair,500,18,0,0,0,0.0019634,5297.31259439132,5281.6813197188,0,0,0,1,NaN,NaN,NaN,NaN,NaN,NaN,NaN,5297.31259439132,0
addition_M1_10.mat,6110,7510002,Repair,1000,18,0,0,0,0.0019634,5297.31259439132,5281.6813197188,0,0,0,1,NaN,NaN,NaN,NaN,NaN,NaN,NaN,5297.31259439132,0
addition_M1_10.mat,6110,7510002,Repair,1500,18,0,0,0,0.0019634,5297.31259439132,5281.6813197188,0,0,0,1,NaN,NaN,NaN,NaN,NaN,NaN,NaN,5297.31259439132,0
addition_M1_10.mat,6110,7510002,Repair,2500,18,0,0,0,0.0019634,5297.31259439132,5281.6813197188,0,0,0,1,NaN,NaN,NaN,NaN,NaN,NaN,NaN,5297.31259439132,0
addition_M1_10.mat,6110,7510002,WarmPSO,500,496,76,0,0,0.0552326,5297.31259439132,5281.6813197188,0,0,0,1,1,0,0,0,77,NaN,NaN,5297.31259439132,0
addition_M1_10.mat,6110,7510002,WarmPSO,1000,976,76,0,0,0.1033058,5297.31259439132,5281.6813197188,0,0,0,1,1,0,0,0,77,NaN,NaN,5297.31259439132,0
addition_M1_10.mat,6110,7510002,WarmPSO,1500,1486,76,0,0,0.1563628,5297.31259439132,5281.6813197188,0,0,0,1,1,0,0,0,77,NaN,NaN,5297.31259439132,0
addition_M1_10.mat,6110,7510002,WarmPSO,2500,2500,76,0,0,0.2560731,5297.31259439132,5281.6813197188,0,0,0,1,1,0,0,0,77,NaN,NaN,5297.31259439132,0
addition_M1_10.mat,6110,7510002,AlwaysVND,500,496,76,0,240,0.0553843,4301.65800690517,4291.00356897848,0,0,0,1,1,0,0,0,77,136,995.654587486154,5297.31259439132,1
addition_M1_10.mat,6110,7510002,AlwaysVND,1000,964,76,0,528,0.1062419,4134.45664594525,4124.64487336246,0,0,0,1,1,0,0,0,77,136,1162.85594844607,5297.31259439132,1
addition_M1_10.mat,6110,7510002,AlwaysVND,1500,1432,76,0,816,0.1571473,4103.25237270496,4091.62158103648,0,0,0,1,1,0,0,0,77,136,1194.06022168636,5297.31259439132,1
addition_M1_10.mat,6110,7510002,AlwaysVND,2500,2500,76,0,1464,0.2785636,4103.25237270496,4091.62158103648,0,0,0,1,1,0,0,0,77,136,1194.06022168636,5297.31259439132,1
addition_M1_10.mat,6110,7510002,FB-CMPSO,500,496,76,0,240,0.0567857,4301.65800690517,4291.00356897848,0,0,0,1,1,0,0,0,77,136,995.654587486154,5297.31259439132,1
addition_M1_10.mat,6110,7510002,FB-CMPSO,1000,964,76,0,528,0.1137694,4134.45664594525,4124.64487336246,0,0,0,1,1,0,0,0,77,136,1162.85594844607,5297.31259439132,1
addition_M1_10.mat,6110,7510002,FB-CMPSO,1500,1432,76,0,816,0.1665582,4103.25237270496,4091.62158103648,0,0,0,1,1,0,0,0,77,136,1194.06022168636,5297.31259439132,1
addition_M1_10.mat,6110,7510002,FB-CMPSO,2500,2500,76,0,1464,0.2869994,4103.25237270496,4091.62158103648,0,0,0,1,1,0,0,0,77,136,1194.06022168636,5297.31259439132,1
addition_M1_10.mat,6110,7510003,Repair,500,18,0,0,0,0.0016772,5297.31259439132,5281.6813197188,0,0,0,1,NaN,NaN,NaN,NaN,NaN,NaN,NaN,5297.31259439132,0
addition_M1_10.mat,6110,7510003,Repair,1000,18,0,0,0,0.0016772,5297.31259439132,5281.6813197188,0,0,0,1,NaN,NaN,NaN,NaN,NaN,NaN,NaN,5297.31259439132,0
addition_M1_10.mat,6110,7510003,Repair,1500,18,0,0,0,0.0016772,5297.31259439132,5281.6813197188,0,0,0,1,NaN,NaN,NaN,NaN,NaN,NaN,NaN,5297.31259439132,0
addition_M1_10.mat,6110,7510003,Repair,2500,18,0,0,0,0.0016772,5297.31259439132,5281.6813197188,0,0,0,1,NaN,NaN,NaN,NaN,NaN,NaN,NaN,5297.31259439132,0
addition_M1_10.mat,6110,7510003,WarmPSO,500,496,76,0,0,0.0507532,5297.31259439132,5281.6813197188,0,0,0,1,1,0,0,0,77,NaN,NaN,5297.31259439132,0
addition_M1_10.mat,6110,7510003,WarmPSO,1000,976,76,0,0,0.099708,5297.31259439132,5281.6813197188,0,0,0,1,1,0,0,0,77,NaN,NaN,5297.31259439132,0
addition_M1_10.mat,6110,7510003,WarmPSO,1500,1486,76,0,0,0.1505527,5297.31259439132,5281.6813197188,0,0,0,1,1,0,0,0,77,NaN,NaN,5297.31259439132,0
addition_M1_10.mat,6110,7510003,WarmPSO,2500,2500,76,0,0,0.2559667,5297.31259439132,5281.6813197188,0,0,0,1,1,0,0,0,77,NaN,NaN,5297.31259439132,0
addition_M1_10.mat,6110,7510003,AlwaysVND,500,496,76,0,240,0.0563929,5012.37958958341,5002.43423919914,0,0,0,1,1,0,0,0,77,136,284.933004807908,5297.31259439132,1
addition_M1_10.mat,6110,7510003,AlwaysVND,1000,964,76,0,528,0.1129074,4452.71643178012,4444.61381998975,0,0,0,1,1,0,0,0,77,136,844.5961626112,5297.31259439132,1
addition_M1_10.mat,6110,7510003,AlwaysVND,1500,1432,76,0,816,0.1647355,4313.6933925486,4303.96438153708,0,0,0,1,1,0,0,0,77,136,983.619201842722,5297.31259439132,1
addition_M1_10.mat,6110,7510003,AlwaysVND,2500,2500,76,0,1464,0.286032,4313.6933925486,4303.96438153708,0,0,0,1,1,0,0,0,77,136,983.619201842722,5297.31259439132,1
addition_M1_10.mat,6110,7510003,FB-CMPSO,500,496,76,0,240,0.0533636,5012.37958958341,5002.43423919914,0,0,0,1,1,0,0,0,77,136,284.933004807908,5297.31259439132,1
addition_M1_10.mat,6110,7510003,FB-CMPSO,1000,964,76,0,528,0.1051022,4452.71643178012,4444.61381998975,0,0,0,1,1,0,0,0,77,136,844.5961626112,5297.31259439132,1
addition_M1_10.mat,6110,7510003,FB-CMPSO,1500,1432,76,0,816,0.159597,4313.6933925486,4303.96438153708,0,0,0,1,1,0,0,0,77,136,983.619201842722,5297.31259439132,1
addition_M1_10.mat,6110,7510003,FB-CMPSO,2500,2500,76,0,1464,0.2812004,4313.6933925486,4303.96438153708,0,0,0,1,1,0,0,0,77,136,983.619201842722,5297.31259439132,1
addition_M1_10.mat,6110,7510004,Repair,500,18,0,0,0,0.0029664,5297.31259439132,5281.6813197188,0,0,0,1,NaN,NaN,NaN,NaN,NaN,NaN,NaN,5297.31259439132,0
addition_M1_10.mat,6110,7510004,Repair,1000,18,0,0,0,0.0029664,5297.31259439132,5281.6813197188,0,0,0,1,NaN,NaN,NaN,NaN,NaN,NaN,NaN,5297.31259439132,0
addition_M1_10.mat,6110,7510004,Repair,1500,18,0,0,0,0.0029664,5297.31259439132,5281.6813197188,0,0,0,1,NaN,NaN,NaN,NaN,NaN,NaN,NaN,5297.31259439132,0
addition_M1_10.mat,6110,7510004,Repair,2500,18,0,0,0,0.0029664,5297.31259439132,5281.6813197188,0,0,0,1,NaN,NaN,NaN,NaN,NaN,NaN,NaN,5297.31259439132,0
addition_M1_10.mat,6110,7510004,WarmPSO,500,494,74,0,0,0.0613673,5297.31259439132,5281.6813197188,0,0,0,1,1,0,0,0,75,NaN,NaN,5297.31259439132,0
addition_M1_10.mat,6110,7510004,WarmPSO,1000,974,74,0,0,0.1090146,5297.31259439132,5281.6813197188,0,0,0,1,1,0,0,0,75,NaN,NaN,5297.31259439132,0
addition_M1_10.mat,6110,7510004,WarmPSO,1500,1484,74,0,0,0.159777,5297.31259439132,5281.6813197188,0,0,0,1,1,0,0,0,75,NaN,NaN,5297.31259439132,0
addition_M1_10.mat,6110,7510004,WarmPSO,2500,2500,74,0,0,0.2653454,5297.31259439132,5281.6813197188,0,0,0,1,1,0,0,0,75,NaN,NaN,5297.31259439132,0
addition_M1_10.mat,6110,7510004,AlwaysVND,500,494,74,0,240,0.0542883,4735.43999756594,4726.41750209163,0,0,0,1,1,0,0,0,75,134,561.872596825386,5297.31259439132,1
addition_M1_10.mat,6110,7510004,AlwaysVND,1000,962,74,0,528,0.1075233,3986.8985725469,3980.88626030949,0,0,0,1,1,0,0,0,75,134,1310.41402184442,5297.31259439132,1
addition_M1_10.mat,6110,7510004,AlwaysVND,1500,1430,74,0,816,0.1663409,3986.8985725469,3980.88626030949,0,0,0,1,1,0,0,0,75,134,1310.41402184442,5297.31259439132,1
addition_M1_10.mat,6110,7510004,AlwaysVND,2500,2500,74,0,1466,0.2940764,3847.87553331538,3840.23682185682,0,0,0,1,1,0,0,0,75,134,1449.43706107594,5297.31259439132,1
addition_M1_10.mat,6110,7510004,FB-CMPSO,500,494,74,0,240,0.0535896,4735.43999756594,4726.41750209163,0,0,0,1,1,0,0,0,75,134,561.872596825386,5297.31259439132,1
addition_M1_10.mat,6110,7510004,FB-CMPSO,1000,962,74,0,528,0.1036517,3986.8985725469,3980.88626030949,0,0,0,1,1,0,0,0,75,134,1310.41402184442,5297.31259439132,1
addition_M1_10.mat,6110,7510004,FB-CMPSO,1500,1430,74,0,816,0.154565,3986.8985725469,3980.88626030949,0,0,0,1,1,0,0,0,75,134,1310.41402184442,5297.31259439132,1
addition_M1_10.mat,6110,7510004,FB-CMPSO,2500,2500,74,0,1466,0.2738183,3847.87553331538,3840.23682185682,0,0,0,1,1,0,0,0,75,134,1449.43706107594,5297.31259439132,1
addition_M1_10.mat,6110,7510005,Repair,500,18,0,0,0,0.0030083,5297.31259439132,5281.6813197188,0,0,0,1,NaN,NaN,NaN,NaN,NaN,NaN,NaN,5297.31259439132,0
addition_M1_10.mat,6110,7510005,Repair,1000,18,0,0,0,0.0030083,5297.31259439132,5281.6813197188,0,0,0,1,NaN,NaN,NaN,NaN,NaN,NaN,NaN,5297.31259439132,0
addition_M1_10.mat,6110,7510005,Repair,1500,18,0,0,0,0.0030083,5297.31259439132,5281.6813197188,0,0,0,1,NaN,NaN,NaN,NaN,NaN,NaN,NaN,5297.31259439132,0
addition_M1_10.mat,6110,7510005,Repair,2500,18,0,0,0,0.0030083,5297.31259439132,5281.6813197188,0,0,0,1,NaN,NaN,NaN,NaN,NaN,NaN,NaN,5297.31259439132,0
addition_M1_10.mat,6110,7510005,WarmPSO,500,494,74,0,0,0.0705535,5297.31259439132,5281.6813197188,0,0,0,1,1,0,0,0,75,NaN,NaN,5297.31259439132,0
addition_M1_10.mat,6110,7510005,WarmPSO,1000,974,74,0,0,0.1198168,5271.18545104501,5253.98209616627,0,0,0,1,1,0,0,0,75,NaN,NaN,5297.31259439132,1
addition_M1_10.mat,6110,7510005,WarmPSO,1500,1484,74,0,0,0.169054,5271.18545104501,5253.98209616627,0,0,0,1,1,0,0,0,75,NaN,NaN,5297.31259439132,1
addition_M1_10.mat,6110,7510005,WarmPSO,2500,2500,74,0,0,0.276784,5271.18545104501,5253.98209616627,0,0,0,1,1,0,0,0,75,NaN,NaN,5297.31259439132,1
addition_M1_10.mat,6110,7510005,AlwaysVND,500,494,74,0,240,0.0558021,4526.25197990909,4521.42671172822,0,0,0,1,1,0,0,0,75,134,771.060614482232,5297.31259439132,1
addition_M1_10.mat,6110,7510005,AlwaysVND,1000,962,74,0,528,0.1091809,4526.25197990909,4521.42671172822,0,0,0,1,1,0,0,0,75,134,771.060614482232,5297.31259439132,1
addition_M1_10.mat,6110,7510005,AlwaysVND,1500,1430,74,0,816,0.1626592,4526.25197990909,4521.42671172822,0,0,0,1,1,0,0,0,75,134,771.060614482232,5297.31259439132,1
addition_M1_10.mat,6110,7510005,AlwaysVND,2500,2500,74,0,1466,0.2895282,4387.22894067757,4380.77727327555,0,0,0,1,1,0,0,0,75,134,910.083653713754,5297.31259439132,1
addition_M1_10.mat,6110,7510005,FB-CMPSO,500,494,74,0,240,0.055785,4526.25197990909,4521.42671172822,0,0,0,1,1,0,0,0,75,134,771.060614482232,5297.31259439132,1
addition_M1_10.mat,6110,7510005,FB-CMPSO,1000,962,74,0,528,0.1101127,4526.25197990909,4521.42671172822,0,0,0,1,1,0,0,0,75,134,771.060614482232,5297.31259439132,1
addition_M1_10.mat,6110,7510005,FB-CMPSO,1500,1430,74,0,816,0.167435,4526.25197990909,4521.42671172822,0,0,0,1,1,0,0,0,75,134,771.060614482232,5297.31259439132,1
addition_M1_10.mat,6110,7510005,FB-CMPSO,2500,2500,74,0,1466,0.2852946,4387.22894067757,4380.77727327555,0,0,0,1,1,0,0,0,75,134,910.083653713754,5297.31259439132,1
addition_M1_10.mat,6110,7510006,Repair,500,18,0,0,0,0.0017083,5297.31259439132,5281.6813197188,0,0,0,1,NaN,NaN,NaN,NaN,NaN,NaN,NaN,5297.31259439132,0
addition_M1_10.mat,6110,7510006,Repair,1000,18,0,0,0,0.0017083,5297.31259439132,5281.6813197188,0,0,0,1,NaN,NaN,NaN,NaN,NaN,NaN,NaN,5297.31259439132,0
addition_M1_10.mat,6110,7510006,Repair,1500,18,0,0,0,0.0017083,5297.31259439132,5281.6813197188,0,0,0,1,NaN,NaN,NaN,NaN,NaN,NaN,NaN,5297.31259439132,0
addition_M1_10.mat,6110,7510006,Repair,2500,18,0,0,0,0.0017083,5297.31259439132,5281.6813197188,0,0,0,1,NaN,NaN,NaN,NaN,NaN,NaN,NaN,5297.31259439132,0
addition_M1_10.mat,6110,7510006,WarmPSO,500,497,77,0,0,0.0510857,5297.31259439132,5281.6813197188,0,0,0,1,1,0,0,0,78,NaN,NaN,5297.31259439132,0
addition_M1_10.mat,6110,7510006,WarmPSO,1000,977,77,0,0,0.0999559,5297.31259439132,5281.6813197188,0,0,0,1,1,0,0,0,78,NaN,NaN,5297.31259439132,0
addition_M1_10.mat,6110,7510006,WarmPSO,1500,1487,77,0,0,0.1488631,5297.31259439132,5281.6813197188,0,0,0,1,1,0,0,0,78,NaN,NaN,5297.31259439132,0
addition_M1_10.mat,6110,7510006,WarmPSO,2500,2500,77,0,0,0.2490819,5297.31259439132,5281.6813197188,0,0,0,1,1,0,0,0,78,NaN,NaN,5297.31259439132,0
addition_M1_10.mat,6110,7510006,AlwaysVND,500,497,77,0,240,0.0559137,4565.05696826871,4558.86426900115,0,0,0,1,1,0,0,0,78,137,732.255626122611,5297.31259439132,1
addition_M1_10.mat,6110,7510006,AlwaysVND,1000,965,77,0,528,0.1050533,4418.96650460228,4414.0324715575,0,0,0,1,1,0,0,0,78,137,878.346089789044,5297.31259439132,1
addition_M1_10.mat,6110,7510006,AlwaysVND,1500,1433,77,0,816,0.1587558,4418.96650460228,4414.0324715575,0,0,0,1,1,0,0,0,78,137,878.346089789044,5297.31259439132,1
addition_M1_10.mat,6110,7510006,AlwaysVND,2500,2500,77,0,1463,0.278177,4279.94346537076,4273.38303310483,0,0,0,1,1,0,0,0,78,137,1017.36912902056,5297.31259439132,1
addition_M1_10.mat,6110,7510006,FB-CMPSO,500,497,77,0,240,0.0550638,4565.05696826871,4558.86426900115,0,0,0,1,1,0,0,0,78,137,732.255626122611,5297.31259439132,1
addition_M1_10.mat,6110,7510006,FB-CMPSO,1000,965,77,0,528,0.1069077,4418.96650460228,4414.0324715575,0,0,0,1,1,0,0,0,78,137,878.346089789044,5297.31259439132,1
addition_M1_10.mat,6110,7510006,FB-CMPSO,1500,1433,77,0,816,0.1578777,4418.96650460228,4414.0324715575,0,0,0,1,1,0,0,0,78,137,878.346089789044,5297.31259439132,1
addition_M1_10.mat,6110,7510006,FB-CMPSO,2500,2500,77,0,1463,0.281541,4279.94346537076,4273.38303310483,0,0,0,1,1,0,0,0,78,137,1017.36912902056,5297.31259439132,1
addition_M1_10.mat,6110,7510007,Repair,500,18,0,0,0,0.0014948,5297.31259439132,5281.6813197188,0,0,0,1,NaN,NaN,NaN,NaN,NaN,NaN,NaN,5297.31259439132,0
addition_M1_10.mat,6110,7510007,Repair,1000,18,0,0,0,0.0014948,5297.31259439132,5281.6813197188,0,0,0,1,NaN,NaN,NaN,NaN,NaN,NaN,NaN,5297.31259439132,0
addition_M1_10.mat,6110,7510007,Repair,1500,18,0,0,0,0.0014948,5297.31259439132,5281.6813197188,0,0,0,1,NaN,NaN,NaN,NaN,NaN,NaN,NaN,5297.31259439132,0
addition_M1_10.mat,6110,7510007,Repair,2500,18,0,0,0,0.0014948,5297.31259439132,5281.6813197188,0,0,0,1,NaN,NaN,NaN,NaN,NaN,NaN,NaN,5297.31259439132,0
addition_M1_10.mat,6110,7510007,WarmPSO,500,497,77,0,0,0.0621994,5297.31259439132,5281.6813197188,0,0,0,1,1,0,0,0,78,NaN,NaN,5297.31259439132,0
addition_M1_10.mat,6110,7510007,WarmPSO,1000,977,77,0,0,0.1085907,5297.31259439132,5281.6813197188,0,0,0,1,1,0,0,0,78,NaN,NaN,5297.31259439132,0
addition_M1_10.mat,6110,7510007,WarmPSO,1500,1487,77,0,0,0.1567912,5297.31259439132,5281.6813197188,0,0,0,1,1,0,0,0,78,NaN,NaN,5297.31259439132,0
addition_M1_10.mat,6110,7510007,WarmPSO,2500,2500,77,0,0,0.2604497,5297.31259439132,5281.6813197188,0,0,0,1,1,0,0,0,78,NaN,NaN,5297.31259439132,0
addition_M1_10.mat,6110,7510007,AlwaysVND,500,497,77,0,240,0.0526993,4214.41840856543,4201.53104992619,0,0,0,1,1,0,0,0,78,137,1082.8941858259,5297.31259439132,1
addition_M1_10.mat,6110,7510007,AlwaysVND,1000,965,77,0,528,0.1037817,3995.43360671373,3983.9954349098,0,0,0,1,1,0,0,0,78,137,1301.87898767759,5297.31259439132,1
addition_M1_10.mat,6110,7510007,AlwaysVND,1500,1433,77,0,816,0.1565034,3995.43360671373,3983.9954349098,0,0,0,1,1,0,0,0,78,137,1301.87898767759,5297.31259439132,1
addition_M1_10.mat,6110,7510007,AlwaysVND,2500,2500,77,0,1463,0.2766448,3995.43360671373,3983.9954349098,0,0,0,1,1,0,0,0,78,137,1301.87898767759,5297.31259439132,1
addition_M1_10.mat,6110,7510007,FB-CMPSO,500,497,77,0,240,0.0637292,4214.41840856543,4201.53104992619,0,0,0,1,1,0,0,0,78,137,1082.8941858259,5297.31259439132,1
addition_M1_10.mat,6110,7510007,FB-CMPSO,1000,965,77,0,528,0.1139108,3995.43360671373,3983.9954349098,0,0,0,1,1,0,0,0,78,137,1301.87898767759,5297.31259439132,1
addition_M1_10.mat,6110,7510007,FB-CMPSO,1500,1433,77,0,816,0.1682462,3995.43360671373,3983.9954349098,0,0,0,1,1,0,0,0,78,137,1301.87898767759,5297.31259439132,1
addition_M1_10.mat,6110,7510007,FB-CMPSO,2500,2500,77,0,1463,0.2965938,3995.43360671373,3983.9954349098,0,0,0,1,1,0,0,0,78,137,1301.87898767759,5297.31259439132,1
addition_M1_10.mat,6110,7510008,Repair,500,18,0,0,0,0.0022858,5297.31259439132,5281.6813197188,0,0,0,1,NaN,NaN,NaN,NaN,NaN,NaN,NaN,5297.31259439132,0
addition_M1_10.mat,6110,7510008,Repair,1000,18,0,0,0,0.0022858,5297.31259439132,5281.6813197188,0,0,0,1,NaN,NaN,NaN,NaN,NaN,NaN,NaN,5297.31259439132,0
addition_M1_10.mat,6110,7510008,Repair,1500,18,0,0,0,0.0022858,5297.31259439132,5281.6813197188,0,0,0,1,NaN,NaN,NaN,NaN,NaN,NaN,NaN,5297.31259439132,0
addition_M1_10.mat,6110,7510008,Repair,2500,18,0,0,0,0.0022858,5297.31259439132,5281.6813197188,0,0,0,1,NaN,NaN,NaN,NaN,NaN,NaN,NaN,5297.31259439132,0
addition_M1_10.mat,6110,7510008,WarmPSO,500,496,76,0,0,0.0553845,5297.31259439132,5281.6813197188,0,0,0,1,1,0,0,0,77,NaN,NaN,5297.31259439132,0
addition_M1_10.mat,6110,7510008,WarmPSO,1000,976,76,0,0,0.1071365,5297.31259439132,5281.6813197188,0,0,0,1,1,0,0,0,77,NaN,NaN,5297.31259439132,0
addition_M1_10.mat,6110,7510008,WarmPSO,1500,1486,76,0,0,0.1611211,5297.31259439132,5281.6813197188,0,0,0,1,1,0,0,0,77,NaN,NaN,5297.31259439132,0
addition_M1_10.mat,6110,7510008,WarmPSO,2500,2500,76,0,0,0.2641005,5297.31259439132,5281.6813197188,0,0,0,1,1,0,0,0,77,NaN,NaN,5297.31259439132,0
addition_M1_10.mat,6110,7510008,AlwaysVND,500,496,76,0,240,0.0581731,4169.06181428274,4163.44131241111,0,0,0,1,1,0,0,0,77,136,1128.25078010858,5297.31259439132,1
addition_M1_10.mat,6110,7510008,AlwaysVND,1000,964,76,0,528,0.1115918,3995.43360671373,3983.9954349098,0,0,0,1,1,0,0,0,77,136,1301.87898767759,5297.31259439132,1
addition_M1_10.mat,6110,7510008,AlwaysVND,1500,1432,76,0,816,0.1633666,3995.43360671373,3983.9954349098,0,0,0,1,1,0,0,0,77,136,1301.87898767759,5297.31259439132,1
addition_M1_10.mat,6110,7510008,AlwaysVND,2500,2500,76,0,1464,0.2822958,3995.43360671373,3983.9954349098,0,0,0,1,1,0,0,0,77,136,1301.87898767759,5297.31259439132,1
addition_M1_10.mat,6110,7510008,FB-CMPSO,500,496,76,0,240,0.0577393,4169.06181428274,4163.44131241111,0,0,0,1,1,0,0,0,77,136,1128.25078010858,5297.31259439132,1
addition_M1_10.mat,6110,7510008,FB-CMPSO,1000,964,76,0,528,0.1085483,3995.43360671373,3983.9954349098,0,0,0,1,1,0,0,0,77,136,1301.87898767759,5297.31259439132,1
addition_M1_10.mat,6110,7510008,FB-CMPSO,1500,1432,76,0,816,0.1612117,3995.43360671373,3983.9954349098,0,0,0,1,1,0,0,0,77,136,1301.87898767759,5297.31259439132,1
addition_M1_10.mat,6110,7510008,FB-CMPSO,2500,2500,76,0,1464,0.2800721,3995.43360671373,3983.9954349098,0,0,0,1,1,0,0,0,77,136,1301.87898767759,5297.31259439132,1
addition_M1_10.mat,6110,7510009,Repair,500,18,0,0,0,0.0020635,5297.31259439132,5281.6813197188,0,0,0,1,NaN,NaN,NaN,NaN,NaN,NaN,NaN,5297.31259439132,0
addition_M1_10.mat,6110,7510009,Repair,1000,18,0,0,0,0.0020635,5297.31259439132,5281.6813197188,0,0,0,1,NaN,NaN,NaN,NaN,NaN,NaN,NaN,5297.31259439132,0
addition_M1_10.mat,6110,7510009,Repair,1500,18,0,0,0,0.0020635,5297.31259439132,5281.6813197188,0,0,0,1,NaN,NaN,NaN,NaN,NaN,NaN,NaN,5297.31259439132,0
addition_M1_10.mat,6110,7510009,Repair,2500,18,0,0,0,0.0020635,5297.31259439132,5281.6813197188,0,0,0,1,NaN,NaN,NaN,NaN,NaN,NaN,NaN,5297.31259439132,0
addition_M1_10.mat,6110,7510009,WarmPSO,500,497,77,0,0,0.0507735,5297.31259439132,5281.6813197188,0,0,0,1,1,0,0,0,78,NaN,NaN,5297.31259439132,0
addition_M1_10.mat,6110,7510009,WarmPSO,1000,977,77,0,0,0.0982968,5297.31259439132,5281.6813197188,0,0,0,1,1,0,0,0,78,NaN,NaN,5297.31259439132,0
addition_M1_10.mat,6110,7510009,WarmPSO,1500,1487,77,0,0,0.1493926,5297.31259439132,5281.6813197188,0,0,0,1,1,0,0,0,78,NaN,NaN,5297.31259439132,0
addition_M1_10.mat,6110,7510009,WarmPSO,2500,2500,77,0,0,0.2468115,5100.28909157827,5089.07700463365,0,0,0,1,1,0,0,0,78,NaN,NaN,5297.31259439132,1
addition_M1_10.mat,6110,7510009,AlwaysVND,500,497,77,0,240,0.0560934,4501.36354680074,4488.67527038268,0,0,0,1,1,0,0,0,78,137,795.949047590586,5297.31259439132,1
addition_M1_10.mat,6110,7510009,AlwaysVND,1000,965,77,0,528,0.1117385,3986.8985725469,3980.88626030949,0,0,0,1,1,0,0,0,78,137,1310.41402184442,5297.31259439132,1
addition_M1_10.mat,6110,7510009,AlwaysVND,1500,1433,77,0,816,0.1692741,3986.8985725469,3980.88626030949,0,0,0,1,1,0,0,0,78,137,1310.41402184442,5297.31259439132,1
addition_M1_10.mat,6110,7510009,AlwaysVND,2500,2500,77,0,1463,0.2952562,3986.8985725469,3980.88626030949,0,0,0,1,1,0,0,0,78,137,1310.41402184442,5297.31259439132,1
addition_M1_10.mat,6110,7510009,FB-CMPSO,500,497,77,0,240,0.0544358,4501.36354680074,4488.67527038268,0,0,0,1,1,0,0,0,78,137,795.949047590586,5297.31259439132,1
addition_M1_10.mat,6110,7510009,FB-CMPSO,1000,965,77,0,528,0.1050567,3986.8985725469,3980.88626030949,0,0,0,1,1,0,0,0,78,137,1310.41402184442,5297.31259439132,1
addition_M1_10.mat,6110,7510009,FB-CMPSO,1500,1433,77,0,816,0.1580764,3986.8985725469,3980.88626030949,0,0,0,1,1,0,0,0,78,137,1310.41402184442,5297.31259439132,1
addition_M1_10.mat,6110,7510009,FB-CMPSO,2500,2500,77,0,1463,0.2766957,3986.8985725469,3980.88626030949,0,0,0,1,1,0,0,0,78,137,1310.41402184442,5297.31259439132,1
addition_M1_10.mat,6110,7510010,Repair,500,18,0,0,0,0.0016806,5297.31259439132,5281.6813197188,0,0,0,1,NaN,NaN,NaN,NaN,NaN,NaN,NaN,5297.31259439132,0
addition_M1_10.mat,6110,7510010,Repair,1000,18,0,0,0,0.0016806,5297.31259439132,5281.6813197188,0,0,0,1,NaN,NaN,NaN,NaN,NaN,NaN,NaN,5297.31259439132,0
addition_M1_10.mat,6110,7510010,Repair,1500,18,0,0,0,0.0016806,5297.31259439132,5281.6813197188,0,0,0,1,NaN,NaN,NaN,NaN,NaN,NaN,NaN,5297.31259439132,0
addition_M1_10.mat,6110,7510010,Repair,2500,18,0,0,0,0.0016806,5297.31259439132,5281.6813197188,0,0,0,1,NaN,NaN,NaN,NaN,NaN,NaN,NaN,5297.31259439132,0
addition_M1_10.mat,6110,7510010,WarmPSO,500,495,75,0,0,0.0515169,5297.31259439132,5281.6813197188,0,0,0,1,1,0,0,0,76,NaN,NaN,5297.31259439132,0
addition_M1_10.mat,6110,7510010,WarmPSO,1000,975,75,0,0,0.1016249,5297.31259439132,5281.6813197188,0,0,0,1,1,0,0,0,76,NaN,NaN,5297.31259439132,0
addition_M1_10.mat,6110,7510010,WarmPSO,1500,1485,75,0,0,0.151771,5297.31259439132,5281.6813197188,0,0,0,1,1,0,0,0,76,NaN,NaN,5297.31259439132,0
addition_M1_10.mat,6110,7510010,WarmPSO,2500,2500,75,0,0,0.2541279,5271.18545104501,5253.98209616627,0,0,0,1,1,0,0,0,76,NaN,NaN,5297.31259439132,1
addition_M1_10.mat,6110,7510010,AlwaysVND,500,495,75,0,240,0.0540736,5065.71689128074,5053.87370269838,0,0,0,1,1,0,0,0,76,135,231.595703110581,5297.31259439132,1
addition_M1_10.mat,6110,7510010,AlwaysVND,1000,963,75,0,528,0.1175043,4134.45664594525,4124.64487336246,0,0,0,1,1,0,0,0,76,135,1162.85594844607,5297.31259439132,1
addition_M1_10.mat,6110,7510010,AlwaysVND,1500,1431,75,0,816,0.1761732,3995.43360671373,3983.9954349098,0,0,0,1,1,0,0,0,76,135,1301.87898767759,5297.31259439132,1
addition_M1_10.mat,6110,7510010,AlwaysVND,2500,2500,75,0,1465,0.301787,3995.43360671373,3983.9954349098,0,0,0,1,1,0,0,0,76,135,1301.87898767759,5297.31259439132,1
addition_M1_10.mat,6110,7510010,FB-CMPSO,500,495,75,0,240,0.0552258,5065.71689128074,5053.87370269838,0,0,0,1,1,0,0,0,76,135,231.595703110581,5297.31259439132,1
addition_M1_10.mat,6110,7510010,FB-CMPSO,1000,963,75,0,528,0.1126148,4134.45664594525,4124.64487336246,0,0,0,1,1,0,0,0,76,135,1162.85594844607,5297.31259439132,1
addition_M1_10.mat,6110,7510010,FB-CMPSO,1500,1431,75,0,816,0.1644316,3995.43360671373,3983.9954349098,0,0,0,1,1,0,0,0,76,135,1301.87898767759,5297.31259439132,1
addition_M1_10.mat,6110,7510010,FB-CMPSO,2500,2500,75,0,1465,0.2804569,3995.43360671373,3983.9954349098,0,0,0,1,1,0,0,0,76,135,1301.87898767759,5297.31259439132,1
addition_M1_10.mat,6110,7510011,Repair,500,18,0,0,0,0.0014378,5297.31259439132,5281.6813197188,0,0,0,1,NaN,NaN,NaN,NaN,NaN,NaN,NaN,5297.31259439132,0
addition_M1_10.mat,6110,7510011,Repair,1000,18,0,0,0,0.0014378,5297.31259439132,5281.6813197188,0,0,0,1,NaN,NaN,NaN,NaN,NaN,NaN,NaN,5297.31259439132,0
addition_M1_10.mat,6110,7510011,Repair,1500,18,0,0,0,0.0014378,5297.31259439132,5281.6813197188,0,0,0,1,NaN,NaN,NaN,NaN,NaN,NaN,NaN,5297.31259439132,0
addition_M1_10.mat,6110,7510011,Repair,2500,18,0,0,0,0.0014378,5297.31259439132,5281.6813197188,0,0,0,1,NaN,NaN,NaN,NaN,NaN,NaN,NaN,5297.31259439132,0
addition_M1_10.mat,6110,7510011,WarmPSO,500,497,77,0,0,0.0502211,5100.28909157827,5089.07700463365,0,0,0,1,1,0,0,0,78,NaN,NaN,5297.31259439132,1
addition_M1_10.mat,6110,7510011,WarmPSO,1000,977,77,0,0,0.097809,5100.28909157827,5089.07700463365,0,0,0,1,1,0,0,0,78,NaN,NaN,5297.31259439132,1
addition_M1_10.mat,6110,7510011,WarmPSO,1500,1487,77,0,0,0.1483359,5100.28909157827,5089.07700463365,0,0,0,1,1,0,0,0,78,NaN,NaN,5297.31259439132,1
addition_M1_10.mat,6110,7510011,WarmPSO,2500,2500,77,0,0,0.2486323,5100.28909157827,5089.07700463365,0,0,0,1,1,0,0,0,78,NaN,NaN,5297.31259439132,1
addition_M1_10.mat,6110,7510011,AlwaysVND,500,497,77,0,240,0.0543004,4764.98557310561,4756.75988966605,0,0,0,1,1,0,0,0,78,137,335.303518472663,5297.31259439132,1
addition_M1_10.mat,6110,7510011,AlwaysVND,1000,965,77,0,528,0.1047133,4630.92015341328,4623.07668481809,0,0,0,1,1,0,0,0,78,137,469.368938164989,5297.31259439132,1
addition_M1_10.mat,6110,7510011,AlwaysVND,1500,1433,77,0,816,0.1575705,3986.8985725469,3980.88626030949,0,0,0,1,1,0,0,0,78,137,1113.39051903137,5297.31259439132,1
addition_M1_10.mat,6110,7510011,AlwaysVND,2500,2500,77,0,1463,0.2809692,3847.87553331538,3840.23682185682,0,0,0,1,1,0,0,0,78,137,1252.41355826289,5297.31259439132,1
addition_M1_10.mat,6110,7510011,FB-CMPSO,500,497,77,0,240,0.0531727,4764.98557310561,4756.75988966605,0,0,0,1,1,0,0,0,78,137,335.303518472663,5297.31259439132,1
addition_M1_10.mat,6110,7510011,FB-CMPSO,1000,965,77,0,528,0.1034303,4630.92015341328,4623.07668481809,0,0,0,1,1,0,0,0,78,137,469.368938164989,5297.31259439132,1
addition_M1_10.mat,6110,7510011,FB-CMPSO,1500,1433,77,0,816,0.1616186,3986.8985725469,3980.88626030949,0,0,0,1,1,0,0,0,78,137,1113.39051903137,5297.31259439132,1
addition_M1_10.mat,6110,7510011,FB-CMPSO,2500,2500,77,0,1463,0.2894893,3847.87553331538,3840.23682185682,0,0,0,1,1,0,0,0,78,137,1252.41355826289,5297.31259439132,1
addition_M1_10.mat,6110,7510012,Repair,500,18,0,0,0,0.0033091,5297.31259439132,5281.6813197188,0,0,0,1,NaN,NaN,NaN,NaN,NaN,NaN,NaN,5297.31259439132,0
addition_M1_10.mat,6110,7510012,Repair,1000,18,0,0,0,0.0033091,5297.31259439132,5281.6813197188,0,0,0,1,NaN,NaN,NaN,NaN,NaN,NaN,NaN,5297.31259439132,0
addition_M1_10.mat,6110,7510012,Repair,1500,18,0,0,0,0.0033091,5297.31259439132,5281.6813197188,0,0,0,1,NaN,NaN,NaN,NaN,NaN,NaN,NaN,5297.31259439132,0
addition_M1_10.mat,6110,7510012,Repair,2500,18,0,0,0,0.0033091,5297.31259439132,5281.6813197188,0,0,0,1,NaN,NaN,NaN,NaN,NaN,NaN,NaN,5297.31259439132,0
addition_M1_10.mat,6110,7510012,WarmPSO,500,495,75,0,0,0.0633827,5297.31259439132,5281.6813197188,0,0,0,1,1,0,0,0,76,NaN,NaN,5297.31259439132,0
addition_M1_10.mat,6110,7510012,WarmPSO,1000,975,75,0,0,0.1102584,5271.18545104501,5253.98209616627,0,0,0,1,1,0,0,0,76,NaN,NaN,5297.31259439132,1
addition_M1_10.mat,6110,7510012,WarmPSO,1500,1485,75,0,0,0.160477,5271.18545104501,5253.98209616627,0,0,0,1,1,0,0,0,76,NaN,NaN,5297.31259439132,1
addition_M1_10.mat,6110,7510012,WarmPSO,2500,2500,75,0,0,0.2593175,5271.18545104501,5253.98209616627,0,0,0,1,1,0,0,0,76,NaN,NaN,5297.31259439132,1
addition_M1_10.mat,6110,7510012,AlwaysVND,500,495,75,0,240,0.0574192,4322.4376359214,4309.63798837196,0,0,0,1,1,0,0,0,76,135,974.874958469919,5297.31259439132,1
addition_M1_10.mat,6110,7510012,AlwaysVND,1000,963,75,0,528,0.1096811,3995.43360671373,3983.9954349098,0,0,0,1,1,0,0,0,76,135,1301.87898767759,5297.31259439132,1
addition_M1_10.mat,6110,7510012,AlwaysVND,1500,1431,75,0,816,0.1696633,3995.43360671373,3983.9954349098,0,0,0,1,1,0,0,0,76,135,1301.87898767759,5297.31259439132,1
addition_M1_10.mat,6110,7510012,AlwaysVND,2500,2500,75,0,1465,0.2893905,3995.43360671373,3983.9954349098,0,0,0,1,1,0,0,0,76,135,1301.87898767759,5297.31259439132,1
addition_M1_10.mat,6110,7510012,FB-CMPSO,500,495,75,0,240,0.0598383,4322.4376359214,4309.63798837196,0,0,0,1,1,0,0,0,76,135,974.874958469919,5297.31259439132,1
addition_M1_10.mat,6110,7510012,FB-CMPSO,1000,963,75,0,528,0.1131346,3995.43360671373,3983.9954349098,0,0,0,1,1,0,0,0,76,135,1301.87898767759,5297.31259439132,1
addition_M1_10.mat,6110,7510012,FB-CMPSO,1500,1431,75,0,816,0.1679179,3995.43360671373,3983.9954349098,0,0,0,1,1,0,0,0,76,135,1301.87898767759,5297.31259439132,1
addition_M1_10.mat,6110,7510012,FB-CMPSO,2500,2500,75,0,1465,0.3120792,3995.43360671373,3983.9954349098,0,0,0,1,1,0,0,0,76,135,1301.87898767759,5297.31259439132,1
addition_M1_10.mat,6110,7510013,Repair,500,18,0,0,0,0.001627,5297.31259439132,5281.6813197188,0,0,0,1,NaN,NaN,NaN,NaN,NaN,NaN,NaN,5297.31259439132,0
addition_M1_10.mat,6110,7510013,Repair,1000,18,0,0,0,0.001627,5297.31259439132,5281.6813197188,0,0,0,1,NaN,NaN,NaN,NaN,NaN,NaN,NaN,5297.31259439132,0
addition_M1_10.mat,6110,7510013,Repair,1500,18,0,0,0,0.001627,5297.31259439132,5281.6813197188,0,0,0,1,NaN,NaN,NaN,NaN,NaN,NaN,NaN,5297.31259439132,0
addition_M1_10.mat,6110,7510013,Repair,2500,18,0,0,0,0.001627,5297.31259439132,5281.6813197188,0,0,0,1,NaN,NaN,NaN,NaN,NaN,NaN,NaN,5297.31259439132,0
addition_M1_10.mat,6110,7510013,WarmPSO,500,496,76,0,0,0.0568506,5175.29303154799,5161.36390042499,0,0,0,1,1,0,0,0,77,NaN,NaN,5297.31259439132,1
addition_M1_10.mat,6110,7510013,WarmPSO,1000,976,76,0,0,0.1031264,5175.29303154799,5161.36390042499,0,0,0,1,1,0,0,0,77,NaN,NaN,5297.31259439132,1
addition_M1_10.mat,6110,7510013,WarmPSO,1500,1486,76,0,0,0.1603118,5175.29303154799,5161.36390042499,0,0,0,1,1,0,0,0,77,NaN,NaN,5297.31259439132,1
addition_M1_10.mat,6110,7510013,WarmPSO,2500,2500,76,0,0,0.2614716,5175.29303154799,5161.36390042499,0,0,0,1,1,0,0,0,77,NaN,NaN,5297.31259439132,1
addition_M1_10.mat,6110,7510013,AlwaysVND,500,496,76,0,240,0.0644076,4526.25197990909,4521.42671172822,0,0,0,1,1,0,0,0,77,136,649.041051638901,5297.31259439132,1
addition_M1_10.mat,6110,7510013,AlwaysVND,1000,964,76,0,528,0.1178455,4452.71643178012,4444.61381998975,0,0,0,1,1,0,0,0,77,136,722.576599767869,5297.31259439132,1
addition_M1_10.mat,6110,7510013,AlwaysVND,1500,1432,76,0,816,0.1706035,4313.6933925486,4303.96438153708,0,0,0,1,1,0,0,0,77,136,861.599638999391,5297.31259439132,1
addition_M1_10.mat,6110,7510013,AlwaysVND,2500,2500,76,0,1464,0.2900217,4313.6933925486,4303.96438153708,0,0,0,1,1,0,0,0,77,136,861.599638999391,5297.31259439132,1
addition_M1_10.mat,6110,7510013,FB-CMPSO,500,496,76,0,240,0.0584341,4526.25197990909,4521.42671172822,0,0,0,1,1,0,0,0,77,136,649.041051638901,5297.31259439132,1
addition_M1_10.mat,6110,7510013,FB-CMPSO,1000,964,76,0,528,0.1116588,4452.71643178012,4444.61381998975,0,0,0,1,1,0,0,0,77,136,722.576599767869,5297.31259439132,1
addition_M1_10.mat,6110,7510013,FB-CMPSO,1500,1432,76,0,816,0.1649646,4313.6933925486,4303.96438153708,0,0,0,1,1,0,0,0,77,136,861.599638999391,5297.31259439132,1
addition_M1_10.mat,6110,7510013,FB-CMPSO,2500,2500,76,0,1464,0.2869663,4313.6933925486,4303.96438153708,0,0,0,1,1,0,0,0,77,136,861.599638999391,5297.31259439132,1
addition_M1_10.mat,6110,7510014,Repair,500,18,0,0,0,0.0017264,5297.31259439132,5281.6813197188,0,0,0,1,NaN,NaN,NaN,NaN,NaN,NaN,NaN,5297.31259439132,0
addition_M1_10.mat,6110,7510014,Repair,1000,18,0,0,0,0.0017264,5297.31259439132,5281.6813197188,0,0,0,1,NaN,NaN,NaN,NaN,NaN,NaN,NaN,5297.31259439132,0
addition_M1_10.mat,6110,7510014,Repair,1500,18,0,0,0,0.0017264,5297.31259439132,5281.6813197188,0,0,0,1,NaN,NaN,NaN,NaN,NaN,NaN,NaN,5297.31259439132,0
addition_M1_10.mat,6110,7510014,Repair,2500,18,0,0,0,0.0017264,5297.31259439132,5281.6813197188,0,0,0,1,NaN,NaN,NaN,NaN,NaN,NaN,NaN,5297.31259439132,0
addition_M1_10.mat,6110,7510014,WarmPSO,500,497,77,0,0,0.054082,5297.31259439132,5281.6813197188,0,0,0,1,1,0,0,0,78,NaN,NaN,5297.31259439132,0
addition_M1_10.mat,6110,7510014,WarmPSO,1000,977,77,0,0,0.1012386,5297.31259439132,5281.6813197188,0,0,0,1,1,0,0,0,78,NaN,NaN,5297.31259439132,0
addition_M1_10.mat,6110,7510014,WarmPSO,1500,1487,77,0,0,0.1511382,5297.31259439132,5281.6813197188,0,0,0,1,1,0,0,0,78,NaN,NaN,5297.31259439132,0
addition_M1_10.mat,6110,7510014,WarmPSO,2500,2500,77,0,0,0.2555164,5297.31259439132,5281.6813197188,0,0,0,1,1,0,0,0,78,NaN,NaN,5297.31259439132,0
addition_M1_10.mat,6110,7510014,AlwaysVND,500,497,77,0,240,0.0598002,4507.60615721164,4496.39128492296,0,0,0,1,1,0,0,0,78,137,789.706437179687,5297.31259439132,1
addition_M1_10.mat,6110,7510014,AlwaysVND,1000,965,77,0,528,0.1185013,4313.6933925486,4303.96438153708,0,0,0,1,1,0,0,0,78,137,983.619201842722,5297.31259439132,1
addition_M1_10.mat,6110,7510014,AlwaysVND,1500,1433,77,0,816,0.1716575,4313.6933925486,4303.96438153708,0,0,0,1,1,0,0,0,78,137,983.619201842722,5297.31259439132,1
addition_M1_10.mat,6110,7510014,AlwaysVND,2500,2500,77,0,1463,0.2888398,4313.6933925486,4303.96438153708,0,0,0,1,1,0,0,0,78,137,983.619201842722,5297.31259439132,1
addition_M1_10.mat,6110,7510014,FB-CMPSO,500,497,77,0,240,0.0532865,4507.60615721164,4496.39128492296,0,0,0,1,1,0,0,0,78,137,789.706437179687,5297.31259439132,1
addition_M1_10.mat,6110,7510014,FB-CMPSO,1000,965,77,0,528,0.1050485,4313.6933925486,4303.96438153708,0,0,0,1,1,0,0,0,78,137,983.619201842722,5297.31259439132,1
addition_M1_10.mat,6110,7510014,FB-CMPSO,1500,1433,77,0,816,0.1561665,4313.6933925486,4303.96438153708,0,0,0,1,1,0,0,0,78,137,983.619201842722,5297.31259439132,1
addition_M1_10.mat,6110,7510014,FB-CMPSO,2500,2500,77,0,1463,0.2804238,4313.6933925486,4303.96438153708,0,0,0,1,1,0,0,0,78,137,983.619201842722,5297.31259439132,1
addition_M1_10.mat,6110,7510015,Repair,500,18,0,0,0,0.001672,5297.31259439132,5281.6813197188,0,0,0,1,NaN,NaN,NaN,NaN,NaN,NaN,NaN,5297.31259439132,0
addition_M1_10.mat,6110,7510015,Repair,1000,18,0,0,0,0.001672,5297.31259439132,5281.6813197188,0,0,0,1,NaN,NaN,NaN,NaN,NaN,NaN,NaN,5297.31259439132,0
addition_M1_10.mat,6110,7510015,Repair,1500,18,0,0,0,0.001672,5297.31259439132,5281.6813197188,0,0,0,1,NaN,NaN,NaN,NaN,NaN,NaN,NaN,5297.31259439132,0
addition_M1_10.mat,6110,7510015,Repair,2500,18,0,0,0,0.001672,5297.31259439132,5281.6813197188,0,0,0,1,NaN,NaN,NaN,NaN,NaN,NaN,NaN,5297.31259439132,0
addition_M1_10.mat,6110,7510015,WarmPSO,500,495,75,0,0,0.0490815,5297.31259439132,5281.6813197188,0,0,0,1,1,0,0,0,76,NaN,NaN,5297.31259439132,0
addition_M1_10.mat,6110,7510015,WarmPSO,1000,975,75,0,0,0.0958498,5297.31259439132,5281.6813197188,0,0,0,1,1,0,0,0,76,NaN,NaN,5297.31259439132,0
addition_M1_10.mat,6110,7510015,WarmPSO,1500,1485,75,0,0,0.1463152,5297.31259439132,5281.6813197188,0,0,0,1,1,0,0,0,76,NaN,NaN,5297.31259439132,0
addition_M1_10.mat,6110,7510015,WarmPSO,2500,2500,75,0,0,0.2478624,5297.31259439132,5281.6813197188,0,0,0,1,1,0,0,0,76,NaN,NaN,5297.31259439132,0
addition_M1_10.mat,6110,7510015,AlwaysVND,500,495,75,0,240,0.0546421,4870.43942074782,4858.38262535221,0,0,0,1,1,0,0,0,76,135,426.873173643502,5297.31259439132,1
addition_M1_10.mat,6110,7510015,AlwaysVND,1000,963,75,0,528,0.1058171,4630.24439343503,4620.67457640663,0,0,0,1,1,0,0,0,76,135,667.068200956288,5297.31259439132,1
addition_M1_10.mat,6110,7510015,AlwaysVND,1500,1431,75,0,816,0.1612473,4313.6933925486,4303.96438153708,0,0,0,1,1,0,0,0,76,135,983.619201842722,5297.31259439132,1
addition_M1_10.mat,6110,7510015,AlwaysVND,2500,2500,75,0,1465,0.2901031,4313.6933925486,4303.96438153708,0,0,0,1,1,0,0,0,76,135,983.619201842722,5297.31259439132,1
addition_M1_10.mat,6110,7510015,FB-CMPSO,500,495,75,0,240,0.0531637,4870.43942074782,4858.38262535221,0,0,0,1,1,0,0,0,76,135,426.873173643502,5297.31259439132,1
addition_M1_10.mat,6110,7510015,FB-CMPSO,1000,963,75,0,528,0.1056203,4630.24439343503,4620.67457640663,0,0,0,1,1,0,0,0,76,135,667.068200956288,5297.31259439132,1
addition_M1_10.mat,6110,7510015,FB-CMPSO,1500,1431,75,0,816,0.1575152,4313.6933925486,4303.96438153708,0,0,0,1,1,0,0,0,76,135,983.619201842722,5297.31259439132,1
addition_M1_10.mat,6110,7510015,FB-CMPSO,2500,2500,75,0,1465,0.2774229,4313.6933925486,4303.96438153708,0,0,0,1,1,0,0,0,76,135,983.619201842722,5297.31259439132,1
addition_M1_10.mat,6110,7510016,Repair,500,18,0,0,0,0.0015664,5297.31259439132,5281.6813197188,0,0,0,1,NaN,NaN,NaN,NaN,NaN,NaN,NaN,5297.31259439132,0
addition_M1_10.mat,6110,7510016,Repair,1000,18,0,0,0,0.0015664,5297.31259439132,5281.6813197188,0,0,0,1,NaN,NaN,NaN,NaN,NaN,NaN,NaN,5297.31259439132,0
addition_M1_10.mat,6110,7510016,Repair,1500,18,0,0,0,0.0015664,5297.31259439132,5281.6813197188,0,0,0,1,NaN,NaN,NaN,NaN,NaN,NaN,NaN,5297.31259439132,0
addition_M1_10.mat,6110,7510016,Repair,2500,18,0,0,0,0.0015664,5297.31259439132,5281.6813197188,0,0,0,1,NaN,NaN,NaN,NaN,NaN,NaN,NaN,5297.31259439132,0
addition_M1_10.mat,6110,7510016,WarmPSO,500,495,75,0,0,0.0493188,5297.31259439132,5281.6813197188,0,0,0,1,1,0,0,0,76,NaN,NaN,5297.31259439132,0
addition_M1_10.mat,6110,7510016,WarmPSO,1000,975,75,0,0,0.0967224,5297.31259439132,5281.6813197188,0,0,0,1,1,0,0,0,76,NaN,NaN,5297.31259439132,0
addition_M1_10.mat,6110,7510016,WarmPSO,1500,1485,75,0,0,0.1472425,5271.18545104501,5253.98209616627,0,0,0,1,1,0,0,0,76,NaN,NaN,5297.31259439132,1
addition_M1_10.mat,6110,7510016,WarmPSO,2500,2500,75,0,0,0.2601037,5271.18545104501,5253.98209616627,0,0,0,1,1,0,0,0,76,NaN,NaN,5297.31259439132,1
addition_M1_10.mat,6110,7510016,AlwaysVND,500,495,75,0,240,0.0555082,4137.28095185903,4125.81294800864,0,0,0,1,1,0,0,0,76,135,1160.03164253229,5297.31259439132,1
addition_M1_10.mat,6110,7510016,AlwaysVND,1000,963,75,0,528,0.1091995,4072.87942561361,4063.29367144097,0,0,0,1,1,0,0,0,76,135,1224.43316877771,5297.31259439132,1
addition_M1_10.mat,6110,7510016,AlwaysVND,1500,1431,75,0,816,0.1606344,4072.87942561361,4063.29367144097,0,0,0,1,1,0,0,0,76,135,1224.43316877771,5297.31259439132,1
addition_M1_10.mat,6110,7510016,AlwaysVND,2500,2500,75,0,1465,0.2792751,4072.87942561361,4063.29367144097,0,0,0,1,1,0,0,0,76,135,1224.43316877771,5297.31259439132,1
addition_M1_10.mat,6110,7510016,FB-CMPSO,500,495,75,0,240,0.0554469,4137.28095185903,4125.81294800864,0,0,0,1,1,0,0,0,76,135,1160.03164253229,5297.31259439132,1
addition_M1_10.mat,6110,7510016,FB-CMPSO,1000,963,75,0,528,0.1089998,4072.87942561361,4063.29367144097,0,0,0,1,1,0,0,0,76,135,1224.43316877771,5297.31259439132,1
addition_M1_10.mat,6110,7510016,FB-CMPSO,1500,1431,75,0,816,0.1633461,4072.87942561361,4063.29367144097,0,0,0,1,1,0,0,0,76,135,1224.43316877771,5297.31259439132,1
addition_M1_10.mat,6110,7510016,FB-CMPSO,2500,2500,75,0,1465,0.2892358,4072.87942561361,4063.29367144097,0,0,0,1,1,0,0,0,76,135,1224.43316877771,5297.31259439132,1
addition_M1_10.mat,6110,7510017,Repair,500,18,0,0,0,0.0021367,5297.31259439132,5281.6813197188,0,0,0,1,NaN,NaN,NaN,NaN,NaN,NaN,NaN,5297.31259439132,0
addition_M1_10.mat,6110,7510017,Repair,1000,18,0,0,0,0.0021367,5297.31259439132,5281.6813197188,0,0,0,1,NaN,NaN,NaN,NaN,NaN,NaN,NaN,5297.31259439132,0
addition_M1_10.mat,6110,7510017,Repair,1500,18,0,0,0,0.0021367,5297.31259439132,5281.6813197188,0,0,0,1,NaN,NaN,NaN,NaN,NaN,NaN,NaN,5297.31259439132,0
addition_M1_10.mat,6110,7510017,Repair,2500,18,0,0,0,0.0021367,5297.31259439132,5281.6813197188,0,0,0,1,NaN,NaN,NaN,NaN,NaN,NaN,NaN,5297.31259439132,0
addition_M1_10.mat,6110,7510017,WarmPSO,500,497,77,0,0,0.0518466,5297.31259439132,5281.6813197188,0,0,0,1,1,0,0,0,78,NaN,NaN,5297.31259439132,0
addition_M1_10.mat,6110,7510017,WarmPSO,1000,977,77,0,0,0.0989079,5297.31259439132,5281.6813197188,0,0,0,1,1,0,0,0,78,NaN,NaN,5297.31259439132,0
addition_M1_10.mat,6110,7510017,WarmPSO,1500,1487,77,0,0,0.1480394,5100.28909157827,5089.07700463365,0,0,0,1,1,0,0,0,78,NaN,NaN,5297.31259439132,1
addition_M1_10.mat,6110,7510017,WarmPSO,2500,2500,77,0,0,0.2460488,5100.28909157827,5089.07700463365,0,0,0,1,1,0,0,0,78,NaN,NaN,5297.31259439132,1
addition_M1_10.mat,6110,7510017,AlwaysVND,500,497,77,0,240,0.0532627,4134.45664594525,4124.64487336246,0,0,0,1,1,0,0,0,78,137,1162.85594844607,5297.31259439132,1
addition_M1_10.mat,6110,7510017,AlwaysVND,1000,965,77,0,528,0.1059788,4134.45664594525,4124.64487336246,0,0,0,1,1,0,0,0,78,137,1162.85594844607,5297.31259439132,1
addition_M1_10.mat,6110,7510017,AlwaysVND,1500,1433,77,0,816,0.1558955,4134.45664594525,4124.64487336246,0,0,0,1,1,0,0,0,78,137,1162.85594844607,5297.31259439132,1
addition_M1_10.mat,6110,7510017,AlwaysVND,2500,2500,77,0,1463,0.2753113,3995.43360671373,3983.9954349098,0,0,0,1,1,0,0,0,78,137,1301.87898767759,5297.31259439132,1
addition_M1_10.mat,6110,7510017,FB-CMPSO,500,497,77,0,240,0.0543844,4134.45664594525,4124.64487336246,0,0,0,1,1,0,0,0,78,137,1162.85594844607,5297.31259439132,1
addition_M1_10.mat,6110,7510017,FB-CMPSO,1000,965,77,0,528,0.1071836,4134.45664594525,4124.64487336246,0,0,0,1,1,0,0,0,78,137,1162.85594844607,5297.31259439132,1
addition_M1_10.mat,6110,7510017,FB-CMPSO,1500,1433,77,0,816,0.1603282,4134.45664594525,4124.64487336246,0,0,0,1,1,0,0,0,78,137,1162.85594844607,5297.31259439132,1
addition_M1_10.mat,6110,7510017,FB-CMPSO,2500,2500,77,0,1463,0.2843013,3995.43360671373,3983.9954349098,0,0,0,1,1,0,0,0,78,137,1301.87898767759,5297.31259439132,1
addition_M1_10.mat,6110,7510018,Repair,500,18,0,0,0,0.0018477,5297.31259439132,5281.6813197188,0,0,0,1,NaN,NaN,NaN,NaN,NaN,NaN,NaN,5297.31259439132,0
addition_M1_10.mat,6110,7510018,Repair,1000,18,0,0,0,0.0018477,5297.31259439132,5281.6813197188,0,0,0,1,NaN,NaN,NaN,NaN,NaN,NaN,NaN,5297.31259439132,0
addition_M1_10.mat,6110,7510018,Repair,1500,18,0,0,0,0.0018477,5297.31259439132,5281.6813197188,0,0,0,1,NaN,NaN,NaN,NaN,NaN,NaN,NaN,5297.31259439132,0
addition_M1_10.mat,6110,7510018,Repair,2500,18,0,0,0,0.0018477,5297.31259439132,5281.6813197188,0,0,0,1,NaN,NaN,NaN,NaN,NaN,NaN,NaN,5297.31259439132,0
addition_M1_10.mat,6110,7510018,WarmPSO,500,494,74,0,0,0.0538301,5297.31259439132,5281.6813197188,0,0,0,1,1,0,0,0,75,NaN,NaN,5297.31259439132,0
addition_M1_10.mat,6110,7510018,WarmPSO,1000,974,74,0,0,0.11344,5297.31259439132,5281.6813197188,0,0,0,1,1,0,0,0,75,NaN,NaN,5297.31259439132,0
addition_M1_10.mat,6110,7510018,WarmPSO,1500,1484,74,0,0,0.1680501,5297.31259439132,5281.6813197188,0,0,0,1,1,0,0,0,75,NaN,NaN,5297.31259439132,0
addition_M1_10.mat,6110,7510018,WarmPSO,2500,2500,74,0,0,0.2749442,5297.31259439132,5281.6813197188,0,0,0,1,1,0,0,0,75,NaN,NaN,5297.31259439132,0
addition_M1_10.mat,6110,7510018,AlwaysVND,500,494,74,0,240,0.0567688,4750.91143096495,4739.90452697722,0,0,0,1,1,0,0,0,75,134,546.401163426376,5297.31259439132,1
addition_M1_10.mat,6110,7510018,AlwaysVND,1000,962,74,0,528,0.1067187,4255.29097835628,4241.67303053163,0,0,0,1,1,0,0,0,75,134,1042.02161603504,5297.31259439132,1
addition_M1_10.mat,6110,7510018,AlwaysVND,1500,1430,74,0,816,0.1575953,3995.43360671373,3983.9954349098,0,0,0,1,1,0,0,0,75,134,1301.87898767759,5297.31259439132,1
addition_M1_10.mat,6110,7510018,AlwaysVND,2500,2500,74,0,1466,0.2750467,3995.43360671373,3983.9954349098,0,0,0,1,1,0,0,0,75,134,1301.87898767759,5297.31259439132,1
addition_M1_10.mat,6110,7510018,FB-CMPSO,500,494,74,0,240,0.0537166,4750.91143096495,4739.90452697722,0,0,0,1,1,0,0,0,75,134,546.401163426376,5297.31259439132,1
addition_M1_10.mat,6110,7510018,FB-CMPSO,1000,962,74,0,528,0.1030663,4255.29097835628,4241.67303053163,0,0,0,1,1,0,0,0,75,134,1042.02161603504,5297.31259439132,1
addition_M1_10.mat,6110,7510018,FB-CMPSO,1500,1430,74,0,816,0.1565153,3995.43360671373,3983.9954349098,0,0,0,1,1,0,0,0,75,134,1301.87898767759,5297.31259439132,1
addition_M1_10.mat,6110,7510018,FB-CMPSO,2500,2500,74,0,1466,0.2742075,3995.43360671373,3983.9954349098,0,0,0,1,1,0,0,0,75,134,1301.87898767759,5297.31259439132,1
addition_M1_10.mat,6110,7510019,Repair,500,18,0,0,0,0.0019081,5297.31259439132,5281.6813197188,0,0,0,1,NaN,NaN,NaN,NaN,NaN,NaN,NaN,5297.31259439132,0
addition_M1_10.mat,6110,7510019,Repair,1000,18,0,0,0,0.0019081,5297.31259439132,5281.6813197188,0,0,0,1,NaN,NaN,NaN,NaN,NaN,NaN,NaN,5297.31259439132,0
addition_M1_10.mat,6110,7510019,Repair,1500,18,0,0,0,0.0019081,5297.31259439132,5281.6813197188,0,0,0,1,NaN,NaN,NaN,NaN,NaN,NaN,NaN,5297.31259439132,0
addition_M1_10.mat,6110,7510019,Repair,2500,18,0,0,0,0.0019081,5297.31259439132,5281.6813197188,0,0,0,1,NaN,NaN,NaN,NaN,NaN,NaN,NaN,5297.31259439132,0
addition_M1_10.mat,6110,7510019,WarmPSO,500,497,77,0,0,0.0501154,5297.31259439132,5281.6813197188,0,0,0,1,1,0,0,0,78,NaN,NaN,5297.31259439132,0
addition_M1_10.mat,6110,7510019,WarmPSO,1000,977,77,0,0,0.0989168,5297.31259439132,5281.6813197188,0,0,0,1,1,0,0,0,78,NaN,NaN,5297.31259439132,0
addition_M1_10.mat,6110,7510019,WarmPSO,1500,1487,77,0,0,0.1482223,5297.31259439132,5281.6813197188,0,0,0,1,1,0,0,0,78,NaN,NaN,5297.31259439132,0
addition_M1_10.mat,6110,7510019,WarmPSO,2500,2500,77,0,0,0.2526134,5297.31259439132,5281.6813197188,0,0,0,1,1,0,0,0,78,NaN,NaN,5297.31259439132,0
addition_M1_10.mat,6110,7510019,AlwaysVND,500,497,77,0,240,0.0575528,3986.8985725469,3980.88626030949,0,0,0,1,1,0,0,0,78,137,1310.41402184442,5297.31259439132,1
addition_M1_10.mat,6110,7510019,AlwaysVND,1000,965,77,0,528,0.1111424,3986.8985725469,3980.88626030949,0,0,0,1,1,0,0,0,78,137,1310.41402184442,5297.31259439132,1
addition_M1_10.mat,6110,7510019,AlwaysVND,1500,1433,77,0,816,0.1636788,3847.87553331538,3840.23682185682,0,0,0,1,1,0,0,0,78,137,1449.43706107594,5297.31259439132,1
addition_M1_10.mat,6110,7510019,AlwaysVND,2500,2500,77,0,1463,0.2858877,3847.87553331538,3840.23682185682,0,0,0,1,1,0,0,0,78,137,1449.43706107594,5297.31259439132,1
addition_M1_10.mat,6110,7510019,FB-CMPSO,500,497,77,0,240,0.0517732,3986.8985725469,3980.88626030949,0,0,0,1,1,0,0,0,78,137,1310.41402184442,5297.31259439132,1
addition_M1_10.mat,6110,7510019,FB-CMPSO,1000,965,77,0,528,0.1041426,3986.8985725469,3980.88626030949,0,0,0,1,1,0,0,0,78,137,1310.41402184442,5297.31259439132,1
addition_M1_10.mat,6110,7510019,FB-CMPSO,1500,1433,77,0,816,0.1587815,3847.87553331538,3840.23682185682,0,0,0,1,1,0,0,0,78,137,1449.43706107594,5297.31259439132,1
addition_M1_10.mat,6110,7510019,FB-CMPSO,2500,2500,77,0,1463,0.2774091,3847.87553331538,3840.23682185682,0,0,0,1,1,0,0,0,78,137,1449.43706107594,5297.31259439132,1
addition_M1_10.mat,6110,7510020,Repair,500,18,0,0,0,0.0015785,5297.31259439132,5281.6813197188,0,0,0,1,NaN,NaN,NaN,NaN,NaN,NaN,NaN,5297.31259439132,0
addition_M1_10.mat,6110,7510020,Repair,1000,18,0,0,0,0.0015785,5297.31259439132,5281.6813197188,0,0,0,1,NaN,NaN,NaN,NaN,NaN,NaN,NaN,5297.31259439132,0
addition_M1_10.mat,6110,7510020,Repair,1500,18,0,0,0,0.0015785,5297.31259439132,5281.6813197188,0,0,0,1,NaN,NaN,NaN,NaN,NaN,NaN,NaN,5297.31259439132,0
addition_M1_10.mat,6110,7510020,Repair,2500,18,0,0,0,0.0015785,5297.31259439132,5281.6813197188,0,0,0,1,NaN,NaN,NaN,NaN,NaN,NaN,NaN,5297.31259439132,0
addition_M1_10.mat,6110,7510020,WarmPSO,500,497,77,0,0,0.0507173,5297.31259439132,5281.6813197188,0,0,0,1,1,0,0,0,78,NaN,NaN,5297.31259439132,0
addition_M1_10.mat,6110,7510020,WarmPSO,1000,977,77,0,0,0.099784,5297.31259439132,5281.6813197188,0,0,0,1,1,0,0,0,78,NaN,NaN,5297.31259439132,0
addition_M1_10.mat,6110,7510020,WarmPSO,1500,1487,77,0,0,0.148774,5297.31259439132,5281.6813197188,0,0,0,1,1,0,0,0,78,NaN,NaN,5297.31259439132,0
addition_M1_10.mat,6110,7510020,WarmPSO,2500,2500,77,0,0,0.249236,5297.31259439132,5281.6813197188,0,0,0,1,1,0,0,0,78,NaN,NaN,5297.31259439132,0
addition_M1_10.mat,6110,7510020,AlwaysVND,500,497,77,0,240,0.0546791,4519.17115601582,4510.06397173159,0,0,0,1,1,0,0,0,78,137,778.141438375502,5297.31259439132,1
addition_M1_10.mat,6110,7510020,AlwaysVND,1000,965,77,0,528,0.1077724,4220.47209182021,4211.68449747012,0,0,0,1,1,0,0,0,78,137,1076.84050257111,5297.31259439132,1
addition_M1_10.mat,6110,7510020,AlwaysVND,1500,1433,77,0,816,0.1645934,4134.45664594525,4124.64487336246,0,0,0,1,1,0,0,0,78,137,1162.85594844607,5297.31259439132,1
addition_M1_10.mat,6110,7510020,AlwaysVND,2500,2500,77,0,1463,0.2926903,4103.25237270496,4091.62158103648,0,0,0,1,1,0,0,0,78,137,1194.06022168636,5297.31259439132,1
addition_M1_10.mat,6110,7510020,FB-CMPSO,500,497,77,0,240,0.0579088,4519.17115601582,4510.06397173159,0,0,0,1,1,0,0,0,78,137,778.141438375502,5297.31259439132,1
addition_M1_10.mat,6110,7510020,FB-CMPSO,1000,965,77,0,528,0.1135798,4220.47209182021,4211.68449747012,0,0,0,1,1,0,0,0,78,137,1076.84050257111,5297.31259439132,1
addition_M1_10.mat,6110,7510020,FB-CMPSO,1500,1433,77,0,816,0.1652324,4134.45664594525,4124.64487336246,0,0,0,1,1,0,0,0,78,137,1162.85594844607,5297.31259439132,1
addition_M1_10.mat,6110,7510020,FB-CMPSO,2500,2500,77,0,1463,0.2837171,4103.25237270496,4091.62158103648,0,0,0,1,1,0,0,0,78,137,1194.06022168636,5297.31259439132,1
addition_M1_10.mat,6110,7510021,Repair,500,18,0,0,0,0.0014375,5297.31259439132,5281.6813197188,0,0,0,1,NaN,NaN,NaN,NaN,NaN,NaN,NaN,5297.31259439132,0
addition_M1_10.mat,6110,7510021,Repair,1000,18,0,0,0,0.0014375,5297.31259439132,5281.6813197188,0,0,0,1,NaN,NaN,NaN,NaN,NaN,NaN,NaN,5297.31259439132,0
addition_M1_10.mat,6110,7510021,Repair,1500,18,0,0,0,0.0014375,5297.31259439132,5281.6813197188,0,0,0,1,NaN,NaN,NaN,NaN,NaN,NaN,NaN,5297.31259439132,0
addition_M1_10.mat,6110,7510021,Repair,2500,18,0,0,0,0.0014375,5297.31259439132,5281.6813197188,0,0,0,1,NaN,NaN,NaN,NaN,NaN,NaN,NaN,5297.31259439132,0
addition_M1_10.mat,6110,7510021,WarmPSO,500,496,76,0,0,0.049306,5297.31259439132,5281.6813197188,0,0,0,1,1,0,0,0,77,NaN,NaN,5297.31259439132,0
addition_M1_10.mat,6110,7510021,WarmPSO,1000,976,76,0,0,0.0982525,5297.31259439132,5281.6813197188,0,0,0,1,1,0,0,0,77,NaN,NaN,5297.31259439132,0
addition_M1_10.mat,6110,7510021,WarmPSO,1500,1486,76,0,0,0.1480632,5297.31259439132,5281.6813197188,0,0,0,1,1,0,0,0,77,NaN,NaN,5297.31259439132,0
addition_M1_10.mat,6110,7510021,WarmPSO,2500,2500,76,0,0,0.2516195,5297.31259439132,5281.6813197188,0,0,0,1,1,0,0,0,77,NaN,NaN,5297.31259439132,0
addition_M1_10.mat,6110,7510021,AlwaysVND,500,496,76,0,240,0.0542265,4521.40712872473,4511.8756466542,0,0,0,1,1,0,0,0,77,136,775.905465666593,5297.31259439132,1
addition_M1_10.mat,6110,7510021,AlwaysVND,1000,964,76,0,528,0.1055344,4368.58311798011,4355.74184647029,0,0,0,1,1,0,0,0,77,136,928.729476411208,5297.31259439132,1
addition_M1_10.mat,6110,7510021,AlwaysVND,1500,1432,76,0,816,0.1563912,4368.58311798011,4355.74184647029,0,0,0,1,1,0,0,0,77,136,928.729476411208,5297.31259439132,1
addition_M1_10.mat,6110,7510021,AlwaysVND,2500,2500,76,0,1464,0.2767418,4313.6933925486,4303.96438153708,0,0,0,1,1,0,0,0,77,136,983.619201842722,5297.31259439132,1
addition_M1_10.mat,6110,7510021,FB-CMPSO,500,496,76,0,240,0.0569321,4521.40712872473,4511.8756466542,0,0,0,1,1,0,0,0,77,136,775.905465666593,5297.31259439132,1
addition_M1_10.mat,6110,7510021,FB-CMPSO,1000,964,76,0,528,0.1107555,4368.58311798011,4355.74184647029,0,0,0,1,1,0,0,0,77,136,928.729476411208,5297.31259439132,1
addition_M1_10.mat,6110,7510021,FB-CMPSO,1500,1432,76,0,816,0.1688557,4368.58311798011,4355.74184647029,0,0,0,1,1,0,0,0,77,136,928.729476411208,5297.31259439132,1
addition_M1_10.mat,6110,7510021,FB-CMPSO,2500,2500,76,0,1464,0.2880224,4313.6933925486,4303.96438153708,0,0,0,1,1,0,0,0,77,136,983.619201842722,5297.31259439132,1
addition_M1_10.mat,6110,7510022,Repair,500,18,0,0,0,0.0017708,5297.31259439132,5281.6813197188,0,0,0,1,NaN,NaN,NaN,NaN,NaN,NaN,NaN,5297.31259439132,0
addition_M1_10.mat,6110,7510022,Repair,1000,18,0,0,0,0.0017708,5297.31259439132,5281.6813197188,0,0,0,1,NaN,NaN,NaN,NaN,NaN,NaN,NaN,5297.31259439132,0
addition_M1_10.mat,6110,7510022,Repair,1500,18,0,0,0,0.0017708,5297.31259439132,5281.6813197188,0,0,0,1,NaN,NaN,NaN,NaN,NaN,NaN,NaN,5297.31259439132,0
addition_M1_10.mat,6110,7510022,Repair,2500,18,0,0,0,0.0017708,5297.31259439132,5281.6813197188,0,0,0,1,NaN,NaN,NaN,NaN,NaN,NaN,NaN,5297.31259439132,0
addition_M1_10.mat,6110,7510022,WarmPSO,500,497,77,0,0,0.0546134,5297.31259439132,5281.6813197188,0,0,0,1,1,0,0,0,78,NaN,NaN,5297.31259439132,0
addition_M1_10.mat,6110,7510022,WarmPSO,1000,977,77,0,0,0.102539,5297.31259439132,5281.6813197188,0,0,0,1,1,0,0,0,78,NaN,NaN,5297.31259439132,0
addition_M1_10.mat,6110,7510022,WarmPSO,1500,1487,77,0,0,0.152644,5297.31259439132,5281.6813197188,0,0,0,1,1,0,0,0,78,NaN,NaN,5297.31259439132,0
addition_M1_10.mat,6110,7510022,WarmPSO,2500,2500,77,0,0,0.2533928,5297.31259439132,5281.6813197188,0,0,0,1,1,0,0,0,78,NaN,NaN,5297.31259439132,0
addition_M1_10.mat,6110,7510022,AlwaysVND,500,497,77,0,240,0.0609297,3986.8985725469,3980.88626030949,0,0,0,1,1,0,0,0,78,137,1310.41402184442,5297.31259439132,1
addition_M1_10.mat,6110,7510022,AlwaysVND,1000,965,77,0,528,0.1197593,3986.8985725469,3980.88626030949,0,0,0,1,1,0,0,0,78,137,1310.41402184442,5297.31259439132,1
addition_M1_10.mat,6110,7510022,AlwaysVND,1500,1433,77,0,816,0.1729942,3986.8985725469,3980.88626030949,0,0,0,1,1,0,0,0,78,137,1310.41402184442,5297.31259439132,1
addition_M1_10.mat,6110,7510022,AlwaysVND,2500,2500,77,0,1463,0.2975498,3847.87553331538,3840.23682185682,0,0,0,1,1,0,0,0,78,137,1449.43706107594,5297.31259439132,1
addition_M1_10.mat,6110,7510022,FB-CMPSO,500,497,77,0,240,0.0558713,3986.8985725469,3980.88626030949,0,0,0,1,1,0,0,0,78,137,1310.41402184442,5297.31259439132,1
addition_M1_10.mat,6110,7510022,FB-CMPSO,1000,965,77,0,528,0.110375,3986.8985725469,3980.88626030949,0,0,0,1,1,0,0,0,78,137,1310.41402184442,5297.31259439132,1
addition_M1_10.mat,6110,7510022,FB-CMPSO,1500,1433,77,0,816,0.165648,3986.8985725469,3980.88626030949,0,0,0,1,1,0,0,0,78,137,1310.41402184442,5297.31259439132,1
addition_M1_10.mat,6110,7510022,FB-CMPSO,2500,2500,77,0,1463,0.2963991,3847.87553331538,3840.23682185682,0,0,0,1,1,0,0,0,78,137,1449.43706107594,5297.31259439132,1
addition_M1_10.mat,6110,7510023,Repair,500,18,0,0,0,0.001888,5297.31259439132,5281.6813197188,0,0,0,1,NaN,NaN,NaN,NaN,NaN,NaN,NaN,5297.31259439132,0
addition_M1_10.mat,6110,7510023,Repair,1000,18,0,0,0,0.001888,5297.31259439132,5281.6813197188,0,0,0,1,NaN,NaN,NaN,NaN,NaN,NaN,NaN,5297.31259439132,0
addition_M1_10.mat,6110,7510023,Repair,1500,18,0,0,0,0.001888,5297.31259439132,5281.6813197188,0,0,0,1,NaN,NaN,NaN,NaN,NaN,NaN,NaN,5297.31259439132,0
addition_M1_10.mat,6110,7510023,Repair,2500,18,0,0,0,0.001888,5297.31259439132,5281.6813197188,0,0,0,1,NaN,NaN,NaN,NaN,NaN,NaN,NaN,5297.31259439132,0
addition_M1_10.mat,6110,7510023,WarmPSO,500,497,77,0,0,0.052928,5271.18545104501,5253.98209616627,0,0,0,1,1,0,0,0,78,NaN,NaN,5297.31259439132,1
addition_M1_10.mat,6110,7510023,WarmPSO,1000,977,77,0,0,0.0995116,5271.18545104501,5253.98209616627,0,0,0,1,1,0,0,0,78,NaN,NaN,5297.31259439132,1
addition_M1_10.mat,6110,7510023,WarmPSO,1500,1487,77,0,0,0.1492861,5271.18545104501,5253.98209616627,0,0,0,1,1,0,0,0,78,NaN,NaN,5297.31259439132,1
addition_M1_10.mat,6110,7510023,WarmPSO,2500,2500,77,0,0,0.2541574,5271.18545104501,5253.98209616627,0,0,0,1,1,0,0,0,78,NaN,NaN,5297.31259439132,1
addition_M1_10.mat,6110,7510023,AlwaysVND,500,497,77,0,240,0.053534,4303.44957343333,4297.59645517904,0,0,0,1,1,0,0,0,78,137,993.863020957988,5297.31259439132,1
addition_M1_10.mat,6110,7510023,AlwaysVND,1000,965,77,0,528,0.1058922,3847.87553331538,3840.23682185682,0,0,0,1,1,0,0,0,78,137,1449.43706107594,5297.31259439132,1
addition_M1_10.mat,6110,7510023,AlwaysVND,1500,1433,77,0,816,0.1573198,3847.87553331538,3840.23682185682,0,0,0,1,1,0,0,0,78,137,1449.43706107594,5297.31259439132,1
addition_M1_10.mat,6110,7510023,AlwaysVND,2500,2500,77,0,1463,0.273366,3847.87553331538,3840.23682185682,0,0,0,1,1,0,0,0,78,137,1449.43706107594,5297.31259439132,1
addition_M1_10.mat,6110,7510023,FB-CMPSO,500,497,77,0,240,0.0547193,4303.44957343333,4297.59645517904,0,0,0,1,1,0,0,0,78,137,993.863020957988,5297.31259439132,1
addition_M1_10.mat,6110,7510023,FB-CMPSO,1000,965,77,0,528,0.1083428,3847.87553331538,3840.23682185682,0,0,0,1,1,0,0,0,78,137,1449.43706107594,5297.31259439132,1
addition_M1_10.mat,6110,7510023,FB-CMPSO,1500,1433,77,0,816,0.1616481,3847.87553331538,3840.23682185682,0,0,0,1,1,0,0,0,78,137,1449.43706107594,5297.31259439132,1
addition_M1_10.mat,6110,7510023,FB-CMPSO,2500,2500,77,0,1463,0.2849422,3847.87553331538,3840.23682185682,0,0,0,1,1,0,0,0,78,137,1449.43706107594,5297.31259439132,1
addition_M1_10.mat,6110,7510024,Repair,500,18,0,0,0,0.0017598,5297.31259439132,5281.6813197188,0,0,0,1,NaN,NaN,NaN,NaN,NaN,NaN,NaN,5297.31259439132,0
addition_M1_10.mat,6110,7510024,Repair,1000,18,0,0,0,0.0017598,5297.31259439132,5281.6813197188,0,0,0,1,NaN,NaN,NaN,NaN,NaN,NaN,NaN,5297.31259439132,0
addition_M1_10.mat,6110,7510024,Repair,1500,18,0,0,0,0.0017598,5297.31259439132,5281.6813197188,0,0,0,1,NaN,NaN,NaN,NaN,NaN,NaN,NaN,5297.31259439132,0
addition_M1_10.mat,6110,7510024,Repair,2500,18,0,0,0,0.0017598,5297.31259439132,5281.6813197188,0,0,0,1,NaN,NaN,NaN,NaN,NaN,NaN,NaN,5297.31259439132,0
addition_M1_10.mat,6110,7510024,WarmPSO,500,496,76,0,0,0.0506647,5297.31259439132,5281.6813197188,0,0,0,1,1,0,0,0,77,NaN,NaN,5297.31259439132,0
addition_M1_10.mat,6110,7510024,WarmPSO,1000,976,76,0,0,0.0988918,5297.31259439132,5281.6813197188,0,0,0,1,1,0,0,0,77,NaN,NaN,5297.31259439132,0
addition_M1_10.mat,6110,7510024,WarmPSO,1500,1486,76,0,0,0.1497432,5297.31259439132,5281.6813197188,0,0,0,1,1,0,0,0,77,NaN,NaN,5297.31259439132,0
addition_M1_10.mat,6110,7510024,WarmPSO,2500,2500,76,0,0,0.2821618,5297.31259439132,5281.6813197188,0,0,0,1,1,0,0,0,77,NaN,NaN,5297.31259439132,0
addition_M1_10.mat,6110,7510024,AlwaysVND,500,496,76,0,240,0.0570708,4599.06596644668,4590.16943866875,0,0,0,1,1,0,0,0,77,136,698.246627944643,5297.31259439132,1
addition_M1_10.mat,6110,7510024,AlwaysVND,1000,964,76,0,528,0.1176312,3986.8985725469,3980.88626030949,0,0,0,1,1,0,0,0,77,136,1310.41402184442,5297.31259439132,1
addition_M1_10.mat,6110,7510024,AlwaysVND,1500,1432,76,0,816,0.1845603,3986.8985725469,3980.88626030949,0,0,0,1,1,0,0,0,77,136,1310.41402184442,5297.31259439132,1
addition_M1_10.mat,6110,7510024,AlwaysVND,2500,2500,76,0,1464,0.3491082,3847.87553331538,3840.23682185682,0,0,0,1,1,0,0,0,77,136,1449.43706107594,5297.31259439132,1
addition_M1_10.mat,6110,7510024,FB-CMPSO,500,496,76,0,240,0.059851,4599.06596644668,4590.16943866875,0,0,0,1,1,0,0,0,77,136,698.246627944643,5297.31259439132,1
addition_M1_10.mat,6110,7510024,FB-CMPSO,1000,964,76,0,528,0.124323,3986.8985725469,3980.88626030949,0,0,0,1,1,0,0,0,77,136,1310.41402184442,5297.31259439132,1
addition_M1_10.mat,6110,7510024,FB-CMPSO,1500,1432,76,0,816,0.193401,3986.8985725469,3980.88626030949,0,0,0,1,1,0,0,0,77,136,1310.41402184442,5297.31259439132,1
addition_M1_10.mat,6110,7510024,FB-CMPSO,2500,2500,76,0,1464,0.3142526,3847.87553331538,3840.23682185682,0,0,0,1,1,0,0,0,77,136,1449.43706107594,5297.31259439132,1
addition_M1_10.mat,6110,7510025,Repair,500,18,0,0,0,0.0017321,5297.31259439132,5281.6813197188,0,0,0,1,NaN,NaN,NaN,NaN,NaN,NaN,NaN,5297.31259439132,0
addition_M1_10.mat,6110,7510025,Repair,1000,18,0,0,0,0.0017321,5297.31259439132,5281.6813197188,0,0,0,1,NaN,NaN,NaN,NaN,NaN,NaN,NaN,5297.31259439132,0
addition_M1_10.mat,6110,7510025,Repair,1500,18,0,0,0,0.0017321,5297.31259439132,5281.6813197188,0,0,0,1,NaN,NaN,NaN,NaN,NaN,NaN,NaN,5297.31259439132,0
addition_M1_10.mat,6110,7510025,Repair,2500,18,0,0,0,0.0017321,5297.31259439132,5281.6813197188,0,0,0,1,NaN,NaN,NaN,NaN,NaN,NaN,NaN,5297.31259439132,0
addition_M1_10.mat,6110,7510025,WarmPSO,500,495,75,0,0,0.0504558,5137.18020935647,5124.63289029052,0,0,0,1,1,0,0,0,76,NaN,NaN,5297.31259439132,1
addition_M1_10.mat,6110,7510025,WarmPSO,1000,975,75,0,0,0.0964632,5085.39676846469,5073.45597089015,0,0,0,1,1,0,0,0,76,NaN,NaN,5297.31259439132,1
addition_M1_10.mat,6110,7510025,WarmPSO,1500,1485,75,0,0,0.1466321,5085.39676846469,5073.45597089015,0,0,0,1,1,0,0,0,76,NaN,NaN,5297.31259439132,1
addition_M1_10.mat,6110,7510025,WarmPSO,2500,2500,75,0,0,0.2537785,5085.39676846469,5073.45597089015,0,0,0,1,1,0,0,0,76,NaN,NaN,5297.31259439132,1
addition_M1_10.mat,6110,7510025,AlwaysVND,500,495,75,0,240,0.0604542,4102.53105294178,4096.53901910134,0,0,0,1,1,0,0,0,76,135,1034.64915641469,5297.31259439132,1
addition_M1_10.mat,6110,7510025,AlwaysVND,1000,963,75,0,528,0.1136811,3986.8985725469,3980.88626030949,0,0,0,1,1,0,0,0,76,135,1150.28163680957,5297.31259439132,1
addition_M1_10.mat,6110,7510025,AlwaysVND,1500,1431,75,0,816,0.1661065,3847.87553331538,3840.23682185682,0,0,0,1,1,0,0,0,76,135,1289.30467604109,5297.31259439132,1
addition_M1_10.mat,6110,7510025,AlwaysVND,2500,2500,75,0,1465,0.2936967,3847.87553331538,3840.23682185682,0,0,0,1,1,0,0,0,76,135,1289.30467604109,5297.31259439132,1
addition_M1_10.mat,6110,7510025,FB-CMPSO,500,495,75,0,240,0.0590256,4102.53105294178,4096.53901910134,0,0,0,1,1,0,0,0,76,135,1034.64915641469,5297.31259439132,1
addition_M1_10.mat,6110,7510025,FB-CMPSO,1000,963,75,0,528,0.1121533,3986.8985725469,3980.88626030949,0,0,0,1,1,0,0,0,76,135,1150.28163680957,5297.31259439132,1
addition_M1_10.mat,6110,7510025,FB-CMPSO,1500,1431,75,0,816,0.1641856,3847.87553331538,3840.23682185682,0,0,0,1,1,0,0,0,76,135,1289.30467604109,5297.31259439132,1
addition_M1_10.mat,6110,7510025,FB-CMPSO,2500,2500,75,0,1465,0.2810256,3847.87553331538,3840.23682185682,0,0,0,1,1,0,0,0,76,135,1289.30467604109,5297.31259439132,1
addition_M1_10.mat,6110,7510026,Repair,500,18,0,0,0,0.0015671,5297.31259439132,5281.6813197188,0,0,0,1,NaN,NaN,NaN,NaN,NaN,NaN,NaN,5297.31259439132,0
addition_M1_10.mat,6110,7510026,Repair,1000,18,0,0,0,0.0015671,5297.31259439132,5281.6813197188,0,0,0,1,NaN,NaN,NaN,NaN,NaN,NaN,NaN,5297.31259439132,0
addition_M1_10.mat,6110,7510026,Repair,1500,18,0,0,0,0.0015671,5297.31259439132,5281.6813197188,0,0,0,1,NaN,NaN,NaN,NaN,NaN,NaN,NaN,5297.31259439132,0
addition_M1_10.mat,6110,7510026,Repair,2500,18,0,0,0,0.0015671,5297.31259439132,5281.6813197188,0,0,0,1,NaN,NaN,NaN,NaN,NaN,NaN,NaN,5297.31259439132,0
addition_M1_10.mat,6110,7510026,WarmPSO,500,495,75,0,0,0.0506114,5297.31259439132,5281.6813197188,0,0,0,1,1,0,0,0,76,NaN,NaN,5297.31259439132,0
addition_M1_10.mat,6110,7510026,WarmPSO,1000,975,75,0,0,0.0976323,5297.31259439132,5281.6813197188,0,0,0,1,1,0,0,0,76,NaN,NaN,5297.31259439132,0
addition_M1_10.mat,6110,7510026,WarmPSO,1500,1485,75,0,0,0.1478263,5297.31259439132,5281.6813197188,0,0,0,1,1,0,0,0,76,NaN,NaN,5297.31259439132,0
addition_M1_10.mat,6110,7510026,WarmPSO,2500,2500,75,0,0,0.2497412,5297.31259439132,5281.6813197188,0,0,0,1,1,0,0,0,76,NaN,NaN,5297.31259439132,0
addition_M1_10.mat,6110,7510026,AlwaysVND,500,495,75,0,240,0.0528955,4081.44905258869,4071.03505901745,0,0,0,1,1,0,0,0,76,135,1215.86354180263,5297.31259439132,1
addition_M1_10.mat,6110,7510026,AlwaysVND,1000,963,75,0,528,0.1070091,3995.43360671373,3983.9954349098,0,0,0,1,1,0,0,0,76,135,1301.87898767759,5297.31259439132,1
addition_M1_10.mat,6110,7510026,AlwaysVND,1500,1431,75,0,816,0.1605002,3995.43360671373,3983.9954349098,0,0,0,1,1,0,0,0,76,135,1301.87898767759,5297.31259439132,1
addition_M1_10.mat,6110,7510026,AlwaysVND,2500,2500,75,0,1465,0.2844145,3995.43360671373,3983.9954349098,0,0,0,1,1,0,0,0,76,135,1301.87898767759,5297.31259439132,1
addition_M1_10.mat,6110,7510026,FB-CMPSO,500,495,75,0,240,0.0533569,4081.44905258869,4071.03505901745,0,0,0,1,1,0,0,0,76,135,1215.86354180263,5297.31259439132,1
addition_M1_10.mat,6110,7510026,FB-CMPSO,1000,963,75,0,528,0.1194702,3995.43360671373,3983.9954349098,0,0,0,1,1,0,0,0,76,135,1301.87898767759,5297.31259439132,1
addition_M1_10.mat,6110,7510026,FB-CMPSO,1500,1431,75,0,816,0.1717567,3995.43360671373,3983.9954349098,0,0,0,1,1,0,0,0,76,135,1301.87898767759,5297.31259439132,1
addition_M1_10.mat,6110,7510026,FB-CMPSO,2500,2500,75,0,1465,0.2936358,3995.43360671373,3983.9954349098,0,0,0,1,1,0,0,0,76,135,1301.87898767759,5297.31259439132,1
addition_M1_10.mat,6110,7510027,Repair,500,18,0,0,0,0.0017148,5297.31259439132,5281.6813197188,0,0,0,1,NaN,NaN,NaN,NaN,NaN,NaN,NaN,5297.31259439132,0
addition_M1_10.mat,6110,7510027,Repair,1000,18,0,0,0,0.0017148,5297.31259439132,5281.6813197188,0,0,0,1,NaN,NaN,NaN,NaN,NaN,NaN,NaN,5297.31259439132,0
addition_M1_10.mat,6110,7510027,Repair,1500,18,0,0,0,0.0017148,5297.31259439132,5281.6813197188,0,0,0,1,NaN,NaN,NaN,NaN,NaN,NaN,NaN,5297.31259439132,0
addition_M1_10.mat,6110,7510027,Repair,2500,18,0,0,0,0.0017148,5297.31259439132,5281.6813197188,0,0,0,1,NaN,NaN,NaN,NaN,NaN,NaN,NaN,5297.31259439132,0
addition_M1_10.mat,6110,7510027,WarmPSO,500,497,77,0,0,0.0509195,5297.31259439132,5281.6813197188,0,0,0,1,1,0,0,0,78,NaN,NaN,5297.31259439132,0
addition_M1_10.mat,6110,7510027,WarmPSO,1000,977,77,0,0,0.0985595,5297.31259439132,5281.6813197188,0,0,0,1,1,0,0,0,78,NaN,NaN,5297.31259439132,0
addition_M1_10.mat,6110,7510027,WarmPSO,1500,1487,77,0,0,0.1488614,5297.31259439132,5281.6813197188,0,0,0,1,1,0,0,0,78,NaN,NaN,5297.31259439132,0
addition_M1_10.mat,6110,7510027,WarmPSO,2500,2500,77,0,0,0.2522277,5297.31259439132,5281.6813197188,0,0,0,1,1,0,0,0,78,NaN,NaN,5297.31259439132,0
addition_M1_10.mat,6110,7510027,AlwaysVND,500,497,77,0,240,0.0546804,4353.44144779695,4342.18048837886,0,0,0,1,1,0,0,0,78,137,943.871146594375,5297.31259439132,1
addition_M1_10.mat,6110,7510027,AlwaysVND,1000,965,77,0,528,0.1067462,3847.87553331538,3840.23682185682,0,0,0,1,1,0,0,0,78,137,1449.43706107594,5297.31259439132,1
addition_M1_10.mat,6110,7510027,AlwaysVND,1500,1433,77,0,816,0.1604864,3847.87553331538,3840.23682185682,0,0,0,1,1,0,0,0,78,137,1449.43706107594,5297.31259439132,1
addition_M1_10.mat,6110,7510027,AlwaysVND,2500,2500,77,0,1463,0.2810841,3847.87553331538,3840.23682185682,0,0,0,1,1,0,0,0,78,137,1449.43706107594,5297.31259439132,1
addition_M1_10.mat,6110,7510027,FB-CMPSO,500,497,77,0,240,0.0560852,4353.44144779695,4342.18048837886,0,0,0,1,1,0,0,0,78,137,943.871146594375,5297.31259439132,1
addition_M1_10.mat,6110,7510027,FB-CMPSO,1000,965,77,0,528,0.1073961,3847.87553331538,3840.23682185682,0,0,0,1,1,0,0,0,78,137,1449.43706107594,5297.31259439132,1
addition_M1_10.mat,6110,7510027,FB-CMPSO,1500,1433,77,0,816,0.1689796,3847.87553331538,3840.23682185682,0,0,0,1,1,0,0,0,78,137,1449.43706107594,5297.31259439132,1
addition_M1_10.mat,6110,7510027,FB-CMPSO,2500,2500,77,0,1463,0.2907662,3847.87553331538,3840.23682185682,0,0,0,1,1,0,0,0,78,137,1449.43706107594,5297.31259439132,1
addition_M1_10.mat,6110,7510028,Repair,500,18,0,0,0,0.0022385,5297.31259439132,5281.6813197188,0,0,0,1,NaN,NaN,NaN,NaN,NaN,NaN,NaN,5297.31259439132,0
addition_M1_10.mat,6110,7510028,Repair,1000,18,0,0,0,0.0022385,5297.31259439132,5281.6813197188,0,0,0,1,NaN,NaN,NaN,NaN,NaN,NaN,NaN,5297.31259439132,0
addition_M1_10.mat,6110,7510028,Repair,1500,18,0,0,0,0.0022385,5297.31259439132,5281.6813197188,0,0,0,1,NaN,NaN,NaN,NaN,NaN,NaN,NaN,5297.31259439132,0
addition_M1_10.mat,6110,7510028,Repair,2500,18,0,0,0,0.0022385,5297.31259439132,5281.6813197188,0,0,0,1,NaN,NaN,NaN,NaN,NaN,NaN,NaN,5297.31259439132,0
addition_M1_10.mat,6110,7510028,WarmPSO,500,496,76,0,0,0.0505494,5297.31259439132,5281.6813197188,0,0,0,1,1,0,0,0,77,NaN,NaN,5297.31259439132,0
addition_M1_10.mat,6110,7510028,WarmPSO,1000,976,76,0,0,0.0980237,5297.31259439132,5281.6813197188,0,0,0,1,1,0,0,0,77,NaN,NaN,5297.31259439132,0
addition_M1_10.mat,6110,7510028,WarmPSO,1500,1486,76,0,0,0.1480381,5297.31259439132,5281.6813197188,0,0,0,1,1,0,0,0,77,NaN,NaN,5297.31259439132,0
addition_M1_10.mat,6110,7510028,WarmPSO,2500,2500,76,0,0,0.2607737,5297.31259439132,5281.6813197188,0,0,0,1,1,0,0,0,77,NaN,NaN,5297.31259439132,0
addition_M1_10.mat,6110,7510028,AlwaysVND,500,496,76,0,240,0.050295,4134.45664594525,4124.64487336246,0,0,0,1,1,0,0,0,77,136,1162.85594844607,5297.31259439132,1
addition_M1_10.mat,6110,7510028,AlwaysVND,1000,964,76,0,528,0.101594,4103.25237270496,4091.62158103648,0,0,0,1,1,0,0,0,77,136,1194.06022168636,5297.31259439132,1
addition_M1_10.mat,6110,7510028,AlwaysVND,1500,1432,76,0,816,0.1569957,4103.25237270496,4091.62158103648,0,0,0,1,1,0,0,0,77,136,1194.06022168636,5297.31259439132,1
addition_M1_10.mat,6110,7510028,AlwaysVND,2500,2500,76,0,1464,0.2749044,3995.43360671373,3983.9954349098,0,0,0,1,1,0,0,0,77,136,1301.87898767759,5297.31259439132,1
addition_M1_10.mat,6110,7510028,FB-CMPSO,500,496,76,0,240,0.0538968,4134.45664594525,4124.64487336246,0,0,0,1,1,0,0,0,77,136,1162.85594844607,5297.31259439132,1
addition_M1_10.mat,6110,7510028,FB-CMPSO,1000,964,76,0,528,0.1064271,4103.25237270496,4091.62158103648,0,0,0,1,1,0,0,0,77,136,1194.06022168636,5297.31259439132,1
addition_M1_10.mat,6110,7510028,FB-CMPSO,1500,1432,76,0,816,0.1563724,4103.25237270496,4091.62158103648,0,0,0,1,1,0,0,0,77,136,1194.06022168636,5297.31259439132,1
addition_M1_10.mat,6110,7510028,FB-CMPSO,2500,2500,76,0,1464,0.2853338,3995.43360671373,3983.9954349098,0,0,0,1,1,0,0,0,77,136,1301.87898767759,5297.31259439132,1
addition_M1_10.mat,6110,7510029,Repair,500,18,0,0,0,0.0018462,5297.31259439132,5281.6813197188,0,0,0,1,NaN,NaN,NaN,NaN,NaN,NaN,NaN,5297.31259439132,0
addition_M1_10.mat,6110,7510029,Repair,1000,18,0,0,0,0.0018462,5297.31259439132,5281.6813197188,0,0,0,1,NaN,NaN,NaN,NaN,NaN,NaN,NaN,5297.31259439132,0
addition_M1_10.mat,6110,7510029,Repair,1500,18,0,0,0,0.0018462,5297.31259439132,5281.6813197188,0,0,0,1,NaN,NaN,NaN,NaN,NaN,NaN,NaN,5297.31259439132,0
addition_M1_10.mat,6110,7510029,Repair,2500,18,0,0,0,0.0018462,5297.31259439132,5281.6813197188,0,0,0,1,NaN,NaN,NaN,NaN,NaN,NaN,NaN,5297.31259439132,0
addition_M1_10.mat,6110,7510029,WarmPSO,500,496,76,0,0,0.0525099,5137.18020935647,5124.63289029052,0,0,0,1,1,0,0,0,77,NaN,NaN,5297.31259439132,1
addition_M1_10.mat,6110,7510029,WarmPSO,1000,976,76,0,0,0.0999864,5085.39676846469,5073.45597089015,0,0,0,1,1,0,0,0,77,NaN,NaN,5297.31259439132,1
addition_M1_10.mat,6110,7510029,WarmPSO,1500,1486,76,0,0,0.1528579,5085.39676846469,5073.45597089015,0,0,0,1,1,0,0,0,77,NaN,NaN,5297.31259439132,1
addition_M1_10.mat,6110,7510029,WarmPSO,2500,2500,76,0,0,0.2536903,4877.42736550741,4866.43740028306,0,0,0,1,1,0,0,0,77,NaN,NaN,5297.31259439132,1
addition_M1_10.mat,6110,7510029,AlwaysVND,500,496,76,0,240,0.0550633,5067.58531014951,5053.85481850288,0,0,0,1,1,0,0,0,77,136,205.343992894795,5297.31259439132,1
addition_M1_10.mat,6110,7510029,AlwaysVND,1000,964,76,0,528,0.1057544,4415.81617988519,4403.10539936322,0,0,0,1,1,0,0,0,77,136,857.11312315912,5297.31259439132,1
addition_M1_10.mat,6110,7510029,AlwaysVND,1500,1432,76,0,816,0.1579553,4301.65800690517,4291.00356897848,0,0,0,1,1,0,0,0,77,136,971.271296139138,5297.31259439132,1
addition_M1_10.mat,6110,7510029,AlwaysVND,2500,2500,76,0,1464,0.2814322,3986.8985725469,3980.88626030949,0,0,0,1,1,0,0,0,77,136,1286.0307304974,5297.31259439132,1
addition_M1_10.mat,6110,7510029,FB-CMPSO,500,496,76,0,240,0.052517,5067.58531014951,5053.85481850288,0,0,0,1,1,0,0,0,77,136,205.343992894795,5297.31259439132,1
addition_M1_10.mat,6110,7510029,FB-CMPSO,1000,964,76,0,528,0.1042405,4415.81617988519,4403.10539936322,0,0,0,1,1,0,0,0,77,136,857.11312315912,5297.31259439132,1
addition_M1_10.mat,6110,7510029,FB-CMPSO,1500,1432,76,0,816,0.1554088,4301.65800690517,4291.00356897848,0,0,0,1,1,0,0,0,77,136,971.271296139138,5297.31259439132,1
addition_M1_10.mat,6110,7510029,FB-CMPSO,2500,2500,76,0,1464,0.2768172,3986.8985725469,3980.88626030949,0,0,0,1,1,0,0,0,77,136,1286.0307304974,5297.31259439132,1
addition_M1_10.mat,6110,7510030,Repair,500,18,0,0,0,0.0017272,5297.31259439132,5281.6813197188,0,0,0,1,NaN,NaN,NaN,NaN,NaN,NaN,NaN,5297.31259439132,0
addition_M1_10.mat,6110,7510030,Repair,1000,18,0,0,0,0.0017272,5297.31259439132,5281.6813197188,0,0,0,1,NaN,NaN,NaN,NaN,NaN,NaN,NaN,5297.31259439132,0
addition_M1_10.mat,6110,7510030,Repair,1500,18,0,0,0,0.0017272,5297.31259439132,5281.6813197188,0,0,0,1,NaN,NaN,NaN,NaN,NaN,NaN,NaN,5297.31259439132,0
addition_M1_10.mat,6110,7510030,Repair,2500,18,0,0,0,0.0017272,5297.31259439132,5281.6813197188,0,0,0,1,NaN,NaN,NaN,NaN,NaN,NaN,NaN,5297.31259439132,0
addition_M1_10.mat,6110,7510030,WarmPSO,500,495,75,0,0,0.0521766,5297.31259439132,5281.6813197188,0,0,0,1,1,0,0,0,76,NaN,NaN,5297.31259439132,0
addition_M1_10.mat,6110,7510030,WarmPSO,1000,975,75,0,0,0.1006476,5297.31259439132,5281.6813197188,0,0,0,1,1,0,0,0,76,NaN,NaN,5297.31259439132,0
addition_M1_10.mat,6110,7510030,WarmPSO,1500,1485,75,0,0,0.1545887,5297.31259439132,5281.6813197188,0,0,0,1,1,0,0,0,76,NaN,NaN,5297.31259439132,0
addition_M1_10.mat,6110,7510030,WarmPSO,2500,2500,75,0,0,0.2634573,5297.31259439132,5281.6813197188,0,0,0,1,1,0,0,0,76,NaN,NaN,5297.31259439132,0
addition_M1_10.mat,6110,7510030,AlwaysVND,500,495,75,0,240,0.0539588,4741.79832402344,4730.42227861918,0,0,0,1,1,0,0,0,76,135,555.514270367879,5297.31259439132,1
addition_M1_10.mat,6110,7510030,AlwaysVND,1000,963,75,0,528,0.1069092,4134.45664594525,4124.64487336246,0,0,0,1,1,0,0,0,76,135,1162.85594844607,5297.31259439132,1
addition_M1_10.mat,6110,7510030,AlwaysVND,1500,1431,75,0,816,0.1603082,3995.43360671373,3983.9954349098,0,0,0,1,1,0,0,0,76,135,1301.87898767759,5297.31259439132,1
addition_M1_10.mat,6110,7510030,AlwaysVND,2500,2500,75,0,1465,0.2890801,3995.43360671373,3983.9954349098,0,0,0,1,1,0,0,0,76,135,1301.87898767759,5297.31259439132,1
addition_M1_10.mat,6110,7510030,FB-CMPSO,500,495,75,0,240,0.0523886,4741.79832402344,4730.42227861918,0,0,0,1,1,0,0,0,76,135,555.514270367879,5297.31259439132,1
addition_M1_10.mat,6110,7510030,FB-CMPSO,1000,963,75,0,528,0.1055753,4134.45664594525,4124.64487336246,0,0,0,1,1,0,0,0,76,135,1162.85594844607,5297.31259439132,1
addition_M1_10.mat,6110,7510030,FB-CMPSO,1500,1431,75,0,816,0.159395,3995.43360671373,3983.9954349098,0,0,0,1,1,0,0,0,76,135,1301.87898767759,5297.31259439132,1
addition_M1_10.mat,6110,7510030,FB-CMPSO,2500,2500,75,0,1465,0.2858294,3995.43360671373,3983.9954349098,0,0,0,1,1,0,0,0,76,135,1301.87898767759,5297.31259439132,1
stress_Near_02.mat,8102,9502001,Repair,500,36,0,0,0,0.0105163,5391.56855330791,5377.63150084914,0,0,0,1,NaN,NaN,NaN,NaN,NaN,NaN,NaN,6810.687807547,1
stress_Near_02.mat,8102,9502001,Repair,1000,36,0,0,0,0.0105163,5391.56855330791,5377.63150084914,0,0,0,1,NaN,NaN,NaN,NaN,NaN,NaN,NaN,6810.687807547,1
stress_Near_02.mat,8102,9502001,Repair,1500,36,0,0,0,0.0105163,5391.56855330791,5377.63150084914,0,0,0,1,NaN,NaN,NaN,NaN,NaN,NaN,NaN,6810.687807547,1
stress_Near_02.mat,8102,9502001,Repair,2500,36,0,0,0,0.0105163,5391.56855330791,5377.63150084914,0,0,0,1,NaN,NaN,NaN,NaN,NaN,NaN,NaN,6810.687807547,1
stress_Near_02.mat,8102,9502001,WarmPSO,500,500,200,0,0,0.0646214,5391.56855330791,5377.63150084914,0,0,0,1,1,0,0,0,201,NaN,NaN,6810.687807547,0
stress_Near_02.mat,8102,9502001,WarmPSO,1000,980,200,0,0,0.1154646,5391.56855330791,5377.63150084914,0,0,0,1,1,0,0,0,201,NaN,NaN,6810.687807547,0
stress_Near_02.mat,8102,9502001,WarmPSO,1500,1490,200,0,0,0.1670417,5391.56855330791,5377.63150084914,0,0,0,1,1,0,0,0,201,NaN,NaN,6810.687807547,0
stress_Near_02.mat,8102,9502001,WarmPSO,2500,2500,200,0,0,0.2778773,5391.56855330791,5377.63150084914,0,0,0,1,1,0,0,0,201,NaN,NaN,6810.687807547,0
stress_Near_02.mat,8102,9502001,AlwaysVND,500,473,200,0,153,0.0608344,5008.97218386191,5000.21947914153,0,0,0,1,1,0,0,0,201,260,382.596369446002,6810.687807547,1
stress_Near_02.mat,8102,9502001,AlwaysVND,1000,959,200,0,459,0.1174846,4846.07212272395,4834.78421256397,0,0,0,1,1,0,0,0,201,260,545.496430583961,6810.687807547,1
stress_Near_02.mat,8102,9502001,AlwaysVND,1500,1445,200,0,765,0.1780086,4846.07212272395,4834.78421256397,0,0,0,1,1,0,0,0,201,260,545.496430583961,6810.687807547,1
stress_Near_02.mat,8102,9502001,AlwaysVND,2500,2500,200,0,1428,0.300383,4642.71875437637,4632.41793277355,0,0,0,1,1,0,0,0,201,260,748.849798931539,6810.687807547,1
stress_Near_02.mat,8102,9502001,FB-CMPSO,500,473,200,0,153,0.0612422,5008.97218386191,5000.21947914153,0,0,0,1,1,0,0,0,201,260,382.596369446002,6810.687807547,1
stress_Near_02.mat,8102,9502001,FB-CMPSO,1000,959,200,0,459,0.121356,4846.07212272395,4834.78421256397,0,0,0,1,1,0,0,0,201,260,545.496430583961,6810.687807547,1
stress_Near_02.mat,8102,9502001,FB-CMPSO,1500,1445,200,0,765,0.1786013,4846.07212272395,4834.78421256397,0,0,0,1,1,0,0,0,201,260,545.496430583961,6810.687807547,1
stress_Near_02.mat,8102,9502001,FB-CMPSO,2500,2500,200,0,1428,0.3019792,4642.71875437637,4632.41793277355,0,0,0,1,1,0,0,0,201,260,748.849798931539,6810.687807547,1
stress_Near_02.mat,8102,9502002,Repair,500,36,0,0,0,0.0044196,5391.56855330791,5377.63150084914,0,0,0,1,NaN,NaN,NaN,NaN,NaN,NaN,NaN,6810.687807547,1
stress_Near_02.mat,8102,9502002,Repair,1000,36,0,0,0,0.0044196,5391.56855330791,5377.63150084914,0,0,0,1,NaN,NaN,NaN,NaN,NaN,NaN,NaN,6810.687807547,1
stress_Near_02.mat,8102,9502002,Repair,1500,36,0,0,0,0.0044196,5391.56855330791,5377.63150084914,0,0,0,1,NaN,NaN,NaN,NaN,NaN,NaN,NaN,6810.687807547,1
stress_Near_02.mat,8102,9502002,Repair,2500,36,0,0,0,0.0044196,5391.56855330791,5377.63150084914,0,0,0,1,NaN,NaN,NaN,NaN,NaN,NaN,NaN,6810.687807547,1
stress_Near_02.mat,8102,9502002,WarmPSO,500,500,200,0,0,0.0567597,5391.56855330791,5377.63150084914,0,0,0,1,1,0,0,0,201,NaN,NaN,6810.687807547,0
stress_Near_02.mat,8102,9502002,WarmPSO,1000,980,200,0,0,0.1056561,5391.56855330791,5377.63150084914,0,0,0,1,1,0,0,0,201,NaN,NaN,6810.687807547,0
stress_Near_02.mat,8102,9502002,WarmPSO,1500,1490,200,0,0,0.1596306,5391.56855330791,5377.63150084914,0,0,0,1,1,0,0,0,201,NaN,NaN,6810.687807547,0
stress_Near_02.mat,8102,9502002,WarmPSO,2500,2500,200,0,0,0.2642531,5391.56855330791,5377.63150084914,0,0,0,1,1,0,0,0,201,NaN,NaN,6810.687807547,0
stress_Near_02.mat,8102,9502002,AlwaysVND,500,473,200,0,153,0.0583827,5224.87057490419,5213.49083605708,0,0,0,1,1,0,0,0,201,260,166.697978403721,6810.687807547,1
stress_Near_02.mat,8102,9502002,AlwaysVND,1000,959,200,0,459,0.1144388,4015.17349832885,4006.11161509919,0,0,0,1,1,0,0,0,201,260,1376.39505497906,6810.687807547,1
stress_Near_02.mat,8102,9502002,AlwaysVND,1500,1445,200,0,765,0.1701723,4015.17349832885,4006.11161509919,0,0,0,1,1,0,0,0,201,260,1376.39505497906,6810.687807547,1
stress_Near_02.mat,8102,9502002,AlwaysVND,2500,2500,200,0,1428,0.2991992,4015.17349832885,4006.11161509919,0,0,0,1,1,0,0,0,201,260,1376.39505497906,6810.687807547,1
stress_Near_02.mat,8102,9502002,FB-CMPSO,500,473,200,0,153,0.0589689,5224.87057490419,5213.49083605708,0,0,0,1,1,0,0,0,201,260,166.697978403721,6810.687807547,1
stress_Near_02.mat,8102,9502002,FB-CMPSO,1000,959,200,0,459,0.1145514,4015.17349832885,4006.11161509919,0,0,0,1,1,0,0,0,201,260,1376.39505497906,6810.687807547,1
stress_Near_02.mat,8102,9502002,FB-CMPSO,1500,1445,200,0,765,0.1714823,4015.17349832885,4006.11161509919,0,0,0,1,1,0,0,0,201,260,1376.39505497906,6810.687807547,1
stress_Near_02.mat,8102,9502002,FB-CMPSO,2500,2500,200,0,1428,0.2975119,4015.17349832885,4006.11161509919,0,0,0,1,1,0,0,0,201,260,1376.39505497906,6810.687807547,1
stress_Near_02.mat,8102,9502003,Repair,500,36,0,0,0,0.0036574,5391.56855330791,5377.63150084914,0,0,0,1,NaN,NaN,NaN,NaN,NaN,NaN,NaN,6810.687807547,1
stress_Near_02.mat,8102,9502003,Repair,1000,36,0,0,0,0.0036574,5391.56855330791,5377.63150084914,0,0,0,1,NaN,NaN,NaN,NaN,NaN,NaN,NaN,6810.687807547,1
stress_Near_02.mat,8102,9502003,Repair,1500,36,0,0,0,0.0036574,5391.56855330791,5377.63150084914,0,0,0,1,NaN,NaN,NaN,NaN,NaN,NaN,NaN,6810.687807547,1
stress_Near_02.mat,8102,9502003,Repair,2500,36,0,0,0,0.0036574,5391.56855330791,5377.63150084914,0,0,0,1,NaN,NaN,NaN,NaN,NaN,NaN,NaN,6810.687807547,1
stress_Near_02.mat,8102,9502003,WarmPSO,500,500,200,0,0,0.053819,5391.56855330791,5377.63150084914,0,0,0,1,1,0,0,0,201,NaN,NaN,6810.687807547,0
stress_Near_02.mat,8102,9502003,WarmPSO,1000,980,200,0,0,0.11121,5391.56855330791,5377.63150084914,0,0,0,1,1,0,0,0,201,NaN,NaN,6810.687807547,0
stress_Near_02.mat,8102,9502003,WarmPSO,1500,1490,200,0,0,0.1743765,5391.56855330791,5377.63150084914,0,0,0,1,1,0,0,0,201,NaN,NaN,6810.687807547,0
stress_Near_02.mat,8102,9502003,WarmPSO,2500,2500,200,0,0,0.2768551,5391.56855330791,5377.63150084914,0,0,0,1,1,0,0,0,201,NaN,NaN,6810.687807547,0
stress_Near_02.mat,8102,9502003,AlwaysVND,500,473,200,0,153,0.0639489,5108.76999937971,5093.73721738924,0,0,0,1,1,0,0,0,201,260,282.798553928204,6810.687807547,1
stress_Near_02.mat,8102,9502003,AlwaysVND,1000,959,200,0,459,0.1221057,4466.23511655744,4453.46406401519,0,0,0,1,1,0,0,0,201,260,925.333436750471,6810.687807547,1
stress_Near_02.mat,8102,9502003,AlwaysVND,1500,1445,200,0,765,0.1778311,4466.23511655744,4453.46406401519,0,0,0,1,1,0,0,0,201,260,925.333436750471,6810.687807547,1
stress_Near_02.mat,8102,9502003,AlwaysVND,2500,2500,200,0,1428,0.2994042,4412.97774297374,4397.67784348935,0,0,0,1,1,0,0,0,201,260,978.590810334171,6810.687807547,1
stress_Near_02.mat,8102,9502003,FB-CMPSO,500,473,200,0,153,0.052664,5108.76999937971,5093.73721738924,0,0,0,1,1,0,0,0,201,260,282.798553928204,6810.687807547,1
stress_Near_02.mat,8102,9502003,FB-CMPSO,1000,959,200,0,459,0.1130581,4466.23511655744,4453.46406401519,0,0,0,1,1,0,0,0,201,260,925.333436750471,6810.687807547,1
stress_Near_02.mat,8102,9502003,FB-CMPSO,1500,1445,200,0,765,0.1702676,4466.23511655744,4453.46406401519,0,0,0,1,1,0,0,0,201,260,925.333436750471,6810.687807547,1
stress_Near_02.mat,8102,9502003,FB-CMPSO,2500,2500,200,0,1428,0.3010632,4412.97774297374,4397.67784348935,0,0,0,1,1,0,0,0,201,260,978.590810334171,6810.687807547,1
stress_Near_02.mat,8102,9502004,Repair,500,36,0,0,0,0.0032563,5391.56855330791,5377.63150084914,0,0,0,1,NaN,NaN,NaN,NaN,NaN,NaN,NaN,6810.687807547,1
stress_Near_02.mat,8102,9502004,Repair,1000,36,0,0,0,0.0032563,5391.56855330791,5377.63150084914,0,0,0,1,NaN,NaN,NaN,NaN,NaN,NaN,NaN,6810.687807547,1
stress_Near_02.mat,8102,9502004,Repair,1500,36,0,0,0,0.0032563,5391.56855330791,5377.63150084914,0,0,0,1,NaN,NaN,NaN,NaN,NaN,NaN,NaN,6810.687807547,1
stress_Near_02.mat,8102,9502004,Repair,2500,36,0,0,0,0.0032563,5391.56855330791,5377.63150084914,0,0,0,1,NaN,NaN,NaN,NaN,NaN,NaN,NaN,6810.687807547,1
stress_Near_02.mat,8102,9502004,WarmPSO,500,500,200,0,0,0.058617,5391.56855330791,5377.63150084914,0,0,0,1,1,0,0,0,201,NaN,NaN,6810.687807547,0
stress_Near_02.mat,8102,9502004,WarmPSO,1000,980,200,0,0,0.1070187,5391.56855330791,5377.63150084914,0,0,0,1,1,0,0,0,201,NaN,NaN,6810.687807547,0
stress_Near_02.mat,8102,9502004,WarmPSO,1500,1490,200,0,0,0.1592805,5391.56855330791,5377.63150084914,0,0,0,1,1,0,0,0,201,NaN,NaN,6810.687807547,0
stress_Near_02.mat,8102,9502004,WarmPSO,2500,2500,200,0,0,0.2672714,5391.56855330791,5377.63150084914,0,0,0,1,1,0,0,0,201,NaN,NaN,6810.687807547,0
stress_Near_02.mat,8102,9502004,AlwaysVND,500,473,200,0,153,0.0522703,5108.76999937971,5093.73721738924,0,0,0,1,1,0,0,0,201,260,282.798553928204,6810.687807547,1
stress_Near_02.mat,8102,9502004,AlwaysVND,1000,959,200,0,459,0.1093153,4997.57805448534,4984.27097294139,0,0,0,1,1,0,0,0,201,260,393.990498822573,6810.687807547,1
stress_Near_02.mat,8102,9502004,AlwaysVND,1500,1445,200,0,765,0.1660579,4437.13496121533,4424.82629483669,0,0,0,1,1,0,0,0,201,260,954.433592092584,6810.687807547,1
stress_Near_02.mat,8102,9502004,AlwaysVND,2500,2500,200,0,1428,0.2899722,4437.13496121533,4424.82629483669,0,0,0,1,1,0,0,0,201,260,954.433592092584,6810.687807547,1
stress_Near_02.mat,8102,9502004,FB-CMPSO,500,473,200,0,153,0.0553361,5108.76999937971,5093.73721738924,0,0,0,1,1,0,0,0,201,260,282.798553928204,6810.687807547,1
stress_Near_02.mat,8102,9502004,FB-CMPSO,1000,959,200,0,459,0.119487,4997.57805448534,4984.27097294139,0,0,0,1,1,0,0,0,201,260,393.990498822573,6810.687807547,1
stress_Near_02.mat,8102,9502004,FB-CMPSO,1500,1445,200,0,765,0.1776013,4437.13496121533,4424.82629483669,0,0,0,1,1,0,0,0,201,260,954.433592092584,6810.687807547,1
stress_Near_02.mat,8102,9502004,FB-CMPSO,2500,2500,200,0,1428,0.3056052,4437.13496121533,4424.82629483669,0,0,0,1,1,0,0,0,201,260,954.433592092584,6810.687807547,1
stress_Near_02.mat,8102,9502005,Repair,500,36,0,0,0,0.0060388,5391.56855330791,5377.63150084914,0,0,0,1,NaN,NaN,NaN,NaN,NaN,NaN,NaN,6810.687807547,1
stress_Near_02.mat,8102,9502005,Repair,1000,36,0,0,0,0.0060388,5391.56855330791,5377.63150084914,0,0,0,1,NaN,NaN,NaN,NaN,NaN,NaN,NaN,6810.687807547,1
stress_Near_02.mat,8102,9502005,Repair,1500,36,0,0,0,0.0060388,5391.56855330791,5377.63150084914,0,0,0,1,NaN,NaN,NaN,NaN,NaN,NaN,NaN,6810.687807547,1
stress_Near_02.mat,8102,9502005,Repair,2500,36,0,0,0,0.0060388,5391.56855330791,5377.63150084914,0,0,0,1,NaN,NaN,NaN,NaN,NaN,NaN,NaN,6810.687807547,1
stress_Near_02.mat,8102,9502005,WarmPSO,500,500,200,0,0,0.0646187,5391.56855330791,5377.63150084914,0,0,0,1,1,0,0,0,201,NaN,NaN,6810.687807547,0
stress_Near_02.mat,8102,9502005,WarmPSO,1000,980,200,0,0,0.119895,5391.56855330791,5377.63150084914,0,0,0,1,1,0,0,0,201,NaN,NaN,6810.687807547,0
stress_Near_02.mat,8102,9502005,WarmPSO,1500,1490,200,0,0,0.173094,5391.56855330791,5377.63150084914,0,0,0,1,1,0,0,0,201,NaN,NaN,6810.687807547,0
stress_Near_02.mat,8102,9502005,WarmPSO,2500,2500,200,0,0,0.2780874,5391.56855330791,5377.63150084914,0,0,0,1,1,0,0,0,201,NaN,NaN,6810.687807547,0
stress_Near_02.mat,8102,9502005,AlwaysVND,500,473,200,0,153,0.0560938,4542.91016316416,4533.16514289464,0,0,0,1,1,0,0,0,201,260,1160.28983148179,6810.687807547,1
stress_Near_02.mat,8102,9502005,AlwaysVND,1000,959,200,0,459,0.1137848,4133.91142187174,4123.7575919024,0,0,0,1,1,0,0,0,201,260,1569.28857277422,6810.687807547,1
stress_Near_02.mat,8102,9502005,AlwaysVND,1500,1445,200,0,765,0.1741755,4133.91142187174,4123.7575919024,0,0,0,1,1,0,0,0,201,260,1569.28857277422,6810.687807547,1
stress_Near_02.mat,8102,9502005,AlwaysVND,2500,2500,200,0,1428,0.2986367,4133.91142187174,4123.7575919024,0,0,0,1,1,0,0,0,201,260,1569.28857277422,6810.687807547,1
stress_Near_02.mat,8102,9502005,FB-CMPSO,500,473,200,0,153,0.0529406,4542.91016316416,4533.16514289464,0,0,0,1,1,0,0,0,201,260,1160.28983148179,6810.687807547,1
stress_Near_02.mat,8102,9502005,FB-CMPSO,1000,959,200,0,459,0.109388,4133.91142187174,4123.7575919024,0,0,0,1,1,0,0,0,201,260,1569.28857277422,6810.687807547,1
stress_Near_02.mat,8102,9502005,FB-CMPSO,1500,1445,200,0,765,0.1672057,4133.91142187174,4123.7575919024,0,0,0,1,1,0,0,0,201,260,1569.28857277422,6810.687807547,1
stress_Near_02.mat,8102,9502005,FB-CMPSO,2500,2500,200,0,1428,0.3211878,4133.91142187174,4123.7575919024,0,0,0,1,1,0,0,0,201,260,1569.28857277422,6810.687807547,1
stress_Near_02.mat,8102,9502006,Repair,500,36,0,0,0,0.0036322,5391.56855330791,5377.63150084914,0,0,0,1,NaN,NaN,NaN,NaN,NaN,NaN,NaN,6810.687807547,1
stress_Near_02.mat,8102,9502006,Repair,1000,36,0,0,0,0.0036322,5391.56855330791,5377.63150084914,0,0,0,1,NaN,NaN,NaN,NaN,NaN,NaN,NaN,6810.687807547,1
stress_Near_02.mat,8102,9502006,Repair,1500,36,0,0,0,0.0036322,5391.56855330791,5377.63150084914,0,0,0,1,NaN,NaN,NaN,NaN,NaN,NaN,NaN,6810.687807547,1
stress_Near_02.mat,8102,9502006,Repair,2500,36,0,0,0,0.0036322,5391.56855330791,5377.63150084914,0,0,0,1,NaN,NaN,NaN,NaN,NaN,NaN,NaN,6810.687807547,1
stress_Near_02.mat,8102,9502006,WarmPSO,500,500,200,0,0,0.0544791,5391.56855330791,5377.63150084914,0,0,0,1,1,0,0,0,201,NaN,NaN,6810.687807547,0
stress_Near_02.mat,8102,9502006,WarmPSO,1000,980,200,0,0,0.1083291,5391.56855330791,5377.63150084914,0,0,0,1,1,0,0,0,201,NaN,NaN,6810.687807547,0
stress_Near_02.mat,8102,9502006,WarmPSO,1500,1490,200,0,0,0.163442,5391.56855330791,5377.63150084914,0,0,0,1,1,0,0,0,201,NaN,NaN,6810.687807547,0
stress_Near_02.mat,8102,9502006,WarmPSO,2500,2500,200,0,0,0.2733813,5391.56855330791,5377.63150084914,0,0,0,1,1,0,0,0,201,NaN,NaN,6810.687807547,0
stress_Near_02.mat,8102,9502006,AlwaysVND,500,473,200,0,153,0.0521487,5222.6108477207,5213.49154328881,0,0,0,1,1,0,0,0,201,260,168.957705587211,6810.687807547,1
stress_Near_02.mat,8102,9502006,AlwaysVND,1000,959,200,0,459,0.1091068,5222.6108477207,5213.49154328881,0,0,0,1,1,0,0,0,201,260,168.957705587211,6810.687807547,1
stress_Near_02.mat,8102,9502006,AlwaysVND,1500,1445,200,0,765,0.1654021,4948.61541368467,4937.47364208174,0,0,0,1,1,0,0,0,201,260,442.953139623242,6810.687807547,1
stress_Near_02.mat,8102,9502006,AlwaysVND,2500,2500,200,0,1428,0.29353,4477.53683342365,4466.65133881612,0,0,0,1,1,0,0,0,201,260,914.03171988426,6810.687807547,1
stress_Near_02.mat,8102,9502006,FB-CMPSO,500,473,200,0,153,0.0547158,5222.6108477207,5213.49154328881,0,0,0,1,1,0,0,0,201,260,168.957705587211,6810.687807547,1
stress_Near_02.mat,8102,9502006,FB-CMPSO,1000,959,200,0,459,0.1123791,5222.6108477207,5213.49154328881,0,0,0,1,1,0,0,0,201,260,168.957705587211,6810.687807547,1
stress_Near_02.mat,8102,9502006,FB-CMPSO,1500,1445,200,0,765,0.1687458,4948.61541368467,4937.47364208174,0,0,0,1,1,0,0,0,201,260,442.953139623242,6810.687807547,1
stress_Near_02.mat,8102,9502006,FB-CMPSO,2500,2500,200,0,1428,0.2961708,4477.53683342365,4466.65133881612,0,0,0,1,1,0,0,0,201,260,914.03171988426,6810.687807547,1
stress_Near_02.mat,8102,9502007,Repair,500,36,0,0,0,0.0030547,5391.56855330791,5377.63150084914,0,0,0,1,NaN,NaN,NaN,NaN,NaN,NaN,NaN,6810.687807547,1
stress_Near_02.mat,8102,9502007,Repair,1000,36,0,0,0,0.0030547,5391.56855330791,5377.63150084914,0,0,0,1,NaN,NaN,NaN,NaN,NaN,NaN,NaN,6810.687807547,1
stress_Near_02.mat,8102,9502007,Repair,1500,36,0,0,0,0.0030547,5391.56855330791,5377.63150084914,0,0,0,1,NaN,NaN,NaN,NaN,NaN,NaN,NaN,6810.687807547,1
stress_Near_02.mat,8102,9502007,Repair,2500,36,0,0,0,0.0030547,5391.56855330791,5377.63150084914,0,0,0,1,NaN,NaN,NaN,NaN,NaN,NaN,NaN,6810.687807547,1
stress_Near_02.mat,8102,9502007,WarmPSO,500,500,200,0,0,0.0557658,5391.56855330791,5377.63150084914,0,0,0,1,1,0,0,0,201,NaN,NaN,6810.687807547,0
stress_Near_02.mat,8102,9502007,WarmPSO,1000,980,200,0,0,0.1056496,5391.56855330791,5377.63150084914,0,0,0,1,1,0,0,0,201,NaN,NaN,6810.687807547,0
stress_Near_02.mat,8102,9502007,WarmPSO,1500,1490,200,0,0,0.1581897,5391.56855330791,5377.63150084914,0,0,0,1,1,0,0,0,201,NaN,NaN,6810.687807547,0
stress_Near_02.mat,8102,9502007,WarmPSO,2500,2500,200,0,0,0.2662105,5391.56855330791,5377.63150084914,0,0,0,1,1,0,0,0,201,NaN,NaN,6810.687807547,0
stress_Near_02.mat,8102,9502007,AlwaysVND,500,473,200,0,153,0.0560737,4531.87143729136,4520.90760436668,0,0,0,1,1,0,0,0,201,260,859.697116016554,6810.687807547,1
stress_Near_02.mat,8102,9502007,AlwaysVND,1000,959,200,0,459,0.1126523,4154.19653756037,4146.76105355185,0,0,0,1,1,0,0,0,201,260,1237.37201574754,6810.687807547,1
stress_Near_02.mat,8102,9502007,AlwaysVND,1500,1445,200,0,765,0.1800342,4154.19653756037,4146.76105355185,0,0,0,1,1,0,0,0,201,260,1237.37201574754,6810.687807547,1
stress_Near_02.mat,8102,9502007,AlwaysVND,2500,2500,200,0,1428,0.3003066,4154.19653756037,4146.76105355185,0,0,0,1,1,0,0,0,201,260,1237.37201574754,6810.687807547,1
stress_Near_02.mat,8102,9502007,FB-CMPSO,500,473,200,0,153,0.0536419,4531.87143729136,4520.90760436668,0,0,0,1,1,0,0,0,201,260,859.697116016554,6810.687807547,1
stress_Near_02.mat,8102,9502007,FB-CMPSO,1000,959,200,0,459,0.1140388,4154.19653756037,4146.76105355185,0,0,0,1,1,0,0,0,201,260,1237.37201574754,6810.687807547,1
stress_Near_02.mat,8102,9502007,FB-CMPSO,1500,1445,200,0,765,0.1700056,4154.19653756037,4146.76105355185,0,0,0,1,1,0,0,0,201,260,1237.37201574754,6810.687807547,1
stress_Near_02.mat,8102,9502007,FB-CMPSO,2500,2500,200,0,1428,0.2970913,4154.19653756037,4146.76105355185,0,0,0,1,1,0,0,0,201,260,1237.37201574754,6810.687807547,1
stress_Near_02.mat,8102,9502008,Repair,500,36,0,0,0,0.0028229,5391.56855330791,5377.63150084914,0,0,0,1,NaN,NaN,NaN,NaN,NaN,NaN,NaN,6810.687807547,1
stress_Near_02.mat,8102,9502008,Repair,1000,36,0,0,0,0.0028229,5391.56855330791,5377.63150084914,0,0,0,1,NaN,NaN,NaN,NaN,NaN,NaN,NaN,6810.687807547,1
stress_Near_02.mat,8102,9502008,Repair,1500,36,0,0,0,0.0028229,5391.56855330791,5377.63150084914,0,0,0,1,NaN,NaN,NaN,NaN,NaN,NaN,NaN,6810.687807547,1
stress_Near_02.mat,8102,9502008,Repair,2500,36,0,0,0,0.0028229,5391.56855330791,5377.63150084914,0,0,0,1,NaN,NaN,NaN,NaN,NaN,NaN,NaN,6810.687807547,1
stress_Near_02.mat,8102,9502008,WarmPSO,500,500,200,0,0,0.0546626,5391.56855330791,5377.63150084914,0,0,0,1,1,0,0,0,201,NaN,NaN,6810.687807547,0
stress_Near_02.mat,8102,9502008,WarmPSO,1000,980,200,0,0,0.1032119,5391.56855330791,5377.63150084914,0,0,0,1,1,0,0,0,201,NaN,NaN,6810.687807547,0
stress_Near_02.mat,8102,9502008,WarmPSO,1500,1490,200,0,0,0.1551072,5391.56855330791,5377.63150084914,0,0,0,1,1,0,0,0,201,NaN,NaN,6810.687807547,0
stress_Near_02.mat,8102,9502008,WarmPSO,2500,2500,200,0,0,0.2577106,5391.56855330791,5377.63150084914,0,0,0,1,1,0,0,0,201,NaN,NaN,6810.687807547,0
stress_Near_02.mat,8102,9502008,AlwaysVND,500,473,200,0,153,0.0533333,4154.19653756037,4146.76105355185,0,0,0,1,1,0,0,0,201,260,1237.37201574754,6810.687807547,1
stress_Near_02.mat,8102,9502008,AlwaysVND,1000,959,200,0,459,0.1142742,4154.19653756037,4146.76105355185,0,0,0,1,1,0,0,0,201,260,1237.37201574754,6810.687807547,1
stress_Near_02.mat,8102,9502008,AlwaysVND,1500,1445,200,0,765,0.1754809,4154.19653756037,4146.76105355185,0,0,0,1,1,0,0,0,201,260,1237.37201574754,6810.687807547,1
stress_Near_02.mat,8102,9502008,AlwaysVND,2500,2500,200,0,1428,0.3046549,4154.19653756037,4146.76105355185,0,0,0,1,1,0,0,0,201,260,1237.37201574754,6810.687807547,1
stress_Near_02.mat,8102,9502008,FB-CMPSO,500,473,200,0,153,0.0586305,4154.19653756037,4146.76105355185,0,0,0,1,1,0,0,0,201,260,1237.37201574754,6810.687807547,1
stress_Near_02.mat,8102,9502008,FB-CMPSO,1000,959,200,0,459,0.1185733,4154.19653756037,4146.76105355185,0,0,0,1,1,0,0,0,201,260,1237.37201574754,6810.687807547,1
stress_Near_02.mat,8102,9502008,FB-CMPSO,1500,1445,200,0,765,0.1742913,4154.19653756037,4146.76105355185,0,0,0,1,1,0,0,0,201,260,1237.37201574754,6810.687807547,1
stress_Near_02.mat,8102,9502008,FB-CMPSO,2500,2500,200,0,1428,0.2981178,4154.19653756037,4146.76105355185,0,0,0,1,1,0,0,0,201,260,1237.37201574754,6810.687807547,1
stress_Near_02.mat,8102,9502009,Repair,500,36,0,0,0,0.0034192,5391.56855330791,5377.63150084914,0,0,0,1,NaN,NaN,NaN,NaN,NaN,NaN,NaN,6810.687807547,1
stress_Near_02.mat,8102,9502009,Repair,1000,36,0,0,0,0.0034192,5391.56855330791,5377.63150084914,0,0,0,1,NaN,NaN,NaN,NaN,NaN,NaN,NaN,6810.687807547,1
stress_Near_02.mat,8102,9502009,Repair,1500,36,0,0,0,0.0034192,5391.56855330791,5377.63150084914,0,0,0,1,NaN,NaN,NaN,NaN,NaN,NaN,NaN,6810.687807547,1
stress_Near_02.mat,8102,9502009,Repair,2500,36,0,0,0,0.0034192,5391.56855330791,5377.63150084914,0,0,0,1,NaN,NaN,NaN,NaN,NaN,NaN,NaN,6810.687807547,1
stress_Near_02.mat,8102,9502009,WarmPSO,500,500,200,0,0,0.059962,5365.4414099616,5349.93227729661,0,0,0,1,1,0,0,0,201,NaN,NaN,6810.687807547,1
stress_Near_02.mat,8102,9502009,WarmPSO,1000,980,200,0,0,0.111672,5365.4414099616,5349.93227729661,0,0,0,1,1,0,0,0,201,NaN,NaN,6810.687807547,1
stress_Near_02.mat,8102,9502009,WarmPSO,1500,1490,200,0,0,0.1662019,5365.4414099616,5349.93227729661,0,0,0,1,1,0,0,0,201,NaN,NaN,6810.687807547,1
stress_Near_02.mat,8102,9502009,WarmPSO,2500,2500,200,0,0,0.2672627,5365.4414099616,5349.93227729661,0,0,0,1,1,0,0,0,201,NaN,NaN,6810.687807547,1
stress_Near_02.mat,8102,9502009,AlwaysVND,500,473,200,0,153,0.0529471,4825.84858681912,4811.23038417948,0,0,0,1,1,0,0,0,201,260,539.592823142483,6810.687807547,1
stress_Near_02.mat,8102,9502009,AlwaysVND,1000,959,200,0,459,0.1096398,4437.13496121533,4424.82629483669,0,0,0,1,1,0,0,0,201,260,928.306448746274,6810.687807547,1
stress_Near_02.mat,8102,9502009,AlwaysVND,1500,1445,200,0,765,0.1638285,4437.13496121533,4424.82629483669,0,0,0,1,1,0,0,0,201,260,928.306448746274,6810.687807547,1
stress_Near_02.mat,8102,9502009,AlwaysVND,2500,2500,200,0,1428,0.2889806,4437.13496121533,4424.82629483669,0,0,0,1,1,0,0,0,201,260,928.306448746274,6810.687807547,1
stress_Near_02.mat,8102,9502009,FB-CMPSO,500,473,200,0,153,0.0534755,4825.84858681912,4811.23038417948,0,0,0,1,1,0,0,0,201,260,539.592823142483,6810.687807547,1
stress_Near_02.mat,8102,9502009,FB-CMPSO,1000,959,200,0,459,0.1148806,4437.13496121533,4424.82629483669,0,0,0,1,1,0,0,0,201,260,928.306448746274,6810.687807547,1
stress_Near_02.mat,8102,9502009,FB-CMPSO,1500,1445,200,0,765,0.1755097,4437.13496121533,4424.82629483669,0,0,0,1,1,0,0,0,201,260,928.306448746274,6810.687807547,1
stress_Near_02.mat,8102,9502009,FB-CMPSO,2500,2500,200,0,1428,0.3187076,4437.13496121533,4424.82629483669,0,0,0,1,1,0,0,0,201,260,928.306448746274,6810.687807547,1
stress_Near_02.mat,8102,9502010,Repair,500,36,0,0,0,0.0033707,5391.56855330791,5377.63150084914,0,0,0,1,NaN,NaN,NaN,NaN,NaN,NaN,NaN,6810.687807547,1
stress_Near_02.mat,8102,9502010,Repair,1000,36,0,0,0,0.0033707,5391.56855330791,5377.63150084914,0,0,0,1,NaN,NaN,NaN,NaN,NaN,NaN,NaN,6810.687807547,1
stress_Near_02.mat,8102,9502010,Repair,1500,36,0,0,0,0.0033707,5391.56855330791,5377.63150084914,0,0,0,1,NaN,NaN,NaN,NaN,NaN,NaN,NaN,6810.687807547,1
stress_Near_02.mat,8102,9502010,Repair,2500,36,0,0,0,0.0033707,5391.56855330791,5377.63150084914,0,0,0,1,NaN,NaN,NaN,NaN,NaN,NaN,NaN,6810.687807547,1
stress_Near_02.mat,8102,9502010,WarmPSO,500,500,200,0,0,0.0548927,5391.56855330791,5377.63150084914,0,0,0,1,1,0,0,0,201,NaN,NaN,6810.687807547,0
stress_Near_02.mat,8102,9502010,WarmPSO,1000,980,200,0,0,0.1038021,5391.56855330791,5377.63150084914,0,0,0,1,1,0,0,0,201,NaN,NaN,6810.687807547,0
stress_Near_02.mat,8102,9502010,WarmPSO,1500,1490,200,0,0,0.1578863,5391.56855330791,5377.63150084914,0,0,0,1,1,0,0,0,201,NaN,NaN,6810.687807547,0
stress_Near_02.mat,8102,9502010,WarmPSO,2500,2500,200,0,0,0.2630861,5391.56855330791,5377.63150084914,0,0,0,1,1,0,0,0,201,NaN,NaN,6810.687807547,0
stress_Near_02.mat,8102,9502010,AlwaysVND,500,473,200,0,153,0.0542087,5059.35148061689,5045.64002502236,0,0,0,1,1,0,0,0,201,260,332.217072691021,6810.687807547,1
stress_Near_02.mat,8102,9502010,AlwaysVND,1000,959,200,0,459,0.1142289,4015.17349832885,4006.11161509919,0,0,0,1,1,0,0,0,201,260,1376.39505497906,6810.687807547,1
stress_Near_02.mat,8102,9502010,AlwaysVND,1500,1445,200,0,765,0.1710646,4015.17349832885,4006.11161509919,0,0,0,1,1,0,0,0,201,260,1376.39505497906,6810.687807547,1
stress_Near_02.mat,8102,9502010,AlwaysVND,2500,2500,200,0,1428,0.2989542,4015.17349832885,4006.11161509919,0,0,0,1,1,0,0,0,201,260,1376.39505497906,6810.687807547,1
stress_Near_02.mat,8102,9502010,FB-CMPSO,500,473,200,0,153,0.0546839,5059.35148061689,5045.64002502236,0,0,0,1,1,0,0,0,201,260,332.217072691021,6810.687807547,1
stress_Near_02.mat,8102,9502010,FB-CMPSO,1000,959,200,0,459,0.1127099,4015.17349832885,4006.11161509919,0,0,0,1,1,0,0,0,201,260,1376.39505497906,6810.687807547,1
stress_Near_02.mat,8102,9502010,FB-CMPSO,1500,1445,200,0,765,0.1731659,4015.17349832885,4006.11161509919,0,0,0,1,1,0,0,0,201,260,1376.39505497906,6810.687807547,1
stress_Near_02.mat,8102,9502010,FB-CMPSO,2500,2500,200,0,1428,0.3121274,4015.17349832885,4006.11161509919,0,0,0,1,1,0,0,0,201,260,1376.39505497906,6810.687807547,1
stress_Near_02.mat,8102,9502011,Repair,500,36,0,0,0,0.0031428,5391.56855330791,5377.63150084914,0,0,0,1,NaN,NaN,NaN,NaN,NaN,NaN,NaN,6810.687807547,1
stress_Near_02.mat,8102,9502011,Repair,1000,36,0,0,0,0.0031428,5391.56855330791,5377.63150084914,0,0,0,1,NaN,NaN,NaN,NaN,NaN,NaN,NaN,6810.687807547,1
stress_Near_02.mat,8102,9502011,Repair,1500,36,0,0,0,0.0031428,5391.56855330791,5377.63150084914,0,0,0,1,NaN,NaN,NaN,NaN,NaN,NaN,NaN,6810.687807547,1
stress_Near_02.mat,8102,9502011,Repair,2500,36,0,0,0,0.0031428,5391.56855330791,5377.63150084914,0,0,0,1,NaN,NaN,NaN,NaN,NaN,NaN,NaN,6810.687807547,1
stress_Near_02.mat,8102,9502011,WarmPSO,500,500,200,0,0,0.0553067,5391.56855330791,5377.63150084914,0,0,0,1,1,0,0,0,201,NaN,NaN,6810.687807547,0
stress_Near_02.mat,8102,9502011,WarmPSO,1000,980,200,0,0,0.1147725,5391.56855330791,5377.63150084914,0,0,0,1,1,0,0,0,201,NaN,NaN,6810.687807547,0
stress_Near_02.mat,8102,9502011,WarmPSO,1500,1490,200,0,0,0.1667349,5391.56855330791,5377.63150084914,0,0,0,1,1,0,0,0,201,NaN,NaN,6810.687807547,0
stress_Near_02.mat,8102,9502011,WarmPSO,2500,2500,200,0,0,0.2711526,5391.56855330791,5377.63150084914,0,0,0,1,1,0,0,0,201,NaN,NaN,6810.687807547,0
stress_Near_02.mat,8102,9502011,AlwaysVND,500,473,200,0,153,0.0513536,4714.63963083038,4706.20573165655,0,0,0,1,1,0,0,0,201,260,676.928922477529,6810.687807547,1
stress_Near_02.mat,8102,9502011,AlwaysVND,1000,959,200,0,459,0.1088006,4542.91016316416,4533.16514289464,0,0,0,1,1,0,0,0,201,260,848.658390143748,6810.687807547,1
stress_Near_02.mat,8102,9502011,AlwaysVND,1500,1445,200,0,765,0.1645945,4198.74659452149,4191.68311656245,0,0,0,1,1,0,0,0,201,260,1192.82195878642,6810.687807547,1
stress_Near_02.mat,8102,9502011,AlwaysVND,2500,2500,200,0,1428,0.2906386,4133.91142187174,4123.7575919024,0,0,0,1,1,0,0,0,201,260,1257.65713143617,6810.687807547,1
stress_Near_02.mat,8102,9502011,FB-CMPSO,500,473,200,0,153,0.0607348,4714.63963083038,4706.20573165655,0,0,0,1,1,0,0,0,201,260,676.928922477529,6810.687807547,1
stress_Near_02.mat,8102,9502011,FB-CMPSO,1000,959,200,0,459,0.1160598,4542.91016316416,4533.16514289464,0,0,0,1,1,0,0,0,201,260,848.658390143748,6810.687807547,1
stress_Near_02.mat,8102,9502011,FB-CMPSO,1500,1445,200,0,765,0.1717989,4198.74659452149,4191.68311656245,0,0,0,1,1,0,0,0,201,260,1192.82195878642,6810.687807547,1
stress_Near_02.mat,8102,9502011,FB-CMPSO,2500,2500,200,0,1428,0.2995142,4133.91142187174,4123.7575919024,0,0,0,1,1,0,0,0,201,260,1257.65713143617,6810.687807547,1
stress_Near_02.mat,8102,9502012,Repair,500,36,0,0,0,0.0033864,5391.56855330791,5377.63150084914,0,0,0,1,NaN,NaN,NaN,NaN,NaN,NaN,NaN,6810.687807547,1
stress_Near_02.mat,8102,9502012,Repair,1000,36,0,0,0,0.0033864,5391.56855330791,5377.63150084914,0,0,0,1,NaN,NaN,NaN,NaN,NaN,NaN,NaN,6810.687807547,1
stress_Near_02.mat,8102,9502012,Repair,1500,36,0,0,0,0.0033864,5391.56855330791,5377.63150084914,0,0,0,1,NaN,NaN,NaN,NaN,NaN,NaN,NaN,6810.687807547,1
stress_Near_02.mat,8102,9502012,Repair,2500,36,0,0,0,0.0033864,5391.56855330791,5377.63150084914,0,0,0,1,NaN,NaN,NaN,NaN,NaN,NaN,NaN,6810.687807547,1
stress_Near_02.mat,8102,9502012,WarmPSO,500,500,200,0,0,0.0584623,5391.56855330791,5377.63150084914,0,0,0,1,1,0,0,0,201,NaN,NaN,6810.687807547,0
stress_Near_02.mat,8102,9502012,WarmPSO,1000,980,200,0,0,0.1108327,5391.56855330791,5377.63150084914,0,0,0,1,1,0,0,0,201,NaN,NaN,6810.687807547,0
stress_Near_02.mat,8102,9502012,WarmPSO,1500,1490,200,0,0,0.1663939,5391.56855330791,5377.63150084914,0,0,0,1,1,0,0,0,201,NaN,NaN,6810.687807547,0
stress_Near_02.mat,8102,9502012,WarmPSO,2500,2500,200,0,0,0.2757367,5391.56855330791,5377.63150084914,0,0,0,1,1,0,0,0,201,NaN,NaN,6810.687807547,0
stress_Near_02.mat,8102,9502012,AlwaysVND,500,473,200,0,153,0.0600981,5300.26129188495,5285.98218203963,0,0,0,1,1,0,0,0,201,260,91.3072614229577,6810.687807547,1
stress_Near_02.mat,8102,9502012,AlwaysVND,1000,959,200,0,459,0.1160836,4409.25161625488,4399.17403380038,0,0,0,1,1,0,0,0,201,260,982.316937053037,6810.687807547,1
stress_Near_02.mat,8102,9502012,AlwaysVND,1500,1445,200,0,765,0.1765809,4388.07134302966,4380.05993435277,0,0,0,1,1,0,0,0,201,260,1003.49721027825,6810.687807547,1
stress_Near_02.mat,8102,9502012,AlwaysVND,2500,2500,200,0,1428,0.3055381,4133.91142187174,4123.7575919024,0,0,0,1,1,0,0,0,201,260,1257.65713143617,6810.687807547,1
stress_Near_02.mat,8102,9502012,FB-CMPSO,500,473,200,0,153,0.0563383,5300.26129188495,5285.98218203963,0,0,0,1,1,0,0,0,201,260,91.3072614229577,6810.687807547,1
stress_Near_02.mat,8102,9502012,FB-CMPSO,1000,959,200,0,459,0.1268114,4409.25161625488,4399.17403380038,0,0,0,1,1,0,0,0,201,260,982.316937053037,6810.687807547,1
stress_Near_02.mat,8102,9502012,FB-CMPSO,1500,1445,200,0,765,0.1911676,4388.07134302966,4380.05993435277,0,0,0,1,1,0,0,0,201,260,1003.49721027825,6810.687807547,1
stress_Near_02.mat,8102,9502012,FB-CMPSO,2500,2500,200,0,1428,0.3127212,4133.91142187174,4123.7575919024,0,0,0,1,1,0,0,0,201,260,1257.65713143617,6810.687807547,1
stress_Near_02.mat,8102,9502013,Repair,500,36,0,0,0,0.0029799,5391.56855330791,5377.63150084914,0,0,0,1,NaN,NaN,NaN,NaN,NaN,NaN,NaN,6810.687807547,1
stress_Near_02.mat,8102,9502013,Repair,1000,36,0,0,0,0.0029799,5391.56855330791,5377.63150084914,0,0,0,1,NaN,NaN,NaN,NaN,NaN,NaN,NaN,6810.687807547,1
stress_Near_02.mat,8102,9502013,Repair,1500,36,0,0,0,0.0029799,5391.56855330791,5377.63150084914,0,0,0,1,NaN,NaN,NaN,NaN,NaN,NaN,NaN,6810.687807547,1
stress_Near_02.mat,8102,9502013,Repair,2500,36,0,0,0,0.0029799,5391.56855330791,5377.63150084914,0,0,0,1,NaN,NaN,NaN,NaN,NaN,NaN,NaN,6810.687807547,1
stress_Near_02.mat,8102,9502013,WarmPSO,500,500,200,0,0,0.0533934,5391.56855330791,5377.63150084914,0,0,0,1,1,0,0,0,201,NaN,NaN,6810.687807547,0
stress_Near_02.mat,8102,9502013,WarmPSO,1000,980,200,0,0,0.1017407,5391.56855330791,5377.63150084914,0,0,0,1,1,0,0,0,201,NaN,NaN,6810.687807547,0
stress_Near_02.mat,8102,9502013,WarmPSO,1500,1490,200,0,0,0.1550815,5391.56855330791,5377.63150084914,0,0,0,1,1,0,0,0,201,NaN,NaN,6810.687807547,0
stress_Near_02.mat,8102,9502013,WarmPSO,2500,2500,200,0,0,0.2632376,5391.56855330791,5377.63150084914,0,0,0,1,1,0,0,0,201,NaN,NaN,6810.687807547,0
stress_Near_02.mat,8102,9502013,AlwaysVND,500,473,200,0,153,0.0546491,5319.55926657577,5311.28473553166,0,0,0,1,1,0,0,0,201,260,72.0092867321428,6810.687807547,1
stress_Near_02.mat,8102,9502013,AlwaysVND,1000,959,200,0,459,0.1106056,4960.00954306124,4953.42214828187,0,0,0,1,1,0,0,0,201,260,431.559010246669,6810.687807547,1
stress_Near_02.mat,8102,9502013,AlwaysVND,1500,1445,200,0,765,0.1851182,4780.5846316214,4770.94766584977,0,0,0,1,1,0,0,0,201,260,610.983921686514,6810.687807547,1
stress_Near_02.mat,8102,9502013,AlwaysVND,2500,2500,200,0,1428,0.30689,4780.5846316214,4770.94766584977,0,0,0,1,1,0,0,0,201,260,610.983921686514,6810.687807547,1
stress_Near_02.mat,8102,9502013,FB-CMPSO,500,473,200,0,153,0.0514963,5319.55926657577,5311.28473553166,0,0,0,1,1,0,0,0,201,260,72.0092867321428,6810.687807547,1
stress_Near_02.mat,8102,9502013,FB-CMPSO,1000,959,200,0,459,0.1109532,4960.00954306124,4953.42214828187,0,0,0,1,1,0,0,0,201,260,431.559010246669,6810.687807547,1
stress_Near_02.mat,8102,9502013,FB-CMPSO,1500,1445,200,0,765,0.1660261,4780.5846316214,4770.94766584977,0,0,0,1,1,0,0,0,201,260,610.983921686514,6810.687807547,1
stress_Near_02.mat,8102,9502013,FB-CMPSO,2500,2500,200,0,1428,0.2872974,4780.5846316214,4770.94766584977,0,0,0,1,1,0,0,0,201,260,610.983921686514,6810.687807547,1
stress_Near_02.mat,8102,9502014,Repair,500,36,0,0,0,0.0037029,5391.56855330791,5377.63150084914,0,0,0,1,NaN,NaN,NaN,NaN,NaN,NaN,NaN,6810.687807547,1
stress_Near_02.mat,8102,9502014,Repair,1000,36,0,0,0,0.0037029,5391.56855330791,5377.63150084914,0,0,0,1,NaN,NaN,NaN,NaN,NaN,NaN,NaN,6810.687807547,1
stress_Near_02.mat,8102,9502014,Repair,1500,36,0,0,0,0.0037029,5391.56855330791,5377.63150084914,0,0,0,1,NaN,NaN,NaN,NaN,NaN,NaN,NaN,6810.687807547,1
stress_Near_02.mat,8102,9502014,Repair,2500,36,0,0,0,0.0037029,5391.56855330791,5377.63150084914,0,0,0,1,NaN,NaN,NaN,NaN,NaN,NaN,NaN,6810.687807547,1
stress_Near_02.mat,8102,9502014,WarmPSO,500,500,200,0,0,0.0562926,5391.56855330791,5377.63150084914,0,0,0,1,1,0,0,0,201,NaN,NaN,6810.687807547,0
stress_Near_02.mat,8102,9502014,WarmPSO,1000,980,200,0,0,0.1080639,5391.56855330791,5377.63150084914,0,0,0,1,1,0,0,0,201,NaN,NaN,6810.687807547,0
stress_Near_02.mat,8102,9502014,WarmPSO,1500,1490,200,0,0,0.1620967,5391.56855330791,5377.63150084914,0,0,0,1,1,0,0,0,201,NaN,NaN,6810.687807547,0
stress_Near_02.mat,8102,9502014,WarmPSO,2500,2500,200,0,0,0.2672563,5391.56855330791,5377.63150084914,0,0,0,1,1,0,0,0,201,NaN,NaN,6810.687807547,0
stress_Near_02.mat,8102,9502014,AlwaysVND,500,473,200,0,153,0.0553831,5041.95361957571,5031.93626908753,0,0,0,1,1,0,0,0,201,260,349.614933732199,6810.687807547,1
stress_Near_02.mat,8102,9502014,AlwaysVND,1000,959,200,0,459,0.1137911,4133.91142187174,4123.7575919024,0,0,0,1,1,0,0,0,201,260,1257.65713143617,6810.687807547,1
stress_Near_02.mat,8102,9502014,AlwaysVND,1500,1445,200,0,765,0.1696188,4133.91142187174,4123.7575919024,0,0,0,1,1,0,0,0,201,260,1257.65713143617,6810.687807547,1
stress_Near_02.mat,8102,9502014,AlwaysVND,2500,2500,200,0,1428,0.30016,4133.91142187174,4123.7575919024,0,0,0,1,1,0,0,0,201,260,1257.65713143617,6810.687807547,1
stress_Near_02.mat,8102,9502014,FB-CMPSO,500,473,200,0,153,0.0604452,5041.95361957571,5031.93626908753,0,0,0,1,1,0,0,0,201,260,349.614933732199,6810.687807547,1
stress_Near_02.mat,8102,9502014,FB-CMPSO,1000,959,200,0,459,0.1157699,4133.91142187174,4123.7575919024,0,0,0,1,1,0,0,0,201,260,1257.65713143617,6810.687807547,1
stress_Near_02.mat,8102,9502014,FB-CMPSO,1500,1445,200,0,765,0.1712148,4133.91142187174,4123.7575919024,0,0,0,1,1,0,0,0,201,260,1257.65713143617,6810.687807547,1
stress_Near_02.mat,8102,9502014,FB-CMPSO,2500,2500,200,0,1428,0.2960101,4133.91142187174,4123.7575919024,0,0,0,1,1,0,0,0,201,260,1257.65713143617,6810.687807547,1
stress_Near_02.mat,8102,9502015,Repair,500,36,0,0,0,0.0034274,5391.56855330791,5377.63150084914,0,0,0,1,NaN,NaN,NaN,NaN,NaN,NaN,NaN,6810.687807547,1
stress_Near_02.mat,8102,9502015,Repair,1000,36,0,0,0,0.0034274,5391.56855330791,5377.63150084914,0,0,0,1,NaN,NaN,NaN,NaN,NaN,NaN,NaN,6810.687807547,1
stress_Near_02.mat,8102,9502015,Repair,1500,36,0,0,0,0.0034274,5391.56855330791,5377.63150084914,0,0,0,1,NaN,NaN,NaN,NaN,NaN,NaN,NaN,6810.687807547,1
stress_Near_02.mat,8102,9502015,Repair,2500,36,0,0,0,0.0034274,5391.56855330791,5377.63150084914,0,0,0,1,NaN,NaN,NaN,NaN,NaN,NaN,NaN,6810.687807547,1
stress_Near_02.mat,8102,9502015,WarmPSO,500,500,200,0,0,0.0548696,5391.56855330791,5377.63150084914,0,0,0,1,1,0,0,0,201,NaN,NaN,6810.687807547,0
stress_Near_02.mat,8102,9502015,WarmPSO,1000,980,200,0,0,0.1042547,5391.56855330791,5377.63150084914,0,0,0,1,1,0,0,0,201,NaN,NaN,6810.687807547,0
stress_Near_02.mat,8102,9502015,WarmPSO,1500,1490,200,0,0,0.1560901,5391.56855330791,5377.63150084914,0,0,0,1,1,0,0,0,201,NaN,NaN,6810.687807547,0
stress_Near_02.mat,8102,9502015,WarmPSO,2500,2500,200,0,0,0.2668717,5391.56855330791,5377.63150084914,0,0,0,1,1,0,0,0,201,NaN,NaN,6810.687807547,0
stress_Near_02.mat,8102,9502015,AlwaysVND,500,473,200,0,153,0.084907,4912.70595516511,4904.66488996422,0,0,0,1,1,0,0,0,201,260,478.862598142802,6810.687807547,1
stress_Near_02.mat,8102,9502015,AlwaysVND,1000,959,200,0,459,0.1863241,4912.70595516511,4904.66488996422,0,0,0,1,1,0,0,0,201,260,478.862598142802,6810.687807547,1
stress_Near_02.mat,8102,9502015,AlwaysVND,1500,1445,200,0,765,0.2916592,4862.49144205307,4853.62831194776,0,0,0,1,1,0,0,0,201,260,529.077111254843,6810.687807547,1
stress_Near_02.mat,8102,9502015,AlwaysVND,2500,2500,200,0,1428,0.4363656,4729.93539771025,4720.48975836207,0,0,0,1,1,0,0,0,201,260,661.633155597666,6810.687807547,1
stress_Near_02.mat,8102,9502015,FB-CMPSO,500,473,200,0,153,0.0537488,4912.70595516511,4904.66488996422,0,0,0,1,1,0,0,0,201,260,478.862598142802,6810.687807547,1
stress_Near_02.mat,8102,9502015,FB-CMPSO,1000,959,200,0,459,0.1177827,4912.70595516511,4904.66488996422,0,0,0,1,1,0,0,0,201,260,478.862598142802,6810.687807547,1
stress_Near_02.mat,8102,9502015,FB-CMPSO,1500,1445,200,0,765,0.1772774,4862.49144205307,4853.62831194776,0,0,0,1,1,0,0,0,201,260,529.077111254843,6810.687807547,1
stress_Near_02.mat,8102,9502015,FB-CMPSO,2500,2500,200,0,1428,0.3049368,4729.93539771025,4720.48975836207,0,0,0,1,1,0,0,0,201,260,661.633155597666,6810.687807547,1
stress_Near_02.mat,8102,9502016,Repair,500,36,0,0,0,0.002825,5391.56855330791,5377.63150084914,0,0,0,1,NaN,NaN,NaN,NaN,NaN,NaN,NaN,6810.687807547,1
stress_Near_02.mat,8102,9502016,Repair,1000,36,0,0,0,0.002825,5391.56855330791,5377.63150084914,0,0,0,1,NaN,NaN,NaN,NaN,NaN,NaN,NaN,6810.687807547,1
stress_Near_02.mat,8102,9502016,Repair,1500,36,0,0,0,0.002825,5391.56855330791,5377.63150084914,0,0,0,1,NaN,NaN,NaN,NaN,NaN,NaN,NaN,6810.687807547,1
stress_Near_02.mat,8102,9502016,Repair,2500,36,0,0,0,0.002825,5391.56855330791,5377.63150084914,0,0,0,1,NaN,NaN,NaN,NaN,NaN,NaN,NaN,6810.687807547,1
stress_Near_02.mat,8102,9502016,WarmPSO,500,500,200,0,0,0.0540465,5391.56855330791,5377.63150084914,0,0,0,1,1,0,0,0,201,NaN,NaN,6810.687807547,0
stress_Near_02.mat,8102,9502016,WarmPSO,1000,980,200,0,0,0.1032591,5391.56855330791,5377.63150084914,0,0,0,1,1,0,0,0,201,NaN,NaN,6810.687807547,0
stress_Near_02.mat,8102,9502016,WarmPSO,1500,1490,200,0,0,0.1547669,5391.56855330791,5377.63150084914,0,0,0,1,1,0,0,0,201,NaN,NaN,6810.687807547,0
stress_Near_02.mat,8102,9502016,WarmPSO,2500,2500,200,0,0,0.2593292,5391.56855330791,5377.63150084914,0,0,0,1,1,0,0,0,201,NaN,NaN,6810.687807547,0
stress_Near_02.mat,8102,9502016,AlwaysVND,500,473,200,0,153,0.0556181,5050.88138005448,5040.4509545269,0,0,0,1,1,0,0,0,201,260,340.687173253431,6810.687807547,1
stress_Near_02.mat,8102,9502016,AlwaysVND,1000,959,200,0,459,0.1177722,4339.10870222899,4333.26260349312,0,0,0,1,1,0,0,0,201,260,1052.45985107892,6810.687807547,1
stress_Near_02.mat,8102,9502016,AlwaysVND,1500,1445,200,0,765,0.1732987,4133.91142187174,4123.7575919024,0,0,0,1,1,0,0,0,201,260,1257.65713143617,6810.687807547,1
stress_Near_02.mat,8102,9502016,AlwaysVND,2500,2500,200,0,1428,0.29314,4133.91142187174,4123.7575919024,0,0,0,1,1,0,0,0,201,260,1257.65713143617,6810.687807547,1
stress_Near_02.mat,8102,9502016,FB-CMPSO,500,473,200,0,153,0.0520139,5050.88138005448,5040.4509545269,0,0,0,1,1,0,0,0,201,260,340.687173253431,6810.687807547,1
stress_Near_02.mat,8102,9502016,FB-CMPSO,1000,959,200,0,459,0.1083025,4339.10870222899,4333.26260349312,0,0,0,1,1,0,0,0,201,260,1052.45985107892,6810.687807547,1
stress_Near_02.mat,8102,9502016,FB-CMPSO,1500,1445,200,0,765,0.1676421,4133.91142187174,4123.7575919024,0,0,0,1,1,0,0,0,201,260,1257.65713143617,6810.687807547,1
stress_Near_02.mat,8102,9502016,FB-CMPSO,2500,2500,200,0,1428,0.3034795,4133.91142187174,4123.7575919024,0,0,0,1,1,0,0,0,201,260,1257.65713143617,6810.687807547,1
stress_Near_02.mat,8102,9502017,Repair,500,36,0,0,0,0.0034039,5391.56855330791,5377.63150084914,0,0,0,1,NaN,NaN,NaN,NaN,NaN,NaN,NaN,6810.687807547,1
stress_Near_02.mat,8102,9502017,Repair,1000,36,0,0,0,0.0034039,5391.56855330791,5377.63150084914,0,0,0,1,NaN,NaN,NaN,NaN,NaN,NaN,NaN,6810.687807547,1
stress_Near_02.mat,8102,9502017,Repair,1500,36,0,0,0,0.0034039,5391.56855330791,5377.63150084914,0,0,0,1,NaN,NaN,NaN,NaN,NaN,NaN,NaN,6810.687807547,1
stress_Near_02.mat,8102,9502017,Repair,2500,36,0,0,0,0.0034039,5391.56855330791,5377.63150084914,0,0,0,1,NaN,NaN,NaN,NaN,NaN,NaN,NaN,6810.687807547,1
stress_Near_02.mat,8102,9502017,WarmPSO,500,500,200,0,0,0.0617243,5391.56855330791,5377.63150084914,0,0,0,1,1,0,0,0,201,NaN,NaN,6810.687807547,0
stress_Near_02.mat,8102,9502017,WarmPSO,1000,980,200,0,0,0.1105885,5391.56855330791,5377.63150084914,0,0,0,1,1,0,0,0,201,NaN,NaN,6810.687807547,0
stress_Near_02.mat,8102,9502017,WarmPSO,1500,1490,200,0,0,0.1630054,5391.56855330791,5377.63150084914,0,0,0,1,1,0,0,0,201,NaN,NaN,6810.687807547,0
stress_Near_02.mat,8102,9502017,WarmPSO,2500,2500,200,0,0,0.2682882,5391.56855330791,5377.63150084914,0,0,0,1,1,0,0,0,201,NaN,NaN,6810.687807547,0
stress_Near_02.mat,8102,9502017,AlwaysVND,500,473,200,0,153,0.0597855,4707.04908349243,4694.1347741113,0,0,0,1,1,0,0,0,201,260,684.519469815483,6810.687807547,1
stress_Near_02.mat,8102,9502017,AlwaysVND,1000,959,200,0,459,0.1155309,4707.04908349243,4694.1347741113,0,0,0,1,1,0,0,0,201,260,684.519469815483,6810.687807547,1
stress_Near_02.mat,8102,9502017,AlwaysVND,1500,1445,200,0,765,0.1712724,4707.04908349243,4694.1347741113,0,0,0,1,1,0,0,0,201,260,684.519469815483,6810.687807547,1
stress_Near_02.mat,8102,9502017,AlwaysVND,2500,2500,200,0,1428,0.297368,4707.04908349243,4694.1347741113,0,0,0,1,1,0,0,0,201,260,684.519469815483,6810.687807547,1
stress_Near_02.mat,8102,9502017,FB-CMPSO,500,473,200,0,153,0.0594931,4707.04908349243,4694.1347741113,0,0,0,1,1,0,0,0,201,260,684.519469815483,6810.687807547,1
stress_Near_02.mat,8102,9502017,FB-CMPSO,1000,959,200,0,459,0.1175799,4707.04908349243,4694.1347741113,0,0,0,1,1,0,0,0,201,260,684.519469815483,6810.687807547,1
stress_Near_02.mat,8102,9502017,FB-CMPSO,1500,1445,200,0,765,0.1733843,4707.04908349243,4694.1347741113,0,0,0,1,1,0,0,0,201,260,684.519469815483,6810.687807547,1
stress_Near_02.mat,8102,9502017,FB-CMPSO,2500,2500,200,0,1428,0.2948184,4707.04908349243,4694.1347741113,0,0,0,1,1,0,0,0,201,260,684.519469815483,6810.687807547,1
stress_Near_02.mat,8102,9502018,Repair,500,36,0,0,0,0.0039607,5391.56855330791,5377.63150084914,0,0,0,1,NaN,NaN,NaN,NaN,NaN,NaN,NaN,6810.687807547,1
stress_Near_02.mat,8102,9502018,Repair,1000,36,0,0,0,0.0039607,5391.56855330791,5377.63150084914,0,0,0,1,NaN,NaN,NaN,NaN,NaN,NaN,NaN,6810.687807547,1
stress_Near_02.mat,8102,9502018,Repair,1500,36,0,0,0,0.0039607,5391.56855330791,5377.63150084914,0,0,0,1,NaN,NaN,NaN,NaN,NaN,NaN,NaN,6810.687807547,1
stress_Near_02.mat,8102,9502018,Repair,2500,36,0,0,0,0.0039607,5391.56855330791,5377.63150084914,0,0,0,1,NaN,NaN,NaN,NaN,NaN,NaN,NaN,6810.687807547,1
stress_Near_02.mat,8102,9502018,WarmPSO,500,500,200,0,0,0.0569409,5391.56855330791,5377.63150084914,0,0,0,1,1,0,0,0,201,NaN,NaN,6810.687807547,0
stress_Near_02.mat,8102,9502018,WarmPSO,1000,980,200,0,0,0.1059677,5391.56855330791,5377.63150084914,0,0,0,1,1,0,0,0,201,NaN,NaN,6810.687807547,0
stress_Near_02.mat,8102,9502018,WarmPSO,1500,1490,200,0,0,0.1689403,5391.56855330791,5377.63150084914,0,0,0,1,1,0,0,0,201,NaN,NaN,6810.687807547,0
stress_Near_02.mat,8102,9502018,WarmPSO,2500,2500,200,0,0,0.2722324,5391.56855330791,5377.63150084914,0,0,0,1,1,0,0,0,201,NaN,NaN,6810.687807547,0
stress_Near_02.mat,8102,9502018,AlwaysVND,500,473,200,0,153,0.0550764,4642.71875437637,4632.41793277355,0,0,0,1,1,0,0,0,201,260,748.849798931539,6810.687807547,1
stress_Near_02.mat,8102,9502018,AlwaysVND,1000,959,200,0,459,0.1160546,4642.71875437637,4632.41793277355,0,0,0,1,1,0,0,0,201,260,748.849798931539,6810.687807547,1
stress_Near_02.mat,8102,9502018,AlwaysVND,1500,1445,200,0,765,0.180537,4642.71875437637,4632.41793277355,0,0,0,1,1,0,0,0,201,260,748.849798931539,6810.687807547,1
stress_Near_02.mat,8102,9502018,AlwaysVND,2500,2500,200,0,1428,0.3040114,4642.71875437637,4632.41793277355,0,0,0,1,1,0,0,0,201,260,748.849798931539,6810.687807547,1
stress_Near_02.mat,8102,9502018,FB-CMPSO,500,473,200,0,153,0.0600291,4642.71875437637,4632.41793277355,0,0,0,1,1,0,0,0,201,260,748.849798931539,6810.687807547,1
stress_Near_02.mat,8102,9502018,FB-CMPSO,1000,959,200,0,459,0.1168959,4642.71875437637,4632.41793277355,0,0,0,1,1,0,0,0,201,260,748.849798931539,6810.687807547,1
stress_Near_02.mat,8102,9502018,FB-CMPSO,1500,1445,200,0,765,0.1743295,4642.71875437637,4632.41793277355,0,0,0,1,1,0,0,0,201,260,748.849798931539,6810.687807547,1
stress_Near_02.mat,8102,9502018,FB-CMPSO,2500,2500,200,0,1428,0.2990151,4642.71875437637,4632.41793277355,0,0,0,1,1,0,0,0,201,260,748.849798931539,6810.687807547,1
stress_Near_02.mat,8102,9502019,Repair,500,36,0,0,0,0.0032718,5391.56855330791,5377.63150084914,0,0,0,1,NaN,NaN,NaN,NaN,NaN,NaN,NaN,6810.687807547,1
stress_Near_02.mat,8102,9502019,Repair,1000,36,0,0,0,0.0032718,5391.56855330791,5377.63150084914,0,0,0,1,NaN,NaN,NaN,NaN,NaN,NaN,NaN,6810.687807547,1
stress_Near_02.mat,8102,9502019,Repair,1500,36,0,0,0,0.0032718,5391.56855330791,5377.63150084914,0,0,0,1,NaN,NaN,NaN,NaN,NaN,NaN,NaN,6810.687807547,1
stress_Near_02.mat,8102,9502019,Repair,2500,36,0,0,0,0.0032718,5391.56855330791,5377.63150084914,0,0,0,1,NaN,NaN,NaN,NaN,NaN,NaN,NaN,6810.687807547,1
stress_Near_02.mat,8102,9502019,WarmPSO,500,500,200,0,0,0.0543257,5391.56855330791,5377.63150084914,0,0,0,1,1,0,0,0,201,NaN,NaN,6810.687807547,0
stress_Near_02.mat,8102,9502019,WarmPSO,1000,980,200,0,0,0.103969,5391.56855330791,5377.63150084914,0,0,0,1,1,0,0,0,201,NaN,NaN,6810.687807547,0
stress_Near_02.mat,8102,9502019,WarmPSO,1500,1490,200,0,0,0.1565777,5391.56855330791,5377.63150084914,0,0,0,1,1,0,0,0,201,NaN,NaN,6810.687807547,0
stress_Near_02.mat,8102,9502019,WarmPSO,2500,2500,200,0,0,0.2654691,5391.56855330791,5377.63150084914,0,0,0,1,1,0,0,0,201,NaN,NaN,6810.687807547,0
stress_Near_02.mat,8102,9502019,AlwaysVND,500,473,200,0,153,0.0535201,4154.19653756037,4146.76105355185,0,0,0,1,1,0,0,0,201,260,1237.37201574754,6810.687807547,1
stress_Near_02.mat,8102,9502019,AlwaysVND,1000,959,200,0,459,0.1163967,4015.17349832885,4006.11161509919,0,0,0,1,1,0,0,0,201,260,1376.39505497906,6810.687807547,1
stress_Near_02.mat,8102,9502019,AlwaysVND,1500,1445,200,0,765,0.1720965,4015.17349832885,4006.11161509919,0,0,0,1,1,0,0,0,201,260,1376.39505497906,6810.687807547,1
stress_Near_02.mat,8102,9502019,AlwaysVND,2500,2500,200,0,1428,0.2960153,4015.17349832885,4006.11161509919,0,0,0,1,1,0,0,0,201,260,1376.39505497906,6810.687807547,1
stress_Near_02.mat,8102,9502019,FB-CMPSO,500,473,200,0,153,0.0525467,4154.19653756037,4146.76105355185,0,0,0,1,1,0,0,0,201,260,1237.37201574754,6810.687807547,1
stress_Near_02.mat,8102,9502019,FB-CMPSO,1000,959,200,0,459,0.1163102,4015.17349832885,4006.11161509919,0,0,0,1,1,0,0,0,201,260,1376.39505497906,6810.687807547,1
stress_Near_02.mat,8102,9502019,FB-CMPSO,1500,1445,200,0,765,0.1745788,4015.17349832885,4006.11161509919,0,0,0,1,1,0,0,0,201,260,1376.39505497906,6810.687807547,1
stress_Near_02.mat,8102,9502019,FB-CMPSO,2500,2500,200,0,1428,0.2965672,4015.17349832885,4006.11161509919,0,0,0,1,1,0,0,0,201,260,1376.39505497906,6810.687807547,1
stress_Near_02.mat,8102,9502020,Repair,500,36,0,0,0,0.0029799,5391.56855330791,5377.63150084914,0,0,0,1,NaN,NaN,NaN,NaN,NaN,NaN,NaN,6810.687807547,1
stress_Near_02.mat,8102,9502020,Repair,1000,36,0,0,0,0.0029799,5391.56855330791,5377.63150084914,0,0,0,1,NaN,NaN,NaN,NaN,NaN,NaN,NaN,6810.687807547,1
stress_Near_02.mat,8102,9502020,Repair,1500,36,0,0,0,0.0029799,5391.56855330791,5377.63150084914,0,0,0,1,NaN,NaN,NaN,NaN,NaN,NaN,NaN,6810.687807547,1
stress_Near_02.mat,8102,9502020,Repair,2500,36,0,0,0,0.0029799,5391.56855330791,5377.63150084914,0,0,0,1,NaN,NaN,NaN,NaN,NaN,NaN,NaN,6810.687807547,1
stress_Near_02.mat,8102,9502020,WarmPSO,500,500,200,0,0,0.0544028,5391.56855330791,5377.63150084914,0,0,0,1,1,0,0,0,201,NaN,NaN,6810.687807547,0
stress_Near_02.mat,8102,9502020,WarmPSO,1000,980,200,0,0,0.1041745,5391.56855330791,5377.63150084914,0,0,0,1,1,0,0,0,201,NaN,NaN,6810.687807547,0
stress_Near_02.mat,8102,9502020,WarmPSO,1500,1490,200,0,0,0.1554221,5391.56855330791,5377.63150084914,0,0,0,1,1,0,0,0,201,NaN,NaN,6810.687807547,0
stress_Near_02.mat,8102,9502020,WarmPSO,2500,2500,200,0,0,0.2589102,5391.56855330791,5377.63150084914,0,0,0,1,1,0,0,0,201,NaN,NaN,6810.687807547,0
stress_Near_02.mat,8102,9502020,AlwaysVND,500,473,200,0,153,0.0521115,5110.85895589845,5099.91219770613,0,0,0,1,1,0,0,0,201,260,280.709597409459,6810.687807547,1
stress_Near_02.mat,8102,9502020,AlwaysVND,1000,959,200,0,459,0.1099676,4956.78384460564,4944.73479072022,0,0,0,1,1,0,0,0,201,260,434.78470870227,6810.687807547,1
stress_Near_02.mat,8102,9502020,AlwaysVND,1500,1445,200,0,765,0.1688541,4956.78384460564,4944.73479072022,0,0,0,1,1,0,0,0,201,260,434.78470870227,6810.687807547,1
stress_Near_02.mat,8102,9502020,AlwaysVND,2500,2500,200,0,1428,0.2988192,4768.79816457345,4757.2880214079,0,0,0,1,1,0,0,0,201,260,622.770388734459,6810.687807547,1
stress_Near_02.mat,8102,9502020,FB-CMPSO,500,473,200,0,153,0.0531367,5110.85895589845,5099.91219770613,0,0,0,1,1,0,0,0,201,260,280.709597409459,6810.687807547,1
stress_Near_02.mat,8102,9502020,FB-CMPSO,1000,959,200,0,459,0.1099879,4956.78384460564,4944.73479072022,0,0,0,1,1,0,0,0,201,260,434.78470870227,6810.687807547,1
stress_Near_02.mat,8102,9502020,FB-CMPSO,1500,1445,200,0,765,0.1688818,4956.78384460564,4944.73479072022,0,0,0,1,1,0,0,0,201,260,434.78470870227,6810.687807547,1
stress_Near_02.mat,8102,9502020,FB-CMPSO,2500,2500,200,0,1428,0.2949989,4768.79816457345,4757.2880214079,0,0,0,1,1,0,0,0,201,260,622.770388734459,6810.687807547,1
stress_Near_02.mat,8102,9502021,Repair,500,36,0,0,0,0.0026044,5391.56855330791,5377.63150084914,0,0,0,1,NaN,NaN,NaN,NaN,NaN,NaN,NaN,6810.687807547,1
stress_Near_02.mat,8102,9502021,Repair,1000,36,0,0,0,0.0026044,5391.56855330791,5377.63150084914,0,0,0,1,NaN,NaN,NaN,NaN,NaN,NaN,NaN,6810.687807547,1
stress_Near_02.mat,8102,9502021,Repair,1500,36,0,0,0,0.0026044,5391.56855330791,5377.63150084914,0,0,0,1,NaN,NaN,NaN,NaN,NaN,NaN,NaN,6810.687807547,1
stress_Near_02.mat,8102,9502021,Repair,2500,36,0,0,0,0.0026044,5391.56855330791,5377.63150084914,0,0,0,1,NaN,NaN,NaN,NaN,NaN,NaN,NaN,6810.687807547,1
stress_Near_02.mat,8102,9502021,WarmPSO,500,500,200,0,0,0.0539547,5391.56855330791,5377.63150084914,0,0,0,1,1,0,0,0,201,NaN,NaN,6810.687807547,0
stress_Near_02.mat,8102,9502021,WarmPSO,1000,980,200,0,0,0.1036664,5391.56855330791,5377.63150084914,0,0,0,1,1,0,0,0,201,NaN,NaN,6810.687807547,0
stress_Near_02.mat,8102,9502021,WarmPSO,1500,1490,200,0,0,0.1549167,5391.56855330791,5377.63150084914,0,0,0,1,1,0,0,0,201,NaN,NaN,6810.687807547,0
stress_Near_02.mat,8102,9502021,WarmPSO,2500,2500,200,0,0,0.2742405,5391.56855330791,5377.63150084914,0,0,0,1,1,0,0,0,201,NaN,NaN,6810.687807547,0
stress_Near_02.mat,8102,9502021,AlwaysVND,500,473,200,0,153,0.0546157,4808.07881410643,4798.63738828661,0,0,0,1,1,0,0,0,201,260,895.121180539526,6810.687807547,1
stress_Near_02.mat,8102,9502021,AlwaysVND,1000,959,200,0,459,0.1113819,4154.19653756037,4146.76105355185,0,0,0,1,1,0,0,0,201,260,1549.00345708558,6810.687807547,1
stress_Near_02.mat,8102,9502021,AlwaysVND,1500,1445,200,0,765,0.1719846,4154.19653756037,4146.76105355185,0,0,0,1,1,0,0,0,201,260,1549.00345708558,6810.687807547,1
stress_Near_02.mat,8102,9502021,AlwaysVND,2500,2500,200,0,1428,0.298896,4015.17349832885,4006.11161509919,0,0,0,1,1,0,0,0,201,260,1688.0264963171,6810.687807547,1
stress_Near_02.mat,8102,9502021,FB-CMPSO,500,473,200,0,153,0.0555253,4808.07881410643,4798.63738828661,0,0,0,1,1,0,0,0,201,260,895.121180539526,6810.687807547,1
stress_Near_02.mat,8102,9502021,FB-CMPSO,1000,959,200,0,459,0.1108034,4154.19653756037,4146.76105355185,0,0,0,1,1,0,0,0,201,260,1549.00345708558,6810.687807547,1
stress_Near_02.mat,8102,9502021,FB-CMPSO,1500,1445,200,0,765,0.1769802,4154.19653756037,4146.76105355185,0,0,0,1,1,0,0,0,201,260,1549.00345708558,6810.687807547,1
stress_Near_02.mat,8102,9502021,FB-CMPSO,2500,2500,200,0,1428,0.3021974,4015.17349832885,4006.11161509919,0,0,0,1,1,0,0,0,201,260,1688.0264963171,6810.687807547,1
stress_Near_02.mat,8102,9502022,Repair,500,36,0,0,0,0.0037403,5391.56855330791,5377.63150084914,0,0,0,1,NaN,NaN,NaN,NaN,NaN,NaN,NaN,6810.687807547,1
stress_Near_02.mat,8102,9502022,Repair,1000,36,0,0,0,0.0037403,5391.56855330791,5377.63150084914,0,0,0,1,NaN,NaN,NaN,NaN,NaN,NaN,NaN,6810.687807547,1
stress_Near_02.mat,8102,9502022,Repair,1500,36,0,0,0,0.0037403,5391.56855330791,5377.63150084914,0,0,0,1,NaN,NaN,NaN,NaN,NaN,NaN,NaN,6810.687807547,1
stress_Near_02.mat,8102,9502022,Repair,2500,36,0,0,0,0.0037403,5391.56855330791,5377.63150084914,0,0,0,1,NaN,NaN,NaN,NaN,NaN,NaN,NaN,6810.687807547,1
stress_Near_02.mat,8102,9502022,WarmPSO,500,500,200,0,0,0.0546789,5391.56855330791,5377.63150084914,0,0,0,1,1,0,0,0,201,NaN,NaN,6810.687807547,0
stress_Near_02.mat,8102,9502022,WarmPSO,1000,980,200,0,0,0.1058043,5391.56855330791,5377.63150084914,0,0,0,1,1,0,0,0,201,NaN,NaN,6810.687807547,0
stress_Near_02.mat,8102,9502022,WarmPSO,1500,1490,200,0,0,0.157973,5391.56855330791,5377.63150084914,0,0,0,1,1,0,0,0,201,NaN,NaN,6810.687807547,0
stress_Near_02.mat,8102,9502022,WarmPSO,2500,2500,200,0,0,0.2609468,5391.56855330791,5377.63150084914,0,0,0,1,1,0,0,0,201,NaN,NaN,6810.687807547,0
stress_Near_02.mat,8102,9502022,AlwaysVND,500,473,200,0,153,0.0540773,5224.87057490419,5213.49083605708,0,0,0,1,1,0,0,0,201,260,166.697978403721,6810.687807547,1
stress_Near_02.mat,8102,9502022,AlwaysVND,1000,959,200,0,459,0.118789,4154.19653756037,4146.76105355185,0,0,0,1,1,0,0,0,201,260,1237.37201574754,6810.687807547,1
stress_Near_02.mat,8102,9502022,AlwaysVND,1500,1445,200,0,765,0.1842186,4154.19653756037,4146.76105355185,0,0,0,1,1,0,0,0,201,260,1237.37201574754,6810.687807547,1
stress_Near_02.mat,8102,9502022,AlwaysVND,2500,2500,200,0,1428,0.3099721,4015.17349832885,4006.11161509919,0,0,0,1,1,0,0,0,201,260,1376.39505497906,6810.687807547,1
stress_Near_02.mat,8102,9502022,FB-CMPSO,500,473,200,0,153,0.054849,5224.87057490419,5213.49083605708,0,0,0,1,1,0,0,0,201,260,166.697978403721,6810.687807547,1
stress_Near_02.mat,8102,9502022,FB-CMPSO,1000,959,200,0,459,0.1110944,4154.19653756037,4146.76105355185,0,0,0,1,1,0,0,0,201,260,1237.37201574754,6810.687807547,1
stress_Near_02.mat,8102,9502022,FB-CMPSO,1500,1445,200,0,765,0.170813,4154.19653756037,4146.76105355185,0,0,0,1,1,0,0,0,201,260,1237.37201574754,6810.687807547,1
stress_Near_02.mat,8102,9502022,FB-CMPSO,2500,2500,200,0,1428,0.3061878,4015.17349832885,4006.11161509919,0,0,0,1,1,0,0,0,201,260,1376.39505497906,6810.687807547,1
stress_Near_02.mat,8102,9502023,Repair,500,36,0,0,0,0.003119,5391.56855330791,5377.63150084914,0,0,0,1,NaN,NaN,NaN,NaN,NaN,NaN,NaN,6810.687807547,1
stress_Near_02.mat,8102,9502023,Repair,1000,36,0,0,0,0.003119,5391.56855330791,5377.63150084914,0,0,0,1,NaN,NaN,NaN,NaN,NaN,NaN,NaN,6810.687807547,1
stress_Near_02.mat,8102,9502023,Repair,1500,36,0,0,0,0.003119,5391.56855330791,5377.63150084914,0,0,0,1,NaN,NaN,NaN,NaN,NaN,NaN,NaN,6810.687807547,1
stress_Near_02.mat,8102,9502023,Repair,2500,36,0,0,0,0.003119,5391.56855330791,5377.63150084914,0,0,0,1,NaN,NaN,NaN,NaN,NaN,NaN,NaN,6810.687807547,1
stress_Near_02.mat,8102,9502023,WarmPSO,500,500,200,0,0,0.0578239,5391.56855330791,5377.63150084914,0,0,0,1,1,0,0,0,201,NaN,NaN,6810.687807547,0
stress_Near_02.mat,8102,9502023,WarmPSO,1000,980,200,0,0,0.1115931,5391.56855330791,5377.63150084914,0,0,0,1,1,0,0,0,201,NaN,NaN,6810.687807547,0
stress_Near_02.mat,8102,9502023,WarmPSO,1500,1490,200,0,0,0.1644658,5391.56855330791,5377.63150084914,0,0,0,1,1,0,0,0,201,NaN,NaN,6810.687807547,0
stress_Near_02.mat,8102,9502023,WarmPSO,2500,2500,200,0,0,0.2709393,5391.56855330791,5377.63150084914,0,0,0,1,1,0,0,0,201,NaN,NaN,6810.687807547,0
stress_Near_02.mat,8102,9502023,AlwaysVND,500,473,200,0,153,0.0565321,5271.57348852137,5260.28887414846,0,0,0,1,1,0,0,0,201,260,119.995064786543,6810.687807547,1
stress_Near_02.mat,8102,9502023,AlwaysVND,1000,959,200,0,459,0.1122131,4466.23511655744,4453.46406401519,0,0,0,1,1,0,0,0,201,260,925.333436750471,6810.687807547,1
stress_Near_02.mat,8102,9502023,AlwaysVND,1500,1445,200,0,765,0.1745755,4466.23511655744,4453.46406401519,0,0,0,1,1,0,0,0,201,260,925.333436750471,6810.687807547,1
stress_Near_02.mat,8102,9502023,AlwaysVND,2500,2500,200,0,1428,0.3014478,4437.13496121533,4424.82629483669,0,0,0,1,1,0,0,0,201,260,954.433592092584,6810.687807547,1
stress_Near_02.mat,8102,9502023,FB-CMPSO,500,473,200,0,153,0.0588758,5271.57348852137,5260.28887414846,0,0,0,1,1,0,0,0,201,260,119.995064786543,6810.687807547,1
stress_Near_02.mat,8102,9502023,FB-CMPSO,1000,959,200,0,459,0.1171755,4466.23511655744,4453.46406401519,0,0,0,1,1,0,0,0,201,260,925.333436750471,6810.687807547,1
stress_Near_02.mat,8102,9502023,FB-CMPSO,1500,1445,200,0,765,0.1753846,4466.23511655744,4453.46406401519,0,0,0,1,1,0,0,0,201,260,925.333436750471,6810.687807547,1
stress_Near_02.mat,8102,9502023,FB-CMPSO,2500,2500,200,0,1428,0.3000908,4437.13496121533,4424.82629483669,0,0,0,1,1,0,0,0,201,260,954.433592092584,6810.687807547,1
stress_Near_02.mat,8102,9502024,Repair,500,36,0,0,0,0.0034953,5391.56855330791,5377.63150084914,0,0,0,1,NaN,NaN,NaN,NaN,NaN,NaN,NaN,6810.687807547,1
stress_Near_02.mat,8102,9502024,Repair,1000,36,0,0,0,0.0034953,5391.56855330791,5377.63150084914,0,0,0,1,NaN,NaN,NaN,NaN,NaN,NaN,NaN,6810.687807547,1
stress_Near_02.mat,8102,9502024,Repair,1500,36,0,0,0,0.0034953,5391.56855330791,5377.63150084914,0,0,0,1,NaN,NaN,NaN,NaN,NaN,NaN,NaN,6810.687807547,1
stress_Near_02.mat,8102,9502024,Repair,2500,36,0,0,0,0.0034953,5391.56855330791,5377.63150084914,0,0,0,1,NaN,NaN,NaN,NaN,NaN,NaN,NaN,6810.687807547,1
stress_Near_02.mat,8102,9502024,WarmPSO,500,500,200,0,0,0.0578012,5391.56855330791,5377.63150084914,0,0,0,1,1,0,0,0,201,NaN,NaN,6810.687807547,0
stress_Near_02.mat,8102,9502024,WarmPSO,1000,980,200,0,0,0.1103226,5391.56855330791,5377.63150084914,0,0,0,1,1,0,0,0,201,NaN,NaN,6810.687807547,0
stress_Near_02.mat,8102,9502024,WarmPSO,1500,1490,200,0,0,0.1673599,5391.56855330791,5377.63150084914,0,0,0,1,1,0,0,0,201,NaN,NaN,6810.687807547,0
stress_Near_02.mat,8102,9502024,WarmPSO,2500,2500,200,0,0,0.2830426,5391.56855330791,5377.63150084914,0,0,0,1,1,0,0,0,201,NaN,NaN,6810.687807547,0
stress_Near_02.mat,8102,9502024,AlwaysVND,500,473,200,0,153,0.0537744,4437.13496121533,4424.82629483669,0,0,0,1,1,0,0,0,201,260,954.433592092584,6810.687807547,1
stress_Near_02.mat,8102,9502024,AlwaysVND,1000,959,200,0,459,0.1100417,4437.13496121533,4424.82629483669,0,0,0,1,1,0,0,0,201,260,954.433592092584,6810.687807547,1
stress_Near_02.mat,8102,9502024,AlwaysVND,1500,1445,200,0,765,0.1673574,4437.13496121533,4424.82629483669,0,0,0,1,1,0,0,0,201,260,954.433592092584,6810.687807547,1
stress_Near_02.mat,8102,9502024,AlwaysVND,2500,2500,200,0,1428,0.2946334,4437.13496121533,4424.82629483669,0,0,0,1,1,0,0,0,201,260,954.433592092584,6810.687807547,1
stress_Near_02.mat,8102,9502024,FB-CMPSO,500,473,200,0,153,0.0641507,4437.13496121533,4424.82629483669,0,0,0,1,1,0,0,0,201,260,954.433592092584,6810.687807547,1
stress_Near_02.mat,8102,9502024,FB-CMPSO,1000,959,200,0,459,0.1252798,4437.13496121533,4424.82629483669,0,0,0,1,1,0,0,0,201,260,954.433592092584,6810.687807547,1
stress_Near_02.mat,8102,9502024,FB-CMPSO,1500,1445,200,0,765,0.1834291,4437.13496121533,4424.82629483669,0,0,0,1,1,0,0,0,201,260,954.433592092584,6810.687807547,1
stress_Near_02.mat,8102,9502024,FB-CMPSO,2500,2500,200,0,1428,0.3092084,4437.13496121533,4424.82629483669,0,0,0,1,1,0,0,0,201,260,954.433592092584,6810.687807547,1
stress_Near_02.mat,8102,9502025,Repair,500,36,0,0,0,0.0032491,5391.56855330791,5377.63150084914,0,0,0,1,NaN,NaN,NaN,NaN,NaN,NaN,NaN,6810.687807547,1
stress_Near_02.mat,8102,9502025,Repair,1000,36,0,0,0,0.0032491,5391.56855330791,5377.63150084914,0,0,0,1,NaN,NaN,NaN,NaN,NaN,NaN,NaN,6810.687807547,1
stress_Near_02.mat,8102,9502025,Repair,1500,36,0,0,0,0.0032491,5391.56855330791,5377.63150084914,0,0,0,1,NaN,NaN,NaN,NaN,NaN,NaN,NaN,6810.687807547,1
stress_Near_02.mat,8102,9502025,Repair,2500,36,0,0,0,0.0032491,5391.56855330791,5377.63150084914,0,0,0,1,NaN,NaN,NaN,NaN,NaN,NaN,NaN,6810.687807547,1
stress_Near_02.mat,8102,9502025,WarmPSO,500,500,200,0,0,0.0517265,5391.56855330791,5377.63150084914,0,0,0,1,1,0,0,0,201,NaN,NaN,6810.687807547,0
stress_Near_02.mat,8102,9502025,WarmPSO,1000,980,200,0,0,0.1009739,5391.56855330791,5377.63150084914,0,0,0,1,1,0,0,0,201,NaN,NaN,6810.687807547,0
stress_Near_02.mat,8102,9502025,WarmPSO,1500,1490,200,0,0,0.1523842,5391.56855330791,5377.63150084914,0,0,0,1,1,0,0,0,201,NaN,NaN,6810.687807547,0
stress_Near_02.mat,8102,9502025,WarmPSO,2500,2500,200,0,0,0.2573661,5391.56855330791,5377.63150084914,0,0,0,1,1,0,0,0,201,NaN,NaN,6810.687807547,0
stress_Near_02.mat,8102,9502025,AlwaysVND,500,473,200,0,153,0.0540974,5224.87057490419,5213.49083605708,0,0,0,1,1,0,0,0,201,260,166.697978403721,6810.687807547,1
stress_Near_02.mat,8102,9502025,AlwaysVND,1000,959,200,0,459,0.115923,5224.87057490419,5213.49083605708,0,0,0,1,1,0,0,0,201,260,166.697978403721,6810.687807547,1
stress_Near_02.mat,8102,9502025,AlwaysVND,1500,1445,200,0,765,0.1720862,5175.90793410352,5166.69350519742,0,0,0,1,1,0,0,0,201,260,215.660619204391,6810.687807547,1
stress_Near_02.mat,8102,9502025,AlwaysVND,2500,2500,200,0,1428,0.2913697,4133.91142187174,4123.7575919024,0,0,0,1,1,0,0,0,201,260,1257.65713143617,6810.687807547,1
stress_Near_02.mat,8102,9502025,FB-CMPSO,500,473,200,0,153,0.0547053,5224.87057490419,5213.49083605708,0,0,0,1,1,0,0,0,201,260,166.697978403721,6810.687807547,1
stress_Near_02.mat,8102,9502025,FB-CMPSO,1000,959,200,0,459,0.1143941,5224.87057490419,5213.49083605708,0,0,0,1,1,0,0,0,201,260,166.697978403721,6810.687807547,1
stress_Near_02.mat,8102,9502025,FB-CMPSO,1500,1445,200,0,765,0.1699763,5175.90793410352,5166.69350519742,0,0,0,1,1,0,0,0,201,260,215.660619204391,6810.687807547,1
stress_Near_02.mat,8102,9502025,FB-CMPSO,2500,2500,200,0,1428,0.3032688,4133.91142187174,4123.7575919024,0,0,0,1,1,0,0,0,201,260,1257.65713143617,6810.687807547,1
stress_Near_02.mat,8102,9502026,Repair,500,36,0,0,0,0.004192,5391.56855330791,5377.63150084914,0,0,0,1,NaN,NaN,NaN,NaN,NaN,NaN,NaN,6810.687807547,1
stress_Near_02.mat,8102,9502026,Repair,1000,36,0,0,0,0.004192,5391.56855330791,5377.63150084914,0,0,0,1,NaN,NaN,NaN,NaN,NaN,NaN,NaN,6810.687807547,1
stress_Near_02.mat,8102,9502026,Repair,1500,36,0,0,0,0.004192,5391.56855330791,5377.63150084914,0,0,0,1,NaN,NaN,NaN,NaN,NaN,NaN,NaN,6810.687807547,1
stress_Near_02.mat,8102,9502026,Repair,2500,36,0,0,0,0.004192,5391.56855330791,5377.63150084914,0,0,0,1,NaN,NaN,NaN,NaN,NaN,NaN,NaN,6810.687807547,1
stress_Near_02.mat,8102,9502026,WarmPSO,500,500,200,0,0,0.0565863,5391.56855330791,5377.63150084914,0,0,0,1,1,0,0,0,201,NaN,NaN,6810.687807547,0
stress_Near_02.mat,8102,9502026,WarmPSO,1000,980,200,0,0,0.1151993,5391.56855330791,5377.63150084914,0,0,0,1,1,0,0,0,201,NaN,NaN,6810.687807547,0
stress_Near_02.mat,8102,9502026,WarmPSO,1500,1490,200,0,0,0.1698089,5391.56855330791,5377.63150084914,0,0,0,1,1,0,0,0,201,NaN,NaN,6810.687807547,0
stress_Near_02.mat,8102,9502026,WarmPSO,2500,2500,200,0,0,0.2761385,5391.56855330791,5377.63150084914,0,0,0,1,1,0,0,0,201,NaN,NaN,6810.687807547,0
stress_Near_02.mat,8102,9502026,AlwaysVND,500,473,200,0,153,0.0567325,5085.84753567267,5072.84139760441,0,0,0,1,1,0,0,0,201,260,305.721017635243,6810.687807547,1
stress_Near_02.mat,8102,9502026,AlwaysVND,1000,959,200,0,459,0.1109567,4475.1060297285,4463.70609523196,0,0,0,1,1,0,0,0,201,260,916.462523579416,6810.687807547,1
stress_Near_02.mat,8102,9502026,AlwaysVND,1500,1445,200,0,765,0.1721851,4426.14338892783,4416.90876437231,0,0,0,1,1,0,0,0,201,260,965.425164380084,6810.687807547,1
stress_Near_02.mat,8102,9502026,AlwaysVND,2500,2500,200,0,1428,0.3016524,4426.14338892783,4416.90876437231,0,0,0,1,1,0,0,0,201,260,965.425164380084,6810.687807547,1
stress_Near_02.mat,8102,9502026,FB-CMPSO,500,473,200,0,153,0.0563706,5085.84753567267,5072.84139760441,0,0,0,1,1,0,0,0,201,260,305.721017635243,6810.687807547,1
stress_Near_02.mat,8102,9502026,FB-CMPSO,1000,959,200,0,459,0.1110863,4475.1060297285,4463.70609523196,0,0,0,1,1,0,0,0,201,260,916.462523579416,6810.687807547,1
stress_Near_02.mat,8102,9502026,FB-CMPSO,1500,1445,200,0,765,0.1665018,4426.14338892783,4416.90876437231,0,0,0,1,1,0,0,0,201,260,965.425164380084,6810.687807547,1
stress_Near_02.mat,8102,9502026,FB-CMPSO,2500,2500,200,0,1428,0.2875531,4426.14338892783,4416.90876437231,0,0,0,1,1,0,0,0,201,260,965.425164380084,6810.687807547,1
stress_Near_02.mat,8102,9502027,Repair,500,36,0,0,0,0.0029712,5391.56855330791,5377.63150084914,0,0,0,1,NaN,NaN,NaN,NaN,NaN,NaN,NaN,6810.687807547,1
stress_Near_02.mat,8102,9502027,Repair,1000,36,0,0,0,0.0029712,5391.56855330791,5377.63150084914,0,0,0,1,NaN,NaN,NaN,NaN,NaN,NaN,NaN,6810.687807547,1
stress_Near_02.mat,8102,9502027,Repair,1500,36,0,0,0,0.0029712,5391.56855330791,5377.63150084914,0,0,0,1,NaN,NaN,NaN,NaN,NaN,NaN,NaN,6810.687807547,1
stress_Near_02.mat,8102,9502027,Repair,2500,36,0,0,0,0.0029712,5391.56855330791,5377.63150084914,0,0,0,1,NaN,NaN,NaN,NaN,NaN,NaN,NaN,6810.687807547,1
stress_Near_02.mat,8102,9502027,WarmPSO,500,500,200,0,0,0.0543737,5391.56855330791,5377.63150084914,0,0,0,1,1,0,0,0,201,NaN,NaN,6810.687807547,0
stress_Near_02.mat,8102,9502027,WarmPSO,1000,980,200,0,0,0.1050527,5365.4414099616,5349.93227729661,0,0,0,1,1,0,0,0,201,NaN,NaN,6810.687807547,1
stress_Near_02.mat,8102,9502027,WarmPSO,1500,1490,200,0,0,0.1582667,5365.4414099616,5349.93227729661,0,0,0,1,1,0,0,0,201,NaN,NaN,6810.687807547,1
stress_Near_02.mat,8102,9502027,WarmPSO,2500,2500,200,0,0,0.265327,5365.4414099616,5349.93227729661,0,0,0,1,1,0,0,0,201,NaN,NaN,6810.687807547,1
stress_Near_02.mat,8102,9502027,AlwaysVND,500,473,200,0,153,0.0551692,5218.25897566811,5203.34875196361,0,0,0,1,1,0,0,0,201,260,173.309577639799,6810.687807547,1
stress_Near_02.mat,8102,9502027,AlwaysVND,1000,959,200,0,459,0.1120762,5033.15011271688,5023.86341840598,0,0,0,1,1,0,0,0,201,260,358.418440591029,6810.687807547,1
stress_Near_02.mat,8102,9502027,AlwaysVND,1500,1445,200,0,765,0.1653494,5033.15011271688,5023.86341840598,0,0,0,1,1,0,0,0,201,260,358.418440591029,6810.687807547,1
stress_Near_02.mat,8102,9502027,AlwaysVND,2500,2500,200,0,1428,0.2903223,4795.39725184725,4781.42922276194,0,0,0,1,1,0,0,0,201,260,596.171301460658,6810.687807547,1
stress_Near_02.mat,8102,9502027,FB-CMPSO,500,473,200,0,153,0.0588019,5218.25897566811,5203.34875196361,0,0,0,1,1,0,0,0,201,260,173.309577639799,6810.687807547,1
stress_Near_02.mat,8102,9502027,FB-CMPSO,1000,959,200,0,459,0.1192887,5033.15011271688,5023.86341840598,0,0,0,1,1,0,0,0,201,260,358.418440591029,6810.687807547,1
stress_Near_02.mat,8102,9502027,FB-CMPSO,1500,1445,200,0,765,0.1885406,5033.15011271688,5023.86341840598,0,0,0,1,1,0,0,0,201,260,358.418440591029,6810.687807547,1
stress_Near_02.mat,8102,9502027,FB-CMPSO,2500,2500,200,0,1428,0.3159328,4795.39725184725,4781.42922276194,0,0,0,1,1,0,0,0,201,260,596.171301460658,6810.687807547,1
stress_Near_02.mat,8102,9502028,Repair,500,36,0,0,0,0.0038768,5391.56855330791,5377.63150084914,0,0,0,1,NaN,NaN,NaN,NaN,NaN,NaN,NaN,6810.687807547,1
stress_Near_02.mat,8102,9502028,Repair,1000,36,0,0,0,0.0038768,5391.56855330791,5377.63150084914,0,0,0,1,NaN,NaN,NaN,NaN,NaN,NaN,NaN,6810.687807547,1
stress_Near_02.mat,8102,9502028,Repair,1500,36,0,0,0,0.0038768,5391.56855330791,5377.63150084914,0,0,0,1,NaN,NaN,NaN,NaN,NaN,NaN,NaN,6810.687807547,1
stress_Near_02.mat,8102,9502028,Repair,2500,36,0,0,0,0.0038768,5391.56855330791,5377.63150084914,0,0,0,1,NaN,NaN,NaN,NaN,NaN,NaN,NaN,6810.687807547,1
stress_Near_02.mat,8102,9502028,WarmPSO,500,500,200,0,0,0.0579847,5391.56855330791,5377.63150084914,0,0,0,1,1,0,0,0,201,NaN,NaN,6810.687807547,0
stress_Near_02.mat,8102,9502028,WarmPSO,1000,980,200,0,0,0.1073952,5391.56855330791,5377.63150084914,0,0,0,1,1,0,0,0,201,NaN,NaN,6810.687807547,0
stress_Near_02.mat,8102,9502028,WarmPSO,1500,1490,200,0,0,0.1594289,5391.56855330791,5377.63150084914,0,0,0,1,1,0,0,0,201,NaN,NaN,6810.687807547,0
stress_Near_02.mat,8102,9502028,WarmPSO,2500,2500,200,0,0,0.2620034,5391.56855330791,5377.63150084914,0,0,0,1,1,0,0,0,201,NaN,NaN,6810.687807547,0
stress_Near_02.mat,8102,9502028,AlwaysVND,500,473,200,0,153,0.0543956,4661.32511797713,4649.26560947171,0,0,0,1,1,0,0,0,201,260,730.243435330784,6810.687807547,1
stress_Near_02.mat,8102,9502028,AlwaysVND,1000,959,200,0,459,0.1121551,4536.04995650371,4528.8706867834,0,0,0,1,1,0,0,0,201,260,855.518596804201,6810.687807547,1
stress_Near_02.mat,8102,9502028,AlwaysVND,1500,1445,200,0,765,0.1733609,4154.19653756037,4146.76105355185,0,0,0,1,1,0,0,0,201,260,1237.37201574754,6810.687807547,1
stress_Near_02.mat,8102,9502028,AlwaysVND,2500,2500,200,0,1428,0.3084247,4015.17349832885,4006.11161509919,0,0,0,1,1,0,0,0,201,260,1376.39505497906,6810.687807547,1
stress_Near_02.mat,8102,9502028,FB-CMPSO,500,473,200,0,153,0.0560148,4661.32511797713,4649.26560947171,0,0,0,1,1,0,0,0,201,260,730.243435330784,6810.687807547,1
stress_Near_02.mat,8102,9502028,FB-CMPSO,1000,959,200,0,459,0.1140287,4536.04995650371,4528.8706867834,0,0,0,1,1,0,0,0,201,260,855.518596804201,6810.687807547,1
stress_Near_02.mat,8102,9502028,FB-CMPSO,1500,1445,200,0,765,0.1715988,4154.19653756037,4146.76105355185,0,0,0,1,1,0,0,0,201,260,1237.37201574754,6810.687807547,1
stress_Near_02.mat,8102,9502028,FB-CMPSO,2500,2500,200,0,1428,0.3056472,4015.17349832885,4006.11161509919,0,0,0,1,1,0,0,0,201,260,1376.39505497906,6810.687807547,1
stress_Near_02.mat,8102,9502029,Repair,500,36,0,0,0,0.0028597,5391.56855330791,5377.63150084914,0,0,0,1,NaN,NaN,NaN,NaN,NaN,NaN,NaN,6810.687807547,1
stress_Near_02.mat,8102,9502029,Repair,1000,36,0,0,0,0.0028597,5391.56855330791,5377.63150084914,0,0,0,1,NaN,NaN,NaN,NaN,NaN,NaN,NaN,6810.687807547,1
stress_Near_02.mat,8102,9502029,Repair,1500,36,0,0,0,0.0028597,5391.56855330791,5377.63150084914,0,0,0,1,NaN,NaN,NaN,NaN,NaN,NaN,NaN,6810.687807547,1
stress_Near_02.mat,8102,9502029,Repair,2500,36,0,0,0,0.0028597,5391.56855330791,5377.63150084914,0,0,0,1,NaN,NaN,NaN,NaN,NaN,NaN,NaN,6810.687807547,1
stress_Near_02.mat,8102,9502029,WarmPSO,500,500,200,0,0,0.0559809,5391.56855330791,5377.63150084914,0,0,0,1,1,0,0,0,201,NaN,NaN,6810.687807547,0
stress_Near_02.mat,8102,9502029,WarmPSO,1000,980,200,0,0,0.1074728,5391.56855330791,5377.63150084914,0,0,0,1,1,0,0,0,201,NaN,NaN,6810.687807547,0
stress_Near_02.mat,8102,9502029,WarmPSO,1500,1490,200,0,0,0.1606063,5391.56855330791,5377.63150084914,0,0,0,1,1,0,0,0,201,NaN,NaN,6810.687807547,0
stress_Near_02.mat,8102,9502029,WarmPSO,2500,2500,200,0,0,0.2659167,5391.56855330791,5377.63150084914,0,0,0,1,1,0,0,0,201,NaN,NaN,6810.687807547,0
stress_Near_02.mat,8102,9502029,AlwaysVND,500,473,200,0,153,0.0556442,5085.84753567267,5072.84139760441,0,0,0,1,1,0,0,0,201,260,305.721017635243,6810.687807547,1
stress_Near_02.mat,8102,9502029,AlwaysVND,1000,959,200,0,459,0.1116859,5036.884894872,5026.04406674476,0,0,0,1,1,0,0,0,201,260,354.683658435911,6810.687807547,1
stress_Near_02.mat,8102,9502029,AlwaysVND,1500,1445,200,0,765,0.1676267,5036.884894872,5026.04406674476,0,0,0,1,1,0,0,0,201,260,354.683658435911,6810.687807547,1
stress_Near_02.mat,8102,9502029,AlwaysVND,2500,2500,200,0,1428,0.2883131,4426.14338892783,4416.90876437231,0,0,0,1,1,0,0,0,201,260,965.425164380084,6810.687807547,1
stress_Near_02.mat,8102,9502029,FB-CMPSO,500,473,200,0,153,0.0569933,5085.84753567267,5072.84139760441,0,0,0,1,1,0,0,0,201,260,305.721017635243,6810.687807547,1
stress_Near_02.mat,8102,9502029,FB-CMPSO,1000,959,200,0,459,0.1141592,5036.884894872,5026.04406674476,0,0,0,1,1,0,0,0,201,260,354.683658435911,6810.687807547,1
stress_Near_02.mat,8102,9502029,FB-CMPSO,1500,1445,200,0,765,0.1703241,5036.884894872,5026.04406674476,0,0,0,1,1,0,0,0,201,260,354.683658435911,6810.687807547,1
stress_Near_02.mat,8102,9502029,FB-CMPSO,2500,2500,200,0,1428,0.2917084,4426.14338892783,4416.90876437231,0,0,0,1,1,0,0,0,201,260,965.425164380084,6810.687807547,1
stress_Near_02.mat,8102,9502030,Repair,500,36,0,0,0,0.0034408,5391.56855330791,5377.63150084914,0,0,0,1,NaN,NaN,NaN,NaN,NaN,NaN,NaN,6810.687807547,1
stress_Near_02.mat,8102,9502030,Repair,1000,36,0,0,0,0.0034408,5391.56855330791,5377.63150084914,0,0,0,1,NaN,NaN,NaN,NaN,NaN,NaN,NaN,6810.687807547,1
stress_Near_02.mat,8102,9502030,Repair,1500,36,0,0,0,0.0034408,5391.56855330791,5377.63150084914,0,0,0,1,NaN,NaN,NaN,NaN,NaN,NaN,NaN,6810.687807547,1
stress_Near_02.mat,8102,9502030,Repair,2500,36,0,0,0,0.0034408,5391.56855330791,5377.63150084914,0,0,0,1,NaN,NaN,NaN,NaN,NaN,NaN,NaN,6810.687807547,1
stress_Near_02.mat,8102,9502030,WarmPSO,500,500,200,0,0,0.0568118,5391.56855330791,5377.63150084914,0,0,0,1,1,0,0,0,201,NaN,NaN,6810.687807547,0
stress_Near_02.mat,8102,9502030,WarmPSO,1000,980,200,0,0,0.1151936,5391.56855330791,5377.63150084914,0,0,0,1,1,0,0,0,201,NaN,NaN,6810.687807547,0
stress_Near_02.mat,8102,9502030,WarmPSO,1500,1490,200,0,0,0.1695228,5391.56855330791,5377.63150084914,0,0,0,1,1,0,0,0,201,NaN,NaN,6810.687807547,0
stress_Near_02.mat,8102,9502030,WarmPSO,2500,2500,200,0,0,0.2836254,5391.56855330791,5377.63150084914,0,0,0,1,1,0,0,0,201,NaN,NaN,6810.687807547,0
stress_Near_02.mat,8102,9502030,AlwaysVND,500,473,200,0,153,0.0549645,5224.87057490419,5213.49083605708,0,0,0,1,1,0,0,0,201,260,166.697978403721,6810.687807547,1
stress_Near_02.mat,8102,9502030,AlwaysVND,1000,959,200,0,459,0.1091089,4614.12906896002,4604.35553368463,0,0,0,1,1,0,0,0,201,260,777.439484347896,6810.687807547,1
stress_Near_02.mat,8102,9502030,AlwaysVND,1500,1445,200,0,765,0.1661893,4133.91142187174,4123.7575919024,0,0,0,1,1,0,0,0,201,260,1257.65713143617,6810.687807547,1
stress_Near_02.mat,8102,9502030,AlwaysVND,2500,2500,200,0,1428,0.2882473,4133.91142187174,4123.7575919024,0,0,0,1,1,0,0,0,201,260,1257.65713143617,6810.687807547,1
stress_Near_02.mat,8102,9502030,FB-CMPSO,500,473,200,0,153,0.0563878,5224.87057490419,5213.49083605708,0,0,0,1,1,0,0,0,201,260,166.697978403721,6810.687807547,1
stress_Near_02.mat,8102,9502030,FB-CMPSO,1000,959,200,0,459,0.1129213,4614.12906896002,4604.35553368463,0,0,0,1,1,0,0,0,201,260,777.439484347896,6810.687807547,1
stress_Near_02.mat,8102,9502030,FB-CMPSO,1500,1445,200,0,765,0.1692071,4133.91142187174,4123.7575919024,0,0,0,1,1,0,0,0,201,260,1257.65713143617,6810.687807547,1
stress_Near_02.mat,8102,9502030,FB-CMPSO,2500,2500,200,0,1428,0.3037287,4133.91142187174,4123.7575919024,0,0,0,1,1,0,0,0,201,260,1257.65713143617,6810.687807547,1
stress_Near_04.mat,8104,9504001,Repair,500,36,0,0,0,0.0055152,5236.42800222394,5221.98350852072,0,0,0,1,NaN,NaN,NaN,NaN,NaN,NaN,NaN,6906.95813662869,1
stress_Near_04.mat,8104,9504001,Repair,1000,36,0,0,0,0.0055152,5236.42800222394,5221.98350852072,0,0,0,1,NaN,NaN,NaN,NaN,NaN,NaN,NaN,6906.95813662869,1
stress_Near_04.mat,8104,9504001,Repair,1500,36,0,0,0,0.0055152,5236.42800222394,5221.98350852072,0,0,0,1,NaN,NaN,NaN,NaN,NaN,NaN,NaN,6906.95813662869,1
stress_Near_04.mat,8104,9504001,Repair,2500,36,0,0,0,0.0055152,5236.42800222394,5221.98350852072,0,0,0,1,NaN,NaN,NaN,NaN,NaN,NaN,NaN,6906.95813662869,1
stress_Near_04.mat,8104,9504001,WarmPSO,500,500,200,0,0,0.083983,5236.42800222394,5221.98350852072,0,0,0,1,1,0,0,0,201,NaN,NaN,6906.95813662869,0
stress_Near_04.mat,8104,9504001,WarmPSO,1000,980,200,0,0,0.1359524,5236.42800222394,5221.98350852072,0,0,0,1,1,0,0,0,201,NaN,NaN,6906.95813662869,0
stress_Near_04.mat,8104,9504001,WarmPSO,1500,1490,200,0,0,0.1880575,5236.42800222394,5221.98350852072,0,0,0,1,1,0,0,0,201,NaN,NaN,6906.95813662869,0
stress_Near_04.mat,8104,9504001,WarmPSO,2500,2500,200,0,0,0.2963273,5236.42800222394,5221.98350852072,0,0,0,1,1,0,0,0,201,NaN,NaN,6906.95813662869,0
stress_Near_04.mat,8104,9504001,AlwaysVND,500,473,200,0,153,0.058062,4723.09289420238,4715.93732499316,0,0,0,1,1,0,0,0,201,260,513.335108021555,6906.95813662869,1
stress_Near_04.mat,8104,9504001,AlwaysVND,1000,959,200,0,459,0.1200296,4534.75215624609,4526.26613001834,0,0,0,1,1,0,0,0,201,260,701.675845977851,6906.95813662869,1
stress_Near_04.mat,8104,9504001,AlwaysVND,1500,1445,200,0,765,0.1792939,4534.75215624609,4526.26613001834,0,0,0,1,1,0,0,0,201,260,701.675845977851,6906.95813662869,1
stress_Near_04.mat,8104,9504001,AlwaysVND,2500,2500,200,0,1428,0.3033766,4534.75215624609,4526.26613001834,0,0,0,1,1,0,0,0,201,260,701.675845977851,6906.95813662869,1
stress_Near_04.mat,8104,9504001,FB-CMPSO,500,473,200,0,153,0.0587372,4723.09289420238,4715.93732499316,0,0,0,1,1,0,0,0,201,260,513.335108021555,6906.95813662869,1
stress_Near_04.mat,8104,9504001,FB-CMPSO,1000,959,200,0,459,0.1201218,4534.75215624609,4526.26613001834,0,0,0,1,1,0,0,0,201,260,701.675845977851,6906.95813662869,1
stress_Near_04.mat,8104,9504001,FB-CMPSO,1500,1445,200,0,765,0.1762502,4534.75215624609,4526.26613001834,0,0,0,1,1,0,0,0,201,260,701.675845977851,6906.95813662869,1
stress_Near_04.mat,8104,9504001,FB-CMPSO,2500,2500,200,0,1428,0.3014688,4534.75215624609,4526.26613001834,0,0,0,1,1,0,0,0,201,260,701.675845977851,6906.95813662869,1
stress_Near_04.mat,8104,9504002,Repair,500,36,0,0,0,0.0034218,5236.42800222394,5221.98350852072,0,0,0,1,NaN,NaN,NaN,NaN,NaN,NaN,NaN,6906.95813662869,1
stress_Near_04.mat,8104,9504002,Repair,1000,36,0,0,0,0.0034218,5236.42800222394,5221.98350852072,0,0,0,1,NaN,NaN,NaN,NaN,NaN,NaN,NaN,6906.95813662869,1
stress_Near_04.mat,8104,9504002,Repair,1500,36,0,0,0,0.0034218,5236.42800222394,5221.98350852072,0,0,0,1,NaN,NaN,NaN,NaN,NaN,NaN,NaN,6906.95813662869,1
stress_Near_04.mat,8104,9504002,Repair,2500,36,0,0,0,0.0034218,5236.42800222394,5221.98350852072,0,0,0,1,NaN,NaN,NaN,NaN,NaN,NaN,NaN,6906.95813662869,1
stress_Near_04.mat,8104,9504002,WarmPSO,500,500,200,0,0,0.0554574,5236.42800222394,5221.98350852072,0,0,0,1,1,0,0,0,201,NaN,NaN,6906.95813662869,0
stress_Near_04.mat,8104,9504002,WarmPSO,1000,980,200,0,0,0.1089739,5236.42800222394,5221.98350852072,0,0,0,1,1,0,0,0,201,NaN,NaN,6906.95813662869,0
stress_Near_04.mat,8104,9504002,WarmPSO,1500,1490,200,0,0,0.1607073,5236.42800222394,5221.98350852072,0,0,0,1,1,0,0,0,201,NaN,NaN,6906.95813662869,0
stress_Near_04.mat,8104,9504002,WarmPSO,2500,2500,200,0,0,0.2664693,5236.42800222394,5221.98350852072,0,0,0,1,1,0,0,0,201,NaN,NaN,6906.95813662869,0
stress_Near_04.mat,8104,9504002,AlwaysVND,500,473,200,0,153,0.054655,4692.05512408923,4683.69629291382,0,0,0,1,1,0,0,0,201,260,544.372878134706,6906.95813662869,1
stress_Near_04.mat,8104,9504002,AlwaysVND,1000,959,200,0,459,0.1099415,4338.53999929193,4330.49202766479,0,0,0,1,1,0,0,0,201,260,897.888002932007,6906.95813662869,1
stress_Near_04.mat,8104,9504002,AlwaysVND,1500,1445,200,0,765,0.1728259,4085.45063244361,4079.4383202062,0,0,0,1,1,0,0,0,201,260,1150.97736978033,6906.95813662869,1
stress_Near_04.mat,8104,9504002,AlwaysVND,2500,2500,200,0,1428,0.3090635,4085.45063244361,4079.4383202062,0,0,0,1,1,0,0,0,201,260,1150.97736978033,6906.95813662869,1
stress_Near_04.mat,8104,9504002,FB-CMPSO,500,473,200,0,153,0.0552369,4692.05512408923,4683.69629291382,0,0,0,1,1,0,0,0,201,260,544.372878134706,6906.95813662869,1
stress_Near_04.mat,8104,9504002,FB-CMPSO,1000,959,200,0,459,0.1104609,4338.53999929193,4330.49202766479,0,0,0,1,1,0,0,0,201,260,897.888002932007,6906.95813662869,1
stress_Near_04.mat,8104,9504002,FB-CMPSO,1500,1445,200,0,765,0.1682695,4085.45063244361,4079.4383202062,0,0,0,1,1,0,0,0,201,260,1150.97736978033,6906.95813662869,1
stress_Near_04.mat,8104,9504002,FB-CMPSO,2500,2500,200,0,1428,0.2925589,4085.45063244361,4079.4383202062,0,0,0,1,1,0,0,0,201,260,1150.97736978033,6906.95813662869,1
stress_Near_04.mat,8104,9504003,Repair,500,36,0,0,0,0.0035949,5236.42800222394,5221.98350852072,0,0,0,1,NaN,NaN,NaN,NaN,NaN,NaN,NaN,6906.95813662869,1
stress_Near_04.mat,8104,9504003,Repair,1000,36,0,0,0,0.0035949,5236.42800222394,5221.98350852072,0,0,0,1,NaN,NaN,NaN,NaN,NaN,NaN,NaN,6906.95813662869,1
stress_Near_04.mat,8104,9504003,Repair,1500,36,0,0,0,0.0035949,5236.42800222394,5221.98350852072,0,0,0,1,NaN,NaN,NaN,NaN,NaN,NaN,NaN,6906.95813662869,1
stress_Near_04.mat,8104,9504003,Repair,2500,36,0,0,0,0.0035949,5236.42800222394,5221.98350852072,0,0,0,1,NaN,NaN,NaN,NaN,NaN,NaN,NaN,6906.95813662869,1
stress_Near_04.mat,8104,9504003,WarmPSO,500,500,200,0,0,0.0569682,5240.19124183576,5224.82380039017,0,0,0,1,1,0,0,0,201,NaN,NaN,6906.95813662869,0
stress_Near_04.mat,8104,9504003,WarmPSO,1000,980,200,0,0,0.1075529,5240.19124183576,5224.82380039017,0,0,0,1,1,0,0,0,201,NaN,NaN,6906.95813662869,0
stress_Near_04.mat,8104,9504003,WarmPSO,1500,1490,200,0,0,0.1598984,5240.19124183576,5224.82380039017,0,0,0,1,1,0,0,0,201,NaN,NaN,6906.95813662869,0
stress_Near_04.mat,8104,9504003,WarmPSO,2500,2500,200,0,0,0.266259,5240.19124183576,5224.82380039017,0,0,0,1,1,0,0,0,201,NaN,NaN,6906.95813662869,0
stress_Near_04.mat,8104,9504003,AlwaysVND,500,473,200,0,153,0.0534301,4723.09289420238,4715.93732499316,0,0,0,1,1,0,0,0,201,260,517.09834763337,6906.95813662869,1
stress_Near_04.mat,8104,9504003,AlwaysVND,1000,959,200,0,459,0.1072083,4369.63597507084,4362.70600272585,0,0,0,1,1,0,0,0,201,260,870.555266764917,6906.95813662869,1
stress_Near_04.mat,8104,9504003,AlwaysVND,1500,1445,200,0,765,0.1634395,4369.63597507084,4362.70600272585,0,0,0,1,1,0,0,0,201,260,870.555266764917,6906.95813662869,1
stress_Near_04.mat,8104,9504003,AlwaysVND,2500,2500,200,0,1428,0.2946095,4369.63597507084,4362.70600272585,0,0,0,1,1,0,0,0,201,260,870.555266764917,6906.95813662869,1
stress_Near_04.mat,8104,9504003,FB-CMPSO,500,473,200,0,153,0.0637415,4723.09289420238,4715.93732499316,0,0,0,1,1,0,0,0,201,260,517.09834763337,6906.95813662869,1
stress_Near_04.mat,8104,9504003,FB-CMPSO,1000,959,200,0,459,0.1198323,4369.63597507084,4362.70600272585,0,0,0,1,1,0,0,0,201,260,870.555266764917,6906.95813662869,1
stress_Near_04.mat,8104,9504003,FB-CMPSO,1500,1445,200,0,765,0.1847116,4369.63597507084,4362.70600272585,0,0,0,1,1,0,0,0,201,260,870.555266764917,6906.95813662869,1
stress_Near_04.mat,8104,9504003,FB-CMPSO,2500,2500,200,0,1428,0.3096483,4369.63597507084,4362.70600272585,0,0,0,1,1,0,0,0,201,260,870.555266764917,6906.95813662869,1
stress_Near_04.mat,8104,9504004,Repair,500,36,0,0,0,0.0060811,5236.42800222394,5221.98350852072,0,0,0,1,NaN,NaN,NaN,NaN,NaN,NaN,NaN,6906.95813662869,1
stress_Near_04.mat,8104,9504004,Repair,1000,36,0,0,0,0.0060811,5236.42800222394,5221.98350852072,0,0,0,1,NaN,NaN,NaN,NaN,NaN,NaN,NaN,6906.95813662869,1
stress_Near_04.mat,8104,9504004,Repair,1500,36,0,0,0,0.0060811,5236.42800222394,5221.98350852072,0,0,0,1,NaN,NaN,NaN,NaN,NaN,NaN,NaN,6906.95813662869,1
stress_Near_04.mat,8104,9504004,Repair,2500,36,0,0,0,0.0060811,5236.42800222394,5221.98350852072,0,0,0,1,NaN,NaN,NaN,NaN,NaN,NaN,NaN,6906.95813662869,1
stress_Near_04.mat,8104,9504004,WarmPSO,500,500,200,0,0,0.0567797,5236.42800222394,5221.98350852072,0,0,0,1,1,0,0,0,201,NaN,NaN,6906.95813662869,0
stress_Near_04.mat,8104,9504004,WarmPSO,1000,980,200,0,0,0.1068369,5236.42800222394,5221.98350852072,0,0,0,1,1,0,0,0,201,NaN,NaN,6906.95813662869,0
stress_Near_04.mat,8104,9504004,WarmPSO,1500,1490,200,0,0,0.158719,5236.42800222394,5221.98350852072,0,0,0,1,1,0,0,0,201,NaN,NaN,6906.95813662869,0
stress_Near_04.mat,8104,9504004,WarmPSO,2500,2500,200,0,0,0.2609207,5236.42800222394,5221.98350852072,0,0,0,1,1,0,0,0,201,NaN,NaN,6906.95813662869,0
stress_Near_04.mat,8104,9504004,AlwaysVND,500,473,200,0,153,0.0528714,4337.40769219037,4329.75669409897,0,0,0,1,1,0,0,0,201,260,962.972714756025,6906.95813662869,1
stress_Near_04.mat,8104,9504004,AlwaysVND,1000,959,200,0,459,0.1096806,4085.45063244361,4079.4383202062,0,0,0,1,1,0,0,0,201,260,1214.92977450279,6906.95813662869,1
stress_Near_04.mat,8104,9504004,AlwaysVND,1500,1445,200,0,765,0.1693577,4085.45063244361,4079.4383202062,0,0,0,1,1,0,0,0,201,260,1214.92977450279,6906.95813662869,1
stress_Near_04.mat,8104,9504004,AlwaysVND,2500,2500,200,0,1428,0.2946127,3946.42759321209,3938.78888175353,0,0,0,1,1,0,0,0,201,260,1353.95281373431,6906.95813662869,1
stress_Near_04.mat,8104,9504004,FB-CMPSO,500,473,200,0,153,0.0526272,4337.40769219037,4329.75669409897,0,0,0,1,1,0,0,0,201,260,962.972714756025,6906.95813662869,1
stress_Near_04.mat,8104,9504004,FB-CMPSO,1000,959,200,0,459,0.1104542,4085.45063244361,4079.4383202062,0,0,0,1,1,0,0,0,201,260,1214.92977450279,6906.95813662869,1
stress_Near_04.mat,8104,9504004,FB-CMPSO,1500,1445,200,0,765,0.1669729,4085.45063244361,4079.4383202062,0,0,0,1,1,0,0,0,201,260,1214.92977450279,6906.95813662869,1
stress_Near_04.mat,8104,9504004,FB-CMPSO,2500,2500,200,0,1428,0.298831,3946.42759321209,3938.78888175353,0,0,0,1,1,0,0,0,201,260,1353.95281373431,6906.95813662869,1
stress_Near_04.mat,8104,9504005,Repair,500,36,0,0,0,0.0045158,5236.42800222394,5221.98350852072,0,0,0,1,NaN,NaN,NaN,NaN,NaN,NaN,NaN,6906.95813662869,1
stress_Near_04.mat,8104,9504005,Repair,1000,36,0,0,0,0.0045158,5236.42800222394,5221.98350852072,0,0,0,1,NaN,NaN,NaN,NaN,NaN,NaN,NaN,6906.95813662869,1
stress_Near_04.mat,8104,9504005,Repair,1500,36,0,0,0,0.0045158,5236.42800222394,5221.98350852072,0,0,0,1,NaN,NaN,NaN,NaN,NaN,NaN,NaN,6906.95813662869,1
stress_Near_04.mat,8104,9504005,Repair,2500,36,0,0,0,0.0045158,5236.42800222394,5221.98350852072,0,0,0,1,NaN,NaN,NaN,NaN,NaN,NaN,NaN,6906.95813662869,1
stress_Near_04.mat,8104,9504005,WarmPSO,500,500,200,0,0,0.0612338,5236.42800222394,5221.98350852072,0,0,0,1,1,0,0,0,201,NaN,NaN,6906.95813662869,0
stress_Near_04.mat,8104,9504005,WarmPSO,1000,980,200,0,0,0.1099271,5236.42800222394,5221.98350852072,0,0,0,1,1,0,0,0,201,NaN,NaN,6906.95813662869,0
stress_Near_04.mat,8104,9504005,WarmPSO,1500,1490,200,0,0,0.1613222,5236.42800222394,5221.98350852072,0,0,0,1,1,0,0,0,201,NaN,NaN,6906.95813662869,0
stress_Near_04.mat,8104,9504005,WarmPSO,2500,2500,200,0,0,0.264197,5236.42800222394,5221.98350852072,0,0,0,1,1,0,0,0,201,NaN,NaN,6906.95813662869,0
stress_Near_04.mat,8104,9504005,AlwaysVND,500,473,200,0,153,0.0556644,4721.06390696851,4713.91727455315,0,0,0,1,1,0,0,0,201,260,515.36409525543,6906.95813662869,1
stress_Near_04.mat,8104,9504005,AlwaysVND,1000,959,200,0,459,0.119122,4582.04086773699,4573.26783610049,0,0,0,1,1,0,0,0,201,260,654.38713448695,6906.95813662869,1
stress_Near_04.mat,8104,9504005,AlwaysVND,1500,1445,200,0,765,0.1763114,4582.04086773699,4573.26783610049,0,0,0,1,1,0,0,0,201,260,654.38713448695,6906.95813662869,1
stress_Near_04.mat,8104,9504005,AlwaysVND,2500,2500,200,0,1428,0.2994743,4582.04086773699,4573.26783610049,0,0,0,1,1,0,0,0,201,260,654.38713448695,6906.95813662869,1
stress_Near_04.mat,8104,9504005,FB-CMPSO,500,473,200,0,153,0.0540622,4721.06390696851,4713.91727455315,0,0,0,1,1,0,0,0,201,260,515.36409525543,6906.95813662869,1
stress_Near_04.mat,8104,9504005,FB-CMPSO,1000,959,200,0,459,0.1199917,4582.04086773699,4573.26783610049,0,0,0,1,1,0,0,0,201,260,654.38713448695,6906.95813662869,1
stress_Near_04.mat,8104,9504005,FB-CMPSO,1500,1445,200,0,765,0.1778712,4582.04086773699,4573.26783610049,0,0,0,1,1,0,0,0,201,260,654.38713448695,6906.95813662869,1
stress_Near_04.mat,8104,9504005,FB-CMPSO,2500,2500,200,0,1428,0.3009807,4582.04086773699,4573.26783610049,0,0,0,1,1,0,0,0,201,260,654.38713448695,6906.95813662869,1
stress_Near_04.mat,8104,9504006,Repair,500,36,0,0,0,0.0040185,5236.42800222394,5221.98350852072,0,0,0,1,NaN,NaN,NaN,NaN,NaN,NaN,NaN,6906.95813662869,1
stress_Near_04.mat,8104,9504006,Repair,1000,36,0,0,0,0.0040185,5236.42800222394,5221.98350852072,0,0,0,1,NaN,NaN,NaN,NaN,NaN,NaN,NaN,6906.95813662869,1
stress_Near_04.mat,8104,9504006,Repair,1500,36,0,0,0,0.0040185,5236.42800222394,5221.98350852072,0,0,0,1,NaN,NaN,NaN,NaN,NaN,NaN,NaN,6906.95813662869,1
stress_Near_04.mat,8104,9504006,Repair,2500,36,0,0,0,0.0040185,5236.42800222394,5221.98350852072,0,0,0,1,NaN,NaN,NaN,NaN,NaN,NaN,NaN,6906.95813662869,1
stress_Near_04.mat,8104,9504006,WarmPSO,500,500,200,0,0,0.0555633,5236.42800222394,5221.98350852072,0,0,0,1,1,0,0,0,201,NaN,NaN,6906.95813662869,0
stress_Near_04.mat,8104,9504006,WarmPSO,1000,980,200,0,0,0.1101401,5236.42800222394,5221.98350852072,0,0,0,1,1,0,0,0,201,NaN,NaN,6906.95813662869,0
stress_Near_04.mat,8104,9504006,WarmPSO,1500,1490,200,0,0,0.1700035,5236.42800222394,5221.98350852072,0,0,0,1,1,0,0,0,201,NaN,NaN,6906.95813662869,0
stress_Near_04.mat,8104,9504006,WarmPSO,2500,2500,200,0,0,0.2838118,5236.42800222394,5221.98350852072,0,0,0,1,1,0,0,0,201,NaN,NaN,6906.95813662869,0
stress_Near_04.mat,8104,9504006,AlwaysVND,500,473,200,0,153,0.0515655,4358.23101079358,4352.43200878757,0,0,0,1,1,0,0,0,201,260,878.196991430361,6906.95813662869,1
stress_Near_04.mat,8104,9504006,AlwaysVND,1000,959,200,0,459,0.1096588,4274.28107580636,4266.42586374359,0,0,0,1,1,0,0,0,201,260,962.146926417579,6906.95813662869,1
stress_Near_04.mat,8104,9504006,AlwaysVND,1500,1445,200,0,765,0.1660524,3946.42759321209,3938.78888175353,0,0,0,1,1,0,0,0,201,260,1290.00040901185,6906.95813662869,1
stress_Near_04.mat,8104,9504006,AlwaysVND,2500,2500,200,0,1428,0.2922634,3946.42759321209,3938.78888175353,0,0,0,1,1,0,0,0,201,260,1290.00040901185,6906.95813662869,1
stress_Near_04.mat,8104,9504006,FB-CMPSO,500,473,200,0,153,0.0535855,4358.23101079358,4352.43200878757,0,0,0,1,1,0,0,0,201,260,878.196991430361,6906.95813662869,1
stress_Near_04.mat,8104,9504006,FB-CMPSO,1000,959,200,0,459,0.1098193,4274.28107580636,4266.42586374359,0,0,0,1,1,0,0,0,201,260,962.146926417579,6906.95813662869,1
stress_Near_04.mat,8104,9504006,FB-CMPSO,1500,1445,200,0,765,0.1680313,3946.42759321209,3938.78888175353,0,0,0,1,1,0,0,0,201,260,1290.00040901185,6906.95813662869,1
stress_Near_04.mat,8104,9504006,FB-CMPSO,2500,2500,200,0,1428,0.2999657,3946.42759321209,3938.78888175353,0,0,0,1,1,0,0,0,201,260,1290.00040901185,6906.95813662869,1
stress_Near_04.mat,8104,9504007,Repair,500,36,0,0,0,0.0037175,5236.42800222394,5221.98350852072,0,0,0,1,NaN,NaN,NaN,NaN,NaN,NaN,NaN,6906.95813662869,1
stress_Near_04.mat,8104,9504007,Repair,1000,36,0,0,0,0.0037175,5236.42800222394,5221.98350852072,0,0,0,1,NaN,NaN,NaN,NaN,NaN,NaN,NaN,6906.95813662869,1
stress_Near_04.mat,8104,9504007,Repair,1500,36,0,0,0,0.0037175,5236.42800222394,5221.98350852072,0,0,0,1,NaN,NaN,NaN,NaN,NaN,NaN,NaN,6906.95813662869,1
stress_Near_04.mat,8104,9504007,Repair,2500,36,0,0,0,0.0037175,5236.42800222394,5221.98350852072,0,0,0,1,NaN,NaN,NaN,NaN,NaN,NaN,NaN,6906.95813662869,1
stress_Near_04.mat,8104,9504007,WarmPSO,500,500,200,0,0,0.0523606,5236.42800222394,5221.98350852072,0,0,0,1,1,0,0,0,201,NaN,NaN,6906.95813662869,0
stress_Near_04.mat,8104,9504007,WarmPSO,1000,980,200,0,0,0.1009287,5236.42800222394,5221.98350852072,0,0,0,1,1,0,0,0,201,NaN,NaN,6906.95813662869,0
stress_Near_04.mat,8104,9504007,WarmPSO,1500,1490,200,0,0,0.1560641,5236.42800222394,5221.98350852072,0,0,0,1,1,0,0,0,201,NaN,NaN,6906.95813662869,0
stress_Near_04.mat,8104,9504007,WarmPSO,2500,2500,200,0,0,0.2625222,5236.42800222394,5221.98350852072,0,0,0,1,1,0,0,0,201,NaN,NaN,6906.95813662869,0
stress_Near_04.mat,8104,9504007,AlwaysVND,500,473,200,0,153,0.0541247,4085.45063244361,4079.4383202062,0,0,0,1,1,0,0,0,201,260,1154.74060939215,6906.95813662869,1
stress_Near_04.mat,8104,9504007,AlwaysVND,1000,959,200,0,459,0.1132498,3946.42759321209,3938.78888175353,0,0,0,1,1,0,0,0,201,260,1293.76364862367,6906.95813662869,1
stress_Near_04.mat,8104,9504007,AlwaysVND,1500,1445,200,0,765,0.1719599,3946.42759321209,3938.78888175353,0,0,0,1,1,0,0,0,201,260,1293.76364862367,6906.95813662869,1
stress_Near_04.mat,8104,9504007,AlwaysVND,2500,2500,200,0,1428,0.2946736,3946.42759321209,3938.78888175353,0,0,0,1,1,0,0,0,201,260,1293.76364862367,6906.95813662869,1
stress_Near_04.mat,8104,9504007,FB-CMPSO,500,473,200,0,153,0.0534776,4085.45063244361,4079.4383202062,0,0,0,1,1,0,0,0,201,260,1154.74060939215,6906.95813662869,1
stress_Near_04.mat,8104,9504007,FB-CMPSO,1000,959,200,0,459,0.1119427,3946.42759321209,3938.78888175353,0,0,0,1,1,0,0,0,201,260,1293.76364862367,6906.95813662869,1
stress_Near_04.mat,8104,9504007,FB-CMPSO,1500,1445,200,0,765,0.1730524,3946.42759321209,3938.78888175353,0,0,0,1,1,0,0,0,201,260,1293.76364862367,6906.95813662869,1
stress_Near_04.mat,8104,9504007,FB-CMPSO,2500,2500,200,0,1428,0.2975118,3946.42759321209,3938.78888175353,0,0,0,1,1,0,0,0,201,260,1293.76364862367,6906.95813662869,1
stress_Near_04.mat,8104,9504008,Repair,500,36,0,0,0,0.0033513,5236.42800222394,5221.98350852072,0,0,0,1,NaN,NaN,NaN,NaN,NaN,NaN,NaN,6906.95813662869,1
stress_Near_04.mat,8104,9504008,Repair,1000,36,0,0,0,0.0033513,5236.42800222394,5221.98350852072,0,0,0,1,NaN,NaN,NaN,NaN,NaN,NaN,NaN,6906.95813662869,1
stress_Near_04.mat,8104,9504008,Repair,1500,36,0,0,0,0.0033513,5236.42800222394,5221.98350852072,0,0,0,1,NaN,NaN,NaN,NaN,NaN,NaN,NaN,6906.95813662869,1
stress_Near_04.mat,8104,9504008,Repair,2500,36,0,0,0,0.0033513,5236.42800222394,5221.98350852072,0,0,0,1,NaN,NaN,NaN,NaN,NaN,NaN,NaN,6906.95813662869,1
stress_Near_04.mat,8104,9504008,WarmPSO,500,500,200,0,0,0.0531203,5236.42800222394,5221.98350852072,0,0,0,1,1,0,0,0,201,NaN,NaN,6906.95813662869,0
stress_Near_04.mat,8104,9504008,WarmPSO,1000,980,200,0,0,0.1039689,5236.42800222394,5221.98350852072,0,0,0,1,1,0,0,0,201,NaN,NaN,6906.95813662869,0
stress_Near_04.mat,8104,9504008,WarmPSO,1500,1490,200,0,0,0.1564196,5236.42800222394,5221.98350852072,0,0,0,1,1,0,0,0,201,NaN,NaN,6906.95813662869,0
stress_Near_04.mat,8104,9504008,WarmPSO,2500,2500,200,0,0,0.262701,5236.42800222394,5221.98350852072,0,0,0,1,1,0,0,0,201,NaN,NaN,6906.95813662869,0
stress_Near_04.mat,8104,9504008,AlwaysVND,500,473,200,0,153,0.0541807,4652.53999264487,4639.93303280552,0,0,0,1,1,0,0,0,201,260,583.888009579067,6906.95813662869,1
stress_Near_04.mat,8104,9504008,AlwaysVND,1000,959,200,0,459,0.1125532,4369.63597507084,4362.70600272585,0,0,0,1,1,0,0,0,201,260,866.792027153102,6906.95813662869,1
stress_Near_04.mat,8104,9504008,AlwaysVND,1500,1445,200,0,765,0.1690983,4369.63597507084,4362.70600272585,0,0,0,1,1,0,0,0,201,260,866.792027153102,6906.95813662869,1
stress_Near_04.mat,8104,9504008,AlwaysVND,2500,2500,200,0,1428,0.2976186,4369.63597507084,4362.70600272585,0,0,0,1,1,0,0,0,201,260,866.792027153102,6906.95813662869,1
stress_Near_04.mat,8104,9504008,FB-CMPSO,500,473,200,0,153,0.0568282,4652.53999264487,4639.93303280552,0,0,0,1,1,0,0,0,201,260,583.888009579067,6906.95813662869,1
stress_Near_04.mat,8104,9504008,FB-CMPSO,1000,959,200,0,459,0.1160993,4369.63597507084,4362.70600272585,0,0,0,1,1,0,0,0,201,260,866.792027153102,6906.95813662869,1
stress_Near_04.mat,8104,9504008,FB-CMPSO,1500,1445,200,0,765,0.1707365,4369.63597507084,4362.70600272585,0,0,0,1,1,0,0,0,201,260,866.792027153102,6906.95813662869,1
stress_Near_04.mat,8104,9504008,FB-CMPSO,2500,2500,200,0,1428,0.2902303,4369.63597507084,4362.70600272585,0,0,0,1,1,0,0,0,201,260,866.792027153102,6906.95813662869,1
stress_Near_04.mat,8104,9504009,Repair,500,36,0,0,0,0.0039511,5236.42800222394,5221.98350852072,0,0,0,1,NaN,NaN,NaN,NaN,NaN,NaN,NaN,6906.95813662869,1
stress_Near_04.mat,8104,9504009,Repair,1000,36,0,0,0,0.0039511,5236.42800222394,5221.98350852072,0,0,0,1,NaN,NaN,NaN,NaN,NaN,NaN,NaN,6906.95813662869,1
stress_Near_04.mat,8104,9504009,Repair,1500,36,0,0,0,0.0039511,5236.42800222394,5221.98350852072,0,0,0,1,NaN,NaN,NaN,NaN,NaN,NaN,NaN,6906.95813662869,1
stress_Near_04.mat,8104,9504009,Repair,2500,36,0,0,0,0.0039511,5236.42800222394,5221.98350852072,0,0,0,1,NaN,NaN,NaN,NaN,NaN,NaN,NaN,6906.95813662869,1
stress_Near_04.mat,8104,9504009,WarmPSO,500,500,200,0,0,0.0528565,5236.42800222394,5221.98350852072,0,0,0,1,1,0,0,0,201,NaN,NaN,6906.95813662869,0
stress_Near_04.mat,8104,9504009,WarmPSO,1000,980,200,0,0,0.1014122,5236.42800222394,5221.98350852072,0,0,0,1,1,0,0,0,201,NaN,NaN,6906.95813662869,0
stress_Near_04.mat,8104,9504009,WarmPSO,1500,1490,200,0,0,0.1530032,5236.42800222394,5221.98350852072,0,0,0,1,1,0,0,0,201,NaN,NaN,6906.95813662869,0
stress_Near_04.mat,8104,9504009,WarmPSO,2500,2500,200,0,0,0.2593556,5236.42800222394,5221.98350852072,0,0,0,1,1,0,0,0,201,NaN,NaN,6906.95813662869,0
stress_Near_04.mat,8104,9504009,AlwaysVND,500,473,200,0,153,0.0533889,4310.59068975098,4297.77458212789,0,0,0,1,1,0,0,0,201,260,925.837312472958,6906.95813662869,1
stress_Near_04.mat,8104,9504009,AlwaysVND,1000,959,200,0,459,0.1124409,4171.43148551032,4161.84573133767,0,0,0,1,1,0,0,0,201,260,1064.99651671362,6906.95813662869,1
stress_Near_04.mat,8104,9504009,AlwaysVND,1500,1445,200,0,765,0.1699624,4171.43148551032,4161.84573133767,0,0,0,1,1,0,0,0,201,260,1064.99651671362,6906.95813662869,1
stress_Near_04.mat,8104,9504009,AlwaysVND,2500,2500,200,0,1428,0.2965395,4171.43148551032,4161.84573133767,0,0,0,1,1,0,0,0,201,260,1064.99651671362,6906.95813662869,1
stress_Near_04.mat,8104,9504009,FB-CMPSO,500,473,200,0,153,0.053037,4310.59068975098,4297.77458212789,0,0,0,1,1,0,0,0,201,260,925.837312472958,6906.95813662869,1
stress_Near_04.mat,8104,9504009,FB-CMPSO,1000,959,200,0,459,0.1131013,4171.43148551032,4161.84573133767,0,0,0,1,1,0,0,0,201,260,1064.99651671362,6906.95813662869,1
stress_Near_04.mat,8104,9504009,FB-CMPSO,1500,1445,200,0,765,0.1724277,4171.43148551032,4161.84573133767,0,0,0,1,1,0,0,0,201,260,1064.99651671362,6906.95813662869,1
stress_Near_04.mat,8104,9504009,FB-CMPSO,2500,2500,200,0,1428,0.3058779,4171.43148551032,4161.84573133767,0,0,0,1,1,0,0,0,201,260,1064.99651671362,6906.95813662869,1
stress_Near_04.mat,8104,9504010,Repair,500,36,0,0,0,0.0030404,5236.42800222394,5221.98350852072,0,0,0,1,NaN,NaN,NaN,NaN,NaN,NaN,NaN,6906.95813662869,1
stress_Near_04.mat,8104,9504010,Repair,1000,36,0,0,0,0.0030404,5236.42800222394,5221.98350852072,0,0,0,1,NaN,NaN,NaN,NaN,NaN,NaN,NaN,6906.95813662869,1
stress_Near_04.mat,8104,9504010,Repair,1500,36,0,0,0,0.0030404,5236.42800222394,5221.98350852072,0,0,0,1,NaN,NaN,NaN,NaN,NaN,NaN,NaN,6906.95813662869,1
stress_Near_04.mat,8104,9504010,Repair,2500,36,0,0,0,0.0030404,5236.42800222394,5221.98350852072,0,0,0,1,NaN,NaN,NaN,NaN,NaN,NaN,NaN,6906.95813662869,1
stress_Near_04.mat,8104,9504010,WarmPSO,500,500,200,0,0,0.0537423,5236.42800222394,5221.98350852072,0,0,0,1,1,0,0,0,201,NaN,NaN,6906.95813662869,0
stress_Near_04.mat,8104,9504010,WarmPSO,1000,980,200,0,0,0.1036977,5236.42800222394,5221.98350852072,0,0,0,1,1,0,0,0,201,NaN,NaN,6906.95813662869,0
stress_Near_04.mat,8104,9504010,WarmPSO,1500,1490,200,0,0,0.1563053,5236.42800222394,5221.98350852072,0,0,0,1,1,0,0,0,201,NaN,NaN,6906.95813662869,0
stress_Near_04.mat,8104,9504010,WarmPSO,2500,2500,200,0,0,0.2599448,5236.42800222394,5221.98350852072,0,0,0,1,1,0,0,0,201,NaN,NaN,6906.95813662869,0
stress_Near_04.mat,8104,9504010,AlwaysVND,500,473,200,0,153,0.0523379,4953.62944829574,4938.08922506082,0,0,0,1,1,0,0,0,201,260,282.798553928204,6906.95813662869,1
stress_Near_04.mat,8104,9504010,AlwaysVND,1000,959,200,0,459,0.1054037,4235.83301175574,4224.36500790534,0,0,0,1,1,0,0,0,201,260,1000.5949904682,6906.95813662869,1
stress_Near_04.mat,8104,9504010,AlwaysVND,1500,1445,200,0,765,0.1618548,4171.43148551032,4161.84573133767,0,0,0,1,1,0,0,0,201,260,1064.99651671362,6906.95813662869,1
stress_Near_04.mat,8104,9504010,AlwaysVND,2500,2500,200,0,1428,0.289987,4171.43148551032,4161.84573133767,0,0,0,1,1,0,0,0,201,260,1064.99651671362,6906.95813662869,1
stress_Near_04.mat,8104,9504010,FB-CMPSO,500,473,200,0,153,0.052244,4953.62944829574,4938.08922506082,0,0,0,1,1,0,0,0,201,260,282.798553928204,6906.95813662869,1
stress_Near_04.mat,8104,9504010,FB-CMPSO,1000,959,200,0,459,0.1068658,4235.83301175574,4224.36500790534,0,0,0,1,1,0,0,0,201,260,1000.5949904682,6906.95813662869,1
stress_Near_04.mat,8104,9504010,FB-CMPSO,1500,1445,200,0,765,0.162507,4171.43148551032,4161.84573133767,0,0,0,1,1,0,0,0,201,260,1064.99651671362,6906.95813662869,1
stress_Near_04.mat,8104,9504010,FB-CMPSO,2500,2500,200,0,1428,0.2888427,4171.43148551032,4161.84573133767,0,0,0,1,1,0,0,0,201,260,1064.99651671362,6906.95813662869,1
stress_Near_04.mat,8104,9504011,Repair,500,36,0,0,0,0.0032975,5236.42800222394,5221.98350852072,0,0,0,1,NaN,NaN,NaN,NaN,NaN,NaN,NaN,6906.95813662869,1
stress_Near_04.mat,8104,9504011,Repair,1000,36,0,0,0,0.0032975,5236.42800222394,5221.98350852072,0,0,0,1,NaN,NaN,NaN,NaN,NaN,NaN,NaN,6906.95813662869,1
stress_Near_04.mat,8104,9504011,Repair,1500,36,0,0,0,0.0032975,5236.42800222394,5221.98350852072,0,0,0,1,NaN,NaN,NaN,NaN,NaN,NaN,NaN,6906.95813662869,1
stress_Near_04.mat,8104,9504011,Repair,2500,36,0,0,0,0.0032975,5236.42800222394,5221.98350852072,0,0,0,1,NaN,NaN,NaN,NaN,NaN,NaN,NaN,6906.95813662869,1
stress_Near_04.mat,8104,9504011,WarmPSO,500,500,200,0,0,0.0566145,5236.42800222394,5221.98350852072,0,0,0,1,1,0,0,0,201,NaN,NaN,6906.95813662869,0
stress_Near_04.mat,8104,9504011,WarmPSO,1000,980,200,0,0,0.1109226,5236.42800222394,5221.98350852072,0,0,0,1,1,0,0,0,201,NaN,NaN,6906.95813662869,0
stress_Near_04.mat,8104,9504011,WarmPSO,1500,1490,200,0,0,0.169575,5236.42800222394,5221.98350852072,0,0,0,1,1,0,0,0,201,NaN,NaN,6906.95813662869,0
stress_Near_04.mat,8104,9504011,WarmPSO,2500,2500,200,0,0,0.3010107,5236.42800222394,5221.98350852072,0,0,0,1,1,0,0,0,201,NaN,NaN,6906.95813662869,0
stress_Near_04.mat,8104,9504011,AlwaysVND,500,473,200,0,153,0.0529606,4871.65158583184,4861.39269291818,0,0,0,1,1,0,0,0,201,260,364.776416392097,6906.95813662869,1
stress_Near_04.mat,8104,9504011,AlwaysVND,1000,959,200,0,459,0.1132997,4721.06390696851,4713.91727455315,0,0,0,1,1,0,0,0,201,260,515.36409525543,6906.95813662869,1
stress_Near_04.mat,8104,9504011,AlwaysVND,1500,1445,200,0,765,0.1704672,4721.06390696851,4713.91727455315,0,0,0,1,1,0,0,0,201,260,515.36409525543,6906.95813662869,1
stress_Near_04.mat,8104,9504011,AlwaysVND,2500,2500,200,0,1428,0.293982,4721.06390696851,4713.91727455315,0,0,0,1,1,0,0,0,201,260,515.36409525543,6906.95813662869,1
stress_Near_04.mat,8104,9504011,FB-CMPSO,500,473,200,0,153,0.0535514,4871.65158583184,4861.39269291818,0,0,0,1,1,0,0,0,201,260,364.776416392097,6906.95813662869,1
stress_Near_04.mat,8104,9504011,FB-CMPSO,1000,959,200,0,459,0.1122507,4721.06390696851,4713.91727455315,0,0,0,1,1,0,0,0,201,260,515.36409525543,6906.95813662869,1
stress_Near_04.mat,8104,9504011,FB-CMPSO,1500,1445,200,0,765,0.170872,4721.06390696851,4713.91727455315,0,0,0,1,1,0,0,0,201,260,515.36409525543,6906.95813662869,1
stress_Near_04.mat,8104,9504011,FB-CMPSO,2500,2500,200,0,1428,0.2946755,4721.06390696851,4713.91727455315,0,0,0,1,1,0,0,0,201,260,515.36409525543,6906.95813662869,1
stress_Near_04.mat,8104,9504012,Repair,500,36,0,0,0,0.0045289,5236.42800222394,5221.98350852072,0,0,0,1,NaN,NaN,NaN,NaN,NaN,NaN,NaN,6906.95813662869,1
stress_Near_04.mat,8104,9504012,Repair,1000,36,0,0,0,0.0045289,5236.42800222394,5221.98350852072,0,0,0,1,NaN,NaN,NaN,NaN,NaN,NaN,NaN,6906.95813662869,1
stress_Near_04.mat,8104,9504012,Repair,1500,36,0,0,0,0.0045289,5236.42800222394,5221.98350852072,0,0,0,1,NaN,NaN,NaN,NaN,NaN,NaN,NaN,6906.95813662869,1
stress_Near_04.mat,8104,9504012,Repair,2500,36,0,0,0,0.0045289,5236.42800222394,5221.98350852072,0,0,0,1,NaN,NaN,NaN,NaN,NaN,NaN,NaN,6906.95813662869,1
stress_Near_04.mat,8104,9504012,WarmPSO,500,500,200,0,0,0.0541273,5236.42800222394,5221.98350852072,0,0,0,1,1,0,0,0,201,NaN,NaN,6906.95813662869,0
stress_Near_04.mat,8104,9504012,WarmPSO,1000,980,200,0,0,0.1060641,5236.42800222394,5221.98350852072,0,0,0,1,1,0,0,0,201,NaN,NaN,6906.95813662869,0
stress_Near_04.mat,8104,9504012,WarmPSO,1500,1490,200,0,0,0.1645169,5236.42800222394,5221.98350852072,0,0,0,1,1,0,0,0,201,NaN,NaN,6906.95813662869,0
stress_Near_04.mat,8104,9504012,WarmPSO,2500,2500,200,0,0,0.273429,5236.42800222394,5221.98350852072,0,0,0,1,1,0,0,0,201,NaN,NaN,6906.95813662869,0
stress_Near_04.mat,8104,9504012,AlwaysVND,500,473,200,0,153,0.0539265,5134.62013339506,5122.26127084364,0,0,0,1,1,0,0,0,201,260,101.807868828881,6906.95813662869,1
stress_Near_04.mat,8104,9504012,AlwaysVND,1000,959,200,0,459,0.1107732,4759.43723024936,4751.24514199123,0,0,0,1,1,0,0,0,201,260,476.990771974576,6906.95813662869,1
stress_Near_04.mat,8104,9504012,AlwaysVND,1500,1445,200,0,765,0.1659541,4759.43723024936,4751.24514199123,0,0,0,1,1,0,0,0,201,260,476.990771974576,6906.95813662869,1
stress_Near_04.mat,8104,9504012,AlwaysVND,2500,2500,200,0,1428,0.2905074,4620.41419101784,4610.59570353856,0,0,0,1,1,0,0,0,201,260,616.013811206098,6906.95813662869,1
stress_Near_04.mat,8104,9504012,FB-CMPSO,500,473,200,0,153,0.0538249,5134.62013339506,5122.26127084364,0,0,0,1,1,0,0,0,201,260,101.807868828881,6906.95813662869,1
stress_Near_04.mat,8104,9504012,FB-CMPSO,1000,959,200,0,459,0.1102199,4759.43723024936,4751.24514199123,0,0,0,1,1,0,0,0,201,260,476.990771974576,6906.95813662869,1
stress_Near_04.mat,8104,9504012,FB-CMPSO,1500,1445,200,0,765,0.1677472,4759.43723024936,4751.24514199123,0,0,0,1,1,0,0,0,201,260,476.990771974576,6906.95813662869,1
stress_Near_04.mat,8104,9504012,FB-CMPSO,2500,2500,200,0,1428,0.290813,4620.41419101784,4610.59570353856,0,0,0,1,1,0,0,0,201,260,616.013811206098,6906.95813662869,1
stress_Near_04.mat,8104,9504013,Repair,500,36,0,0,0,0.0048302,5236.42800222394,5221.98350852072,0,0,0,1,NaN,NaN,NaN,NaN,NaN,NaN,NaN,6906.95813662869,1
stress_Near_04.mat,8104,9504013,Repair,1000,36,0,0,0,0.0048302,5236.42800222394,5221.98350852072,0,0,0,1,NaN,NaN,NaN,NaN,NaN,NaN,NaN,6906.95813662869,1
stress_Near_04.mat,8104,9504013,Repair,1500,36,0,0,0,0.0048302,5236.42800222394,5221.98350852072,0,0,0,1,NaN,NaN,NaN,NaN,NaN,NaN,NaN,6906.95813662869,1
stress_Near_04.mat,8104,9504013,Repair,2500,36,0,0,0,0.0048302,5236.42800222394,5221.98350852072,0,0,0,1,NaN,NaN,NaN,NaN,NaN,NaN,NaN,6906.95813662869,1
stress_Near_04.mat,8104,9504013,WarmPSO,500,500,200,0,0,0.056383,5240.19124183576,5224.82380039017,0,0,0,1,1,0,0,0,201,NaN,NaN,6906.95813662869,0
stress_Near_04.mat,8104,9504013,WarmPSO,1000,980,200,0,0,0.1042702,5240.19124183576,5224.82380039017,0,0,0,1,1,0,0,0,201,NaN,NaN,6906.95813662869,0
stress_Near_04.mat,8104,9504013,WarmPSO,1500,1490,200,0,0,0.1555975,5240.19124183576,5224.82380039017,0,0,0,1,1,0,0,0,201,NaN,NaN,6906.95813662869,0
stress_Near_04.mat,8104,9504013,WarmPSO,2500,2500,200,0,0,0.2661151,5240.19124183576,5224.82380039017,0,0,0,1,1,0,0,0,201,NaN,NaN,6906.95813662869,0
stress_Near_04.mat,8104,9504013,AlwaysVND,500,473,200,0,153,0.0564699,5240.19124183576,5224.82380039017,0,0,0,1,1,0,0,0,201,260,0,6906.95813662869,0
stress_Near_04.mat,8104,9504013,AlwaysVND,1000,959,200,0,459,0.1209259,4160.20831043885,4152.84789442875,0,0,0,1,1,0,0,0,201,260,1079.9829313969,6906.95813662869,1
stress_Near_04.mat,8104,9504013,AlwaysVND,1500,1445,200,0,765,0.1780702,4085.45063244361,4079.4383202062,0,0,0,1,1,0,0,0,201,260,1154.74060939215,6906.95813662869,1
stress_Near_04.mat,8104,9504013,AlwaysVND,2500,2500,200,0,1428,0.3152759,4085.45063244361,4079.4383202062,0,0,0,1,1,0,0,0,201,260,1154.74060939215,6906.95813662869,1
stress_Near_04.mat,8104,9504013,FB-CMPSO,500,473,200,0,153,0.0535063,5240.19124183576,5224.82380039017,0,0,0,1,1,0,0,0,201,260,0,6906.95813662869,0
stress_Near_04.mat,8104,9504013,FB-CMPSO,1000,959,200,0,459,0.1102134,4160.20831043885,4152.84789442875,0,0,0,1,1,0,0,0,201,260,1079.9829313969,6906.95813662869,1
stress_Near_04.mat,8104,9504013,FB-CMPSO,1500,1445,200,0,765,0.171916,4085.45063244361,4079.4383202062,0,0,0,1,1,0,0,0,201,260,1154.74060939215,6906.95813662869,1
stress_Near_04.mat,8104,9504013,FB-CMPSO,2500,2500,200,0,1428,0.2974716,4085.45063244361,4079.4383202062,0,0,0,1,1,0,0,0,201,260,1154.74060939215,6906.95813662869,1
stress_Near_04.mat,8104,9504014,Repair,500,36,0,0,0,0.0029489,5236.42800222394,5221.98350852072,0,0,0,1,NaN,NaN,NaN,NaN,NaN,NaN,NaN,6906.95813662869,1
stress_Near_04.mat,8104,9504014,Repair,1000,36,0,0,0,0.0029489,5236.42800222394,5221.98350852072,0,0,0,1,NaN,NaN,NaN,NaN,NaN,NaN,NaN,6906.95813662869,1
stress_Near_04.mat,8104,9504014,Repair,1500,36,0,0,0,0.0029489,5236.42800222394,5221.98350852072,0,0,0,1,NaN,NaN,NaN,NaN,NaN,NaN,NaN,6906.95813662869,1
stress_Near_04.mat,8104,9504014,Repair,2500,36,0,0,0,0.0029489,5236.42800222394,5221.98350852072,0,0,0,1,NaN,NaN,NaN,NaN,NaN,NaN,NaN,6906.95813662869,1
stress_Near_04.mat,8104,9504014,WarmPSO,500,500,200,0,0,0.052215,5236.42800222394,5221.98350852072,0,0,0,1,1,0,0,0,201,NaN,NaN,6906.95813662869,0
stress_Near_04.mat,8104,9504014,WarmPSO,1000,980,200,0,0,0.1019617,5236.42800222394,5221.98350852072,0,0,0,1,1,0,0,0,201,NaN,NaN,6906.95813662869,0
stress_Near_04.mat,8104,9504014,WarmPSO,1500,1490,200,0,0,0.1552631,5236.42800222394,5221.98350852072,0,0,0,1,1,0,0,0,201,NaN,NaN,6906.95813662869,0
stress_Near_04.mat,8104,9504014,WarmPSO,2500,2500,200,0,0,0.2597812,5236.42800222394,5221.98350852072,0,0,0,1,1,0,0,0,201,NaN,NaN,6906.95813662869,0
stress_Near_04.mat,8104,9504014,AlwaysVND,500,473,200,0,153,0.051506,4981.66648961391,4966.17005036903,0,0,0,1,1,0,0,0,201,260,254.761512610027,6906.95813662869,1
stress_Near_04.mat,8104,9504014,AlwaysVND,1000,959,200,0,459,0.1085617,4085.45063244361,4079.4383202062,0,0,0,1,1,0,0,0,201,260,1150.97736978033,6906.95813662869,1
stress_Near_04.mat,8104,9504014,AlwaysVND,1500,1445,200,0,765,0.1665651,3946.42759321209,3938.78888175353,0,0,0,1,1,0,0,0,201,260,1290.00040901185,6906.95813662869,1
stress_Near_04.mat,8104,9504014,AlwaysVND,2500,2500,200,0,1428,0.2977001,3946.42759321209,3938.78888175353,0,0,0,1,1,0,0,0,201,260,1290.00040901185,6906.95813662869,1
stress_Near_04.mat,8104,9504014,FB-CMPSO,500,473,200,0,153,0.0531618,4981.66648961391,4966.17005036903,0,0,0,1,1,0,0,0,201,260,254.761512610027,6906.95813662869,1
stress_Near_04.mat,8104,9504014,FB-CMPSO,1000,959,200,0,459,0.1132856,4085.45063244361,4079.4383202062,0,0,0,1,1,0,0,0,201,260,1150.97736978033,6906.95813662869,1
stress_Near_04.mat,8104,9504014,FB-CMPSO,1500,1445,200,0,765,0.1840744,3946.42759321209,3938.78888175353,0,0,0,1,1,0,0,0,201,260,1290.00040901185,6906.95813662869,1
stress_Near_04.mat,8104,9504014,FB-CMPSO,2500,2500,200,0,1428,0.343485,3946.42759321209,3938.78888175353,0,0,0,1,1,0,0,0,201,260,1290.00040901185,6906.95813662869,1
stress_Near_04.mat,8104,9504015,Repair,500,36,0,0,0,0.0041729,5236.42800222394,5221.98350852072,0,0,0,1,NaN,NaN,NaN,NaN,NaN,NaN,NaN,6906.95813662869,1
stress_Near_04.mat,8104,9504015,Repair,1000,36,0,0,0,0.0041729,5236.42800222394,5221.98350852072,0,0,0,1,NaN,NaN,NaN,NaN,NaN,NaN,NaN,6906.95813662869,1
stress_Near_04.mat,8104,9504015,Repair,1500,36,0,0,0,0.0041729,5236.42800222394,5221.98350852072,0,0,0,1,NaN,NaN,NaN,NaN,NaN,NaN,NaN,6906.95813662869,1
stress_Near_04.mat,8104,9504015,Repair,2500,36,0,0,0,0.0041729,5236.42800222394,5221.98350852072,0,0,0,1,NaN,NaN,NaN,NaN,NaN,NaN,NaN,6906.95813662869,1
stress_Near_04.mat,8104,9504015,WarmPSO,500,500,200,0,0,0.0689491,5236.42800222394,5221.98350852072,0,0,0,1,1,0,0,0,201,NaN,NaN,6906.95813662869,0
stress_Near_04.mat,8104,9504015,WarmPSO,1000,980,200,0,0,0.1298574,5236.42800222394,5221.98350852072,0,0,0,1,1,0,0,0,201,NaN,NaN,6906.95813662869,0
stress_Near_04.mat,8104,9504015,WarmPSO,1500,1490,200,0,0,0.1824431,5236.42800222394,5221.98350852072,0,0,0,1,1,0,0,0,201,NaN,NaN,6906.95813662869,0
stress_Near_04.mat,8104,9504015,WarmPSO,2500,2500,200,0,0,0.2882127,5236.42800222394,5221.98350852072,0,0,0,1,1,0,0,0,201,NaN,NaN,6906.95813662869,0
stress_Near_04.mat,8104,9504015,AlwaysVND,500,473,200,0,153,0.0599855,4699.56171780104,4693.38834584748,0,0,0,1,1,0,0,0,201,260,536.8662844229,6906.95813662869,1
stress_Near_04.mat,8104,9504015,AlwaysVND,1000,959,200,0,459,0.1195208,4508.65901430236,4503.35544117852,0,0,0,1,1,0,0,0,201,260,727.768987921582,6906.95813662869,1
stress_Near_04.mat,8104,9504015,AlwaysVND,1500,1445,200,0,765,0.1794654,4369.63597507084,4362.70600272585,0,0,0,1,1,0,0,0,201,260,866.792027153102,6906.95813662869,1
stress_Near_04.mat,8104,9504015,AlwaysVND,2500,2500,200,0,1428,0.3081194,4369.63597507084,4362.70600272585,0,0,0,1,1,0,0,0,201,260,866.792027153102,6906.95813662869,1
stress_Near_04.mat,8104,9504015,FB-CMPSO,500,473,200,0,153,0.059886,4699.56171780104,4693.38834584748,0,0,0,1,1,0,0,0,201,260,536.8662844229,6906.95813662869,1
stress_Near_04.mat,8104,9504015,FB-CMPSO,1000,959,200,0,459,0.1225645,4508.65901430236,4503.35544117852,0,0,0,1,1,0,0,0,201,260,727.768987921582,6906.95813662869,1
stress_Near_04.mat,8104,9504015,FB-CMPSO,1500,1445,200,0,765,0.1810368,4369.63597507084,4362.70600272585,0,0,0,1,1,0,0,0,201,260,866.792027153102,6906.95813662869,1
stress_Near_04.mat,8104,9504015,FB-CMPSO,2500,2500,200,0,1428,0.3096128,4369.63597507084,4362.70600272585,0,0,0,1,1,0,0,0,201,260,866.792027153102,6906.95813662869,1
stress_Near_04.mat,8104,9504016,Repair,500,36,0,0,0,0.0029668,5236.42800222394,5221.98350852072,0,0,0,1,NaN,NaN,NaN,NaN,NaN,NaN,NaN,6906.95813662869,1
stress_Near_04.mat,8104,9504016,Repair,1000,36,0,0,0,0.0029668,5236.42800222394,5221.98350852072,0,0,0,1,NaN,NaN,NaN,NaN,NaN,NaN,NaN,6906.95813662869,1
stress_Near_04.mat,8104,9504016,Repair,1500,36,0,0,0,0.0029668,5236.42800222394,5221.98350852072,0,0,0,1,NaN,NaN,NaN,NaN,NaN,NaN,NaN,6906.95813662869,1
stress_Near_04.mat,8104,9504016,Repair,2500,36,0,0,0,0.0029668,5236.42800222394,5221.98350852072,0,0,0,1,NaN,NaN,NaN,NaN,NaN,NaN,NaN,6906.95813662869,1
stress_Near_04.mat,8104,9504016,WarmPSO,500,500,200,0,0,0.0536337,5236.42800222394,5221.98350852072,0,0,0,1,1,0,0,0,201,NaN,NaN,6906.95813662869,0
stress_Near_04.mat,8104,9504016,WarmPSO,1000,980,200,0,0,0.1032648,5236.42800222394,5221.98350852072,0,0,0,1,1,0,0,0,201,NaN,NaN,6906.95813662869,0
stress_Near_04.mat,8104,9504016,WarmPSO,1500,1490,200,0,0,0.1553145,5236.42800222394,5221.98350852072,0,0,0,1,1,0,0,0,201,NaN,NaN,6906.95813662869,0
stress_Near_04.mat,8104,9504016,WarmPSO,2500,2500,200,0,0,0.2743902,5236.42800222394,5221.98350852072,0,0,0,1,1,0,0,0,201,NaN,NaN,6906.95813662869,0
stress_Near_04.mat,8104,9504016,AlwaysVND,500,473,200,0,153,0.053496,4660.66621024352,4651.31998295387,0,0,0,1,1,0,0,0,201,260,575.761791980421,6906.95813662869,1
stress_Near_04.mat,8104,9504016,AlwaysVND,1000,959,200,0,459,0.1099007,4171.43148551032,4161.84573133767,0,0,0,1,1,0,0,0,201,260,1064.99651671362,6906.95813662869,1
stress_Near_04.mat,8104,9504016,AlwaysVND,1500,1445,200,0,765,0.172916,4171.43148551032,4161.84573133767,0,0,0,1,1,0,0,0,201,260,1064.99651671362,6906.95813662869,1
stress_Near_04.mat,8104,9504016,AlwaysVND,2500,2500,200,0,1428,0.2982541,4171.43148551032,4161.84573133767,0,0,0,1,1,0,0,0,201,260,1064.99651671362,6906.95813662869,1
stress_Near_04.mat,8104,9504016,FB-CMPSO,500,473,200,0,153,0.05156,4660.66621024352,4651.31998295387,0,0,0,1,1,0,0,0,201,260,575.761791980421,6906.95813662869,1
stress_Near_04.mat,8104,9504016,FB-CMPSO,1000,959,200,0,459,0.1091774,4171.43148551032,4161.84573133767,0,0,0,1,1,0,0,0,201,260,1064.99651671362,6906.95813662869,1
stress_Near_04.mat,8104,9504016,FB-CMPSO,1500,1445,200,0,765,0.1659746,4171.43148551032,4161.84573133767,0,0,0,1,1,0,0,0,201,260,1064.99651671362,6906.95813662869,1
stress_Near_04.mat,8104,9504016,FB-CMPSO,2500,2500,200,0,1428,0.2965109,4171.43148551032,4161.84573133767,0,0,0,1,1,0,0,0,201,260,1064.99651671362,6906.95813662869,1
stress_Near_04.mat,8104,9504017,Repair,500,36,0,0,0,0.0033241,5236.42800222394,5221.98350852072,0,0,0,1,NaN,NaN,NaN,NaN,NaN,NaN,NaN,6906.95813662869,1
stress_Near_04.mat,8104,9504017,Repair,1000,36,0,0,0,0.0033241,5236.42800222394,5221.98350852072,0,0,0,1,NaN,NaN,NaN,NaN,NaN,NaN,NaN,6906.95813662869,1
stress_Near_04.mat,8104,9504017,Repair,1500,36,0,0,0,0.0033241,5236.42800222394,5221.98350852072,0,0,0,1,NaN,NaN,NaN,NaN,NaN,NaN,NaN,6906.95813662869,1
stress_Near_04.mat,8104,9504017,Repair,2500,36,0,0,0,0.0033241,5236.42800222394,5221.98350852072,0,0,0,1,NaN,NaN,NaN,NaN,NaN,NaN,NaN,6906.95813662869,1
stress_Near_04.mat,8104,9504017,WarmPSO,500,500,200,0,0,0.062968,5240.19124183576,5224.82380039017,0,0,0,1,1,0,0,0,201,NaN,NaN,6906.95813662869,0
stress_Near_04.mat,8104,9504017,WarmPSO,1000,980,200,0,0,0.1143655,5240.19124183576,5224.82380039017,0,0,0,1,1,0,0,0,201,NaN,NaN,6906.95813662869,0
stress_Near_04.mat,8104,9504017,WarmPSO,1500,1490,200,0,0,0.1685669,5240.19124183576,5224.82380039017,0,0,0,1,1,0,0,0,201,NaN,NaN,6906.95813662869,0
stress_Near_04.mat,8104,9504017,WarmPSO,2500,2500,200,0,0,0.2706882,5240.19124183576,5224.82380039017,0,0,0,1,1,0,0,0,201,NaN,NaN,6906.95813662869,0
stress_Near_04.mat,8104,9504017,AlwaysVND,500,473,200,0,153,0.0546147,4588.61219853447,4579.24951776018,0,0,0,1,1,0,0,0,201,260,651.579043301285,6906.95813662869,1
stress_Near_04.mat,8104,9504017,AlwaysVND,1000,959,200,0,459,0.1103579,4357.04711626029,4345.04467223565,0,0,0,1,1,0,0,0,201,260,883.144125575468,6906.95813662869,1
stress_Near_04.mat,8104,9504017,AlwaysVND,1500,1445,200,0,765,0.1678647,4357.04711626029,4345.04467223565,0,0,0,1,1,0,0,0,201,260,883.144125575468,6906.95813662869,1
stress_Near_04.mat,8104,9504017,AlwaysVND,2500,2500,200,0,1428,0.2910268,4357.04711626029,4345.04467223565,0,0,0,1,1,0,0,0,201,260,883.144125575468,6906.95813662869,1
stress_Near_04.mat,8104,9504017,FB-CMPSO,500,473,200,0,153,0.0542945,4588.61219853447,4579.24951776018,0,0,0,1,1,0,0,0,201,260,651.579043301285,6906.95813662869,1
stress_Near_04.mat,8104,9504017,FB-CMPSO,1000,959,200,0,459,0.1110465,4357.04711626029,4345.04467223565,0,0,0,1,1,0,0,0,201,260,883.144125575468,6906.95813662869,1
stress_Near_04.mat,8104,9504017,FB-CMPSO,1500,1445,200,0,765,0.1684071,4357.04711626029,4345.04467223565,0,0,0,1,1,0,0,0,201,260,883.144125575468,6906.95813662869,1
stress_Near_04.mat,8104,9504017,FB-CMPSO,2500,2500,200,0,1428,0.2928126,4357.04711626029,4345.04467223565,0,0,0,1,1,0,0,0,201,260,883.144125575468,6906.95813662869,1
stress_Near_04.mat,8104,9504018,Repair,500,36,0,0,0,0.0033813,5236.42800222394,5221.98350852072,0,0,0,1,NaN,NaN,NaN,NaN,NaN,NaN,NaN,6906.95813662869,1
stress_Near_04.mat,8104,9504018,Repair,1000,36,0,0,0,0.0033813,5236.42800222394,5221.98350852072,0,0,0,1,NaN,NaN,NaN,NaN,NaN,NaN,NaN,6906.95813662869,1
stress_Near_04.mat,8104,9504018,Repair,1500,36,0,0,0,0.0033813,5236.42800222394,5221.98350852072,0,0,0,1,NaN,NaN,NaN,NaN,NaN,NaN,NaN,6906.95813662869,1
stress_Near_04.mat,8104,9504018,Repair,2500,36,0,0,0,0.0033813,5236.42800222394,5221.98350852072,0,0,0,1,NaN,NaN,NaN,NaN,NaN,NaN,NaN,6906.95813662869,1
stress_Near_04.mat,8104,9504018,WarmPSO,500,500,200,0,0,0.0528398,5236.42800222394,5221.98350852072,0,0,0,1,1,0,0,0,201,NaN,NaN,6906.95813662869,0
stress_Near_04.mat,8104,9504018,WarmPSO,1000,980,200,0,0,0.1023341,5236.42800222394,5221.98350852072,0,0,0,1,1,0,0,0,201,NaN,NaN,6906.95813662869,0
stress_Near_04.mat,8104,9504018,WarmPSO,1500,1490,200,0,0,0.161107,5236.42800222394,5221.98350852072,0,0,0,1,1,0,0,0,201,NaN,NaN,6906.95813662869,0
stress_Near_04.mat,8104,9504018,WarmPSO,2500,2500,200,0,0,0.2730059,5236.42800222394,5221.98350852072,0,0,0,1,1,0,0,0,201,NaN,NaN,6906.95813662869,0
stress_Near_04.mat,8104,9504018,AlwaysVND,500,473,200,0,153,0.0540391,4880.9135623881,4871.63775274563,0,0,0,1,1,0,0,0,201,260,355.514439835835,6906.95813662869,1
stress_Near_04.mat,8104,9504018,AlwaysVND,1000,959,200,0,459,0.1105841,4553.59851036496,4543.59689017642,0,0,0,1,1,0,0,0,201,260,682.829491858979,6906.95813662869,1
stress_Near_04.mat,8104,9504018,AlwaysVND,1500,1445,200,0,765,0.1688908,4553.59851036496,4543.59689017642,0,0,0,1,1,0,0,0,201,260,682.829491858979,6906.95813662869,1
stress_Near_04.mat,8104,9504018,AlwaysVND,2500,2500,200,0,1428,0.2878836,4220.56429095335,4212.25053314391,0,0,0,1,1,0,0,0,201,260,1015.86371127059,6906.95813662869,1
stress_Near_04.mat,8104,9504018,FB-CMPSO,500,473,200,0,153,0.0530573,4880.9135623881,4871.63775274563,0,0,0,1,1,0,0,0,201,260,355.514439835835,6906.95813662869,1
stress_Near_04.mat,8104,9504018,FB-CMPSO,1000,959,200,0,459,0.1139556,4553.59851036496,4543.59689017642,0,0,0,1,1,0,0,0,201,260,682.829491858979,6906.95813662869,1
stress_Near_04.mat,8104,9504018,FB-CMPSO,1500,1445,200,0,765,0.177158,4553.59851036496,4543.59689017642,0,0,0,1,1,0,0,0,201,260,682.829491858979,6906.95813662869,1
stress_Near_04.mat,8104,9504018,FB-CMPSO,2500,2500,200,0,1428,0.3099037,4220.56429095335,4212.25053314391,0,0,0,1,1,0,0,0,201,260,1015.86371127059,6906.95813662869,1
stress_Near_04.mat,8104,9504019,Repair,500,36,0,0,0,0.0044339,5236.42800222394,5221.98350852072,0,0,0,1,NaN,NaN,NaN,NaN,NaN,NaN,NaN,6906.95813662869,1
stress_Near_04.mat,8104,9504019,Repair,1000,36,0,0,0,0.0044339,5236.42800222394,5221.98350852072,0,0,0,1,NaN,NaN,NaN,NaN,NaN,NaN,NaN,6906.95813662869,1
stress_Near_04.mat,8104,9504019,Repair,1500,36,0,0,0,0.0044339,5236.42800222394,5221.98350852072,0,0,0,1,NaN,NaN,NaN,NaN,NaN,NaN,NaN,6906.95813662869,1
stress_Near_04.mat,8104,9504019,Repair,2500,36,0,0,0,0.0044339,5236.42800222394,5221.98350852072,0,0,0,1,NaN,NaN,NaN,NaN,NaN,NaN,NaN,6906.95813662869,1
stress_Near_04.mat,8104,9504019,WarmPSO,500,500,200,0,0,0.0571584,5236.42800222394,5221.98350852072,0,0,0,1,1,0,0,0,201,NaN,NaN,6906.95813662869,0
stress_Near_04.mat,8104,9504019,WarmPSO,1000,980,200,0,0,0.1065298,5236.42800222394,5221.98350852072,0,0,0,1,1,0,0,0,201,NaN,NaN,6906.95813662869,0
stress_Near_04.mat,8104,9504019,WarmPSO,1500,1490,200,0,0,0.1601506,5236.42800222394,5221.98350852072,0,0,0,1,1,0,0,0,201,NaN,NaN,6906.95813662869,0
stress_Near_04.mat,8104,9504019,WarmPSO,2500,2500,200,0,0,0.266966,5236.42800222394,5221.98350852072,0,0,0,1,1,0,0,0,201,NaN,NaN,6906.95813662869,0
stress_Near_04.mat,8104,9504019,AlwaysVND,500,473,200,0,153,0.0555447,4659.60270941887,4651.92126438234,0,0,0,1,1,0,0,0,201,260,576.825292805074,6906.95813662869,1
stress_Near_04.mat,8104,9504019,AlwaysVND,1000,959,200,0,459,0.1137015,4311.76467672468,4303.99876511697,0,0,0,1,1,0,0,0,201,260,924.663325499256,6906.95813662869,1
stress_Near_04.mat,8104,9504019,AlwaysVND,1500,1445,200,0,765,0.182449,4311.76467672468,4303.99876511697,0,0,0,1,1,0,0,0,201,260,924.663325499256,6906.95813662869,1
stress_Near_04.mat,8104,9504019,AlwaysVND,2500,2500,200,0,1428,0.3088407,4159.00755471534,4147.71931210293,0,0,0,1,1,0,0,0,201,260,1077.4204475086,6906.95813662869,1
stress_Near_04.mat,8104,9504019,FB-CMPSO,500,473,200,0,153,0.0510627,4659.60270941887,4651.92126438234,0,0,0,1,1,0,0,0,201,260,576.825292805074,6906.95813662869,1
stress_Near_04.mat,8104,9504019,FB-CMPSO,1000,959,200,0,459,0.1063269,4311.76467672468,4303.99876511697,0,0,0,1,1,0,0,0,201,260,924.663325499256,6906.95813662869,1
stress_Near_04.mat,8104,9504019,FB-CMPSO,1500,1445,200,0,765,0.1633215,4311.76467672468,4303.99876511697,0,0,0,1,1,0,0,0,201,260,924.663325499256,6906.95813662869,1
stress_Near_04.mat,8104,9504019,FB-CMPSO,2500,2500,200,0,1428,0.2874504,4159.00755471534,4147.71931210293,0,0,0,1,1,0,0,0,201,260,1077.4204475086,6906.95813662869,1
stress_Near_04.mat,8104,9504020,Repair,500,36,0,0,0,0.0037449,5236.42800222394,5221.98350852072,0,0,0,1,NaN,NaN,NaN,NaN,NaN,NaN,NaN,6906.95813662869,1
stress_Near_04.mat,8104,9504020,Repair,1000,36,0,0,0,0.0037449,5236.42800222394,5221.98350852072,0,0,0,1,NaN,NaN,NaN,NaN,NaN,NaN,NaN,6906.95813662869,1
stress_Near_04.mat,8104,9504020,Repair,1500,36,0,0,0,0.0037449,5236.42800222394,5221.98350852072,0,0,0,1,NaN,NaN,NaN,NaN,NaN,NaN,NaN,6906.95813662869,1
stress_Near_04.mat,8104,9504020,Repair,2500,36,0,0,0,0.0037449,5236.42800222394,5221.98350852072,0,0,0,1,NaN,NaN,NaN,NaN,NaN,NaN,NaN,6906.95813662869,1
stress_Near_04.mat,8104,9504020,WarmPSO,500,500,200,0,0,0.0542778,5236.42800222394,5221.98350852072,0,0,0,1,1,0,0,0,201,NaN,NaN,6906.95813662869,0
stress_Near_04.mat,8104,9504020,WarmPSO,1000,980,200,0,0,0.1043425,5236.42800222394,5221.98350852072,0,0,0,1,1,0,0,0,201,NaN,NaN,6906.95813662869,0
stress_Near_04.mat,8104,9504020,WarmPSO,1500,1490,200,0,0,0.1638045,5236.42800222394,5221.98350852072,0,0,0,1,1,0,0,0,201,NaN,NaN,6906.95813662869,0
stress_Near_04.mat,8104,9504020,WarmPSO,2500,2500,200,0,0,0.2747653,5236.42800222394,5221.98350852072,0,0,0,1,1,0,0,0,201,NaN,NaN,6906.95813662869,0
stress_Near_04.mat,8104,9504020,AlwaysVND,500,473,200,0,153,0.0524486,5003.96792454254,4991.14430463281,0,0,0,1,1,0,0,0,201,260,296.412482403851,6906.95813662869,1
stress_Near_04.mat,8104,9504020,AlwaysVND,1000,959,200,0,459,0.112341,4721.06390696851,4713.91727455315,0,0,0,1,1,0,0,0,201,260,579.316499977885,6906.95813662869,1
stress_Near_04.mat,8104,9504020,AlwaysVND,1500,1445,200,0,765,0.168271,4534.75215624609,4526.26613001834,0,0,0,1,1,0,0,0,201,260,765.628250700306,6906.95813662869,1
stress_Near_04.mat,8104,9504020,AlwaysVND,2500,2500,200,0,1428,0.2998472,4508.65901430236,4503.35544117852,0,0,0,1,1,0,0,0,201,260,791.721392644037,6906.95813662869,1
stress_Near_04.mat,8104,9504020,FB-CMPSO,500,473,200,0,153,0.0601215,5003.96792454254,4991.14430463281,0,0,0,1,1,0,0,0,201,260,296.412482403851,6906.95813662869,1
stress_Near_04.mat,8104,9504020,FB-CMPSO,1000,959,200,0,459,0.1177524,4721.06390696851,4713.91727455315,0,0,0,1,1,0,0,0,201,260,579.316499977885,6906.95813662869,1
stress_Near_04.mat,8104,9504020,FB-CMPSO,1500,1445,200,0,765,0.1771184,4534.75215624609,4526.26613001834,0,0,0,1,1,0,0,0,201,260,765.628250700306,6906.95813662869,1
stress_Near_04.mat,8104,9504020,FB-CMPSO,2500,2500,200,0,1428,0.308968,4508.65901430236,4503.35544117852,0,0,0,1,1,0,0,0,201,260,791.721392644037,6906.95813662869,1
stress_Near_04.mat,8104,9504021,Repair,500,36,0,0,0,0.0037727,5236.42800222394,5221.98350852072,0,0,0,1,NaN,NaN,NaN,NaN,NaN,NaN,NaN,6906.95813662869,1
stress_Near_04.mat,8104,9504021,Repair,1000,36,0,0,0,0.0037727,5236.42800222394,5221.98350852072,0,0,0,1,NaN,NaN,NaN,NaN,NaN,NaN,NaN,6906.95813662869,1
stress_Near_04.mat,8104,9504021,Repair,1500,36,0,0,0,0.0037727,5236.42800222394,5221.98350852072,0,0,0,1,NaN,NaN,NaN,NaN,NaN,NaN,NaN,6906.95813662869,1
stress_Near_04.mat,8104,9504021,Repair,2500,36,0,0,0,0.0037727,5236.42800222394,5221.98350852072,0,0,0,1,NaN,NaN,NaN,NaN,NaN,NaN,NaN,6906.95813662869,1
stress_Near_04.mat,8104,9504021,WarmPSO,500,500,200,0,0,0.0541624,5236.42800222394,5221.98350852072,0,0,0,1,1,0,0,0,201,NaN,NaN,6906.95813662869,0
stress_Near_04.mat,8104,9504021,WarmPSO,1000,980,200,0,0,0.1033028,5236.42800222394,5221.98350852072,0,0,0,1,1,0,0,0,201,NaN,NaN,6906.95813662869,0
stress_Near_04.mat,8104,9504021,WarmPSO,1500,1490,200,0,0,0.1541568,5236.42800222394,5221.98350852072,0,0,0,1,1,0,0,0,201,NaN,NaN,6906.95813662869,0
stress_Near_04.mat,8104,9504021,WarmPSO,2500,2500,200,0,0,0.2658606,5236.42800222394,5221.98350852072,0,0,0,1,1,0,0,0,201,NaN,NaN,6906.95813662869,0
stress_Near_04.mat,8104,9504021,AlwaysVND,500,473,200,0,153,0.0520787,4509.82844579177,4500.38290911241,0,0,0,1,1,0,0,0,201,260,726.599556432172,6906.95813662869,1
stress_Near_04.mat,8104,9504021,AlwaysVND,1000,959,200,0,459,0.1094643,4171.43148551032,4161.84573133767,0,0,0,1,1,0,0,0,201,260,1064.99651671362,6906.95813662869,1
stress_Near_04.mat,8104,9504021,AlwaysVND,1500,1445,200,0,765,0.1660261,4171.43148551032,4161.84573133767,0,0,0,1,1,0,0,0,201,260,1064.99651671362,6906.95813662869,1
stress_Near_04.mat,8104,9504021,AlwaysVND,2500,2500,200,0,1428,0.2894177,4171.43148551032,4161.84573133767,0,0,0,1,1,0,0,0,201,260,1064.99651671362,6906.95813662869,1
stress_Near_04.mat,8104,9504021,FB-CMPSO,500,473,200,0,153,0.0521637,4509.82844579177,4500.38290911241,0,0,0,1,1,0,0,0,201,260,726.599556432172,6906.95813662869,1
stress_Near_04.mat,8104,9504021,FB-CMPSO,1000,959,200,0,459,0.1144212,4171.43148551032,4161.84573133767,0,0,0,1,1,0,0,0,201,260,1064.99651671362,6906.95813662869,1
stress_Near_04.mat,8104,9504021,FB-CMPSO,1500,1445,200,0,765,0.1714775,4171.43148551032,4161.84573133767,0,0,0,1,1,0,0,0,201,260,1064.99651671362,6906.95813662869,1
stress_Near_04.mat,8104,9504021,FB-CMPSO,2500,2500,200,0,1428,0.3001922,4171.43148551032,4161.84573133767,0,0,0,1,1,0,0,0,201,260,1064.99651671362,6906.95813662869,1
stress_Near_04.mat,8104,9504022,Repair,500,36,0,0,0,0.003436,5236.42800222394,5221.98350852072,0,0,0,1,NaN,NaN,NaN,NaN,NaN,NaN,NaN,6906.95813662869,1
stress_Near_04.mat,8104,9504022,Repair,1000,36,0,0,0,0.003436,5236.42800222394,5221.98350852072,0,0,0,1,NaN,NaN,NaN,NaN,NaN,NaN,NaN,6906.95813662869,1
stress_Near_04.mat,8104,9504022,Repair,1500,36,0,0,0,0.003436,5236.42800222394,5221.98350852072,0,0,0,1,NaN,NaN,NaN,NaN,NaN,NaN,NaN,6906.95813662869,1
stress_Near_04.mat,8104,9504022,Repair,2500,36,0,0,0,0.003436,5236.42800222394,5221.98350852072,0,0,0,1,NaN,NaN,NaN,NaN,NaN,NaN,NaN,6906.95813662869,1
stress_Near_04.mat,8104,9504022,WarmPSO,500,500,200,0,0,0.0539503,5236.42800222394,5221.98350852072,0,0,0,1,1,0,0,0,201,NaN,NaN,6906.95813662869,0
stress_Near_04.mat,8104,9504022,WarmPSO,1000,980,200,0,0,0.1036336,5236.42800222394,5221.98350852072,0,0,0,1,1,0,0,0,201,NaN,NaN,6906.95813662869,0
stress_Near_04.mat,8104,9504022,WarmPSO,1500,1490,200,0,0,0.1570623,5236.42800222394,5221.98350852072,0,0,0,1,1,0,0,0,201,NaN,NaN,6906.95813662869,0
stress_Near_04.mat,8104,9504022,WarmPSO,2500,2500,200,0,0,0.2627197,5236.42800222394,5221.98350852072,0,0,0,1,1,0,0,0,201,NaN,NaN,6906.95813662869,0
stress_Near_04.mat,8104,9504022,AlwaysVND,500,473,200,0,153,0.0552397,4739.09010474988,4732.17459462642,0,0,0,1,1,0,0,0,201,260,561.290302196517,6906.95813662869,1
stress_Near_04.mat,8104,9504022,AlwaysVND,1000,959,200,0,459,0.1122975,4508.65901430236,4503.35544117852,0,0,0,1,1,0,0,0,201,260,791.721392644037,6906.95813662869,1
stress_Near_04.mat,8104,9504022,AlwaysVND,1500,1445,200,0,765,0.170355,4369.63597507084,4362.70600272585,0,0,0,1,1,0,0,0,201,260,930.744431875557,6906.95813662869,1
stress_Near_04.mat,8104,9504022,AlwaysVND,2500,2500,200,0,1428,0.293918,4369.63597507084,4362.70600272585,0,0,0,1,1,0,0,0,201,260,930.744431875557,6906.95813662869,1
stress_Near_04.mat,8104,9504022,FB-CMPSO,500,473,200,0,153,0.0526433,4739.09010474988,4732.17459462642,0,0,0,1,1,0,0,0,201,260,561.290302196517,6906.95813662869,1
stress_Near_04.mat,8104,9504022,FB-CMPSO,1000,959,200,0,459,0.108546,4508.65901430236,4503.35544117852,0,0,0,1,1,0,0,0,201,260,791.721392644037,6906.95813662869,1
stress_Near_04.mat,8104,9504022,FB-CMPSO,1500,1445,200,0,765,0.188532,4369.63597507084,4362.70600272585,0,0,0,1,1,0,0,0,201,260,930.744431875557,6906.95813662869,1
stress_Near_04.mat,8104,9504022,FB-CMPSO,2500,2500,200,0,1428,0.316033,4369.63597507084,4362.70600272585,0,0,0,1,1,0,0,0,201,260,930.744431875557,6906.95813662869,1
stress_Near_04.mat,8104,9504023,Repair,500,36,0,0,0,0.00418,5236.42800222394,5221.98350852072,0,0,0,1,NaN,NaN,NaN,NaN,NaN,NaN,NaN,6906.95813662869,1
stress_Near_04.mat,8104,9504023,Repair,1000,36,0,0,0,0.00418,5236.42800222394,5221.98350852072,0,0,0,1,NaN,NaN,NaN,NaN,NaN,NaN,NaN,6906.95813662869,1
stress_Near_04.mat,8104,9504023,Repair,1500,36,0,0,0,0.00418,5236.42800222394,5221.98350852072,0,0,0,1,NaN,NaN,NaN,NaN,NaN,NaN,NaN,6906.95813662869,1
stress_Near_04.mat,8104,9504023,Repair,2500,36,0,0,0,0.00418,5236.42800222394,5221.98350852072,0,0,0,1,NaN,NaN,NaN,NaN,NaN,NaN,NaN,6906.95813662869,1
stress_Near_04.mat,8104,9504023,WarmPSO,500,500,200,0,0,0.0552854,5240.19124183576,5224.82380039017,0,0,0,1,1,0,0,0,201,NaN,NaN,6906.95813662869,0
stress_Near_04.mat,8104,9504023,WarmPSO,1000,980,200,0,0,0.1148403,5240.19124183576,5224.82380039017,0,0,0,1,1,0,0,0,201,NaN,NaN,6906.95813662869,0
stress_Near_04.mat,8104,9504023,WarmPSO,1500,1490,200,0,0,0.1679828,5240.19124183576,5224.82380039017,0,0,0,1,1,0,0,0,201,NaN,NaN,6906.95813662869,0
stress_Near_04.mat,8104,9504023,WarmPSO,2500,2500,200,0,0,0.2744473,5236.42800222394,5221.98350852072,0,0,0,1,1,0,0,0,201,NaN,NaN,6906.95813662869,0
stress_Near_04.mat,8104,9504023,AlwaysVND,500,473,200,0,153,0.0538607,4160.20831043885,4152.84789442875,0,0,0,1,1,0,0,0,201,260,1079.9829313969,6906.95813662869,1
stress_Near_04.mat,8104,9504023,AlwaysVND,1000,959,200,0,459,0.1100968,4085.45063244361,4079.4383202062,0,0,0,1,1,0,0,0,201,260,1154.74060939215,6906.95813662869,1
stress_Near_04.mat,8104,9504023,AlwaysVND,1500,1445,200,0,765,0.1686091,4085.45063244361,4079.4383202062,0,0,0,1,1,0,0,0,201,260,1154.74060939215,6906.95813662869,1
stress_Near_04.mat,8104,9504023,AlwaysVND,2500,2500,200,0,1428,0.2965436,4085.45063244361,4079.4383202062,0,0,0,1,1,0,0,0,201,260,1154.74060939215,6906.95813662869,1
stress_Near_04.mat,8104,9504023,FB-CMPSO,500,473,200,0,153,0.0543704,4160.20831043885,4152.84789442875,0,0,0,1,1,0,0,0,201,260,1079.9829313969,6906.95813662869,1
stress_Near_04.mat,8104,9504023,FB-CMPSO,1000,959,200,0,459,0.1139381,4085.45063244361,4079.4383202062,0,0,0,1,1,0,0,0,201,260,1154.74060939215,6906.95813662869,1
stress_Near_04.mat,8104,9504023,FB-CMPSO,1500,1445,200,0,765,0.1758819,4085.45063244361,4079.4383202062,0,0,0,1,1,0,0,0,201,260,1154.74060939215,6906.95813662869,1
stress_Near_04.mat,8104,9504023,FB-CMPSO,2500,2500,200,0,1428,0.3031177,4085.45063244361,4079.4383202062,0,0,0,1,1,0,0,0,201,260,1154.74060939215,6906.95813662869,1
stress_Near_04.mat,8104,9504024,Repair,500,36,0,0,0,0.0030347,5236.42800222394,5221.98350852072,0,0,0,1,NaN,NaN,NaN,NaN,NaN,NaN,NaN,6906.95813662869,1
stress_Near_04.mat,8104,9504024,Repair,1000,36,0,0,0,0.0030347,5236.42800222394,5221.98350852072,0,0,0,1,NaN,NaN,NaN,NaN,NaN,NaN,NaN,6906.95813662869,1
stress_Near_04.mat,8104,9504024,Repair,1500,36,0,0,0,0.0030347,5236.42800222394,5221.98350852072,0,0,0,1,NaN,NaN,NaN,NaN,NaN,NaN,NaN,6906.95813662869,1
stress_Near_04.mat,8104,9504024,Repair,2500,36,0,0,0,0.0030347,5236.42800222394,5221.98350852072,0,0,0,1,NaN,NaN,NaN,NaN,NaN,NaN,NaN,6906.95813662869,1
stress_Near_04.mat,8104,9504024,WarmPSO,500,500,200,0,0,0.054113,5236.42800222394,5221.98350852072,0,0,0,1,1,0,0,0,201,NaN,NaN,6906.95813662869,0
stress_Near_04.mat,8104,9504024,WarmPSO,1000,980,200,0,0,0.102608,5236.42800222394,5221.98350852072,0,0,0,1,1,0,0,0,201,NaN,NaN,6906.95813662869,0
stress_Near_04.mat,8104,9504024,WarmPSO,1500,1490,200,0,0,0.1588466,5236.42800222394,5221.98350852072,0,0,0,1,1,0,0,0,201,NaN,NaN,6906.95813662869,0
stress_Near_04.mat,8104,9504024,WarmPSO,2500,2500,200,0,0,0.2734551,5236.42800222394,5221.98350852072,0,0,0,1,1,0,0,0,201,NaN,NaN,6906.95813662869,0
stress_Near_04.mat,8104,9504024,AlwaysVND,500,473,200,0,153,0.0522465,4746.32298334518,4734.81053934148,0,0,0,1,1,0,0,0,201,260,490.10501887876,6906.95813662869,1
stress_Near_04.mat,8104,9504024,AlwaysVND,1000,959,200,0,459,0.1083702,4496.07015549181,4485.69411068832,0,0,0,1,1,0,0,0,201,260,740.357846732131,6906.95813662869,1
stress_Near_04.mat,8104,9504024,AlwaysVND,1500,1445,200,0,765,0.1661542,4357.04711626029,4345.04467223565,0,0,0,1,1,0,0,0,201,260,879.380885963653,6906.95813662869,1
stress_Near_04.mat,8104,9504024,AlwaysVND,2500,2500,200,0,1428,0.2871092,4357.04711626029,4345.04467223565,0,0,0,1,1,0,0,0,201,260,879.380885963653,6906.95813662869,1
stress_Near_04.mat,8104,9504024,FB-CMPSO,500,473,200,0,153,0.050424,4746.32298334518,4734.81053934148,0,0,0,1,1,0,0,0,201,260,490.10501887876,6906.95813662869,1
stress_Near_04.mat,8104,9504024,FB-CMPSO,1000,959,200,0,459,0.1084883,4496.07015549181,4485.69411068832,0,0,0,1,1,0,0,0,201,260,740.357846732131,6906.95813662869,1
stress_Near_04.mat,8104,9504024,FB-CMPSO,1500,1445,200,0,765,0.1673937,4357.04711626029,4345.04467223565,0,0,0,1,1,0,0,0,201,260,879.380885963653,6906.95813662869,1
stress_Near_04.mat,8104,9504024,FB-CMPSO,2500,2500,200,0,1428,0.2906455,4357.04711626029,4345.04467223565,0,0,0,1,1,0,0,0,201,260,879.380885963653,6906.95813662869,1
stress_Near_04.mat,8104,9504025,Repair,500,36,0,0,0,0.0038312,5236.42800222394,5221.98350852072,0,0,0,1,NaN,NaN,NaN,NaN,NaN,NaN,NaN,6906.95813662869,1
stress_Near_04.mat,8104,9504025,Repair,1000,36,0,0,0,0.0038312,5236.42800222394,5221.98350852072,0,0,0,1,NaN,NaN,NaN,NaN,NaN,NaN,NaN,6906.95813662869,1
stress_Near_04.mat,8104,9504025,Repair,1500,36,0,0,0,0.0038312,5236.42800222394,5221.98350852072,0,0,0,1,NaN,NaN,NaN,NaN,NaN,NaN,NaN,6906.95813662869,1
stress_Near_04.mat,8104,9504025,Repair,2500,36,0,0,0,0.0038312,5236.42800222394,5221.98350852072,0,0,0,1,NaN,NaN,NaN,NaN,NaN,NaN,NaN,6906.95813662869,1
stress_Near_04.mat,8104,9504025,WarmPSO,500,500,200,0,0,0.0566054,5236.42800222394,5221.98350852072,0,0,0,1,1,0,0,0,201,NaN,NaN,6906.95813662869,0
stress_Near_04.mat,8104,9504025,WarmPSO,1000,980,200,0,0,0.1111396,5236.42800222394,5221.98350852072,0,0,0,1,1,0,0,0,201,NaN,NaN,6906.95813662869,0
stress_Near_04.mat,8104,9504025,WarmPSO,1500,1490,200,0,0,0.1666357,5236.42800222394,5221.98350852072,0,0,0,1,1,0,0,0,201,NaN,NaN,6906.95813662869,0
stress_Near_04.mat,8104,9504025,WarmPSO,2500,2500,200,0,0,0.2713717,5236.42800222394,5221.98350852072,0,0,0,1,1,0,0,0,201,NaN,NaN,6906.95813662869,0
stress_Near_04.mat,8104,9504025,AlwaysVND,500,473,200,0,153,0.0560765,4692.63544700026,4683.27061174558,0,0,0,1,1,0,0,0,201,260,543.792555223677,6906.95813662869,1
stress_Near_04.mat,8104,9504025,AlwaysVND,1000,959,200,0,459,0.1144728,4085.45063244361,4079.4383202062,0,0,0,1,1,0,0,0,201,260,1150.97736978033,6906.95813662869,1
stress_Near_04.mat,8104,9504025,AlwaysVND,1500,1445,200,0,765,0.1773327,3946.42759321209,3938.78888175353,0,0,0,1,1,0,0,0,201,260,1290.00040901185,6906.95813662869,1
stress_Near_04.mat,8104,9504025,AlwaysVND,2500,2500,200,0,1428,0.3039069,3946.42759321209,3938.78888175353,0,0,0,1,1,0,0,0,201,260,1290.00040901185,6906.95813662869,1
stress_Near_04.mat,8104,9504025,FB-CMPSO,500,473,200,0,153,0.0578326,4692.63544700026,4683.27061174558,0,0,0,1,1,0,0,0,201,260,543.792555223677,6906.95813662869,1
stress_Near_04.mat,8104,9504025,FB-CMPSO,1000,959,200,0,459,0.115045,4085.45063244361,4079.4383202062,0,0,0,1,1,0,0,0,201,260,1150.97736978033,6906.95813662869,1
stress_Near_04.mat,8104,9504025,FB-CMPSO,1500,1445,200,0,765,0.1730157,3946.42759321209,3938.78888175353,0,0,0,1,1,0,0,0,201,260,1290.00040901185,6906.95813662869,1
stress_Near_04.mat,8104,9504025,FB-CMPSO,2500,2500,200,0,1428,0.3006705,3946.42759321209,3938.78888175353,0,0,0,1,1,0,0,0,201,260,1290.00040901185,6906.95813662869,1
stress_Near_04.mat,8104,9504026,Repair,500,36,0,0,0,0.0030736,5236.42800222394,5221.98350852072,0,0,0,1,NaN,NaN,NaN,NaN,NaN,NaN,NaN,6906.95813662869,1
stress_Near_04.mat,8104,9504026,Repair,1000,36,0,0,0,0.0030736,5236.42800222394,5221.98350852072,0,0,0,1,NaN,NaN,NaN,NaN,NaN,NaN,NaN,6906.95813662869,1
stress_Near_04.mat,8104,9504026,Repair,1500,36,0,0,0,0.0030736,5236.42800222394,5221.98350852072,0,0,0,1,NaN,NaN,NaN,NaN,NaN,NaN,NaN,6906.95813662869,1
stress_Near_04.mat,8104,9504026,Repair,2500,36,0,0,0,0.0030736,5236.42800222394,5221.98350852072,0,0,0,1,NaN,NaN,NaN,NaN,NaN,NaN,NaN,6906.95813662869,1
stress_Near_04.mat,8104,9504026,WarmPSO,500,500,200,0,0,0.0531158,5236.42800222394,5221.98350852072,0,0,0,1,1,0,0,0,201,NaN,NaN,6906.95813662869,0
stress_Near_04.mat,8104,9504026,WarmPSO,1000,980,200,0,0,0.1033414,5236.42800222394,5221.98350852072,0,0,0,1,1,0,0,0,201,NaN,NaN,6906.95813662869,0
stress_Near_04.mat,8104,9504026,WarmPSO,1500,1490,200,0,0,0.1586638,5236.42800222394,5221.98350852072,0,0,0,1,1,0,0,0,201,NaN,NaN,6906.95813662869,0
stress_Near_04.mat,8104,9504026,WarmPSO,2500,2500,200,0,0,0.2622647,5236.42800222394,5221.98350852072,0,0,0,1,1,0,0,0,201,NaN,NaN,6906.95813662869,0
stress_Near_04.mat,8104,9504026,AlwaysVND,500,473,200,0,153,0.055521,5213.38135629246,5202.43407406289,0,0,0,1,1,0,0,0,201,260,23.0466459314757,6906.95813662869,1
stress_Near_04.mat,8104,9504026,AlwaysVND,1000,959,200,0,459,0.1131919,4684.71712413449,4671.44015457089,0,0,0,1,1,0,0,0,201,260,551.710878089451,6906.95813662869,1
stress_Near_04.mat,8104,9504026,AlwaysVND,1500,1445,200,0,765,0.169267,4432.80000776526,4425.12122072794,0,0,0,1,1,0,0,0,201,260,803.627994458676,6906.95813662869,1
stress_Near_04.mat,8104,9504026,AlwaysVND,2500,2500,200,0,1428,0.297566,3946.42759321209,3938.78888175353,0,0,0,1,1,0,0,0,201,260,1290.00040901185,6906.95813662869,1
stress_Near_04.mat,8104,9504026,FB-CMPSO,500,473,200,0,153,0.054526,5213.38135629246,5202.43407406289,0,0,0,1,1,0,0,0,201,260,23.0466459314757,6906.95813662869,1
stress_Near_04.mat,8104,9504026,FB-CMPSO,1000,959,200,0,459,0.1139823,4684.71712413449,4671.44015457089,0,0,0,1,1,0,0,0,201,260,551.710878089451,6906.95813662869,1
stress_Near_04.mat,8104,9504026,FB-CMPSO,1500,1445,200,0,765,0.1714544,4432.80000776526,4425.12122072794,0,0,0,1,1,0,0,0,201,260,803.627994458676,6906.95813662869,1
stress_Near_04.mat,8104,9504026,FB-CMPSO,2500,2500,200,0,1428,0.2926558,3946.42759321209,3938.78888175353,0,0,0,1,1,0,0,0,201,260,1290.00040901185,6906.95813662869,1
stress_Near_04.mat,8104,9504027,Repair,500,36,0,0,0,0.0035241,5236.42800222394,5221.98350852072,0,0,0,1,NaN,NaN,NaN,NaN,NaN,NaN,NaN,6906.95813662869,1
stress_Near_04.mat,8104,9504027,Repair,1000,36,0,0,0,0.0035241,5236.42800222394,5221.98350852072,0,0,0,1,NaN,NaN,NaN,NaN,NaN,NaN,NaN,6906.95813662869,1
stress_Near_04.mat,8104,9504027,Repair,1500,36,0,0,0,0.0035241,5236.42800222394,5221.98350852072,0,0,0,1,NaN,NaN,NaN,NaN,NaN,NaN,NaN,6906.95813662869,1
stress_Near_04.mat,8104,9504027,Repair,2500,36,0,0,0,0.0035241,5236.42800222394,5221.98350852072,0,0,0,1,NaN,NaN,NaN,NaN,NaN,NaN,NaN,6906.95813662869,1
stress_Near_04.mat,8104,9504027,WarmPSO,500,500,200,0,0,0.0535491,5236.42800222394,5221.98350852072,0,0,0,1,1,0,0,0,201,NaN,NaN,6906.95813662869,0
stress_Near_04.mat,8104,9504027,WarmPSO,1000,980,200,0,0,0.1030573,5236.42800222394,5221.98350852072,0,0,0,1,1,0,0,0,201,NaN,NaN,6906.95813662869,0
stress_Near_04.mat,8104,9504027,WarmPSO,1500,1490,200,0,0,0.153678,5236.42800222394,5221.98350852072,0,0,0,1,1,0,0,0,201,NaN,NaN,6906.95813662869,0
stress_Near_04.mat,8104,9504027,WarmPSO,2500,2500,200,0,0,0.2577721,5236.42800222394,5221.98350852072,0,0,0,1,1,0,0,0,201,NaN,NaN,6906.95813662869,0
stress_Near_04.mat,8104,9504027,AlwaysVND,500,473,200,0,153,0.0530477,4343.24123392099,4335.19271385109,0,0,0,1,1,0,0,0,201,260,893.186768302954,6906.95813662869,1
stress_Near_04.mat,8104,9504027,AlwaysVND,1000,959,200,0,459,0.1148016,4046.13102014939,4034.76406170785,0,0,0,1,1,0,0,0,201,260,1190.29698207455,6906.95813662869,1
stress_Near_04.mat,8104,9504027,AlwaysVND,1500,1445,200,0,765,0.176268,3938.31225415816,3927.13791558116,0,0,0,1,1,0,0,0,201,260,1298.11574806578,6906.95813662869,1
stress_Near_04.mat,8104,9504027,AlwaysVND,2500,2500,200,0,1428,0.2986201,3938.31225415816,3927.13791558116,0,0,0,1,1,0,0,0,201,260,1298.11574806578,6906.95813662869,1
stress_Near_04.mat,8104,9504027,FB-CMPSO,500,473,200,0,153,0.0545513,4343.24123392099,4335.19271385109,0,0,0,1,1,0,0,0,201,260,893.186768302954,6906.95813662869,1
stress_Near_04.mat,8104,9504027,FB-CMPSO,1000,959,200,0,459,0.1094855,4046.13102014939,4034.76406170785,0,0,0,1,1,0,0,0,201,260,1190.29698207455,6906.95813662869,1
stress_Near_04.mat,8104,9504027,FB-CMPSO,1500,1445,200,0,765,0.1721256,3938.31225415816,3927.13791558116,0,0,0,1,1,0,0,0,201,260,1298.11574806578,6906.95813662869,1
stress_Near_04.mat,8104,9504027,FB-CMPSO,2500,2500,200,0,1428,0.3009265,3938.31225415816,3927.13791558116,0,0,0,1,1,0,0,0,201,260,1298.11574806578,6906.95813662869,1
stress_Near_04.mat,8104,9504028,Repair,500,36,0,0,0,0.0034957,5236.42800222394,5221.98350852072,0,0,0,1,NaN,NaN,NaN,NaN,NaN,NaN,NaN,6906.95813662869,1
stress_Near_04.mat,8104,9504028,Repair,1000,36,0,0,0,0.0034957,5236.42800222394,5221.98350852072,0,0,0,1,NaN,NaN,NaN,NaN,NaN,NaN,NaN,6906.95813662869,1
stress_Near_04.mat,8104,9504028,Repair,1500,36,0,0,0,0.0034957,5236.42800222394,5221.98350852072,0,0,0,1,NaN,NaN,NaN,NaN,NaN,NaN,NaN,6906.95813662869,1
stress_Near_04.mat,8104,9504028,Repair,2500,36,0,0,0,0.0034957,5236.42800222394,5221.98350852072,0,0,0,1,NaN,NaN,NaN,NaN,NaN,NaN,NaN,6906.95813662869,1
stress_Near_04.mat,8104,9504028,WarmPSO,500,500,200,0,0,0.0542763,5236.42800222394,5221.98350852072,0,0,0,1,1,0,0,0,201,NaN,NaN,6906.95813662869,0
stress_Near_04.mat,8104,9504028,WarmPSO,1000,980,200,0,0,0.1041562,5236.42800222394,5221.98350852072,0,0,0,1,1,0,0,0,201,NaN,NaN,6906.95813662869,0
stress_Near_04.mat,8104,9504028,WarmPSO,1500,1490,200,0,0,0.1574707,5236.42800222394,5221.98350852072,0,0,0,1,1,0,0,0,201,NaN,NaN,6906.95813662869,0
stress_Near_04.mat,8104,9504028,WarmPSO,2500,2500,200,0,0,0.2636623,5236.42800222394,5221.98350852072,0,0,0,1,1,0,0,0,201,NaN,NaN,6906.95813662869,0
stress_Near_04.mat,8104,9504028,AlwaysVND,500,473,200,0,153,0.053593,4160.20831043885,4152.84789442875,0,0,0,1,1,0,0,0,201,260,1076.21969178509,6906.95813662869,1
stress_Near_04.mat,8104,9504028,AlwaysVND,1000,959,200,0,459,0.1102967,4085.45063244361,4079.4383202062,0,0,0,1,1,0,0,0,201,260,1150.97736978033,6906.95813662869,1
stress_Near_04.mat,8104,9504028,AlwaysVND,1500,1445,200,0,765,0.1655828,3946.42759321209,3938.78888175353,0,0,0,1,1,0,0,0,201,260,1290.00040901185,6906.95813662869,1
stress_Near_04.mat,8104,9504028,AlwaysVND,2500,2500,200,0,1428,0.2881554,3946.42759321209,3938.78888175353,0,0,0,1,1,0,0,0,201,260,1290.00040901185,6906.95813662869,1
stress_Near_04.mat,8104,9504028,FB-CMPSO,500,473,200,0,153,0.0551475,4160.20831043885,4152.84789442875,0,0,0,1,1,0,0,0,201,260,1076.21969178509,6906.95813662869,1
stress_Near_04.mat,8104,9504028,FB-CMPSO,1000,959,200,0,459,0.112373,4085.45063244361,4079.4383202062,0,0,0,1,1,0,0,0,201,260,1150.97736978033,6906.95813662869,1
stress_Near_04.mat,8104,9504028,FB-CMPSO,1500,1445,200,0,765,0.1684278,3946.42759321209,3938.78888175353,0,0,0,1,1,0,0,0,201,260,1290.00040901185,6906.95813662869,1
stress_Near_04.mat,8104,9504028,FB-CMPSO,2500,2500,200,0,1428,0.2994965,3946.42759321209,3938.78888175353,0,0,0,1,1,0,0,0,201,260,1290.00040901185,6906.95813662869,1
stress_Near_04.mat,8104,9504029,Repair,500,36,0,0,0,0.0036659,5236.42800222394,5221.98350852072,0,0,0,1,NaN,NaN,NaN,NaN,NaN,NaN,NaN,6906.95813662869,1
stress_Near_04.mat,8104,9504029,Repair,1000,36,0,0,0,0.0036659,5236.42800222394,5221.98350852072,0,0,0,1,NaN,NaN,NaN,NaN,NaN,NaN,NaN,6906.95813662869,1
stress_Near_04.mat,8104,9504029,Repair,1500,36,0,0,0,0.0036659,5236.42800222394,5221.98350852072,0,0,0,1,NaN,NaN,NaN,NaN,NaN,NaN,NaN,6906.95813662869,1
stress_Near_04.mat,8104,9504029,Repair,2500,36,0,0,0,0.0036659,5236.42800222394,5221.98350852072,0,0,0,1,NaN,NaN,NaN,NaN,NaN,NaN,NaN,6906.95813662869,1
stress_Near_04.mat,8104,9504029,WarmPSO,500,500,200,0,0,0.0577059,5240.19124183576,5224.82380039017,0,0,0,1,1,0,0,0,201,NaN,NaN,6906.95813662869,0
stress_Near_04.mat,8104,9504029,WarmPSO,1000,980,200,0,0,0.1087283,5240.19124183576,5224.82380039017,0,0,0,1,1,0,0,0,201,NaN,NaN,6906.95813662869,0
stress_Near_04.mat,8104,9504029,WarmPSO,1500,1490,200,0,0,0.1712047,5240.19124183576,5224.82380039017,0,0,0,1,1,0,0,0,201,NaN,NaN,6906.95813662869,0
stress_Near_04.mat,8104,9504029,WarmPSO,2500,2500,200,0,0,0.2763876,5240.19124183576,5224.82380039017,0,0,0,1,1,0,0,0,201,NaN,NaN,6906.95813662869,0
stress_Near_04.mat,8104,9504029,AlwaysVND,500,473,200,0,153,0.0538647,4327.1433379738,4318.18933223295,0,0,0,1,1,0,0,0,201,260,913.047903861955,6906.95813662869,1
stress_Near_04.mat,8104,9504029,AlwaysVND,1000,959,200,0,459,0.1083611,4298.03059394686,4288.3687505556,0,0,0,1,1,0,0,0,201,260,942.160647888893,6906.95813662869,1
stress_Near_04.mat,8104,9504029,AlwaysVND,1500,1445,200,0,765,0.1650958,4161.53071890011,4156.9658198251,0,0,0,1,1,0,0,0,201,260,1078.66052293564,6906.95813662869,1
stress_Near_04.mat,8104,9504029,AlwaysVND,2500,2500,200,0,1428,0.2895564,3946.42759321209,3938.78888175353,0,0,0,1,1,0,0,0,201,260,1293.76364862367,6906.95813662869,1
stress_Near_04.mat,8104,9504029,FB-CMPSO,500,473,200,0,153,0.0527786,4327.1433379738,4318.18933223295,0,0,0,1,1,0,0,0,201,260,913.047903861955,6906.95813662869,1
stress_Near_04.mat,8104,9504029,FB-CMPSO,1000,959,200,0,459,0.1079786,4298.03059394686,4288.3687505556,0,0,0,1,1,0,0,0,201,260,942.160647888893,6906.95813662869,1
stress_Near_04.mat,8104,9504029,FB-CMPSO,1500,1445,200,0,765,0.1639531,4161.53071890011,4156.9658198251,0,0,0,1,1,0,0,0,201,260,1078.66052293564,6906.95813662869,1
stress_Near_04.mat,8104,9504029,FB-CMPSO,2500,2500,200,0,1428,0.2927193,3946.42759321209,3938.78888175353,0,0,0,1,1,0,0,0,201,260,1293.76364862367,6906.95813662869,1
stress_Near_04.mat,8104,9504030,Repair,500,36,0,0,0,0.002895,5236.42800222394,5221.98350852072,0,0,0,1,NaN,NaN,NaN,NaN,NaN,NaN,NaN,6906.95813662869,1
stress_Near_04.mat,8104,9504030,Repair,1000,36,0,0,0,0.002895,5236.42800222394,5221.98350852072,0,0,0,1,NaN,NaN,NaN,NaN,NaN,NaN,NaN,6906.95813662869,1
stress_Near_04.mat,8104,9504030,Repair,1500,36,0,0,0,0.002895,5236.42800222394,5221.98350852072,0,0,0,1,NaN,NaN,NaN,NaN,NaN,NaN,NaN,6906.95813662869,1
stress_Near_04.mat,8104,9504030,Repair,2500,36,0,0,0,0.002895,5236.42800222394,5221.98350852072,0,0,0,1,NaN,NaN,NaN,NaN,NaN,NaN,NaN,6906.95813662869,1
stress_Near_04.mat,8104,9504030,WarmPSO,500,500,200,0,0,0.0554709,5236.42800222394,5221.98350852072,0,0,0,1,1,0,0,0,201,NaN,NaN,6906.95813662869,0
stress_Near_04.mat,8104,9504030,WarmPSO,1000,980,200,0,0,0.107503,5236.42800222394,5221.98350852072,0,0,0,1,1,0,0,0,201,NaN,NaN,6906.95813662869,0
stress_Near_04.mat,8104,9504030,WarmPSO,1500,1490,200,0,0,0.1603575,5236.42800222394,5221.98350852072,0,0,0,1,1,0,0,0,201,NaN,NaN,6906.95813662869,0
stress_Near_04.mat,8104,9504030,WarmPSO,2500,2500,200,0,0,0.2694584,5236.42800222394,5221.98350852072,0,0,0,1,1,0,0,0,201,NaN,NaN,6906.95813662869,0
stress_Near_04.mat,8104,9504030,AlwaysVND,500,473,200,0,153,0.0544813,4534.75215624609,4526.26613001834,0,0,0,1,1,0,0,0,201,260,701.675845977851,6906.95813662869,1
stress_Near_04.mat,8104,9504030,AlwaysVND,1000,959,200,0,459,0.1209218,4534.75215624609,4526.26613001834,0,0,0,1,1,0,0,0,201,260,701.675845977851,6906.95813662869,1
stress_Near_04.mat,8104,9504030,AlwaysVND,1500,1445,200,0,765,0.1793631,4534.75215624609,4526.26613001834,0,0,0,1,1,0,0,0,201,260,701.675845977851,6906.95813662869,1
stress_Near_04.mat,8104,9504030,AlwaysVND,2500,2500,200,0,1428,0.3042258,4534.75215624609,4526.26613001834,0,0,0,1,1,0,0,0,201,260,701.675845977851,6906.95813662869,1
stress_Near_04.mat,8104,9504030,FB-CMPSO,500,473,200,0,153,0.053942,4534.75215624609,4526.26613001834,0,0,0,1,1,0,0,0,201,260,701.675845977851,6906.95813662869,1
stress_Near_04.mat,8104,9504030,FB-CMPSO,1000,959,200,0,459,0.1102744,4534.75215624609,4526.26613001834,0,0,0,1,1,0,0,0,201,260,701.675845977851,6906.95813662869,1
stress_Near_04.mat,8104,9504030,FB-CMPSO,1500,1445,200,0,765,0.1685478,4534.75215624609,4526.26613001834,0,0,0,1,1,0,0,0,201,260,701.675845977851,6906.95813662869,1
stress_Near_04.mat,8104,9504030,FB-CMPSO,2500,2500,200,0,1428,0.2947862,4534.75215624609,4526.26613001834,0,0,0,1,1,0,0,0,201,260,701.675845977851,6906.95813662869,1
stress_Tight_01.mat,8301,9701001,Repair,500,36,0,0,0,0.0034698,5203.23914053684,5188.87482265489,0,0,0,1,NaN,NaN,NaN,NaN,NaN,NaN,NaN,5901.59547917477,1
stress_Tight_01.mat,8301,9701001,Repair,1000,36,0,0,0,0.0034698,5203.23914053684,5188.87482265489,0,0,0,1,NaN,NaN,NaN,NaN,NaN,NaN,NaN,5901.59547917477,1
stress_Tight_01.mat,8301,9701001,Repair,1500,36,0,0,0,0.0034698,5203.23914053684,5188.87482265489,0,0,0,1,NaN,NaN,NaN,NaN,NaN,NaN,NaN,5901.59547917477,1
stress_Tight_01.mat,8301,9701001,Repair,2500,36,0,0,0,0.0034698,5203.23914053684,5188.87482265489,0,0,0,1,NaN,NaN,NaN,NaN,NaN,NaN,NaN,5901.59547917477,1
stress_Tight_01.mat,8301,9701001,WarmPSO,500,500,200,0,0,0.05723,5353.18927921637,5338.39687429009,0,0,0,1,1,0,0,0,201,NaN,NaN,5901.59547917477,0
stress_Tight_01.mat,8301,9701001,WarmPSO,1000,980,200,0,0,0.106757,5353.18927921637,5338.39687429009,0,0,0,1,1,0,0,0,201,NaN,NaN,5901.59547917477,0
stress_Tight_01.mat,8301,9701001,WarmPSO,1500,1490,200,0,0,0.15995,5353.18927921637,5338.39687429009,0,0,0,1,1,0,0,0,201,NaN,NaN,5901.59547917477,0
stress_Tight_01.mat,8301,9701001,WarmPSO,2500,2500,200,0,0,0.2717535,5353.18927921637,5338.39687429009,0,0,0,1,1,0,0,0,201,NaN,NaN,5901.59547917477,0
stress_Tight_01.mat,8301,9701001,AlwaysVND,500,473,200,0,153,0.0579096,5094.78042274594,5087.07221261388,0,0,0,1,1,0,0,0,201,260,258.40885647043,5901.59547917477,1
stress_Tight_01.mat,8301,9701001,AlwaysVND,1000,959,200,0,459,0.1142343,4854.07070959855,4841.3731808992,0,0,0,1,1,0,0,0,201,260,499.118569617821,5901.59547917477,1
stress_Tight_01.mat,8301,9701001,AlwaysVND,1500,1445,200,0,765,0.1683622,4588.58237636857,4577.94608134076,0,0,0,1,1,0,0,0,201,260,764.606902847803,5901.59547917477,1
stress_Tight_01.mat,8301,9701001,AlwaysVND,2500,2500,200,0,1428,0.2902222,4285.74005171911,4279.55123256698,0,0,0,1,1,0,0,0,201,260,1067.44922749727,5901.59547917477,1
stress_Tight_01.mat,8301,9701001,FB-CMPSO,500,473,200,0,153,0.0564844,5094.78042274594,5087.07221261388,0,0,0,1,1,0,0,0,201,260,258.40885647043,5901.59547917477,1
stress_Tight_01.mat,8301,9701001,FB-CMPSO,1000,959,200,0,459,0.1143502,4854.07070959855,4841.3731808992,0,0,0,1,1,0,0,0,201,260,499.118569617821,5901.59547917477,1
stress_Tight_01.mat,8301,9701001,FB-CMPSO,1500,1445,200,0,765,0.1702396,4588.58237636857,4577.94608134076,0,0,0,1,1,0,0,0,201,260,764.606902847803,5901.59547917477,1
stress_Tight_01.mat,8301,9701001,FB-CMPSO,2500,2500,200,0,1428,0.2990917,4285.74005171911,4279.55123256698,0,0,0,1,1,0,0,0,201,260,1067.44922749727,5901.59547917477,1
stress_Tight_01.mat,8301,9701002,Repair,500,36,0,0,0,0.0038391,5203.23914053684,5188.87482265489,0,0,0,1,NaN,NaN,NaN,NaN,NaN,NaN,NaN,5901.59547917477,1
stress_Tight_01.mat,8301,9701002,Repair,1000,36,0,0,0,0.0038391,5203.23914053684,5188.87482265489,0,0,0,1,NaN,NaN,NaN,NaN,NaN,NaN,NaN,5901.59547917477,1
stress_Tight_01.mat,8301,9701002,Repair,1500,36,0,0,0,0.0038391,5203.23914053684,5188.87482265489,0,0,0,1,NaN,NaN,NaN,NaN,NaN,NaN,NaN,5901.59547917477,1
stress_Tight_01.mat,8301,9701002,Repair,2500,36,0,0,0,0.0038391,5203.23914053684,5188.87482265489,0,0,0,1,NaN,NaN,NaN,NaN,NaN,NaN,NaN,5901.59547917477,1
stress_Tight_01.mat,8301,9701002,WarmPSO,500,500,200,0,0,0.0576241,5203.23914053684,5188.87482265489,0,0,0,1,1,0,0,0,201,NaN,NaN,5901.59547917477,0
stress_Tight_01.mat,8301,9701002,WarmPSO,1000,980,200,0,0,0.1088647,5203.23914053684,5188.87482265489,0,0,0,1,1,0,0,0,201,NaN,NaN,5901.59547917477,0
stress_Tight_01.mat,8301,9701002,WarmPSO,1500,1490,200,0,0,0.1637851,5203.23914053684,5188.87482265489,0,0,0,1,1,0,0,0,201,NaN,NaN,5901.59547917477,0
stress_Tight_01.mat,8301,9701002,WarmPSO,2500,2500,200,0,0,0.2725808,5203.23914053684,5188.87482265489,0,0,0,1,1,0,0,0,201,NaN,NaN,5901.59547917477,0
stress_Tight_01.mat,8301,9701002,AlwaysVND,500,473,200,0,153,0.0559414,5044.22563692482,5034.2118845064,0,0,0,1,1,0,0,0,201,260,159.013503612023,5901.59547917477,1
stress_Tight_01.mat,8301,9701002,AlwaysVND,1000,959,200,0,459,0.1128361,4475.17630479191,4465.27125021662,0,0,0,1,1,0,0,0,201,260,728.062835744933,5901.59547917477,1
stress_Tight_01.mat,8301,9701002,AlwaysVND,1500,1445,200,0,765,0.1679675,4402.76818922155,4391.55706790516,0,0,0,1,1,0,0,0,201,260,800.470951315285,5901.59547917477,1
stress_Tight_01.mat,8301,9701002,AlwaysVND,2500,2500,200,0,1428,0.2930133,4023.24514534036,4018.90832227362,0,0,0,1,1,0,0,0,201,260,1179.99399519648,5901.59547917477,1
stress_Tight_01.mat,8301,9701002,FB-CMPSO,500,473,200,0,153,0.0578939,5044.22563692482,5034.2118845064,0,0,0,1,1,0,0,0,201,260,159.013503612023,5901.59547917477,1
stress_Tight_01.mat,8301,9701002,FB-CMPSO,1000,959,200,0,459,0.1138628,4475.17630479191,4465.27125021662,0,0,0,1,1,0,0,0,201,260,728.062835744933,5901.59547917477,1
stress_Tight_01.mat,8301,9701002,FB-CMPSO,1500,1445,200,0,765,0.1711039,4402.76818922155,4391.55706790516,0,0,0,1,1,0,0,0,201,260,800.470951315285,5901.59547917477,1
stress_Tight_01.mat,8301,9701002,FB-CMPSO,2500,2500,200,0,1428,0.2962349,4023.24514534036,4018.90832227362,0,0,0,1,1,0,0,0,201,260,1179.99399519648,5901.59547917477,1
stress_Tight_01.mat,8301,9701003,Repair,500,36,0,0,0,0.0040252,5203.23914053684,5188.87482265489,0,0,0,1,NaN,NaN,NaN,NaN,NaN,NaN,NaN,5901.59547917477,1
stress_Tight_01.mat,8301,9701003,Repair,1000,36,0,0,0,0.0040252,5203.23914053684,5188.87482265489,0,0,0,1,NaN,NaN,NaN,NaN,NaN,NaN,NaN,5901.59547917477,1
stress_Tight_01.mat,8301,9701003,Repair,1500,36,0,0,0,0.0040252,5203.23914053684,5188.87482265489,0,0,0,1,NaN,NaN,NaN,NaN,NaN,NaN,NaN,5901.59547917477,1
stress_Tight_01.mat,8301,9701003,Repair,2500,36,0,0,0,0.0040252,5203.23914053684,5188.87482265489,0,0,0,1,NaN,NaN,NaN,NaN,NaN,NaN,NaN,5901.59547917477,1
stress_Tight_01.mat,8301,9701003,WarmPSO,500,500,200,0,0,0.0653676,5203.23914053684,5188.87482265489,0,0,0,1,1,0,0,0,201,NaN,NaN,5901.59547917477,0
stress_Tight_01.mat,8301,9701003,WarmPSO,1000,980,200,0,0,0.115302,5203.23914053684,5188.87482265489,0,0,0,1,1,0,0,0,201,NaN,NaN,5901.59547917477,0
stress_Tight_01.mat,8301,9701003,WarmPSO,1500,1490,200,0,0,0.1775795,5203.23914053684,5188.87482265489,0,0,0,1,1,0,0,0,201,NaN,NaN,5901.59547917477,0
stress_Tight_01.mat,8301,9701003,WarmPSO,2500,2500,200,0,0,0.2931112,5177.11199719053,5161.17559910236,0,0,0,1,1,0,0,0,201,NaN,NaN,5901.59547917477,1
stress_Tight_01.mat,8301,9701003,AlwaysVND,500,473,200,0,153,0.0619765,5013.55378058214,5004.70227952194,0,0,0,1,1,0,0,0,201,260,189.685359954699,5901.59547917477,1
stress_Tight_01.mat,8301,9701003,AlwaysVND,1000,959,200,0,459,0.1147307,4132.80844316483,4128.24602323385,0,0,0,1,1,0,0,0,201,260,1070.43069737201,5901.59547917477,1
stress_Tight_01.mat,8301,9701003,AlwaysVND,1500,1445,200,0,765,0.173665,4132.80844316483,4128.24602323385,0,0,0,1,1,0,0,0,201,260,1070.43069737201,5901.59547917477,1
stress_Tight_01.mat,8301,9701003,AlwaysVND,2500,2500,200,0,1428,0.2977844,4132.80844316483,4128.24602323385,0,0,0,1,1,0,0,0,201,260,1070.43069737201,5901.59547917477,1
stress_Tight_01.mat,8301,9701003,FB-CMPSO,500,473,200,0,153,0.0597625,5013.55378058214,5004.70227952194,0,0,0,1,1,0,0,0,201,260,189.685359954699,5901.59547917477,1
stress_Tight_01.mat,8301,9701003,FB-CMPSO,1000,959,200,0,459,0.1200786,4132.80844316483,4128.24602323385,0,0,0,1,1,0,0,0,201,260,1070.43069737201,5901.59547917477,1
stress_Tight_01.mat,8301,9701003,FB-CMPSO,1500,1445,200,0,765,0.1793281,4132.80844316483,4128.24602323385,0,0,0,1,1,0,0,0,201,260,1070.43069737201,5901.59547917477,1
stress_Tight_01.mat,8301,9701003,FB-CMPSO,2500,2500,200,0,1428,0.3071859,4132.80844316483,4128.24602323385,0,0,0,1,1,0,0,0,201,260,1070.43069737201,5901.59547917477,1
stress_Tight_01.mat,8301,9701004,Repair,500,36,0,0,0,0.0032838,5203.23914053684,5188.87482265489,0,0,0,1,NaN,NaN,NaN,NaN,NaN,NaN,NaN,5901.59547917477,1
stress_Tight_01.mat,8301,9701004,Repair,1000,36,0,0,0,0.0032838,5203.23914053684,5188.87482265489,0,0,0,1,NaN,NaN,NaN,NaN,NaN,NaN,NaN,5901.59547917477,1
stress_Tight_01.mat,8301,9701004,Repair,1500,36,0,0,0,0.0032838,5203.23914053684,5188.87482265489,0,0,0,1,NaN,NaN,NaN,NaN,NaN,NaN,NaN,5901.59547917477,1
stress_Tight_01.mat,8301,9701004,Repair,2500,36,0,0,0,0.0032838,5203.23914053684,5188.87482265489,0,0,0,1,NaN,NaN,NaN,NaN,NaN,NaN,NaN,5901.59547917477,1
stress_Tight_01.mat,8301,9701004,WarmPSO,500,500,200,0,0,0.0526915,5353.18927921637,5338.39687429009,0,0,0,1,1,0,0,0,201,NaN,NaN,5901.59547917477,0
stress_Tight_01.mat,8301,9701004,WarmPSO,1000,980,200,0,0,0.1018824,5353.18927921637,5338.39687429009,0,0,0,1,1,0,0,0,201,NaN,NaN,5901.59547917477,0
stress_Tight_01.mat,8301,9701004,WarmPSO,1500,1490,200,0,0,0.1530279,5353.18927921637,5338.39687429009,0,0,0,1,1,0,0,0,201,NaN,NaN,5901.59547917477,0
stress_Tight_01.mat,8301,9701004,WarmPSO,2500,2500,200,0,0,0.2600148,5353.18927921637,5338.39687429009,0,0,0,1,1,0,0,0,201,NaN,NaN,5901.59547917477,0
stress_Tight_01.mat,8301,9701004,AlwaysVND,500,473,200,0,153,0.0518547,4793.8954964595,4785.19447241241,0,0,0,1,1,0,0,0,201,260,559.293782756878,5901.59547917477,1
stress_Tight_01.mat,8301,9701004,AlwaysVND,1000,959,200,0,459,0.111218,4207.06053855942,4202.9002224074,0,0,0,1,1,0,0,0,201,260,1146.12874065695,5901.59547917477,1
stress_Tight_01.mat,8301,9701004,AlwaysVND,1500,1445,200,0,765,0.1686868,4023.24514534036,4018.90832227362,0,0,0,1,1,0,0,0,201,260,1329.94413387601,5901.59547917477,1
stress_Tight_01.mat,8301,9701004,AlwaysVND,2500,2500,200,0,1428,0.2911522,4023.24514534036,4018.90832227362,0,0,0,1,1,0,0,0,201,260,1329.94413387601,5901.59547917477,1
stress_Tight_01.mat,8301,9701004,FB-CMPSO,500,473,200,0,153,0.0527896,4793.8954964595,4785.19447241241,0,0,0,1,1,0,0,0,201,260,559.293782756878,5901.59547917477,1
stress_Tight_01.mat,8301,9701004,FB-CMPSO,1000,959,200,0,459,0.1090778,4207.06053855942,4202.9002224074,0,0,0,1,1,0,0,0,201,260,1146.12874065695,5901.59547917477,1
stress_Tight_01.mat,8301,9701004,FB-CMPSO,1500,1445,200,0,765,0.1672994,4023.24514534036,4018.90832227362,0,0,0,1,1,0,0,0,201,260,1329.94413387601,5901.59547917477,1
stress_Tight_01.mat,8301,9701004,FB-CMPSO,2500,2500,200,0,1428,0.2916082,4023.24514534036,4018.90832227362,0,0,0,1,1,0,0,0,201,260,1329.94413387601,5901.59547917477,1
stress_Tight_01.mat,8301,9701005,Repair,500,36,0,0,0,0.0033313,5203.23914053684,5188.87482265489,0,0,0,1,NaN,NaN,NaN,NaN,NaN,NaN,NaN,5901.59547917477,1
stress_Tight_01.mat,8301,9701005,Repair,1000,36,0,0,0,0.0033313,5203.23914053684,5188.87482265489,0,0,0,1,NaN,NaN,NaN,NaN,NaN,NaN,NaN,5901.59547917477,1
stress_Tight_01.mat,8301,9701005,Repair,1500,36,0,0,0,0.0033313,5203.23914053684,5188.87482265489,0,0,0,1,NaN,NaN,NaN,NaN,NaN,NaN,NaN,5901.59547917477,1
stress_Tight_01.mat,8301,9701005,Repair,2500,36,0,0,0,0.0033313,5203.23914053684,5188.87482265489,0,0,0,1,NaN,NaN,NaN,NaN,NaN,NaN,NaN,5901.59547917477,1
stress_Tight_01.mat,8301,9701005,WarmPSO,500,500,200,0,0,0.0553255,5203.23914053684,5188.87482265489,0,0,0,1,1,0,0,0,201,NaN,NaN,5901.59547917477,0
stress_Tight_01.mat,8301,9701005,WarmPSO,1000,980,200,0,0,0.1062098,5203.23914053684,5188.87482265489,0,0,0,1,1,0,0,0,201,NaN,NaN,5901.59547917477,0
stress_Tight_01.mat,8301,9701005,WarmPSO,1500,1490,200,0,0,0.160377,5203.23914053684,5188.87482265489,0,0,0,1,1,0,0,0,201,NaN,NaN,5901.59547917477,0
stress_Tight_01.mat,8301,9701005,WarmPSO,2500,2500,200,0,0,0.2668593,5203.23914053684,5188.87482265489,0,0,0,1,1,0,0,0,201,NaN,NaN,5901.59547917477,0
stress_Tight_01.mat,8301,9701005,AlwaysVND,500,473,200,0,153,0.0517459,4658.86626240213,4650.587607048,0,0,0,1,1,0,0,0,201,260,544.372878134706,5901.59547917477,1
stress_Tight_01.mat,8301,9701005,AlwaysVND,1000,959,200,0,459,0.1095843,4614.19934402343,4605.92068866929,0,0,0,1,1,0,0,0,201,260,589.039796513412,5901.59547917477,1
stress_Tight_01.mat,8301,9701005,AlwaysVND,1500,1445,200,0,765,0.172955,4331.00052209328,4323.36181063473,0,0,0,1,1,0,0,0,201,260,872.238618443556,5901.59547917477,1
stress_Tight_01.mat,8301,9701005,AlwaysVND,2500,2500,200,0,1428,0.3006774,4023.24514534036,4018.90832227362,0,0,0,1,1,0,0,0,201,260,1179.99399519648,5901.59547917477,1
stress_Tight_01.mat,8301,9701005,FB-CMPSO,500,473,200,0,153,0.0554326,4658.86626240213,4650.587607048,0,0,0,1,1,0,0,0,201,260,544.372878134706,5901.59547917477,1
stress_Tight_01.mat,8301,9701005,FB-CMPSO,1000,959,200,0,459,0.1187112,4614.19934402343,4605.92068866929,0,0,0,1,1,0,0,0,201,260,589.039796513412,5901.59547917477,1
stress_Tight_01.mat,8301,9701005,FB-CMPSO,1500,1445,200,0,765,0.1838724,4331.00052209328,4323.36181063473,0,0,0,1,1,0,0,0,201,260,872.238618443556,5901.59547917477,1
stress_Tight_01.mat,8301,9701005,FB-CMPSO,2500,2500,200,0,1428,0.3104479,4023.24514534036,4018.90832227362,0,0,0,1,1,0,0,0,201,260,1179.99399519648,5901.59547917477,1
stress_Tight_01.mat,8301,9701006,Repair,500,36,0,0,0,0.0038765,5203.23914053684,5188.87482265489,0,0,0,1,NaN,NaN,NaN,NaN,NaN,NaN,NaN,5901.59547917477,1
stress_Tight_01.mat,8301,9701006,Repair,1000,36,0,0,0,0.0038765,5203.23914053684,5188.87482265489,0,0,0,1,NaN,NaN,NaN,NaN,NaN,NaN,NaN,5901.59547917477,1
stress_Tight_01.mat,8301,9701006,Repair,1500,36,0,0,0,0.0038765,5203.23914053684,5188.87482265489,0,0,0,1,NaN,NaN,NaN,NaN,NaN,NaN,NaN,5901.59547917477,1
stress_Tight_01.mat,8301,9701006,Repair,2500,36,0,0,0,0.0038765,5203.23914053684,5188.87482265489,0,0,0,1,NaN,NaN,NaN,NaN,NaN,NaN,NaN,5901.59547917477,1
stress_Tight_01.mat,8301,9701006,WarmPSO,500,500,200,0,0,0.0549984,5353.18927921637,5338.39687429009,0,0,0,1,1,0,0,0,201,NaN,NaN,5901.59547917477,0
stress_Tight_01.mat,8301,9701006,WarmPSO,1000,980,200,0,0,0.1037477,5353.18927921637,5338.39687429009,0,0,0,1,1,0,0,0,201,NaN,NaN,5901.59547917477,0
stress_Tight_01.mat,8301,9701006,WarmPSO,1500,1490,200,0,0,0.159419,5353.18927921637,5338.39687429009,0,0,0,1,1,0,0,0,201,NaN,NaN,5901.59547917477,0
stress_Tight_01.mat,8301,9701006,WarmPSO,2500,2500,200,0,0,0.2622627,5353.18927921637,5338.39687429009,0,0,0,1,1,0,0,0,201,NaN,NaN,5901.59547917477,0
stress_Tight_01.mat,8301,9701006,AlwaysVND,500,473,200,0,153,0.054475,5055.469820666,5039.58740455941,0,0,0,1,1,0,0,0,201,260,297.719458550376,5901.59547917477,1
stress_Tight_01.mat,8301,9701006,AlwaysVND,1000,959,200,0,459,0.1126368,4898.912410466,4887.22859417073,0,0,0,1,1,0,0,0,201,260,454.27686875037,5901.59547917477,1
stress_Tight_01.mat,8301,9701006,AlwaysVND,1500,1445,200,0,765,0.1693353,4787.72046557163,4777.76234972288,0,0,0,1,1,0,0,0,201,260,565.468813644741,5901.59547917477,1
stress_Tight_01.mat,8301,9701006,AlwaysVND,2500,2500,200,0,1428,0.2984534,4491.4408541673,4481.90528613609,0,0,0,1,1,0,0,0,201,260,861.748425049074,5901.59547917477,1
stress_Tight_01.mat,8301,9701006,FB-CMPSO,500,473,200,0,153,0.0647569,5055.469820666,5039.58740455941,0,0,0,1,1,0,0,0,201,260,297.719458550376,5901.59547917477,1
stress_Tight_01.mat,8301,9701006,FB-CMPSO,1000,959,200,0,459,0.1217447,4898.912410466,4887.22859417073,0,0,0,1,1,0,0,0,201,260,454.27686875037,5901.59547917477,1
stress_Tight_01.mat,8301,9701006,FB-CMPSO,1500,1445,200,0,765,0.1884356,4787.72046557163,4777.76234972288,0,0,0,1,1,0,0,0,201,260,565.468813644741,5901.59547917477,1
stress_Tight_01.mat,8301,9701006,FB-CMPSO,2500,2500,200,0,1428,0.3148054,4491.4408541673,4481.90528613609,0,0,0,1,1,0,0,0,201,260,861.748425049074,5901.59547917477,1
stress_Tight_01.mat,8301,9701007,Repair,500,36,0,0,0,0.0033378,5203.23914053684,5188.87482265489,0,0,0,1,NaN,NaN,NaN,NaN,NaN,NaN,NaN,5901.59547917477,1
stress_Tight_01.mat,8301,9701007,Repair,1000,36,0,0,0,0.0033378,5203.23914053684,5188.87482265489,0,0,0,1,NaN,NaN,NaN,NaN,NaN,NaN,NaN,5901.59547917477,1
stress_Tight_01.mat,8301,9701007,Repair,1500,36,0,0,0,0.0033378,5203.23914053684,5188.87482265489,0,0,0,1,NaN,NaN,NaN,NaN,NaN,NaN,NaN,5901.59547917477,1
stress_Tight_01.mat,8301,9701007,Repair,2500,36,0,0,0,0.0033378,5203.23914053684,5188.87482265489,0,0,0,1,NaN,NaN,NaN,NaN,NaN,NaN,NaN,5901.59547917477,1
stress_Tight_01.mat,8301,9701007,WarmPSO,500,500,200,0,0,0.0573807,5203.23914053684,5188.87482265489,0,0,0,1,1,0,0,0,201,NaN,NaN,5901.59547917477,0
stress_Tight_01.mat,8301,9701007,WarmPSO,1000,980,200,0,0,0.1079272,5203.23914053684,5188.87482265489,0,0,0,1,1,0,0,0,201,NaN,NaN,5901.59547917477,0
stress_Tight_01.mat,8301,9701007,WarmPSO,1500,1490,200,0,0,0.1616694,5203.23914053684,5188.87482265489,0,0,0,1,1,0,0,0,201,NaN,NaN,5901.59547917477,0
stress_Tight_01.mat,8301,9701007,WarmPSO,2500,2500,200,0,0,0.2686841,5203.23914053684,5188.87482265489,0,0,0,1,1,0,0,0,201,NaN,NaN,5901.59547917477,0
stress_Tight_01.mat,8301,9701007,AlwaysVND,500,473,200,0,153,0.0568453,4916.35372952513,4907.34383371846,0,0,0,1,1,0,0,0,201,260,286.885411011714,5901.59547917477,1
stress_Tight_01.mat,8301,9701007,AlwaysVND,1000,959,200,0,459,0.1125301,4586.45814683178,4576.87342473654,0,0,0,1,1,0,0,0,201,260,616.780993705058,5901.59547917477,1
stress_Tight_01.mat,8301,9701007,AlwaysVND,1500,1445,200,0,765,0.1725826,4402.76818922155,4391.55706790516,0,0,0,1,1,0,0,0,201,260,800.470951315285,5901.59547917477,1
stress_Tight_01.mat,8301,9701007,AlwaysVND,2500,2500,200,0,1428,0.2949145,4023.24514534036,4018.90832227362,0,0,0,1,1,0,0,0,201,260,1179.99399519648,5901.59547917477,1
stress_Tight_01.mat,8301,9701007,FB-CMPSO,500,473,200,0,153,0.0586878,4916.35372952513,4907.34383371846,0,0,0,1,1,0,0,0,201,260,286.885411011714,5901.59547917477,1
stress_Tight_01.mat,8301,9701007,FB-CMPSO,1000,959,200,0,459,0.1158428,4586.45814683178,4576.87342473654,0,0,0,1,1,0,0,0,201,260,616.780993705058,5901.59547917477,1
stress_Tight_01.mat,8301,9701007,FB-CMPSO,1500,1445,200,0,765,0.1731949,4402.76818922155,4391.55706790516,0,0,0,1,1,0,0,0,201,260,800.470951315285,5901.59547917477,1
stress_Tight_01.mat,8301,9701007,FB-CMPSO,2500,2500,200,0,1428,0.3012196,4023.24514534036,4018.90832227362,0,0,0,1,1,0,0,0,201,260,1179.99399519648,5901.59547917477,1
stress_Tight_01.mat,8301,9701008,Repair,500,36,0,0,0,0.0034478,5203.23914053684,5188.87482265489,0,0,0,1,NaN,NaN,NaN,NaN,NaN,NaN,NaN,5901.59547917477,1
stress_Tight_01.mat,8301,9701008,Repair,1000,36,0,0,0,0.0034478,5203.23914053684,5188.87482265489,0,0,0,1,NaN,NaN,NaN,NaN,NaN,NaN,NaN,5901.59547917477,1
stress_Tight_01.mat,8301,9701008,Repair,1500,36,0,0,0,0.0034478,5203.23914053684,5188.87482265489,0,0,0,1,NaN,NaN,NaN,NaN,NaN,NaN,NaN,5901.59547917477,1
stress_Tight_01.mat,8301,9701008,Repair,2500,36,0,0,0,0.0034478,5203.23914053684,5188.87482265489,0,0,0,1,NaN,NaN,NaN,NaN,NaN,NaN,NaN,5901.59547917477,1
stress_Tight_01.mat,8301,9701008,WarmPSO,500,500,200,0,0,0.0566484,5203.23914053684,5188.87482265489,0,0,0,1,1,0,0,0,201,NaN,NaN,5901.59547917477,0
stress_Tight_01.mat,8301,9701008,WarmPSO,1000,980,200,0,0,0.1103247,5203.23914053684,5188.87482265489,0,0,0,1,1,0,0,0,201,NaN,NaN,5901.59547917477,0
stress_Tight_01.mat,8301,9701008,WarmPSO,1500,1490,200,0,0,0.1756496,5203.23914053684,5188.87482265489,0,0,0,1,1,0,0,0,201,NaN,NaN,5901.59547917477,0
stress_Tight_01.mat,8301,9701008,WarmPSO,2500,2500,200,0,0,0.2896561,5203.23914053684,5188.87482265489,0,0,0,1,1,0,0,0,201,NaN,NaN,5901.59547917477,0
stress_Tight_01.mat,8301,9701008,AlwaysVND,500,473,200,0,153,0.0560828,4861.98543091112,4854.43739547661,0,0,0,1,1,0,0,0,201,260,598.875712865443,5901.59547917477,1
stress_Tight_01.mat,8301,9701008,AlwaysVND,1000,959,200,0,459,0.1138154,4802.39882310848,4794.94567817957,0,0,0,1,1,0,0,0,201,260,658.462320668078,5901.59547917477,1
stress_Tight_01.mat,8301,9701008,AlwaysVND,1500,1445,200,0,765,0.170742,4132.80844316483,4128.24602323385,0,0,0,1,1,0,0,0,201,260,1328.05270061173,5901.59547917477,1
stress_Tight_01.mat,8301,9701008,AlwaysVND,2500,2500,200,0,1428,0.2971235,4132.80844316483,4128.24602323385,0,0,0,1,1,0,0,0,201,260,1328.05270061173,5901.59547917477,1
stress_Tight_01.mat,8301,9701008,FB-CMPSO,500,473,200,0,153,0.0547838,4861.98543091112,4854.43739547661,0,0,0,1,1,0,0,0,201,260,598.875712865443,5901.59547917477,1
stress_Tight_01.mat,8301,9701008,FB-CMPSO,1000,959,200,0,459,0.122864,4802.39882310848,4794.94567817957,0,0,0,1,1,0,0,0,201,260,658.462320668078,5901.59547917477,1
stress_Tight_01.mat,8301,9701008,FB-CMPSO,1500,1445,200,0,765,0.1783845,4132.80844316483,4128.24602323385,0,0,0,1,1,0,0,0,201,260,1328.05270061173,5901.59547917477,1
stress_Tight_01.mat,8301,9701008,FB-CMPSO,2500,2500,200,0,1428,0.3055367,4132.80844316483,4128.24602323385,0,0,0,1,1,0,0,0,201,260,1328.05270061173,5901.59547917477,1
stress_Tight_01.mat,8301,9701009,Repair,500,36,0,0,0,0.0031698,5203.23914053684,5188.87482265489,0,0,0,1,NaN,NaN,NaN,NaN,NaN,NaN,NaN,5901.59547917477,1
stress_Tight_01.mat,8301,9701009,Repair,1000,36,0,0,0,0.0031698,5203.23914053684,5188.87482265489,0,0,0,1,NaN,NaN,NaN,NaN,NaN,NaN,NaN,5901.59547917477,1
stress_Tight_01.mat,8301,9701009,Repair,1500,36,0,0,0,0.0031698,5203.23914053684,5188.87482265489,0,0,0,1,NaN,NaN,NaN,NaN,NaN,NaN,NaN,5901.59547917477,1
stress_Tight_01.mat,8301,9701009,Repair,2500,36,0,0,0,0.0031698,5203.23914053684,5188.87482265489,0,0,0,1,NaN,NaN,NaN,NaN,NaN,NaN,NaN,5901.59547917477,1
stress_Tight_01.mat,8301,9701009,WarmPSO,500,500,200,0,0,0.0593437,5203.23914053684,5188.87482265489,0,0,0,1,1,0,0,0,201,NaN,NaN,5901.59547917477,0
stress_Tight_01.mat,8301,9701009,WarmPSO,1000,980,200,0,0,0.1077096,5203.23914053684,5188.87482265489,0,0,0,1,1,0,0,0,201,NaN,NaN,5901.59547917477,0
stress_Tight_01.mat,8301,9701009,WarmPSO,1500,1490,200,0,0,0.1608149,5203.23914053684,5188.87482265489,0,0,0,1,1,0,0,0,201,NaN,NaN,5901.59547917477,0
stress_Tight_01.mat,8301,9701009,WarmPSO,2500,2500,200,0,0,0.2677215,5203.23914053684,5188.87482265489,0,0,0,1,1,0,0,0,201,NaN,NaN,5901.59547917477,0
stress_Tight_01.mat,8301,9701009,AlwaysVND,500,473,200,0,153,0.0531539,4999.77252752669,4991.91082344272,0,0,0,1,1,0,0,0,201,260,203.466613010149,5901.59547917477,1
stress_Tight_01.mat,8301,9701009,AlwaysVND,1000,959,200,0,459,0.1078913,4646.41950051514,4639.27644828507,0,0,0,1,1,0,0,0,201,260,556.819640021702,5901.59547917477,1
stress_Tight_01.mat,8301,9701009,AlwaysVND,1500,1445,200,0,765,0.165881,4571.62382736766,4561.81205478487,0,0,0,1,1,0,0,0,201,260,631.615313169182,5901.59547917477,1
stress_Tight_01.mat,8301,9701009,AlwaysVND,2500,2500,200,0,1428,0.2904713,4345.57430831841,4336.19872828445,0,0,0,1,1,0,0,0,201,260,857.664832218426,5901.59547917477,1
stress_Tight_01.mat,8301,9701009,FB-CMPSO,500,473,200,0,153,0.0533017,4999.77252752669,4991.91082344272,0,0,0,1,1,0,0,0,201,260,203.466613010149,5901.59547917477,1
stress_Tight_01.mat,8301,9701009,FB-CMPSO,1000,959,200,0,459,0.1092003,4646.41950051514,4639.27644828507,0,0,0,1,1,0,0,0,201,260,556.819640021702,5901.59547917477,1
stress_Tight_01.mat,8301,9701009,FB-CMPSO,1500,1445,200,0,765,0.1663153,4571.62382736766,4561.81205478487,0,0,0,1,1,0,0,0,201,260,631.615313169182,5901.59547917477,1
stress_Tight_01.mat,8301,9701009,FB-CMPSO,2500,2500,200,0,1428,0.2977221,4345.57430831841,4336.19872828445,0,0,0,1,1,0,0,0,201,260,857.664832218426,5901.59547917477,1
stress_Tight_01.mat,8301,9701010,Repair,500,36,0,0,0,0.0029203,5203.23914053684,5188.87482265489,0,0,0,1,NaN,NaN,NaN,NaN,NaN,NaN,NaN,5901.59547917477,1
stress_Tight_01.mat,8301,9701010,Repair,1000,36,0,0,0,0.0029203,5203.23914053684,5188.87482265489,0,0,0,1,NaN,NaN,NaN,NaN,NaN,NaN,NaN,5901.59547917477,1
stress_Tight_01.mat,8301,9701010,Repair,1500,36,0,0,0,0.0029203,5203.23914053684,5188.87482265489,0,0,0,1,NaN,NaN,NaN,NaN,NaN,NaN,NaN,5901.59547917477,1
stress_Tight_01.mat,8301,9701010,Repair,2500,36,0,0,0,0.0029203,5203.23914053684,5188.87482265489,0,0,0,1,NaN,NaN,NaN,NaN,NaN,NaN,NaN,5901.59547917477,1
stress_Tight_01.mat,8301,9701010,WarmPSO,500,500,200,0,0,0.054361,5203.23914053684,5188.87482265489,0,0,0,1,1,0,0,0,201,NaN,NaN,5901.59547917477,0
stress_Tight_01.mat,8301,9701010,WarmPSO,1000,980,200,0,0,0.1054814,5203.23914053684,5188.87482265489,0,0,0,1,1,0,0,0,201,NaN,NaN,5901.59547917477,0
stress_Tight_01.mat,8301,9701010,WarmPSO,1500,1490,200,0,0,0.1588361,5203.23914053684,5188.87482265489,0,0,0,1,1,0,0,0,201,NaN,NaN,5901.59547917477,0
stress_Tight_01.mat,8301,9701010,WarmPSO,2500,2500,200,0,0,0.267687,5203.23914053684,5188.87482265489,0,0,0,1,1,0,0,0,201,NaN,NaN,5901.59547917477,0
stress_Tight_01.mat,8301,9701010,AlwaysVND,500,473,200,0,153,0.0545428,4627.58682767914,4614.49217195215,0,0,0,1,1,0,0,0,201,260,831.332872605107,5901.59547917477,1
stress_Tight_01.mat,8301,9701010,AlwaysVND,1000,959,200,0,459,0.1150392,4516.39488278477,4505.0259275043,0,0,0,1,1,0,0,0,201,260,942.524817499477,5901.59547917477,1
stress_Tight_01.mat,8301,9701010,AlwaysVND,1500,1445,200,0,765,0.1712229,4442.26822299902,4429.04727163316,0,0,0,1,1,0,0,0,201,260,1016.65147728523,5901.59547917477,1
stress_Tight_01.mat,8301,9701010,AlwaysVND,2500,2500,200,0,1428,0.2985744,4442.26822299902,4429.04727163316,0,0,0,1,1,0,0,0,201,260,1016.65147728523,5901.59547917477,1
stress_Tight_01.mat,8301,9701010,FB-CMPSO,500,473,200,0,153,0.0542343,4627.58682767914,4614.49217195215,0,0,0,1,1,0,0,0,201,260,831.332872605107,5901.59547917477,1
stress_Tight_01.mat,8301,9701010,FB-CMPSO,1000,959,200,0,459,0.1156127,4516.39488278477,4505.0259275043,0,0,0,1,1,0,0,0,201,260,942.524817499477,5901.59547917477,1
stress_Tight_01.mat,8301,9701010,FB-CMPSO,1500,1445,200,0,765,0.1754793,4442.26822299902,4429.04727163316,0,0,0,1,1,0,0,0,201,260,1016.65147728523,5901.59547917477,1
stress_Tight_01.mat,8301,9701010,FB-CMPSO,2500,2500,200,0,1428,0.2973609,4442.26822299902,4429.04727163316,0,0,0,1,1,0,0,0,201,260,1016.65147728523,5901.59547917477,1
stress_Tight_01.mat,8301,9701011,Repair,500,36,0,0,0,0.0032893,5203.23914053684,5188.87482265489,0,0,0,1,NaN,NaN,NaN,NaN,NaN,NaN,NaN,5901.59547917477,1
stress_Tight_01.mat,8301,9701011,Repair,1000,36,0,0,0,0.0032893,5203.23914053684,5188.87482265489,0,0,0,1,NaN,NaN,NaN,NaN,NaN,NaN,NaN,5901.59547917477,1
stress_Tight_01.mat,8301,9701011,Repair,1500,36,0,0,0,0.0032893,5203.23914053684,5188.87482265489,0,0,0,1,NaN,NaN,NaN,NaN,NaN,NaN,NaN,5901.59547917477,1
stress_Tight_01.mat,8301,9701011,Repair,2500,36,0,0,0,0.0032893,5203.23914053684,5188.87482265489,0,0,0,1,NaN,NaN,NaN,NaN,NaN,NaN,NaN,5901.59547917477,1
stress_Tight_01.mat,8301,9701011,WarmPSO,500,500,200,0,0,0.0543845,5353.18927921637,5338.39687429009,0,0,0,1,1,0,0,0,201,NaN,NaN,5901.59547917477,0
stress_Tight_01.mat,8301,9701011,WarmPSO,1000,980,200,0,0,0.1043905,5353.18927921637,5338.39687429009,0,0,0,1,1,0,0,0,201,NaN,NaN,5901.59547917477,0
stress_Tight_01.mat,8301,9701011,WarmPSO,1500,1490,200,0,0,0.1581196,5353.18927921637,5338.39687429009,0,0,0,1,1,0,0,0,201,NaN,NaN,5901.59547917477,0
stress_Tight_01.mat,8301,9701011,WarmPSO,2500,2500,200,0,0,0.2652453,5353.18927921637,5338.39687429009,0,0,0,1,1,0,0,0,201,NaN,NaN,5901.59547917477,0
stress_Tight_01.mat,8301,9701011,AlwaysVND,500,473,200,0,153,0.0541292,4657.41706084735,4649.81624889739,0,0,0,1,1,0,0,0,201,260,695.772218369021,5901.59547917477,1
stress_Tight_01.mat,8301,9701011,AlwaysVND,1000,959,200,0,459,0.1093472,4454.0406458846,4448.19693951443,0,0,0,1,1,0,0,0,201,260,899.148633331772,5901.59547917477,1
stress_Tight_01.mat,8301,9701011,AlwaysVND,1500,1445,200,0,765,0.1706975,4454.0406458846,4448.19693951443,0,0,0,1,1,0,0,0,201,260,899.148633331772,5901.59547917477,1
stress_Tight_01.mat,8301,9701011,AlwaysVND,2500,2500,200,0,1428,0.3093068,4386.65570231274,4384.36222973731,0,0,0,1,1,0,0,0,201,260,966.533576903631,5901.59547917477,1
stress_Tight_01.mat,8301,9701011,FB-CMPSO,500,473,200,0,153,0.0537663,4657.41706084735,4649.81624889739,0,0,0,1,1,0,0,0,201,260,695.772218369021,5901.59547917477,1
stress_Tight_01.mat,8301,9701011,FB-CMPSO,1000,959,200,0,459,0.1132869,4454.0406458846,4448.19693951443,0,0,0,1,1,0,0,0,201,260,899.148633331772,5901.59547917477,1
stress_Tight_01.mat,8301,9701011,FB-CMPSO,1500,1445,200,0,765,0.1725632,4454.0406458846,4448.19693951443,0,0,0,1,1,0,0,0,201,260,899.148633331772,5901.59547917477,1
stress_Tight_01.mat,8301,9701011,FB-CMPSO,2500,2500,200,0,1428,0.2987846,4386.65570231274,4384.36222973731,0,0,0,1,1,0,0,0,201,260,966.533576903631,5901.59547917477,1
stress_Tight_01.mat,8301,9701012,Repair,500,36,0,0,0,0.0032438,5203.23914053684,5188.87482265489,0,0,0,1,NaN,NaN,NaN,NaN,NaN,NaN,NaN,5901.59547917477,1
stress_Tight_01.mat,8301,9701012,Repair,1000,36,0,0,0,0.0032438,5203.23914053684,5188.87482265489,0,0,0,1,NaN,NaN,NaN,NaN,NaN,NaN,NaN,5901.59547917477,1
stress_Tight_01.mat,8301,9701012,Repair,1500,36,0,0,0,0.0032438,5203.23914053684,5188.87482265489,0,0,0,1,NaN,NaN,NaN,NaN,NaN,NaN,NaN,5901.59547917477,1
stress_Tight_01.mat,8301,9701012,Repair,2500,36,0,0,0,0.0032438,5203.23914053684,5188.87482265489,0,0,0,1,NaN,NaN,NaN,NaN,NaN,NaN,NaN,5901.59547917477,1
stress_Tight_01.mat,8301,9701012,WarmPSO,500,500,200,0,0,0.0526437,5203.23914053684,5188.87482265489,0,0,0,1,1,0,0,0,201,NaN,NaN,5901.59547917477,0
stress_Tight_01.mat,8301,9701012,WarmPSO,1000,980,200,0,0,0.1042605,5203.23914053684,5188.87482265489,0,0,0,1,1,0,0,0,201,NaN,NaN,5901.59547917477,0
stress_Tight_01.mat,8301,9701012,WarmPSO,1500,1490,200,0,0,0.1591176,5203.23914053684,5188.87482265489,0,0,0,1,1,0,0,0,201,NaN,NaN,5901.59547917477,0
stress_Tight_01.mat,8301,9701012,WarmPSO,2500,2500,200,0,0,0.262825,5203.23914053684,5188.87482265489,0,0,0,1,1,0,0,0,201,NaN,NaN,5901.59547917477,0
stress_Tight_01.mat,8301,9701012,AlwaysVND,500,473,200,0,153,0.0553585,5130.83102496649,5115.16064034343,0,0,0,1,1,0,0,0,201,260,72.4081155703534,5901.59547917477,1
stress_Tight_01.mat,8301,9701012,AlwaysVND,1000,959,200,0,459,0.1131922,4816.79136249697,4806.37541755073,0,0,0,1,1,0,0,0,201,260,386.447778039873,5901.59547917477,1
stress_Tight_01.mat,8301,9701012,AlwaysVND,1500,1445,200,0,765,0.1683543,4502.0319281387,4496.25810888174,0,0,0,1,1,0,0,0,201,260,701.20721239814,5901.59547917477,1
stress_Tight_01.mat,8301,9701012,AlwaysVND,2500,2500,200,0,1428,0.2920843,4502.0319281387,4496.25810888174,0,0,0,1,1,0,0,0,201,260,701.20721239814,5901.59547917477,1
stress_Tight_01.mat,8301,9701012,FB-CMPSO,500,473,200,0,153,0.0551689,5130.83102496649,5115.16064034343,0,0,0,1,1,0,0,0,201,260,72.4081155703534,5901.59547917477,1
stress_Tight_01.mat,8301,9701012,FB-CMPSO,1000,959,200,0,459,0.1227389,4816.79136249697,4806.37541755073,0,0,0,1,1,0,0,0,201,260,386.447778039873,5901.59547917477,1
stress_Tight_01.mat,8301,9701012,FB-CMPSO,1500,1445,200,0,765,0.1871278,4502.0319281387,4496.25810888174,0,0,0,1,1,0,0,0,201,260,701.20721239814,5901.59547917477,1
stress_Tight_01.mat,8301,9701012,FB-CMPSO,2500,2500,200,0,1428,0.3126409,4502.0319281387,4496.25810888174,0,0,0,1,1,0,0,0,201,260,701.20721239814,5901.59547917477,1
stress_Tight_01.mat,8301,9701013,Repair,500,36,0,0,0,0.0030142,5203.23914053684,5188.87482265489,0,0,0,1,NaN,NaN,NaN,NaN,NaN,NaN,NaN,5901.59547917477,1
stress_Tight_01.mat,8301,9701013,Repair,1000,36,0,0,0,0.0030142,5203.23914053684,5188.87482265489,0,0,0,1,NaN,NaN,NaN,NaN,NaN,NaN,NaN,5901.59547917477,1
stress_Tight_01.mat,8301,9701013,Repair,1500,36,0,0,0,0.0030142,5203.23914053684,5188.87482265489,0,0,0,1,NaN,NaN,NaN,NaN,NaN,NaN,NaN,5901.59547917477,1
stress_Tight_01.mat,8301,9701013,Repair,2500,36,0,0,0,0.0030142,5203.23914053684,5188.87482265489,0,0,0,1,NaN,NaN,NaN,NaN,NaN,NaN,NaN,5901.59547917477,1
stress_Tight_01.mat,8301,9701013,WarmPSO,500,500,200,0,0,0.0546963,5203.23914053684,5188.87482265489,0,0,0,1,1,0,0,0,201,NaN,NaN,5901.59547917477,0
stress_Tight_01.mat,8301,9701013,WarmPSO,1000,980,200,0,0,0.107386,5203.23914053684,5188.87482265489,0,0,0,1,1,0,0,0,201,NaN,NaN,5901.59547917477,0
stress_Tight_01.mat,8301,9701013,WarmPSO,1500,1490,200,0,0,0.1588328,5203.23914053684,5188.87482265489,0,0,0,1,1,0,0,0,201,NaN,NaN,5901.59547917477,0
stress_Tight_01.mat,8301,9701013,WarmPSO,2500,2500,200,0,0,0.2712599,5203.23914053684,5188.87482265489,0,0,0,1,1,0,0,0,201,NaN,NaN,5901.59547917477,0
stress_Tight_01.mat,8301,9701013,AlwaysVND,500,473,200,0,153,0.0519879,5069.56105616211,5059.14850878296,0,0,0,1,1,0,0,0,201,260,133.67808437473,5901.59547917477,1
stress_Tight_01.mat,8301,9701013,AlwaysVND,1000,959,200,0,459,0.1073836,4356.41111236758,4351.84309588921,0,0,0,1,1,0,0,0,201,260,846.828028169262,5901.59547917477,1
stress_Tight_01.mat,8301,9701013,AlwaysVND,1500,1445,200,0,765,0.1636151,4356.41111236758,4351.84309588921,0,0,0,1,1,0,0,0,201,260,846.828028169262,5901.59547917477,1
stress_Tight_01.mat,8301,9701013,AlwaysVND,2500,2500,200,0,1428,0.2898706,4267.83767722219,4262.85288859827,0,0,0,1,1,0,0,0,201,260,935.401463314645,5901.59547917477,1
stress_Tight_01.mat,8301,9701013,FB-CMPSO,500,473,200,0,153,0.0533808,5069.56105616211,5059.14850878296,0,0,0,1,1,0,0,0,201,260,133.67808437473,5901.59547917477,1
stress_Tight_01.mat,8301,9701013,FB-CMPSO,1000,959,200,0,459,0.1134977,4356.41111236758,4351.84309588921,0,0,0,1,1,0,0,0,201,260,846.828028169262,5901.59547917477,1
stress_Tight_01.mat,8301,9701013,FB-CMPSO,1500,1445,200,0,765,0.1715081,4356.41111236758,4351.84309588921,0,0,0,1,1,0,0,0,201,260,846.828028169262,5901.59547917477,1
stress_Tight_01.mat,8301,9701013,FB-CMPSO,2500,2500,200,0,1428,0.2997341,4267.83767722219,4262.85288859827,0,0,0,1,1,0,0,0,201,260,935.401463314645,5901.59547917477,1
stress_Tight_01.mat,8301,9701014,Repair,500,36,0,0,0,0.0033616,5203.23914053684,5188.87482265489,0,0,0,1,NaN,NaN,NaN,NaN,NaN,NaN,NaN,5901.59547917477,1
stress_Tight_01.mat,8301,9701014,Repair,1000,36,0,0,0,0.0033616,5203.23914053684,5188.87482265489,0,0,0,1,NaN,NaN,NaN,NaN,NaN,NaN,NaN,5901.59547917477,1
stress_Tight_01.mat,8301,9701014,Repair,1500,36,0,0,0,0.0033616,5203.23914053684,5188.87482265489,0,0,0,1,NaN,NaN,NaN,NaN,NaN,NaN,NaN,5901.59547917477,1
stress_Tight_01.mat,8301,9701014,Repair,2500,36,0,0,0,0.0033616,5203.23914053684,5188.87482265489,0,0,0,1,NaN,NaN,NaN,NaN,NaN,NaN,NaN,5901.59547917477,1
stress_Tight_01.mat,8301,9701014,WarmPSO,500,500,200,0,0,0.0576079,5203.23914053684,5188.87482265489,0,0,0,1,1,0,0,0,201,NaN,NaN,5901.59547917477,0
stress_Tight_01.mat,8301,9701014,WarmPSO,1000,980,200,0,0,0.1084776,5203.23914053684,5188.87482265489,0,0,0,1,1,0,0,0,201,NaN,NaN,5901.59547917477,0
stress_Tight_01.mat,8301,9701014,WarmPSO,1500,1490,200,0,0,0.1630338,5203.23914053684,5188.87482265489,0,0,0,1,1,0,0,0,201,NaN,NaN,5901.59547917477,0
stress_Tight_01.mat,8301,9701014,WarmPSO,2500,2500,200,0,0,0.2677883,5203.23914053684,5188.87482265489,0,0,0,1,1,0,0,0,201,NaN,NaN,5901.59547917477,0
stress_Tight_01.mat,8301,9701014,AlwaysVND,500,473,200,0,153,0.0558261,4398.42221200365,4390.3486660947,0,0,0,1,1,0,0,0,201,260,804.816928533191,5901.59547917477,1
stress_Tight_01.mat,8301,9701014,AlwaysVND,1000,959,200,0,459,0.1112557,4146.46515225688,4140.03029220193,0,0,0,1,1,0,0,0,201,260,1056.77398827995,5901.59547917477,1
stress_Tight_01.mat,8301,9701014,AlwaysVND,1500,1445,200,0,765,0.1743438,4132.80844316483,4128.24602323385,0,0,0,1,1,0,0,0,201,260,1070.43069737201,5901.59547917477,1
stress_Tight_01.mat,8301,9701014,AlwaysVND,2500,2500,200,0,1428,0.3044599,4132.80844316483,4128.24602323385,0,0,0,1,1,0,0,0,201,260,1070.43069737201,5901.59547917477,1
stress_Tight_01.mat,8301,9701014,FB-CMPSO,500,473,200,0,153,0.0534452,4398.42221200365,4390.3486660947,0,0,0,1,1,0,0,0,201,260,804.816928533191,5901.59547917477,1
stress_Tight_01.mat,8301,9701014,FB-CMPSO,1000,959,200,0,459,0.1110364,4146.46515225688,4140.03029220193,0,0,0,1,1,0,0,0,201,260,1056.77398827995,5901.59547917477,1
stress_Tight_01.mat,8301,9701014,FB-CMPSO,1500,1445,200,0,765,0.1681407,4132.80844316483,4128.24602323385,0,0,0,1,1,0,0,0,201,260,1070.43069737201,5901.59547917477,1
stress_Tight_01.mat,8301,9701014,FB-CMPSO,2500,2500,200,0,1428,0.294965,4132.80844316483,4128.24602323385,0,0,0,1,1,0,0,0,201,260,1070.43069737201,5901.59547917477,1
stress_Tight_01.mat,8301,9701015,Repair,500,36,0,0,0,0.0032476,5203.23914053684,5188.87482265489,0,0,0,1,NaN,NaN,NaN,NaN,NaN,NaN,NaN,5901.59547917477,1
stress_Tight_01.mat,8301,9701015,Repair,1000,36,0,0,0,0.0032476,5203.23914053684,5188.87482265489,0,0,0,1,NaN,NaN,NaN,NaN,NaN,NaN,NaN,5901.59547917477,1
stress_Tight_01.mat,8301,9701015,Repair,1500,36,0,0,0,0.0032476,5203.23914053684,5188.87482265489,0,0,0,1,NaN,NaN,NaN,NaN,NaN,NaN,NaN,5901.59547917477,1
stress_Tight_01.mat,8301,9701015,Repair,2500,36,0,0,0,0.0032476,5203.23914053684,5188.87482265489,0,0,0,1,NaN,NaN,NaN,NaN,NaN,NaN,NaN,5901.59547917477,1
stress_Tight_01.mat,8301,9701015,WarmPSO,500,500,200,0,0,0.053053,5203.23914053684,5188.87482265489,0,0,0,1,1,0,0,0,201,NaN,NaN,5901.59547917477,0
stress_Tight_01.mat,8301,9701015,WarmPSO,1000,980,200,0,0,0.1084528,5203.23914053684,5188.87482265489,0,0,0,1,1,0,0,0,201,NaN,NaN,5901.59547917477,0
stress_Tight_01.mat,8301,9701015,WarmPSO,1500,1490,200,0,0,0.1619116,5203.23914053684,5188.87482265489,0,0,0,1,1,0,0,0,201,NaN,NaN,5901.59547917477,0
stress_Tight_01.mat,8301,9701015,WarmPSO,2500,2500,200,0,0,0.268105,5203.23914053684,5188.87482265489,0,0,0,1,1,0,0,0,201,NaN,NaN,5901.59547917477,0
stress_Tight_01.mat,8301,9701015,AlwaysVND,500,473,200,0,153,0.0529937,4614.19934402343,4605.92068866929,0,0,0,1,1,0,0,0,201,260,589.039796513412,5901.59547917477,1
stress_Tight_01.mat,8301,9701015,AlwaysVND,1000,959,200,0,459,0.1094412,4475.17630479191,4465.27125021662,0,0,0,1,1,0,0,0,201,260,728.062835744933,5901.59547917477,1
stress_Tight_01.mat,8301,9701015,AlwaysVND,1500,1445,200,0,765,0.1644605,4353.20450914739,4345.31505992021,0,0,0,1,1,0,0,0,201,260,850.03463138945,5901.59547917477,1
stress_Tight_01.mat,8301,9701015,AlwaysVND,2500,2500,200,0,1428,0.2901025,4023.24514534036,4018.90832227362,0,0,0,1,1,0,0,0,201,260,1179.99399519648,5901.59547917477,1
stress_Tight_01.mat,8301,9701015,FB-CMPSO,500,473,200,0,153,0.0520568,4614.19934402343,4605.92068866929,0,0,0,1,1,0,0,0,201,260,589.039796513412,5901.59547917477,1
stress_Tight_01.mat,8301,9701015,FB-CMPSO,1000,959,200,0,459,0.1086058,4475.17630479191,4465.27125021662,0,0,0,1,1,0,0,0,201,260,728.062835744933,5901.59547917477,1
stress_Tight_01.mat,8301,9701015,FB-CMPSO,1500,1445,200,0,765,0.1680189,4353.20450914739,4345.31505992021,0,0,0,1,1,0,0,0,201,260,850.03463138945,5901.59547917477,1
stress_Tight_01.mat,8301,9701015,FB-CMPSO,2500,2500,200,0,1428,0.301062,4023.24514534036,4018.90832227362,0,0,0,1,1,0,0,0,201,260,1179.99399519648,5901.59547917477,1
stress_Tight_01.mat,8301,9701016,Repair,500,36,0,0,0,0.0031544,5203.23914053684,5188.87482265489,0,0,0,1,NaN,NaN,NaN,NaN,NaN,NaN,NaN,5901.59547917477,1
stress_Tight_01.mat,8301,9701016,Repair,1000,36,0,0,0,0.0031544,5203.23914053684,5188.87482265489,0,0,0,1,NaN,NaN,NaN,NaN,NaN,NaN,NaN,5901.59547917477,1
stress_Tight_01.mat,8301,9701016,Repair,1500,36,0,0,0,0.0031544,5203.23914053684,5188.87482265489,0,0,0,1,NaN,NaN,NaN,NaN,NaN,NaN,NaN,5901.59547917477,1
stress_Tight_01.mat,8301,9701016,Repair,2500,36,0,0,0,0.0031544,5203.23914053684,5188.87482265489,0,0,0,1,NaN,NaN,NaN,NaN,NaN,NaN,NaN,5901.59547917477,1
stress_Tight_01.mat,8301,9701016,WarmPSO,500,500,200,0,0,0.0527684,5353.18927921637,5338.39687429009,0,0,0,1,1,0,0,0,201,NaN,NaN,5901.59547917477,0
stress_Tight_01.mat,8301,9701016,WarmPSO,1000,980,200,0,0,0.1018019,5353.18927921637,5338.39687429009,0,0,0,1,1,0,0,0,201,NaN,NaN,5901.59547917477,0
stress_Tight_01.mat,8301,9701016,WarmPSO,1500,1490,200,0,0,0.1551586,5353.18927921637,5338.39687429009,0,0,0,1,1,0,0,0,201,NaN,NaN,5901.59547917477,0
stress_Tight_01.mat,8301,9701016,WarmPSO,2500,2500,200,0,0,0.2577374,5353.18927921637,5338.39687429009,0,0,0,1,1,0,0,0,201,NaN,NaN,5901.59547917477,0
stress_Tight_01.mat,8301,9701016,AlwaysVND,500,473,200,0,153,0.0558128,5070.39072528817,5054.5025908302,0,0,0,1,1,0,0,0,201,260,282.798553928205,5901.59547917477,1
stress_Tight_01.mat,8301,9701016,AlwaysVND,1000,959,200,0,459,0.1110288,4296.84753156902,4284.95697990107,0,0,0,1,1,0,0,0,201,260,1056.34174764736,5901.59547917477,1
stress_Tight_01.mat,8301,9701016,AlwaysVND,1500,1445,200,0,765,0.1760134,4232.4460053236,4222.4377033334,0,0,0,1,1,0,0,0,201,260,1120.74327389278,5901.59547917477,1
stress_Tight_01.mat,8301,9701016,AlwaysVND,2500,2500,200,0,1428,0.2991032,4232.4460053236,4222.4377033334,0,0,0,1,1,0,0,0,201,260,1120.74327389278,5901.59547917477,1
stress_Tight_01.mat,8301,9701016,FB-CMPSO,500,473,200,0,153,0.0524955,5070.39072528817,5054.5025908302,0,0,0,1,1,0,0,0,201,260,282.798553928205,5901.59547917477,1
stress_Tight_01.mat,8301,9701016,FB-CMPSO,1000,959,200,0,459,0.1064074,4296.84753156902,4284.95697990107,0,0,0,1,1,0,0,0,201,260,1056.34174764736,5901.59547917477,1
stress_Tight_01.mat,8301,9701016,FB-CMPSO,1500,1445,200,0,765,0.1632498,4232.4460053236,4222.4377033334,0,0,0,1,1,0,0,0,201,260,1120.74327389278,5901.59547917477,1
stress_Tight_01.mat,8301,9701016,FB-CMPSO,2500,2500,200,0,1428,0.2860078,4232.4460053236,4222.4377033334,0,0,0,1,1,0,0,0,201,260,1120.74327389278,5901.59547917477,1
stress_Tight_01.mat,8301,9701017,Repair,500,36,0,0,0,0.0036388,5203.23914053684,5188.87482265489,0,0,0,1,NaN,NaN,NaN,NaN,NaN,NaN,NaN,5901.59547917477,1
stress_Tight_01.mat,8301,9701017,Repair,1000,36,0,0,0,0.0036388,5203.23914053684,5188.87482265489,0,0,0,1,NaN,NaN,NaN,NaN,NaN,NaN,NaN,5901.59547917477,1
stress_Tight_01.mat,8301,9701017,Repair,1500,36,0,0,0,0.0036388,5203.23914053684,5188.87482265489,0,0,0,1,NaN,NaN,NaN,NaN,NaN,NaN,NaN,5901.59547917477,1
stress_Tight_01.mat,8301,9701017,Repair,2500,36,0,0,0,0.0036388,5203.23914053684,5188.87482265489,0,0,0,1,NaN,NaN,NaN,NaN,NaN,NaN,NaN,5901.59547917477,1
stress_Tight_01.mat,8301,9701017,WarmPSO,500,500,200,0,0,0.0536749,5203.23914053684,5188.87482265489,0,0,0,1,1,0,0,0,201,NaN,NaN,5901.59547917477,0
stress_Tight_01.mat,8301,9701017,WarmPSO,1000,980,200,0,0,0.1025577,5203.23914053684,5188.87482265489,0,0,0,1,1,0,0,0,201,NaN,NaN,5901.59547917477,0
stress_Tight_01.mat,8301,9701017,WarmPSO,1500,1490,200,0,0,0.1546968,5203.23914053684,5188.87482265489,0,0,0,1,1,0,0,0,201,NaN,NaN,5901.59547917477,0
stress_Tight_01.mat,8301,9701017,WarmPSO,2500,2500,200,0,0,0.2589982,5203.23914053684,5188.87482265489,0,0,0,1,1,0,0,0,201,NaN,NaN,5901.59547917477,0
stress_Tight_01.mat,8301,9701017,AlwaysVND,500,473,200,0,153,0.0530891,4658.86626240213,4650.587607048,0,0,0,1,1,0,0,0,201,260,544.372878134706,5901.59547917477,1
stress_Tight_01.mat,8301,9701017,AlwaysVND,1000,959,200,0,459,0.1107808,4536.89446675762,4530.63141675158,0,0,0,1,1,0,0,0,201,260,666.344673779223,5901.59547917477,1
stress_Tight_01.mat,8301,9701017,AlwaysVND,1500,1445,200,0,765,0.1682273,4492.22754837891,4485.96449837288,0,0,0,1,1,0,0,0,201,260,711.011592157929,5901.59547917477,1
stress_Tight_01.mat,8301,9701017,AlwaysVND,2500,2500,200,0,1428,0.2955304,4023.24514534036,4018.90832227362,0,0,0,1,1,0,0,0,201,260,1179.99399519648,5901.59547917477,1
stress_Tight_01.mat,8301,9701017,FB-CMPSO,500,473,200,0,153,0.0555214,4658.86626240213,4650.587607048,0,0,0,1,1,0,0,0,201,260,544.372878134706,5901.59547917477,1
stress_Tight_01.mat,8301,9701017,FB-CMPSO,1000,959,200,0,459,0.1218934,4536.89446675762,4530.63141675158,0,0,0,1,1,0,0,0,201,260,666.344673779223,5901.59547917477,1
stress_Tight_01.mat,8301,9701017,FB-CMPSO,1500,1445,200,0,765,0.1784915,4492.22754837891,4485.96449837288,0,0,0,1,1,0,0,0,201,260,711.011592157929,5901.59547917477,1
stress_Tight_01.mat,8301,9701017,FB-CMPSO,2500,2500,200,0,1428,0.3030603,4023.24514534036,4018.90832227362,0,0,0,1,1,0,0,0,201,260,1179.99399519648,5901.59547917477,1
stress_Tight_01.mat,8301,9701018,Repair,500,36,0,0,0,0.0039557,5203.23914053684,5188.87482265489,0,0,0,1,NaN,NaN,NaN,NaN,NaN,NaN,NaN,5901.59547917477,1
stress_Tight_01.mat,8301,9701018,Repair,1000,36,0,0,0,0.0039557,5203.23914053684,5188.87482265489,0,0,0,1,NaN,NaN,NaN,NaN,NaN,NaN,NaN,5901.59547917477,1
stress_Tight_01.mat,8301,9701018,Repair,1500,36,0,0,0,0.0039557,5203.23914053684,5188.87482265489,0,0,0,1,NaN,NaN,NaN,NaN,NaN,NaN,NaN,5901.59547917477,1
stress_Tight_01.mat,8301,9701018,Repair,2500,36,0,0,0,0.0039557,5203.23914053684,5188.87482265489,0,0,0,1,NaN,NaN,NaN,NaN,NaN,NaN,NaN,5901.59547917477,1
stress_Tight_01.mat,8301,9701018,WarmPSO,500,500,200,0,0,0.0534295,5203.23914053684,5188.87482265489,0,0,0,1,1,0,0,0,201,NaN,NaN,5901.59547917477,0
stress_Tight_01.mat,8301,9701018,WarmPSO,1000,980,200,0,0,0.1066261,5203.23914053684,5188.87482265489,0,0,0,1,1,0,0,0,201,NaN,NaN,5901.59547917477,0
stress_Tight_01.mat,8301,9701018,WarmPSO,1500,1490,200,0,0,0.161137,5203.23914053684,5188.87482265489,0,0,0,1,1,0,0,0,201,NaN,NaN,5901.59547917477,0
stress_Tight_01.mat,8301,9701018,WarmPSO,2500,2500,200,0,0,0.265634,5203.23914053684,5188.87482265489,0,0,0,1,1,0,0,0,201,NaN,NaN,5901.59547917477,0
stress_Tight_01.mat,8301,9701018,AlwaysVND,500,473,200,0,153,0.0545162,4758.80880236642,4745.78591540887,0,0,0,1,1,0,0,0,201,260,444.430338170416,5901.59547917477,1
stress_Tight_01.mat,8301,9701018,AlwaysVND,1000,959,200,0,459,0.1170535,4296.84753156902,4284.95697990107,0,0,0,1,1,0,0,0,201,260,906.391608967822,5901.59547917477,1
stress_Tight_01.mat,8301,9701018,AlwaysVND,1500,1445,200,0,765,0.1843549,4232.4460053236,4222.4377033334,0,0,0,1,1,0,0,0,201,260,970.793135213244,5901.59547917477,1
stress_Tight_01.mat,8301,9701018,AlwaysVND,2500,2500,200,0,1428,0.3094822,4232.4460053236,4222.4377033334,0,0,0,1,1,0,0,0,201,260,970.793135213244,5901.59547917477,1
stress_Tight_01.mat,8301,9701018,FB-CMPSO,500,473,200,0,153,0.0539182,4758.80880236642,4745.78591540887,0,0,0,1,1,0,0,0,201,260,444.430338170416,5901.59547917477,1
stress_Tight_01.mat,8301,9701018,FB-CMPSO,1000,959,200,0,459,0.1120732,4296.84753156902,4284.95697990107,0,0,0,1,1,0,0,0,201,260,906.391608967822,5901.59547917477,1
stress_Tight_01.mat,8301,9701018,FB-CMPSO,1500,1445,200,0,765,0.1718995,4232.4460053236,4222.4377033334,0,0,0,1,1,0,0,0,201,260,970.793135213244,5901.59547917477,1
stress_Tight_01.mat,8301,9701018,FB-CMPSO,2500,2500,200,0,1428,0.3023825,4232.4460053236,4222.4377033334,0,0,0,1,1,0,0,0,201,260,970.793135213244,5901.59547917477,1
stress_Tight_01.mat,8301,9701019,Repair,500,36,0,0,0,0.0033023,5203.23914053684,5188.87482265489,0,0,0,1,NaN,NaN,NaN,NaN,NaN,NaN,NaN,5901.59547917477,1
stress_Tight_01.mat,8301,9701019,Repair,1000,36,0,0,0,0.0033023,5203.23914053684,5188.87482265489,0,0,0,1,NaN,NaN,NaN,NaN,NaN,NaN,NaN,5901.59547917477,1
stress_Tight_01.mat,8301,9701019,Repair,1500,36,0,0,0,0.0033023,5203.23914053684,5188.87482265489,0,0,0,1,NaN,NaN,NaN,NaN,NaN,NaN,NaN,5901.59547917477,1
stress_Tight_01.mat,8301,9701019,Repair,2500,36,0,0,0,0.0033023,5203.23914053684,5188.87482265489,0,0,0,1,NaN,NaN,NaN,NaN,NaN,NaN,NaN,5901.59547917477,1
stress_Tight_01.mat,8301,9701019,WarmPSO,500,500,200,0,0,0.0559181,5203.23914053684,5188.87482265489,0,0,0,1,1,0,0,0,201,NaN,NaN,5901.59547917477,0
stress_Tight_01.mat,8301,9701019,WarmPSO,1000,980,200,0,0,0.1069968,5203.23914053684,5188.87482265489,0,0,0,1,1,0,0,0,201,NaN,NaN,5901.59547917477,0
stress_Tight_01.mat,8301,9701019,WarmPSO,1500,1490,200,0,0,0.1607566,5203.23914053684,5188.87482265489,0,0,0,1,1,0,0,0,201,NaN,NaN,5901.59547917477,0
stress_Tight_01.mat,8301,9701019,WarmPSO,2500,2500,200,0,0,0.2671744,5203.23914053684,5188.87482265489,0,0,0,1,1,0,0,0,201,NaN,NaN,5901.59547917477,0
stress_Tight_01.mat,8301,9701019,AlwaysVND,500,473,200,0,153,0.0537256,4970.4908567981,4952.74141799032,0,0,0,1,1,0,0,0,201,260,232.748283738737,5901.59547917477,1
stress_Tight_01.mat,8301,9701019,AlwaysVND,1000,959,200,0,459,0.1126077,4232.4460053236,4222.4377033334,0,0,0,1,1,0,0,0,201,260,970.793135213244,5901.59547917477,1
stress_Tight_01.mat,8301,9701019,AlwaysVND,1500,1445,200,0,765,0.1704475,4232.4460053236,4222.4377033334,0,0,0,1,1,0,0,0,201,260,970.793135213244,5901.59547917477,1
stress_Tight_01.mat,8301,9701019,AlwaysVND,2500,2500,200,0,1428,0.3012285,4232.4460053236,4222.4377033334,0,0,0,1,1,0,0,0,201,260,970.793135213244,5901.59547917477,1
stress_Tight_01.mat,8301,9701019,FB-CMPSO,500,473,200,0,153,0.054334,4970.4908567981,4952.74141799032,0,0,0,1,1,0,0,0,201,260,232.748283738737,5901.59547917477,1
stress_Tight_01.mat,8301,9701019,FB-CMPSO,1000,959,200,0,459,0.1097281,4232.4460053236,4222.4377033334,0,0,0,1,1,0,0,0,201,260,970.793135213244,5901.59547917477,1
stress_Tight_01.mat,8301,9701019,FB-CMPSO,1500,1445,200,0,765,0.1691829,4232.4460053236,4222.4377033334,0,0,0,1,1,0,0,0,201,260,970.793135213244,5901.59547917477,1
stress_Tight_01.mat,8301,9701019,FB-CMPSO,2500,2500,200,0,1428,0.3013461,4232.4460053236,4222.4377033334,0,0,0,1,1,0,0,0,201,260,970.793135213244,5901.59547917477,1
stress_Tight_01.mat,8301,9701020,Repair,500,36,0,0,0,0.003109,5203.23914053684,5188.87482265489,0,0,0,1,NaN,NaN,NaN,NaN,NaN,NaN,NaN,5901.59547917477,1
stress_Tight_01.mat,8301,9701020,Repair,1000,36,0,0,0,0.003109,5203.23914053684,5188.87482265489,0,0,0,1,NaN,NaN,NaN,NaN,NaN,NaN,NaN,5901.59547917477,1
stress_Tight_01.mat,8301,9701020,Repair,1500,36,0,0,0,0.003109,5203.23914053684,5188.87482265489,0,0,0,1,NaN,NaN,NaN,NaN,NaN,NaN,NaN,5901.59547917477,1
stress_Tight_01.mat,8301,9701020,Repair,2500,36,0,0,0,0.003109,5203.23914053684,5188.87482265489,0,0,0,1,NaN,NaN,NaN,NaN,NaN,NaN,NaN,5901.59547917477,1
stress_Tight_01.mat,8301,9701020,WarmPSO,500,500,200,0,0,0.0561015,5203.23914053684,5188.87482265489,0,0,0,1,1,0,0,0,201,NaN,NaN,5901.59547917477,0
stress_Tight_01.mat,8301,9701020,WarmPSO,1000,980,200,0,0,0.1169763,5203.23914053684,5188.87482265489,0,0,0,1,1,0,0,0,201,NaN,NaN,5901.59547917477,0
stress_Tight_01.mat,8301,9701020,WarmPSO,1500,1490,200,0,0,0.1712354,5203.23914053684,5188.87482265489,0,0,0,1,1,0,0,0,201,NaN,NaN,5901.59547917477,0
stress_Tight_01.mat,8301,9701020,WarmPSO,2500,2500,200,0,0,0.2798723,5203.23914053684,5188.87482265489,0,0,0,1,1,0,0,0,201,NaN,NaN,5901.59547917477,0
stress_Tight_01.mat,8301,9701020,AlwaysVND,500,473,200,0,153,0.05691,4808.81640108167,4800.1096586832,0,0,0,1,1,0,0,0,201,260,650.103299202583,5901.59547917477,1
stress_Tight_01.mat,8301,9701020,AlwaysVND,1000,959,200,0,459,0.1142741,4614.19934402343,4605.92068866929,0,0,0,1,1,0,0,0,201,260,844.720356260822,5901.59547917477,1
stress_Tight_01.mat,8301,9701020,AlwaysVND,1500,1445,200,0,765,0.1722255,4402.76818922155,4391.55706790516,0,0,0,1,1,0,0,0,201,260,1056.1515110627,5901.59547917477,1
stress_Tight_01.mat,8301,9701020,AlwaysVND,2500,2500,200,0,1428,0.2976978,4331.00052209328,4323.36181063473,0,0,0,1,1,0,0,0,201,260,1127.91917819097,5901.59547917477,1
stress_Tight_01.mat,8301,9701020,FB-CMPSO,500,473,200,0,153,0.0575821,4808.81640108167,4800.1096586832,0,0,0,1,1,0,0,0,201,260,650.103299202583,5901.59547917477,1
stress_Tight_01.mat,8301,9701020,FB-CMPSO,1000,959,200,0,459,0.1157009,4614.19934402343,4605.92068866929,0,0,0,1,1,0,0,0,201,260,844.720356260822,5901.59547917477,1
stress_Tight_01.mat,8301,9701020,FB-CMPSO,1500,1445,200,0,765,0.1754023,4402.76818922155,4391.55706790516,0,0,0,1,1,0,0,0,201,260,1056.1515110627,5901.59547917477,1
stress_Tight_01.mat,8301,9701020,FB-CMPSO,2500,2500,200,0,1428,0.3082036,4331.00052209328,4323.36181063473,0,0,0,1,1,0,0,0,201,260,1127.91917819097,5901.59547917477,1
stress_Tight_01.mat,8301,9701021,Repair,500,36,0,0,0,0.003943,5203.23914053684,5188.87482265489,0,0,0,1,NaN,NaN,NaN,NaN,NaN,NaN,NaN,5901.59547917477,1
stress_Tight_01.mat,8301,9701021,Repair,1000,36,0,0,0,0.003943,5203.23914053684,5188.87482265489,0,0,0,1,NaN,NaN,NaN,NaN,NaN,NaN,NaN,5901.59547917477,1
stress_Tight_01.mat,8301,9701021,Repair,1500,36,0,0,0,0.003943,5203.23914053684,5188.87482265489,0,0,0,1,NaN,NaN,NaN,NaN,NaN,NaN,NaN,5901.59547917477,1
stress_Tight_01.mat,8301,9701021,Repair,2500,36,0,0,0,0.003943,5203.23914053684,5188.87482265489,0,0,0,1,NaN,NaN,NaN,NaN,NaN,NaN,NaN,5901.59547917477,1
stress_Tight_01.mat,8301,9701021,WarmPSO,500,500,200,0,0,0.0529182,5353.18927921637,5338.39687429009,0,0,0,1,1,0,0,0,201,NaN,NaN,5901.59547917477,0
stress_Tight_01.mat,8301,9701021,WarmPSO,1000,980,200,0,0,0.1014052,5353.18927921637,5338.39687429009,0,0,0,1,1,0,0,0,201,NaN,NaN,5901.59547917477,0
stress_Tight_01.mat,8301,9701021,WarmPSO,1500,1490,200,0,0,0.1580393,5337.79105278363,5324.60024823082,0,0,0,1,1,0,0,0,201,NaN,NaN,5901.59547917477,0
stress_Tight_01.mat,8301,9701021,WarmPSO,2500,2500,200,0,0,0.2647661,5203.23914053684,5188.87482265489,0,0,0,1,1,0,0,0,201,NaN,NaN,5901.59547917477,0
stress_Tight_01.mat,8301,9701021,AlwaysVND,500,473,200,0,153,0.0538338,4808.81640108167,4800.1096586832,0,0,0,1,1,0,0,0,201,260,544.372878134706,5901.59547917477,1
stress_Tight_01.mat,8301,9701021,AlwaysVND,1000,959,200,0,459,0.1086649,4658.86626240213,4650.587607048,0,0,0,1,1,0,0,0,201,260,694.32301681424,5901.59547917477,1
stress_Tight_01.mat,8301,9701021,AlwaysVND,1500,1445,200,0,765,0.1651257,4614.19934402343,4605.92068866929,0,0,0,1,1,0,0,0,201,260,738.989935192945,5901.59547917477,1
stress_Tight_01.mat,8301,9701021,AlwaysVND,2500,2500,200,0,1428,0.2900685,4162.26818457188,4159.55776072629,0,0,0,1,1,0,0,0,201,260,1190.92109464449,5901.59547917477,1
stress_Tight_01.mat,8301,9701021,FB-CMPSO,500,473,200,0,153,0.0528305,4808.81640108167,4800.1096586832,0,0,0,1,1,0,0,0,201,260,544.372878134706,5901.59547917477,1
stress_Tight_01.mat,8301,9701021,FB-CMPSO,1000,959,200,0,459,0.1104675,4658.86626240213,4650.587607048,0,0,0,1,1,0,0,0,201,260,694.32301681424,5901.59547917477,1
stress_Tight_01.mat,8301,9701021,FB-CMPSO,1500,1445,200,0,765,0.1664781,4614.19934402343,4605.92068866929,0,0,0,1,1,0,0,0,201,260,738.989935192945,5901.59547917477,1
stress_Tight_01.mat,8301,9701021,FB-CMPSO,2500,2500,200,0,1428,0.2877591,4162.26818457188,4159.55776072629,0,0,0,1,1,0,0,0,201,260,1190.92109464449,5901.59547917477,1
stress_Tight_01.mat,8301,9701022,Repair,500,36,0,0,0,0.0031992,5203.23914053684,5188.87482265489,0,0,0,1,NaN,NaN,NaN,NaN,NaN,NaN,NaN,5901.59547917477,1
stress_Tight_01.mat,8301,9701022,Repair,1000,36,0,0,0,0.0031992,5203.23914053684,5188.87482265489,0,0,0,1,NaN,NaN,NaN,NaN,NaN,NaN,NaN,5901.59547917477,1
stress_Tight_01.mat,8301,9701022,Repair,1500,36,0,0,0,0.0031992,5203.23914053684,5188.87482265489,0,0,0,1,NaN,NaN,NaN,NaN,NaN,NaN,NaN,5901.59547917477,1
stress_Tight_01.mat,8301,9701022,Repair,2500,36,0,0,0,0.0031992,5203.23914053684,5188.87482265489,0,0,0,1,NaN,NaN,NaN,NaN,NaN,NaN,NaN,5901.59547917477,1
stress_Tight_01.mat,8301,9701022,WarmPSO,500,500,200,0,0,0.0558214,5353.18927921637,5338.39687429009,0,0,0,1,1,0,0,0,201,NaN,NaN,5901.59547917477,0
stress_Tight_01.mat,8301,9701022,WarmPSO,1000,980,200,0,0,0.1062682,5353.18927921637,5338.39687429009,0,0,0,1,1,0,0,0,201,NaN,NaN,5901.59547917477,0
stress_Tight_01.mat,8301,9701022,WarmPSO,1500,1490,200,0,0,0.1601329,5353.18927921637,5338.39687429009,0,0,0,1,1,0,0,0,201,NaN,NaN,5901.59547917477,0
stress_Tight_01.mat,8301,9701022,WarmPSO,2500,2500,200,0,0,0.2657728,5353.18927921637,5338.39687429009,0,0,0,1,1,0,0,0,201,NaN,NaN,5901.59547917477,0
stress_Tight_01.mat,8301,9701022,AlwaysVND,500,473,200,0,153,0.0555745,5053.11633383142,5039.98074670024,0,0,0,1,1,0,0,0,201,260,300.072945384954,5901.59547917477,1
stress_Tight_01.mat,8301,9701022,AlwaysVND,1000,959,200,0,459,0.1160813,4646.41950051514,4639.27644828507,0,0,0,1,1,0,0,0,201,260,706.769778701236,5901.59547917477,1
stress_Tight_01.mat,8301,9701022,AlwaysVND,1500,1445,200,0,765,0.1760333,4646.41950051514,4639.27644828507,0,0,0,1,1,0,0,0,201,260,706.769778701236,5901.59547917477,1
stress_Tight_01.mat,8301,9701022,AlwaysVND,2500,2500,200,0,1428,0.3026463,4540.41955412737,4528.78876245889,0,0,0,1,1,0,0,0,201,260,812.769725089007,5901.59547917477,1
stress_Tight_01.mat,8301,9701022,FB-CMPSO,500,473,200,0,153,0.0552878,5053.11633383142,5039.98074670024,0,0,0,1,1,0,0,0,201,260,300.072945384954,5901.59547917477,1
stress_Tight_01.mat,8301,9701022,FB-CMPSO,1000,959,200,0,459,0.1132786,4646.41950051514,4639.27644828507,0,0,0,1,1,0,0,0,201,260,706.769778701236,5901.59547917477,1
stress_Tight_01.mat,8301,9701022,FB-CMPSO,1500,1445,200,0,765,0.1699266,4646.41950051514,4639.27644828507,0,0,0,1,1,0,0,0,201,260,706.769778701236,5901.59547917477,1
stress_Tight_01.mat,8301,9701022,FB-CMPSO,2500,2500,200,0,1428,0.2962599,4540.41955412737,4528.78876245889,0,0,0,1,1,0,0,0,201,260,812.769725089007,5901.59547917477,1
stress_Tight_01.mat,8301,9701023,Repair,500,36,0,0,0,0.0031504,5203.23914053684,5188.87482265489,0,0,0,1,NaN,NaN,NaN,NaN,NaN,NaN,NaN,5901.59547917477,1
stress_Tight_01.mat,8301,9701023,Repair,1000,36,0,0,0,0.0031504,5203.23914053684,5188.87482265489,0,0,0,1,NaN,NaN,NaN,NaN,NaN,NaN,NaN,5901.59547917477,1
stress_Tight_01.mat,8301,9701023,Repair,1500,36,0,0,0,0.0031504,5203.23914053684,5188.87482265489,0,0,0,1,NaN,NaN,NaN,NaN,NaN,NaN,NaN,5901.59547917477,1
stress_Tight_01.mat,8301,9701023,Repair,2500,36,0,0,0,0.0031504,5203.23914053684,5188.87482265489,0,0,0,1,NaN,NaN,NaN,NaN,NaN,NaN,NaN,5901.59547917477,1
stress_Tight_01.mat,8301,9701023,WarmPSO,500,500,200,0,0,0.0540764,5203.23914053684,5188.87482265489,0,0,0,1,1,0,0,0,201,NaN,NaN,5901.59547917477,0
stress_Tight_01.mat,8301,9701023,WarmPSO,1000,980,200,0,0,0.1065831,5203.23914053684,5188.87482265489,0,0,0,1,1,0,0,0,201,NaN,NaN,5901.59547917477,0
stress_Tight_01.mat,8301,9701023,WarmPSO,1500,1490,200,0,0,0.1608923,5203.23914053684,5188.87482265489,0,0,0,1,1,0,0,0,201,NaN,NaN,5901.59547917477,0
stress_Tight_01.mat,8301,9701023,WarmPSO,2500,2500,200,0,0,0.2672495,5203.23914053684,5188.87482265489,0,0,0,1,1,0,0,0,201,NaN,NaN,5901.59547917477,0
stress_Tight_01.mat,8301,9701023,AlwaysVND,500,473,200,0,153,0.0552607,5064.21610130532,5048.22538420222,0,0,0,1,1,0,0,0,201,260,139.023039231521,5901.59547917477,1
stress_Tight_01.mat,8301,9701023,AlwaysVND,1000,959,200,0,459,0.1142986,4475.17630479191,4465.27125021662,0,0,0,1,1,0,0,0,201,260,728.062835744933,5901.59547917477,1
stress_Tight_01.mat,8301,9701023,AlwaysVND,1500,1445,200,0,765,0.1811015,4402.76818922155,4391.55706790516,0,0,0,1,1,0,0,0,201,260,800.470951315285,5901.59547917477,1
stress_Tight_01.mat,8301,9701023,AlwaysVND,2500,2500,200,0,1428,0.3143521,4068.0374993279,4062.25078395473,0,0,0,1,1,0,0,0,201,260,1135.20164120894,5901.59547917477,1
stress_Tight_01.mat,8301,9701023,FB-CMPSO,500,473,200,0,153,0.0552203,5064.21610130532,5048.22538420222,0,0,0,1,1,0,0,0,201,260,139.023039231521,5901.59547917477,1
stress_Tight_01.mat,8301,9701023,FB-CMPSO,1000,959,200,0,459,0.1138686,4475.17630479191,4465.27125021662,0,0,0,1,1,0,0,0,201,260,728.062835744933,5901.59547917477,1
stress_Tight_01.mat,8301,9701023,FB-CMPSO,1500,1445,200,0,765,0.1695527,4402.76818922155,4391.55706790516,0,0,0,1,1,0,0,0,201,260,800.470951315285,5901.59547917477,1
stress_Tight_01.mat,8301,9701023,FB-CMPSO,2500,2500,200,0,1428,0.2972871,4068.0374993279,4062.25078395473,0,0,0,1,1,0,0,0,201,260,1135.20164120894,5901.59547917477,1
stress_Tight_01.mat,8301,9701024,Repair,500,36,0,0,0,0.0035655,5203.23914053684,5188.87482265489,0,0,0,1,NaN,NaN,NaN,NaN,NaN,NaN,NaN,5901.59547917477,1
stress_Tight_01.mat,8301,9701024,Repair,1000,36,0,0,0,0.0035655,5203.23914053684,5188.87482265489,0,0,0,1,NaN,NaN,NaN,NaN,NaN,NaN,NaN,5901.59547917477,1
stress_Tight_01.mat,8301,9701024,Repair,1500,36,0,0,0,0.0035655,5203.23914053684,5188.87482265489,0,0,0,1,NaN,NaN,NaN,NaN,NaN,NaN,NaN,5901.59547917477,1
stress_Tight_01.mat,8301,9701024,Repair,2500,36,0,0,0,0.0035655,5203.23914053684,5188.87482265489,0,0,0,1,NaN,NaN,NaN,NaN,NaN,NaN,NaN,5901.59547917477,1
stress_Tight_01.mat,8301,9701024,WarmPSO,500,500,200,0,0,0.0556109,5203.23914053684,5188.87482265489,0,0,0,1,1,0,0,0,201,NaN,NaN,5901.59547917477,0
stress_Tight_01.mat,8301,9701024,WarmPSO,1000,980,200,0,0,0.1056195,5203.23914053684,5188.87482265489,0,0,0,1,1,0,0,0,201,NaN,NaN,5901.59547917477,0
stress_Tight_01.mat,8301,9701024,WarmPSO,1500,1490,200,0,0,0.1616757,5203.23914053684,5188.87482265489,0,0,0,1,1,0,0,0,201,NaN,NaN,5901.59547917477,0
stress_Tight_01.mat,8301,9701024,WarmPSO,2500,2500,200,0,0,0.2662528,5203.23914053684,5188.87482265489,0,0,0,1,1,0,0,0,201,NaN,NaN,5901.59547917477,0
stress_Tight_01.mat,8301,9701024,AlwaysVND,500,473,200,0,153,0.0550195,5203.23914053684,5188.87482265489,0,0,0,1,1,0,0,0,201,260,0,5901.59547917477,0
stress_Tight_01.mat,8301,9701024,AlwaysVND,1000,959,200,0,459,0.1169137,4658.86626240213,4650.587607048,0,0,0,1,1,0,0,0,201,260,544.372878134706,5901.59547917477,1
stress_Tight_01.mat,8301,9701024,AlwaysVND,1500,1445,200,0,765,0.1741618,4586.45814683178,4576.87342473654,0,0,0,1,1,0,0,0,201,260,616.780993705058,5901.59547917477,1
stress_Tight_01.mat,8301,9701024,AlwaysVND,2500,2500,200,0,1428,0.2972608,4149.82809418464,4143.69575053725,0,0,0,1,1,0,0,0,201,260,1053.4110463522,5901.59547917477,1
stress_Tight_01.mat,8301,9701024,FB-CMPSO,500,473,200,0,153,0.0572653,5203.23914053684,5188.87482265489,0,0,0,1,1,0,0,0,201,260,0,5901.59547917477,0
stress_Tight_01.mat,8301,9701024,FB-CMPSO,1000,959,200,0,459,0.1151019,4658.86626240213,4650.587607048,0,0,0,1,1,0,0,0,201,260,544.372878134706,5901.59547917477,1
stress_Tight_01.mat,8301,9701024,FB-CMPSO,1500,1445,200,0,765,0.178345,4586.45814683178,4576.87342473654,0,0,0,1,1,0,0,0,201,260,616.780993705058,5901.59547917477,1
stress_Tight_01.mat,8301,9701024,FB-CMPSO,2500,2500,200,0,1428,0.3087558,4149.82809418464,4143.69575053725,0,0,0,1,1,0,0,0,201,260,1053.4110463522,5901.59547917477,1
stress_Tight_01.mat,8301,9701025,Repair,500,36,0,0,0,0.0042552,5203.23914053684,5188.87482265489,0,0,0,1,NaN,NaN,NaN,NaN,NaN,NaN,NaN,5901.59547917477,1
stress_Tight_01.mat,8301,9701025,Repair,1000,36,0,0,0,0.0042552,5203.23914053684,5188.87482265489,0,0,0,1,NaN,NaN,NaN,NaN,NaN,NaN,NaN,5901.59547917477,1
stress_Tight_01.mat,8301,9701025,Repair,1500,36,0,0,0,0.0042552,5203.23914053684,5188.87482265489,0,0,0,1,NaN,NaN,NaN,NaN,NaN,NaN,NaN,5901.59547917477,1
stress_Tight_01.mat,8301,9701025,Repair,2500,36,0,0,0,0.0042552,5203.23914053684,5188.87482265489,0,0,0,1,NaN,NaN,NaN,NaN,NaN,NaN,NaN,5901.59547917477,1
stress_Tight_01.mat,8301,9701025,WarmPSO,500,500,200,0,0,0.0616931,5203.23914053684,5188.87482265489,0,0,0,1,1,0,0,0,201,NaN,NaN,5901.59547917477,0
stress_Tight_01.mat,8301,9701025,WarmPSO,1000,980,200,0,0,0.1127236,5203.23914053684,5188.87482265489,0,0,0,1,1,0,0,0,201,NaN,NaN,5901.59547917477,0
stress_Tight_01.mat,8301,9701025,WarmPSO,1500,1490,200,0,0,0.1654238,5203.23914053684,5188.87482265489,0,0,0,1,1,0,0,0,201,NaN,NaN,5901.59547917477,0
stress_Tight_01.mat,8301,9701025,WarmPSO,2500,2500,200,0,0,0.2695709,5203.23914053684,5188.87482265489,0,0,0,1,1,0,0,0,201,NaN,NaN,5901.59547917477,0
stress_Tight_01.mat,8301,9701025,AlwaysVND,500,473,200,0,153,0.060256,4658.86626240213,4650.587607048,0,0,0,1,1,0,0,0,201,260,544.372878134706,5901.59547917477,1
stress_Tight_01.mat,8301,9701025,AlwaysVND,1000,959,200,0,459,0.1224414,4536.89446675762,4530.63141675158,0,0,0,1,1,0,0,0,201,260,666.344673779223,5901.59547917477,1
stress_Tight_01.mat,8301,9701025,AlwaysVND,1500,1445,200,0,765,0.1815954,4492.22754837891,4485.96449837288,0,0,0,1,1,0,0,0,201,260,711.011592157929,5901.59547917477,1
stress_Tight_01.mat,8301,9701025,AlwaysVND,2500,2500,200,0,1428,0.3078472,4068.0374993279,4062.25078395473,0,0,0,1,1,0,0,0,201,260,1135.20164120894,5901.59547917477,1
stress_Tight_01.mat,8301,9701025,FB-CMPSO,500,473,200,0,153,0.0592843,4658.86626240213,4650.587607048,0,0,0,1,1,0,0,0,201,260,544.372878134706,5901.59547917477,1
stress_Tight_01.mat,8301,9701025,FB-CMPSO,1000,959,200,0,459,0.1210689,4536.89446675762,4530.63141675158,0,0,0,1,1,0,0,0,201,260,666.344673779223,5901.59547917477,1
stress_Tight_01.mat,8301,9701025,FB-CMPSO,1500,1445,200,0,765,0.1836086,4492.22754837891,4485.96449837288,0,0,0,1,1,0,0,0,201,260,711.011592157929,5901.59547917477,1
stress_Tight_01.mat,8301,9701025,FB-CMPSO,2500,2500,200,0,1428,0.3395638,4068.0374993279,4062.25078395473,0,0,0,1,1,0,0,0,201,260,1135.20164120894,5901.59547917477,1
stress_Tight_01.mat,8301,9701026,Repair,500,36,0,0,0,0.0044767,5203.23914053684,5188.87482265489,0,0,0,1,NaN,NaN,NaN,NaN,NaN,NaN,NaN,5901.59547917477,1
stress_Tight_01.mat,8301,9701026,Repair,1000,36,0,0,0,0.0044767,5203.23914053684,5188.87482265489,0,0,0,1,NaN,NaN,NaN,NaN,NaN,NaN,NaN,5901.59547917477,1
stress_Tight_01.mat,8301,9701026,Repair,1500,36,0,0,0,0.0044767,5203.23914053684,5188.87482265489,0,0,0,1,NaN,NaN,NaN,NaN,NaN,NaN,NaN,5901.59547917477,1
stress_Tight_01.mat,8301,9701026,Repair,2500,36,0,0,0,0.0044767,5203.23914053684,5188.87482265489,0,0,0,1,NaN,NaN,NaN,NaN,NaN,NaN,NaN,5901.59547917477,1
stress_Tight_01.mat,8301,9701026,WarmPSO,500,500,200,0,0,0.0646109,5203.23914053684,5188.87482265489,0,0,0,1,1,0,0,0,201,NaN,NaN,5901.59547917477,0
stress_Tight_01.mat,8301,9701026,WarmPSO,1000,980,200,0,0,0.128659,5203.23914053684,5188.87482265489,0,0,0,1,1,0,0,0,201,NaN,NaN,5901.59547917477,0
stress_Tight_01.mat,8301,9701026,WarmPSO,1500,1490,200,0,0,0.2027502,5203.23914053684,5188.87482265489,0,0,0,1,1,0,0,0,201,NaN,NaN,5901.59547917477,0
stress_Tight_01.mat,8301,9701026,WarmPSO,2500,2500,200,0,0,0.3498768,5203.23914053684,5188.87482265489,0,0,0,1,1,0,0,0,201,NaN,NaN,5901.59547917477,0
stress_Tight_01.mat,8301,9701026,AlwaysVND,500,473,200,0,153,0.0631724,4614.19934402343,4605.92068866929,0,0,0,1,1,0,0,0,201,260,589.039796513412,5901.59547917477,1
stress_Tight_01.mat,8301,9701026,AlwaysVND,1000,959,200,0,459,0.1313885,4541.79122845307,4532.20650635783,0,0,0,1,1,0,0,0,201,260,661.447912083764,5901.59547917477,1
stress_Tight_01.mat,8301,9701026,AlwaysVND,1500,1445,200,0,765,0.2040621,4541.79122845307,4532.20650635783,0,0,0,1,1,0,0,0,201,260,661.447912083764,5901.59547917477,1
stress_Tight_01.mat,8301,9701026,AlwaysVND,2500,2500,200,0,1428,0.3434643,4149.82809418464,4143.69575053725,0,0,0,1,1,0,0,0,201,260,1053.4110463522,5901.59547917477,1
stress_Tight_01.mat,8301,9701026,FB-CMPSO,500,473,200,0,153,0.0601296,4614.19934402343,4605.92068866929,0,0,0,1,1,0,0,0,201,260,589.039796513412,5901.59547917477,1
stress_Tight_01.mat,8301,9701026,FB-CMPSO,1000,959,200,0,459,0.1164409,4541.79122845307,4532.20650635783,0,0,0,1,1,0,0,0,201,260,661.447912083764,5901.59547917477,1
stress_Tight_01.mat,8301,9701026,FB-CMPSO,1500,1445,200,0,765,0.1747742,4541.79122845307,4532.20650635783,0,0,0,1,1,0,0,0,201,260,661.447912083764,5901.59547917477,1
stress_Tight_01.mat,8301,9701026,FB-CMPSO,2500,2500,200,0,1428,0.308042,4149.82809418464,4143.69575053725,0,0,0,1,1,0,0,0,201,260,1053.4110463522,5901.59547917477,1
stress_Tight_01.mat,8301,9701027,Repair,500,36,0,0,0,0.0028591,5203.23914053684,5188.87482265489,0,0,0,1,NaN,NaN,NaN,NaN,NaN,NaN,NaN,5901.59547917477,1
stress_Tight_01.mat,8301,9701027,Repair,1000,36,0,0,0,0.0028591,5203.23914053684,5188.87482265489,0,0,0,1,NaN,NaN,NaN,NaN,NaN,NaN,NaN,5901.59547917477,1
stress_Tight_01.mat,8301,9701027,Repair,1500,36,0,0,0,0.0028591,5203.23914053684,5188.87482265489,0,0,0,1,NaN,NaN,NaN,NaN,NaN,NaN,NaN,5901.59547917477,1
stress_Tight_01.mat,8301,9701027,Repair,2500,36,0,0,0,0.0028591,5203.23914053684,5188.87482265489,0,0,0,1,NaN,NaN,NaN,NaN,NaN,NaN,NaN,5901.59547917477,1
stress_Tight_01.mat,8301,9701027,WarmPSO,500,500,200,0,0,0.056796,5353.18927921637,5338.39687429009,0,0,0,1,1,0,0,0,201,NaN,NaN,5901.59547917477,0
stress_Tight_01.mat,8301,9701027,WarmPSO,1000,980,200,0,0,0.1142097,5353.18927921637,5338.39687429009,0,0,0,1,1,0,0,0,201,NaN,NaN,5901.59547917477,0
stress_Tight_01.mat,8301,9701027,WarmPSO,1500,1490,200,0,0,0.1736089,5353.18927921637,5338.39687429009,0,0,0,1,1,0,0,0,201,NaN,NaN,5901.59547917477,0
stress_Tight_01.mat,8301,9701027,WarmPSO,2500,2500,200,0,0,0.2802616,5353.18927921637,5338.39687429009,0,0,0,1,1,0,0,0,201,NaN,NaN,5901.59547917477,0
stress_Tight_01.mat,8301,9701027,AlwaysVND,500,473,200,0,153,0.0554154,4688.79412019582,4682.36746092707,0,0,0,1,1,0,0,0,201,260,664.395159020553,5901.59547917477,1
stress_Tight_01.mat,8301,9701027,AlwaysVND,1000,959,200,0,459,0.1144324,4658.86626240213,4650.587607048,0,0,0,1,1,0,0,0,201,260,694.32301681424,5901.59547917477,1
stress_Tight_01.mat,8301,9701027,AlwaysVND,1500,1445,200,0,765,0.171057,4586.45814683178,4576.87342473654,0,0,0,1,1,0,0,0,201,260,766.731132384592,5901.59547917477,1
stress_Tight_01.mat,8301,9701027,AlwaysVND,2500,2500,200,0,1428,0.2964287,4541.79122845307,4532.20650635783,0,0,0,1,1,0,0,0,201,260,811.398050763298,5901.59547917477,1
stress_Tight_01.mat,8301,9701027,FB-CMPSO,500,473,200,0,153,0.0549801,4688.79412019582,4682.36746092707,0,0,0,1,1,0,0,0,201,260,664.395159020553,5901.59547917477,1
stress_Tight_01.mat,8301,9701027,FB-CMPSO,1000,959,200,0,459,0.112786,4658.86626240213,4650.587607048,0,0,0,1,1,0,0,0,201,260,694.32301681424,5901.59547917477,1
stress_Tight_01.mat,8301,9701027,FB-CMPSO,1500,1445,200,0,765,0.1737626,4586.45814683178,4576.87342473654,0,0,0,1,1,0,0,0,201,260,766.731132384592,5901.59547917477,1
stress_Tight_01.mat,8301,9701027,FB-CMPSO,2500,2500,200,0,1428,0.3124997,4541.79122845307,4532.20650635783,0,0,0,1,1,0,0,0,201,260,811.398050763298,5901.59547917477,1
stress_Tight_01.mat,8301,9701028,Repair,500,36,0,0,0,0.0038846,5203.23914053684,5188.87482265489,0,0,0,1,NaN,NaN,NaN,NaN,NaN,NaN,NaN,5901.59547917477,1
stress_Tight_01.mat,8301,9701028,Repair,1000,36,0,0,0,0.0038846,5203.23914053684,5188.87482265489,0,0,0,1,NaN,NaN,NaN,NaN,NaN,NaN,NaN,5901.59547917477,1
stress_Tight_01.mat,8301,9701028,Repair,1500,36,0,0,0,0.0038846,5203.23914053684,5188.87482265489,0,0,0,1,NaN,NaN,NaN,NaN,NaN,NaN,NaN,5901.59547917477,1
stress_Tight_01.mat,8301,9701028,Repair,2500,36,0,0,0,0.0038846,5203.23914053684,5188.87482265489,0,0,0,1,NaN,NaN,NaN,NaN,NaN,NaN,NaN,5901.59547917477,1
stress_Tight_01.mat,8301,9701028,WarmPSO,500,500,200,0,0,0.0546143,5353.18927921637,5338.39687429009,0,0,0,1,1,0,0,0,201,NaN,NaN,5901.59547917477,0
stress_Tight_01.mat,8301,9701028,WarmPSO,1000,980,200,0,0,0.1033275,5353.18927921637,5338.39687429009,0,0,0,1,1,0,0,0,201,NaN,NaN,5901.59547917477,0
stress_Tight_01.mat,8301,9701028,WarmPSO,1500,1490,200,0,0,0.1602505,5353.18927921637,5338.39687429009,0,0,0,1,1,0,0,0,201,NaN,NaN,5901.59547917477,0
stress_Tight_01.mat,8301,9701028,WarmPSO,2500,2500,200,0,0,0.2724393,5353.18927921637,5338.39687429009,0,0,0,1,1,0,0,0,201,NaN,NaN,5901.59547917477,0
stress_Tight_01.mat,8301,9701028,AlwaysVND,500,473,200,0,153,0.0534279,4556.92165357021,4548.03557381495,0,0,0,1,1,0,0,0,201,260,796.26762564616,5901.59547917477,1
stress_Tight_01.mat,8301,9701028,AlwaysVND,1000,959,200,0,459,0.111568,4556.92165357021,4548.03557381495,0,0,0,1,1,0,0,0,201,260,796.26762564616,5901.59547917477,1
stress_Tight_01.mat,8301,9701028,AlwaysVND,1500,1445,200,0,765,0.1665745,4556.92165357021,4548.03557381495,0,0,0,1,1,0,0,0,201,260,796.26762564616,5901.59547917477,1
stress_Tight_01.mat,8301,9701028,AlwaysVND,2500,2500,200,0,1428,0.2894144,4132.80844316483,4128.24602323385,0,0,0,1,1,0,0,0,201,260,1220.38083605154,5901.59547917477,1
stress_Tight_01.mat,8301,9701028,FB-CMPSO,500,473,200,0,153,0.0533749,4556.92165357021,4548.03557381495,0,0,0,1,1,0,0,0,201,260,796.26762564616,5901.59547917477,1
stress_Tight_01.mat,8301,9701028,FB-CMPSO,1000,959,200,0,459,0.111405,4556.92165357021,4548.03557381495,0,0,0,1,1,0,0,0,201,260,796.26762564616,5901.59547917477,1
stress_Tight_01.mat,8301,9701028,FB-CMPSO,1500,1445,200,0,765,0.167835,4556.92165357021,4548.03557381495,0,0,0,1,1,0,0,0,201,260,796.26762564616,5901.59547917477,1
stress_Tight_01.mat,8301,9701028,FB-CMPSO,2500,2500,200,0,1428,0.2939126,4132.80844316483,4128.24602323385,0,0,0,1,1,0,0,0,201,260,1220.38083605154,5901.59547917477,1
stress_Tight_01.mat,8301,9701029,Repair,500,36,0,0,0,0.0037188,5203.23914053684,5188.87482265489,0,0,0,1,NaN,NaN,NaN,NaN,NaN,NaN,NaN,5901.59547917477,1
stress_Tight_01.mat,8301,9701029,Repair,1000,36,0,0,0,0.0037188,5203.23914053684,5188.87482265489,0,0,0,1,NaN,NaN,NaN,NaN,NaN,NaN,NaN,5901.59547917477,1
stress_Tight_01.mat,8301,9701029,Repair,1500,36,0,0,0,0.0037188,5203.23914053684,5188.87482265489,0,0,0,1,NaN,NaN,NaN,NaN,NaN,NaN,NaN,5901.59547917477,1
stress_Tight_01.mat,8301,9701029,Repair,2500,36,0,0,0,0.0037188,5203.23914053684,5188.87482265489,0,0,0,1,NaN,NaN,NaN,NaN,NaN,NaN,NaN,5901.59547917477,1
stress_Tight_01.mat,8301,9701029,WarmPSO,500,500,200,0,0,0.0547997,5203.23914053684,5188.87482265489,0,0,0,1,1,0,0,0,201,NaN,NaN,5901.59547917477,0
stress_Tight_01.mat,8301,9701029,WarmPSO,1000,980,200,0,0,0.1059742,5203.23914053684,5188.87482265489,0,0,0,1,1,0,0,0,201,NaN,NaN,5901.59547917477,0
stress_Tight_01.mat,8301,9701029,WarmPSO,1500,1490,200,0,0,0.1604051,5203.23914053684,5188.87482265489,0,0,0,1,1,0,0,0,201,NaN,NaN,5901.59547917477,0
stress_Tight_01.mat,8301,9701029,WarmPSO,2500,2500,200,0,0,0.2663186,5203.23914053684,5188.87482265489,0,0,0,1,1,0,0,0,201,NaN,NaN,5901.59547917477,0
stress_Tight_01.mat,8301,9701029,AlwaysVND,500,473,200,0,153,0.0528806,4889.19947806732,4880.08959986219,0,0,0,1,1,0,0,0,201,260,314.039662469522,5901.59547917477,1
stress_Tight_01.mat,8301,9701029,AlwaysVND,1000,959,200,0,459,0.1146349,4502.0319281387,4496.25810888174,0,0,0,1,1,0,0,0,201,260,701.20721239814,5901.59547917477,1
stress_Tight_01.mat,8301,9701029,AlwaysVND,1500,1445,200,0,765,0.1757322,4502.0319281387,4496.25810888174,0,0,0,1,1,0,0,0,201,260,701.20721239814,5901.59547917477,1
stress_Tight_01.mat,8301,9701029,AlwaysVND,2500,2500,200,0,1428,0.3098484,4502.0319281387,4496.25810888174,0,0,0,1,1,0,0,0,201,260,701.20721239814,5901.59547917477,1
stress_Tight_01.mat,8301,9701029,FB-CMPSO,500,473,200,0,153,0.0542922,4889.19947806732,4880.08959986219,0,0,0,1,1,0,0,0,201,260,314.039662469522,5901.59547917477,1
stress_Tight_01.mat,8301,9701029,FB-CMPSO,1000,959,200,0,459,0.1132383,4502.0319281387,4496.25810888174,0,0,0,1,1,0,0,0,201,260,701.20721239814,5901.59547917477,1
stress_Tight_01.mat,8301,9701029,FB-CMPSO,1500,1445,200,0,765,0.172119,4502.0319281387,4496.25810888174,0,0,0,1,1,0,0,0,201,260,701.20721239814,5901.59547917477,1
stress_Tight_01.mat,8301,9701029,FB-CMPSO,2500,2500,200,0,1428,0.29482,4502.0319281387,4496.25810888174,0,0,0,1,1,0,0,0,201,260,701.20721239814,5901.59547917477,1
stress_Tight_01.mat,8301,9701030,Repair,500,36,0,0,0,0.0032578,5203.23914053684,5188.87482265489,0,0,0,1,NaN,NaN,NaN,NaN,NaN,NaN,NaN,5901.59547917477,1
stress_Tight_01.mat,8301,9701030,Repair,1000,36,0,0,0,0.0032578,5203.23914053684,5188.87482265489,0,0,0,1,NaN,NaN,NaN,NaN,NaN,NaN,NaN,5901.59547917477,1
stress_Tight_01.mat,8301,9701030,Repair,1500,36,0,0,0,0.0032578,5203.23914053684,5188.87482265489,0,0,0,1,NaN,NaN,NaN,NaN,NaN,NaN,NaN,5901.59547917477,1
stress_Tight_01.mat,8301,9701030,Repair,2500,36,0,0,0,0.0032578,5203.23914053684,5188.87482265489,0,0,0,1,NaN,NaN,NaN,NaN,NaN,NaN,NaN,5901.59547917477,1
stress_Tight_01.mat,8301,9701030,WarmPSO,500,500,200,0,0,0.0563519,5203.23914053684,5188.87482265489,0,0,0,1,1,0,0,0,201,NaN,NaN,5901.59547917477,0
stress_Tight_01.mat,8301,9701030,WarmPSO,1000,980,200,0,0,0.1064151,5203.23914053684,5188.87482265489,0,0,0,1,1,0,0,0,201,NaN,NaN,5901.59547917477,0
stress_Tight_01.mat,8301,9701030,WarmPSO,1500,1490,200,0,0,0.1591272,5203.23914053684,5188.87482265489,0,0,0,1,1,0,0,0,201,NaN,NaN,5901.59547917477,0
stress_Tight_01.mat,8301,9701030,WarmPSO,2500,2500,200,0,0,0.2665875,5203.23914053684,5188.87482265489,0,0,0,1,1,0,0,0,201,NaN,NaN,5901.59547917477,0
stress_Tight_01.mat,8301,9701030,AlwaysVND,500,473,200,0,153,0.0539422,5180.19249460536,5169.32538819706,0,0,0,1,1,0,0,0,201,260,23.0466459314757,5901.59547917477,1
stress_Tight_01.mat,8301,9701030,AlwaysVND,1000,959,200,0,459,0.1176342,4658.86626240213,4650.587607048,0,0,0,1,1,0,0,0,201,260,544.372878134706,5901.59547917477,1
stress_Tight_01.mat,8301,9701030,AlwaysVND,1500,1445,200,0,765,0.1751815,4519.84322317061,4509.93816859533,0,0,0,1,1,0,0,0,201,260,683.395917366227,5901.59547917477,1
stress_Tight_01.mat,8301,9701030,AlwaysVND,2500,2500,200,0,1428,0.3051709,4402.76818922155,4391.55706790516,0,0,0,1,1,0,0,0,201,260,800.470951315285,5901.59547917477,1
stress_Tight_01.mat,8301,9701030,FB-CMPSO,500,473,200,0,153,0.0555242,5180.19249460536,5169.32538819706,0,0,0,1,1,0,0,0,201,260,23.0466459314757,5901.59547917477,1
stress_Tight_01.mat,8301,9701030,FB-CMPSO,1000,959,200,0,459,0.1160697,4658.86626240213,4650.587607048,0,0,0,1,1,0,0,0,201,260,544.372878134706,5901.59547917477,1
stress_Tight_01.mat,8301,9701030,FB-CMPSO,1500,1445,200,0,765,0.1755581,4519.84322317061,4509.93816859533,0,0,0,1,1,0,0,0,201,260,683.395917366227,5901.59547917477,1
stress_Tight_01.mat,8301,9701030,FB-CMPSO,2500,2500,200,0,1428,0.3117181,4402.76818922155,4391.55706790516,0,0,0,1,1,0,0,0,201,260,800.470951315285,5901.59547917477,1
stress_Far_01.mat,8201,9601001,Repair,500,36,0,0,0,0.0037937,5338.67066937406,5326.94789868578,0,0,0,1,NaN,NaN,NaN,NaN,NaN,NaN,NaN,7901.7148104827,1
stress_Far_01.mat,8201,9601001,Repair,1000,36,0,0,0,0.0037937,5338.67066937406,5326.94789868578,0,0,0,1,NaN,NaN,NaN,NaN,NaN,NaN,NaN,7901.7148104827,1
stress_Far_01.mat,8201,9601001,Repair,1500,36,0,0,0,0.0037937,5338.67066937406,5326.94789868578,0,0,0,1,NaN,NaN,NaN,NaN,NaN,NaN,NaN,7901.7148104827,1
stress_Far_01.mat,8201,9601001,Repair,2500,36,0,0,0,0.0037937,5338.67066937406,5326.94789868578,0,0,0,1,NaN,NaN,NaN,NaN,NaN,NaN,NaN,7901.7148104827,1
stress_Far_01.mat,8201,9601001,WarmPSO,500,500,200,0,0,0.0550031,5338.67066937406,5326.94789868578,0,0,0,1,1,0,0,0,201,NaN,NaN,7901.7148104827,0
stress_Far_01.mat,8201,9601001,WarmPSO,1000,980,200,0,0,0.1030236,5338.67066937406,5326.94789868578,0,0,0,1,1,0,0,0,201,NaN,NaN,7901.7148104827,0
stress_Far_01.mat,8201,9601001,WarmPSO,1500,1490,200,0,0,0.1593301,5338.67066937406,5326.94789868578,0,0,0,1,1,0,0,0,201,NaN,NaN,7901.7148104827,0
stress_Far_01.mat,8201,9601001,WarmPSO,2500,2500,200,0,0,0.2630247,5338.67066937406,5326.94789868578,0,0,0,1,1,0,0,0,201,NaN,NaN,7901.7148104827,0
stress_Far_01.mat,8201,9601001,AlwaysVND,500,473,200,0,153,0.0556135,4989.67475184572,4980.52905762957,0,0,0,1,1,0,0,0,201,260,348.995917528335,7901.7148104827,1
stress_Far_01.mat,8201,9601001,AlwaysVND,1000,959,200,0,459,0.1107153,4494.62293368791,4481.00498586325,0,0,0,1,1,0,0,0,201,260,844.047735686149,7901.7148104827,1
stress_Far_01.mat,8201,9601001,AlwaysVND,1500,1445,200,0,765,0.1689078,4253.08066989836,4241.64249809443,0,0,0,1,1,0,0,0,201,260,1085.5899994757,7901.7148104827,1
stress_Far_01.mat,8201,9601001,AlwaysVND,2500,2500,200,0,1428,0.290399,4253.08066989836,4241.64249809443,0,0,0,1,1,0,0,0,201,260,1085.5899994757,7901.7148104827,1
stress_Far_01.mat,8201,9601001,FB-CMPSO,500,473,200,0,153,0.0543324,4989.67475184572,4980.52905762957,0,0,0,1,1,0,0,0,201,260,348.995917528335,7901.7148104827,1
stress_Far_01.mat,8201,9601001,FB-CMPSO,1000,959,200,0,459,0.1113283,4494.62293368791,4481.00498586325,0,0,0,1,1,0,0,0,201,260,844.047735686149,7901.7148104827,1
stress_Far_01.mat,8201,9601001,FB-CMPSO,1500,1445,200,0,765,0.1726115,4253.08066989836,4241.64249809443,0,0,0,1,1,0,0,0,201,260,1085.5899994757,7901.7148104827,1
stress_Far_01.mat,8201,9601001,FB-CMPSO,2500,2500,200,0,1428,0.3039019,4253.08066989836,4241.64249809443,0,0,0,1,1,0,0,0,201,260,1085.5899994757,7901.7148104827,1
stress_Far_01.mat,8201,9601002,Repair,500,36,0,0,0,0.0030587,5338.67066937406,5326.94789868578,0,0,0,1,NaN,NaN,NaN,NaN,NaN,NaN,NaN,7901.7148104827,1
stress_Far_01.mat,8201,9601002,Repair,1000,36,0,0,0,0.0030587,5338.67066937406,5326.94789868578,0,0,0,1,NaN,NaN,NaN,NaN,NaN,NaN,NaN,7901.7148104827,1
stress_Far_01.mat,8201,9601002,Repair,1500,36,0,0,0,0.0030587,5338.67066937406,5326.94789868578,0,0,0,1,NaN,NaN,NaN,NaN,NaN,NaN,NaN,7901.7148104827,1
stress_Far_01.mat,8201,9601002,Repair,2500,36,0,0,0,0.0030587,5338.67066937406,5326.94789868578,0,0,0,1,NaN,NaN,NaN,NaN,NaN,NaN,NaN,7901.7148104827,1
stress_Far_01.mat,8201,9601002,WarmPSO,500,500,200,0,0,0.0541033,5338.67066937406,5326.94789868578,0,0,0,1,1,0,0,0,201,NaN,NaN,7901.7148104827,0
stress_Far_01.mat,8201,9601002,WarmPSO,1000,980,200,0,0,0.102764,5338.67066937406,5326.94789868578,0,0,0,1,1,0,0,0,201,NaN,NaN,7901.7148104827,0
stress_Far_01.mat,8201,9601002,WarmPSO,1500,1490,200,0,0,0.1576816,5338.67066937406,5326.94789868578,0,0,0,1,1,0,0,0,201,NaN,NaN,7901.7148104827,0
stress_Far_01.mat,8201,9601002,WarmPSO,2500,2500,200,0,0,0.2629783,5338.67066937406,5326.94789868578,0,0,0,1,1,0,0,0,201,NaN,NaN,7901.7148104827,0
stress_Far_01.mat,8201,9601002,AlwaysVND,500,473,200,0,153,0.053358,5252.1290432308,5240.40365506537,0,0,0,1,1,0,0,0,201,260,86.5416261432592,7901.7148104827,1
stress_Far_01.mat,8201,9601002,AlwaysVND,1000,959,200,0,459,0.1114193,4454.97451636183,4443.29590020245,0,0,0,1,1,0,0,0,201,260,883.696153012233,7901.7148104827,1
stress_Far_01.mat,8201,9601002,AlwaysVND,1500,1445,200,0,765,0.1742221,4423.77024312153,4410.27260787647,0,0,0,1,1,0,0,0,201,260,914.900426252524,7901.7148104827,1
stress_Far_01.mat,8201,9601002,AlwaysVND,2500,2500,200,0,1428,0.298047,4315.9514771303,4302.64646174978,0,0,0,1,1,0,0,0,201,260,1022.71919224375,7901.7148104827,1
stress_Far_01.mat,8201,9601002,FB-CMPSO,500,473,200,0,153,0.0542321,5252.1290432308,5240.40365506537,0,0,0,1,1,0,0,0,201,260,86.5416261432592,7901.7148104827,1
stress_Far_01.mat,8201,9601002,FB-CMPSO,1000,959,200,0,459,0.1111785,4454.97451636183,4443.29590020245,0,0,0,1,1,0,0,0,201,260,883.696153012233,7901.7148104827,1
stress_Far_01.mat,8201,9601002,FB-CMPSO,1500,1445,200,0,765,0.1679847,4423.77024312153,4410.27260787647,0,0,0,1,1,0,0,0,201,260,914.900426252524,7901.7148104827,1
stress_Far_01.mat,8201,9601002,FB-CMPSO,2500,2500,200,0,1428,0.2934406,4315.9514771303,4302.64646174978,0,0,0,1,1,0,0,0,201,260,1022.71919224375,7901.7148104827,1
stress_Far_01.mat,8201,9601003,Repair,500,36,0,0,0,0.0030518,5338.67066937406,5326.94789868578,0,0,0,1,NaN,NaN,NaN,NaN,NaN,NaN,NaN,7901.7148104827,1
stress_Far_01.mat,8201,9601003,Repair,1000,36,0,0,0,0.0030518,5338.67066937406,5326.94789868578,0,0,0,1,NaN,NaN,NaN,NaN,NaN,NaN,NaN,7901.7148104827,1
stress_Far_01.mat,8201,9601003,Repair,1500,36,0,0,0,0.0030518,5338.67066937406,5326.94789868578,0,0,0,1,NaN,NaN,NaN,NaN,NaN,NaN,NaN,7901.7148104827,1
stress_Far_01.mat,8201,9601003,Repair,2500,36,0,0,0,0.0030518,5338.67066937406,5326.94789868578,0,0,0,1,NaN,NaN,NaN,NaN,NaN,NaN,NaN,7901.7148104827,1
stress_Far_01.mat,8201,9601003,WarmPSO,500,500,200,0,0,0.053986,5338.67066937406,5326.94789868578,0,0,0,1,1,0,0,0,201,NaN,NaN,7901.7148104827,0
stress_Far_01.mat,8201,9601003,WarmPSO,1000,980,200,0,0,0.1060358,5338.67066937406,5326.94789868578,0,0,0,1,1,0,0,0,201,NaN,NaN,7901.7148104827,0
stress_Far_01.mat,8201,9601003,WarmPSO,1500,1490,200,0,0,0.1605733,5338.67066937406,5326.94789868578,0,0,0,1,1,0,0,0,201,NaN,NaN,7901.7148104827,0
stress_Far_01.mat,8201,9601003,WarmPSO,2500,2500,200,0,0,0.2667166,5338.67066937406,5326.94789868578,0,0,0,1,1,0,0,0,201,NaN,NaN,7901.7148104827,0
stress_Far_01.mat,8201,9601003,AlwaysVND,500,473,200,0,153,0.0583653,5124.12172229006,5110.88664085002,0,0,0,1,1,0,0,0,201,260,393.990498822574,7901.7148104827,1
stress_Far_01.mat,8201,9601003,AlwaysVND,1000,959,200,0,459,0.1215247,4854.61549208525,4842.00921661501,0,0,0,1,1,0,0,0,201,260,663.496729027387,7901.7148104827,1
stress_Far_01.mat,8201,9601003,AlwaysVND,1500,1445,200,0,765,0.1775782,4553.53642397748,4543.53711610176,0,0,0,1,1,0,0,0,201,260,964.575797135154,7901.7148104827,1
stress_Far_01.mat,8201,9601003,AlwaysVND,2500,2500,200,0,1428,0.3004501,4553.53642397748,4543.53711610176,0,0,0,1,1,0,0,0,201,260,964.575797135154,7901.7148104827,1
stress_Far_01.mat,8201,9601003,FB-CMPSO,500,473,200,0,153,0.0539211,5124.12172229006,5110.88664085002,0,0,0,1,1,0,0,0,201,260,393.990498822574,7901.7148104827,1
stress_Far_01.mat,8201,9601003,FB-CMPSO,1000,959,200,0,459,0.1146585,4854.61549208525,4842.00921661501,0,0,0,1,1,0,0,0,201,260,663.496729027387,7901.7148104827,1
stress_Far_01.mat,8201,9601003,FB-CMPSO,1500,1445,200,0,765,0.1717262,4553.53642397748,4543.53711610176,0,0,0,1,1,0,0,0,201,260,964.575797135154,7901.7148104827,1
stress_Far_01.mat,8201,9601003,FB-CMPSO,2500,2500,200,0,1428,0.2931074,4553.53642397748,4543.53711610176,0,0,0,1,1,0,0,0,201,260,964.575797135154,7901.7148104827,1
stress_Far_01.mat,8201,9601004,Repair,500,36,0,0,0,0.005578,5338.67066937406,5326.94789868578,0,0,0,1,NaN,NaN,NaN,NaN,NaN,NaN,NaN,7901.7148104827,1
stress_Far_01.mat,8201,9601004,Repair,1000,36,0,0,0,0.005578,5338.67066937406,5326.94789868578,0,0,0,1,NaN,NaN,NaN,NaN,NaN,NaN,NaN,7901.7148104827,1
stress_Far_01.mat,8201,9601004,Repair,1500,36,0,0,0,0.005578,5338.67066937406,5326.94789868578,0,0,0,1,NaN,NaN,NaN,NaN,NaN,NaN,NaN,7901.7148104827,1
stress_Far_01.mat,8201,9601004,Repair,2500,36,0,0,0,0.005578,5338.67066937406,5326.94789868578,0,0,0,1,NaN,NaN,NaN,NaN,NaN,NaN,NaN,7901.7148104827,1
stress_Far_01.mat,8201,9601004,WarmPSO,500,500,200,0,0,0.0545895,5338.67066937406,5326.94789868578,0,0,0,1,1,0,0,0,201,NaN,NaN,7901.7148104827,0
stress_Far_01.mat,8201,9601004,WarmPSO,1000,980,200,0,0,0.1029388,5338.67066937406,5326.94789868578,0,0,0,1,1,0,0,0,201,NaN,NaN,7901.7148104827,0
stress_Far_01.mat,8201,9601004,WarmPSO,1500,1490,200,0,0,0.1588636,5338.67066937406,5326.94789868578,0,0,0,1,1,0,0,0,201,NaN,NaN,7901.7148104827,0
stress_Far_01.mat,8201,9601004,WarmPSO,2500,2500,200,0,0,0.2729057,5338.67066937406,5326.94789868578,0,0,0,1,1,0,0,0,201,NaN,NaN,7901.7148104827,0
stress_Far_01.mat,8201,9601004,AlwaysVND,500,473,200,0,153,0.060847,4751.67421614829,4741.03787941398,0,0,0,1,1,0,0,0,201,260,586.996453225773,7901.7148104827,1
stress_Far_01.mat,8201,9601004,AlwaysVND,1000,959,200,0,459,0.1188242,4626.39905467487,4620.64295672567,0,0,0,1,1,0,0,0,201,260,712.271614699191,7901.7148104827,1
stress_Far_01.mat,8201,9601004,AlwaysVND,1500,1445,200,0,765,0.1739065,4430.57952655108,4422.88558979414,0,0,0,1,1,0,0,0,201,260,908.091142822983,7901.7148104827,1
stress_Far_01.mat,8201,9601004,AlwaysVND,2500,2500,200,0,1428,0.2970081,4291.55648731956,4282.23615134148,0,0,0,1,1,0,0,0,201,260,1047.1141820545,7901.7148104827,1
stress_Far_01.mat,8201,9601004,FB-CMPSO,500,473,200,0,153,0.06356,4751.67421614829,4741.03787941398,0,0,0,1,1,0,0,0,201,260,586.996453225773,7901.7148104827,1
stress_Far_01.mat,8201,9601004,FB-CMPSO,1000,959,200,0,459,0.1186999,4626.39905467487,4620.64295672567,0,0,0,1,1,0,0,0,201,260,712.271614699191,7901.7148104827,1
stress_Far_01.mat,8201,9601004,FB-CMPSO,1500,1445,200,0,765,0.1728943,4430.57952655108,4422.88558979414,0,0,0,1,1,0,0,0,201,260,908.091142822983,7901.7148104827,1
stress_Far_01.mat,8201,9601004,FB-CMPSO,2500,2500,200,0,1428,0.2994708,4291.55648731956,4282.23615134148,0,0,0,1,1,0,0,0,201,260,1047.1141820545,7901.7148104827,1
stress_Far_01.mat,8201,9601005,Repair,500,36,0,0,0,0.0037107,5338.67066937406,5326.94789868578,0,0,0,1,NaN,NaN,NaN,NaN,NaN,NaN,NaN,7901.7148104827,1
stress_Far_01.mat,8201,9601005,Repair,1000,36,0,0,0,0.0037107,5338.67066937406,5326.94789868578,0,0,0,1,NaN,NaN,NaN,NaN,NaN,NaN,NaN,7901.7148104827,1
stress_Far_01.mat,8201,9601005,Repair,1500,36,0,0,0,0.0037107,5338.67066937406,5326.94789868578,0,0,0,1,NaN,NaN,NaN,NaN,NaN,NaN,NaN,7901.7148104827,1
stress_Far_01.mat,8201,9601005,Repair,2500,36,0,0,0,0.0037107,5338.67066937406,5326.94789868578,0,0,0,1,NaN,NaN,NaN,NaN,NaN,NaN,NaN,7901.7148104827,1
stress_Far_01.mat,8201,9601005,WarmPSO,500,500,200,0,0,0.0541452,5338.67066937406,5326.94789868578,0,0,0,1,1,0,0,0,201,NaN,NaN,7901.7148104827,0
stress_Far_01.mat,8201,9601005,WarmPSO,1000,980,200,0,0,0.1052588,5338.67066937406,5326.94789868578,0,0,0,1,1,0,0,0,201,NaN,NaN,7901.7148104827,0
stress_Far_01.mat,8201,9601005,WarmPSO,1500,1490,200,0,0,0.158246,5338.67066937406,5326.94789868578,0,0,0,1,1,0,0,0,201,NaN,NaN,7901.7148104827,0
stress_Far_01.mat,8201,9601005,WarmPSO,2500,2500,200,0,0,0.2628414,5338.67066937406,5326.94789868578,0,0,0,1,1,0,0,0,201,NaN,NaN,7901.7148104827,0
stress_Far_01.mat,8201,9601005,AlwaysVND,500,473,200,0,153,0.0526973,4617.50621253356,4609.39108777927,0,0,0,1,1,0,0,0,201,260,721.164456840504,7901.7148104827,1
stress_Far_01.mat,8201,9601005,AlwaysVND,1000,959,200,0,459,0.113406,4105.52259650001,4097.88388504146,0,0,0,1,1,0,0,0,201,260,1233.14807287405,7901.7148104827,1
stress_Far_01.mat,8201,9601005,AlwaysVND,1500,1445,200,0,765,0.1689699,4105.52259650001,4097.88388504146,0,0,0,1,1,0,0,0,201,260,1233.14807287405,7901.7148104827,1
stress_Far_01.mat,8201,9601005,AlwaysVND,2500,2500,200,0,1428,0.2934711,4105.52259650001,4097.88388504146,0,0,0,1,1,0,0,0,201,260,1233.14807287405,7901.7148104827,1
stress_Far_01.mat,8201,9601005,FB-CMPSO,500,473,200,0,153,0.0536285,4617.50621253356,4609.39108777927,0,0,0,1,1,0,0,0,201,260,721.164456840504,7901.7148104827,1
stress_Far_01.mat,8201,9601005,FB-CMPSO,1000,959,200,0,459,0.1076431,4105.52259650001,4097.88388504146,0,0,0,1,1,0,0,0,201,260,1233.14807287405,7901.7148104827,1
stress_Far_01.mat,8201,9601005,FB-CMPSO,1500,1445,200,0,765,0.1631187,4105.52259650001,4097.88388504146,0,0,0,1,1,0,0,0,201,260,1233.14807287405,7901.7148104827,1
stress_Far_01.mat,8201,9601005,FB-CMPSO,2500,2500,200,0,1428,0.2927897,4105.52259650001,4097.88388504146,0,0,0,1,1,0,0,0,201,260,1233.14807287405,7901.7148104827,1
stress_Far_01.mat,8201,9601006,Repair,500,36,0,0,0,0.0034607,5338.67066937406,5326.94789868578,0,0,0,1,NaN,NaN,NaN,NaN,NaN,NaN,NaN,7901.7148104827,1
stress_Far_01.mat,8201,9601006,Repair,1000,36,0,0,0,0.0034607,5338.67066937406,5326.94789868578,0,0,0,1,NaN,NaN,NaN,NaN,NaN,NaN,NaN,7901.7148104827,1
stress_Far_01.mat,8201,9601006,Repair,1500,36,0,0,0,0.0034607,5338.67066937406,5326.94789868578,0,0,0,1,NaN,NaN,NaN,NaN,NaN,NaN,NaN,7901.7148104827,1
stress_Far_01.mat,8201,9601006,Repair,2500,36,0,0,0,0.0034607,5338.67066937406,5326.94789868578,0,0,0,1,NaN,NaN,NaN,NaN,NaN,NaN,NaN,7901.7148104827,1
stress_Far_01.mat,8201,9601006,WarmPSO,500,500,200,0,0,0.0534284,5338.67066937406,5326.94789868578,0,0,0,1,1,0,0,0,201,NaN,NaN,7901.7148104827,0
stress_Far_01.mat,8201,9601006,WarmPSO,1000,980,200,0,0,0.1021156,5338.67066937406,5326.94789868578,0,0,0,1,1,0,0,0,201,NaN,NaN,7901.7148104827,0
stress_Far_01.mat,8201,9601006,WarmPSO,1500,1490,200,0,0,0.1551555,5338.67066937406,5326.94789868578,0,0,0,1,1,0,0,0,201,NaN,NaN,7901.7148104827,0
stress_Far_01.mat,8201,9601006,WarmPSO,2500,2500,200,0,0,0.2605218,5338.67066937406,5326.94789868578,0,0,0,1,1,0,0,0,201,NaN,NaN,7901.7148104827,0
stress_Far_01.mat,8201,9601006,AlwaysVND,500,473,200,0,153,0.0534473,4572.62952566434,4564.44005488336,0,0,0,1,1,0,0,0,201,260,766.041143709716,7901.7148104827,1
stress_Far_01.mat,8201,9601006,AlwaysVND,1000,959,200,0,459,0.1093286,4486.08789952109,4477.89581126295,0,0,0,1,1,0,0,0,201,260,852.582769852974,7901.7148104827,1
stress_Far_01.mat,8201,9601006,AlwaysVND,1500,1445,200,0,765,0.1690533,4486.08789952109,4477.89581126295,0,0,0,1,1,0,0,0,201,260,852.582769852974,7901.7148104827,1
stress_Far_01.mat,8201,9601006,AlwaysVND,2500,2500,200,0,1428,0.2962458,4486.08789952109,4477.89581126295,0,0,0,1,1,0,0,0,201,260,852.582769852974,7901.7148104827,1
stress_Far_01.mat,8201,9601006,FB-CMPSO,500,473,200,0,153,0.0541394,4572.62952566434,4564.44005488336,0,0,0,1,1,0,0,0,201,260,766.041143709716,7901.7148104827,1
stress_Far_01.mat,8201,9601006,FB-CMPSO,1000,959,200,0,459,0.1141778,4486.08789952109,4477.89581126295,0,0,0,1,1,0,0,0,201,260,852.582769852974,7901.7148104827,1
stress_Far_01.mat,8201,9601006,FB-CMPSO,1500,1445,200,0,765,0.1726029,4486.08789952109,4477.89581126295,0,0,0,1,1,0,0,0,201,260,852.582769852974,7901.7148104827,1
stress_Far_01.mat,8201,9601006,FB-CMPSO,2500,2500,200,0,1428,0.2973717,4486.08789952109,4477.89581126295,0,0,0,1,1,0,0,0,201,260,852.582769852974,7901.7148104827,1
stress_Far_01.mat,8201,9601007,Repair,500,36,0,0,0,0.0031923,5338.67066937406,5326.94789868578,0,0,0,1,NaN,NaN,NaN,NaN,NaN,NaN,NaN,7901.7148104827,1
stress_Far_01.mat,8201,9601007,Repair,1000,36,0,0,0,0.0031923,5338.67066937406,5326.94789868578,0,0,0,1,NaN,NaN,NaN,NaN,NaN,NaN,NaN,7901.7148104827,1
stress_Far_01.mat,8201,9601007,Repair,1500,36,0,0,0,0.0031923,5338.67066937406,5326.94789868578,0,0,0,1,NaN,NaN,NaN,NaN,NaN,NaN,NaN,7901.7148104827,1
stress_Far_01.mat,8201,9601007,Repair,2500,36,0,0,0,0.0031923,5338.67066937406,5326.94789868578,0,0,0,1,NaN,NaN,NaN,NaN,NaN,NaN,NaN,7901.7148104827,1
stress_Far_01.mat,8201,9601007,WarmPSO,500,500,200,0,0,0.0581,5338.67066937406,5326.94789868578,0,0,0,1,1,0,0,0,201,NaN,NaN,7901.7148104827,0
stress_Far_01.mat,8201,9601007,WarmPSO,1000,980,200,0,0,0.1081128,5338.67066937406,5326.94789868578,0,0,0,1,1,0,0,0,201,NaN,NaN,7901.7148104827,0
stress_Far_01.mat,8201,9601007,WarmPSO,1500,1490,200,0,0,0.1600601,5338.67066937406,5326.94789868578,0,0,0,1,1,0,0,0,201,NaN,NaN,7901.7148104827,0
stress_Far_01.mat,8201,9601007,WarmPSO,2500,2500,200,0,0,0.2664942,5338.67066937406,5326.94789868578,0,0,0,1,1,0,0,0,201,NaN,NaN,7901.7148104827,0
stress_Far_01.mat,8201,9601007,AlwaysVND,500,473,200,0,153,0.0506928,5295.84266373272,5281.77104610417,0,0,0,1,1,0,0,0,201,260,42.8280056413369,7901.7148104827,1
stress_Far_01.mat,8201,9601007,AlwaysVND,1000,959,200,0,459,0.1058717,4602.44169967914,4588.63113198994,0,0,0,1,1,0,0,0,201,260,736.228969694919,7901.7148104827,1
stress_Far_01.mat,8201,9601007,AlwaysVND,1500,1445,200,0,765,0.164467,4494.62293368791,4481.00498586325,0,0,0,1,1,0,0,0,201,260,844.047735686149,7901.7148104827,1
stress_Far_01.mat,8201,9601007,AlwaysVND,2500,2500,200,0,1428,0.2914747,4494.62293368791,4481.00498586325,0,0,0,1,1,0,0,0,201,260,844.047735686149,7901.7148104827,1
stress_Far_01.mat,8201,9601007,FB-CMPSO,500,473,200,0,153,0.0554749,5295.84266373272,5281.77104610417,0,0,0,1,1,0,0,0,201,260,42.8280056413369,7901.7148104827,1
stress_Far_01.mat,8201,9601007,FB-CMPSO,1000,959,200,0,459,0.1119758,4602.44169967914,4588.63113198994,0,0,0,1,1,0,0,0,201,260,736.228969694919,7901.7148104827,1
stress_Far_01.mat,8201,9601007,FB-CMPSO,1500,1445,200,0,765,0.169159,4494.62293368791,4481.00498586325,0,0,0,1,1,0,0,0,201,260,844.047735686149,7901.7148104827,1
stress_Far_01.mat,8201,9601007,FB-CMPSO,2500,2500,200,0,1428,0.2972249,4494.62293368791,4481.00498586325,0,0,0,1,1,0,0,0,201,260,844.047735686149,7901.7148104827,1
stress_Far_01.mat,8201,9601008,Repair,500,36,0,0,0,0.0031089,5338.67066937406,5326.94789868578,0,0,0,1,NaN,NaN,NaN,NaN,NaN,NaN,NaN,7901.7148104827,1
stress_Far_01.mat,8201,9601008,Repair,1000,36,0,0,0,0.0031089,5338.67066937406,5326.94789868578,0,0,0,1,NaN,NaN,NaN,NaN,NaN,NaN,NaN,7901.7148104827,1
stress_Far_01.mat,8201,9601008,Repair,1500,36,0,0,0,0.0031089,5338.67066937406,5326.94789868578,0,0,0,1,NaN,NaN,NaN,NaN,NaN,NaN,NaN,7901.7148104827,1
stress_Far_01.mat,8201,9601008,Repair,2500,36,0,0,0,0.0031089,5338.67066937406,5326.94789868578,0,0,0,1,NaN,NaN,NaN,NaN,NaN,NaN,NaN,7901.7148104827,1
stress_Far_01.mat,8201,9601008,WarmPSO,500,500,200,0,0,0.0533228,5338.67066937406,5326.94789868578,0,0,0,1,1,0,0,0,201,NaN,NaN,7901.7148104827,0
stress_Far_01.mat,8201,9601008,WarmPSO,1000,980,200,0,0,0.1026553,5338.67066937406,5326.94789868578,0,0,0,1,1,0,0,0,201,NaN,NaN,7901.7148104827,0
stress_Far_01.mat,8201,9601008,WarmPSO,1500,1490,200,0,0,0.1553964,5338.67066937406,5326.94789868578,0,0,0,1,1,0,0,0,201,NaN,NaN,7901.7148104827,0
stress_Far_01.mat,8201,9601008,WarmPSO,2500,2500,200,0,0,0.2574208,5338.67066937406,5326.94789868578,0,0,0,1,1,0,0,0,201,NaN,NaN,7901.7148104827,0
stress_Far_01.mat,8201,9601008,AlwaysVND,500,473,200,0,153,0.0542686,4454.97451636183,4443.29590020245,0,0,0,1,1,0,0,0,201,260,883.696153012233,7901.7148104827,1
stress_Far_01.mat,8201,9601008,AlwaysVND,1000,959,200,0,459,0.120477,4315.9514771303,4302.64646174978,0,0,0,1,1,0,0,0,201,260,1022.71919224375,7901.7148104827,1
stress_Far_01.mat,8201,9601008,AlwaysVND,1500,1445,200,0,765,0.179902,4315.9514771303,4302.64646174978,0,0,0,1,1,0,0,0,201,260,1022.71919224375,7901.7148104827,1
stress_Far_01.mat,8201,9601008,AlwaysVND,2500,2500,200,0,1428,0.3037925,4315.9514771303,4302.64646174978,0,0,0,1,1,0,0,0,201,260,1022.71919224375,7901.7148104827,1
stress_Far_01.mat,8201,9601008,FB-CMPSO,500,473,200,0,153,0.0559626,4454.97451636183,4443.29590020245,0,0,0,1,1,0,0,0,201,260,883.696153012233,7901.7148104827,1
stress_Far_01.mat,8201,9601008,FB-CMPSO,1000,959,200,0,459,0.1146144,4315.9514771303,4302.64646174978,0,0,0,1,1,0,0,0,201,260,1022.71919224375,7901.7148104827,1
stress_Far_01.mat,8201,9601008,FB-CMPSO,1500,1445,200,0,765,0.173422,4315.9514771303,4302.64646174978,0,0,0,1,1,0,0,0,201,260,1022.71919224375,7901.7148104827,1
stress_Far_01.mat,8201,9601008,FB-CMPSO,2500,2500,200,0,1428,0.3055466,4315.9514771303,4302.64646174978,0,0,0,1,1,0,0,0,201,260,1022.71919224375,7901.7148104827,1
stress_Far_01.mat,8201,9601009,Repair,500,36,0,0,0,0.0032596,5338.67066937406,5326.94789868578,0,0,0,1,NaN,NaN,NaN,NaN,NaN,NaN,NaN,7901.7148104827,1
stress_Far_01.mat,8201,9601009,Repair,1000,36,0,0,0,0.0032596,5338.67066937406,5326.94789868578,0,0,0,1,NaN,NaN,NaN,NaN,NaN,NaN,NaN,7901.7148104827,1
stress_Far_01.mat,8201,9601009,Repair,1500,36,0,0,0,0.0032596,5338.67066937406,5326.94789868578,0,0,0,1,NaN,NaN,NaN,NaN,NaN,NaN,NaN,7901.7148104827,1
stress_Far_01.mat,8201,9601009,Repair,2500,36,0,0,0,0.0032596,5338.67066937406,5326.94789868578,0,0,0,1,NaN,NaN,NaN,NaN,NaN,NaN,NaN,7901.7148104827,1
stress_Far_01.mat,8201,9601009,WarmPSO,500,500,200,0,0,0.0591915,5338.67066937406,5326.94789868578,0,0,0,1,1,0,0,0,201,NaN,NaN,7901.7148104827,0
stress_Far_01.mat,8201,9601009,WarmPSO,1000,980,200,0,0,0.1113123,5338.67066937406,5326.94789868578,0,0,0,1,1,0,0,0,201,NaN,NaN,7901.7148104827,0
stress_Far_01.mat,8201,9601009,WarmPSO,1500,1490,200,0,0,0.1697918,5338.67066937406,5326.94789868578,0,0,0,1,1,0,0,0,201,NaN,NaN,7901.7148104827,0
stress_Far_01.mat,8201,9601009,WarmPSO,2500,2500,200,0,0,0.2776799,5338.67066937406,5326.94789868578,0,0,0,1,1,0,0,0,201,NaN,NaN,7901.7148104827,0
stress_Far_01.mat,8201,9601009,AlwaysVND,500,473,200,0,153,0.0544251,4893.86388155406,4883.34797509138,0,0,0,1,1,0,0,0,201,260,489.683474689215,7901.7148104827,1
stress_Far_01.mat,8201,9601009,AlwaysVND,1000,959,200,0,459,0.1111219,4893.86388155406,4883.34797509138,0,0,0,1,1,0,0,0,201,260,489.683474689215,7901.7148104827,1
stress_Far_01.mat,8201,9601009,AlwaysVND,1500,1445,200,0,765,0.1677861,4893.86388155406,4883.34797509138,0,0,0,1,1,0,0,0,201,260,489.683474689215,7901.7148104827,1
stress_Far_01.mat,8201,9601009,AlwaysVND,2500,2500,200,0,1428,0.2903657,4253.08066989836,4241.64249809443,0,0,0,1,1,0,0,0,201,260,1130.46668634491,7901.7148104827,1
stress_Far_01.mat,8201,9601009,FB-CMPSO,500,473,200,0,153,0.0542417,4893.86388155406,4883.34797509138,0,0,0,1,1,0,0,0,201,260,489.683474689215,7901.7148104827,1
stress_Far_01.mat,8201,9601009,FB-CMPSO,1000,959,200,0,459,0.1139183,4893.86388155406,4883.34797509138,0,0,0,1,1,0,0,0,201,260,489.683474689215,7901.7148104827,1
stress_Far_01.mat,8201,9601009,FB-CMPSO,1500,1445,200,0,765,0.1712477,4893.86388155406,4883.34797509138,0,0,0,1,1,0,0,0,201,260,489.683474689215,7901.7148104827,1
stress_Far_01.mat,8201,9601009,FB-CMPSO,2500,2500,200,0,1428,0.2953082,4253.08066989836,4241.64249809443,0,0,0,1,1,0,0,0,201,260,1130.46668634491,7901.7148104827,1
stress_Far_01.mat,8201,9601010,Repair,500,36,0,0,0,0.0031027,5338.67066937406,5326.94789868578,0,0,0,1,NaN,NaN,NaN,NaN,NaN,NaN,NaN,7901.7148104827,1
stress_Far_01.mat,8201,9601010,Repair,1000,36,0,0,0,0.0031027,5338.67066937406,5326.94789868578,0,0,0,1,NaN,NaN,NaN,NaN,NaN,NaN,NaN,7901.7148104827,1
stress_Far_01.mat,8201,9601010,Repair,1500,36,0,0,0,0.0031027,5338.67066937406,5326.94789868578,0,0,0,1,NaN,NaN,NaN,NaN,NaN,NaN,NaN,7901.7148104827,1
stress_Far_01.mat,8201,9601010,Repair,2500,36,0,0,0,0.0031027,5338.67066937406,5326.94789868578,0,0,0,1,NaN,NaN,NaN,NaN,NaN,NaN,NaN,7901.7148104827,1
stress_Far_01.mat,8201,9601010,WarmPSO,500,500,200,0,0,0.0548635,5338.67066937406,5326.94789868578,0,0,0,1,1,0,0,0,201,NaN,NaN,7901.7148104827,0
stress_Far_01.mat,8201,9601010,WarmPSO,1000,980,200,0,0,0.1071929,5338.67066937406,5326.94789868578,0,0,0,1,1,0,0,0,201,NaN,NaN,7901.7148104827,0
stress_Far_01.mat,8201,9601010,WarmPSO,1500,1490,200,0,0,0.1604892,5338.67066937406,5326.94789868578,0,0,0,1,1,0,0,0,201,NaN,NaN,7901.7148104827,0
stress_Far_01.mat,8201,9601010,WarmPSO,2500,2500,200,0,0,0.2709784,5338.67066937406,5326.94789868578,0,0,0,1,1,0,0,0,201,NaN,NaN,7901.7148104827,0
stress_Far_01.mat,8201,9601010,AlwaysVND,500,473,200,0,153,0.0528464,4244.54563573153,4238.53332349412,0,0,0,1,1,0,0,0,201,260,1094.12503364253,7901.7148104827,1
stress_Far_01.mat,8201,9601010,AlwaysVND,1000,959,200,0,459,0.1127838,4105.52259650001,4097.88388504146,0,0,0,1,1,0,0,0,201,260,1233.14807287405,7901.7148104827,1
stress_Far_01.mat,8201,9601010,AlwaysVND,1500,1445,200,0,765,0.169983,4105.52259650001,4097.88388504146,0,0,0,1,1,0,0,0,201,260,1233.14807287405,7901.7148104827,1
stress_Far_01.mat,8201,9601010,AlwaysVND,2500,2500,200,0,1428,0.2953983,4105.52259650001,4097.88388504146,0,0,0,1,1,0,0,0,201,260,1233.14807287405,7901.7148104827,1
stress_Far_01.mat,8201,9601010,FB-CMPSO,500,473,200,0,153,0.0528962,4244.54563573153,4238.53332349412,0,0,0,1,1,0,0,0,201,260,1094.12503364253,7901.7148104827,1
stress_Far_01.mat,8201,9601010,FB-CMPSO,1000,959,200,0,459,0.1086295,4105.52259650001,4097.88388504146,0,0,0,1,1,0,0,0,201,260,1233.14807287405,7901.7148104827,1
stress_Far_01.mat,8201,9601010,FB-CMPSO,1500,1445,200,0,765,0.1670599,4105.52259650001,4097.88388504146,0,0,0,1,1,0,0,0,201,260,1233.14807287405,7901.7148104827,1
stress_Far_01.mat,8201,9601010,FB-CMPSO,2500,2500,200,0,1428,0.2993533,4105.52259650001,4097.88388504146,0,0,0,1,1,0,0,0,201,260,1233.14807287405,7901.7148104827,1
stress_Far_01.mat,8201,9601011,Repair,500,36,0,0,0,0.0027492,5338.67066937406,5326.94789868578,0,0,0,1,NaN,NaN,NaN,NaN,NaN,NaN,NaN,7901.7148104827,1
stress_Far_01.mat,8201,9601011,Repair,1000,36,0,0,0,0.0027492,5338.67066937406,5326.94789868578,0,0,0,1,NaN,NaN,NaN,NaN,NaN,NaN,NaN,7901.7148104827,1
stress_Far_01.mat,8201,9601011,Repair,1500,36,0,0,0,0.0027492,5338.67066937406,5326.94789868578,0,0,0,1,NaN,NaN,NaN,NaN,NaN,NaN,NaN,7901.7148104827,1
stress_Far_01.mat,8201,9601011,Repair,2500,36,0,0,0,0.0027492,5338.67066937406,5326.94789868578,0,0,0,1,NaN,NaN,NaN,NaN,NaN,NaN,NaN,7901.7148104827,1
stress_Far_01.mat,8201,9601011,WarmPSO,500,500,200,0,0,0.0568215,5338.67066937406,5326.94789868578,0,0,0,1,1,0,0,0,201,NaN,NaN,7901.7148104827,0
stress_Far_01.mat,8201,9601011,WarmPSO,1000,980,200,0,0,0.1073871,5338.67066937406,5326.94789868578,0,0,0,1,1,0,0,0,201,NaN,NaN,7901.7148104827,0
stress_Far_01.mat,8201,9601011,WarmPSO,1500,1490,200,0,0,0.1610329,5338.67066937406,5326.94789868578,0,0,0,1,1,0,0,0,201,NaN,NaN,7901.7148104827,0
stress_Far_01.mat,8201,9601011,WarmPSO,2500,2500,200,0,0,0.2737914,5338.67066937406,5326.94789868578,0,0,0,1,1,0,0,0,201,NaN,NaN,7901.7148104827,0
stress_Far_01.mat,8201,9601011,AlwaysVND,500,473,200,0,153,0.0520295,4475.45621342029,4467.83662269006,0,0,0,1,1,0,0,0,201,260,908.091142822982,7901.7148104827,1
stress_Far_01.mat,8201,9601011,AlwaysVND,1000,959,200,0,459,0.1103156,4430.57952655108,4422.88558979414,0,0,0,1,1,0,0,0,201,260,952.967829692194,7901.7148104827,1
stress_Far_01.mat,8201,9601011,AlwaysVND,1500,1445,200,0,765,0.1755683,4291.55648731956,4282.23615134148,0,0,0,1,1,0,0,0,201,260,1091.99086892371,7901.7148104827,1
stress_Far_01.mat,8201,9601011,AlwaysVND,2500,2500,200,0,1428,0.3075158,4291.55648731956,4282.23615134148,0,0,0,1,1,0,0,0,201,260,1091.99086892371,7901.7148104827,1
stress_Far_01.mat,8201,9601011,FB-CMPSO,500,473,200,0,153,0.0526553,4475.45621342029,4467.83662269006,0,0,0,1,1,0,0,0,201,260,908.091142822982,7901.7148104827,1
stress_Far_01.mat,8201,9601011,FB-CMPSO,1000,959,200,0,459,0.1095281,4430.57952655108,4422.88558979414,0,0,0,1,1,0,0,0,201,260,952.967829692194,7901.7148104827,1
stress_Far_01.mat,8201,9601011,FB-CMPSO,1500,1445,200,0,765,0.1665378,4291.55648731956,4282.23615134148,0,0,0,1,1,0,0,0,201,260,1091.99086892371,7901.7148104827,1
stress_Far_01.mat,8201,9601011,FB-CMPSO,2500,2500,200,0,1428,0.289598,4291.55648731956,4282.23615134148,0,0,0,1,1,0,0,0,201,260,1091.99086892371,7901.7148104827,1
stress_Far_01.mat,8201,9601012,Repair,500,36,0,0,0,0.0038278,5338.67066937406,5326.94789868578,0,0,0,1,NaN,NaN,NaN,NaN,NaN,NaN,NaN,7901.7148104827,1
stress_Far_01.mat,8201,9601012,Repair,1000,36,0,0,0,0.0038278,5338.67066937406,5326.94789868578,0,0,0,1,NaN,NaN,NaN,NaN,NaN,NaN,NaN,7901.7148104827,1
stress_Far_01.mat,8201,9601012,Repair,1500,36,0,0,0,0.0038278,5338.67066937406,5326.94789868578,0,0,0,1,NaN,NaN,NaN,NaN,NaN,NaN,NaN,7901.7148104827,1
stress_Far_01.mat,8201,9601012,Repair,2500,36,0,0,0,0.0038278,5338.67066937406,5326.94789868578,0,0,0,1,NaN,NaN,NaN,NaN,NaN,NaN,NaN,7901.7148104827,1
stress_Far_01.mat,8201,9601012,WarmPSO,500,500,200,0,0,0.0538206,5338.67066937406,5326.94789868578,0,0,0,1,1,0,0,0,201,NaN,NaN,7901.7148104827,0
stress_Far_01.mat,8201,9601012,WarmPSO,1000,980,200,0,0,0.1030555,5338.67066937406,5326.94789868578,0,0,0,1,1,0,0,0,201,NaN,NaN,7901.7148104827,0
stress_Far_01.mat,8201,9601012,WarmPSO,1500,1490,200,0,0,0.1559581,5338.67066937406,5326.94789868578,0,0,0,1,1,0,0,0,201,NaN,NaN,7901.7148104827,0
stress_Far_01.mat,8201,9601012,WarmPSO,2500,2500,200,0,0,0.259693,5338.67066937406,5326.94789868578,0,0,0,1,1,0,0,0,201,NaN,NaN,7901.7148104827,0
stress_Far_01.mat,8201,9601012,AlwaysVND,500,473,200,0,153,0.0532302,4896.80949675211,4884.53887707535,0,0,0,1,1,0,0,0,201,260,441.861172621945,7901.7148104827,1
stress_Far_01.mat,8201,9601012,AlwaysVND,1000,959,200,0,459,0.1115332,4420.28203085828,4408.00119371044,0,0,0,1,1,0,0,0,201,260,918.388638515781,7901.7148104827,1
stress_Far_01.mat,8201,9601012,AlwaysVND,1500,1445,200,0,765,0.166802,4253.08066989836,4241.64249809443,0,0,0,1,1,0,0,0,201,260,1085.5899994757,7901.7148104827,1
stress_Far_01.mat,8201,9601012,AlwaysVND,2500,2500,200,0,1428,0.2928431,4253.08066989836,4241.64249809443,0,0,0,1,1,0,0,0,201,260,1085.5899994757,7901.7148104827,1
stress_Far_01.mat,8201,9601012,FB-CMPSO,500,473,200,0,153,0.0534586,4896.80949675211,4884.53887707535,0,0,0,1,1,0,0,0,201,260,441.861172621945,7901.7148104827,1
stress_Far_01.mat,8201,9601012,FB-CMPSO,1000,959,200,0,459,0.1133773,4420.28203085828,4408.00119371044,0,0,0,1,1,0,0,0,201,260,918.388638515781,7901.7148104827,1
stress_Far_01.mat,8201,9601012,FB-CMPSO,1500,1445,200,0,765,0.1736362,4253.08066989836,4241.64249809443,0,0,0,1,1,0,0,0,201,260,1085.5899994757,7901.7148104827,1
stress_Far_01.mat,8201,9601012,FB-CMPSO,2500,2500,200,0,1428,0.3013424,4253.08066989836,4241.64249809443,0,0,0,1,1,0,0,0,201,260,1085.5899994757,7901.7148104827,1
stress_Far_01.mat,8201,9601013,Repair,500,36,0,0,0,0.0034167,5338.67066937406,5326.94789868578,0,0,0,1,NaN,NaN,NaN,NaN,NaN,NaN,NaN,7901.7148104827,1
stress_Far_01.mat,8201,9601013,Repair,1000,36,0,0,0,0.0034167,5338.67066937406,5326.94789868578,0,0,0,1,NaN,NaN,NaN,NaN,NaN,NaN,NaN,7901.7148104827,1
stress_Far_01.mat,8201,9601013,Repair,1500,36,0,0,0,0.0034167,5338.67066937406,5326.94789868578,0,0,0,1,NaN,NaN,NaN,NaN,NaN,NaN,NaN,7901.7148104827,1
stress_Far_01.mat,8201,9601013,Repair,2500,36,0,0,0,0.0034167,5338.67066937406,5326.94789868578,0,0,0,1,NaN,NaN,NaN,NaN,NaN,NaN,NaN,7901.7148104827,1
stress_Far_01.mat,8201,9601013,WarmPSO,500,500,200,0,0,0.0543283,5338.67066937406,5326.94789868578,0,0,0,1,1,0,0,0,201,NaN,NaN,7901.7148104827,0
stress_Far_01.mat,8201,9601013,WarmPSO,1000,980,200,0,0,0.1047573,5338.67066937406,5326.94789868578,0,0,0,1,1,0,0,0,201,NaN,NaN,7901.7148104827,0
stress_Far_01.mat,8201,9601013,WarmPSO,1500,1490,200,0,0,0.1613148,5338.67066937406,5326.94789868578,0,0,0,1,1,0,0,0,201,NaN,NaN,7901.7148104827,0
stress_Far_01.mat,8201,9601013,WarmPSO,2500,2500,200,0,0,0.2651991,5338.67066937406,5326.94789868578,0,0,0,1,1,0,0,0,201,NaN,NaN,7901.7148104827,0
stress_Far_01.mat,8201,9601013,AlwaysVND,500,473,200,0,153,0.0531526,5296.77679062377,5276.95321443575,0,0,0,1,1,0,0,0,201,260,41.8938787502902,7901.7148104827,1
stress_Far_01.mat,8201,9601013,AlwaysVND,1000,959,200,0,459,0.1127069,4865.84446320425,4860.91985568758,0,0,0,1,1,0,0,0,201,260,472.826206169805,7901.7148104827,1
stress_Far_01.mat,8201,9601013,AlwaysVND,1500,1445,200,0,765,0.1837693,4788.74185187813,4784.33419552457,0,0,0,1,1,0,0,0,201,260,549.928817495932,7901.7148104827,1
stress_Far_01.mat,8201,9601013,AlwaysVND,2500,2500,200,0,1428,0.3236349,4615.11364430911,4604.88831802325,0,0,0,1,1,0,0,0,201,260,723.557025064945,7901.7148104827,1
stress_Far_01.mat,8201,9601013,FB-CMPSO,500,473,200,0,153,0.0530302,5296.77679062377,5276.95321443575,0,0,0,1,1,0,0,0,201,260,41.8938787502902,7901.7148104827,1
stress_Far_01.mat,8201,9601013,FB-CMPSO,1000,959,200,0,459,0.1119428,4865.84446320425,4860.91985568758,0,0,0,1,1,0,0,0,201,260,472.826206169805,7901.7148104827,1
stress_Far_01.mat,8201,9601013,FB-CMPSO,1500,1445,200,0,765,0.167268,4788.74185187813,4784.33419552457,0,0,0,1,1,0,0,0,201,260,549.928817495932,7901.7148104827,1
stress_Far_01.mat,8201,9601013,FB-CMPSO,2500,2500,200,0,1428,0.2968743,4615.11364430911,4604.88831802325,0,0,0,1,1,0,0,0,201,260,723.557025064945,7901.7148104827,1
stress_Far_01.mat,8201,9601014,Repair,500,36,0,0,0,0.0030512,5338.67066937406,5326.94789868578,0,0,0,1,NaN,NaN,NaN,NaN,NaN,NaN,NaN,7901.7148104827,1
stress_Far_01.mat,8201,9601014,Repair,1000,36,0,0,0,0.0030512,5338.67066937406,5326.94789868578,0,0,0,1,NaN,NaN,NaN,NaN,NaN,NaN,NaN,7901.7148104827,1
stress_Far_01.mat,8201,9601014,Repair,1500,36,0,0,0,0.0030512,5338.67066937406,5326.94789868578,0,0,0,1,NaN,NaN,NaN,NaN,NaN,NaN,NaN,7901.7148104827,1
stress_Far_01.mat,8201,9601014,Repair,2500,36,0,0,0,0.0030512,5338.67066937406,5326.94789868578,0,0,0,1,NaN,NaN,NaN,NaN,NaN,NaN,NaN,7901.7148104827,1
stress_Far_01.mat,8201,9601014,WarmPSO,500,500,200,0,0,0.0560823,5338.67066937406,5326.94789868578,0,0,0,1,1,0,0,0,201,NaN,NaN,7901.7148104827,0
stress_Far_01.mat,8201,9601014,WarmPSO,1000,980,200,0,0,0.1077209,5338.67066937406,5326.94789868578,0,0,0,1,1,0,0,0,201,NaN,NaN,7901.7148104827,0
stress_Far_01.mat,8201,9601014,WarmPSO,1500,1490,200,0,0,0.1599507,5338.67066937406,5326.94789868578,0,0,0,1,1,0,0,0,201,NaN,NaN,7901.7148104827,0
stress_Far_01.mat,8201,9601014,WarmPSO,2500,2500,200,0,0,0.2639869,5338.67066937406,5326.94789868578,0,0,0,1,1,0,0,0,201,NaN,NaN,7901.7148104827,0
stress_Far_01.mat,8201,9601014,AlwaysVND,500,473,200,0,153,0.0527093,5010.58677944125,5001.04116729654,0,0,0,1,1,0,0,0,201,260,328.08388993281,7901.7148104827,1
stress_Far_01.mat,8201,9601014,AlwaysVND,1000,959,200,0,459,0.1091156,4244.54563573153,4238.53332349412,0,0,0,1,1,0,0,0,201,260,1094.12503364253,7901.7148104827,1
stress_Far_01.mat,8201,9601014,AlwaysVND,1500,1445,200,0,765,0.1657883,4244.54563573153,4238.53332349412,0,0,0,1,1,0,0,0,201,260,1094.12503364253,7901.7148104827,1
stress_Far_01.mat,8201,9601014,AlwaysVND,2500,2500,200,0,1428,0.2861899,4105.52259650001,4097.88388504146,0,0,0,1,1,0,0,0,201,260,1233.14807287405,7901.7148104827,1
stress_Far_01.mat,8201,9601014,FB-CMPSO,500,473,200,0,153,0.0544183,5010.58677944125,5001.04116729654,0,0,0,1,1,0,0,0,201,260,328.08388993281,7901.7148104827,1
stress_Far_01.mat,8201,9601014,FB-CMPSO,1000,959,200,0,459,0.1103663,4244.54563573153,4238.53332349412,0,0,0,1,1,0,0,0,201,260,1094.12503364253,7901.7148104827,1
stress_Far_01.mat,8201,9601014,FB-CMPSO,1500,1445,200,0,765,0.1696562,4244.54563573153,4238.53332349412,0,0,0,1,1,0,0,0,201,260,1094.12503364253,7901.7148104827,1
stress_Far_01.mat,8201,9601014,FB-CMPSO,2500,2500,200,0,1428,0.2967048,4105.52259650001,4097.88388504146,0,0,0,1,1,0,0,0,201,260,1233.14807287405,7901.7148104827,1
stress_Far_01.mat,8201,9601015,Repair,500,36,0,0,0,0.0035186,5338.67066937406,5326.94789868578,0,0,0,1,NaN,NaN,NaN,NaN,NaN,NaN,NaN,7901.7148104827,1
stress_Far_01.mat,8201,9601015,Repair,1000,36,0,0,0,0.0035186,5338.67066937406,5326.94789868578,0,0,0,1,NaN,NaN,NaN,NaN,NaN,NaN,NaN,7901.7148104827,1
stress_Far_01.mat,8201,9601015,Repair,1500,36,0,0,0,0.0035186,5338.67066937406,5326.94789868578,0,0,0,1,NaN,NaN,NaN,NaN,NaN,NaN,NaN,7901.7148104827,1
stress_Far_01.mat,8201,9601015,Repair,2500,36,0,0,0,0.0035186,5338.67066937406,5326.94789868578,0,0,0,1,NaN,NaN,NaN,NaN,NaN,NaN,NaN,7901.7148104827,1
stress_Far_01.mat,8201,9601015,WarmPSO,500,500,200,0,0,0.0554579,5338.67066937406,5326.94789868578,0,0,0,1,1,0,0,0,201,NaN,NaN,7901.7148104827,0
stress_Far_01.mat,8201,9601015,WarmPSO,1000,980,200,0,0,0.109108,5338.67066937406,5326.94789868578,0,0,0,1,1,0,0,0,201,NaN,NaN,7901.7148104827,0
stress_Far_01.mat,8201,9601015,WarmPSO,1500,1490,200,0,0,0.1621828,5338.67066937406,5326.94789868578,0,0,0,1,1,0,0,0,201,NaN,NaN,7901.7148104827,0
stress_Far_01.mat,8201,9601015,WarmPSO,2500,2500,200,0,0,0.2677507,5338.67066937406,5326.94789868578,0,0,0,1,1,0,0,0,201,NaN,NaN,7901.7148104827,0
stress_Far_01.mat,8201,9601015,AlwaysVND,500,473,200,0,153,0.0535204,5010.58677944125,5001.04116729654,0,0,0,1,1,0,0,0,201,260,328.08388993281,7901.7148104827,1
stress_Far_01.mat,8201,9601015,AlwaysVND,1000,959,200,0,459,0.1089751,4253.08066989836,4241.64249809443,0,0,0,1,1,0,0,0,201,260,1085.5899994757,7901.7148104827,1
stress_Far_01.mat,8201,9601015,AlwaysVND,1500,1445,200,0,765,0.1647977,4253.08066989836,4241.64249809443,0,0,0,1,1,0,0,0,201,260,1085.5899994757,7901.7148104827,1
stress_Far_01.mat,8201,9601015,AlwaysVND,2500,2500,200,0,1428,0.2864027,4253.08066989836,4241.64249809443,0,0,0,1,1,0,0,0,201,260,1085.5899994757,7901.7148104827,1
stress_Far_01.mat,8201,9601015,FB-CMPSO,500,473,200,0,153,0.0547686,5010.58677944125,5001.04116729654,0,0,0,1,1,0,0,0,201,260,328.08388993281,7901.7148104827,1
stress_Far_01.mat,8201,9601015,FB-CMPSO,1000,959,200,0,459,0.110624,4253.08066989836,4241.64249809443,0,0,0,1,1,0,0,0,201,260,1085.5899994757,7901.7148104827,1
stress_Far_01.mat,8201,9601015,FB-CMPSO,1500,1445,200,0,765,0.1678452,4253.08066989836,4241.64249809443,0,0,0,1,1,0,0,0,201,260,1085.5899994757,7901.7148104827,1
stress_Far_01.mat,8201,9601015,FB-CMPSO,2500,2500,200,0,1428,0.2953861,4253.08066989836,4241.64249809443,0,0,0,1,1,0,0,0,201,260,1085.5899994757,7901.7148104827,1
stress_Far_01.mat,8201,9601016,Repair,500,36,0,0,0,0.0033816,5338.67066937406,5326.94789868578,0,0,0,1,NaN,NaN,NaN,NaN,NaN,NaN,NaN,7901.7148104827,1
stress_Far_01.mat,8201,9601016,Repair,1000,36,0,0,0,0.0033816,5338.67066937406,5326.94789868578,0,0,0,1,NaN,NaN,NaN,NaN,NaN,NaN,NaN,7901.7148104827,1
stress_Far_01.mat,8201,9601016,Repair,1500,36,0,0,0,0.0033816,5338.67066937406,5326.94789868578,0,0,0,1,NaN,NaN,NaN,NaN,NaN,NaN,NaN,7901.7148104827,1
stress_Far_01.mat,8201,9601016,Repair,2500,36,0,0,0,0.0033816,5338.67066937406,5326.94789868578,0,0,0,1,NaN,NaN,NaN,NaN,NaN,NaN,NaN,7901.7148104827,1
stress_Far_01.mat,8201,9601016,WarmPSO,500,500,200,0,0,0.0546003,5338.67066937406,5326.94789868578,0,0,0,1,1,0,0,0,201,NaN,NaN,7901.7148104827,0
stress_Far_01.mat,8201,9601016,WarmPSO,1000,980,200,0,0,0.1116308,5338.67066937406,5326.94789868578,0,0,0,1,1,0,0,0,201,NaN,NaN,7901.7148104827,0
stress_Far_01.mat,8201,9601016,WarmPSO,1500,1490,200,0,0,0.1711441,5338.67066937406,5326.94789868578,0,0,0,1,1,0,0,0,201,NaN,NaN,7901.7148104827,0
stress_Far_01.mat,8201,9601016,WarmPSO,2500,2500,200,0,0,0.2804403,5338.67066937406,5326.94789868578,0,0,0,1,1,0,0,0,201,NaN,NaN,7901.7148104827,0
stress_Far_01.mat,8201,9601016,AlwaysVND,500,473,200,0,153,0.0618563,5021.70672554515,5011.42310813369,0,0,0,1,1,0,0,0,201,260,316.963943828904,7901.7148104827,1
stress_Far_01.mat,8201,9601016,AlwaysVND,1000,959,200,0,459,0.1191631,4244.54563573153,4238.53332349412,0,0,0,1,1,0,0,0,201,260,1094.12503364253,7901.7148104827,1
stress_Far_01.mat,8201,9601016,AlwaysVND,1500,1445,200,0,765,0.1812186,4244.54563573153,4238.53332349412,0,0,0,1,1,0,0,0,201,260,1094.12503364253,7901.7148104827,1
stress_Far_01.mat,8201,9601016,AlwaysVND,2500,2500,200,0,1428,0.3049244,4244.54563573153,4238.53332349412,0,0,0,1,1,0,0,0,201,260,1094.12503364253,7901.7148104827,1
stress_Far_01.mat,8201,9601016,FB-CMPSO,500,473,200,0,153,0.0529796,5021.70672554515,5011.42310813369,0,0,0,1,1,0,0,0,201,260,316.963943828904,7901.7148104827,1
stress_Far_01.mat,8201,9601016,FB-CMPSO,1000,959,200,0,459,0.1090067,4244.54563573153,4238.53332349412,0,0,0,1,1,0,0,0,201,260,1094.12503364253,7901.7148104827,1
stress_Far_01.mat,8201,9601016,FB-CMPSO,1500,1445,200,0,765,0.1653665,4244.54563573153,4238.53332349412,0,0,0,1,1,0,0,0,201,260,1094.12503364253,7901.7148104827,1
stress_Far_01.mat,8201,9601016,FB-CMPSO,2500,2500,200,0,1428,0.2905988,4244.54563573153,4238.53332349412,0,0,0,1,1,0,0,0,201,260,1094.12503364253,7901.7148104827,1
stress_Far_01.mat,8201,9601017,Repair,500,36,0,0,0,0.0030605,5338.67066937406,5326.94789868578,0,0,0,1,NaN,NaN,NaN,NaN,NaN,NaN,NaN,7901.7148104827,1
stress_Far_01.mat,8201,9601017,Repair,1000,36,0,0,0,0.0030605,5338.67066937406,5326.94789868578,0,0,0,1,NaN,NaN,NaN,NaN,NaN,NaN,NaN,7901.7148104827,1
stress_Far_01.mat,8201,9601017,Repair,1500,36,0,0,0,0.0030605,5338.67066937406,5326.94789868578,0,0,0,1,NaN,NaN,NaN,NaN,NaN,NaN,NaN,7901.7148104827,1
stress_Far_01.mat,8201,9601017,Repair,2500,36,0,0,0,0.0030605,5338.67066937406,5326.94789868578,0,0,0,1,NaN,NaN,NaN,NaN,NaN,NaN,NaN,7901.7148104827,1
stress_Far_01.mat,8201,9601017,WarmPSO,500,500,200,0,0,0.0547098,5338.67066937406,5326.94789868578,0,0,0,1,1,0,0,0,201,NaN,NaN,7901.7148104827,0
stress_Far_01.mat,8201,9601017,WarmPSO,1000,980,200,0,0,0.1046267,5338.67066937406,5326.94789868578,0,0,0,1,1,0,0,0,201,NaN,NaN,7901.7148104827,0
stress_Far_01.mat,8201,9601017,WarmPSO,1500,1490,200,0,0,0.156911,5338.67066937406,5326.94789868578,0,0,0,1,1,0,0,0,201,NaN,NaN,7901.7148104827,0
stress_Far_01.mat,8201,9601017,WarmPSO,2500,2500,200,0,0,0.2691329,5338.67066937406,5326.94789868578,0,0,0,1,1,0,0,0,201,NaN,NaN,7901.7148104827,0
stress_Far_01.mat,8201,9601017,AlwaysVND,500,473,200,0,153,0.0613497,4765.68970533664,4758.23174644149,0,0,0,1,1,0,0,0,201,260,572.980964037417,7901.7148104827,1
stress_Far_01.mat,8201,9601017,AlwaysVND,1000,959,200,0,459,0.11736,4244.54563573153,4238.53332349412,0,0,0,1,1,0,0,0,201,260,1094.12503364253,7901.7148104827,1
stress_Far_01.mat,8201,9601017,AlwaysVND,1500,1445,200,0,765,0.1731789,4244.54563573153,4238.53332349412,0,0,0,1,1,0,0,0,201,260,1094.12503364253,7901.7148104827,1
stress_Far_01.mat,8201,9601017,AlwaysVND,2500,2500,200,0,1428,0.304004,4244.54563573153,4238.53332349412,0,0,0,1,1,0,0,0,201,260,1094.12503364253,7901.7148104827,1
stress_Far_01.mat,8201,9601017,FB-CMPSO,500,473,200,0,153,0.0589776,4765.68970533664,4758.23174644149,0,0,0,1,1,0,0,0,201,260,572.980964037417,7901.7148104827,1
stress_Far_01.mat,8201,9601017,FB-CMPSO,1000,959,200,0,459,0.1147336,4244.54563573153,4238.53332349412,0,0,0,1,1,0,0,0,201,260,1094.12503364253,7901.7148104827,1
stress_Far_01.mat,8201,9601017,FB-CMPSO,1500,1445,200,0,765,0.1714405,4244.54563573153,4238.53332349412,0,0,0,1,1,0,0,0,201,260,1094.12503364253,7901.7148104827,1
stress_Far_01.mat,8201,9601017,FB-CMPSO,2500,2500,200,0,1428,0.2973244,4244.54563573153,4238.53332349412,0,0,0,1,1,0,0,0,201,260,1094.12503364253,7901.7148104827,1
stress_Far_01.mat,8201,9601018,Repair,500,36,0,0,0,0.0033551,5338.67066937406,5326.94789868578,0,0,0,1,NaN,NaN,NaN,NaN,NaN,NaN,NaN,7901.7148104827,1
stress_Far_01.mat,8201,9601018,Repair,1000,36,0,0,0,0.0033551,5338.67066937406,5326.94789868578,0,0,0,1,NaN,NaN,NaN,NaN,NaN,NaN,NaN,7901.7148104827,1
stress_Far_01.mat,8201,9601018,Repair,1500,36,0,0,0,0.0033551,5338.67066937406,5326.94789868578,0,0,0,1,NaN,NaN,NaN,NaN,NaN,NaN,NaN,7901.7148104827,1
stress_Far_01.mat,8201,9601018,Repair,2500,36,0,0,0,0.0033551,5338.67066937406,5326.94789868578,0,0,0,1,NaN,NaN,NaN,NaN,NaN,NaN,NaN,7901.7148104827,1
stress_Far_01.mat,8201,9601018,WarmPSO,500,500,200,0,0,0.0547802,5338.67066937406,5326.94789868578,0,0,0,1,1,0,0,0,201,NaN,NaN,7901.7148104827,0
stress_Far_01.mat,8201,9601018,WarmPSO,1000,980,200,0,0,0.104647,5338.67066937406,5326.94789868578,0,0,0,1,1,0,0,0,201,NaN,NaN,7901.7148104827,0
stress_Far_01.mat,8201,9601018,WarmPSO,1500,1490,200,0,0,0.1566856,5338.67066937406,5326.94789868578,0,0,0,1,1,0,0,0,201,NaN,NaN,7901.7148104827,0
stress_Far_01.mat,8201,9601018,WarmPSO,2500,2500,200,0,0,0.2608675,5338.67066937406,5326.94789868578,0,0,0,1,1,0,0,0,201,NaN,NaN,7901.7148104827,0
stress_Far_01.mat,8201,9601018,AlwaysVND,500,473,200,0,153,0.0531416,5000.87751675867,4995.62957407931,0,0,0,1,1,0,0,0,201,260,337.793152615384,7901.7148104827,1
stress_Far_01.mat,8201,9601018,AlwaysVND,1000,959,200,0,459,0.1111783,4902.96458900567,4897.20849105648,0,0,0,1,1,0,0,0,201,260,435.706080368386,7901.7148104827,1
stress_Far_01.mat,8201,9601018,AlwaysVND,1500,1445,200,0,765,0.1687567,4430.57952655108,4422.88558979414,0,0,0,1,1,0,0,0,201,260,908.091142822983,7901.7148104827,1
stress_Far_01.mat,8201,9601018,AlwaysVND,2500,2500,200,0,1428,0.3051391,4291.55648731956,4282.23615134148,0,0,0,1,1,0,0,0,201,260,1047.1141820545,7901.7148104827,1
stress_Far_01.mat,8201,9601018,FB-CMPSO,500,473,200,0,153,0.0546721,5000.87751675867,4995.62957407931,0,0,0,1,1,0,0,0,201,260,337.793152615384,7901.7148104827,1
stress_Far_01.mat,8201,9601018,FB-CMPSO,1000,959,200,0,459,0.115438,4902.96458900567,4897.20849105648,0,0,0,1,1,0,0,0,201,260,435.706080368386,7901.7148104827,1
stress_Far_01.mat,8201,9601018,FB-CMPSO,1500,1445,200,0,765,0.1743067,4430.57952655108,4422.88558979414,0,0,0,1,1,0,0,0,201,260,908.091142822983,7901.7148104827,1
stress_Far_01.mat,8201,9601018,FB-CMPSO,2500,2500,200,0,1428,0.3088226,4291.55648731956,4282.23615134148,0,0,0,1,1,0,0,0,201,260,1047.1141820545,7901.7148104827,1
stress_Far_01.mat,8201,9601019,Repair,500,36,0,0,0,0.0030441,5338.67066937406,5326.94789868578,0,0,0,1,NaN,NaN,NaN,NaN,NaN,NaN,NaN,7901.7148104827,1
stress_Far_01.mat,8201,9601019,Repair,1000,36,0,0,0,0.0030441,5338.67066937406,5326.94789868578,0,0,0,1,NaN,NaN,NaN,NaN,NaN,NaN,NaN,7901.7148104827,1
stress_Far_01.mat,8201,9601019,Repair,1500,36,0,0,0,0.0030441,5338.67066937406,5326.94789868578,0,0,0,1,NaN,NaN,NaN,NaN,NaN,NaN,NaN,7901.7148104827,1
stress_Far_01.mat,8201,9601019,Repair,2500,36,0,0,0,0.0030441,5338.67066937406,5326.94789868578,0,0,0,1,NaN,NaN,NaN,NaN,NaN,NaN,NaN,7901.7148104827,1
stress_Far_01.mat,8201,9601019,WarmPSO,500,500,200,0,0,0.0538048,5338.67066937406,5326.94789868578,0,0,0,1,1,0,0,0,201,NaN,NaN,7901.7148104827,0
stress_Far_01.mat,8201,9601019,WarmPSO,1000,980,200,0,0,0.1037335,5338.67066937406,5326.94789868578,0,0,0,1,1,0,0,0,201,NaN,NaN,7901.7148104827,0
stress_Far_01.mat,8201,9601019,WarmPSO,1500,1490,200,0,0,0.1566254,5338.67066937406,5326.94789868578,0,0,0,1,1,0,0,0,201,NaN,NaN,7901.7148104827,0
stress_Far_01.mat,8201,9601019,WarmPSO,2500,2500,200,0,0,0.2638246,5338.67066937406,5326.94789868578,0,0,0,1,1,0,0,0,201,NaN,NaN,7901.7148104827,0
stress_Far_01.mat,8201,9601019,AlwaysVND,500,473,200,0,153,0.0529164,4430.57952655108,4422.88558979414,0,0,0,1,1,0,0,0,201,260,908.091142822983,7901.7148104827,1
stress_Far_01.mat,8201,9601019,AlwaysVND,1000,959,200,0,459,0.1109024,4430.57952655108,4422.88558979414,0,0,0,1,1,0,0,0,201,260,908.091142822983,7901.7148104827,1
stress_Far_01.mat,8201,9601019,AlwaysVND,1500,1445,200,0,765,0.1740123,4291.55648731956,4282.23615134148,0,0,0,1,1,0,0,0,201,260,1047.1141820545,7901.7148104827,1
stress_Far_01.mat,8201,9601019,AlwaysVND,2500,2500,200,0,1428,0.2979034,4291.55648731956,4282.23615134148,0,0,0,1,1,0,0,0,201,260,1047.1141820545,7901.7148104827,1
stress_Far_01.mat,8201,9601019,FB-CMPSO,500,473,200,0,153,0.0528085,4430.57952655108,4422.88558979414,0,0,0,1,1,0,0,0,201,260,908.091142822983,7901.7148104827,1
stress_Far_01.mat,8201,9601019,FB-CMPSO,1000,959,200,0,459,0.1151106,4430.57952655108,4422.88558979414,0,0,0,1,1,0,0,0,201,260,908.091142822983,7901.7148104827,1
stress_Far_01.mat,8201,9601019,FB-CMPSO,1500,1445,200,0,765,0.1732124,4291.55648731956,4282.23615134148,0,0,0,1,1,0,0,0,201,260,1047.1141820545,7901.7148104827,1
stress_Far_01.mat,8201,9601019,FB-CMPSO,2500,2500,200,0,1428,0.3017415,4291.55648731956,4282.23615134148,0,0,0,1,1,0,0,0,201,260,1047.1141820545,7901.7148104827,1
stress_Far_01.mat,8201,9601020,Repair,500,36,0,0,0,0.0038293,5338.67066937406,5326.94789868578,0,0,0,1,NaN,NaN,NaN,NaN,NaN,NaN,NaN,7901.7148104827,1
stress_Far_01.mat,8201,9601020,Repair,1000,36,0,0,0,0.0038293,5338.67066937406,5326.94789868578,0,0,0,1,NaN,NaN,NaN,NaN,NaN,NaN,NaN,7901.7148104827,1
stress_Far_01.mat,8201,9601020,Repair,1500,36,0,0,0,0.0038293,5338.67066937406,5326.94789868578,0,0,0,1,NaN,NaN,NaN,NaN,NaN,NaN,NaN,7901.7148104827,1
stress_Far_01.mat,8201,9601020,Repair,2500,36,0,0,0,0.0038293,5338.67066937406,5326.94789868578,0,0,0,1,NaN,NaN,NaN,NaN,NaN,NaN,NaN,7901.7148104827,1
stress_Far_01.mat,8201,9601020,WarmPSO,500,500,200,0,0,0.0550951,5338.67066937406,5326.94789868578,0,0,0,1,1,0,0,0,201,NaN,NaN,7901.7148104827,0
stress_Far_01.mat,8201,9601020,WarmPSO,1000,980,200,0,0,0.1104299,5338.67066937406,5326.94789868578,0,0,0,1,1,0,0,0,201,NaN,NaN,7901.7148104827,0
stress_Far_01.mat,8201,9601020,WarmPSO,1500,1490,200,0,0,0.1633617,5338.67066937406,5326.94789868578,0,0,0,1,1,0,0,0,201,NaN,NaN,7901.7148104827,0
stress_Far_01.mat,8201,9601020,WarmPSO,2500,2500,200,0,0,0.2662176,5338.67066937406,5326.94789868578,0,0,0,1,1,0,0,0,201,NaN,NaN,7901.7148104827,0
stress_Far_01.mat,8201,9601020,AlwaysVND,500,473,200,0,153,0.0528068,4581.16455983117,4567.54922948366,0,0,0,1,1,0,0,0,201,260,757.506109542891,7901.7148104827,1
stress_Far_01.mat,8201,9601020,AlwaysVND,1000,959,200,0,459,0.1079098,4253.08066989836,4241.64249809443,0,0,0,1,1,0,0,0,201,260,1085.5899994757,7901.7148104827,1
stress_Far_01.mat,8201,9601020,AlwaysVND,1500,1445,200,0,765,0.1662112,4253.08066989836,4241.64249809443,0,0,0,1,1,0,0,0,201,260,1085.5899994757,7901.7148104827,1
stress_Far_01.mat,8201,9601020,AlwaysVND,2500,2500,200,0,1428,0.2894588,4253.08066989836,4241.64249809443,0,0,0,1,1,0,0,0,201,260,1085.5899994757,7901.7148104827,1
stress_Far_01.mat,8201,9601020,FB-CMPSO,500,473,200,0,153,0.0525925,4581.16455983117,4567.54922948366,0,0,0,1,1,0,0,0,201,260,757.506109542891,7901.7148104827,1
stress_Far_01.mat,8201,9601020,FB-CMPSO,1000,959,200,0,459,0.1126925,4253.08066989836,4241.64249809443,0,0,0,1,1,0,0,0,201,260,1085.5899994757,7901.7148104827,1
stress_Far_01.mat,8201,9601020,FB-CMPSO,1500,1445,200,0,765,0.1719435,4253.08066989836,4241.64249809443,0,0,0,1,1,0,0,0,201,260,1085.5899994757,7901.7148104827,1
stress_Far_01.mat,8201,9601020,FB-CMPSO,2500,2500,200,0,1428,0.2986947,4253.08066989836,4241.64249809443,0,0,0,1,1,0,0,0,201,260,1085.5899994757,7901.7148104827,1
stress_Far_01.mat,8201,9601021,Repair,500,36,0,0,0,0.0033127,5338.67066937406,5326.94789868578,0,0,0,1,NaN,NaN,NaN,NaN,NaN,NaN,NaN,7901.7148104827,1
stress_Far_01.mat,8201,9601021,Repair,1000,36,0,0,0,0.0033127,5338.67066937406,5326.94789868578,0,0,0,1,NaN,NaN,NaN,NaN,NaN,NaN,NaN,7901.7148104827,1
stress_Far_01.mat,8201,9601021,Repair,1500,36,0,0,0,0.0033127,5338.67066937406,5326.94789868578,0,0,0,1,NaN,NaN,NaN,NaN,NaN,NaN,NaN,7901.7148104827,1
stress_Far_01.mat,8201,9601021,Repair,2500,36,0,0,0,0.0033127,5338.67066937406,5326.94789868578,0,0,0,1,NaN,NaN,NaN,NaN,NaN,NaN,NaN,7901.7148104827,1
stress_Far_01.mat,8201,9601021,WarmPSO,500,500,200,0,0,0.0559282,5338.67066937406,5326.94789868578,0,0,0,1,1,0,0,0,201,NaN,NaN,7901.7148104827,0
stress_Far_01.mat,8201,9601021,WarmPSO,1000,980,200,0,0,0.1160002,5338.67066937406,5326.94789868578,0,0,0,1,1,0,0,0,201,NaN,NaN,7901.7148104827,0
stress_Far_01.mat,8201,9601021,WarmPSO,1500,1490,200,0,0,0.1822679,5338.67066937406,5326.94789868578,0,0,0,1,1,0,0,0,201,NaN,NaN,7901.7148104827,0
stress_Far_01.mat,8201,9601021,WarmPSO,2500,2500,200,0,0,0.28923,5338.67066937406,5326.94789868578,0,0,0,1,1,0,0,0,201,NaN,NaN,7901.7148104827,0
stress_Far_01.mat,8201,9601021,AlwaysVND,500,473,200,0,153,0.0548524,5016.58774455547,5007.42140891209,0,0,0,1,1,0,0,0,201,260,366.959611687803,7901.7148104827,1
stress_Far_01.mat,8201,9601021,AlwaysVND,1000,959,200,0,459,0.1085114,4583.14013429052,4570.59168096898,0,0,0,1,1,0,0,0,201,260,800.407221952746,7901.7148104827,1
stress_Far_01.mat,8201,9601021,AlwaysVND,1500,1445,200,0,765,0.1636158,4315.9514771303,4302.64646174978,0,0,0,1,1,0,0,0,201,260,1067.59587911297,7901.7148104827,1
stress_Far_01.mat,8201,9601021,AlwaysVND,2500,2500,200,0,1428,0.2880361,4315.9514771303,4302.64646174978,0,0,0,1,1,0,0,0,201,260,1067.59587911297,7901.7148104827,1
stress_Far_01.mat,8201,9601021,FB-CMPSO,500,473,200,0,153,0.054018,5016.58774455547,5007.42140891209,0,0,0,1,1,0,0,0,201,260,366.959611687803,7901.7148104827,1
stress_Far_01.mat,8201,9601021,FB-CMPSO,1000,959,200,0,459,0.1121668,4583.14013429052,4570.59168096898,0,0,0,1,1,0,0,0,201,260,800.407221952746,7901.7148104827,1
stress_Far_01.mat,8201,9601021,FB-CMPSO,1500,1445,200,0,765,0.1686658,4315.9514771303,4302.64646174978,0,0,0,1,1,0,0,0,201,260,1067.59587911297,7901.7148104827,1
stress_Far_01.mat,8201,9601021,FB-CMPSO,2500,2500,200,0,1428,0.2913451,4315.9514771303,4302.64646174978,0,0,0,1,1,0,0,0,201,260,1067.59587911297,7901.7148104827,1
stress_Far_01.mat,8201,9601022,Repair,500,36,0,0,0,0.0028402,5338.67066937406,5326.94789868578,0,0,0,1,NaN,NaN,NaN,NaN,NaN,NaN,NaN,7901.7148104827,1
stress_Far_01.mat,8201,9601022,Repair,1000,36,0,0,0,0.0028402,5338.67066937406,5326.94789868578,0,0,0,1,NaN,NaN,NaN,NaN,NaN,NaN,NaN,7901.7148104827,1
stress_Far_01.mat,8201,9601022,Repair,1500,36,0,0,0,0.0028402,5338.67066937406,5326.94789868578,0,0,0,1,NaN,NaN,NaN,NaN,NaN,NaN,NaN,7901.7148104827,1
stress_Far_01.mat,8201,9601022,Repair,2500,36,0,0,0,0.0028402,5338.67066937406,5326.94789868578,0,0,0,1,NaN,NaN,NaN,NaN,NaN,NaN,NaN,7901.7148104827,1
stress_Far_01.mat,8201,9601022,WarmPSO,500,500,200,0,0,0.0548207,5338.67066937406,5326.94789868578,0,0,0,1,1,0,0,0,201,NaN,NaN,7901.7148104827,0
stress_Far_01.mat,8201,9601022,WarmPSO,1000,980,200,0,0,0.1031479,5338.67066937406,5326.94789868578,0,0,0,1,1,0,0,0,201,NaN,NaN,7901.7148104827,0
stress_Far_01.mat,8201,9601022,WarmPSO,1500,1490,200,0,0,0.1554054,5338.67066937406,5326.94789868578,0,0,0,1,1,0,0,0,201,NaN,NaN,7901.7148104827,0
stress_Far_01.mat,8201,9601022,WarmPSO,2500,2500,200,0,0,0.262953,5338.67066937406,5326.94789868578,0,0,0,1,1,0,0,0,201,NaN,NaN,7901.7148104827,0
stress_Far_01.mat,8201,9601022,AlwaysVND,500,473,200,0,153,0.0548703,4776.97852433689,4767.10742903638,0,0,0,1,1,0,0,0,201,260,561.692145037167,7901.7148104827,1
stress_Far_01.mat,8201,9601022,AlwaysVND,1000,959,200,0,459,0.1169683,4430.57952655108,4422.88558979414,0,0,0,1,1,0,0,0,201,260,908.091142822983,7901.7148104827,1
stress_Far_01.mat,8201,9601022,AlwaysVND,1500,1445,200,0,765,0.1777933,4430.57952655108,4422.88558979414,0,0,0,1,1,0,0,0,201,260,908.091142822983,7901.7148104827,1
stress_Far_01.mat,8201,9601022,AlwaysVND,2500,2500,200,0,1428,0.309235,4291.55648731956,4282.23615134148,0,0,0,1,1,0,0,0,201,260,1047.1141820545,7901.7148104827,1
stress_Far_01.mat,8201,9601022,FB-CMPSO,500,473,200,0,153,0.0559536,4776.97852433689,4767.10742903638,0,0,0,1,1,0,0,0,201,260,561.692145037167,7901.7148104827,1
stress_Far_01.mat,8201,9601022,FB-CMPSO,1000,959,200,0,459,0.1128241,4430.57952655108,4422.88558979414,0,0,0,1,1,0,0,0,201,260,908.091142822983,7901.7148104827,1
stress_Far_01.mat,8201,9601022,FB-CMPSO,1500,1445,200,0,765,0.1698451,4430.57952655108,4422.88558979414,0,0,0,1,1,0,0,0,201,260,908.091142822983,7901.7148104827,1
stress_Far_01.mat,8201,9601022,FB-CMPSO,2500,2500,200,0,1428,0.2947623,4291.55648731956,4282.23615134148,0,0,0,1,1,0,0,0,201,260,1047.1141820545,7901.7148104827,1
stress_Far_01.mat,8201,9601023,Repair,500,36,0,0,0,0.0033857,5338.67066937406,5326.94789868578,0,0,0,1,NaN,NaN,NaN,NaN,NaN,NaN,NaN,7901.7148104827,1
stress_Far_01.mat,8201,9601023,Repair,1000,36,0,0,0,0.0033857,5338.67066937406,5326.94789868578,0,0,0,1,NaN,NaN,NaN,NaN,NaN,NaN,NaN,7901.7148104827,1
stress_Far_01.mat,8201,9601023,Repair,1500,36,0,0,0,0.0033857,5338.67066937406,5326.94789868578,0,0,0,1,NaN,NaN,NaN,NaN,NaN,NaN,NaN,7901.7148104827,1
stress_Far_01.mat,8201,9601023,Repair,2500,36,0,0,0,0.0033857,5338.67066937406,5326.94789868578,0,0,0,1,NaN,NaN,NaN,NaN,NaN,NaN,NaN,7901.7148104827,1
stress_Far_01.mat,8201,9601023,WarmPSO,500,500,200,0,0,0.0532918,5338.67066937406,5326.94789868578,0,0,0,1,1,0,0,0,201,NaN,NaN,7901.7148104827,0
stress_Far_01.mat,8201,9601023,WarmPSO,1000,980,200,0,0,0.1025904,5338.67066937406,5326.94789868578,0,0,0,1,1,0,0,0,201,NaN,NaN,7901.7148104827,0
stress_Far_01.mat,8201,9601023,WarmPSO,1500,1490,200,0,0,0.1540882,5338.67066937406,5326.94789868578,0,0,0,1,1,0,0,0,201,NaN,NaN,7901.7148104827,0
stress_Far_01.mat,8201,9601023,WarmPSO,2500,2500,200,0,0,0.2611166,5338.67066937406,5326.94789868578,0,0,0,1,1,0,0,0,201,NaN,NaN,7901.7148104827,0
stress_Far_01.mat,8201,9601023,AlwaysVND,500,473,200,0,153,0.0542903,5138.86816980412,5128.95085713063,0,0,0,1,1,0,0,0,201,260,199.802499569937,7901.7148104827,1
stress_Far_01.mat,8201,9601023,AlwaysVND,1000,959,200,0,459,0.1120682,4522.99584187406,4514.28259355067,0,0,0,1,1,0,0,0,201,260,815.674827500002,7901.7148104827,1
stress_Far_01.mat,8201,9601023,AlwaysVND,1500,1445,200,0,765,0.1687036,4297.95735676757,4286.59353099034,0,0,0,1,1,0,0,0,201,260,1040.71331260649,7901.7148104827,1
stress_Far_01.mat,8201,9601023,AlwaysVND,2500,2500,200,0,1428,0.2991984,4253.08066989836,4241.64249809443,0,0,0,1,1,0,0,0,201,260,1085.5899994757,7901.7148104827,1
stress_Far_01.mat,8201,9601023,FB-CMPSO,500,473,200,0,153,0.0718,5138.86816980412,5128.95085713063,0,0,0,1,1,0,0,0,201,260,199.802499569937,7901.7148104827,1
stress_Far_01.mat,8201,9601023,FB-CMPSO,1000,959,200,0,459,0.1420046,4522.99584187406,4514.28259355067,0,0,0,1,1,0,0,0,201,260,815.674827500002,7901.7148104827,1
stress_Far_01.mat,8201,9601023,FB-CMPSO,1500,1445,200,0,765,0.1995087,4297.95735676757,4286.59353099034,0,0,0,1,1,0,0,0,201,260,1040.71331260649,7901.7148104827,1
stress_Far_01.mat,8201,9601023,FB-CMPSO,2500,2500,200,0,1428,0.3187685,4253.08066989836,4241.64249809443,0,0,0,1,1,0,0,0,201,260,1085.5899994757,7901.7148104827,1
stress_Far_01.mat,8201,9601024,Repair,500,36,0,0,0,0.0032938,5338.67066937406,5326.94789868578,0,0,0,1,NaN,NaN,NaN,NaN,NaN,NaN,NaN,7901.7148104827,1
stress_Far_01.mat,8201,9601024,Repair,1000,36,0,0,0,0.0032938,5338.67066937406,5326.94789868578,0,0,0,1,NaN,NaN,NaN,NaN,NaN,NaN,NaN,7901.7148104827,1
stress_Far_01.mat,8201,9601024,Repair,1500,36,0,0,0,0.0032938,5338.67066937406,5326.94789868578,0,0,0,1,NaN,NaN,NaN,NaN,NaN,NaN,NaN,7901.7148104827,1
stress_Far_01.mat,8201,9601024,Repair,2500,36,0,0,0,0.0032938,5338.67066937406,5326.94789868578,0,0,0,1,NaN,NaN,NaN,NaN,NaN,NaN,NaN,7901.7148104827,1
stress_Far_01.mat,8201,9601024,WarmPSO,500,500,200,0,0,0.0535928,5338.67066937406,5326.94789868578,0,0,0,1,1,0,0,0,201,NaN,NaN,7901.7148104827,0
stress_Far_01.mat,8201,9601024,WarmPSO,1000,980,200,0,0,0.1020722,5338.67066937406,5326.94789868578,0,0,0,1,1,0,0,0,201,NaN,NaN,7901.7148104827,0
stress_Far_01.mat,8201,9601024,WarmPSO,1500,1490,200,0,0,0.1540224,5338.67066937406,5326.94789868578,0,0,0,1,1,0,0,0,201,NaN,NaN,7901.7148104827,0
stress_Far_01.mat,8201,9601024,WarmPSO,2500,2500,200,0,0,0.2567566,5338.67066937406,5326.94789868578,0,0,0,1,1,0,0,0,201,NaN,NaN,7901.7148104827,0
stress_Far_01.mat,8201,9601024,AlwaysVND,500,473,200,0,153,0.0541707,5138.86816980412,5128.95085713063,0,0,0,1,1,0,0,0,201,260,199.802499569937,7901.7148104827,1
stress_Far_01.mat,8201,9601024,AlwaysVND,1000,959,200,0,459,0.1113082,4244.54563573153,4238.53332349412,0,0,0,1,1,0,0,0,201,260,1094.12503364253,7901.7148104827,1
stress_Far_01.mat,8201,9601024,AlwaysVND,1500,1445,200,0,765,0.168184,4244.54563573153,4238.53332349412,0,0,0,1,1,0,0,0,201,260,1094.12503364253,7901.7148104827,1
stress_Far_01.mat,8201,9601024,AlwaysVND,2500,2500,200,0,1428,0.2937534,4244.54563573153,4238.53332349412,0,0,0,1,1,0,0,0,201,260,1094.12503364253,7901.7148104827,1
stress_Far_01.mat,8201,9601024,FB-CMPSO,500,473,200,0,153,0.0552858,5138.86816980412,5128.95085713063,0,0,0,1,1,0,0,0,201,260,199.802499569937,7901.7148104827,1
stress_Far_01.mat,8201,9601024,FB-CMPSO,1000,959,200,0,459,0.1115565,4244.54563573153,4238.53332349412,0,0,0,1,1,0,0,0,201,260,1094.12503364253,7901.7148104827,1
stress_Far_01.mat,8201,9601024,FB-CMPSO,1500,1445,200,0,765,0.1760717,4244.54563573153,4238.53332349412,0,0,0,1,1,0,0,0,201,260,1094.12503364253,7901.7148104827,1
stress_Far_01.mat,8201,9601024,FB-CMPSO,2500,2500,200,0,1428,0.3060551,4244.54563573153,4238.53332349412,0,0,0,1,1,0,0,0,201,260,1094.12503364253,7901.7148104827,1
stress_Far_01.mat,8201,9601025,Repair,500,36,0,0,0,0.003622,5338.67066937406,5326.94789868578,0,0,0,1,NaN,NaN,NaN,NaN,NaN,NaN,NaN,7901.7148104827,1
stress_Far_01.mat,8201,9601025,Repair,1000,36,0,0,0,0.003622,5338.67066937406,5326.94789868578,0,0,0,1,NaN,NaN,NaN,NaN,NaN,NaN,NaN,7901.7148104827,1
stress_Far_01.mat,8201,9601025,Repair,1500,36,0,0,0,0.003622,5338.67066937406,5326.94789868578,0,0,0,1,NaN,NaN,NaN,NaN,NaN,NaN,NaN,7901.7148104827,1
stress_Far_01.mat,8201,9601025,Repair,2500,36,0,0,0,0.003622,5338.67066937406,5326.94789868578,0,0,0,1,NaN,NaN,NaN,NaN,NaN,NaN,NaN,7901.7148104827,1
stress_Far_01.mat,8201,9601025,WarmPSO,500,500,200,0,0,0.0530425,5338.67066937406,5326.94789868578,0,0,0,1,1,0,0,0,201,NaN,NaN,7901.7148104827,0
stress_Far_01.mat,8201,9601025,WarmPSO,1000,980,200,0,0,0.1012766,5338.67066937406,5326.94789868578,0,0,0,1,1,0,0,0,201,NaN,NaN,7901.7148104827,0
stress_Far_01.mat,8201,9601025,WarmPSO,1500,1490,200,0,0,0.1535801,5338.67066937406,5326.94789868578,0,0,0,1,1,0,0,0,201,NaN,NaN,7901.7148104827,0
stress_Far_01.mat,8201,9601025,WarmPSO,2500,2500,200,0,0,0.2564162,5338.67066937406,5326.94789868578,0,0,0,1,1,0,0,0,201,NaN,NaN,7901.7148104827,0
stress_Far_01.mat,8201,9601025,AlwaysVND,500,473,200,0,153,0.054827,4993.17158906116,4979.96306202252,0,0,0,1,1,0,0,0,201,260,345.499080312898,7901.7148104827,1
stress_Far_01.mat,8201,9601025,AlwaysVND,1000,959,200,0,459,0.1172722,4454.97451636183,4443.29590020245,0,0,0,1,1,0,0,0,201,260,883.696153012233,7901.7148104827,1
stress_Far_01.mat,8201,9601025,AlwaysVND,1500,1445,200,0,765,0.1766358,4454.97451636183,4443.29590020245,0,0,0,1,1,0,0,0,201,260,883.696153012233,7901.7148104827,1
stress_Far_01.mat,8201,9601025,AlwaysVND,2500,2500,200,0,1428,0.3068658,4454.97451636183,4443.29590020245,0,0,0,1,1,0,0,0,201,260,883.696153012233,7901.7148104827,1
stress_Far_01.mat,8201,9601025,FB-CMPSO,500,473,200,0,153,0.0524825,4993.17158906116,4979.96306202252,0,0,0,1,1,0,0,0,201,260,345.499080312898,7901.7148104827,1
stress_Far_01.mat,8201,9601025,FB-CMPSO,1000,959,200,0,459,0.1101463,4454.97451636183,4443.29590020245,0,0,0,1,1,0,0,0,201,260,883.696153012233,7901.7148104827,1
stress_Far_01.mat,8201,9601025,FB-CMPSO,1500,1445,200,0,765,0.169656,4454.97451636183,4443.29590020245,0,0,0,1,1,0,0,0,201,260,883.696153012233,7901.7148104827,1
stress_Far_01.mat,8201,9601025,FB-CMPSO,2500,2500,200,0,1428,0.2998532,4454.97451636183,4443.29590020245,0,0,0,1,1,0,0,0,201,260,883.696153012233,7901.7148104827,1
stress_Far_01.mat,8201,9601026,Repair,500,36,0,0,0,0.0037369,5338.67066937406,5326.94789868578,0,0,0,1,NaN,NaN,NaN,NaN,NaN,NaN,NaN,7901.7148104827,1
stress_Far_01.mat,8201,9601026,Repair,1000,36,0,0,0,0.0037369,5338.67066937406,5326.94789868578,0,0,0,1,NaN,NaN,NaN,NaN,NaN,NaN,NaN,7901.7148104827,1
stress_Far_01.mat,8201,9601026,Repair,1500,36,0,0,0,0.0037369,5338.67066937406,5326.94789868578,0,0,0,1,NaN,NaN,NaN,NaN,NaN,NaN,NaN,7901.7148104827,1
stress_Far_01.mat,8201,9601026,Repair,2500,36,0,0,0,0.0037369,5338.67066937406,5326.94789868578,0,0,0,1,NaN,NaN,NaN,NaN,NaN,NaN,NaN,7901.7148104827,1
stress_Far_01.mat,8201,9601026,WarmPSO,500,500,200,0,0,0.0573244,5338.67066937406,5326.94789868578,0,0,0,1,1,0,0,0,201,NaN,NaN,7901.7148104827,0
stress_Far_01.mat,8201,9601026,WarmPSO,1000,980,200,0,0,0.1128602,5338.67066937406,5326.94789868578,0,0,0,1,1,0,0,0,201,NaN,NaN,7901.7148104827,0
stress_Far_01.mat,8201,9601026,WarmPSO,1500,1490,200,0,0,0.1715913,5338.67066937406,5326.94789868578,0,0,0,1,1,0,0,0,201,NaN,NaN,7901.7148104827,0
stress_Far_01.mat,8201,9601026,WarmPSO,2500,2500,200,0,0,0.2805506,5338.67066937406,5326.94789868578,0,0,0,1,1,0,0,0,201,NaN,NaN,7901.7148104827,0
stress_Far_01.mat,8201,9601026,AlwaysVND,500,473,200,0,153,0.0549875,4969.1672661248,4960.86780742754,0,0,0,1,1,0,0,0,201,260,369.503403249256,7901.7148104827,1
stress_Far_01.mat,8201,9601026,AlwaysVND,1000,959,200,0,459,0.1104444,4244.54563573153,4238.53332349412,0,0,0,1,1,0,0,0,201,260,1094.12503364253,7901.7148104827,1
stress_Far_01.mat,8201,9601026,AlwaysVND,1500,1445,200,0,765,0.1668216,4244.54563573153,4238.53332349412,0,0,0,1,1,0,0,0,201,260,1094.12503364253,7901.7148104827,1
stress_Far_01.mat,8201,9601026,AlwaysVND,2500,2500,200,0,1428,0.2896511,4105.52259650001,4097.88388504146,0,0,0,1,1,0,0,0,201,260,1233.14807287405,7901.7148104827,1
stress_Far_01.mat,8201,9601026,FB-CMPSO,500,473,200,0,153,0.0556169,4969.1672661248,4960.86780742754,0,0,0,1,1,0,0,0,201,260,369.503403249256,7901.7148104827,1
stress_Far_01.mat,8201,9601026,FB-CMPSO,1000,959,200,0,459,0.1119799,4244.54563573153,4238.53332349412,0,0,0,1,1,0,0,0,201,260,1094.12503364253,7901.7148104827,1
stress_Far_01.mat,8201,9601026,FB-CMPSO,1500,1445,200,0,765,0.1710687,4244.54563573153,4238.53332349412,0,0,0,1,1,0,0,0,201,260,1094.12503364253,7901.7148104827,1
stress_Far_01.mat,8201,9601026,FB-CMPSO,2500,2500,200,0,1428,0.3008077,4105.52259650001,4097.88388504146,0,0,0,1,1,0,0,0,201,260,1233.14807287405,7901.7148104827,1
stress_Far_01.mat,8201,9601027,Repair,500,36,0,0,0,0.0037951,5338.67066937406,5326.94789868578,0,0,0,1,NaN,NaN,NaN,NaN,NaN,NaN,NaN,7901.7148104827,1
stress_Far_01.mat,8201,9601027,Repair,1000,36,0,0,0,0.0037951,5338.67066937406,5326.94789868578,0,0,0,1,NaN,NaN,NaN,NaN,NaN,NaN,NaN,7901.7148104827,1
stress_Far_01.mat,8201,9601027,Repair,1500,36,0,0,0,0.0037951,5338.67066937406,5326.94789868578,0,0,0,1,NaN,NaN,NaN,NaN,NaN,NaN,NaN,7901.7148104827,1
stress_Far_01.mat,8201,9601027,Repair,2500,36,0,0,0,0.0037951,5338.67066937406,5326.94789868578,0,0,0,1,NaN,NaN,NaN,NaN,NaN,NaN,NaN,7901.7148104827,1
stress_Far_01.mat,8201,9601027,WarmPSO,500,500,200,0,0,0.0547107,5338.67066937406,5326.94789868578,0,0,0,1,1,0,0,0,201,NaN,NaN,7901.7148104827,0
stress_Far_01.mat,8201,9601027,WarmPSO,1000,980,200,0,0,0.1030394,5338.67066937406,5326.94789868578,0,0,0,1,1,0,0,0,201,NaN,NaN,7901.7148104827,0
stress_Far_01.mat,8201,9601027,WarmPSO,1500,1490,200,0,0,0.1596202,5338.67066937406,5326.94789868578,0,0,0,1,1,0,0,0,201,NaN,NaN,7901.7148104827,0
stress_Far_01.mat,8201,9601027,WarmPSO,2500,2500,200,0,0,0.2723494,5338.67066937406,5326.94789868578,0,0,0,1,1,0,0,0,201,NaN,NaN,7901.7148104827,0
stress_Far_01.mat,8201,9601027,AlwaysVND,500,473,200,0,153,0.0603688,4951.18332707874,4944.16654460457,0,0,0,1,1,0,0,0,201,260,432.364029164531,7901.7148104827,1
stress_Far_01.mat,8201,9601027,AlwaysVND,1000,959,200,0,459,0.1167409,4486.08789952109,4477.89581126295,0,0,0,1,1,0,0,0,201,260,897.459456722185,7901.7148104827,1
stress_Far_01.mat,8201,9601027,AlwaysVND,1500,1445,200,0,765,0.1755625,4244.54563573153,4238.53332349412,0,0,0,1,1,0,0,0,201,260,1139.00172051174,7901.7148104827,1
stress_Far_01.mat,8201,9601027,AlwaysVND,2500,2500,200,0,1428,0.2989371,4244.54563573153,4238.53332349412,0,0,0,1,1,0,0,0,201,260,1139.00172051174,7901.7148104827,1
stress_Far_01.mat,8201,9601027,FB-CMPSO,500,473,200,0,153,0.0546707,4951.18332707874,4944.16654460457,0,0,0,1,1,0,0,0,201,260,432.364029164531,7901.7148104827,1
stress_Far_01.mat,8201,9601027,FB-CMPSO,1000,959,200,0,459,0.1118657,4486.08789952109,4477.89581126295,0,0,0,1,1,0,0,0,201,260,897.459456722185,7901.7148104827,1
stress_Far_01.mat,8201,9601027,FB-CMPSO,1500,1445,200,0,765,0.1695043,4244.54563573153,4238.53332349412,0,0,0,1,1,0,0,0,201,260,1139.00172051174,7901.7148104827,1
stress_Far_01.mat,8201,9601027,FB-CMPSO,2500,2500,200,0,1428,0.2975523,4244.54563573153,4238.53332349412,0,0,0,1,1,0,0,0,201,260,1139.00172051174,7901.7148104827,1
stress_Far_01.mat,8201,9601028,Repair,500,36,0,0,0,0.0033928,5338.67066937406,5326.94789868578,0,0,0,1,NaN,NaN,NaN,NaN,NaN,NaN,NaN,7901.7148104827,1
stress_Far_01.mat,8201,9601028,Repair,1000,36,0,0,0,0.0033928,5338.67066937406,5326.94789868578,0,0,0,1,NaN,NaN,NaN,NaN,NaN,NaN,NaN,7901.7148104827,1
stress_Far_01.mat,8201,9601028,Repair,1500,36,0,0,0,0.0033928,5338.67066937406,5326.94789868578,0,0,0,1,NaN,NaN,NaN,NaN,NaN,NaN,NaN,7901.7148104827,1
stress_Far_01.mat,8201,9601028,Repair,2500,36,0,0,0,0.0033928,5338.67066937406,5326.94789868578,0,0,0,1,NaN,NaN,NaN,NaN,NaN,NaN,NaN,7901.7148104827,1
stress_Far_01.mat,8201,9601028,WarmPSO,500,500,200,0,0,0.0546373,5338.67066937406,5326.94789868578,0,0,0,1,1,0,0,0,201,NaN,NaN,7901.7148104827,0
stress_Far_01.mat,8201,9601028,WarmPSO,1000,980,200,0,0,0.1058587,5338.67066937406,5326.94789868578,0,0,0,1,1,0,0,0,201,NaN,NaN,7901.7148104827,0
stress_Far_01.mat,8201,9601028,WarmPSO,1500,1490,200,0,0,0.159583,5338.67066937406,5326.94789868578,0,0,0,1,1,0,0,0,201,NaN,NaN,7901.7148104827,0
stress_Far_01.mat,8201,9601028,WarmPSO,2500,2500,200,0,0,0.2645857,5338.67066937406,5326.94789868578,0,0,0,1,1,0,0,0,201,NaN,NaN,7901.7148104827,0
stress_Far_01.mat,8201,9601028,AlwaysVND,500,473,200,0,153,0.0524128,4521.11117006234,4515.09885782493,0,0,0,1,1,0,0,0,201,260,817.559499311722,7901.7148104827,1
stress_Far_01.mat,8201,9601028,AlwaysVND,1000,959,200,0,459,0.1146901,4521.11117006234,4515.09885782493,0,0,0,1,1,0,0,0,201,260,817.559499311722,7901.7148104827,1
stress_Far_01.mat,8201,9601028,AlwaysVND,1500,1445,200,0,765,0.1714856,4105.52259650001,4097.88388504146,0,0,0,1,1,0,0,0,201,260,1233.14807287405,7901.7148104827,1
stress_Far_01.mat,8201,9601028,AlwaysVND,2500,2500,200,0,1428,0.3265551,4105.52259650001,4097.88388504146,0,0,0,1,1,0,0,0,201,260,1233.14807287405,7901.7148104827,1
stress_Far_01.mat,8201,9601028,FB-CMPSO,500,473,200,0,153,0.0620118,4521.11117006234,4515.09885782493,0,0,0,1,1,0,0,0,201,260,817.559499311722,7901.7148104827,1
stress_Far_01.mat,8201,9601028,FB-CMPSO,1000,959,200,0,459,0.1409397,4521.11117006234,4515.09885782493,0,0,0,1,1,0,0,0,201,260,817.559499311722,7901.7148104827,1
stress_Far_01.mat,8201,9601028,FB-CMPSO,1500,1445,200,0,765,0.211034,4105.52259650001,4097.88388504146,0,0,0,1,1,0,0,0,201,260,1233.14807287405,7901.7148104827,1
stress_Far_01.mat,8201,9601028,FB-CMPSO,2500,2500,200,0,1428,0.3581379,4105.52259650001,4097.88388504146,0,0,0,1,1,0,0,0,201,260,1233.14807287405,7901.7148104827,1
stress_Far_01.mat,8201,9601029,Repair,500,36,0,0,0,0.0036363,5338.67066937406,5326.94789868578,0,0,0,1,NaN,NaN,NaN,NaN,NaN,NaN,NaN,7901.7148104827,1
stress_Far_01.mat,8201,9601029,Repair,1000,36,0,0,0,0.0036363,5338.67066937406,5326.94789868578,0,0,0,1,NaN,NaN,NaN,NaN,NaN,NaN,NaN,7901.7148104827,1
stress_Far_01.mat,8201,9601029,Repair,1500,36,0,0,0,0.0036363,5338.67066937406,5326.94789868578,0,0,0,1,NaN,NaN,NaN,NaN,NaN,NaN,NaN,7901.7148104827,1
stress_Far_01.mat,8201,9601029,Repair,2500,36,0,0,0,0.0036363,5338.67066937406,5326.94789868578,0,0,0,1,NaN,NaN,NaN,NaN,NaN,NaN,NaN,7901.7148104827,1
stress_Far_01.mat,8201,9601029,WarmPSO,500,500,200,0,0,0.0528889,5518.11222111263,5504.24716875777,0,0,0,1,1,0,0,0,201,NaN,NaN,7901.7148104827,0
stress_Far_01.mat,8201,9601029,WarmPSO,1000,980,200,0,0,0.1038023,5518.11222111263,5504.24716875777,0,0,0,1,1,0,0,0,201,NaN,NaN,7901.7148104827,0
stress_Far_01.mat,8201,9601029,WarmPSO,1500,1490,200,0,0,0.1601669,5518.11222111263,5504.24716875777,0,0,0,1,1,0,0,0,201,NaN,NaN,7901.7148104827,0
stress_Far_01.mat,8201,9601029,WarmPSO,2500,2500,200,0,0,0.2689323,5338.67066937406,5326.94789868578,0,0,0,1,1,0,0,0,201,NaN,NaN,7901.7148104827,0
stress_Far_01.mat,8201,9601029,AlwaysVND,500,473,200,0,153,0.0560829,4430.57952655108,4422.88558979414,0,0,0,1,1,0,0,0,201,260,1087.53269456156,7901.7148104827,1
stress_Far_01.mat,8201,9601029,AlwaysVND,1000,959,200,0,459,0.1151975,4430.57952655108,4422.88558979414,0,0,0,1,1,0,0,0,201,260,1087.53269456156,7901.7148104827,1
stress_Far_01.mat,8201,9601029,AlwaysVND,1500,1445,200,0,765,0.1765946,4291.55648731956,4282.23615134148,0,0,0,1,1,0,0,0,201,260,1226.55573379308,7901.7148104827,1
stress_Far_01.mat,8201,9601029,AlwaysVND,2500,2500,200,0,1428,0.3082302,4291.55648731956,4282.23615134148,0,0,0,1,1,0,0,0,201,260,1226.55573379308,7901.7148104827,1
stress_Far_01.mat,8201,9601029,FB-CMPSO,500,473,200,0,153,0.0527884,4430.57952655108,4422.88558979414,0,0,0,1,1,0,0,0,201,260,1087.53269456156,7901.7148104827,1
stress_Far_01.mat,8201,9601029,FB-CMPSO,1000,959,200,0,459,0.1095793,4430.57952655108,4422.88558979414,0,0,0,1,1,0,0,0,201,260,1087.53269456156,7901.7148104827,1
stress_Far_01.mat,8201,9601029,FB-CMPSO,1500,1445,200,0,765,0.1666107,4291.55648731956,4282.23615134148,0,0,0,1,1,0,0,0,201,260,1226.55573379308,7901.7148104827,1
stress_Far_01.mat,8201,9601029,FB-CMPSO,2500,2500,200,0,1428,0.2890589,4291.55648731956,4282.23615134148,0,0,0,1,1,0,0,0,201,260,1226.55573379308,7901.7148104827,1
stress_Far_01.mat,8201,9601030,Repair,500,36,0,0,0,0.0034674,5338.67066937406,5326.94789868578,0,0,0,1,NaN,NaN,NaN,NaN,NaN,NaN,NaN,7901.7148104827,1
stress_Far_01.mat,8201,9601030,Repair,1000,36,0,0,0,0.0034674,5338.67066937406,5326.94789868578,0,0,0,1,NaN,NaN,NaN,NaN,NaN,NaN,NaN,7901.7148104827,1
stress_Far_01.mat,8201,9601030,Repair,1500,36,0,0,0,0.0034674,5338.67066937406,5326.94789868578,0,0,0,1,NaN,NaN,NaN,NaN,NaN,NaN,NaN,7901.7148104827,1
stress_Far_01.mat,8201,9601030,Repair,2500,36,0,0,0,0.0034674,5338.67066937406,5326.94789868578,0,0,0,1,NaN,NaN,NaN,NaN,NaN,NaN,NaN,7901.7148104827,1
stress_Far_01.mat,8201,9601030,WarmPSO,500,500,200,0,0,0.0535198,5338.67066937406,5326.94789868578,0,0,0,1,1,0,0,0,201,NaN,NaN,7901.7148104827,0
stress_Far_01.mat,8201,9601030,WarmPSO,1000,980,200,0,0,0.102979,5338.67066937406,5326.94789868578,0,0,0,1,1,0,0,0,201,NaN,NaN,7901.7148104827,0
stress_Far_01.mat,8201,9601030,WarmPSO,1500,1490,200,0,0,0.1539455,5338.67066937406,5326.94789868578,0,0,0,1,1,0,0,0,201,NaN,NaN,7901.7148104827,0
stress_Far_01.mat,8201,9601030,WarmPSO,2500,2500,200,0,0,0.2590313,5338.67066937406,5326.94789868578,0,0,0,1,1,0,0,0,201,NaN,NaN,7901.7148104827,0
stress_Far_01.mat,8201,9601030,AlwaysVND,500,473,200,0,153,0.0514888,4801.94133206191,4795.77002570039,0,0,0,1,1,0,0,0,201,260,536.729337312148,7901.7148104827,1
stress_Far_01.mat,8201,9601030,AlwaysVND,1000,959,200,0,459,0.1094798,4662.91829283039,4655.12058724772,0,0,0,1,1,0,0,0,201,260,675.752376543669,7901.7148104827,1
stress_Far_01.mat,8201,9601030,AlwaysVND,1500,1445,200,0,765,0.1662344,4619.62316578394,4608.59695070216,0,0,0,1,1,0,0,0,201,260,719.047503590119,7901.7148104827,1
stress_Far_01.mat,8201,9601030,AlwaysVND,2500,2500,200,0,1428,0.289901,4619.62316578394,4608.59695070216,0,0,0,1,1,0,0,0,201,260,719.047503590119,7901.7148104827,1
stress_Far_01.mat,8201,9601030,FB-CMPSO,500,473,200,0,153,0.0516605,4801.94133206191,4795.77002570039,0,0,0,1,1,0,0,0,201,260,536.729337312148,7901.7148104827,1
stress_Far_01.mat,8201,9601030,FB-CMPSO,1000,959,200,0,459,0.113864,4662.91829283039,4655.12058724772,0,0,0,1,1,0,0,0,201,260,675.752376543669,7901.7148104827,1
stress_Far_01.mat,8201,9601030,FB-CMPSO,1500,1445,200,0,765,0.1711034,4619.62316578394,4608.59695070216,0,0,0,1,1,0,0,0,201,260,719.047503590119,7901.7148104827,1
stress_Far_01.mat,8201,9601030,FB-CMPSO,2500,2500,200,0,1428,0.3078507,4619.62316578394,4608.59695070216,0,0,0,1,1,0,0,0,201,260,719.047503590119,7901.7148104827,1
stress_Far_03.mat,8203,9603001,Repair,500,36,0,0,0,0.0038835,5541.37537797821,5531.82776235191,0,0,0,1,NaN,NaN,NaN,NaN,NaN,NaN,NaN,8283.57780709198,1
stress_Far_03.mat,8203,9603001,Repair,1000,36,0,0,0,0.0038835,5541.37537797821,5531.82776235191,0,0,0,1,NaN,NaN,NaN,NaN,NaN,NaN,NaN,8283.57780709198,1
stress_Far_03.mat,8203,9603001,Repair,1500,36,0,0,0,0.0038835,5541.37537797821,5531.82776235191,0,0,0,1,NaN,NaN,NaN,NaN,NaN,NaN,NaN,8283.57780709198,1
stress_Far_03.mat,8203,9603001,Repair,2500,36,0,0,0,0.0038835,5541.37537797821,5531.82776235191,0,0,0,1,NaN,NaN,NaN,NaN,NaN,NaN,NaN,8283.57780709198,1
stress_Far_03.mat,8203,9603001,WarmPSO,500,500,200,0,0,0.0522014,5541.37537797821,5531.82776235191,0,0,0,1,1,0,0,0,201,NaN,NaN,8283.57780709198,0
stress_Far_03.mat,8203,9603001,WarmPSO,1000,980,200,0,0,0.1009571,5541.37537797821,5531.82776235191,0,0,0,1,1,0,0,0,201,NaN,NaN,8283.57780709198,0
stress_Far_03.mat,8203,9603001,WarmPSO,1500,1490,200,0,0,0.157058,5541.37537797821,5531.82776235191,0,0,0,1,1,0,0,0,201,NaN,NaN,8283.57780709198,0
stress_Far_03.mat,8203,9603001,WarmPSO,2500,2500,200,0,0,0.2626501,5541.37537797821,5531.82776235191,0,0,0,1,1,0,0,0,201,NaN,NaN,8283.57780709198,0
stress_Far_03.mat,8203,9603001,AlwaysVND,500,473,200,0,153,0.0575248,5456.10728454346,5446.55555608276,0,0,0,1,1,0,0,0,201,260,299.901697616418,8283.57780709198,1
stress_Far_03.mat,8203,9603001,AlwaysVND,1000,959,200,0,459,0.1138293,4507.87366070029,4503.45706755286,0,0,0,1,1,0,0,0,201,260,1248.13532145959,8283.57780709198,1
stress_Far_03.mat,8203,9603001,AlwaysVND,1500,1445,200,0,765,0.1767028,4507.87366070029,4503.45706755286,0,0,0,1,1,0,0,0,201,260,1248.13532145959,8283.57780709198,1
stress_Far_03.mat,8203,9603001,AlwaysVND,2500,2500,200,0,1428,0.3067239,4295.3150733398,4285.99473736172,0,0,0,1,1,0,0,0,201,260,1460.69390882008,8283.57780709198,1
stress_Far_03.mat,8203,9603001,FB-CMPSO,500,473,200,0,153,0.0529402,5456.10728454346,5446.55555608276,0,0,0,1,1,0,0,0,201,260,299.901697616418,8283.57780709198,1
stress_Far_03.mat,8203,9603001,FB-CMPSO,1000,959,200,0,459,0.1213933,4507.87366070029,4503.45706755286,0,0,0,1,1,0,0,0,201,260,1248.13532145959,8283.57780709198,1
stress_Far_03.mat,8203,9603001,FB-CMPSO,1500,1445,200,0,765,0.1816853,4507.87366070029,4503.45706755286,0,0,0,1,1,0,0,0,201,260,1248.13532145959,8283.57780709198,1
stress_Far_03.mat,8203,9603001,FB-CMPSO,2500,2500,200,0,1428,0.3142434,4295.3150733398,4285.99473736172,0,0,0,1,1,0,0,0,201,260,1460.69390882008,8283.57780709198,1
stress_Far_03.mat,8203,9603002,Repair,500,36,0,0,0,0.003675,5541.37537797821,5531.82776235191,0,0,0,1,NaN,NaN,NaN,NaN,NaN,NaN,NaN,8283.57780709198,1
stress_Far_03.mat,8203,9603002,Repair,1000,36,0,0,0,0.003675,5541.37537797821,5531.82776235191,0,0,0,1,NaN,NaN,NaN,NaN,NaN,NaN,NaN,8283.57780709198,1
stress_Far_03.mat,8203,9603002,Repair,1500,36,0,0,0,0.003675,5541.37537797821,5531.82776235191,0,0,0,1,NaN,NaN,NaN,NaN,NaN,NaN,NaN,8283.57780709198,1
stress_Far_03.mat,8203,9603002,Repair,2500,36,0,0,0,0.003675,5541.37537797821,5531.82776235191,0,0,0,1,NaN,NaN,NaN,NaN,NaN,NaN,NaN,8283.57780709198,1
stress_Far_03.mat,8203,9603002,WarmPSO,500,500,200,0,0,0.0610893,5756.00898215988,5744.31758950975,0,0,0,1,1,0,0,0,201,NaN,NaN,8283.57780709198,0
stress_Far_03.mat,8203,9603002,WarmPSO,1000,980,200,0,0,0.1122673,5756.00898215988,5744.31758950975,0,0,0,1,1,0,0,0,201,NaN,NaN,8283.57780709198,0
stress_Far_03.mat,8203,9603002,WarmPSO,1500,1490,200,0,0,0.164796,5541.37537797821,5531.82776235191,0,0,0,1,1,0,0,0,201,NaN,NaN,8283.57780709198,0
stress_Far_03.mat,8203,9603002,WarmPSO,2500,2500,200,0,0,0.2697155,5541.37537797821,5531.82776235191,0,0,0,1,1,0,0,0,201,NaN,NaN,8283.57780709198,0
stress_Far_03.mat,8203,9603002,AlwaysVND,500,473,200,0,153,0.0551817,5184.00899532653,5173.70494396854,0,0,0,1,1,0,0,0,201,260,906.835356115993,8283.57780709198,1
stress_Far_03.mat,8203,9603002,AlwaysVND,1000,959,200,0,459,0.1109187,4565.89438892717,4557.14470478215,0,0,0,1,1,0,0,0,201,260,1524.94996251535,8283.57780709198,1
stress_Far_03.mat,8203,9603002,AlwaysVND,1500,1445,200,0,765,0.1689409,4427.52882914178,4414.03119389671,0,0,0,1,1,0,0,0,201,260,1663.31552230074,8283.57780709198,1
stress_Far_03.mat,8203,9603002,AlwaysVND,2500,2500,200,0,1428,0.2913915,4319.71006315055,4306.40504777003,0,0,0,1,1,0,0,0,201,260,1771.13428829197,8283.57780709198,1
stress_Far_03.mat,8203,9603002,FB-CMPSO,500,473,200,0,153,0.0556957,5184.00899532653,5173.70494396854,0,0,0,1,1,0,0,0,201,260,906.835356115993,8283.57780709198,1
stress_Far_03.mat,8203,9603002,FB-CMPSO,1000,959,200,0,459,0.1150955,4565.89438892717,4557.14470478215,0,0,0,1,1,0,0,0,201,260,1524.94996251535,8283.57780709198,1
stress_Far_03.mat,8203,9603002,FB-CMPSO,1500,1445,200,0,765,0.1730843,4427.52882914178,4414.03119389671,0,0,0,1,1,0,0,0,201,260,1663.31552230074,8283.57780709198,1
stress_Far_03.mat,8203,9603002,FB-CMPSO,2500,2500,200,0,1428,0.2981787,4319.71006315055,4306.40504777003,0,0,0,1,1,0,0,0,201,260,1771.13428829197,8283.57780709198,1
stress_Far_03.mat,8203,9603003,Repair,500,36,0,0,0,0.002914,5541.37537797821,5531.82776235191,0,0,0,1,NaN,NaN,NaN,NaN,NaN,NaN,NaN,8283.57780709198,1
stress_Far_03.mat,8203,9603003,Repair,1000,36,0,0,0,0.002914,5541.37537797821,5531.82776235191,0,0,0,1,NaN,NaN,NaN,NaN,NaN,NaN,NaN,8283.57780709198,1
stress_Far_03.mat,8203,9603003,Repair,1500,36,0,0,0,0.002914,5541.37537797821,5531.82776235191,0,0,0,1,NaN,NaN,NaN,NaN,NaN,NaN,NaN,8283.57780709198,1
stress_Far_03.mat,8203,9603003,Repair,2500,36,0,0,0,0.002914,5541.37537797821,5531.82776235191,0,0,0,1,NaN,NaN,NaN,NaN,NaN,NaN,NaN,8283.57780709198,1
stress_Far_03.mat,8203,9603003,WarmPSO,500,500,200,0,0,0.0535349,5541.37537797821,5531.82776235191,0,0,0,1,1,0,0,0,201,NaN,NaN,8283.57780709198,0
stress_Far_03.mat,8203,9603003,WarmPSO,1000,980,200,0,0,0.1066154,5541.37537797821,5531.82776235191,0,0,0,1,1,0,0,0,201,NaN,NaN,8283.57780709198,0
stress_Far_03.mat,8203,9603003,WarmPSO,1500,1490,200,0,0,0.1625957,5541.37537797821,5531.82776235191,0,0,0,1,1,0,0,0,201,NaN,NaN,8283.57780709198,0
stress_Far_03.mat,8203,9603003,WarmPSO,2500,2500,200,0,0,0.2703715,5541.37537797821,5531.82776235191,0,0,0,1,1,0,0,0,201,NaN,NaN,8283.57780709198,0
stress_Far_03.mat,8203,9603003,AlwaysVND,500,473,200,0,153,0.0536666,4911.04928281042,4903.07527435727,0,0,0,1,1,0,0,0,201,260,630.326095167789,8283.57780709198,1
stress_Far_03.mat,8203,9603003,AlwaysVND,1000,959,200,0,459,0.1095983,4507.87366070029,4503.45706755286,0,0,0,1,1,0,0,0,201,260,1033.50171727792,8283.57780709198,1
stress_Far_03.mat,8203,9603003,AlwaysVND,1500,1445,200,0,765,0.1659595,4368.85062146877,4362.80762910019,0,0,0,1,1,0,0,0,201,260,1172.52475650944,8283.57780709198,1
stress_Far_03.mat,8203,9603003,AlwaysVND,2500,2500,200,0,1428,0.2910263,4368.85062146877,4362.80762910019,0,0,0,1,1,0,0,0,201,260,1172.52475650944,8283.57780709198,1
stress_Far_03.mat,8203,9603003,FB-CMPSO,500,473,200,0,153,0.0572932,4911.04928281042,4903.07527435727,0,0,0,1,1,0,0,0,201,260,630.326095167789,8283.57780709198,1
stress_Far_03.mat,8203,9603003,FB-CMPSO,1000,959,200,0,459,0.1153045,4507.87366070029,4503.45706755286,0,0,0,1,1,0,0,0,201,260,1033.50171727792,8283.57780709198,1
stress_Far_03.mat,8203,9603003,FB-CMPSO,1500,1445,200,0,765,0.1718982,4368.85062146877,4362.80762910019,0,0,0,1,1,0,0,0,201,260,1172.52475650944,8283.57780709198,1
stress_Far_03.mat,8203,9603003,FB-CMPSO,2500,2500,200,0,1428,0.3002189,4368.85062146877,4362.80762910019,0,0,0,1,1,0,0,0,201,260,1172.52475650944,8283.57780709198,1
stress_Far_03.mat,8203,9603004,Repair,500,36,0,0,0,0.0029937,5541.37537797821,5531.82776235191,0,0,0,1,NaN,NaN,NaN,NaN,NaN,NaN,NaN,8283.57780709198,1
stress_Far_03.mat,8203,9603004,Repair,1000,36,0,0,0,0.0029937,5541.37537797821,5531.82776235191,0,0,0,1,NaN,NaN,NaN,NaN,NaN,NaN,NaN,8283.57780709198,1
stress_Far_03.mat,8203,9603004,Repair,1500,36,0,0,0,0.0029937,5541.37537797821,5531.82776235191,0,0,0,1,NaN,NaN,NaN,NaN,NaN,NaN,NaN,8283.57780709198,1
stress_Far_03.mat,8203,9603004,Repair,2500,36,0,0,0,0.0029937,5541.37537797821,5531.82776235191,0,0,0,1,NaN,NaN,NaN,NaN,NaN,NaN,NaN,8283.57780709198,1
stress_Far_03.mat,8203,9603004,WarmPSO,500,500,200,0,0,0.054306,5756.00898215988,5744.31758950975,0,0,0,1,1,0,0,0,201,NaN,NaN,8283.57780709198,0
stress_Far_03.mat,8203,9603004,WarmPSO,1000,980,200,0,0,0.1050068,5756.00898215988,5744.31758950975,0,0,0,1,1,0,0,0,201,NaN,NaN,8283.57780709198,0
stress_Far_03.mat,8203,9603004,WarmPSO,1500,1490,200,0,0,0.1588299,5756.00898215988,5744.31758950975,0,0,0,1,1,0,0,0,201,NaN,NaN,8283.57780709198,0
stress_Far_03.mat,8203,9603004,WarmPSO,2500,2500,200,0,0,0.264644,5756.00898215988,5744.31758950975,0,0,0,1,1,0,0,0,201,NaN,NaN,8283.57780709198,0
stress_Far_03.mat,8203,9603004,AlwaysVND,500,473,200,0,153,0.05649,5182.02679784274,5170.94084387219,0,0,0,1,1,0,0,0,201,260,573.982184317138,8283.57780709198,1
stress_Far_03.mat,8203,9603004,AlwaysVND,1000,959,200,0,459,0.1180779,4855.13527983515,4849.01557066769,0,0,0,1,1,0,0,0,201,260,900.873702324727,8283.57780709198,1
stress_Far_03.mat,8203,9603004,AlwaysVND,1500,1445,200,0,765,0.1871711,4753.76863736903,4741.01948492441,0,0,0,1,1,0,0,0,201,260,1002.24034479085,8283.57780709198,1
stress_Far_03.mat,8203,9603004,AlwaysVND,2500,2500,200,0,1428,0.3124047,4295.3150733398,4285.99473736172,0,0,0,1,1,0,0,0,201,260,1460.69390882008,8283.57780709198,1
stress_Far_03.mat,8203,9603004,FB-CMPSO,500,473,200,0,153,0.0552345,5182.02679784274,5170.94084387219,0,0,0,1,1,0,0,0,201,260,573.982184317138,8283.57780709198,1
stress_Far_03.mat,8203,9603004,FB-CMPSO,1000,959,200,0,459,0.1123436,4855.13527983515,4849.01557066769,0,0,0,1,1,0,0,0,201,260,900.873702324727,8283.57780709198,1
stress_Far_03.mat,8203,9603004,FB-CMPSO,1500,1445,200,0,765,0.1692406,4753.76863736903,4741.01948492441,0,0,0,1,1,0,0,0,201,260,1002.24034479085,8283.57780709198,1
stress_Far_03.mat,8203,9603004,FB-CMPSO,2500,2500,200,0,1428,0.2938757,4295.3150733398,4285.99473736172,0,0,0,1,1,0,0,0,201,260,1460.69390882008,8283.57780709198,1
stress_Far_03.mat,8203,9603005,Repair,500,36,0,0,0,0.0035395,5541.37537797821,5531.82776235191,0,0,0,1,NaN,NaN,NaN,NaN,NaN,NaN,NaN,8283.57780709198,1
stress_Far_03.mat,8203,9603005,Repair,1000,36,0,0,0,0.0035395,5541.37537797821,5531.82776235191,0,0,0,1,NaN,NaN,NaN,NaN,NaN,NaN,NaN,8283.57780709198,1
stress_Far_03.mat,8203,9603005,Repair,1500,36,0,0,0,0.0035395,5541.37537797821,5531.82776235191,0,0,0,1,NaN,NaN,NaN,NaN,NaN,NaN,NaN,8283.57780709198,1
stress_Far_03.mat,8203,9603005,Repair,2500,36,0,0,0,0.0035395,5541.37537797821,5531.82776235191,0,0,0,1,NaN,NaN,NaN,NaN,NaN,NaN,NaN,8283.57780709198,1
stress_Far_03.mat,8203,9603005,WarmPSO,500,500,200,0,0,0.0542477,5541.37537797821,5531.82776235191,0,0,0,1,1,0,0,0,201,NaN,NaN,8283.57780709198,0
stress_Far_03.mat,8203,9603005,WarmPSO,1000,980,200,0,0,0.1039385,5541.37537797821,5531.82776235191,0,0,0,1,1,0,0,0,201,NaN,NaN,8283.57780709198,0
stress_Far_03.mat,8203,9603005,WarmPSO,1500,1490,200,0,0,0.1588976,5541.37537797821,5531.82776235191,0,0,0,1,1,0,0,0,201,NaN,NaN,8283.57780709198,0
stress_Far_03.mat,8203,9603005,WarmPSO,2500,2500,200,0,0,0.2606422,5541.37537797821,5531.82776235191,0,0,0,1,1,0,0,0,201,NaN,NaN,8283.57780709198,0
stress_Far_03.mat,8203,9603005,AlwaysVND,500,473,200,0,153,0.0564309,4903.89014492444,4893.27607622014,0,0,0,1,1,0,0,0,201,260,637.485233053773,8283.57780709198,1
stress_Far_03.mat,8203,9603005,AlwaysVND,1000,959,200,0,459,0.1143748,4236.63082128299,4225.19264947906,0,0,0,1,1,0,0,0,201,260,1304.74455669522,8283.57780709198,1
stress_Far_03.mat,8203,9603005,AlwaysVND,1500,1445,200,0,765,0.171685,4236.63082128299,4225.19264947906,0,0,0,1,1,0,0,0,201,260,1304.74455669522,8283.57780709198,1
stress_Far_03.mat,8203,9603005,AlwaysVND,2500,2500,200,0,1428,0.3146509,4236.63082128299,4225.19264947906,0,0,0,1,1,0,0,0,201,260,1304.74455669522,8283.57780709198,1
stress_Far_03.mat,8203,9603005,FB-CMPSO,500,473,200,0,153,0.0575804,4903.89014492444,4893.27607622014,0,0,0,1,1,0,0,0,201,260,637.485233053773,8283.57780709198,1
stress_Far_03.mat,8203,9603005,FB-CMPSO,1000,959,200,0,459,0.1134119,4236.63082128299,4225.19264947906,0,0,0,1,1,0,0,0,201,260,1304.74455669522,8283.57780709198,1
stress_Far_03.mat,8203,9603005,FB-CMPSO,1500,1445,200,0,765,0.1762389,4236.63082128299,4225.19264947906,0,0,0,1,1,0,0,0,201,260,1304.74455669522,8283.57780709198,1
stress_Far_03.mat,8203,9603005,FB-CMPSO,2500,2500,200,0,1428,0.2990575,4236.63082128299,4225.19264947906,0,0,0,1,1,0,0,0,201,260,1304.74455669522,8283.57780709198,1
stress_Far_03.mat,8203,9603006,Repair,500,36,0,0,0,0.0040768,5541.37537797821,5531.82776235191,0,0,0,1,NaN,NaN,NaN,NaN,NaN,NaN,NaN,8283.57780709198,1
stress_Far_03.mat,8203,9603006,Repair,1000,36,0,0,0,0.0040768,5541.37537797821,5531.82776235191,0,0,0,1,NaN,NaN,NaN,NaN,NaN,NaN,NaN,8283.57780709198,1
stress_Far_03.mat,8203,9603006,Repair,1500,36,0,0,0,0.0040768,5541.37537797821,5531.82776235191,0,0,0,1,NaN,NaN,NaN,NaN,NaN,NaN,NaN,8283.57780709198,1
stress_Far_03.mat,8203,9603006,Repair,2500,36,0,0,0,0.0040768,5541.37537797821,5531.82776235191,0,0,0,1,NaN,NaN,NaN,NaN,NaN,NaN,NaN,8283.57780709198,1
stress_Far_03.mat,8203,9603006,WarmPSO,500,500,200,0,0,0.0722883,5541.37537797821,5531.82776235191,0,0,0,1,1,0,0,0,201,NaN,NaN,8283.57780709198,0
stress_Far_03.mat,8203,9603006,WarmPSO,1000,980,200,0,0,0.1236129,5541.37537797821,5531.82776235191,0,0,0,1,1,0,0,0,201,NaN,NaN,8283.57780709198,0
stress_Far_03.mat,8203,9603006,WarmPSO,1500,1490,200,0,0,0.1894404,5541.37537797821,5531.82776235191,0,0,0,1,1,0,0,0,201,NaN,NaN,8283.57780709198,0
stress_Far_03.mat,8203,9603006,WarmPSO,2500,2500,200,0,0,0.2941109,5541.37537797821,5531.82776235191,0,0,0,1,1,0,0,0,201,NaN,NaN,8283.57780709198,0
stress_Far_03.mat,8203,9603006,AlwaysVND,500,473,200,0,153,0.0533536,5062.55124952601,5055.16564275002,0,0,0,1,1,0,0,0,201,260,1020.79677141153,8283.57780709198,1
stress_Far_03.mat,8203,9603006,AlwaysVND,1000,959,200,0,459,0.1096785,4228.09578711617,4222.08347487876,0,0,0,1,1,0,0,0,201,260,1855.25223382137,8283.57780709198,1
stress_Far_03.mat,8203,9603006,AlwaysVND,1500,1445,200,0,765,0.1751263,4228.09578711617,4222.08347487876,0,0,0,1,1,0,0,0,201,260,1855.25223382137,8283.57780709198,1
stress_Far_03.mat,8203,9603006,AlwaysVND,2500,2500,200,0,1428,0.299845,4089.07274788465,4081.43403642609,0,0,0,1,1,0,0,0,201,260,1994.27527305289,8283.57780709198,1
stress_Far_03.mat,8203,9603006,FB-CMPSO,500,473,200,0,153,0.0556966,5062.55124952601,5055.16564275002,0,0,0,1,1,0,0,0,201,260,1020.79677141153,8283.57780709198,1
stress_Far_03.mat,8203,9603006,FB-CMPSO,1000,959,200,0,459,0.1121431,4228.09578711617,4222.08347487876,0,0,0,1,1,0,0,0,201,260,1855.25223382137,8283.57780709198,1
stress_Far_03.mat,8203,9603006,FB-CMPSO,1500,1445,200,0,765,0.1803367,4228.09578711617,4222.08347487876,0,0,0,1,1,0,0,0,201,260,1855.25223382137,8283.57780709198,1
stress_Far_03.mat,8203,9603006,FB-CMPSO,2500,2500,200,0,1428,0.33447,4089.07274788465,4081.43403642609,0,0,0,1,1,0,0,0,201,260,1994.27527305289,8283.57780709198,1
stress_Far_03.mat,8203,9603007,Repair,500,36,0,0,0,0.0041134,5541.37537797821,5531.82776235191,0,0,0,1,NaN,NaN,NaN,NaN,NaN,NaN,NaN,8283.57780709198,1
stress_Far_03.mat,8203,9603007,Repair,1000,36,0,0,0,0.0041134,5541.37537797821,5531.82776235191,0,0,0,1,NaN,NaN,NaN,NaN,NaN,NaN,NaN,8283.57780709198,1
stress_Far_03.mat,8203,9603007,Repair,1500,36,0,0,0,0.0041134,5541.37537797821,5531.82776235191,0,0,0,1,NaN,NaN,NaN,NaN,NaN,NaN,NaN,8283.57780709198,1
stress_Far_03.mat,8203,9603007,Repair,2500,36,0,0,0,0.0041134,5541.37537797821,5531.82776235191,0,0,0,1,NaN,NaN,NaN,NaN,NaN,NaN,NaN,8283.57780709198,1
stress_Far_03.mat,8203,9603007,WarmPSO,500,500,200,0,0,0.0652175,5756.00898215988,5744.31758950975,0,0,0,1,1,0,0,0,201,NaN,NaN,8283.57780709198,0
stress_Far_03.mat,8203,9603007,WarmPSO,1000,980,200,0,0,0.1276005,5756.00898215988,5744.31758950975,0,0,0,1,1,0,0,0,201,NaN,NaN,8283.57780709198,0
stress_Far_03.mat,8203,9603007,WarmPSO,1500,1490,200,0,0,0.2100029,5756.00898215988,5744.31758950975,0,0,0,1,1,0,0,0,201,NaN,NaN,8283.57780709198,0
stress_Far_03.mat,8203,9603007,WarmPSO,2500,2500,200,0,0,0.3404384,5756.00898215988,5744.31758950975,0,0,0,1,1,0,0,0,201,NaN,NaN,8283.57780709198,0
stress_Far_03.mat,8203,9603007,AlwaysVND,500,473,200,0,153,0.0610779,5589.36062758378,5576.87499513417,0,0,0,1,1,0,0,0,201,260,166.648354576098,8283.57780709198,0
stress_Far_03.mat,8203,9603007,AlwaysVND,1000,959,200,0,459,0.1322699,5117.45307169322,5103.96708852786,0,0,0,1,1,0,0,0,201,260,638.55591046666,8283.57780709198,1
stress_Far_03.mat,8203,9603007,AlwaysVND,1500,1445,200,0,765,0.2014046,4325.344369968,4315.7138616981,0,0,0,1,1,0,0,0,201,260,1430.66461219188,8283.57780709198,1
stress_Far_03.mat,8203,9603007,AlwaysVND,2500,2500,200,0,1428,0.3285553,4089.07274788465,4081.43403642609,0,0,0,1,1,0,0,0,201,260,1666.93623427523,8283.57780709198,1
stress_Far_03.mat,8203,9603007,FB-CMPSO,500,473,200,0,153,0.0576012,5589.36062758378,5576.87499513417,0,0,0,1,1,0,0,0,201,260,166.648354576098,8283.57780709198,0
stress_Far_03.mat,8203,9603007,FB-CMPSO,1000,959,200,0,459,0.1176775,5117.45307169322,5103.96708852786,0,0,0,1,1,0,0,0,201,260,638.55591046666,8283.57780709198,1
stress_Far_03.mat,8203,9603007,FB-CMPSO,1500,1445,200,0,765,0.1749702,4325.344369968,4315.7138616981,0,0,0,1,1,0,0,0,201,260,1430.66461219188,8283.57780709198,1
stress_Far_03.mat,8203,9603007,FB-CMPSO,2500,2500,200,0,1428,0.3140169,4089.07274788465,4081.43403642609,0,0,0,1,1,0,0,0,201,260,1666.93623427523,8283.57780709198,1
stress_Far_03.mat,8203,9603008,Repair,500,36,0,0,0,0.0031165,5541.37537797821,5531.82776235191,0,0,0,1,NaN,NaN,NaN,NaN,NaN,NaN,NaN,8283.57780709198,1
stress_Far_03.mat,8203,9603008,Repair,1000,36,0,0,0,0.0031165,5541.37537797821,5531.82776235191,0,0,0,1,NaN,NaN,NaN,NaN,NaN,NaN,NaN,8283.57780709198,1
stress_Far_03.mat,8203,9603008,Repair,1500,36,0,0,0,0.0031165,5541.37537797821,5531.82776235191,0,0,0,1,NaN,NaN,NaN,NaN,NaN,NaN,NaN,8283.57780709198,1
stress_Far_03.mat,8203,9603008,Repair,2500,36,0,0,0,0.0031165,5541.37537797821,5531.82776235191,0,0,0,1,NaN,NaN,NaN,NaN,NaN,NaN,NaN,8283.57780709198,1
stress_Far_03.mat,8203,9603008,WarmPSO,500,500,200,0,0,0.0542158,5541.37537797821,5531.82776235191,0,0,0,1,1,0,0,0,201,NaN,NaN,8283.57780709198,0
stress_Far_03.mat,8203,9603008,WarmPSO,1000,980,200,0,0,0.105759,5541.37537797821,5531.82776235191,0,0,0,1,1,0,0,0,201,NaN,NaN,8283.57780709198,0
stress_Far_03.mat,8203,9603008,WarmPSO,1500,1490,200,0,0,0.158966,5541.37537797821,5531.82776235191,0,0,0,1,1,0,0,0,201,NaN,NaN,8283.57780709198,0
stress_Far_03.mat,8203,9603008,WarmPSO,2500,2500,200,0,0,0.2630954,5541.37537797821,5531.82776235191,0,0,0,1,1,0,0,0,201,NaN,NaN,8283.57780709198,0
stress_Far_03.mat,8203,9603008,AlwaysVND,500,473,200,0,153,0.0554713,5115.4913778566,5101.01010804282,0,0,0,1,1,0,0,0,201,260,425.884000121611,8283.57780709198,1
stress_Far_03.mat,8203,9603008,AlwaysVND,1000,959,200,0,459,0.1109099,4727.83764329498,4712.45781116099,0,0,0,1,1,0,0,0,201,260,813.537734683235,8283.57780709198,1
stress_Far_03.mat,8203,9603008,AlwaysVND,1500,1445,200,0,765,0.1680833,4319.71006315055,4306.40504777003,0,0,0,1,1,0,0,0,201,260,1221.66531482766,8283.57780709198,1
stress_Far_03.mat,8203,9603008,AlwaysVND,2500,2500,200,0,1428,0.3092715,4319.71006315055,4306.40504777003,0,0,0,1,1,0,0,0,201,260,1221.66531482766,8283.57780709198,1
stress_Far_03.mat,8203,9603008,FB-CMPSO,500,473,200,0,153,0.0541729,5115.4913778566,5101.01010804282,0,0,0,1,1,0,0,0,201,260,425.884000121611,8283.57780709198,1
stress_Far_03.mat,8203,9603008,FB-CMPSO,1000,959,200,0,459,0.1127833,4727.83764329498,4712.45781116099,0,0,0,1,1,0,0,0,201,260,813.537734683235,8283.57780709198,1
stress_Far_03.mat,8203,9603008,FB-CMPSO,1500,1445,200,0,765,0.1736696,4319.71006315055,4306.40504777003,0,0,0,1,1,0,0,0,201,260,1221.66531482766,8283.57780709198,1
stress_Far_03.mat,8203,9603008,FB-CMPSO,2500,2500,200,0,1428,0.3015599,4319.71006315055,4306.40504777003,0,0,0,1,1,0,0,0,201,260,1221.66531482766,8283.57780709198,1
stress_Far_03.mat,8203,9603009,Repair,500,36,0,0,0,0.0032453,5541.37537797821,5531.82776235191,0,0,0,1,NaN,NaN,NaN,NaN,NaN,NaN,NaN,8283.57780709198,1
stress_Far_03.mat,8203,9603009,Repair,1000,36,0,0,0,0.0032453,5541.37537797821,5531.82776235191,0,0,0,1,NaN,NaN,NaN,NaN,NaN,NaN,NaN,8283.57780709198,1
stress_Far_03.mat,8203,9603009,Repair,1500,36,0,0,0,0.0032453,5541.37537797821,5531.82776235191,0,0,0,1,NaN,NaN,NaN,NaN,NaN,NaN,NaN,8283.57780709198,1
stress_Far_03.mat,8203,9603009,Repair,2500,36,0,0,0,0.0032453,5541.37537797821,5531.82776235191,0,0,0,1,NaN,NaN,NaN,NaN,NaN,NaN,NaN,8283.57780709198,1
stress_Far_03.mat,8203,9603009,WarmPSO,500,500,200,0,0,0.0680348,5756.00898215988,5744.31758950975,0,0,0,1,1,0,0,0,201,NaN,NaN,8283.57780709198,0
stress_Far_03.mat,8203,9603009,WarmPSO,1000,980,200,0,0,0.1200156,5756.00898215988,5744.31758950975,0,0,0,1,1,0,0,0,201,NaN,NaN,8283.57780709198,0
stress_Far_03.mat,8203,9603009,WarmPSO,1500,1490,200,0,0,0.1710906,5756.00898215988,5744.31758950975,0,0,0,1,1,0,0,0,201,NaN,NaN,8283.57780709198,0
stress_Far_03.mat,8203,9603009,WarmPSO,2500,2500,200,0,0,0.2747775,5541.37537797821,5531.82776235191,0,0,0,1,1,0,0,0,201,NaN,NaN,8283.57780709198,0
stress_Far_03.mat,8203,9603009,AlwaysVND,500,473,200,0,153,0.053484,5362.01848333731,5350.957061602,0,0,0,1,1,0,0,0,201,260,393.990498822573,8283.57780709198,1
stress_Far_03.mat,8203,9603009,AlwaysVND,1000,959,200,0,459,0.1096788,5295.73787119759,5284.87134568224,0,0,0,1,1,0,0,0,201,260,460.271110962291,8283.57780709198,1
stress_Far_03.mat,8203,9603009,AlwaysVND,1500,1445,200,0,765,0.1662129,4827.82561639055,4819.20211405043,0,0,0,1,1,0,0,0,201,260,928.183365769329,8283.57780709198,1
stress_Far_03.mat,8203,9603009,AlwaysVND,2500,2500,200,0,1428,0.2902111,4393.11462188484,4383.41284035209,0,0,0,1,1,0,0,0,201,260,1362.89436027504,8283.57780709198,1
stress_Far_03.mat,8203,9603009,FB-CMPSO,500,473,200,0,153,0.054159,5362.01848333731,5350.957061602,0,0,0,1,1,0,0,0,201,260,393.990498822573,8283.57780709198,1
stress_Far_03.mat,8203,9603009,FB-CMPSO,1000,959,200,0,459,0.1169295,5295.73787119759,5284.87134568224,0,0,0,1,1,0,0,0,201,260,460.271110962291,8283.57780709198,1
stress_Far_03.mat,8203,9603009,FB-CMPSO,1500,1445,200,0,765,0.1725496,4827.82561639055,4819.20211405043,0,0,0,1,1,0,0,0,201,260,928.183365769329,8283.57780709198,1
stress_Far_03.mat,8203,9603009,FB-CMPSO,2500,2500,200,0,1428,0.3007,4393.11462188484,4383.41284035209,0,0,0,1,1,0,0,0,201,260,1362.89436027504,8283.57780709198,1
stress_Far_03.mat,8203,9603010,Repair,500,36,0,0,0,0.0037975,5541.37537797821,5531.82776235191,0,0,0,1,NaN,NaN,NaN,NaN,NaN,NaN,NaN,8283.57780709198,1
stress_Far_03.mat,8203,9603010,Repair,1000,36,0,0,0,0.0037975,5541.37537797821,5531.82776235191,0,0,0,1,NaN,NaN,NaN,NaN,NaN,NaN,NaN,8283.57780709198,1
stress_Far_03.mat,8203,9603010,Repair,1500,36,0,0,0,0.0037975,5541.37537797821,5531.82776235191,0,0,0,1,NaN,NaN,NaN,NaN,NaN,NaN,NaN,8283.57780709198,1
stress_Far_03.mat,8203,9603010,Repair,2500,36,0,0,0,0.0037975,5541.37537797821,5531.82776235191,0,0,0,1,NaN,NaN,NaN,NaN,NaN,NaN,NaN,8283.57780709198,1
stress_Far_03.mat,8203,9603010,WarmPSO,500,500,200,0,0,0.0526191,5756.00898215988,5744.31758950975,0,0,0,1,1,0,0,0,201,NaN,NaN,8283.57780709198,0
stress_Far_03.mat,8203,9603010,WarmPSO,1000,980,200,0,0,0.101606,5756.00898215988,5744.31758950975,0,0,0,1,1,0,0,0,201,NaN,NaN,8283.57780709198,0
stress_Far_03.mat,8203,9603010,WarmPSO,1500,1490,200,0,0,0.1564293,5756.00898215988,5744.31758950975,0,0,0,1,1,0,0,0,201,NaN,NaN,8283.57780709198,0
stress_Far_03.mat,8203,9603010,WarmPSO,2500,2500,200,0,0,0.2735479,5756.00898215988,5744.31758950975,0,0,0,1,1,0,0,0,201,NaN,NaN,8283.57780709198,0
stress_Far_03.mat,8203,9603010,AlwaysVND,500,473,200,0,153,0.0535668,5169.30018424406,5159.30788275342,0,0,0,1,1,0,0,0,201,260,586.708797915817,8283.57780709198,1
stress_Far_03.mat,8203,9603010,AlwaysVND,1000,959,200,0,459,0.1095821,4859.16835091221,4851.02804550696,0,0,0,1,1,0,0,0,201,260,896.840631247665,8283.57780709198,1
stress_Far_03.mat,8203,9603010,AlwaysVND,1500,1445,200,0,765,0.1640389,4228.09578711617,4222.08347487876,0,0,0,1,1,0,0,0,201,260,1527.91319504371,8283.57780709198,1
stress_Far_03.mat,8203,9603010,AlwaysVND,2500,2500,200,0,1428,0.2876376,4089.07274788465,4081.43403642609,0,0,0,1,1,0,0,0,201,260,1666.93623427523,8283.57780709198,1
stress_Far_03.mat,8203,9603010,FB-CMPSO,500,473,200,0,153,0.05064,5169.30018424406,5159.30788275342,0,0,0,1,1,0,0,0,201,260,586.708797915817,8283.57780709198,1
stress_Far_03.mat,8203,9603010,FB-CMPSO,1000,959,200,0,459,0.1063035,4859.16835091221,4851.02804550696,0,0,0,1,1,0,0,0,201,260,896.840631247665,8283.57780709198,1
stress_Far_03.mat,8203,9603010,FB-CMPSO,1500,1445,200,0,765,0.1626838,4228.09578711617,4222.08347487876,0,0,0,1,1,0,0,0,201,260,1527.91319504371,8283.57780709198,1
stress_Far_03.mat,8203,9603010,FB-CMPSO,2500,2500,200,0,1428,0.2880127,4089.07274788465,4081.43403642609,0,0,0,1,1,0,0,0,201,260,1666.93623427523,8283.57780709198,1
stress_Far_03.mat,8203,9603011,Repair,500,36,0,0,0,0.0032772,5541.37537797821,5531.82776235191,0,0,0,1,NaN,NaN,NaN,NaN,NaN,NaN,NaN,8283.57780709198,1
stress_Far_03.mat,8203,9603011,Repair,1000,36,0,0,0,0.0032772,5541.37537797821,5531.82776235191,0,0,0,1,NaN,NaN,NaN,NaN,NaN,NaN,NaN,8283.57780709198,1
stress_Far_03.mat,8203,9603011,Repair,1500,36,0,0,0,0.0032772,5541.37537797821,5531.82776235191,0,0,0,1,NaN,NaN,NaN,NaN,NaN,NaN,NaN,8283.57780709198,1
stress_Far_03.mat,8203,9603011,Repair,2500,36,0,0,0,0.0032772,5541.37537797821,5531.82776235191,0,0,0,1,NaN,NaN,NaN,NaN,NaN,NaN,NaN,8283.57780709198,1
stress_Far_03.mat,8203,9603011,WarmPSO,500,500,200,0,0,0.066115,5541.37537797821,5531.82776235191,0,0,0,1,1,0,0,0,201,NaN,NaN,8283.57780709198,0
stress_Far_03.mat,8203,9603011,WarmPSO,1000,980,200,0,0,0.1158277,5541.37537797821,5531.82776235191,0,0,0,1,1,0,0,0,201,NaN,NaN,8283.57780709198,0
stress_Far_03.mat,8203,9603011,WarmPSO,1500,1490,200,0,0,0.1723516,5541.37537797821,5531.82776235191,0,0,0,1,1,0,0,0,201,NaN,NaN,8283.57780709198,0
stress_Far_03.mat,8203,9603011,WarmPSO,2500,2500,200,0,0,0.2739516,5541.37537797821,5531.82776235191,0,0,0,1,1,0,0,0,201,NaN,NaN,8283.57780709198,0
stress_Far_03.mat,8203,9603011,AlwaysVND,500,473,200,0,153,0.0593283,4956.77500134685,4949.3860005874,0,0,0,1,1,0,0,0,201,260,584.600376631359,8283.57780709198,1
stress_Far_03.mat,8203,9603011,AlwaysVND,1000,959,200,0,459,0.1143112,4375.65386051452,4365.84208793173,0,0,0,1,1,0,0,0,201,260,1165.7215174637,8283.57780709198,1
stress_Far_03.mat,8203,9603011,AlwaysVND,1500,1445,200,0,765,0.1755983,4375.65386051452,4365.84208793173,0,0,0,1,1,0,0,0,201,260,1165.7215174637,8283.57780709198,1
stress_Far_03.mat,8203,9603011,AlwaysVND,2500,2500,200,0,1428,0.3250197,4236.63082128299,4225.19264947906,0,0,0,1,1,0,0,0,201,260,1304.74455669522,8283.57780709198,1
stress_Far_03.mat,8203,9603011,FB-CMPSO,500,473,200,0,153,0.0524146,4956.77500134685,4949.3860005874,0,0,0,1,1,0,0,0,201,260,584.600376631359,8283.57780709198,1
stress_Far_03.mat,8203,9603011,FB-CMPSO,1000,959,200,0,459,0.1101493,4375.65386051452,4365.84208793173,0,0,0,1,1,0,0,0,201,260,1165.7215174637,8283.57780709198,1
stress_Far_03.mat,8203,9603011,FB-CMPSO,1500,1445,200,0,765,0.1703817,4375.65386051452,4365.84208793173,0,0,0,1,1,0,0,0,201,260,1165.7215174637,8283.57780709198,1
stress_Far_03.mat,8203,9603011,FB-CMPSO,2500,2500,200,0,1428,0.2967316,4236.63082128299,4225.19264947906,0,0,0,1,1,0,0,0,201,260,1304.74455669522,8283.57780709198,1
stress_Far_03.mat,8203,9603012,Repair,500,36,0,0,0,0.0032215,5541.37537797821,5531.82776235191,0,0,0,1,NaN,NaN,NaN,NaN,NaN,NaN,NaN,8283.57780709198,1
stress_Far_03.mat,8203,9603012,Repair,1000,36,0,0,0,0.0032215,5541.37537797821,5531.82776235191,0,0,0,1,NaN,NaN,NaN,NaN,NaN,NaN,NaN,8283.57780709198,1
stress_Far_03.mat,8203,9603012,Repair,1500,36,0,0,0,0.0032215,5541.37537797821,5531.82776235191,0,0,0,1,NaN,NaN,NaN,NaN,NaN,NaN,NaN,8283.57780709198,1
stress_Far_03.mat,8203,9603012,Repair,2500,36,0,0,0,0.0032215,5541.37537797821,5531.82776235191,0,0,0,1,NaN,NaN,NaN,NaN,NaN,NaN,NaN,8283.57780709198,1
stress_Far_03.mat,8203,9603012,WarmPSO,500,500,200,0,0,0.0526801,5541.37537797821,5531.82776235191,0,0,0,1,1,0,0,0,201,NaN,NaN,8283.57780709198,0
stress_Far_03.mat,8203,9603012,WarmPSO,1000,980,200,0,0,0.1022508,5541.37537797821,5531.82776235191,0,0,0,1,1,0,0,0,201,NaN,NaN,8283.57780709198,0
stress_Far_03.mat,8203,9603012,WarmPSO,1500,1490,200,0,0,0.1565204,5541.37537797821,5531.82776235191,0,0,0,1,1,0,0,0,201,NaN,NaN,8283.57780709198,0
stress_Far_03.mat,8203,9603012,WarmPSO,2500,2500,200,0,0,0.2586497,5541.37537797821,5531.82776235191,0,0,0,1,1,0,0,0,201,NaN,NaN,8283.57780709198,0
stress_Far_03.mat,8203,9603012,AlwaysVND,500,473,200,0,153,0.054353,4956.63337847932,4949.58694883976,0,0,0,1,1,0,0,0,201,260,584.741999498892,8283.57780709198,1
stress_Far_03.mat,8203,9603012,AlwaysVND,1000,959,200,0,459,0.1138722,4228.09578711617,4222.08347487876,0,0,0,1,1,0,0,0,201,260,1313.27959086204,8283.57780709198,1
stress_Far_03.mat,8203,9603012,AlwaysVND,1500,1445,200,0,765,0.1723481,4228.09578711617,4222.08347487876,0,0,0,1,1,0,0,0,201,260,1313.27959086204,8283.57780709198,1
stress_Far_03.mat,8203,9603012,AlwaysVND,2500,2500,200,0,1428,0.3055269,4089.07274788465,4081.43403642609,0,0,0,1,1,0,0,0,201,260,1452.30263009356,8283.57780709198,1
stress_Far_03.mat,8203,9603012,FB-CMPSO,500,473,200,0,153,0.0582677,4956.63337847932,4949.58694883976,0,0,0,1,1,0,0,0,201,260,584.741999498892,8283.57780709198,1
stress_Far_03.mat,8203,9603012,FB-CMPSO,1000,959,200,0,459,0.1184416,4228.09578711617,4222.08347487876,0,0,0,1,1,0,0,0,201,260,1313.27959086204,8283.57780709198,1
stress_Far_03.mat,8203,9603012,FB-CMPSO,1500,1445,200,0,765,0.1754715,4228.09578711617,4222.08347487876,0,0,0,1,1,0,0,0,201,260,1313.27959086204,8283.57780709198,1
stress_Far_03.mat,8203,9603012,FB-CMPSO,2500,2500,200,0,1428,0.2996187,4089.07274788465,4081.43403642609,0,0,0,1,1,0,0,0,201,260,1452.30263009356,8283.57780709198,1
stress_Far_03.mat,8203,9603013,Repair,500,36,0,0,0,0.0034738,5541.37537797821,5531.82776235191,0,0,0,1,NaN,NaN,NaN,NaN,NaN,NaN,NaN,8283.57780709198,1
stress_Far_03.mat,8203,9603013,Repair,1000,36,0,0,0,0.0034738,5541.37537797821,5531.82776235191,0,0,0,1,NaN,NaN,NaN,NaN,NaN,NaN,NaN,8283.57780709198,1
stress_Far_03.mat,8203,9603013,Repair,1500,36,0,0,0,0.0034738,5541.37537797821,5531.82776235191,0,0,0,1,NaN,NaN,NaN,NaN,NaN,NaN,NaN,8283.57780709198,1
stress_Far_03.mat,8203,9603013,Repair,2500,36,0,0,0,0.0034738,5541.37537797821,5531.82776235191,0,0,0,1,NaN,NaN,NaN,NaN,NaN,NaN,NaN,8283.57780709198,1
stress_Far_03.mat,8203,9603013,WarmPSO,500,500,200,0,0,0.0535767,5541.37537797821,5531.82776235191,0,0,0,1,1,0,0,0,201,NaN,NaN,8283.57780709198,0
stress_Far_03.mat,8203,9603013,WarmPSO,1000,980,200,0,0,0.1025633,5541.37537797821,5531.82776235191,0,0,0,1,1,0,0,0,201,NaN,NaN,8283.57780709198,0
stress_Far_03.mat,8203,9603013,WarmPSO,1500,1490,200,0,0,0.1540053,5541.37537797821,5531.82776235191,0,0,0,1,1,0,0,0,201,NaN,NaN,8283.57780709198,0
stress_Far_03.mat,8203,9603013,WarmPSO,2500,2500,200,0,0,0.266491,5541.37537797821,5531.82776235191,0,0,0,1,1,0,0,0,201,NaN,NaN,8283.57780709198,0
stress_Far_03.mat,8203,9603013,AlwaysVND,500,473,200,0,153,0.0536464,4512.1495590523,4506.18491683338,0,0,0,1,1,0,0,0,201,260,1029.22581892591,8283.57780709198,1
stress_Far_03.mat,8203,9603013,AlwaysVND,1000,959,200,0,459,0.1128884,4228.09578711617,4222.08347487876,0,0,0,1,1,0,0,0,201,260,1313.27959086204,8283.57780709198,1
stress_Far_03.mat,8203,9603013,AlwaysVND,1500,1445,200,0,765,0.1692224,4228.09578711617,4222.08347487876,0,0,0,1,1,0,0,0,201,260,1313.27959086204,8283.57780709198,1
stress_Far_03.mat,8203,9603013,AlwaysVND,2500,2500,200,0,1428,0.3016327,4228.09578711617,4222.08347487876,0,0,0,1,1,0,0,0,201,260,1313.27959086204,8283.57780709198,1
stress_Far_03.mat,8203,9603013,FB-CMPSO,500,473,200,0,153,0.0535987,4512.1495590523,4506.18491683338,0,0,0,1,1,0,0,0,201,260,1029.22581892591,8283.57780709198,1
stress_Far_03.mat,8203,9603013,FB-CMPSO,1000,959,200,0,459,0.1164635,4228.09578711617,4222.08347487876,0,0,0,1,1,0,0,0,201,260,1313.27959086204,8283.57780709198,1
stress_Far_03.mat,8203,9603013,FB-CMPSO,1500,1445,200,0,765,0.1737177,4228.09578711617,4222.08347487876,0,0,0,1,1,0,0,0,201,260,1313.27959086204,8283.57780709198,1
stress_Far_03.mat,8203,9603013,FB-CMPSO,2500,2500,200,0,1428,0.3128085,4228.09578711617,4222.08347487876,0,0,0,1,1,0,0,0,201,260,1313.27959086204,8283.57780709198,1
stress_Far_03.mat,8203,9603014,Repair,500,36,0,0,0,0.0035443,5541.37537797821,5531.82776235191,0,0,0,1,NaN,NaN,NaN,NaN,NaN,NaN,NaN,8283.57780709198,1
stress_Far_03.mat,8203,9603014,Repair,1000,36,0,0,0,0.0035443,5541.37537797821,5531.82776235191,0,0,0,1,NaN,NaN,NaN,NaN,NaN,NaN,NaN,8283.57780709198,1
stress_Far_03.mat,8203,9603014,Repair,1500,36,0,0,0,0.0035443,5541.37537797821,5531.82776235191,0,0,0,1,NaN,NaN,NaN,NaN,NaN,NaN,NaN,8283.57780709198,1
stress_Far_03.mat,8203,9603014,Repair,2500,36,0,0,0,0.0035443,5541.37537797821,5531.82776235191,0,0,0,1,NaN,NaN,NaN,NaN,NaN,NaN,NaN,8283.57780709198,1
stress_Far_03.mat,8203,9603014,WarmPSO,500,500,200,0,0,0.0529192,5756.00898215988,5744.31758950975,0,0,0,1,1,0,0,0,201,NaN,NaN,8283.57780709198,0
stress_Far_03.mat,8203,9603014,WarmPSO,1000,980,200,0,0,0.1022044,5756.00898215988,5744.31758950975,0,0,0,1,1,0,0,0,201,NaN,NaN,8283.57780709198,0
stress_Far_03.mat,8203,9603014,WarmPSO,1500,1490,200,0,0,0.1557268,5756.00898215988,5744.31758950975,0,0,0,1,1,0,0,0,201,NaN,NaN,8283.57780709198,0
stress_Far_03.mat,8203,9603014,WarmPSO,2500,2500,200,0,0,0.2582439,5541.37537797821,5531.82776235191,0,0,0,1,1,0,0,0,201,NaN,NaN,8283.57780709198,0
stress_Far_03.mat,8203,9603014,AlwaysVND,500,473,200,0,153,0.053439,5161.71421795091,5151.81043576351,0,0,0,1,1,0,0,0,201,260,594.29476420897,8283.57780709198,1
stress_Far_03.mat,8203,9603014,AlwaysVND,1000,959,200,0,459,0.1100263,5132.37870441494,5122.99085965369,0,0,0,1,1,0,0,0,201,260,623.630277744943,8283.57780709198,1
stress_Far_03.mat,8203,9603014,AlwaysVND,1500,1445,200,0,765,0.1644261,4434.33811257132,4426.64417581439,0,0,0,1,1,0,0,0,201,260,1321.67086958856,8283.57780709198,1
stress_Far_03.mat,8203,9603014,AlwaysVND,2500,2500,200,0,1428,0.2921507,4295.3150733398,4285.99473736172,0,0,0,1,1,0,0,0,201,260,1460.69390882008,8283.57780709198,1
stress_Far_03.mat,8203,9603014,FB-CMPSO,500,473,200,0,153,0.0535808,5161.71421795091,5151.81043576351,0,0,0,1,1,0,0,0,201,260,594.29476420897,8283.57780709198,1
stress_Far_03.mat,8203,9603014,FB-CMPSO,1000,959,200,0,459,0.1120486,5132.37870441494,5122.99085965369,0,0,0,1,1,0,0,0,201,260,623.630277744943,8283.57780709198,1
stress_Far_03.mat,8203,9603014,FB-CMPSO,1500,1445,200,0,765,0.171337,4434.33811257132,4426.64417581439,0,0,0,1,1,0,0,0,201,260,1321.67086958856,8283.57780709198,1
stress_Far_03.mat,8203,9603014,FB-CMPSO,2500,2500,200,0,1428,0.2987822,4295.3150733398,4285.99473736172,0,0,0,1,1,0,0,0,201,260,1460.69390882008,8283.57780709198,1
stress_Far_03.mat,8203,9603015,Repair,500,36,0,0,0,0.0032403,5541.37537797821,5531.82776235191,0,0,0,1,NaN,NaN,NaN,NaN,NaN,NaN,NaN,8283.57780709198,1
stress_Far_03.mat,8203,9603015,Repair,1000,36,0,0,0,0.0032403,5541.37537797821,5531.82776235191,0,0,0,1,NaN,NaN,NaN,NaN,NaN,NaN,NaN,8283.57780709198,1
stress_Far_03.mat,8203,9603015,Repair,1500,36,0,0,0,0.0032403,5541.37537797821,5531.82776235191,0,0,0,1,NaN,NaN,NaN,NaN,NaN,NaN,NaN,8283.57780709198,1
stress_Far_03.mat,8203,9603015,Repair,2500,36,0,0,0,0.0032403,5541.37537797821,5531.82776235191,0,0,0,1,NaN,NaN,NaN,NaN,NaN,NaN,NaN,8283.57780709198,1
stress_Far_03.mat,8203,9603015,WarmPSO,500,500,200,0,0,0.0550723,5541.37537797821,5531.82776235191,0,0,0,1,1,0,0,0,201,NaN,NaN,8283.57780709198,0
stress_Far_03.mat,8203,9603015,WarmPSO,1000,980,200,0,0,0.1162683,5541.37537797821,5531.82776235191,0,0,0,1,1,0,0,0,201,NaN,NaN,8283.57780709198,0
stress_Far_03.mat,8203,9603015,WarmPSO,1500,1490,200,0,0,0.1710163,5541.37537797821,5531.82776235191,0,0,0,1,1,0,0,0,201,NaN,NaN,8283.57780709198,0
stress_Far_03.mat,8203,9603015,WarmPSO,2500,2500,200,0,0,0.2747032,5541.37537797821,5531.82776235191,0,0,0,1,1,0,0,0,201,NaN,NaN,8283.57780709198,0
stress_Far_03.mat,8203,9603015,AlwaysVND,500,473,200,0,153,0.054015,4938.86139390442,4928.58513475676,0,0,0,1,1,0,0,0,201,260,1144.48662703311,8283.57780709198,1
stress_Far_03.mat,8203,9603015,AlwaysVND,1000,959,200,0,459,0.1099939,4609.78033254938,4596.93906103956,0,0,0,1,1,0,0,0,201,260,1473.56768838816,8283.57780709198,1
stress_Far_03.mat,8203,9603015,AlwaysVND,1500,1445,200,0,765,0.1649666,4295.3150733398,4285.99473736172,0,0,0,1,1,0,0,0,201,260,1788.03294759774,8283.57780709198,1
stress_Far_03.mat,8203,9603015,AlwaysVND,2500,2500,200,0,1428,0.2877351,4295.3150733398,4285.99473736172,0,0,0,1,1,0,0,0,201,260,1788.03294759774,8283.57780709198,1
stress_Far_03.mat,8203,9603015,FB-CMPSO,500,473,200,0,153,0.0537937,4938.86139390442,4928.58513475676,0,0,0,1,1,0,0,0,201,260,1144.48662703311,8283.57780709198,1
stress_Far_03.mat,8203,9603015,FB-CMPSO,1000,959,200,0,459,0.1223689,4609.78033254938,4596.93906103956,0,0,0,1,1,0,0,0,201,260,1473.56768838816,8283.57780709198,1
stress_Far_03.mat,8203,9603015,FB-CMPSO,1500,1445,200,0,765,0.1826231,4295.3150733398,4285.99473736172,0,0,0,1,1,0,0,0,201,260,1788.03294759774,8283.57780709198,1
stress_Far_03.mat,8203,9603015,FB-CMPSO,2500,2500,200,0,1428,0.3132564,4295.3150733398,4285.99473736172,0,0,0,1,1,0,0,0,201,260,1788.03294759774,8283.57780709198,1
stress_Far_03.mat,8203,9603016,Repair,500,36,0,0,0,0.003593,5541.37537797821,5531.82776235191,0,0,0,1,NaN,NaN,NaN,NaN,NaN,NaN,NaN,8283.57780709198,1
stress_Far_03.mat,8203,9603016,Repair,1000,36,0,0,0,0.003593,5541.37537797821,5531.82776235191,0,0,0,1,NaN,NaN,NaN,NaN,NaN,NaN,NaN,8283.57780709198,1
stress_Far_03.mat,8203,9603016,Repair,1500,36,0,0,0,0.003593,5541.37537797821,5531.82776235191,0,0,0,1,NaN,NaN,NaN,NaN,NaN,NaN,NaN,8283.57780709198,1
stress_Far_03.mat,8203,9603016,Repair,2500,36,0,0,0,0.003593,5541.37537797821,5531.82776235191,0,0,0,1,NaN,NaN,NaN,NaN,NaN,NaN,NaN,8283.57780709198,1
stress_Far_03.mat,8203,9603016,WarmPSO,500,500,200,0,0,0.0628329,5541.37537797821,5531.82776235191,0,0,0,1,1,0,0,0,201,NaN,NaN,8283.57780709198,0
stress_Far_03.mat,8203,9603016,WarmPSO,1000,980,200,0,0,0.1175579,5541.37537797821,5531.82776235191,0,0,0,1,1,0,0,0,201,NaN,NaN,8283.57780709198,0
stress_Far_03.mat,8203,9603016,WarmPSO,1500,1490,200,0,0,0.1730959,5541.37537797821,5531.82776235191,0,0,0,1,1,0,0,0,201,NaN,NaN,8283.57780709198,0
stress_Far_03.mat,8203,9603016,WarmPSO,2500,2500,200,0,0,0.2873022,5541.37537797821,5531.82776235191,0,0,0,1,1,0,0,0,201,NaN,NaN,8283.57780709198,0
stress_Far_03.mat,8203,9603016,AlwaysVND,500,473,200,0,153,0.0544947,5371.51865321245,5363.26481541905,0,0,0,1,1,0,0,0,201,260,169.856724765758,8283.57780709198,1
stress_Far_03.mat,8203,9603016,AlwaysVND,1000,959,200,0,459,0.1091031,5201.0289332738,5190.11912941294,0,0,0,1,1,0,0,0,201,260,340.346444704408,8283.57780709198,1
stress_Far_03.mat,8203,9603016,AlwaysVND,1500,1445,200,0,765,0.1636632,4458.73310238207,4447.05448622269,0,0,0,1,1,0,0,0,201,260,1082.64227559614,8283.57780709198,1
stress_Far_03.mat,8203,9603016,AlwaysVND,2500,2500,200,0,1428,0.2884406,4427.52882914178,4414.03119389671,0,0,0,1,1,0,0,0,201,260,1113.84654883643,8283.57780709198,1
stress_Far_03.mat,8203,9603016,FB-CMPSO,500,473,200,0,153,0.055627,5371.51865321245,5363.26481541905,0,0,0,1,1,0,0,0,201,260,169.856724765758,8283.57780709198,1
stress_Far_03.mat,8203,9603016,FB-CMPSO,1000,959,200,0,459,0.1119948,5201.0289332738,5190.11912941294,0,0,0,1,1,0,0,0,201,260,340.346444704408,8283.57780709198,1
stress_Far_03.mat,8203,9603016,FB-CMPSO,1500,1445,200,0,765,0.1714433,4458.73310238207,4447.05448622269,0,0,0,1,1,0,0,0,201,260,1082.64227559614,8283.57780709198,1
stress_Far_03.mat,8203,9603016,FB-CMPSO,2500,2500,200,0,1428,0.2945058,4427.52882914178,4414.03119389671,0,0,0,1,1,0,0,0,201,260,1113.84654883643,8283.57780709198,1
stress_Far_03.mat,8203,9603017,Repair,500,36,0,0,0,0.0036341,5541.37537797821,5531.82776235191,0,0,0,1,NaN,NaN,NaN,NaN,NaN,NaN,NaN,8283.57780709198,1
stress_Far_03.mat,8203,9603017,Repair,1000,36,0,0,0,0.0036341,5541.37537797821,5531.82776235191,0,0,0,1,NaN,NaN,NaN,NaN,NaN,NaN,NaN,8283.57780709198,1
stress_Far_03.mat,8203,9603017,Repair,1500,36,0,0,0,0.0036341,5541.37537797821,5531.82776235191,0,0,0,1,NaN,NaN,NaN,NaN,NaN,NaN,NaN,8283.57780709198,1
stress_Far_03.mat,8203,9603017,Repair,2500,36,0,0,0,0.0036341,5541.37537797821,5531.82776235191,0,0,0,1,NaN,NaN,NaN,NaN,NaN,NaN,NaN,8283.57780709198,1
stress_Far_03.mat,8203,9603017,WarmPSO,500,500,200,0,0,0.0545379,5756.00898215988,5744.31758950975,0,0,0,1,1,0,0,0,201,NaN,NaN,8283.57780709198,0
stress_Far_03.mat,8203,9603017,WarmPSO,1000,980,200,0,0,0.1043191,5541.37537797821,5531.82776235191,0,0,0,1,1,0,0,0,201,NaN,NaN,8283.57780709198,0
stress_Far_03.mat,8203,9603017,WarmPSO,1500,1490,200,0,0,0.1578089,5541.37537797821,5531.82776235191,0,0,0,1,1,0,0,0,201,NaN,NaN,8283.57780709198,0
stress_Far_03.mat,8203,9603017,WarmPSO,2500,2500,200,0,0,0.263802,5541.37537797821,5531.82776235191,0,0,0,1,1,0,0,0,201,NaN,NaN,8283.57780709198,0
stress_Far_03.mat,8203,9603017,AlwaysVND,500,473,200,0,153,0.0550477,5214.4681159346,5203.9888812166,0,0,0,1,1,0,0,0,201,260,541.540866225279,8283.57780709198,1
stress_Far_03.mat,8203,9603017,AlwaysVND,1000,959,200,0,459,0.1152656,4933.04955806685,4925.77117274623,0,0,0,1,1,0,0,0,201,260,822.959424093024,8283.57780709198,1
stress_Far_03.mat,8203,9603017,AlwaysVND,1500,1445,200,0,765,0.1838301,4933.04955806685,4925.77117274623,0,0,0,1,1,0,0,0,201,260,822.959424093024,8283.57780709198,1
stress_Far_03.mat,8203,9603017,AlwaysVND,2500,2500,200,0,1428,0.3100235,4497.20356426812,4490.03970560869,0,0,0,1,1,0,0,0,201,260,1258.80541789175,8283.57780709198,1
stress_Far_03.mat,8203,9603017,FB-CMPSO,500,473,200,0,153,0.0534007,5214.4681159346,5203.9888812166,0,0,0,1,1,0,0,0,201,260,541.540866225279,8283.57780709198,1
stress_Far_03.mat,8203,9603017,FB-CMPSO,1000,959,200,0,459,0.110096,4933.04955806685,4925.77117274623,0,0,0,1,1,0,0,0,201,260,822.959424093024,8283.57780709198,1
stress_Far_03.mat,8203,9603017,FB-CMPSO,1500,1445,200,0,765,0.1658881,4933.04955806685,4925.77117274623,0,0,0,1,1,0,0,0,201,260,822.959424093024,8283.57780709198,1
stress_Far_03.mat,8203,9603017,FB-CMPSO,2500,2500,200,0,1428,0.2900549,4497.20356426812,4490.03970560869,0,0,0,1,1,0,0,0,201,260,1258.80541789175,8283.57780709198,1
stress_Far_03.mat,8203,9603018,Repair,500,36,0,0,0,0.0030343,5541.37537797821,5531.82776235191,0,0,0,1,NaN,NaN,NaN,NaN,NaN,NaN,NaN,8283.57780709198,1
stress_Far_03.mat,8203,9603018,Repair,1000,36,0,0,0,0.0030343,5541.37537797821,5531.82776235191,0,0,0,1,NaN,NaN,NaN,NaN,NaN,NaN,NaN,8283.57780709198,1
stress_Far_03.mat,8203,9603018,Repair,1500,36,0,0,0,0.0030343,5541.37537797821,5531.82776235191,0,0,0,1,NaN,NaN,NaN,NaN,NaN,NaN,NaN,8283.57780709198,1
stress_Far_03.mat,8203,9603018,Repair,2500,36,0,0,0,0.0030343,5541.37537797821,5531.82776235191,0,0,0,1,NaN,NaN,NaN,NaN,NaN,NaN,NaN,8283.57780709198,1
stress_Far_03.mat,8203,9603018,WarmPSO,500,500,200,0,0,0.0532176,5541.37537797821,5531.82776235191,0,0,0,1,1,0,0,0,201,NaN,NaN,8283.57780709198,0
stress_Far_03.mat,8203,9603018,WarmPSO,1000,980,200,0,0,0.1014556,5541.37537797821,5531.82776235191,0,0,0,1,1,0,0,0,201,NaN,NaN,8283.57780709198,0
stress_Far_03.mat,8203,9603018,WarmPSO,1500,1490,200,0,0,0.15517,5541.37537797821,5531.82776235191,0,0,0,1,1,0,0,0,201,NaN,NaN,8283.57780709198,0
stress_Far_03.mat,8203,9603018,WarmPSO,2500,2500,200,0,0,0.2594911,5541.37537797821,5531.82776235191,0,0,0,1,1,0,0,0,201,NaN,NaN,8283.57780709198,0
stress_Far_03.mat,8203,9603018,AlwaysVND,500,473,200,0,153,0.0520711,5231.15654550495,5221.68532848838,0,0,0,1,1,0,0,0,201,260,310.218832473262,8283.57780709198,1
stress_Far_03.mat,8203,9603018,AlwaysVND,1000,959,200,0,459,0.1086745,4434.33811257132,4426.64417581439,0,0,0,1,1,0,0,0,201,260,1107.03726540689,8283.57780709198,1
stress_Far_03.mat,8203,9603018,AlwaysVND,1500,1445,200,0,765,0.1660105,4434.33811257132,4426.64417581439,0,0,0,1,1,0,0,0,201,260,1107.03726540689,8283.57780709198,1
stress_Far_03.mat,8203,9603018,AlwaysVND,2500,2500,200,0,1428,0.3014641,4295.3150733398,4285.99473736172,0,0,0,1,1,0,0,0,201,260,1246.06030463841,8283.57780709198,1
stress_Far_03.mat,8203,9603018,FB-CMPSO,500,473,200,0,153,0.0593538,5231.15654550495,5221.68532848838,0,0,0,1,1,0,0,0,201,260,310.218832473262,8283.57780709198,1
stress_Far_03.mat,8203,9603018,FB-CMPSO,1000,959,200,0,459,0.1214761,4434.33811257132,4426.64417581439,0,0,0,1,1,0,0,0,201,260,1107.03726540689,8283.57780709198,1
stress_Far_03.mat,8203,9603018,FB-CMPSO,1500,1445,200,0,765,0.1797065,4434.33811257132,4426.64417581439,0,0,0,1,1,0,0,0,201,260,1107.03726540689,8283.57780709198,1
stress_Far_03.mat,8203,9603018,FB-CMPSO,2500,2500,200,0,1428,0.3067607,4295.3150733398,4285.99473736172,0,0,0,1,1,0,0,0,201,260,1246.06030463841,8283.57780709198,1
stress_Far_03.mat,8203,9603019,Repair,500,36,0,0,0,0.0033072,5541.37537797821,5531.82776235191,0,0,0,1,NaN,NaN,NaN,NaN,NaN,NaN,NaN,8283.57780709198,1
stress_Far_03.mat,8203,9603019,Repair,1000,36,0,0,0,0.0033072,5541.37537797821,5531.82776235191,0,0,0,1,NaN,NaN,NaN,NaN,NaN,NaN,NaN,8283.57780709198,1
stress_Far_03.mat,8203,9603019,Repair,1500,36,0,0,0,0.0033072,5541.37537797821,5531.82776235191,0,0,0,1,NaN,NaN,NaN,NaN,NaN,NaN,NaN,8283.57780709198,1
stress_Far_03.mat,8203,9603019,Repair,2500,36,0,0,0,0.0033072,5541.37537797821,5531.82776235191,0,0,0,1,NaN,NaN,NaN,NaN,NaN,NaN,NaN,8283.57780709198,1
stress_Far_03.mat,8203,9603019,WarmPSO,500,500,200,0,0,0.0537501,5541.37537797821,5531.82776235191,0,0,0,1,1,0,0,0,201,NaN,NaN,8283.57780709198,0
stress_Far_03.mat,8203,9603019,WarmPSO,1000,980,200,0,0,0.1036383,5541.37537797821,5531.82776235191,0,0,0,1,1,0,0,0,201,NaN,NaN,8283.57780709198,0
stress_Far_03.mat,8203,9603019,WarmPSO,1500,1490,200,0,0,0.1572581,5541.37537797821,5531.82776235191,0,0,0,1,1,0,0,0,201,NaN,NaN,8283.57780709198,0
stress_Far_03.mat,8203,9603019,WarmPSO,2500,2500,200,0,0,0.2662466,5541.37537797821,5531.82776235191,0,0,0,1,1,0,0,0,201,NaN,NaN,8283.57780709198,0
stress_Far_03.mat,8203,9603019,AlwaysVND,500,473,200,0,153,0.0560625,5473.21042823167,5460.42330604985,0,0,0,1,1,0,0,0,201,260,282.798553928204,8283.57780709198,1
stress_Far_03.mat,8203,9603019,AlwaysVND,1000,959,200,0,459,0.1132476,5205.71797315766,5193.21510376686,0,0,0,1,1,0,0,0,201,260,550.291009002217,8283.57780709198,1
stress_Far_03.mat,8203,9603019,AlwaysVND,1500,1445,200,0,765,0.1681735,4395.75768433517,4386.05590280243,0,0,0,1,1,0,0,0,201,260,1360.25129782471,8283.57780709198,1
stress_Far_03.mat,8203,9603019,AlwaysVND,2500,2500,200,0,1428,0.2929046,4393.11462188484,4383.41284035209,0,0,0,1,1,0,0,0,201,260,1362.89436027504,8283.57780709198,1
stress_Far_03.mat,8203,9603019,FB-CMPSO,500,473,200,0,153,0.0547002,5473.21042823167,5460.42330604985,0,0,0,1,1,0,0,0,201,260,282.798553928204,8283.57780709198,1
stress_Far_03.mat,8203,9603019,FB-CMPSO,1000,959,200,0,459,0.1158408,5205.71797315766,5193.21510376686,0,0,0,1,1,0,0,0,201,260,550.291009002217,8283.57780709198,1
stress_Far_03.mat,8203,9603019,FB-CMPSO,1500,1445,200,0,765,0.173997,4395.75768433517,4386.05590280243,0,0,0,1,1,0,0,0,201,260,1360.25129782471,8283.57780709198,1
stress_Far_03.mat,8203,9603019,FB-CMPSO,2500,2500,200,0,1428,0.3045397,4393.11462188484,4383.41284035209,0,0,0,1,1,0,0,0,201,260,1362.89436027504,8283.57780709198,1
stress_Far_03.mat,8203,9603020,Repair,500,36,0,0,0,0.0037202,5541.37537797821,5531.82776235191,0,0,0,1,NaN,NaN,NaN,NaN,NaN,NaN,NaN,8283.57780709198,1
stress_Far_03.mat,8203,9603020,Repair,1000,36,0,0,0,0.0037202,5541.37537797821,5531.82776235191,0,0,0,1,NaN,NaN,NaN,NaN,NaN,NaN,NaN,8283.57780709198,1
stress_Far_03.mat,8203,9603020,Repair,1500,36,0,0,0,0.0037202,5541.37537797821,5531.82776235191,0,0,0,1,NaN,NaN,NaN,NaN,NaN,NaN,NaN,8283.57780709198,1
stress_Far_03.mat,8203,9603020,Repair,2500,36,0,0,0,0.0037202,5541.37537797821,5531.82776235191,0,0,0,1,NaN,NaN,NaN,NaN,NaN,NaN,NaN,8283.57780709198,1
stress_Far_03.mat,8203,9603020,WarmPSO,500,500,200,0,0,0.0546212,5541.37537797821,5531.82776235191,0,0,0,1,1,0,0,0,201,NaN,NaN,8283.57780709198,0
stress_Far_03.mat,8203,9603020,WarmPSO,1000,980,200,0,0,0.1088871,5541.37537797821,5531.82776235191,0,0,0,1,1,0,0,0,201,NaN,NaN,8283.57780709198,0
stress_Far_03.mat,8203,9603020,WarmPSO,1500,1490,200,0,0,0.1594817,5541.37537797821,5531.82776235191,0,0,0,1,1,0,0,0,201,NaN,NaN,8283.57780709198,0
stress_Far_03.mat,8203,9603020,WarmPSO,2500,2500,200,0,0,0.2644023,5541.37537797821,5531.82776235191,0,0,0,1,1,0,0,0,201,NaN,NaN,8283.57780709198,0
stress_Far_03.mat,8203,9603020,AlwaysVND,500,473,200,0,153,0.052358,4993.52033700738,4986.15024026689,0,0,0,1,1,0,0,0,201,260,547.855040970828,8283.57780709198,1
stress_Far_03.mat,8203,9603020,AlwaysVND,1000,959,200,0,459,0.1083128,4575.11457897608,4566.92660355234,0,0,0,1,1,0,0,0,201,260,966.260799002132,8283.57780709198,1
stress_Far_03.mat,8203,9603020,AlwaysVND,1500,1445,200,0,765,0.1658354,4228.09578711617,4222.08347487876,0,0,0,1,1,0,0,0,201,260,1313.27959086204,8283.57780709198,1
stress_Far_03.mat,8203,9603020,AlwaysVND,2500,2500,200,0,1428,0.2877377,4228.09578711617,4222.08347487876,0,0,0,1,1,0,0,0,201,260,1313.27959086204,8283.57780709198,1
stress_Far_03.mat,8203,9603020,FB-CMPSO,500,473,200,0,153,0.0676858,4993.52033700738,4986.15024026689,0,0,0,1,1,0,0,0,201,260,547.855040970828,8283.57780709198,1
stress_Far_03.mat,8203,9603020,FB-CMPSO,1000,959,200,0,459,0.1516545,4575.11457897608,4566.92660355234,0,0,0,1,1,0,0,0,201,260,966.260799002132,8283.57780709198,1
stress_Far_03.mat,8203,9603020,FB-CMPSO,1500,1445,200,0,765,0.222282,4228.09578711617,4222.08347487876,0,0,0,1,1,0,0,0,201,260,1313.27959086204,8283.57780709198,1
stress_Far_03.mat,8203,9603020,FB-CMPSO,2500,2500,200,0,1428,0.3934794,4228.09578711617,4222.08347487876,0,0,0,1,1,0,0,0,201,260,1313.27959086204,8283.57780709198,1
stress_Far_03.mat,8203,9603021,Repair,500,36,0,0,0,0.0074499,5541.37537797821,5531.82776235191,0,0,0,1,NaN,NaN,NaN,NaN,NaN,NaN,NaN,8283.57780709198,1
stress_Far_03.mat,8203,9603021,Repair,1000,36,0,0,0,0.0074499,5541.37537797821,5531.82776235191,0,0,0,1,NaN,NaN,NaN,NaN,NaN,NaN,NaN,8283.57780709198,1
stress_Far_03.mat,8203,9603021,Repair,1500,36,0,0,0,0.0074499,5541.37537797821,5531.82776235191,0,0,0,1,NaN,NaN,NaN,NaN,NaN,NaN,NaN,8283.57780709198,1
stress_Far_03.mat,8203,9603021,Repair,2500,36,0,0,0,0.0074499,5541.37537797821,5531.82776235191,0,0,0,1,NaN,NaN,NaN,NaN,NaN,NaN,NaN,8283.57780709198,1
stress_Far_03.mat,8203,9603021,WarmPSO,500,500,200,0,0,0.0987187,5756.00898215988,5744.31758950975,0,0,0,1,1,0,0,0,201,NaN,NaN,8283.57780709198,0
stress_Far_03.mat,8203,9603021,WarmPSO,1000,980,200,0,0,0.1603038,5756.00898215988,5744.31758950975,0,0,0,1,1,0,0,0,201,NaN,NaN,8283.57780709198,0
stress_Far_03.mat,8203,9603021,WarmPSO,1500,1490,200,0,0,0.2510333,5756.00898215988,5744.31758950975,0,0,0,1,1,0,0,0,201,NaN,NaN,8283.57780709198,0
stress_Far_03.mat,8203,9603021,WarmPSO,2500,2500,200,0,0,0.3821992,5756.00898215988,5744.31758950975,0,0,0,1,1,0,0,0,201,NaN,NaN,8283.57780709198,0
stress_Far_03.mat,8203,9603021,AlwaysVND,500,473,200,0,153,0.0876084,5260.49205904092,5250.5049045982,0,0,0,1,1,0,0,0,201,260,495.516923118957,8283.57780709198,1
stress_Far_03.mat,8203,9603021,AlwaysVND,1000,959,200,0,459,0.1577165,5161.71421795091,5151.81043576351,0,0,0,1,1,0,0,0,201,260,594.29476420897,8283.57780709198,1
stress_Far_03.mat,8203,9603021,AlwaysVND,1500,1445,200,0,765,0.238322,4859.21380746662,4845.03843400819,0,0,0,1,1,0,0,0,201,260,896.795174693259,8283.57780709198,1
stress_Far_03.mat,8203,9603021,AlwaysVND,2500,2500,200,0,1428,0.4332196,4405.72550902552,4393.44467187768,0,0,0,1,1,0,0,0,201,260,1350.28347313436,8283.57780709198,1
stress_Far_03.mat,8203,9603021,FB-CMPSO,500,473,200,0,153,0.0983752,5260.49205904092,5250.5049045982,0,0,0,1,1,0,0,0,201,260,495.516923118957,8283.57780709198,1
stress_Far_03.mat,8203,9603021,FB-CMPSO,1000,959,200,0,459,0.2102426,5161.71421795091,5151.81043576351,0,0,0,1,1,0,0,0,201,260,594.29476420897,8283.57780709198,1
stress_Far_03.mat,8203,9603021,FB-CMPSO,1500,1445,200,0,765,0.306154,4859.21380746662,4845.03843400819,0,0,0,1,1,0,0,0,201,260,896.795174693259,8283.57780709198,1
stress_Far_03.mat,8203,9603021,FB-CMPSO,2500,2500,200,0,1428,0.4715831,4405.72550902552,4393.44467187768,0,0,0,1,1,0,0,0,201,260,1350.28347313436,8283.57780709198,1
stress_Far_03.mat,8203,9603022,Repair,500,36,0,0,0,0.0042786,5541.37537797821,5531.82776235191,0,0,0,1,NaN,NaN,NaN,NaN,NaN,NaN,NaN,8283.57780709198,1
stress_Far_03.mat,8203,9603022,Repair,1000,36,0,0,0,0.0042786,5541.37537797821,5531.82776235191,0,0,0,1,NaN,NaN,NaN,NaN,NaN,NaN,NaN,8283.57780709198,1
stress_Far_03.mat,8203,9603022,Repair,1500,36,0,0,0,0.0042786,5541.37537797821,5531.82776235191,0,0,0,1,NaN,NaN,NaN,NaN,NaN,NaN,NaN,8283.57780709198,1
stress_Far_03.mat,8203,9603022,Repair,2500,36,0,0,0,0.0042786,5541.37537797821,5531.82776235191,0,0,0,1,NaN,NaN,NaN,NaN,NaN,NaN,NaN,8283.57780709198,1
stress_Far_03.mat,8203,9603022,WarmPSO,500,500,200,0,0,0.0621374,5541.37537797821,5531.82776235191,0,0,0,1,1,0,0,0,201,NaN,NaN,8283.57780709198,0
stress_Far_03.mat,8203,9603022,WarmPSO,1000,980,200,0,0,0.1206348,5541.37537797821,5531.82776235191,0,0,0,1,1,0,0,0,201,NaN,NaN,8283.57780709198,0
stress_Far_03.mat,8203,9603022,WarmPSO,1500,1490,200,0,0,0.1847625,5541.37537797821,5531.82776235191,0,0,0,1,1,0,0,0,201,NaN,NaN,8283.57780709198,0
stress_Far_03.mat,8203,9603022,WarmPSO,2500,2500,200,0,0,0.303738,5541.37537797821,5531.82776235191,0,0,0,1,1,0,0,0,201,NaN,NaN,8283.57780709198,0
stress_Far_03.mat,8203,9603022,AlwaysVND,500,473,200,0,153,0.0630412,4956.63337847932,4949.58694883976,0,0,0,1,1,0,0,0,201,260,799.375603680559,8283.57780709198,1
stress_Far_03.mat,8203,9603022,AlwaysVND,1000,959,200,0,459,0.1256003,4228.09578711617,4222.08347487876,0,0,0,1,1,0,0,0,201,260,1527.91319504371,8283.57780709198,1
stress_Far_03.mat,8203,9603022,AlwaysVND,1500,1445,200,0,765,0.1933575,4228.09578711617,4222.08347487876,0,0,0,1,1,0,0,0,201,260,1527.91319504371,8283.57780709198,1
stress_Far_03.mat,8203,9603022,AlwaysVND,2500,2500,200,0,1428,0.3442507,4228.09578711617,4222.08347487876,0,0,0,1,1,0,0,0,201,260,1527.91319504371,8283.57780709198,1
stress_Far_03.mat,8203,9603022,FB-CMPSO,500,473,200,0,153,0.064089,4956.63337847932,4949.58694883976,0,0,0,1,1,0,0,0,201,260,799.375603680559,8283.57780709198,1
stress_Far_03.mat,8203,9603022,FB-CMPSO,1000,959,200,0,459,0.1319403,4228.09578711617,4222.08347487876,0,0,0,1,1,0,0,0,201,260,1527.91319504371,8283.57780709198,1
stress_Far_03.mat,8203,9603022,FB-CMPSO,1500,1445,200,0,765,0.2027743,4228.09578711617,4222.08347487876,0,0,0,1,1,0,0,0,201,260,1527.91319504371,8283.57780709198,1
stress_Far_03.mat,8203,9603022,FB-CMPSO,2500,2500,200,0,1428,0.3486625,4228.09578711617,4222.08347487876,0,0,0,1,1,0,0,0,201,260,1527.91319504371,8283.57780709198,1
stress_Far_03.mat,8203,9603023,Repair,500,36,0,0,0,0.0033871,5541.37537797821,5531.82776235191,0,0,0,1,NaN,NaN,NaN,NaN,NaN,NaN,NaN,8283.57780709198,1
stress_Far_03.mat,8203,9603023,Repair,1000,36,0,0,0,0.0033871,5541.37537797821,5531.82776235191,0,0,0,1,NaN,NaN,NaN,NaN,NaN,NaN,NaN,8283.57780709198,1
stress_Far_03.mat,8203,9603023,Repair,1500,36,0,0,0,0.0033871,5541.37537797821,5531.82776235191,0,0,0,1,NaN,NaN,NaN,NaN,NaN,NaN,NaN,8283.57780709198,1
stress_Far_03.mat,8203,9603023,Repair,2500,36,0,0,0,0.0033871,5541.37537797821,5531.82776235191,0,0,0,1,NaN,NaN,NaN,NaN,NaN,NaN,NaN,8283.57780709198,1
stress_Far_03.mat,8203,9603023,WarmPSO,500,500,200,0,0,0.0588819,5541.37537797821,5531.82776235191,0,0,0,1,1,0,0,0,201,NaN,NaN,8283.57780709198,0
stress_Far_03.mat,8203,9603023,WarmPSO,1000,980,200,0,0,0.1227859,5541.37537797821,5531.82776235191,0,0,0,1,1,0,0,0,201,NaN,NaN,8283.57780709198,0
stress_Far_03.mat,8203,9603023,WarmPSO,1500,1490,200,0,0,0.1831991,5541.37537797821,5531.82776235191,0,0,0,1,1,0,0,0,201,NaN,NaN,8283.57780709198,0
stress_Far_03.mat,8203,9603023,WarmPSO,2500,2500,200,0,0,0.3056938,5541.37537797821,5531.82776235191,0,0,0,1,1,0,0,0,201,NaN,NaN,8283.57780709198,0
stress_Far_03.mat,8203,9603023,AlwaysVND,500,473,200,0,153,0.0631832,4958.52670526192,4951.48027562237,0,0,0,1,1,0,0,0,201,260,582.848672716291,8283.57780709198,1
stress_Far_03.mat,8203,9603023,AlwaysVND,1000,959,200,0,459,0.124122,4420.53054738373,4410.79312082764,0,0,0,1,1,0,0,0,201,260,1120.84483059448,8283.57780709198,1
stress_Far_03.mat,8203,9603023,AlwaysVND,1500,1445,200,0,765,0.1896473,4375.65386051452,4365.84208793173,0,0,0,1,1,0,0,0,201,260,1165.7215174637,8283.57780709198,1
stress_Far_03.mat,8203,9603023,AlwaysVND,2500,2500,200,0,1428,0.3403722,4236.63082128299,4225.19264947906,0,0,0,1,1,0,0,0,201,260,1304.74455669522,8283.57780709198,1
stress_Far_03.mat,8203,9603023,FB-CMPSO,500,473,200,0,153,0.0609579,4958.52670526192,4951.48027562237,0,0,0,1,1,0,0,0,201,260,582.848672716291,8283.57780709198,1
stress_Far_03.mat,8203,9603023,FB-CMPSO,1000,959,200,0,459,0.123611,4420.53054738373,4410.79312082764,0,0,0,1,1,0,0,0,201,260,1120.84483059448,8283.57780709198,1
stress_Far_03.mat,8203,9603023,FB-CMPSO,1500,1445,200,0,765,0.225412,4375.65386051452,4365.84208793173,0,0,0,1,1,0,0,0,201,260,1165.7215174637,8283.57780709198,1
stress_Far_03.mat,8203,9603023,FB-CMPSO,2500,2500,200,0,1428,0.4033421,4236.63082128299,4225.19264947906,0,0,0,1,1,0,0,0,201,260,1304.74455669522,8283.57780709198,1
stress_Far_03.mat,8203,9603024,Repair,500,36,0,0,0,0.0041528,5541.37537797821,5531.82776235191,0,0,0,1,NaN,NaN,NaN,NaN,NaN,NaN,NaN,8283.57780709198,1
stress_Far_03.mat,8203,9603024,Repair,1000,36,0,0,0,0.0041528,5541.37537797821,5531.82776235191,0,0,0,1,NaN,NaN,NaN,NaN,NaN,NaN,NaN,8283.57780709198,1
stress_Far_03.mat,8203,9603024,Repair,1500,36,0,0,0,0.0041528,5541.37537797821,5531.82776235191,0,0,0,1,NaN,NaN,NaN,NaN,NaN,NaN,NaN,8283.57780709198,1
stress_Far_03.mat,8203,9603024,Repair,2500,36,0,0,0,0.0041528,5541.37537797821,5531.82776235191,0,0,0,1,NaN,NaN,NaN,NaN,NaN,NaN,NaN,8283.57780709198,1
stress_Far_03.mat,8203,9603024,WarmPSO,500,500,200,0,0,0.0671759,5541.37537797821,5531.82776235191,0,0,0,1,1,0,0,0,201,NaN,NaN,8283.57780709198,0
stress_Far_03.mat,8203,9603024,WarmPSO,1000,980,200,0,0,0.1336785,5541.37537797821,5531.82776235191,0,0,0,1,1,0,0,0,201,NaN,NaN,8283.57780709198,0
stress_Far_03.mat,8203,9603024,WarmPSO,1500,1490,200,0,0,0.2015975,5541.37537797821,5531.82776235191,0,0,0,1,1,0,0,0,201,NaN,NaN,8283.57780709198,0
stress_Far_03.mat,8203,9603024,WarmPSO,2500,2500,200,0,0,0.3249475,5541.37537797821,5531.82776235191,0,0,0,1,1,0,0,0,201,NaN,NaN,8283.57780709198,0
stress_Far_03.mat,8203,9603024,AlwaysVND,500,473,200,0,153,0.0596983,5373.99589638077,5363.58104549837,0,0,0,1,1,0,0,0,201,260,167.379481597446,8283.57780709198,1
stress_Far_03.mat,8203,9603024,AlwaysVND,1000,959,200,0,459,0.126216,4489.84648554133,4481.65439728319,0,0,0,1,1,0,0,0,201,260,1051.52889243688,8283.57780709198,1
stress_Far_03.mat,8203,9603024,AlwaysVND,1500,1445,200,0,765,0.1946279,4228.09578711617,4222.08347487876,0,0,0,1,1,0,0,0,201,260,1313.27959086204,8283.57780709198,1
stress_Far_03.mat,8203,9603024,AlwaysVND,2500,2500,200,0,1428,0.373668,4089.07274788465,4081.43403642609,0,0,0,1,1,0,0,0,201,260,1452.30263009356,8283.57780709198,1
stress_Far_03.mat,8203,9603024,FB-CMPSO,500,473,200,0,153,0.0660195,5373.99589638077,5363.58104549837,0,0,0,1,1,0,0,0,201,260,167.379481597446,8283.57780709198,1
stress_Far_03.mat,8203,9603024,FB-CMPSO,1000,959,200,0,459,0.139282,4489.84648554133,4481.65439728319,0,0,0,1,1,0,0,0,201,260,1051.52889243688,8283.57780709198,1
stress_Far_03.mat,8203,9603024,FB-CMPSO,1500,1445,200,0,765,0.2127964,4228.09578711617,4222.08347487876,0,0,0,1,1,0,0,0,201,260,1313.27959086204,8283.57780709198,1
stress_Far_03.mat,8203,9603024,FB-CMPSO,2500,2500,200,0,1428,0.3703817,4089.07274788465,4081.43403642609,0,0,0,1,1,0,0,0,201,260,1452.30263009356,8283.57780709198,1
stress_Far_03.mat,8203,9603025,Repair,500,36,0,0,0,0.004138,5541.37537797821,5531.82776235191,0,0,0,1,NaN,NaN,NaN,NaN,NaN,NaN,NaN,8283.57780709198,1
stress_Far_03.mat,8203,9603025,Repair,1000,36,0,0,0,0.004138,5541.37537797821,5531.82776235191,0,0,0,1,NaN,NaN,NaN,NaN,NaN,NaN,NaN,8283.57780709198,1
stress_Far_03.mat,8203,9603025,Repair,1500,36,0,0,0,0.004138,5541.37537797821,5531.82776235191,0,0,0,1,NaN,NaN,NaN,NaN,NaN,NaN,NaN,8283.57780709198,1
stress_Far_03.mat,8203,9603025,Repair,2500,36,0,0,0,0.004138,5541.37537797821,5531.82776235191,0,0,0,1,NaN,NaN,NaN,NaN,NaN,NaN,NaN,8283.57780709198,1
stress_Far_03.mat,8203,9603025,WarmPSO,500,500,200,0,0,0.0811546,5756.00898215988,5744.31758950975,0,0,0,1,1,0,0,0,201,NaN,NaN,8283.57780709198,0
stress_Far_03.mat,8203,9603025,WarmPSO,1000,980,200,0,0,0.1454014,5756.00898215988,5744.31758950975,0,0,0,1,1,0,0,0,201,NaN,NaN,8283.57780709198,0
stress_Far_03.mat,8203,9603025,WarmPSO,1500,1490,200,0,0,0.2157921,5621.42445549427,5611.26037184324,0,0,0,1,1,0,0,0,201,NaN,NaN,8283.57780709198,0
stress_Far_03.mat,8203,9603025,WarmPSO,2500,2500,200,0,0,0.3526795,5541.37537797821,5531.82776235191,0,0,0,1,1,0,0,0,201,NaN,NaN,8283.57780709198,0
stress_Far_03.mat,8203,9603025,AlwaysVND,500,473,200,0,153,0.0671712,5285.71787777808,5271.35636951159,0,0,0,1,1,0,0,0,201,260,470.291104381802,8283.57780709198,1
stress_Far_03.mat,8203,9603025,AlwaysVND,1000,959,200,0,459,0.1350434,4440.63437120438,4431.00693569834,0,0,0,1,1,0,0,0,201,260,1315.37461095549,8283.57780709198,1
stress_Far_03.mat,8203,9603025,AlwaysVND,1500,1445,200,0,765,0.2057346,4395.75768433517,4386.05590280243,0,0,0,1,1,0,0,0,201,260,1360.25129782471,8283.57780709198,1
stress_Far_03.mat,8203,9603025,AlwaysVND,2500,2500,200,0,1428,0.3598722,4395.75768433517,4386.05590280243,0,0,0,1,1,0,0,0,201,260,1360.25129782471,8283.57780709198,1
stress_Far_03.mat,8203,9603025,FB-CMPSO,500,473,200,0,153,0.0649477,5285.71787777808,5271.35636951159,0,0,0,1,1,0,0,0,201,260,470.291104381802,8283.57780709198,1
stress_Far_03.mat,8203,9603025,FB-CMPSO,1000,959,200,0,459,0.1336345,4440.63437120438,4431.00693569834,0,0,0,1,1,0,0,0,201,260,1315.37461095549,8283.57780709198,1
stress_Far_03.mat,8203,9603025,FB-CMPSO,1500,1445,200,0,765,0.2048209,4395.75768433517,4386.05590280243,0,0,0,1,1,0,0,0,201,260,1360.25129782471,8283.57780709198,1
stress_Far_03.mat,8203,9603025,FB-CMPSO,2500,2500,200,0,1428,0.359839,4395.75768433517,4386.05590280243,0,0,0,1,1,0,0,0,201,260,1360.25129782471,8283.57780709198,1
stress_Far_03.mat,8203,9603026,Repair,500,36,0,0,0,0.0038878,5541.37537797821,5531.82776235191,0,0,0,1,NaN,NaN,NaN,NaN,NaN,NaN,NaN,8283.57780709198,1
stress_Far_03.mat,8203,9603026,Repair,1000,36,0,0,0,0.0038878,5541.37537797821,5531.82776235191,0,0,0,1,NaN,NaN,NaN,NaN,NaN,NaN,NaN,8283.57780709198,1
stress_Far_03.mat,8203,9603026,Repair,1500,36,0,0,0,0.0038878,5541.37537797821,5531.82776235191,0,0,0,1,NaN,NaN,NaN,NaN,NaN,NaN,NaN,8283.57780709198,1
stress_Far_03.mat,8203,9603026,Repair,2500,36,0,0,0,0.0038878,5541.37537797821,5531.82776235191,0,0,0,1,NaN,NaN,NaN,NaN,NaN,NaN,NaN,8283.57780709198,1
stress_Far_03.mat,8203,9603026,WarmPSO,500,500,200,0,0,0.0659944,5756.00898215988,5744.31758950975,0,0,0,1,1,0,0,0,201,NaN,NaN,8283.57780709198,0
stress_Far_03.mat,8203,9603026,WarmPSO,1000,980,200,0,0,0.1279229,5756.00898215988,5744.31758950975,0,0,0,1,1,0,0,0,201,NaN,NaN,8283.57780709198,0
stress_Far_03.mat,8203,9603026,WarmPSO,1500,1490,200,0,0,0.1956641,5756.00898215988,5744.31758950975,0,0,0,1,1,0,0,0,201,NaN,NaN,8283.57780709198,0
stress_Far_03.mat,8203,9603026,WarmPSO,2500,2500,200,0,0,0.3264218,5756.00898215988,5744.31758950975,0,0,0,1,1,0,0,0,201,NaN,NaN,8283.57780709198,0
stress_Far_03.mat,8203,9603026,AlwaysVND,500,473,200,0,153,0.0647777,5059.87922074952,5051.77581677097,0,0,0,1,1,0,0,0,201,260,696.129761410358,8283.57780709198,1
stress_Far_03.mat,8203,9603026,AlwaysVND,1000,959,200,0,459,0.1366069,4735.22436753292,4724.58803079861,0,0,0,1,1,0,0,0,201,260,1020.78461462696,8283.57780709198,1
stress_Far_03.mat,8203,9603026,AlwaysVND,1500,1445,200,0,765,0.2071562,4470.92616682798,4463.54366965764,0,0,0,1,1,0,0,0,201,260,1285.08281533189,8283.57780709198,1
stress_Far_03.mat,8203,9603026,AlwaysVND,2500,2500,200,0,1428,0.3598511,4089.07274788465,4081.43403642609,0,0,0,1,1,0,0,0,201,260,1666.93623427523,8283.57780709198,1
stress_Far_03.mat,8203,9603026,FB-CMPSO,500,473,200,0,153,0.0621941,5059.87922074952,5051.77581677097,0,0,0,1,1,0,0,0,201,260,696.129761410358,8283.57780709198,1
stress_Far_03.mat,8203,9603026,FB-CMPSO,1000,959,200,0,459,0.1333262,4735.22436753292,4724.58803079861,0,0,0,1,1,0,0,0,201,260,1020.78461462696,8283.57780709198,1
stress_Far_03.mat,8203,9603026,FB-CMPSO,1500,1445,200,0,765,0.2023815,4470.92616682798,4463.54366965764,0,0,0,1,1,0,0,0,201,260,1285.08281533189,8283.57780709198,1
stress_Far_03.mat,8203,9603026,FB-CMPSO,2500,2500,200,0,1428,0.3954345,4089.07274788465,4081.43403642609,0,0,0,1,1,0,0,0,201,260,1666.93623427523,8283.57780709198,1
stress_Far_03.mat,8203,9603027,Repair,500,36,0,0,0,0.0044283,5541.37537797821,5531.82776235191,0,0,0,1,NaN,NaN,NaN,NaN,NaN,NaN,NaN,8283.57780709198,1
stress_Far_03.mat,8203,9603027,Repair,1000,36,0,0,0,0.0044283,5541.37537797821,5531.82776235191,0,0,0,1,NaN,NaN,NaN,NaN,NaN,NaN,NaN,8283.57780709198,1
stress_Far_03.mat,8203,9603027,Repair,1500,36,0,0,0,0.0044283,5541.37537797821,5531.82776235191,0,0,0,1,NaN,NaN,NaN,NaN,NaN,NaN,NaN,8283.57780709198,1
stress_Far_03.mat,8203,9603027,Repair,2500,36,0,0,0,0.0044283,5541.37537797821,5531.82776235191,0,0,0,1,NaN,NaN,NaN,NaN,NaN,NaN,NaN,8283.57780709198,1
stress_Far_03.mat,8203,9603027,WarmPSO,500,500,200,0,0,0.0636407,5756.00898215988,5744.31758950975,0,0,0,1,1,0,0,0,201,NaN,NaN,8283.57780709198,0
stress_Far_03.mat,8203,9603027,WarmPSO,1000,980,200,0,0,0.1330041,5756.00898215988,5744.31758950975,0,0,0,1,1,0,0,0,201,NaN,NaN,8283.57780709198,0
stress_Far_03.mat,8203,9603027,WarmPSO,1500,1490,200,0,0,0.2008696,5756.00898215988,5744.31758950975,0,0,0,1,1,0,0,0,201,NaN,NaN,8283.57780709198,0
stress_Far_03.mat,8203,9603027,WarmPSO,2500,2500,200,0,0,0.3540505,5541.37537797821,5531.82776235191,0,0,0,1,1,0,0,0,201,NaN,NaN,8283.57780709198,0
stress_Far_03.mat,8203,9603027,AlwaysVND,500,473,200,0,153,0.0575764,5075.03683555408,5066.30908362341,0,0,0,1,1,0,0,0,201,260,680.972146605794,8283.57780709198,1
stress_Far_03.mat,8203,9603027,AlwaysVND,1000,959,200,0,459,0.1178241,4272.97247398538,4267.03450777467,0,0,0,1,1,0,0,0,201,260,1483.0365081745,8283.57780709198,1
stress_Far_03.mat,8203,9603027,AlwaysVND,1500,1445,200,0,765,0.1797007,4228.09578711617,4222.08347487876,0,0,0,1,1,0,0,0,201,260,1527.91319504371,8283.57780709198,1
stress_Far_03.mat,8203,9603027,AlwaysVND,2500,2500,200,0,1428,0.3225714,4089.07274788465,4081.43403642609,0,0,0,1,1,0,0,0,201,260,1666.93623427523,8283.57780709198,1
stress_Far_03.mat,8203,9603027,FB-CMPSO,500,473,200,0,153,0.0593545,5075.03683555408,5066.30908362341,0,0,0,1,1,0,0,0,201,260,680.972146605794,8283.57780709198,1
stress_Far_03.mat,8203,9603027,FB-CMPSO,1000,959,200,0,459,0.1174134,4272.97247398538,4267.03450777467,0,0,0,1,1,0,0,0,201,260,1483.0365081745,8283.57780709198,1
stress_Far_03.mat,8203,9603027,FB-CMPSO,1500,1445,200,0,765,0.1855438,4228.09578711617,4222.08347487876,0,0,0,1,1,0,0,0,201,260,1527.91319504371,8283.57780709198,1
stress_Far_03.mat,8203,9603027,FB-CMPSO,2500,2500,200,0,1428,0.3281157,4089.07274788465,4081.43403642609,0,0,0,1,1,0,0,0,201,260,1666.93623427523,8283.57780709198,1
stress_Far_03.mat,8203,9603028,Repair,500,36,0,0,0,0.0033454,5541.37537797821,5531.82776235191,0,0,0,1,NaN,NaN,NaN,NaN,NaN,NaN,NaN,8283.57780709198,1
stress_Far_03.mat,8203,9603028,Repair,1000,36,0,0,0,0.0033454,5541.37537797821,5531.82776235191,0,0,0,1,NaN,NaN,NaN,NaN,NaN,NaN,NaN,8283.57780709198,1
stress_Far_03.mat,8203,9603028,Repair,1500,36,0,0,0,0.0033454,5541.37537797821,5531.82776235191,0,0,0,1,NaN,NaN,NaN,NaN,NaN,NaN,NaN,8283.57780709198,1
stress_Far_03.mat,8203,9603028,Repair,2500,36,0,0,0,0.0033454,5541.37537797821,5531.82776235191,0,0,0,1,NaN,NaN,NaN,NaN,NaN,NaN,NaN,8283.57780709198,1
stress_Far_03.mat,8203,9603028,WarmPSO,500,500,200,0,0,0.0554232,5756.00898215988,5744.31758950975,0,0,0,1,1,0,0,0,201,NaN,NaN,8283.57780709198,0
stress_Far_03.mat,8203,9603028,WarmPSO,1000,980,200,0,0,0.1219561,5756.00898215988,5744.31758950975,0,0,0,1,1,0,0,0,201,NaN,NaN,8283.57780709198,0
stress_Far_03.mat,8203,9603028,WarmPSO,1500,1490,200,0,0,0.1864615,5756.00898215988,5744.31758950975,0,0,0,1,1,0,0,0,201,NaN,NaN,8283.57780709198,0
stress_Far_03.mat,8203,9603028,WarmPSO,2500,2500,200,0,0,0.2942416,5756.00898215988,5744.31758950975,0,0,0,1,1,0,0,0,201,NaN,NaN,8283.57780709198,0
stress_Far_03.mat,8203,9603028,AlwaysVND,500,473,200,0,153,0.0638395,5448.7357034155,5436.9840111834,0,0,0,1,1,0,0,0,201,260,307.273278744378,8283.57780709198,1
stress_Far_03.mat,8203,9603028,AlwaysVND,1000,959,200,0,459,0.132102,4565.92381773311,4560.12547246629,0,0,0,1,1,0,0,0,201,260,1190.08516442677,8283.57780709198,1
stress_Far_03.mat,8203,9603028,AlwaysVND,1500,1445,200,0,765,0.1905494,4507.87366070029,4503.45706755286,0,0,0,1,1,0,0,0,201,260,1248.13532145959,8283.57780709198,1
stress_Far_03.mat,8203,9603028,AlwaysVND,2500,2500,200,0,1428,0.3483888,4507.87366070029,4503.45706755286,0,0,0,1,1,0,0,0,201,260,1248.13532145959,8283.57780709198,1
stress_Far_03.mat,8203,9603028,FB-CMPSO,500,473,200,0,153,0.0574018,5448.7357034155,5436.9840111834,0,0,0,1,1,0,0,0,201,260,307.273278744378,8283.57780709198,1
stress_Far_03.mat,8203,9603028,FB-CMPSO,1000,959,200,0,459,0.1284822,4565.92381773311,4560.12547246629,0,0,0,1,1,0,0,0,201,260,1190.08516442677,8283.57780709198,1
stress_Far_03.mat,8203,9603028,FB-CMPSO,1500,1445,200,0,765,0.1895831,4507.87366070029,4503.45706755286,0,0,0,1,1,0,0,0,201,260,1248.13532145959,8283.57780709198,1
stress_Far_03.mat,8203,9603028,FB-CMPSO,2500,2500,200,0,1428,0.3277666,4507.87366070029,4503.45706755286,0,0,0,1,1,0,0,0,201,260,1248.13532145959,8283.57780709198,1
stress_Far_03.mat,8203,9603029,Repair,500,36,0,0,0,0.0042147,5541.37537797821,5531.82776235191,0,0,0,1,NaN,NaN,NaN,NaN,NaN,NaN,NaN,8283.57780709198,1
stress_Far_03.mat,8203,9603029,Repair,1000,36,0,0,0,0.0042147,5541.37537797821,5531.82776235191,0,0,0,1,NaN,NaN,NaN,NaN,NaN,NaN,NaN,8283.57780709198,1
stress_Far_03.mat,8203,9603029,Repair,1500,36,0,0,0,0.0042147,5541.37537797821,5531.82776235191,0,0,0,1,NaN,NaN,NaN,NaN,NaN,NaN,NaN,8283.57780709198,1
stress_Far_03.mat,8203,9603029,Repair,2500,36,0,0,0,0.0042147,5541.37537797821,5531.82776235191,0,0,0,1,NaN,NaN,NaN,NaN,NaN,NaN,NaN,8283.57780709198,1
stress_Far_03.mat,8203,9603029,WarmPSO,500,500,200,0,0,0.0637565,5541.37537797821,5531.82776235191,0,0,0,1,1,0,0,0,201,NaN,NaN,8283.57780709198,0
stress_Far_03.mat,8203,9603029,WarmPSO,1000,980,200,0,0,0.1127531,5541.37537797821,5531.82776235191,0,0,0,1,1,0,0,0,201,NaN,NaN,8283.57780709198,0
stress_Far_03.mat,8203,9603029,WarmPSO,1500,1490,200,0,0,0.1675847,5541.37537797821,5531.82776235191,0,0,0,1,1,0,0,0,201,NaN,NaN,8283.57780709198,0
stress_Far_03.mat,8203,9603029,WarmPSO,2500,2500,200,0,0,0.273281,5541.37537797821,5531.82776235191,0,0,0,1,1,0,0,0,201,NaN,NaN,8283.57780709198,0
stress_Far_03.mat,8203,9603029,AlwaysVND,500,473,200,0,153,0.0609139,4272.97247398538,4267.03450777467,0,0,0,1,1,0,0,0,201,260,1268.40290399283,8283.57780709198,1
stress_Far_03.mat,8203,9603029,AlwaysVND,1000,959,200,0,459,0.1259175,4089.07274788465,4081.43403642609,0,0,0,1,1,0,0,0,201,260,1452.30263009356,8283.57780709198,1
stress_Far_03.mat,8203,9603029,AlwaysVND,1500,1445,200,0,765,0.2034959,4089.07274788465,4081.43403642609,0,0,0,1,1,0,0,0,201,260,1452.30263009356,8283.57780709198,1
stress_Far_03.mat,8203,9603029,AlwaysVND,2500,2500,200,0,1428,0.3420963,4089.07274788465,4081.43403642609,0,0,0,1,1,0,0,0,201,260,1452.30263009356,8283.57780709198,1
stress_Far_03.mat,8203,9603029,FB-CMPSO,500,473,200,0,153,0.0613857,4272.97247398538,4267.03450777467,0,0,0,1,1,0,0,0,201,260,1268.40290399283,8283.57780709198,1
stress_Far_03.mat,8203,9603029,FB-CMPSO,1000,959,200,0,459,0.1191797,4089.07274788465,4081.43403642609,0,0,0,1,1,0,0,0,201,260,1452.30263009356,8283.57780709198,1
stress_Far_03.mat,8203,9603029,FB-CMPSO,1500,1445,200,0,765,0.1783214,4089.07274788465,4081.43403642609,0,0,0,1,1,0,0,0,201,260,1452.30263009356,8283.57780709198,1
stress_Far_03.mat,8203,9603029,FB-CMPSO,2500,2500,200,0,1428,0.349787,4089.07274788465,4081.43403642609,0,0,0,1,1,0,0,0,201,260,1452.30263009356,8283.57780709198,1
stress_Far_03.mat,8203,9603030,Repair,500,36,0,0,0,0.003185,5541.37537797821,5531.82776235191,0,0,0,1,NaN,NaN,NaN,NaN,NaN,NaN,NaN,8283.57780709198,1
stress_Far_03.mat,8203,9603030,Repair,1000,36,0,0,0,0.003185,5541.37537797821,5531.82776235191,0,0,0,1,NaN,NaN,NaN,NaN,NaN,NaN,NaN,8283.57780709198,1
stress_Far_03.mat,8203,9603030,Repair,1500,36,0,0,0,0.003185,5541.37537797821,5531.82776235191,0,0,0,1,NaN,NaN,NaN,NaN,NaN,NaN,NaN,8283.57780709198,1
stress_Far_03.mat,8203,9603030,Repair,2500,36,0,0,0,0.003185,5541.37537797821,5531.82776235191,0,0,0,1,NaN,NaN,NaN,NaN,NaN,NaN,NaN,8283.57780709198,1
stress_Far_03.mat,8203,9603030,WarmPSO,500,500,200,0,0,0.0555326,5541.37537797821,5531.82776235191,0,0,0,1,1,0,0,0,201,NaN,NaN,8283.57780709198,0
stress_Far_03.mat,8203,9603030,WarmPSO,1000,980,200,0,0,0.1077284,5541.37537797821,5531.82776235191,0,0,0,1,1,0,0,0,201,NaN,NaN,8283.57780709198,0
stress_Far_03.mat,8203,9603030,WarmPSO,1500,1490,200,0,0,0.1954284,5541.37537797821,5531.82776235191,0,0,0,1,1,0,0,0,201,NaN,NaN,8283.57780709198,0
stress_Far_03.mat,8203,9603030,WarmPSO,2500,2500,200,0,0,0.322684,5541.37537797821,5531.82776235191,0,0,0,1,1,0,0,0,201,NaN,NaN,8283.57780709198,0
stress_Far_03.mat,8203,9603030,AlwaysVND,500,473,200,0,153,0.060733,5155.58600426618,5143.61449197676,0,0,0,1,1,0,0,0,201,260,385.789373712035,8283.57780709198,1
stress_Far_03.mat,8203,9603030,AlwaysVND,1000,959,200,0,459,0.117766,4871.55476010829,4861.05922473073,0,0,0,1,1,0,0,0,201,260,669.820617869922,8283.57780709198,1
stress_Far_03.mat,8203,9603030,AlwaysVND,1500,1445,200,0,765,0.1765308,4579.36884527593,4570.09617931634,0,0,0,1,1,0,0,0,201,260,962.006532702278,8283.57780709198,1
stress_Far_03.mat,8203,9603030,AlwaysVND,2500,2500,200,0,1428,0.3245145,4295.3150733398,4285.99473736172,0,0,0,1,1,0,0,0,201,260,1246.06030463841,8283.57780709198,1
stress_Far_03.mat,8203,9603030,FB-CMPSO,500,473,200,0,153,0.0550439,5155.58600426618,5143.61449197676,0,0,0,1,1,0,0,0,201,260,385.789373712035,8283.57780709198,1
stress_Far_03.mat,8203,9603030,FB-CMPSO,1000,959,200,0,459,0.1138278,4871.55476010829,4861.05922473073,0,0,0,1,1,0,0,0,201,260,669.820617869922,8283.57780709198,1
stress_Far_03.mat,8203,9603030,FB-CMPSO,1500,1445,200,0,765,0.1853073,4579.36884527593,4570.09617931634,0,0,0,1,1,0,0,0,201,260,962.006532702278,8283.57780709198,1
stress_Far_03.mat,8203,9603030,FB-CMPSO,2500,2500,200,0,1428,0.3163253,4295.3150733398,4285.99473736172,0,0,0,1,1,0,0,0,201,260,1246.06030463841,8283.57780709198,1
stress_Far_05.mat,8205,9605001,Repair,500,36,0,0,0,0.003144,5817.8685916855,5802.23731701298,0,0,0,1,NaN,NaN,NaN,NaN,NaN,NaN,NaN,8034.02687298522,1
stress_Far_05.mat,8205,9605001,Repair,1000,36,0,0,0,0.003144,5817.8685916855,5802.23731701298,0,0,0,1,NaN,NaN,NaN,NaN,NaN,NaN,NaN,8034.02687298522,1
stress_Far_05.mat,8205,9605001,Repair,1500,36,0,0,0,0.003144,5817.8685916855,5802.23731701298,0,0,0,1,NaN,NaN,NaN,NaN,NaN,NaN,NaN,8034.02687298522,1
stress_Far_05.mat,8205,9605001,Repair,2500,36,0,0,0,0.003144,5817.8685916855,5802.23731701298,0,0,0,1,NaN,NaN,NaN,NaN,NaN,NaN,NaN,8034.02687298522,1
stress_Far_05.mat,8205,9605001,WarmPSO,500,500,200,0,0,0.057434,5817.8685916855,5802.23731701298,0,0,0,1,1,0,0,0,201,NaN,NaN,8034.02687298522,0
stress_Far_05.mat,8205,9605001,WarmPSO,1000,980,200,0,0,0.1083506,5817.8685916855,5802.23731701298,0,0,0,1,1,0,0,0,201,NaN,NaN,8034.02687298522,0
stress_Far_05.mat,8205,9605001,WarmPSO,1500,1490,200,0,0,0.1634361,5817.8685916855,5802.23731701298,0,0,0,1,1,0,0,0,201,NaN,NaN,8034.02687298522,0
stress_Far_05.mat,8205,9605001,WarmPSO,2500,2500,200,0,0,0.2701461,5817.8685916855,5802.23731701298,0,0,0,1,1,0,0,0,201,NaN,NaN,8034.02687298522,0
stress_Far_05.mat,8205,9605001,AlwaysVND,500,473,200,0,153,0.0659029,5548.01471392108,5538.06042674294,0,0,0,1,1,0,0,0,201,260,269.853877764421,8034.02687298522,1
stress_Far_05.mat,8205,9605001,AlwaysVND,1000,959,200,0,459,0.1275309,5273.49571355079,5263.95010140609,0,0,0,1,1,0,0,0,201,260,544.372878134706,8034.02687298522,1
stress_Far_05.mat,8205,9605001,AlwaysVND,1500,1445,200,0,765,0.1927679,5273.49571355079,5263.95010140609,0,0,0,1,1,0,0,0,201,260,544.372878134706,8034.02687298522,1
stress_Far_05.mat,8205,9605001,AlwaysVND,2500,2500,200,0,1428,0.3284094,5273.49571355079,5263.95010140609,0,0,0,1,1,0,0,0,201,260,544.372878134706,8034.02687298522,1
stress_Far_05.mat,8205,9605001,FB-CMPSO,500,473,200,0,153,0.0598934,5548.01471392108,5538.06042674294,0,0,0,1,1,0,0,0,201,260,269.853877764421,8034.02687298522,1
stress_Far_05.mat,8205,9605001,FB-CMPSO,1000,959,200,0,459,0.1228635,5273.49571355079,5263.95010140609,0,0,0,1,1,0,0,0,201,260,544.372878134706,8034.02687298522,1
stress_Far_05.mat,8205,9605001,FB-CMPSO,1500,1445,200,0,765,0.1840637,5273.49571355079,5263.95010140609,0,0,0,1,1,0,0,0,201,260,544.372878134706,8034.02687298522,1
stress_Far_05.mat,8205,9605001,FB-CMPSO,2500,2500,200,0,1428,0.316727,5273.49571355079,5263.95010140609,0,0,0,1,1,0,0,0,201,260,544.372878134706,8034.02687298522,1
stress_Far_05.mat,8205,9605002,Repair,500,36,0,0,0,0.003449,5817.8685916855,5802.23731701298,0,0,0,1,NaN,NaN,NaN,NaN,NaN,NaN,NaN,8034.02687298522,1
stress_Far_05.mat,8205,9605002,Repair,1000,36,0,0,0,0.003449,5817.8685916855,5802.23731701298,0,0,0,1,NaN,NaN,NaN,NaN,NaN,NaN,NaN,8034.02687298522,1
stress_Far_05.mat,8205,9605002,Repair,1500,36,0,0,0,0.003449,5817.8685916855,5802.23731701298,0,0,0,1,NaN,NaN,NaN,NaN,NaN,NaN,NaN,8034.02687298522,1
stress_Far_05.mat,8205,9605002,Repair,2500,36,0,0,0,0.003449,5817.8685916855,5802.23731701298,0,0,0,1,NaN,NaN,NaN,NaN,NaN,NaN,NaN,8034.02687298522,1
stress_Far_05.mat,8205,9605002,WarmPSO,500,500,200,0,0,0.0580917,5817.8685916855,5802.23731701298,0,0,0,1,1,0,0,0,201,NaN,NaN,8034.02687298522,0
stress_Far_05.mat,8205,9605002,WarmPSO,1000,980,200,0,0,0.1115741,5817.8685916855,5802.23731701298,0,0,0,1,1,0,0,0,201,NaN,NaN,8034.02687298522,0
stress_Far_05.mat,8205,9605002,WarmPSO,1500,1490,200,0,0,0.1706025,5817.8685916855,5802.23731701298,0,0,0,1,1,0,0,0,201,NaN,NaN,8034.02687298522,0
stress_Far_05.mat,8205,9605002,WarmPSO,2500,2500,200,0,0,0.2828166,5817.8685916855,5802.23731701298,0,0,0,1,1,0,0,0,201,NaN,NaN,8034.02687298522,0
stress_Far_05.mat,8205,9605002,AlwaysVND,500,473,200,0,153,0.0571365,5229.62784263723,5221.7331991478,0,0,0,1,1,0,0,0,201,260,588.240749048276,8034.02687298522,1
stress_Far_05.mat,8205,9605002,AlwaysVND,1000,959,200,0,459,0.1160768,4979.48635071351,4967.65426555669,0,0,0,1,1,0,0,0,201,260,838.382240971987,8034.02687298522,1
stress_Far_05.mat,8205,9605002,AlwaysVND,1500,1445,200,0,765,0.1751149,4959.44657605772,4943.44851968818,0,0,0,1,1,0,0,0,201,260,858.422015627781,8034.02687298522,1
stress_Far_05.mat,8205,9605002,AlwaysVND,2500,2500,200,0,1428,0.3013362,4820.4235368262,4802.79908123551,0,0,0,1,1,0,0,0,201,260,997.445054859301,8034.02687298522,1
stress_Far_05.mat,8205,9605002,FB-CMPSO,500,473,200,0,153,0.0582805,5229.62784263723,5221.7331991478,0,0,0,1,1,0,0,0,201,260,588.240749048276,8034.02687298522,1
stress_Far_05.mat,8205,9605002,FB-CMPSO,1000,959,200,0,459,0.1147149,4979.48635071351,4967.65426555669,0,0,0,1,1,0,0,0,201,260,838.382240971987,8034.02687298522,1
stress_Far_05.mat,8205,9605002,FB-CMPSO,1500,1445,200,0,765,0.1819108,4959.44657605772,4943.44851968818,0,0,0,1,1,0,0,0,201,260,858.422015627781,8034.02687298522,1
stress_Far_05.mat,8205,9605002,FB-CMPSO,2500,2500,200,0,1428,0.3127487,4820.4235368262,4802.79908123551,0,0,0,1,1,0,0,0,201,260,997.445054859301,8034.02687298522,1
stress_Far_05.mat,8205,9605003,Repair,500,36,0,0,0,0.005131,5817.8685916855,5802.23731701298,0,0,0,1,NaN,NaN,NaN,NaN,NaN,NaN,NaN,8034.02687298522,1
stress_Far_05.mat,8205,9605003,Repair,1000,36,0,0,0,0.005131,5817.8685916855,5802.23731701298,0,0,0,1,NaN,NaN,NaN,NaN,NaN,NaN,NaN,8034.02687298522,1
stress_Far_05.mat,8205,9605003,Repair,1500,36,0,0,0,0.005131,5817.8685916855,5802.23731701298,0,0,0,1,NaN,NaN,NaN,NaN,NaN,NaN,NaN,8034.02687298522,1
stress_Far_05.mat,8205,9605003,Repair,2500,36,0,0,0,0.005131,5817.8685916855,5802.23731701298,0,0,0,1,NaN,NaN,NaN,NaN,NaN,NaN,NaN,8034.02687298522,1
stress_Far_05.mat,8205,9605003,WarmPSO,500,500,200,0,0,0.0595874,5817.8685916855,5802.23731701298,0,0,0,1,1,0,0,0,202,NaN,NaN,8034.02687298522,0
stress_Far_05.mat,8205,9605003,WarmPSO,1000,980,200,0,0,0.1146931,5817.8685916855,5802.23731701298,0,0,0,1,1,0,0,0,202,NaN,NaN,8034.02687298522,0
stress_Far_05.mat,8205,9605003,WarmPSO,1500,1490,200,0,0,0.1745087,5817.8685916855,5802.23731701298,0,0,0,1,1,0,0,0,202,NaN,NaN,8034.02687298522,0
stress_Far_05.mat,8205,9605003,WarmPSO,2500,2500,200,0,0,0.2940871,5817.8685916855,5802.23731701298,0,0,0,1,1,0,0,0,202,NaN,NaN,8034.02687298522,0
stress_Far_05.mat,8205,9605003,AlwaysVND,500,473,200,0,153,0.0572034,5697.87352689896,5684.89469031231,0,0,0,1,1,0,0,0,202,260,119.995064786544,8034.02687298522,1
stress_Far_05.mat,8205,9605003,AlwaysVND,1000,959,200,0,459,0.1146849,5332.39895039672,5320.33211644562,0,0,0,1,1,0,0,0,202,260,485.469641288784,8034.02687298522,1
stress_Far_05.mat,8205,9605003,AlwaysVND,1500,1445,200,0,765,0.1772053,4822.21400419934,4811.55956627266,0,0,0,1,1,0,0,0,202,260,995.654587486157,8034.02687298522,1
stress_Far_05.mat,8205,9605003,AlwaysVND,2500,2500,200,0,1428,0.309066,4822.21400419934,4811.55956627266,0,0,0,1,1,0,0,0,202,260,995.654587486157,8034.02687298522,1
stress_Far_05.mat,8205,9605003,FB-CMPSO,500,473,200,0,153,0.0568874,5697.87352689896,5684.89469031231,0,0,0,1,1,0,0,0,202,260,119.995064786544,8034.02687298522,1
stress_Far_05.mat,8205,9605003,FB-CMPSO,1000,959,200,0,459,0.1153583,5332.39895039672,5320.33211644562,0,0,0,1,1,0,0,0,202,260,485.469641288784,8034.02687298522,1
stress_Far_05.mat,8205,9605003,FB-CMPSO,1500,1445,200,0,765,0.1730818,4822.21400419934,4811.55956627266,0,0,0,1,1,0,0,0,202,260,995.654587486157,8034.02687298522,1
stress_Far_05.mat,8205,9605003,FB-CMPSO,2500,2500,200,0,1428,0.3021062,4822.21400419934,4811.55956627266,0,0,0,1,1,0,0,0,202,260,995.654587486157,8034.02687298522,1
stress_Far_05.mat,8205,9605004,Repair,500,36,0,0,0,0.0034937,5817.8685916855,5802.23731701298,0,0,0,1,NaN,NaN,NaN,NaN,NaN,NaN,NaN,8034.02687298522,1
stress_Far_05.mat,8205,9605004,Repair,1000,36,0,0,0,0.0034937,5817.8685916855,5802.23731701298,0,0,0,1,NaN,NaN,NaN,NaN,NaN,NaN,NaN,8034.02687298522,1
stress_Far_05.mat,8205,9605004,Repair,1500,36,0,0,0,0.0034937,5817.8685916855,5802.23731701298,0,0,0,1,NaN,NaN,NaN,NaN,NaN,NaN,NaN,8034.02687298522,1
stress_Far_05.mat,8205,9605004,Repair,2500,36,0,0,0,0.0034937,5817.8685916855,5802.23731701298,0,0,0,1,NaN,NaN,NaN,NaN,NaN,NaN,NaN,8034.02687298522,1
stress_Far_05.mat,8205,9605004,WarmPSO,500,500,200,0,0,0.0680214,5817.8685916855,5802.23731701298,0,0,0,1,1,0,0,0,201,NaN,NaN,8034.02687298522,0
stress_Far_05.mat,8205,9605004,WarmPSO,1000,980,200,0,0,0.1424207,5817.8685916855,5802.23731701298,0,0,0,1,1,0,0,0,201,NaN,NaN,8034.02687298522,0
stress_Far_05.mat,8205,9605004,WarmPSO,1500,1490,200,0,0,0.1976318,5817.8685916855,5802.23731701298,0,0,0,1,1,0,0,0,201,NaN,NaN,8034.02687298522,0
stress_Far_05.mat,8205,9605004,WarmPSO,2500,2500,200,0,0,0.3160023,5817.8685916855,5802.23731701298,0,0,0,1,1,0,0,0,201,NaN,NaN,8034.02687298522,0
stress_Far_05.mat,8205,9605004,AlwaysVND,500,473,200,0,153,0.053365,4959.44657605772,4943.44851968818,0,0,0,1,1,0,0,0,201,260,858.422015627781,8034.02687298522,1
stress_Far_05.mat,8205,9605004,AlwaysVND,1000,959,200,0,459,0.1461449,4959.44657605772,4943.44851968818,0,0,0,1,1,0,0,0,201,260,858.422015627781,8034.02687298522,1
stress_Far_05.mat,8205,9605004,AlwaysVND,1500,1445,200,0,765,0.2533278,4959.44657605772,4943.44851968818,0,0,0,1,1,0,0,0,201,260,858.422015627781,8034.02687298522,1
stress_Far_05.mat,8205,9605004,AlwaysVND,2500,2500,200,0,1428,0.4099657,4791.46682973421,4780.7116419938,0,0,0,1,1,0,0,0,201,260,1026.40176195129,8034.02687298522,1
stress_Far_05.mat,8205,9605004,FB-CMPSO,500,473,200,0,153,0.0552137,4959.44657605772,4943.44851968818,0,0,0,1,1,0,0,0,201,260,858.422015627781,8034.02687298522,1
stress_Far_05.mat,8205,9605004,FB-CMPSO,1000,959,200,0,459,0.1388456,4959.44657605772,4943.44851968818,0,0,0,1,1,0,0,0,201,260,858.422015627781,8034.02687298522,1
stress_Far_05.mat,8205,9605004,FB-CMPSO,1500,1445,200,0,765,0.1993287,4959.44657605772,4943.44851968818,0,0,0,1,1,0,0,0,201,260,858.422015627781,8034.02687298522,1
stress_Far_05.mat,8205,9605004,FB-CMPSO,2500,2500,200,0,1428,0.3313322,4791.46682973421,4780.7116419938,0,0,0,1,1,0,0,0,201,260,1026.40176195129,8034.02687298522,1
stress_Far_05.mat,8205,9605005,Repair,500,36,0,0,0,0.0038416,5817.8685916855,5802.23731701298,0,0,0,1,NaN,NaN,NaN,NaN,NaN,NaN,NaN,8034.02687298522,1
stress_Far_05.mat,8205,9605005,Repair,1000,36,0,0,0,0.0038416,5817.8685916855,5802.23731701298,0,0,0,1,NaN,NaN,NaN,NaN,NaN,NaN,NaN,8034.02687298522,1
stress_Far_05.mat,8205,9605005,Repair,1500,36,0,0,0,0.0038416,5817.8685916855,5802.23731701298,0,0,0,1,NaN,NaN,NaN,NaN,NaN,NaN,NaN,8034.02687298522,1
stress_Far_05.mat,8205,9605005,Repair,2500,36,0,0,0,0.0038416,5817.8685916855,5802.23731701298,0,0,0,1,NaN,NaN,NaN,NaN,NaN,NaN,NaN,8034.02687298522,1
stress_Far_05.mat,8205,9605005,WarmPSO,500,500,200,0,0,0.0528306,5817.8685916855,5802.23731701298,0,0,0,1,1,0,0,0,201,NaN,NaN,8034.02687298522,0
stress_Far_05.mat,8205,9605005,WarmPSO,1000,980,200,0,0,0.1166016,5817.8685916855,5802.23731701298,0,0,0,1,1,0,0,0,201,NaN,NaN,8034.02687298522,0
stress_Far_05.mat,8205,9605005,WarmPSO,1500,1490,200,0,0,0.1760346,5817.8685916855,5802.23731701298,0,0,0,1,1,0,0,0,201,NaN,NaN,8034.02687298522,0
stress_Far_05.mat,8205,9605005,WarmPSO,2500,2500,200,0,0,0.2888312,5817.8685916855,5802.23731701298,0,0,0,1,1,0,0,0,201,NaN,NaN,8034.02687298522,0
stress_Far_05.mat,8205,9605005,AlwaysVND,500,473,200,0,153,0.0522591,5329.19850117171,5316.54743776198,0,0,0,1,1,0,0,0,201,260,488.670090513794,8034.02687298522,1
stress_Far_05.mat,8205,9605005,AlwaysVND,1000,959,200,0,459,0.1135002,4959.44657605772,4943.44851968818,0,0,0,1,1,0,0,0,201,260,858.422015627781,8034.02687298522,1
stress_Far_05.mat,8205,9605005,AlwaysVND,1500,1445,200,0,765,0.2087722,4820.4235368262,4802.79908123551,0,0,0,1,1,0,0,0,201,260,997.445054859301,8034.02687298522,1
stress_Far_05.mat,8205,9605005,AlwaysVND,2500,2500,200,0,1428,0.3323151,4820.4235368262,4802.79908123551,0,0,0,1,1,0,0,0,201,260,997.445054859301,8034.02687298522,1
stress_Far_05.mat,8205,9605005,FB-CMPSO,500,473,200,0,153,0.0534019,5329.19850117171,5316.54743776198,0,0,0,1,1,0,0,0,201,260,488.670090513794,8034.02687298522,1
stress_Far_05.mat,8205,9605005,FB-CMPSO,1000,959,200,0,459,0.1108911,4959.44657605772,4943.44851968818,0,0,0,1,1,0,0,0,201,260,858.422015627781,8034.02687298522,1
stress_Far_05.mat,8205,9605005,FB-CMPSO,1500,1445,200,0,765,0.1690468,4820.4235368262,4802.79908123551,0,0,0,1,1,0,0,0,201,260,997.445054859301,8034.02687298522,1
stress_Far_05.mat,8205,9605005,FB-CMPSO,2500,2500,200,0,1428,0.2974562,4820.4235368262,4802.79908123551,0,0,0,1,1,0,0,0,201,260,997.445054859301,8034.02687298522,1
stress_Far_05.mat,8205,9605006,Repair,500,36,0,0,0,0.0038513,5817.8685916855,5802.23731701298,0,0,0,1,NaN,NaN,NaN,NaN,NaN,NaN,NaN,8034.02687298522,1
stress_Far_05.mat,8205,9605006,Repair,1000,36,0,0,0,0.0038513,5817.8685916855,5802.23731701298,0,0,0,1,NaN,NaN,NaN,NaN,NaN,NaN,NaN,8034.02687298522,1
stress_Far_05.mat,8205,9605006,Repair,1500,36,0,0,0,0.0038513,5817.8685916855,5802.23731701298,0,0,0,1,NaN,NaN,NaN,NaN,NaN,NaN,NaN,8034.02687298522,1
stress_Far_05.mat,8205,9605006,Repair,2500,36,0,0,0,0.0038513,5817.8685916855,5802.23731701298,0,0,0,1,NaN,NaN,NaN,NaN,NaN,NaN,NaN,8034.02687298522,1
stress_Far_05.mat,8205,9605006,WarmPSO,500,500,200,0,0,0.0553668,5817.8685916855,5802.23731701298,0,0,0,1,1,0,0,0,201,NaN,NaN,8034.02687298522,0
stress_Far_05.mat,8205,9605006,WarmPSO,1000,980,200,0,0,0.1045629,5817.8685916855,5802.23731701298,0,0,0,1,1,0,0,0,201,NaN,NaN,8034.02687298522,0
stress_Far_05.mat,8205,9605006,WarmPSO,1500,1490,200,0,0,0.1656757,5817.8685916855,5802.23731701298,0,0,0,1,1,0,0,0,201,NaN,NaN,8034.02687298522,0
stress_Far_05.mat,8205,9605006,WarmPSO,2500,2500,200,0,0,0.3054594,5817.8685916855,5802.23731701298,0,0,0,1,1,0,0,0,201,NaN,NaN,8034.02687298522,0
stress_Far_05.mat,8205,9605006,AlwaysVND,500,473,200,0,153,0.0623869,5273.49571355079,5263.95010140609,0,0,0,1,1,0,0,0,201,260,544.372878134706,8034.02687298522,1
stress_Far_05.mat,8205,9605006,AlwaysVND,1000,959,200,0,459,0.1319999,5273.49571355079,5263.95010140609,0,0,0,1,1,0,0,0,201,260,544.372878134706,8034.02687298522,1
stress_Far_05.mat,8205,9605006,AlwaysVND,1500,1445,200,0,765,0.1906074,4822.21400419934,4811.55956627266,0,0,0,1,1,0,0,0,201,260,995.654587486157,8034.02687298522,1
stress_Far_05.mat,8205,9605006,AlwaysVND,2500,2500,200,0,1428,0.3197092,4822.21400419934,4811.55956627266,0,0,0,1,1,0,0,0,201,260,995.654587486157,8034.02687298522,1
stress_Far_05.mat,8205,9605006,FB-CMPSO,500,473,200,0,153,0.0555285,5273.49571355079,5263.95010140609,0,0,0,1,1,0,0,0,201,260,544.372878134706,8034.02687298522,1
stress_Far_05.mat,8205,9605006,FB-CMPSO,1000,959,200,0,459,0.1413389,5273.49571355079,5263.95010140609,0,0,0,1,1,0,0,0,201,260,544.372878134706,8034.02687298522,1
stress_Far_05.mat,8205,9605006,FB-CMPSO,1500,1445,200,0,765,0.1993275,4822.21400419934,4811.55956627266,0,0,0,1,1,0,0,0,201,260,995.654587486157,8034.02687298522,1
stress_Far_05.mat,8205,9605006,FB-CMPSO,2500,2500,200,0,1428,0.3339507,4822.21400419934,4811.55956627266,0,0,0,1,1,0,0,0,201,260,995.654587486157,8034.02687298522,1
stress_Far_05.mat,8205,9605007,Repair,500,36,0,0,0,0.0036734,5817.8685916855,5802.23731701298,0,0,0,1,NaN,NaN,NaN,NaN,NaN,NaN,NaN,8034.02687298522,1
stress_Far_05.mat,8205,9605007,Repair,1000,36,0,0,0,0.0036734,5817.8685916855,5802.23731701298,0,0,0,1,NaN,NaN,NaN,NaN,NaN,NaN,NaN,8034.02687298522,1
stress_Far_05.mat,8205,9605007,Repair,1500,36,0,0,0,0.0036734,5817.8685916855,5802.23731701298,0,0,0,1,NaN,NaN,NaN,NaN,NaN,NaN,NaN,8034.02687298522,1
stress_Far_05.mat,8205,9605007,Repair,2500,36,0,0,0,0.0036734,5817.8685916855,5802.23731701298,0,0,0,1,NaN,NaN,NaN,NaN,NaN,NaN,NaN,8034.02687298522,1
stress_Far_05.mat,8205,9605007,WarmPSO,500,500,200,0,0,0.0743074,5817.8685916855,5802.23731701298,0,0,0,1,1,0,0,0,201,NaN,NaN,8034.02687298522,0
stress_Far_05.mat,8205,9605007,WarmPSO,1000,980,200,0,0,0.1250775,5817.8685916855,5802.23731701298,0,0,0,1,1,0,0,0,201,NaN,NaN,8034.02687298522,0
stress_Far_05.mat,8205,9605007,WarmPSO,1500,1490,200,0,0,0.1822237,5817.8685916855,5802.23731701298,0,0,0,1,1,0,0,0,201,NaN,NaN,8034.02687298522,0
stress_Far_05.mat,8205,9605007,WarmPSO,2500,2500,200,0,0,0.2863158,5817.8685916855,5802.23731701298,0,0,0,1,1,0,0,0,201,NaN,NaN,8034.02687298522,0
stress_Far_05.mat,8205,9605007,AlwaysVND,500,473,200,0,153,0.0991005,5787.70001687584,5765.31171369175,0,0,0,1,1,0,0,0,201,260,30.1685748096634,8034.02687298522,1
stress_Far_05.mat,8205,9605007,AlwaysVND,1000,959,200,0,459,0.1792036,5131.27361910241,5114.54793053099,0,0,0,1,1,0,0,0,201,260,686.594972583091,8034.02687298522,1
stress_Far_05.mat,8205,9605007,AlwaysVND,1500,1445,200,0,765,0.2826817,4833.5576731422,4816.52391404291,0,0,0,1,1,0,0,0,201,260,984.3109185433,8034.02687298522,1
stress_Far_05.mat,8205,9605007,AlwaysVND,2500,2500,200,0,1428,0.4280358,4724.91852053495,4710.2808988079,0,0,0,1,1,0,0,0,201,260,1092.95007115055,8034.02687298522,1
stress_Far_05.mat,8205,9605007,FB-CMPSO,500,473,200,0,153,0.07378,5787.70001687584,5765.31171369175,0,0,0,1,1,0,0,0,201,260,30.1685748096634,8034.02687298522,1
stress_Far_05.mat,8205,9605007,FB-CMPSO,1000,959,200,0,459,0.1324537,5131.27361910241,5114.54793053099,0,0,0,1,1,0,0,0,201,260,686.594972583091,8034.02687298522,1
stress_Far_05.mat,8205,9605007,FB-CMPSO,1500,1445,200,0,765,0.2204646,4833.5576731422,4816.52391404291,0,0,0,1,1,0,0,0,201,260,984.3109185433,8034.02687298522,1
stress_Far_05.mat,8205,9605007,FB-CMPSO,2500,2500,200,0,1428,0.3650397,4724.91852053495,4710.2808988079,0,0,0,1,1,0,0,0,201,260,1092.95007115055,8034.02687298522,1
stress_Far_05.mat,8205,9605008,Repair,500,36,0,0,0,0.0068716,5817.8685916855,5802.23731701298,0,0,0,1,NaN,NaN,NaN,NaN,NaN,NaN,NaN,8034.02687298522,1
stress_Far_05.mat,8205,9605008,Repair,1000,36,0,0,0,0.0068716,5817.8685916855,5802.23731701298,0,0,0,1,NaN,NaN,NaN,NaN,NaN,NaN,NaN,8034.02687298522,1
stress_Far_05.mat,8205,9605008,Repair,1500,36,0,0,0,0.0068716,5817.8685916855,5802.23731701298,0,0,0,1,NaN,NaN,NaN,NaN,NaN,NaN,NaN,8034.02687298522,1
stress_Far_05.mat,8205,9605008,Repair,2500,36,0,0,0,0.0068716,5817.8685916855,5802.23731701298,0,0,0,1,NaN,NaN,NaN,NaN,NaN,NaN,NaN,8034.02687298522,1
stress_Far_05.mat,8205,9605008,WarmPSO,500,500,200,0,0,0.0779266,5817.8685916855,5802.23731701298,0,0,0,1,1,0,0,0,203,NaN,NaN,8034.02687298522,0
stress_Far_05.mat,8205,9605008,WarmPSO,1000,980,200,0,0,0.1334447,5817.8685916855,5802.23731701298,0,0,0,1,1,0,0,0,203,NaN,NaN,8034.02687298522,0
stress_Far_05.mat,8205,9605008,WarmPSO,1500,1490,200,0,0,0.1891873,5817.8685916855,5802.23731701298,0,0,0,1,1,0,0,0,203,NaN,NaN,8034.02687298522,0
stress_Far_05.mat,8205,9605008,WarmPSO,2500,2500,200,0,0,0.3416571,5817.8685916855,5802.23731701298,0,0,0,1,1,0,0,0,203,NaN,NaN,8034.02687298522,0
stress_Far_05.mat,8205,9605008,AlwaysVND,500,473,200,0,153,0.0605143,5552.5069834796,5538.90493959162,0,0,0,1,1,0,0,0,203,260,265.361608205897,8034.02687298522,1
stress_Far_05.mat,8205,9605008,AlwaysVND,1000,959,200,0,459,0.1517249,4949.69737469276,4940.55388175168,0,0,0,1,1,0,0,0,203,260,868.171216992745,8034.02687298522,1
stress_Far_05.mat,8205,9605008,AlwaysVND,1500,1445,200,0,765,0.2337748,4904.82068782355,4895.60284885576,0,0,0,1,1,0,0,0,203,260,913.047903861956,8034.02687298522,1
stress_Far_05.mat,8205,9605008,AlwaysVND,2500,2500,200,0,1428,0.4177845,4904.82068782355,4895.60284885576,0,0,0,1,1,0,0,0,203,260,913.047903861956,8034.02687298522,1
stress_Far_05.mat,8205,9605008,FB-CMPSO,500,473,200,0,153,0.0765479,5552.5069834796,5538.90493959162,0,0,0,1,1,0,0,0,203,260,265.361608205897,8034.02687298522,1
stress_Far_05.mat,8205,9605008,FB-CMPSO,1000,959,200,0,459,0.1356274,4949.69737469276,4940.55388175168,0,0,0,1,1,0,0,0,203,260,868.171216992745,8034.02687298522,1
stress_Far_05.mat,8205,9605008,FB-CMPSO,1500,1445,200,0,765,0.2168234,4904.82068782355,4895.60284885576,0,0,0,1,1,0,0,0,203,260,913.047903861956,8034.02687298522,1
stress_Far_05.mat,8205,9605008,FB-CMPSO,2500,2500,200,0,1428,0.3793442,4904.82068782355,4895.60284885576,0,0,0,1,1,0,0,0,203,260,913.047903861956,8034.02687298522,1
stress_Far_05.mat,8205,9605009,Repair,500,36,0,0,0,0.003403,5817.8685916855,5802.23731701298,0,0,0,1,NaN,NaN,NaN,NaN,NaN,NaN,NaN,8034.02687298522,1
stress_Far_05.mat,8205,9605009,Repair,1000,36,0,0,0,0.003403,5817.8685916855,5802.23731701298,0,0,0,1,NaN,NaN,NaN,NaN,NaN,NaN,NaN,8034.02687298522,1
stress_Far_05.mat,8205,9605009,Repair,1500,36,0,0,0,0.003403,5817.8685916855,5802.23731701298,0,0,0,1,NaN,NaN,NaN,NaN,NaN,NaN,NaN,8034.02687298522,1
stress_Far_05.mat,8205,9605009,Repair,2500,36,0,0,0,0.003403,5817.8685916855,5802.23731701298,0,0,0,1,NaN,NaN,NaN,NaN,NaN,NaN,NaN,8034.02687298522,1
stress_Far_05.mat,8205,9605009,WarmPSO,500,500,200,0,0,0.0551705,5817.8685916855,5802.23731701298,0,0,0,1,1,0,0,0,204,NaN,NaN,8034.02687298522,0
stress_Far_05.mat,8205,9605009,WarmPSO,1000,980,200,0,0,0.1168094,5817.8685916855,5802.23731701298,0,0,0,1,1,0,0,0,204,NaN,NaN,8034.02687298522,0
stress_Far_05.mat,8205,9605009,WarmPSO,1500,1490,200,0,0,0.1770448,5817.8685916855,5802.23731701298,0,0,0,1,1,0,0,0,204,NaN,NaN,8034.02687298522,0
stress_Far_05.mat,8205,9605009,WarmPSO,2500,2500,200,0,0,0.3254134,5817.8685916855,5802.23731701298,0,0,0,1,1,0,0,0,204,NaN,NaN,8034.02687298522,0
stress_Far_05.mat,8205,9605009,AlwaysVND,500,473,200,0,153,0.0655054,5817.8685916855,5802.23731701298,0,0,0,1,1,0,0,0,204,260,0,8034.02687298522,0
stress_Far_05.mat,8205,9605009,AlwaysVND,1000,959,200,0,459,0.1425037,5423.87809286293,5408.87678910523,0,0,0,1,1,0,0,0,204,260,393.990498822575,8034.02687298522,1
stress_Far_05.mat,8205,9605009,AlwaysVND,1500,1445,200,0,765,0.2218586,5423.87809286293,5408.87678910523,0,0,0,1,1,0,0,0,204,260,393.990498822575,8034.02687298522,1
stress_Far_05.mat,8205,9605009,AlwaysVND,2500,2500,200,0,1428,0.377139,4786.74905627636,4776.72850655557,0,0,0,1,1,0,0,0,204,260,1031.11953540914,8034.02687298522,1
stress_Far_05.mat,8205,9605009,FB-CMPSO,500,473,200,0,153,0.062558,5817.8685916855,5802.23731701298,0,0,0,1,1,0,0,0,204,260,0,8034.02687298522,0
stress_Far_05.mat,8205,9605009,FB-CMPSO,1000,959,200,0,459,0.1377542,5423.87809286293,5408.87678910523,0,0,0,1,1,0,0,0,204,260,393.990498822575,8034.02687298522,1
stress_Far_05.mat,8205,9605009,FB-CMPSO,1500,1445,200,0,765,0.2048294,5423.87809286293,5408.87678910523,0,0,0,1,1,0,0,0,204,260,393.990498822575,8034.02687298522,1
stress_Far_05.mat,8205,9605009,FB-CMPSO,2500,2500,200,0,1428,0.3410469,4786.74905627636,4776.72850655557,0,0,0,1,1,0,0,0,204,260,1031.11953540914,8034.02687298522,1
stress_Far_05.mat,8205,9605010,Repair,500,36,0,0,0,0.0042735,5817.8685916855,5802.23731701298,0,0,0,1,NaN,NaN,NaN,NaN,NaN,NaN,NaN,8034.02687298522,1
stress_Far_05.mat,8205,9605010,Repair,1000,36,0,0,0,0.0042735,5817.8685916855,5802.23731701298,0,0,0,1,NaN,NaN,NaN,NaN,NaN,NaN,NaN,8034.02687298522,1
stress_Far_05.mat,8205,9605010,Repair,1500,36,0,0,0,0.0042735,5817.8685916855,5802.23731701298,0,0,0,1,NaN,NaN,NaN,NaN,NaN,NaN,NaN,8034.02687298522,1
stress_Far_05.mat,8205,9605010,Repair,2500,36,0,0,0,0.0042735,5817.8685916855,5802.23731701298,0,0,0,1,NaN,NaN,NaN,NaN,NaN,NaN,NaN,8034.02687298522,1
stress_Far_05.mat,8205,9605010,WarmPSO,500,500,200,0,0,0.0787163,5817.8685916855,5802.23731701298,0,0,0,1,1,0,0,0,201,NaN,NaN,8034.02687298522,0
stress_Far_05.mat,8205,9605010,WarmPSO,1000,980,200,0,0,0.1514361,5817.8685916855,5802.23731701298,0,0,0,1,1,0,0,0,201,NaN,NaN,8034.02687298522,0
stress_Far_05.mat,8205,9605010,WarmPSO,1500,1490,200,0,0,0.2245675,5817.8685916855,5802.23731701298,0,0,0,1,1,0,0,0,201,NaN,NaN,8034.02687298522,0
stress_Far_05.mat,8205,9605010,WarmPSO,2500,2500,200,0,0,0.3547806,5817.8685916855,5802.23731701298,0,0,0,1,1,0,0,0,201,NaN,NaN,8034.02687298522,0
stress_Far_05.mat,8205,9605010,AlwaysVND,500,473,200,0,153,0.0630342,5473.66933240578,5463.09155589849,0,0,0,1,1,0,0,0,201,260,344.199259279723,8034.02687298522,1
stress_Far_05.mat,8205,9605010,AlwaysVND,1000,959,200,0,459,0.1328494,4904.82068782355,4895.60284885576,0,0,0,1,1,0,0,0,201,260,913.047903861956,8034.02687298522,1
stress_Far_05.mat,8205,9605010,AlwaysVND,1500,1445,200,0,765,0.2058359,4822.21400419934,4811.55956627266,0,0,0,1,1,0,0,0,201,260,995.654587486157,8034.02687298522,1
stress_Far_05.mat,8205,9605010,AlwaysVND,2500,2500,200,0,1428,0.3364391,4822.21400419934,4811.55956627266,0,0,0,1,1,0,0,0,201,260,995.654587486157,8034.02687298522,1
stress_Far_05.mat,8205,9605010,FB-CMPSO,500,473,200,0,153,0.0559909,5473.66933240578,5463.09155589849,0,0,0,1,1,0,0,0,201,260,344.199259279723,8034.02687298522,1
stress_Far_05.mat,8205,9605010,FB-CMPSO,1000,959,200,0,459,0.1251155,4904.82068782355,4895.60284885576,0,0,0,1,1,0,0,0,201,260,913.047903861956,8034.02687298522,1
stress_Far_05.mat,8205,9605010,FB-CMPSO,1500,1445,200,0,765,0.1982748,4822.21400419934,4811.55956627266,0,0,0,1,1,0,0,0,201,260,995.654587486157,8034.02687298522,1
stress_Far_05.mat,8205,9605010,FB-CMPSO,2500,2500,200,0,1428,0.3391504,4822.21400419934,4811.55956627266,0,0,0,1,1,0,0,0,201,260,995.654587486157,8034.02687298522,1
stress_Far_05.mat,8205,9605011,Repair,500,36,0,0,0,0.0061094,5817.8685916855,5802.23731701298,0,0,0,1,NaN,NaN,NaN,NaN,NaN,NaN,NaN,8034.02687298522,1
stress_Far_05.mat,8205,9605011,Repair,1000,36,0,0,0,0.0061094,5817.8685916855,5802.23731701298,0,0,0,1,NaN,NaN,NaN,NaN,NaN,NaN,NaN,8034.02687298522,1
stress_Far_05.mat,8205,9605011,Repair,1500,36,0,0,0,0.0061094,5817.8685916855,5802.23731701298,0,0,0,1,NaN,NaN,NaN,NaN,NaN,NaN,NaN,8034.02687298522,1
stress_Far_05.mat,8205,9605011,Repair,2500,36,0,0,0,0.0061094,5817.8685916855,5802.23731701298,0,0,0,1,NaN,NaN,NaN,NaN,NaN,NaN,NaN,8034.02687298522,1
stress_Far_05.mat,8205,9605011,WarmPSO,500,500,200,0,0,0.0741674,5817.8685916855,5802.23731701298,0,0,0,1,1,0,0,0,201,NaN,NaN,8034.02687298522,0
stress_Far_05.mat,8205,9605011,WarmPSO,1000,980,200,0,0,0.1230758,5817.8685916855,5802.23731701298,0,0,0,1,1,0,0,0,201,NaN,NaN,8034.02687298522,0
stress_Far_05.mat,8205,9605011,WarmPSO,1500,1490,200,0,0,0.1776909,5817.8685916855,5802.23731701298,0,0,0,1,1,0,0,0,201,NaN,NaN,8034.02687298522,0
stress_Far_05.mat,8205,9605011,WarmPSO,2500,2500,200,0,0,0.2900716,5817.8685916855,5802.23731701298,0,0,0,1,1,0,0,0,201,NaN,NaN,8034.02687298522,0
stress_Far_05.mat,8205,9605011,AlwaysVND,500,473,200,0,153,0.0717914,5548.01471392108,5538.06042674294,0,0,0,1,1,0,0,0,201,260,269.853877764421,8034.02687298522,1
stress_Far_05.mat,8205,9605011,AlwaysVND,1000,959,200,0,459,0.134124,5010.71755869466,4998.63026750185,0,0,0,1,1,0,0,0,201,260,807.151032990837,8034.02687298522,1
stress_Far_05.mat,8205,9605011,AlwaysVND,1500,1445,200,0,765,0.1901863,4871.69451946314,4857.98082904918,0,0,0,1,1,0,0,0,201,260,946.174072222358,8034.02687298522,1
stress_Far_05.mat,8205,9605011,AlwaysVND,2500,2500,200,0,1428,0.3210572,4840.46331148199,4827.00482710403,0,0,0,1,1,0,0,0,201,260,977.405280203507,8034.02687298522,1
stress_Far_05.mat,8205,9605011,FB-CMPSO,500,473,200,0,153,0.070537,5548.01471392108,5538.06042674294,0,0,0,1,1,0,0,0,201,260,269.853877764421,8034.02687298522,1
stress_Far_05.mat,8205,9605011,FB-CMPSO,1000,959,200,0,459,0.1289727,5010.71755869466,4998.63026750185,0,0,0,1,1,0,0,0,201,260,807.151032990837,8034.02687298522,1
stress_Far_05.mat,8205,9605011,FB-CMPSO,1500,1445,200,0,765,0.1861395,4871.69451946314,4857.98082904918,0,0,0,1,1,0,0,0,201,260,946.174072222358,8034.02687298522,1
stress_Far_05.mat,8205,9605011,FB-CMPSO,2500,2500,200,0,1428,0.306375,4840.46331148199,4827.00482710403,0,0,0,1,1,0,0,0,201,260,977.405280203507,8034.02687298522,1
stress_Far_05.mat,8205,9605012,Repair,500,36,0,0,0,0.0034125,5817.8685916855,5802.23731701298,0,0,0,1,NaN,NaN,NaN,NaN,NaN,NaN,NaN,8034.02687298522,1
stress_Far_05.mat,8205,9605012,Repair,1000,36,0,0,0,0.0034125,5817.8685916855,5802.23731701298,0,0,0,1,NaN,NaN,NaN,NaN,NaN,NaN,NaN,8034.02687298522,1
stress_Far_05.mat,8205,9605012,Repair,1500,36,0,0,0,0.0034125,5817.8685916855,5802.23731701298,0,0,0,1,NaN,NaN,NaN,NaN,NaN,NaN,NaN,8034.02687298522,1
stress_Far_05.mat,8205,9605012,Repair,2500,36,0,0,0,0.0034125,5817.8685916855,5802.23731701298,0,0,0,1,NaN,NaN,NaN,NaN,NaN,NaN,NaN,8034.02687298522,1
stress_Far_05.mat,8205,9605012,WarmPSO,500,500,200,0,0,0.054376,5817.8685916855,5802.23731701298,0,0,0,1,1,0,0,0,201,NaN,NaN,8034.02687298522,0
stress_Far_05.mat,8205,9605012,WarmPSO,1000,980,200,0,0,0.1015621,5817.8685916855,5802.23731701298,0,0,0,1,1,0,0,0,201,NaN,NaN,8034.02687298522,0
stress_Far_05.mat,8205,9605012,WarmPSO,1500,1490,200,0,0,0.1528042,5817.8685916855,5802.23731701298,0,0,0,1,1,0,0,0,201,NaN,NaN,8034.02687298522,0
stress_Far_05.mat,8205,9605012,WarmPSO,2500,2500,200,0,0,0.2614476,5817.8685916855,5802.23731701298,0,0,0,1,1,0,0,0,201,NaN,NaN,8034.02687298522,0
stress_Far_05.mat,8205,9605012,AlwaysVND,500,473,200,0,153,0.0537101,5535.0700377573,5518.34303355309,0,0,0,1,1,0,0,0,201,260,282.798553928204,8034.02687298522,1
stress_Far_05.mat,8205,9605012,AlwaysVND,1000,959,200,0,459,0.1090339,5342.33191974461,5327.77885291652,0,0,0,1,1,0,0,0,201,260,475.536671940893,8034.02687298522,1
stress_Far_05.mat,8205,9605012,AlwaysVND,1500,1445,200,0,765,0.1671328,5230.58292234714,5214.76613983002,0,0,0,1,1,0,0,0,201,260,587.285669338358,8034.02687298522,1
stress_Far_05.mat,8205,9605012,AlwaysVND,2500,2500,200,0,1428,0.29584,4783.39055702745,4772.57822637928,0,0,0,1,1,0,0,0,201,260,1034.47803465805,8034.02687298522,1
stress_Far_05.mat,8205,9605012,FB-CMPSO,500,473,200,0,153,0.0525793,5535.0700377573,5518.34303355309,0,0,0,1,1,0,0,0,201,260,282.798553928204,8034.02687298522,1
stress_Far_05.mat,8205,9605012,FB-CMPSO,1000,959,200,0,459,0.1097508,5342.33191974461,5327.77885291652,0,0,0,1,1,0,0,0,201,260,475.536671940893,8034.02687298522,1
stress_Far_05.mat,8205,9605012,FB-CMPSO,1500,1445,200,0,765,0.1676036,5230.58292234714,5214.76613983002,0,0,0,1,1,0,0,0,201,260,587.285669338358,8034.02687298522,1
stress_Far_05.mat,8205,9605012,FB-CMPSO,2500,2500,200,0,1428,0.2926753,4783.39055702745,4772.57822637928,0,0,0,1,1,0,0,0,201,260,1034.47803465805,8034.02687298522,1
stress_Far_05.mat,8205,9605013,Repair,500,36,0,0,0,0.0036653,5817.8685916855,5802.23731701298,0,0,0,1,NaN,NaN,NaN,NaN,NaN,NaN,NaN,8034.02687298522,1
stress_Far_05.mat,8205,9605013,Repair,1000,36,0,0,0,0.0036653,5817.8685916855,5802.23731701298,0,0,0,1,NaN,NaN,NaN,NaN,NaN,NaN,NaN,8034.02687298522,1
stress_Far_05.mat,8205,9605013,Repair,1500,36,0,0,0,0.0036653,5817.8685916855,5802.23731701298,0,0,0,1,NaN,NaN,NaN,NaN,NaN,NaN,NaN,8034.02687298522,1
stress_Far_05.mat,8205,9605013,Repair,2500,36,0,0,0,0.0036653,5817.8685916855,5802.23731701298,0,0,0,1,NaN,NaN,NaN,NaN,NaN,NaN,NaN,8034.02687298522,1
stress_Far_05.mat,8205,9605013,WarmPSO,500,500,200,0,0,0.0534855,5817.8685916855,5802.23731701298,0,0,0,1,1,0,0,0,201,NaN,NaN,8034.02687298522,0
stress_Far_05.mat,8205,9605013,WarmPSO,1000,980,200,0,0,0.1022514,5817.8685916855,5802.23731701298,0,0,0,1,1,0,0,0,201,NaN,NaN,8034.02687298522,0
stress_Far_05.mat,8205,9605013,WarmPSO,1500,1490,200,0,0,0.1553033,5817.8685916855,5802.23731701298,0,0,0,1,1,0,0,0,201,NaN,NaN,8034.02687298522,0
stress_Far_05.mat,8205,9605013,WarmPSO,2500,2500,200,0,0,0.257379,5817.8685916855,5802.23731701298,0,0,0,1,1,0,0,0,201,NaN,NaN,8034.02687298522,0
stress_Far_05.mat,8205,9605013,AlwaysVND,500,473,200,0,153,0.0523211,5273.49571355079,5263.95010140609,0,0,0,1,1,0,0,0,201,260,544.372878134706,8034.02687298522,1
stress_Far_05.mat,8205,9605013,AlwaysVND,1000,959,200,0,459,0.1094324,5273.49571355079,5263.95010140609,0,0,0,1,1,0,0,0,201,260,544.372878134706,8034.02687298522,1
stress_Far_05.mat,8205,9605013,AlwaysVND,1500,1445,200,0,765,0.1691201,4904.82068782355,4895.60284885576,0,0,0,1,1,0,0,0,201,260,913.047903861956,8034.02687298522,1
stress_Far_05.mat,8205,9605013,AlwaysVND,2500,2500,200,0,1428,0.2934036,4822.21400419934,4811.55956627266,0,0,0,1,1,0,0,0,201,260,995.654587486157,8034.02687298522,1
stress_Far_05.mat,8205,9605013,FB-CMPSO,500,473,200,0,153,0.0561616,5273.49571355079,5263.95010140609,0,0,0,1,1,0,0,0,201,260,544.372878134706,8034.02687298522,1
stress_Far_05.mat,8205,9605013,FB-CMPSO,1000,959,200,0,459,0.11095,5273.49571355079,5263.95010140609,0,0,0,1,1,0,0,0,201,260,544.372878134706,8034.02687298522,1
stress_Far_05.mat,8205,9605013,FB-CMPSO,1500,1445,200,0,765,0.1693963,4904.82068782355,4895.60284885576,0,0,0,1,1,0,0,0,201,260,913.047903861956,8034.02687298522,1
stress_Far_05.mat,8205,9605013,FB-CMPSO,2500,2500,200,0,1428,0.3029268,4822.21400419934,4811.55956627266,0,0,0,1,1,0,0,0,201,260,995.654587486157,8034.02687298522,1
stress_Far_05.mat,8205,9605014,Repair,500,36,0,0,0,0.0035198,5817.8685916855,5802.23731701298,0,0,0,1,NaN,NaN,NaN,NaN,NaN,NaN,NaN,8034.02687298522,1
stress_Far_05.mat,8205,9605014,Repair,1000,36,0,0,0,0.0035198,5817.8685916855,5802.23731701298,0,0,0,1,NaN,NaN,NaN,NaN,NaN,NaN,NaN,8034.02687298522,1
stress_Far_05.mat,8205,9605014,Repair,1500,36,0,0,0,0.0035198,5817.8685916855,5802.23731701298,0,0,0,1,NaN,NaN,NaN,NaN,NaN,NaN,NaN,8034.02687298522,1
stress_Far_05.mat,8205,9605014,Repair,2500,36,0,0,0,0.0035198,5817.8685916855,5802.23731701298,0,0,0,1,NaN,NaN,NaN,NaN,NaN,NaN,NaN,8034.02687298522,1
stress_Far_05.mat,8205,9605014,WarmPSO,500,500,200,0,0,0.0561014,5817.8685916855,5802.23731701298,0,0,0,1,1,0,0,0,201,NaN,NaN,8034.02687298522,0
stress_Far_05.mat,8205,9605014,WarmPSO,1000,980,200,0,0,0.1052988,5817.8685916855,5802.23731701298,0,0,0,1,1,0,0,0,201,NaN,NaN,8034.02687298522,0
stress_Far_05.mat,8205,9605014,WarmPSO,1500,1490,200,0,0,0.1589815,5817.8685916855,5802.23731701298,0,0,0,1,1,0,0,0,201,NaN,NaN,8034.02687298522,0
stress_Far_05.mat,8205,9605014,WarmPSO,2500,2500,200,0,0,0.2694847,5817.8685916855,5802.23731701298,0,0,0,1,1,0,0,0,201,NaN,NaN,8034.02687298522,0
stress_Far_05.mat,8205,9605014,AlwaysVND,500,473,200,0,153,0.0588919,5697.87352689896,5684.89469031231,0,0,0,1,1,0,0,0,201,260,119.995064786544,8034.02687298522,1
stress_Far_05.mat,8205,9605014,AlwaysVND,1000,959,200,0,459,0.1141554,5423.87809286293,5408.87678910523,0,0,0,1,1,0,0,0,201,260,393.990498822575,8034.02687298522,1
stress_Far_05.mat,8205,9605014,AlwaysVND,1500,1445,200,0,765,0.1698266,4863.67602149165,4850.7357428098,0,0,0,1,1,0,0,0,201,260,954.192570193848,8034.02687298522,1
stress_Far_05.mat,8205,9605014,AlwaysVND,2500,2500,200,0,1428,0.2937711,4778.67278356961,4768.59509094105,0,0,0,1,1,0,0,0,201,260,1039.19580811589,8034.02687298522,1
stress_Far_05.mat,8205,9605014,FB-CMPSO,500,473,200,0,153,0.0584873,5697.87352689896,5684.89469031231,0,0,0,1,1,0,0,0,201,260,119.995064786544,8034.02687298522,1
stress_Far_05.mat,8205,9605014,FB-CMPSO,1000,959,200,0,459,0.1181182,5423.87809286293,5408.87678910523,0,0,0,1,1,0,0,0,201,260,393.990498822575,8034.02687298522,1
stress_Far_05.mat,8205,9605014,FB-CMPSO,1500,1445,200,0,765,0.174135,4863.67602149165,4850.7357428098,0,0,0,1,1,0,0,0,201,260,954.192570193848,8034.02687298522,1
stress_Far_05.mat,8205,9605014,FB-CMPSO,2500,2500,200,0,1428,0.2982154,4778.67278356961,4768.59509094105,0,0,0,1,1,0,0,0,201,260,1039.19580811589,8034.02687298522,1
stress_Far_05.mat,8205,9605015,Repair,500,36,0,0,0,0.0034156,5817.8685916855,5802.23731701298,0,0,0,1,NaN,NaN,NaN,NaN,NaN,NaN,NaN,8034.02687298522,1
stress_Far_05.mat,8205,9605015,Repair,1000,36,0,0,0,0.0034156,5817.8685916855,5802.23731701298,0,0,0,1,NaN,NaN,NaN,NaN,NaN,NaN,NaN,8034.02687298522,1
stress_Far_05.mat,8205,9605015,Repair,1500,36,0,0,0,0.0034156,5817.8685916855,5802.23731701298,0,0,0,1,NaN,NaN,NaN,NaN,NaN,NaN,NaN,8034.02687298522,1
stress_Far_05.mat,8205,9605015,Repair,2500,36,0,0,0,0.0034156,5817.8685916855,5802.23731701298,0,0,0,1,NaN,NaN,NaN,NaN,NaN,NaN,NaN,8034.02687298522,1
stress_Far_05.mat,8205,9605015,WarmPSO,500,500,200,0,0,0.0545191,5817.8685916855,5802.23731701298,0,0,0,1,1,0,0,0,201,NaN,NaN,8034.02687298522,0
stress_Far_05.mat,8205,9605015,WarmPSO,1000,980,200,0,0,0.1069154,5817.8685916855,5802.23731701298,0,0,0,1,1,0,0,0,201,NaN,NaN,8034.02687298522,0
stress_Far_05.mat,8205,9605015,WarmPSO,1500,1490,200,0,0,0.1599521,5817.8685916855,5802.23731701298,0,0,0,1,1,0,0,0,201,NaN,NaN,8034.02687298522,0
stress_Far_05.mat,8205,9605015,WarmPSO,2500,2500,200,0,0,0.2750265,5817.8685916855,5802.23731701298,0,0,0,1,1,0,0,0,201,NaN,NaN,8034.02687298522,0
stress_Far_05.mat,8205,9605015,AlwaysVND,500,473,200,0,153,0.0540883,5328.40816267443,5316.31753176929,0,0,0,1,1,0,0,0,201,260,489.460429011076,8034.02687298522,1
stress_Far_05.mat,8205,9605015,AlwaysVND,1000,959,200,0,459,0.1119436,4822.21400419934,4811.55956627266,0,0,0,1,1,0,0,0,201,260,995.654587486157,8034.02687298522,1
stress_Far_05.mat,8205,9605015,AlwaysVND,1500,1445,200,0,765,0.1820304,4822.21400419934,4811.55956627266,0,0,0,1,1,0,0,0,201,260,995.654587486157,8034.02687298522,1
stress_Far_05.mat,8205,9605015,AlwaysVND,2500,2500,200,0,1428,0.3159766,4822.21400419934,4811.55956627266,0,0,0,1,1,0,0,0,201,260,995.654587486157,8034.02687298522,1
stress_Far_05.mat,8205,9605015,FB-CMPSO,500,473,200,0,153,0.0531295,5328.40816267443,5316.31753176929,0,0,0,1,1,0,0,0,201,260,489.460429011076,8034.02687298522,1
stress_Far_05.mat,8205,9605015,FB-CMPSO,1000,959,200,0,459,0.1084021,4822.21400419934,4811.55956627266,0,0,0,1,1,0,0,0,201,260,995.654587486157,8034.02687298522,1
stress_Far_05.mat,8205,9605015,FB-CMPSO,1500,1445,200,0,765,0.1640163,4822.21400419934,4811.55956627266,0,0,0,1,1,0,0,0,201,260,995.654587486157,8034.02687298522,1
stress_Far_05.mat,8205,9605015,FB-CMPSO,2500,2500,200,0,1428,0.293833,4822.21400419934,4811.55956627266,0,0,0,1,1,0,0,0,201,260,995.654587486157,8034.02687298522,1
stress_Far_05.mat,8205,9605016,Repair,500,36,0,0,0,0.0033326,5817.8685916855,5802.23731701298,0,0,0,1,NaN,NaN,NaN,NaN,NaN,NaN,NaN,8034.02687298522,1
stress_Far_05.mat,8205,9605016,Repair,1000,36,0,0,0,0.0033326,5817.8685916855,5802.23731701298,0,0,0,1,NaN,NaN,NaN,NaN,NaN,NaN,NaN,8034.02687298522,1
stress_Far_05.mat,8205,9605016,Repair,1500,36,0,0,0,0.0033326,5817.8685916855,5802.23731701298,0,0,0,1,NaN,NaN,NaN,NaN,NaN,NaN,NaN,8034.02687298522,1
stress_Far_05.mat,8205,9605016,Repair,2500,36,0,0,0,0.0033326,5817.8685916855,5802.23731701298,0,0,0,1,NaN,NaN,NaN,NaN,NaN,NaN,NaN,8034.02687298522,1
stress_Far_05.mat,8205,9605016,WarmPSO,500,500,200,0,0,0.0586051,5817.8685916855,5802.23731701298,0,0,0,1,1,0,0,0,201,NaN,NaN,8034.02687298522,0
stress_Far_05.mat,8205,9605016,WarmPSO,1000,980,200,0,0,0.1125168,5817.8685916855,5802.23731701298,0,0,0,1,1,0,0,0,201,NaN,NaN,8034.02687298522,0
stress_Far_05.mat,8205,9605016,WarmPSO,1500,1490,200,0,0,0.1646586,5817.8685916855,5802.23731701298,0,0,0,1,1,0,0,0,201,NaN,NaN,8034.02687298522,0
stress_Far_05.mat,8205,9605016,WarmPSO,2500,2500,200,0,0,0.2748861,5817.8685916855,5802.23731701298,0,0,0,1,1,0,0,0,201,NaN,NaN,8034.02687298522,0
stress_Far_05.mat,8205,9605016,AlwaysVND,500,473,200,0,153,0.0584456,5486.61493113027,5470.15882147655,0,0,0,1,1,0,0,0,201,260,331.253660555232,8034.02687298522,1
stress_Far_05.mat,8205,9605016,AlwaysVND,1000,959,200,0,459,0.1162618,5111.48454947203,5098.48977114355,0,0,0,1,1,0,0,0,201,260,706.384042213473,8034.02687298522,1
stress_Far_05.mat,8205,9605016,AlwaysVND,1500,1445,200,0,765,0.1736714,4539.99238924988,4531.81459551141,0,0,0,1,1,0,0,0,201,260,1277.87620243563,8034.02687298522,1
stress_Far_05.mat,8205,9605016,AlwaysVND,2500,2500,200,0,1428,0.2967447,4539.99238924988,4531.81459551141,0,0,0,1,1,0,0,0,201,260,1277.87620243563,8034.02687298522,1
stress_Far_05.mat,8205,9605016,FB-CMPSO,500,473,200,0,153,0.0573924,5486.61493113027,5470.15882147655,0,0,0,1,1,0,0,0,201,260,331.253660555232,8034.02687298522,1
stress_Far_05.mat,8205,9605016,FB-CMPSO,1000,959,200,0,459,0.1138598,5111.48454947203,5098.48977114355,0,0,0,1,1,0,0,0,201,260,706.384042213473,8034.02687298522,1
stress_Far_05.mat,8205,9605016,FB-CMPSO,1500,1445,200,0,765,0.1675449,4539.99238924988,4531.81459551141,0,0,0,1,1,0,0,0,201,260,1277.87620243563,8034.02687298522,1
stress_Far_05.mat,8205,9605016,FB-CMPSO,2500,2500,200,0,1428,0.2888621,4539.99238924988,4531.81459551141,0,0,0,1,1,0,0,0,201,260,1277.87620243563,8034.02687298522,1
stress_Far_05.mat,8205,9605017,Repair,500,36,0,0,0,0.0031461,5817.8685916855,5802.23731701298,0,0,0,1,NaN,NaN,NaN,NaN,NaN,NaN,NaN,8034.02687298522,1
stress_Far_05.mat,8205,9605017,Repair,1000,36,0,0,0,0.0031461,5817.8685916855,5802.23731701298,0,0,0,1,NaN,NaN,NaN,NaN,NaN,NaN,NaN,8034.02687298522,1
stress_Far_05.mat,8205,9605017,Repair,1500,36,0,0,0,0.0031461,5817.8685916855,5802.23731701298,0,0,0,1,NaN,NaN,NaN,NaN,NaN,NaN,NaN,8034.02687298522,1
stress_Far_05.mat,8205,9605017,Repair,2500,36,0,0,0,0.0031461,5817.8685916855,5802.23731701298,0,0,0,1,NaN,NaN,NaN,NaN,NaN,NaN,NaN,8034.02687298522,1
stress_Far_05.mat,8205,9605017,WarmPSO,500,500,200,0,0,0.0537584,5817.8685916855,5802.23731701298,0,0,0,1,1,0,0,0,201,NaN,NaN,8034.02687298522,0
stress_Far_05.mat,8205,9605017,WarmPSO,1000,980,200,0,0,0.1042218,5817.8685916855,5802.23731701298,0,0,0,1,1,0,0,0,201,NaN,NaN,8034.02687298522,0
stress_Far_05.mat,8205,9605017,WarmPSO,1500,1490,200,0,0,0.1616251,5817.8685916855,5802.23731701298,0,0,0,1,1,0,0,0,201,NaN,NaN,8034.02687298522,0
stress_Far_05.mat,8205,9605017,WarmPSO,2500,2500,200,0,0,0.275655,5817.8685916855,5802.23731701298,0,0,0,1,1,0,0,0,201,NaN,NaN,8034.02687298522,0
stress_Far_05.mat,8205,9605017,AlwaysVND,500,473,200,0,153,0.057158,5791.74144833919,5774.53809346045,0,0,0,1,1,0,0,0,201,260,26.1271433463107,8034.02687298522,1
stress_Far_05.mat,8205,9605017,AlwaysVND,1000,959,200,0,459,0.1152359,4734.07820673431,4721.1708984712,0,0,0,1,1,0,0,0,201,260,1083.79038495119,8034.02687298522,1
stress_Far_05.mat,8205,9605017,AlwaysVND,1500,1445,200,0,765,0.1783719,4734.07820673431,4721.1708984712,0,0,0,1,1,0,0,0,201,260,1083.79038495119,8034.02687298522,1
stress_Far_05.mat,8205,9605017,AlwaysVND,2500,2500,200,0,1428,0.308435,4734.07820673431,4721.1708984712,0,0,0,1,1,0,0,0,201,260,1083.79038495119,8034.02687298522,1
stress_Far_05.mat,8205,9605017,FB-CMPSO,500,473,200,0,153,0.0531035,5791.74144833919,5774.53809346045,0,0,0,1,1,0,0,0,201,260,26.1271433463107,8034.02687298522,1
stress_Far_05.mat,8205,9605017,FB-CMPSO,1000,959,200,0,459,0.1074755,4734.07820673431,4721.1708984712,0,0,0,1,1,0,0,0,201,260,1083.79038495119,8034.02687298522,1
stress_Far_05.mat,8205,9605017,FB-CMPSO,1500,1445,200,0,765,0.164941,4734.07820673431,4721.1708984712,0,0,0,1,1,0,0,0,201,260,1083.79038495119,8034.02687298522,1
stress_Far_05.mat,8205,9605017,FB-CMPSO,2500,2500,200,0,1428,0.2949921,4734.07820673431,4721.1708984712,0,0,0,1,1,0,0,0,201,260,1083.79038495119,8034.02687298522,1
stress_Far_05.mat,8205,9605018,Repair,500,36,0,0,0,0.0035429,5817.8685916855,5802.23731701298,0,0,0,1,NaN,NaN,NaN,NaN,NaN,NaN,NaN,8034.02687298522,1
stress_Far_05.mat,8205,9605018,Repair,1000,36,0,0,0,0.0035429,5817.8685916855,5802.23731701298,0,0,0,1,NaN,NaN,NaN,NaN,NaN,NaN,NaN,8034.02687298522,1
stress_Far_05.mat,8205,9605018,Repair,1500,36,0,0,0,0.0035429,5817.8685916855,5802.23731701298,0,0,0,1,NaN,NaN,NaN,NaN,NaN,NaN,NaN,8034.02687298522,1
stress_Far_05.mat,8205,9605018,Repair,2500,36,0,0,0,0.0035429,5817.8685916855,5802.23731701298,0,0,0,1,NaN,NaN,NaN,NaN,NaN,NaN,NaN,8034.02687298522,1
stress_Far_05.mat,8205,9605018,WarmPSO,500,500,200,0,0,0.0559336,5817.8685916855,5802.23731701298,0,0,0,1,1,0,0,0,201,NaN,NaN,8034.02687298522,0
stress_Far_05.mat,8205,9605018,WarmPSO,1000,980,200,0,0,0.105966,5817.8685916855,5802.23731701298,0,0,0,1,1,0,0,0,201,NaN,NaN,8034.02687298522,0
stress_Far_05.mat,8205,9605018,WarmPSO,1500,1490,200,0,0,0.1599494,5817.8685916855,5802.23731701298,0,0,0,1,1,0,0,0,201,NaN,NaN,8034.02687298522,0
stress_Far_05.mat,8205,9605018,WarmPSO,2500,2500,200,0,0,0.2627237,5817.8685916855,5802.23731701298,0,0,0,1,1,0,0,0,201,NaN,NaN,8034.02687298522,0
stress_Far_05.mat,8205,9605018,AlwaysVND,500,473,200,0,153,0.0549726,5697.87352689896,5684.89469031231,0,0,0,1,1,0,0,0,201,260,119.995064786544,8034.02687298522,1
stress_Far_05.mat,8205,9605018,AlwaysVND,1000,959,200,0,459,0.1128239,5273.49571355079,5263.95010140609,0,0,0,1,1,0,0,0,201,260,544.372878134706,8034.02687298522,1
stress_Far_05.mat,8205,9605018,AlwaysVND,1500,1445,200,0,765,0.1691339,4765.79764859202,4754.9534104031,0,0,0,1,1,0,0,0,201,260,1052.07094309348,8034.02687298522,1
stress_Far_05.mat,8205,9605018,AlwaysVND,2500,2500,200,0,1428,0.2979487,4765.79764859202,4754.9534104031,0,0,0,1,1,0,0,0,201,260,1052.07094309348,8034.02687298522,1
stress_Far_05.mat,8205,9605018,FB-CMPSO,500,473,200,0,153,0.0627486,5697.87352689896,5684.89469031231,0,0,0,1,1,0,0,0,201,260,119.995064786544,8034.02687298522,1
stress_Far_05.mat,8205,9605018,FB-CMPSO,1000,959,200,0,459,0.1217689,5273.49571355079,5263.95010140609,0,0,0,1,1,0,0,0,201,260,544.372878134706,8034.02687298522,1
stress_Far_05.mat,8205,9605018,FB-CMPSO,1500,1445,200,0,765,0.1877667,4765.79764859202,4754.9534104031,0,0,0,1,1,0,0,0,201,260,1052.07094309348,8034.02687298522,1
stress_Far_05.mat,8205,9605018,FB-CMPSO,2500,2500,200,0,1428,0.3107989,4765.79764859202,4754.9534104031,0,0,0,1,1,0,0,0,201,260,1052.07094309348,8034.02687298522,1
stress_Far_05.mat,8205,9605019,Repair,500,36,0,0,0,0.0029085,5817.8685916855,5802.23731701298,0,0,0,1,NaN,NaN,NaN,NaN,NaN,NaN,NaN,8034.02687298522,1
stress_Far_05.mat,8205,9605019,Repair,1000,36,0,0,0,0.0029085,5817.8685916855,5802.23731701298,0,0,0,1,NaN,NaN,NaN,NaN,NaN,NaN,NaN,8034.02687298522,1
stress_Far_05.mat,8205,9605019,Repair,1500,36,0,0,0,0.0029085,5817.8685916855,5802.23731701298,0,0,0,1,NaN,NaN,NaN,NaN,NaN,NaN,NaN,8034.02687298522,1
stress_Far_05.mat,8205,9605019,Repair,2500,36,0,0,0,0.0029085,5817.8685916855,5802.23731701298,0,0,0,1,NaN,NaN,NaN,NaN,NaN,NaN,NaN,8034.02687298522,1
stress_Far_05.mat,8205,9605019,WarmPSO,500,500,200,0,0,0.0530584,5817.8685916855,5802.23731701298,0,0,0,1,1,0,0,0,201,NaN,NaN,8034.02687298522,0
stress_Far_05.mat,8205,9605019,WarmPSO,1000,980,200,0,0,0.1015129,5817.8685916855,5802.23731701298,0,0,0,1,1,0,0,0,201,NaN,NaN,8034.02687298522,0
stress_Far_05.mat,8205,9605019,WarmPSO,1500,1490,200,0,0,0.1539241,5817.8685916855,5802.23731701298,0,0,0,1,1,0,0,0,201,NaN,NaN,8034.02687298522,0
stress_Far_05.mat,8205,9605019,WarmPSO,2500,2500,200,0,0,0.2585564,5817.8685916855,5802.23731701298,0,0,0,1,1,0,0,0,201,NaN,NaN,8034.02687298522,0
stress_Far_05.mat,8205,9605019,AlwaysVND,500,473,200,0,153,0.0530178,5548.01471392108,5538.06042674294,0,0,0,1,1,0,0,0,201,260,269.853877764421,8034.02687298522,1
stress_Far_05.mat,8205,9605019,AlwaysVND,1000,959,200,0,459,0.1089359,5117.87884523976,5108.7204860613,0,0,0,1,1,0,0,0,201,260,699.989746445739,8034.02687298522,1
stress_Far_05.mat,8205,9605019,AlwaysVND,1500,1445,200,0,765,0.1628377,4959.44657605772,4943.44851968818,0,0,0,1,1,0,0,0,201,260,858.422015627781,8034.02687298522,1
stress_Far_05.mat,8205,9605019,AlwaysVND,2500,2500,200,0,1428,0.2870991,4734.07820673431,4721.1708984712,0,0,0,1,1,0,0,0,201,260,1083.79038495119,8034.02687298522,1
stress_Far_05.mat,8205,9605019,FB-CMPSO,500,473,200,0,153,0.0527205,5548.01471392108,5538.06042674294,0,0,0,1,1,0,0,0,201,260,269.853877764421,8034.02687298522,1
stress_Far_05.mat,8205,9605019,FB-CMPSO,1000,959,200,0,459,0.1100344,5117.87884523976,5108.7204860613,0,0,0,1,1,0,0,0,201,260,699.989746445739,8034.02687298522,1
stress_Far_05.mat,8205,9605019,FB-CMPSO,1500,1445,200,0,765,0.1649101,4959.44657605772,4943.44851968818,0,0,0,1,1,0,0,0,201,260,858.422015627781,8034.02687298522,1
stress_Far_05.mat,8205,9605019,FB-CMPSO,2500,2500,200,0,1428,0.2970186,4734.07820673431,4721.1708984712,0,0,0,1,1,0,0,0,201,260,1083.79038495119,8034.02687298522,1
stress_Far_05.mat,8205,9605020,Repair,500,36,0,0,0,0.0037397,5817.8685916855,5802.23731701298,0,0,0,1,NaN,NaN,NaN,NaN,NaN,NaN,NaN,8034.02687298522,1
stress_Far_05.mat,8205,9605020,Repair,1000,36,0,0,0,0.0037397,5817.8685916855,5802.23731701298,0,0,0,1,NaN,NaN,NaN,NaN,NaN,NaN,NaN,8034.02687298522,1
stress_Far_05.mat,8205,9605020,Repair,1500,36,0,0,0,0.0037397,5817.8685916855,5802.23731701298,0,0,0,1,NaN,NaN,NaN,NaN,NaN,NaN,NaN,8034.02687298522,1
stress_Far_05.mat,8205,9605020,Repair,2500,36,0,0,0,0.0037397,5817.8685916855,5802.23731701298,0,0,0,1,NaN,NaN,NaN,NaN,NaN,NaN,NaN,8034.02687298522,1
stress_Far_05.mat,8205,9605020,WarmPSO,500,500,200,0,0,0.0591542,5817.8685916855,5802.23731701298,0,0,0,1,1,0,0,0,201,NaN,NaN,8034.02687298522,0
stress_Far_05.mat,8205,9605020,WarmPSO,1000,980,200,0,0,0.1101696,5817.8685916855,5802.23731701298,0,0,0,1,1,0,0,0,201,NaN,NaN,8034.02687298522,0
stress_Far_05.mat,8205,9605020,WarmPSO,1500,1490,200,0,0,0.1642554,5817.8685916855,5802.23731701298,0,0,0,1,1,0,0,0,201,NaN,NaN,8034.02687298522,0
stress_Far_05.mat,8205,9605020,WarmPSO,2500,2500,200,0,0,0.2693601,5817.8685916855,5802.23731701298,0,0,0,1,1,0,0,0,201,NaN,NaN,8034.02687298522,0
stress_Far_05.mat,8205,9605020,AlwaysVND,500,473,200,0,153,0.0521555,5273.49571355079,5263.95010140609,0,0,0,1,1,0,0,0,201,260,880.871246709055,8034.02687298522,1
stress_Far_05.mat,8205,9605020,AlwaysVND,1000,959,200,0,459,0.1103002,5273.49571355079,5263.95010140609,0,0,0,1,1,0,0,0,201,260,880.871246709055,8034.02687298522,1
stress_Far_05.mat,8205,9605020,AlwaysVND,1500,1445,200,0,765,0.1683113,5273.49571355079,5263.95010140609,0,0,0,1,1,0,0,0,201,260,880.871246709055,8034.02687298522,1
stress_Far_05.mat,8205,9605020,AlwaysVND,2500,2500,200,0,1428,0.3189473,4822.21400419934,4811.55956627266,0,0,0,1,1,0,0,0,201,260,1332.1529560605,8034.02687298522,1
stress_Far_05.mat,8205,9605020,FB-CMPSO,500,473,200,0,153,0.0535786,5273.49571355079,5263.95010140609,0,0,0,1,1,0,0,0,201,260,880.871246709055,8034.02687298522,1
stress_Far_05.mat,8205,9605020,FB-CMPSO,1000,959,200,0,459,0.1152804,5273.49571355079,5263.95010140609,0,0,0,1,1,0,0,0,201,260,880.871246709055,8034.02687298522,1
stress_Far_05.mat,8205,9605020,FB-CMPSO,1500,1445,200,0,765,0.1739995,5273.49571355079,5263.95010140609,0,0,0,1,1,0,0,0,201,260,880.871246709055,8034.02687298522,1
stress_Far_05.mat,8205,9605020,FB-CMPSO,2500,2500,200,0,1428,0.3006519,4822.21400419934,4811.55956627266,0,0,0,1,1,0,0,0,201,260,1332.1529560605,8034.02687298522,1
stress_Far_05.mat,8205,9605021,Repair,500,36,0,0,0,0.0034211,5817.8685916855,5802.23731701298,0,0,0,1,NaN,NaN,NaN,NaN,NaN,NaN,NaN,8034.02687298522,1
stress_Far_05.mat,8205,9605021,Repair,1000,36,0,0,0,0.0034211,5817.8685916855,5802.23731701298,0,0,0,1,NaN,NaN,NaN,NaN,NaN,NaN,NaN,8034.02687298522,1
stress_Far_05.mat,8205,9605021,Repair,1500,36,0,0,0,0.0034211,5817.8685916855,5802.23731701298,0,0,0,1,NaN,NaN,NaN,NaN,NaN,NaN,NaN,8034.02687298522,1
stress_Far_05.mat,8205,9605021,Repair,2500,36,0,0,0,0.0034211,5817.8685916855,5802.23731701298,0,0,0,1,NaN,NaN,NaN,NaN,NaN,NaN,NaN,8034.02687298522,1
stress_Far_05.mat,8205,9605021,WarmPSO,500,500,200,0,0,0.0564174,5817.8685916855,5802.23731701298,0,0,0,1,1,0,0,0,201,NaN,NaN,8034.02687298522,0
stress_Far_05.mat,8205,9605021,WarmPSO,1000,980,200,0,0,0.1114102,5817.8685916855,5802.23731701298,0,0,0,1,1,0,0,0,201,NaN,NaN,8034.02687298522,0
stress_Far_05.mat,8205,9605021,WarmPSO,1500,1490,200,0,0,0.1638296,5817.8685916855,5802.23731701298,0,0,0,1,1,0,0,0,201,NaN,NaN,8034.02687298522,0
stress_Far_05.mat,8205,9605021,WarmPSO,2500,2500,200,0,0,0.2785784,5817.8685916855,5802.23731701298,0,0,0,1,1,0,0,0,201,NaN,NaN,8034.02687298522,0
stress_Far_05.mat,8205,9605021,AlwaysVND,500,473,200,0,153,0.056736,5813.25149015654,5802.04897201449,0,0,0,1,1,0,0,0,201,260,4.61710152896467,8034.02687298522,1
stress_Far_05.mat,8205,9605021,AlwaysVND,1000,959,200,0,459,0.1145454,4786.74905627636,4776.72850655557,0,0,0,1,1,0,0,0,201,260,1031.11953540914,8034.02687298522,1
stress_Far_05.mat,8205,9605021,AlwaysVND,1500,1445,200,0,765,0.1712885,4786.74905627636,4776.72850655557,0,0,0,1,1,0,0,0,201,260,1031.11953540914,8034.02687298522,1
stress_Far_05.mat,8205,9605021,AlwaysVND,2500,2500,200,0,1428,0.2964297,4778.67278356961,4768.59509094105,0,0,0,1,1,0,0,0,201,260,1039.19580811589,8034.02687298522,1
stress_Far_05.mat,8205,9605021,FB-CMPSO,500,473,200,0,153,0.0570227,5813.25149015654,5802.04897201449,0,0,0,1,1,0,0,0,201,260,4.61710152896467,8034.02687298522,1
stress_Far_05.mat,8205,9605021,FB-CMPSO,1000,959,200,0,459,0.1114073,4786.74905627636,4776.72850655557,0,0,0,1,1,0,0,0,201,260,1031.11953540914,8034.02687298522,1
stress_Far_05.mat,8205,9605021,FB-CMPSO,1500,1445,200,0,765,0.1682909,4786.74905627636,4776.72850655557,0,0,0,1,1,0,0,0,201,260,1031.11953540914,8034.02687298522,1
stress_Far_05.mat,8205,9605021,FB-CMPSO,2500,2500,200,0,1428,0.2962946,4778.67278356961,4768.59509094105,0,0,0,1,1,0,0,0,201,260,1039.19580811589,8034.02687298522,1
stress_Far_05.mat,8205,9605022,Repair,500,36,0,0,0,0.0029717,5817.8685916855,5802.23731701298,0,0,0,1,NaN,NaN,NaN,NaN,NaN,NaN,NaN,8034.02687298522,1
stress_Far_05.mat,8205,9605022,Repair,1000,36,0,0,0,0.0029717,5817.8685916855,5802.23731701298,0,0,0,1,NaN,NaN,NaN,NaN,NaN,NaN,NaN,8034.02687298522,1
stress_Far_05.mat,8205,9605022,Repair,1500,36,0,0,0,0.0029717,5817.8685916855,5802.23731701298,0,0,0,1,NaN,NaN,NaN,NaN,NaN,NaN,NaN,8034.02687298522,1
stress_Far_05.mat,8205,9605022,Repair,2500,36,0,0,0,0.0029717,5817.8685916855,5802.23731701298,0,0,0,1,NaN,NaN,NaN,NaN,NaN,NaN,NaN,8034.02687298522,1
stress_Far_05.mat,8205,9605022,WarmPSO,500,500,200,0,0,0.0537023,5817.8685916855,5802.23731701298,0,0,0,1,1,0,0,0,201,NaN,NaN,8034.02687298522,0
stress_Far_05.mat,8205,9605022,WarmPSO,1000,980,200,0,0,0.1123864,5817.8685916855,5802.23731701298,0,0,0,1,1,0,0,0,201,NaN,NaN,8034.02687298522,0
stress_Far_05.mat,8205,9605022,WarmPSO,1500,1490,200,0,0,0.1660393,5817.8685916855,5802.23731701298,0,0,0,1,1,0,0,0,201,NaN,NaN,8034.02687298522,0
stress_Far_05.mat,8205,9605022,WarmPSO,2500,2500,200,0,0,0.2738715,5817.8685916855,5802.23731701298,0,0,0,1,1,0,0,0,201,NaN,NaN,8034.02687298522,0
stress_Far_05.mat,8205,9605022,AlwaysVND,500,473,200,0,153,0.0509294,5594.00343854998,5582.06346262549,0,0,0,1,1,0,0,0,201,260,223.865153135523,8034.02687298522,1
stress_Far_05.mat,8205,9605022,AlwaysVND,1000,959,200,0,459,0.1141412,5589.13279905883,5578.48944275289,0,0,0,1,1,0,0,0,201,260,228.735792626675,8034.02687298522,1
stress_Far_05.mat,8205,9605022,AlwaysVND,1500,1445,200,0,765,0.173626,5118.98675452162,5106.07135279415,0,0,0,1,1,0,0,0,201,260,698.881837163876,8034.02687298522,1
stress_Far_05.mat,8205,9605022,AlwaysVND,2500,2500,200,0,1428,0.2964458,4783.39055702745,4772.57822637928,0,0,0,1,1,0,0,0,201,260,1034.47803465805,8034.02687298522,1
stress_Far_05.mat,8205,9605022,FB-CMPSO,500,473,200,0,153,0.0517847,5594.00343854998,5582.06346262549,0,0,0,1,1,0,0,0,201,260,223.865153135523,8034.02687298522,1
stress_Far_05.mat,8205,9605022,FB-CMPSO,1000,959,200,0,459,0.1085655,5589.13279905883,5578.48944275289,0,0,0,1,1,0,0,0,201,260,228.735792626675,8034.02687298522,1
stress_Far_05.mat,8205,9605022,FB-CMPSO,1500,1445,200,0,765,0.1648979,5118.98675452162,5106.07135279415,0,0,0,1,1,0,0,0,201,260,698.881837163876,8034.02687298522,1
stress_Far_05.mat,8205,9605022,FB-CMPSO,2500,2500,200,0,1428,0.2856841,4783.39055702745,4772.57822637928,0,0,0,1,1,0,0,0,201,260,1034.47803465805,8034.02687298522,1
stress_Far_05.mat,8205,9605023,Repair,500,36,0,0,0,0.0032953,5817.8685916855,5802.23731701298,0,0,0,1,NaN,NaN,NaN,NaN,NaN,NaN,NaN,8034.02687298522,1
stress_Far_05.mat,8205,9605023,Repair,1000,36,0,0,0,0.0032953,5817.8685916855,5802.23731701298,0,0,0,1,NaN,NaN,NaN,NaN,NaN,NaN,NaN,8034.02687298522,1
stress_Far_05.mat,8205,9605023,Repair,1500,36,0,0,0,0.0032953,5817.8685916855,5802.23731701298,0,0,0,1,NaN,NaN,NaN,NaN,NaN,NaN,NaN,8034.02687298522,1
stress_Far_05.mat,8205,9605023,Repair,2500,36,0,0,0,0.0032953,5817.8685916855,5802.23731701298,0,0,0,1,NaN,NaN,NaN,NaN,NaN,NaN,NaN,8034.02687298522,1
stress_Far_05.mat,8205,9605023,WarmPSO,500,500,200,0,0,0.0555547,5817.8685916855,5802.23731701298,0,0,0,1,1,0,0,0,201,NaN,NaN,8034.02687298522,0
stress_Far_05.mat,8205,9605023,WarmPSO,1000,980,200,0,0,0.1145039,5817.8685916855,5802.23731701298,0,0,0,1,1,0,0,0,201,NaN,NaN,8034.02687298522,0
stress_Far_05.mat,8205,9605023,WarmPSO,1500,1490,200,0,0,0.169351,5817.8685916855,5802.23731701298,0,0,0,1,1,0,0,0,201,NaN,NaN,8034.02687298522,0
stress_Far_05.mat,8205,9605023,WarmPSO,2500,2500,200,0,0,0.2849022,5817.8685916855,5802.23731701298,0,0,0,1,1,0,0,0,201,NaN,NaN,8034.02687298522,0
stress_Far_05.mat,8205,9605023,AlwaysVND,500,473,200,0,153,0.051706,5535.0700377573,5518.34303355309,0,0,0,1,1,0,0,0,201,260,282.798553928204,8034.02687298522,1
stress_Far_05.mat,8205,9605023,AlwaysVND,1000,959,200,0,459,0.1075268,5392.72780066584,5383.18218852113,0,0,0,1,1,0,0,0,201,260,425.140791019664,8034.02687298522,1
stress_Far_05.mat,8205,9605023,AlwaysVND,1500,1445,200,0,765,0.1685318,4904.82068782355,4895.60284885576,0,0,0,1,1,0,0,0,201,260,913.047903861956,8034.02687298522,1
stress_Far_05.mat,8205,9605023,AlwaysVND,2500,2500,200,0,1428,0.3026592,4822.21400419934,4811.55956627266,0,0,0,1,1,0,0,0,201,260,995.654587486157,8034.02687298522,1
stress_Far_05.mat,8205,9605023,FB-CMPSO,500,473,200,0,153,0.0512251,5535.0700377573,5518.34303355309,0,0,0,1,1,0,0,0,201,260,282.798553928204,8034.02687298522,1
stress_Far_05.mat,8205,9605023,FB-CMPSO,1000,959,200,0,459,0.1064342,5392.72780066584,5383.18218852113,0,0,0,1,1,0,0,0,201,260,425.140791019664,8034.02687298522,1
stress_Far_05.mat,8205,9605023,FB-CMPSO,1500,1445,200,0,765,0.1665973,4904.82068782355,4895.60284885576,0,0,0,1,1,0,0,0,201,260,913.047903861956,8034.02687298522,1
stress_Far_05.mat,8205,9605023,FB-CMPSO,2500,2500,200,0,1428,0.2916188,4822.21400419934,4811.55956627266,0,0,0,1,1,0,0,0,201,260,995.654587486157,8034.02687298522,1
stress_Far_05.mat,8205,9605024,Repair,500,36,0,0,0,0.0036215,5817.8685916855,5802.23731701298,0,0,0,1,NaN,NaN,NaN,NaN,NaN,NaN,NaN,8034.02687298522,1
stress_Far_05.mat,8205,9605024,Repair,1000,36,0,0,0,0.0036215,5817.8685916855,5802.23731701298,0,0,0,1,NaN,NaN,NaN,NaN,NaN,NaN,NaN,8034.02687298522,1
stress_Far_05.mat,8205,9605024,Repair,1500,36,0,0,0,0.0036215,5817.8685916855,5802.23731701298,0,0,0,1,NaN,NaN,NaN,NaN,NaN,NaN,NaN,8034.02687298522,1
stress_Far_05.mat,8205,9605024,Repair,2500,36,0,0,0,0.0036215,5817.8685916855,5802.23731701298,0,0,0,1,NaN,NaN,NaN,NaN,NaN,NaN,NaN,8034.02687298522,1
stress_Far_05.mat,8205,9605024,WarmPSO,500,500,200,0,0,0.0546924,5817.8685916855,5802.23731701298,0,0,0,1,1,0,0,0,201,NaN,NaN,8034.02687298522,0
stress_Far_05.mat,8205,9605024,WarmPSO,1000,980,200,0,0,0.1049177,5817.8685916855,5802.23731701298,0,0,0,1,1,0,0,0,201,NaN,NaN,8034.02687298522,0
stress_Far_05.mat,8205,9605024,WarmPSO,1500,1490,200,0,0,0.1573627,5817.8685916855,5802.23731701298,0,0,0,1,1,0,0,0,201,NaN,NaN,8034.02687298522,0
stress_Far_05.mat,8205,9605024,WarmPSO,2500,2500,200,0,0,0.2640921,5817.8685916855,5802.23731701298,0,0,0,1,1,0,0,0,201,NaN,NaN,8034.02687298522,0
stress_Far_05.mat,8205,9605024,AlwaysVND,500,473,200,0,153,0.0543575,5548.01471392108,5538.06042674294,0,0,0,1,1,0,0,0,201,260,269.853877764421,8034.02687298522,1
stress_Far_05.mat,8205,9605024,AlwaysVND,1000,959,200,0,459,0.1120095,4765.79764859202,4754.9534104031,0,0,0,1,1,0,0,0,201,260,1052.07094309348,8034.02687298522,1
stress_Far_05.mat,8205,9605024,AlwaysVND,1500,1445,200,0,765,0.1704149,4765.79764859202,4754.9534104031,0,0,0,1,1,0,0,0,201,260,1052.07094309348,8034.02687298522,1
stress_Far_05.mat,8205,9605024,AlwaysVND,2500,2500,200,0,1428,0.3023669,4765.79764859202,4754.9534104031,0,0,0,1,1,0,0,0,201,260,1052.07094309348,8034.02687298522,1
stress_Far_05.mat,8205,9605024,FB-CMPSO,500,473,200,0,153,0.0534735,5548.01471392108,5538.06042674294,0,0,0,1,1,0,0,0,201,260,269.853877764421,8034.02687298522,1
stress_Far_05.mat,8205,9605024,FB-CMPSO,1000,959,200,0,459,0.1188371,4765.79764859202,4754.9534104031,0,0,0,1,1,0,0,0,201,260,1052.07094309348,8034.02687298522,1
stress_Far_05.mat,8205,9605024,FB-CMPSO,1500,1445,200,0,765,0.1817532,4765.79764859202,4754.9534104031,0,0,0,1,1,0,0,0,201,260,1052.07094309348,8034.02687298522,1
stress_Far_05.mat,8205,9605024,FB-CMPSO,2500,2500,200,0,1428,0.3108918,4765.79764859202,4754.9534104031,0,0,0,1,1,0,0,0,201,260,1052.07094309348,8034.02687298522,1
stress_Far_05.mat,8205,9605025,Repair,500,36,0,0,0,0.0030097,5817.8685916855,5802.23731701298,0,0,0,1,NaN,NaN,NaN,NaN,NaN,NaN,NaN,8034.02687298522,1
stress_Far_05.mat,8205,9605025,Repair,1000,36,0,0,0,0.0030097,5817.8685916855,5802.23731701298,0,0,0,1,NaN,NaN,NaN,NaN,NaN,NaN,NaN,8034.02687298522,1
stress_Far_05.mat,8205,9605025,Repair,1500,36,0,0,0,0.0030097,5817.8685916855,5802.23731701298,0,0,0,1,NaN,NaN,NaN,NaN,NaN,NaN,NaN,8034.02687298522,1
stress_Far_05.mat,8205,9605025,Repair,2500,36,0,0,0,0.0030097,5817.8685916855,5802.23731701298,0,0,0,1,NaN,NaN,NaN,NaN,NaN,NaN,NaN,8034.02687298522,1
stress_Far_05.mat,8205,9605025,WarmPSO,500,500,200,0,0,0.0557911,5817.8685916855,5802.23731701298,0,0,0,1,1,0,0,0,201,NaN,NaN,8034.02687298522,0
stress_Far_05.mat,8205,9605025,WarmPSO,1000,980,200,0,0,0.1061194,5817.8685916855,5802.23731701298,0,0,0,1,1,0,0,0,201,NaN,NaN,8034.02687298522,0
stress_Far_05.mat,8205,9605025,WarmPSO,1500,1490,200,0,0,0.1611799,5817.8685916855,5802.23731701298,0,0,0,1,1,0,0,0,201,NaN,NaN,8034.02687298522,0
stress_Far_05.mat,8205,9605025,WarmPSO,2500,2500,200,0,0,0.2698834,5817.8685916855,5802.23731701298,0,0,0,1,1,0,0,0,201,NaN,NaN,8034.02687298522,0
stress_Far_05.mat,8205,9605025,AlwaysVND,500,473,200,0,153,0.0549253,5817.8685916855,5802.23731701298,0,0,0,1,1,0,0,0,201,260,0,8034.02687298522,0
stress_Far_05.mat,8205,9605025,AlwaysVND,1000,959,200,0,459,0.1096584,5332.39895039672,5320.33211644562,0,0,0,1,1,0,0,0,201,260,485.469641288784,8034.02687298522,1
stress_Far_05.mat,8205,9605025,AlwaysVND,1500,1445,200,0,765,0.1641907,4904.82068782355,4895.60284885576,0,0,0,1,1,0,0,0,201,260,913.047903861956,8034.02687298522,1
stress_Far_05.mat,8205,9605025,AlwaysVND,2500,2500,200,0,1428,0.2985011,4822.21400419934,4811.55956627266,0,0,0,1,1,0,0,0,201,260,995.654587486157,8034.02687298522,1
stress_Far_05.mat,8205,9605025,FB-CMPSO,500,473,200,0,153,0.0549565,5817.8685916855,5802.23731701298,0,0,0,1,1,0,0,0,201,260,0,8034.02687298522,0
stress_Far_05.mat,8205,9605025,FB-CMPSO,1000,959,200,0,459,0.1128491,5332.39895039672,5320.33211644562,0,0,0,1,1,0,0,0,201,260,485.469641288784,8034.02687298522,1
stress_Far_05.mat,8205,9605025,FB-CMPSO,1500,1445,200,0,765,0.1699777,4904.82068782355,4895.60284885576,0,0,0,1,1,0,0,0,201,260,913.047903861956,8034.02687298522,1
stress_Far_05.mat,8205,9605025,FB-CMPSO,2500,2500,200,0,1428,0.2992891,4822.21400419934,4811.55956627266,0,0,0,1,1,0,0,0,201,260,995.654587486157,8034.02687298522,1
stress_Far_05.mat,8205,9605026,Repair,500,36,0,0,0,0.003462,5817.8685916855,5802.23731701298,0,0,0,1,NaN,NaN,NaN,NaN,NaN,NaN,NaN,8034.02687298522,1
stress_Far_05.mat,8205,9605026,Repair,1000,36,0,0,0,0.003462,5817.8685916855,5802.23731701298,0,0,0,1,NaN,NaN,NaN,NaN,NaN,NaN,NaN,8034.02687298522,1
stress_Far_05.mat,8205,9605026,Repair,1500,36,0,0,0,0.003462,5817.8685916855,5802.23731701298,0,0,0,1,NaN,NaN,NaN,NaN,NaN,NaN,NaN,8034.02687298522,1
stress_Far_05.mat,8205,9605026,Repair,2500,36,0,0,0,0.003462,5817.8685916855,5802.23731701298,0,0,0,1,NaN,NaN,NaN,NaN,NaN,NaN,NaN,8034.02687298522,1
stress_Far_05.mat,8205,9605026,WarmPSO,500,500,200,0,0,0.0567093,5817.8685916855,5802.23731701298,0,0,0,1,1,0,0,0,204,NaN,NaN,8034.02687298522,0
stress_Far_05.mat,8205,9605026,WarmPSO,1000,980,200,0,0,0.107389,5817.8685916855,5802.23731701298,0,0,0,1,1,0,0,0,204,NaN,NaN,8034.02687298522,0
stress_Far_05.mat,8205,9605026,WarmPSO,1500,1490,200,0,0,0.1594022,5817.8685916855,5802.23731701298,0,0,0,1,1,0,0,0,204,NaN,NaN,8034.02687298522,0
stress_Far_05.mat,8205,9605026,WarmPSO,2500,2500,200,0,0,0.2612471,5817.8685916855,5802.23731701298,0,0,0,1,1,0,0,0,204,NaN,NaN,8034.02687298522,0
stress_Far_05.mat,8205,9605026,AlwaysVND,500,473,200,0,153,0.054495,5649.94042254835,5637.31177147001,0,0,0,1,1,0,0,0,204,260,468.288727966336,8034.02687298522,1
stress_Far_05.mat,8205,9605026,AlwaysVND,1000,959,200,0,459,0.1087345,5332.39895039672,5320.33211644562,0,0,0,1,1,0,0,0,204,260,785.830200117972,8034.02687298522,1
stress_Far_05.mat,8205,9605026,AlwaysVND,1500,1445,200,0,765,0.1627999,5318.74891770425,5305.18998584008,0,0,0,1,1,0,0,0,204,260,799.480232810441,8034.02687298522,1
stress_Far_05.mat,8205,9605026,AlwaysVND,2500,2500,200,0,1428,0.2850061,4822.21400419934,4811.55956627266,0,0,0,1,1,0,0,0,204,260,1296.01514631534,8034.02687298522,1
stress_Far_05.mat,8205,9605026,FB-CMPSO,500,473,200,0,153,0.0539348,5649.94042254835,5637.31177147001,0,0,0,1,1,0,0,0,204,260,468.288727966336,8034.02687298522,1
stress_Far_05.mat,8205,9605026,FB-CMPSO,1000,959,200,0,459,0.1101572,5332.39895039672,5320.33211644562,0,0,0,1,1,0,0,0,204,260,785.830200117972,8034.02687298522,1
stress_Far_05.mat,8205,9605026,FB-CMPSO,1500,1445,200,0,765,0.166787,5318.74891770425,5305.18998584008,0,0,0,1,1,0,0,0,204,260,799.480232810441,8034.02687298522,1
stress_Far_05.mat,8205,9605026,FB-CMPSO,2500,2500,200,0,1428,0.2889781,4822.21400419934,4811.55956627266,0,0,0,1,1,0,0,0,204,260,1296.01514631534,8034.02687298522,1
stress_Far_05.mat,8205,9605027,Repair,500,36,0,0,0,0.0034013,5817.8685916855,5802.23731701298,0,0,0,1,NaN,NaN,NaN,NaN,NaN,NaN,NaN,8034.02687298522,1
stress_Far_05.mat,8205,9605027,Repair,1000,36,0,0,0,0.0034013,5817.8685916855,5802.23731701298,0,0,0,1,NaN,NaN,NaN,NaN,NaN,NaN,NaN,8034.02687298522,1
stress_Far_05.mat,8205,9605027,Repair,1500,36,0,0,0,0.0034013,5817.8685916855,5802.23731701298,0,0,0,1,NaN,NaN,NaN,NaN,NaN,NaN,NaN,8034.02687298522,1
stress_Far_05.mat,8205,9605027,Repair,2500,36,0,0,0,0.0034013,5817.8685916855,5802.23731701298,0,0,0,1,NaN,NaN,NaN,NaN,NaN,NaN,NaN,8034.02687298522,1
stress_Far_05.mat,8205,9605027,WarmPSO,500,500,200,0,0,0.052624,5817.8685916855,5802.23731701298,0,0,0,1,1,0,0,0,203,NaN,NaN,8034.02687298522,0
stress_Far_05.mat,8205,9605027,WarmPSO,1000,980,200,0,0,0.1046239,5817.8685916855,5802.23731701298,0,0,0,1,1,0,0,0,203,NaN,NaN,8034.02687298522,0
stress_Far_05.mat,8205,9605027,WarmPSO,1500,1490,200,0,0,0.1624658,5817.8685916855,5802.23731701298,0,0,0,1,1,0,0,0,203,NaN,NaN,8034.02687298522,0
stress_Far_05.mat,8205,9605027,WarmPSO,2500,2500,200,0,0,0.2771604,5817.8685916855,5802.23731701298,0,0,0,1,1,0,0,0,203,NaN,NaN,8034.02687298522,0
stress_Far_05.mat,8205,9605027,AlwaysVND,500,473,200,0,153,0.0510731,5391.5145081131,5376.59473093619,0,0,0,1,1,0,0,0,203,260,426.354083572402,8034.02687298522,1
stress_Far_05.mat,8205,9605027,AlwaysVND,1000,959,200,0,459,0.1057037,4820.4235368262,4802.79908123551,0,0,0,1,1,0,0,0,203,260,997.445054859301,8034.02687298522,1
stress_Far_05.mat,8205,9605027,AlwaysVND,1500,1445,200,0,765,0.16138,4820.4235368262,4802.79908123551,0,0,0,1,1,0,0,0,203,260,997.445054859301,8034.02687298522,1
stress_Far_05.mat,8205,9605027,AlwaysVND,2500,2500,200,0,1428,0.2809186,4820.4235368262,4802.79908123551,0,0,0,1,1,0,0,0,203,260,997.445054859301,8034.02687298522,1
stress_Far_05.mat,8205,9605027,FB-CMPSO,500,473,200,0,153,0.0508349,5391.5145081131,5376.59473093619,0,0,0,1,1,0,0,0,203,260,426.354083572402,8034.02687298522,1
stress_Far_05.mat,8205,9605027,FB-CMPSO,1000,959,200,0,459,0.1065721,4820.4235368262,4802.79908123551,0,0,0,1,1,0,0,0,203,260,997.445054859301,8034.02687298522,1
stress_Far_05.mat,8205,9605027,FB-CMPSO,1500,1445,200,0,765,0.1662252,4820.4235368262,4802.79908123551,0,0,0,1,1,0,0,0,203,260,997.445054859301,8034.02687298522,1
stress_Far_05.mat,8205,9605027,FB-CMPSO,2500,2500,200,0,1428,0.2872071,4820.4235368262,4802.79908123551,0,0,0,1,1,0,0,0,203,260,997.445054859301,8034.02687298522,1
stress_Far_05.mat,8205,9605028,Repair,500,36,0,0,0,0.0034762,5817.8685916855,5802.23731701298,0,0,0,1,NaN,NaN,NaN,NaN,NaN,NaN,NaN,8034.02687298522,1
stress_Far_05.mat,8205,9605028,Repair,1000,36,0,0,0,0.0034762,5817.8685916855,5802.23731701298,0,0,0,1,NaN,NaN,NaN,NaN,NaN,NaN,NaN,8034.02687298522,1
stress_Far_05.mat,8205,9605028,Repair,1500,36,0,0,0,0.0034762,5817.8685916855,5802.23731701298,0,0,0,1,NaN,NaN,NaN,NaN,NaN,NaN,NaN,8034.02687298522,1
stress_Far_05.mat,8205,9605028,Repair,2500,36,0,0,0,0.0034762,5817.8685916855,5802.23731701298,0,0,0,1,NaN,NaN,NaN,NaN,NaN,NaN,NaN,8034.02687298522,1
stress_Far_05.mat,8205,9605028,WarmPSO,500,500,200,0,0,0.0538631,5817.8685916855,5802.23731701298,0,0,0,1,1,0,0,0,201,NaN,NaN,8034.02687298522,0
stress_Far_05.mat,8205,9605028,WarmPSO,1000,980,200,0,0,0.1109668,5817.8685916855,5802.23731701298,0,0,0,1,1,0,0,0,201,NaN,NaN,8034.02687298522,0
stress_Far_05.mat,8205,9605028,WarmPSO,1500,1490,200,0,0,0.168769,5817.8685916855,5802.23731701298,0,0,0,1,1,0,0,0,201,NaN,NaN,8034.02687298522,0
stress_Far_05.mat,8205,9605028,WarmPSO,2500,2500,200,0,0,0.2885004,5817.8685916855,5802.23731701298,0,0,0,1,1,0,0,0,201,NaN,NaN,8034.02687298522,0
stress_Far_05.mat,8205,9605028,AlwaysVND,500,473,200,0,153,0.0573685,5392.72780066584,5383.18218852113,0,0,0,1,1,0,0,0,201,260,425.140791019664,8034.02687298522,1
stress_Far_05.mat,8205,9605028,AlwaysVND,1000,959,200,0,459,0.1157383,5273.49571355079,5263.95010140609,0,0,0,1,1,0,0,0,201,260,544.372878134706,8034.02687298522,1
stress_Far_05.mat,8205,9605028,AlwaysVND,1500,1445,200,0,765,0.1865557,4904.82068782355,4895.60284885576,0,0,0,1,1,0,0,0,201,260,913.047903861956,8034.02687298522,1
stress_Far_05.mat,8205,9605028,AlwaysVND,2500,2500,200,0,1428,0.3171952,4765.79764859202,4754.9534104031,0,0,0,1,1,0,0,0,201,260,1052.07094309348,8034.02687298522,1
stress_Far_05.mat,8205,9605028,FB-CMPSO,500,473,200,0,153,0.052109,5392.72780066584,5383.18218852113,0,0,0,1,1,0,0,0,201,260,425.140791019664,8034.02687298522,1
stress_Far_05.mat,8205,9605028,FB-CMPSO,1000,959,200,0,459,0.1088614,5273.49571355079,5263.95010140609,0,0,0,1,1,0,0,0,201,260,544.372878134706,8034.02687298522,1
stress_Far_05.mat,8205,9605028,FB-CMPSO,1500,1445,200,0,765,0.1676201,4904.82068782355,4895.60284885576,0,0,0,1,1,0,0,0,201,260,913.047903861956,8034.02687298522,1
stress_Far_05.mat,8205,9605028,FB-CMPSO,2500,2500,200,0,1428,0.2867769,4765.79764859202,4754.9534104031,0,0,0,1,1,0,0,0,201,260,1052.07094309348,8034.02687298522,1
stress_Far_05.mat,8205,9605029,Repair,500,36,0,0,0,0.003472,5817.8685916855,5802.23731701298,0,0,0,1,NaN,NaN,NaN,NaN,NaN,NaN,NaN,8034.02687298522,1
stress_Far_05.mat,8205,9605029,Repair,1000,36,0,0,0,0.003472,5817.8685916855,5802.23731701298,0,0,0,1,NaN,NaN,NaN,NaN,NaN,NaN,NaN,8034.02687298522,1
stress_Far_05.mat,8205,9605029,Repair,1500,36,0,0,0,0.003472,5817.8685916855,5802.23731701298,0,0,0,1,NaN,NaN,NaN,NaN,NaN,NaN,NaN,8034.02687298522,1
stress_Far_05.mat,8205,9605029,Repair,2500,36,0,0,0,0.003472,5817.8685916855,5802.23731701298,0,0,0,1,NaN,NaN,NaN,NaN,NaN,NaN,NaN,8034.02687298522,1
stress_Far_05.mat,8205,9605029,WarmPSO,500,500,200,0,0,0.0530373,5817.8685916855,5802.23731701298,0,0,0,1,1,0,0,0,201,NaN,NaN,8034.02687298522,0
stress_Far_05.mat,8205,9605029,WarmPSO,1000,980,200,0,0,0.1012855,5817.8685916855,5802.23731701298,0,0,0,1,1,0,0,0,201,NaN,NaN,8034.02687298522,0
stress_Far_05.mat,8205,9605029,WarmPSO,1500,1490,200,0,0,0.1530588,5817.8685916855,5802.23731701298,0,0,0,1,1,0,0,0,201,NaN,NaN,8034.02687298522,0
stress_Far_05.mat,8205,9605029,WarmPSO,2500,2500,200,0,0,0.2574078,5817.8685916855,5802.23731701298,0,0,0,1,1,0,0,0,201,NaN,NaN,8034.02687298522,0
stress_Far_05.mat,8205,9605029,AlwaysVND,500,473,200,0,153,0.0532708,4959.44657605772,4943.44851968818,0,0,0,1,1,0,0,0,201,260,858.422015627781,8034.02687298522,1
stress_Far_05.mat,8205,9605029,AlwaysVND,1000,959,200,0,459,0.113317,4959.44657605772,4943.44851968818,0,0,0,1,1,0,0,0,201,260,858.422015627781,8034.02687298522,1
stress_Far_05.mat,8205,9605029,AlwaysVND,1500,1445,200,0,765,0.1707912,4933.31943271141,4915.74929613565,0,0,0,1,1,0,0,0,201,260,884.54915897409,8034.02687298522,1
stress_Far_05.mat,8205,9605029,AlwaysVND,2500,2500,200,0,1428,0.3105311,4791.46682973421,4780.7116419938,0,0,0,1,1,0,0,0,201,260,1026.40176195129,8034.02687298522,1
stress_Far_05.mat,8205,9605029,FB-CMPSO,500,473,200,0,153,0.0613255,4959.44657605772,4943.44851968818,0,0,0,1,1,0,0,0,201,260,858.422015627781,8034.02687298522,1
stress_Far_05.mat,8205,9605029,FB-CMPSO,1000,959,200,0,459,0.1231059,4959.44657605772,4943.44851968818,0,0,0,1,1,0,0,0,201,260,858.422015627781,8034.02687298522,1
stress_Far_05.mat,8205,9605029,FB-CMPSO,1500,1445,200,0,765,0.1808308,4933.31943271141,4915.74929613565,0,0,0,1,1,0,0,0,201,260,884.54915897409,8034.02687298522,1
stress_Far_05.mat,8205,9605029,FB-CMPSO,2500,2500,200,0,1428,0.3035103,4791.46682973421,4780.7116419938,0,0,0,1,1,0,0,0,201,260,1026.40176195129,8034.02687298522,1
stress_Far_05.mat,8205,9605030,Repair,500,36,0,0,0,0.0033202,5817.8685916855,5802.23731701298,0,0,0,1,NaN,NaN,NaN,NaN,NaN,NaN,NaN,8034.02687298522,1
stress_Far_05.mat,8205,9605030,Repair,1000,36,0,0,0,0.0033202,5817.8685916855,5802.23731701298,0,0,0,1,NaN,NaN,NaN,NaN,NaN,NaN,NaN,8034.02687298522,1
stress_Far_05.mat,8205,9605030,Repair,1500,36,0,0,0,0.0033202,5817.8685916855,5802.23731701298,0,0,0,1,NaN,NaN,NaN,NaN,NaN,NaN,NaN,8034.02687298522,1
stress_Far_05.mat,8205,9605030,Repair,2500,36,0,0,0,0.0033202,5817.8685916855,5802.23731701298,0,0,0,1,NaN,NaN,NaN,NaN,NaN,NaN,NaN,8034.02687298522,1
stress_Far_05.mat,8205,9605030,WarmPSO,500,500,200,0,0,0.0528139,5817.8685916855,5802.23731701298,0,0,0,1,1,0,0,0,201,NaN,NaN,8034.02687298522,0
stress_Far_05.mat,8205,9605030,WarmPSO,1000,980,200,0,0,0.1011459,5817.8685916855,5802.23731701298,0,0,0,1,1,0,0,0,201,NaN,NaN,8034.02687298522,0
stress_Far_05.mat,8205,9605030,WarmPSO,1500,1490,200,0,0,0.1547044,5817.8685916855,5802.23731701298,0,0,0,1,1,0,0,0,201,NaN,NaN,8034.02687298522,0
stress_Far_05.mat,8205,9605030,WarmPSO,2500,2500,200,0,0,0.2589333,5817.8685916855,5802.23731701298,0,0,0,1,1,0,0,0,201,NaN,NaN,8034.02687298522,0
stress_Far_05.mat,8205,9605030,AlwaysVND,500,473,200,0,153,0.0537817,4904.82068782355,4895.60284885576,0,0,0,1,1,0,0,0,201,260,913.047903861956,8034.02687298522,1
stress_Far_05.mat,8205,9605030,AlwaysVND,1000,959,200,0,459,0.115317,4904.82068782355,4895.60284885576,0,0,0,1,1,0,0,0,201,260,913.047903861956,8034.02687298522,1
stress_Far_05.mat,8205,9605030,AlwaysVND,1500,1445,200,0,765,0.1753632,4904.82068782355,4895.60284885576,0,0,0,1,1,0,0,0,201,260,913.047903861956,8034.02687298522,1
stress_Far_05.mat,8205,9605030,AlwaysVND,2500,2500,200,0,1428,0.3126291,4822.21400419934,4811.55956627266,0,0,0,1,1,0,0,0,201,260,995.654587486157,8034.02687298522,1
stress_Far_05.mat,8205,9605030,FB-CMPSO,500,473,200,0,153,0.0626878,4904.82068782355,4895.60284885576,0,0,0,1,1,0,0,0,201,260,913.047903861956,8034.02687298522,1
stress_Far_05.mat,8205,9605030,FB-CMPSO,1000,959,200,0,459,0.1222143,4904.82068782355,4895.60284885576,0,0,0,1,1,0,0,0,201,260,913.047903861956,8034.02687298522,1
stress_Far_05.mat,8205,9605030,FB-CMPSO,1500,1445,200,0,765,0.1800578,4904.82068782355,4895.60284885576,0,0,0,1,1,0,0,0,201,260,913.047903861956,8034.02687298522,1
stress_Far_05.mat,8205,9605030,FB-CMPSO,2500,2500,200,0,1428,0.3067484,4822.21400419934,4811.55956627266,0,0,0,1,1,0,0,0,201,260,995.654587486157,8034.02687298522,1
