dataset,level,instance,scenario_seed,algorithm_seed,event_type,event_size,strategy,seed_index,checkpoint_fe,actual_fe,warm_start_fe,local_search_fe,local_budget,pso_improvement_per_fe,local_improvement_per_fe,response_time,fitness,distance,total_late,is_feasible,reference_cost,gap_to_reference,overtake_repair,first_feasible_fe,feasibility_mode_fe,quality_mode_fe,improvement_per_100_local_fe,mean_local_budget,mode
addition_instances,M1,9,6109,6819001,add,1,Repair,1,500,19,0,0,0,NaN,NaN,0.010924,3489.87731324602,3489.87731324602,0,1,3489.87731324602,0,0,NaN,0,0,NaN,0,repair
addition_instances,M1,9,6109,6819001,add,1,Repair,1,1000,19,0,0,0,NaN,NaN,0.010924,3489.87731324602,3489.87731324602,0,1,3489.87731324602,0,0,NaN,0,0,NaN,0,repair
addition_instances,M1,9,6109,6819001,add,1,Repair,1,1500,19,0,0,0,NaN,NaN,0.010924,3489.87731324602,3489.87731324602,0,1,3489.87731324602,0,0,NaN,0,0,NaN,0,repair
addition_instances,M1,9,6109,6819001,add,1,Repair,1,2500,19,0,0,0,NaN,NaN,0.010924,3489.87731324602,3489.87731324602,0,1,3489.87731324602,0,0,NaN,0,0,NaN,0,repair
addition_instances,M1,9,6109,6819001,add,1,WarmPSO,1,500,498,78,0,25,NaN,NaN,0.367962,3489.87731324602,3489.87731324602,0,1,3489.87731324602,0,0,79,0,0,0,25,WarmPSO
addition_instances,M1,9,6109,6819001,add,1,WarmPSO,1,1000,978,78,0,25,NaN,NaN,0.367962,3489.87731324602,3489.87731324602,0,1,3489.87731324602,0,0,79,0,0,0,25,WarmPSO
addition_instances,M1,9,6109,6819001,add,1,WarmPSO,1,1500,1488,78,0,25,NaN,NaN,0.367962,3489.87731324602,3489.87731324602,0,1,3489.87731324602,0,0,79,0,0,0,25,WarmPSO
addition_instances,M1,9,6109,6819001,add,1,WarmPSO,1,2500,2478,78,0,25,NaN,NaN,0.367962,3489.87731324602,3489.87731324602,0,1,3489.87731324602,0,0,79,0,0,0,25,WarmPSO
addition_instances,M1,9,6109,6819001,add,1,WarmPSO_FixedRelocate,1,500,493,78,175,25,NaN,NaN,0.4314648,3489.75337928123,3489.75337928123,0,1,3489.87731324602,-3.55124130936371e-05,1,79,0,1075,0.186046511627907,25,WarmPSO_FixedRelocate
addition_instances,M1,9,6109,6819001,add,1,WarmPSO_FixedRelocate,1,1000,988,78,400,25,NaN,NaN,0.4314648,3489.75337928123,3489.75337928123,0,1,3489.87731324602,-3.55124130936371e-05,1,79,0,1075,0.186046511627907,25,WarmPSO_FixedRelocate
addition_instances,M1,9,6109,6819001,add,1,WarmPSO_FixedRelocate,1,1500,1483,78,625,25,NaN,NaN,0.4314648,3489.75337928123,3489.75337928123,0,1,3489.87731324602,-3.55124130936371e-05,1,79,0,1075,0.186046511627907,25,WarmPSO_FixedRelocate
addition_instances,M1,9,6109,6819001,add,1,WarmPSO_FixedRelocate,1,2500,2473,78,1075,25,NaN,NaN,0.4314648,3442.3352485667,3442.3352485667,0,1,3489.87731324602,-0.0136228469977629,1,79,0,1075,0.186046511627907,25,WarmPSO_FixedRelocate
addition_instances,M1,9,6109,6819001,add,1,AdaptiveMemeticPSO,1,500,493,78,175,25,0,0,0.4842907,3489.75337928123,3489.75337928123,0,1,3489.87731324602,-3.55124130936371e-05,1,79,0,1102,0.181488203266788,25.6279069767442,quality-relocate
addition_instances,M1,9,6109,6819001,add,1,AdaptiveMemeticPSO,1,1000,988,78,400,25,0,0,0.4842907,3489.75337928123,3489.75337928123,0,1,3489.87731324602,-3.55124130936371e-05,1,79,0,1102,0.181488203266788,25.6279069767442,quality-relocate
addition_instances,M1,9,6109,6819001,add,1,AdaptiveMemeticPSO,1,1500,1483,78,625,25,0,0,0.4842907,3489.75337928123,3489.75337928123,0,1,3489.87731324602,-3.55124130936371e-05,1,79,0,1102,0.181488203266788,25.6279069767442,quality-relocate
addition_instances,M1,9,6109,6819001,add,1,AdaptiveMemeticPSO,1,2500,2500,78,1102,7,0,0,0.4842907,3442.3352485667,3442.3352485667,0,1,3489.87731324602,-0.0136228469977629,1,79,0,1102,0.181488203266788,25.6279069767442,quality-relocate
addition_instances,M1,9,6109,6819002,add,1,Repair,2,500,19,0,0,0,NaN,NaN,0.0085411,3489.87731324602,3489.87731324602,0,1,3489.87731324602,0,0,NaN,0,0,NaN,0,repair
addition_instances,M1,9,6109,6819002,add,1,Repair,2,1000,19,0,0,0,NaN,NaN,0.0085411,3489.87731324602,3489.87731324602,0,1,3489.87731324602,0,0,NaN,0,0,NaN,0,repair
addition_instances,M1,9,6109,6819002,add,1,Repair,2,1500,19,0,0,0,NaN,NaN,0.0085411,3489.87731324602,3489.87731324602,0,1,3489.87731324602,0,0,NaN,0,0,NaN,0,repair
addition_instances,M1,9,6109,6819002,add,1,Repair,2,2500,19,0,0,0,NaN,NaN,0.0085411,3489.87731324602,3489.87731324602,0,1,3489.87731324602,0,0,NaN,0,0,NaN,0,repair
addition_instances,M1,9,6109,6819002,add,1,WarmPSO,2,500,497,77,0,25,NaN,NaN,0.3747464,3489.87731324602,3489.87731324602,0,1,3489.87731324602,0,0,78,0,0,0,25,WarmPSO
addition_instances,M1,9,6109,6819002,add,1,WarmPSO,2,1000,977,77,0,25,NaN,NaN,0.3747464,3489.87731324602,3489.87731324602,0,1,3489.87731324602,0,0,78,0,0,0,25,WarmPSO
addition_instances,M1,9,6109,6819002,add,1,WarmPSO,2,1500,1487,77,0,25,NaN,NaN,0.3747464,3489.87731324602,3489.87731324602,0,1,3489.87731324602,0,0,78,0,0,0,25,WarmPSO
addition_instances,M1,9,6109,6819002,add,1,WarmPSO,2,2500,2477,77,0,25,NaN,NaN,0.3747464,3489.87731324602,3489.87731324602,0,1,3489.87731324602,0,0,78,0,0,0,25,WarmPSO
addition_instances,M1,9,6109,6819002,add,1,WarmPSO_FixedRelocate,2,500,492,77,175,25,NaN,NaN,0.3336665,3489.75337928123,3489.75337928123,0,1,3489.87731324602,-3.55124130936371e-05,1,78,0,1075,0.186046511627907,25,WarmPSO_FixedRelocate
addition_instances,M1,9,6109,6819002,add,1,WarmPSO_FixedRelocate,2,1000,987,77,400,25,NaN,NaN,0.3336665,3489.75337928123,3489.75337928123,0,1,3489.87731324602,-3.55124130936371e-05,1,78,0,1075,0.186046511627907,25,WarmPSO_FixedRelocate
addition_instances,M1,9,6109,6819002,add,1,WarmPSO_FixedRelocate,2,1500,1482,77,625,25,NaN,NaN,0.3336665,3442.3352485667,3442.3352485667,0,1,3489.87731324602,-0.0136228469977629,1,78,0,1075,0.186046511627907,25,WarmPSO_FixedRelocate
addition_instances,M1,9,6109,6819002,add,1,WarmPSO_FixedRelocate,2,2500,2472,77,1075,25,NaN,NaN,0.3336665,3442.3352485667,3442.3352485667,0,1,3489.87731324602,-0.0136228469977629,1,78,0,1075,0.186046511627907,25,WarmPSO_FixedRelocate
addition_instances,M1,9,6109,6819002,add,1,AdaptiveMemeticPSO,2,500,492,77,175,25,0,0,0.3537202,3489.75337928123,3489.75337928123,0,1,3489.87731324602,-3.55124130936371e-05,1,78,0,1250,0.16,32.0512820512821,quality-relocate
addition_instances,M1,9,6109,6819002,add,1,AdaptiveMemeticPSO,2,1000,987,77,400,25,0,0,0.3537202,3489.75337928123,3489.75337928123,0,1,3489.87731324602,-3.55124130936371e-05,1,78,0,1250,0.16,32.0512820512821,quality-relocate
addition_instances,M1,9,6109,6819002,add,1,AdaptiveMemeticPSO,2,1500,1447,77,650,40,0,0,0.3537202,3442.3352485667,3442.3352485667,0,1,3489.87731324602,-0.0136228469977629,1,78,0,1250,0.16,32.0512820512821,quality-relocate
addition_instances,M1,9,6109,6819002,add,1,AdaptiveMemeticPSO,2,2500,2500,77,1250,0,0,0,0.3537202,3442.3352485667,3442.3352485667,0,1,3489.87731324602,-0.0136228469977629,1,78,0,1250,0.16,32.0512820512821,quality-relocate
addition_instances,M1,9,6109,6819003,add,1,Repair,3,500,19,0,0,0,NaN,NaN,0.0044296,3489.87731324602,3489.87731324602,0,1,3489.87731324602,0,0,NaN,0,0,NaN,0,repair
addition_instances,M1,9,6109,6819003,add,1,Repair,3,1000,19,0,0,0,NaN,NaN,0.0044296,3489.87731324602,3489.87731324602,0,1,3489.87731324602,0,0,NaN,0,0,NaN,0,repair
addition_instances,M1,9,6109,6819003,add,1,Repair,3,1500,19,0,0,0,NaN,NaN,0.0044296,3489.87731324602,3489.87731324602,0,1,3489.87731324602,0,0,NaN,0,0,NaN,0,repair
addition_instances,M1,9,6109,6819003,add,1,Repair,3,2500,19,0,0,0,NaN,NaN,0.0044296,3489.87731324602,3489.87731324602,0,1,3489.87731324602,0,0,NaN,0,0,NaN,0,repair
addition_instances,M1,9,6109,6819003,add,1,WarmPSO,3,500,497,77,0,25,NaN,NaN,0.2737202,3489.87731324602,3489.87731324602,0,1,3489.87731324602,0,0,78,0,0,0,25,WarmPSO
addition_instances,M1,9,6109,6819003,add,1,WarmPSO,3,1000,977,77,0,25,NaN,NaN,0.2737202,3489.87731324602,3489.87731324602,0,1,3489.87731324602,0,0,78,0,0,0,25,WarmPSO
addition_instances,M1,9,6109,6819003,add,1,WarmPSO,3,1500,1487,77,0,25,NaN,NaN,0.2737202,3489.87731324602,3489.87731324602,0,1,3489.87731324602,0,0,78,0,0,0,25,WarmPSO
addition_instances,M1,9,6109,6819003,add,1,WarmPSO,3,2500,2477,77,0,25,NaN,NaN,0.2737202,3489.87731324602,3489.87731324602,0,1,3489.87731324602,0,0,78,0,0,0,25,WarmPSO
addition_instances,M1,9,6109,6819003,add,1,WarmPSO_FixedRelocate,3,500,492,77,175,25,NaN,NaN,0.3137805,3489.75337928123,3489.75337928123,0,1,3489.87731324602,-3.55124130936371e-05,1,78,0,1075,0.186046511627907,25,WarmPSO_FixedRelocate
addition_instances,M1,9,6109,6819003,add,1,WarmPSO_FixedRelocate,3,1000,987,77,400,25,NaN,NaN,0.3137805,3489.75337928123,3489.75337928123,0,1,3489.87731324602,-3.55124130936371e-05,1,78,0,1075,0.186046511627907,25,WarmPSO_FixedRelocate
addition_instances,M1,9,6109,6819003,add,1,WarmPSO_FixedRelocate,3,1500,1482,77,625,25,NaN,NaN,0.3137805,3489.75337928123,3489.75337928123,0,1,3489.87731324602,-3.55124130936371e-05,1,78,0,1075,0.186046511627907,25,WarmPSO_FixedRelocate
addition_instances,M1,9,6109,6819003,add,1,WarmPSO_FixedRelocate,3,2500,2472,77,1075,25,NaN,NaN,0.3137805,3442.3352485667,3442.3352485667,0,1,3489.87731324602,-0.0136228469977629,1,78,0,1075,0.186046511627907,25,WarmPSO_FixedRelocate
addition_instances,M1,9,6109,6819003,add,1,AdaptiveMemeticPSO,3,500,492,77,175,25,0,0,0.3258619,3489.75337928123,3489.75337928123,0,1,3489.87731324602,-3.55124130936371e-05,1,78,0,1180,0.169491525423729,28.780487804878,quality-relocate
addition_instances,M1,9,6109,6819003,add,1,AdaptiveMemeticPSO,3,1000,987,77,400,25,0,0,0.3258619,3489.75337928123,3489.75337928123,0,1,3489.87731324602,-3.55124130936371e-05,1,78,0,1180,0.169491525423729,28.780487804878,quality-relocate
addition_instances,M1,9,6109,6819003,add,1,AdaptiveMemeticPSO,3,1500,1482,77,625,25,0,0,0.3258619,3489.75337928123,3489.75337928123,0,1,3489.87731324602,-3.55124130936371e-05,1,78,0,1180,0.169491525423729,28.780487804878,quality-relocate
addition_instances,M1,9,6109,6819003,add,1,AdaptiveMemeticPSO,3,2500,2500,77,1180,0,0,0,0.3258619,3442.3352485667,3442.3352485667,0,1,3489.87731324602,-0.0136228469977629,1,78,0,1180,0.169491525423729,28.780487804878,quality-relocate
addition_instances,M1,9,6109,6819004,add,1,Repair,4,500,19,0,0,0,NaN,NaN,0.0026038,3489.87731324602,3489.87731324602,0,1,3489.87731324602,0,0,NaN,0,0,NaN,0,repair
addition_instances,M1,9,6109,6819004,add,1,Repair,4,1000,19,0,0,0,NaN,NaN,0.0026038,3489.87731324602,3489.87731324602,0,1,3489.87731324602,0,0,NaN,0,0,NaN,0,repair
addition_instances,M1,9,6109,6819004,add,1,Repair,4,1500,19,0,0,0,NaN,NaN,0.0026038,3489.87731324602,3489.87731324602,0,1,3489.87731324602,0,0,NaN,0,0,NaN,0,repair
addition_instances,M1,9,6109,6819004,add,1,Repair,4,2500,19,0,0,0,NaN,NaN,0.0026038,3489.87731324602,3489.87731324602,0,1,3489.87731324602,0,0,NaN,0,0,NaN,0,repair
addition_instances,M1,9,6109,6819004,add,1,WarmPSO,4,500,496,76,0,25,NaN,NaN,0.2846446,3489.87731324602,3489.87731324602,0,1,3489.87731324602,0,0,77,0,0,0,25,WarmPSO
addition_instances,M1,9,6109,6819004,add,1,WarmPSO,4,1000,976,76,0,25,NaN,NaN,0.2846446,3489.87731324602,3489.87731324602,0,1,3489.87731324602,0,0,77,0,0,0,25,WarmPSO
addition_instances,M1,9,6109,6819004,add,1,WarmPSO,4,1500,1486,76,0,25,NaN,NaN,0.2846446,3489.87731324602,3489.87731324602,0,1,3489.87731324602,0,0,77,0,0,0,25,WarmPSO
addition_instances,M1,9,6109,6819004,add,1,WarmPSO,4,2500,2476,76,0,25,NaN,NaN,0.2846446,3489.87731324602,3489.87731324602,0,1,3489.87731324602,0,0,77,0,0,0,25,WarmPSO
addition_instances,M1,9,6109,6819004,add,1,WarmPSO_FixedRelocate,4,500,491,76,175,25,NaN,NaN,0.3114862,3489.87731324602,3489.87731324602,0,1,3489.87731324602,0,0,77,0,1075,0.186046511627907,25,WarmPSO_FixedRelocate
addition_instances,M1,9,6109,6819004,add,1,WarmPSO_FixedRelocate,4,1000,986,76,400,25,NaN,NaN,0.3114862,3489.87731324602,3489.87731324602,0,1,3489.87731324602,0,0,77,0,1075,0.186046511627907,25,WarmPSO_FixedRelocate
addition_instances,M1,9,6109,6819004,add,1,WarmPSO_FixedRelocate,4,1500,1481,76,625,25,NaN,NaN,0.3114862,3442.3352485667,3442.3352485667,0,1,3489.87731324602,-0.0136228469977629,1,77,0,1075,0.186046511627907,25,WarmPSO_FixedRelocate
addition_instances,M1,9,6109,6819004,add,1,WarmPSO_FixedRelocate,4,2500,2471,76,1075,25,NaN,NaN,0.3114862,3442.3352485667,3442.3352485667,0,1,3489.87731324602,-0.0136228469977629,1,77,0,1075,0.186046511627907,25,WarmPSO_FixedRelocate
addition_instances,M1,9,6109,6819004,add,1,AdaptiveMemeticPSO,4,500,491,76,175,25,0,0,0.3082652,3489.87731324602,3489.87731324602,0,1,3489.87731324602,0,0,77,0,1254,0.159489633173844,33,quality-relocate
addition_instances,M1,9,6109,6819004,add,1,AdaptiveMemeticPSO,4,1000,986,76,400,25,0,0,0.3082652,3489.87731324602,3489.87731324602,0,1,3489.87731324602,0,0,77,0,1254,0.159489633173844,33,quality-relocate
addition_instances,M1,9,6109,6819004,add,1,AdaptiveMemeticPSO,4,1500,1461,76,665,40,0,0,0.3082652,3442.4591825315,3442.4591825315,0,1,3489.87731324602,-0.0135873345846693,1,77,0,1254,0.159489633173844,33,quality-relocate
addition_instances,M1,9,6109,6819004,add,1,AdaptiveMemeticPSO,4,2500,2500,76,1254,29,0,0,0.3082652,3442.3352485667,3442.3352485667,0,1,3489.87731324602,-0.0136228469977629,1,77,0,1254,0.159489633173844,33,quality-relocate
addition_instances,M1,9,6109,6819005,add,1,Repair,5,500,19,0,0,0,NaN,NaN,0.0053891,3489.87731324602,3489.87731324602,0,1,3489.87731324602,0,0,NaN,0,0,NaN,0,repair
addition_instances,M1,9,6109,6819005,add,1,Repair,5,1000,19,0,0,0,NaN,NaN,0.0053891,3489.87731324602,3489.87731324602,0,1,3489.87731324602,0,0,NaN,0,0,NaN,0,repair
addition_instances,M1,9,6109,6819005,add,1,Repair,5,1500,19,0,0,0,NaN,NaN,0.0053891,3489.87731324602,3489.87731324602,0,1,3489.87731324602,0,0,NaN,0,0,NaN,0,repair
addition_instances,M1,9,6109,6819005,add,1,Repair,5,2500,19,0,0,0,NaN,NaN,0.0053891,3489.87731324602,3489.87731324602,0,1,3489.87731324602,0,0,NaN,0,0,NaN,0,repair
addition_instances,M1,9,6109,6819005,add,1,WarmPSO,5,500,497,77,0,25,NaN,NaN,0.2759291,3489.87731324602,3489.87731324602,0,1,3489.87731324602,0,0,78,0,0,0,25,WarmPSO
addition_instances,M1,9,6109,6819005,add,1,WarmPSO,5,1000,977,77,0,25,NaN,NaN,0.2759291,3489.87731324602,3489.87731324602,0,1,3489.87731324602,0,0,78,0,0,0,25,WarmPSO
addition_instances,M1,9,6109,6819005,add,1,WarmPSO,5,1500,1487,77,0,25,NaN,NaN,0.2759291,3489.87731324602,3489.87731324602,0,1,3489.87731324602,0,0,78,0,0,0,25,WarmPSO
addition_instances,M1,9,6109,6819005,add,1,WarmPSO,5,2500,2477,77,0,25,NaN,NaN,0.2759291,3489.87731324602,3489.87731324602,0,1,3489.87731324602,0,0,78,0,0,0,25,WarmPSO
addition_instances,M1,9,6109,6819005,add,1,WarmPSO_FixedRelocate,5,500,492,77,175,25,NaN,NaN,0.3227764,3489.75337928123,3489.75337928123,0,1,3489.87731324602,-3.55124130936371e-05,1,78,0,1075,0.186046511627907,25,WarmPSO_FixedRelocate
addition_instances,M1,9,6109,6819005,add,1,WarmPSO_FixedRelocate,5,1000,987,77,400,25,NaN,NaN,0.3227764,3442.3352485667,3442.3352485667,0,1,3489.87731324602,-0.0136228469977629,1,78,0,1075,0.186046511627907,25,WarmPSO_FixedRelocate
addition_instances,M1,9,6109,6819005,add,1,WarmPSO_FixedRelocate,5,1500,1482,77,625,25,NaN,NaN,0.3227764,3442.3352485667,3442.3352485667,0,1,3489.87731324602,-0.0136228469977629,1,78,0,1075,0.186046511627907,25,WarmPSO_FixedRelocate
addition_instances,M1,9,6109,6819005,add,1,WarmPSO_FixedRelocate,5,2500,2472,77,1075,25,NaN,NaN,0.3227764,3442.3352485667,3442.3352485667,0,1,3489.87731324602,-0.0136228469977629,1,78,0,1075,0.186046511627907,25,WarmPSO_FixedRelocate
addition_instances,M1,9,6109,6819005,add,1,AdaptiveMemeticPSO,5,500,492,77,175,25,0,0.0049573585917642,0.321689,3489.75337928123,3489.75337928123,0,1,3489.87731324602,-3.55124130936371e-05,1,78,0,1253,0.159616919393456,32.9736842105263,quality-relocate
addition_instances,M1,9,6109,6819005,add,1,AdaptiveMemeticPSO,5,1000,943,77,416,36,0,0,0.321689,3442.3352485667,3442.3352485667,0,1,3489.87731324602,-0.0136228469977629,1,78,0,1253,0.159616919393456,32.9736842105263,quality-relocate
addition_instances,M1,9,6109,6819005,add,1,AdaptiveMemeticPSO,5,1500,1471,77,704,36,0,0,0.321689,3442.3352485667,3442.3352485667,0,1,3489.87731324602,-0.0136228469977629,1,78,0,1253,0.159616919393456,32.9736842105263,quality-relocate
addition_instances,M1,9,6109,6819005,add,1,AdaptiveMemeticPSO,5,2500,2500,77,1253,9,0,0,0.321689,3442.3352485667,3442.3352485667,0,1,3489.87731324602,-0.0136228469977629,1,78,0,1253,0.159616919393456,32.9736842105263,quality-relocate
addition_instances,M1,9,6109,6819006,add,1,Repair,6,500,19,0,0,0,NaN,NaN,0.0019809,3489.87731324602,3489.87731324602,0,1,3489.87731324602,0,0,NaN,0,0,NaN,0,repair
addition_instances,M1,9,6109,6819006,add,1,Repair,6,1000,19,0,0,0,NaN,NaN,0.0019809,3489.87731324602,3489.87731324602,0,1,3489.87731324602,0,0,NaN,0,0,NaN,0,repair
addition_instances,M1,9,6109,6819006,add,1,Repair,6,1500,19,0,0,0,NaN,NaN,0.0019809,3489.87731324602,3489.87731324602,0,1,3489.87731324602,0,0,NaN,0,0,NaN,0,repair
addition_instances,M1,9,6109,6819006,add,1,Repair,6,2500,19,0,0,0,NaN,NaN,0.0019809,3489.87731324602,3489.87731324602,0,1,3489.87731324602,0,0,NaN,0,0,NaN,0,repair
addition_instances,M1,9,6109,6819006,add,1,WarmPSO,6,500,497,77,0,25,NaN,NaN,0.2762037,3489.87731324602,3489.87731324602,0,1,3489.87731324602,0,0,78,0,0,0,25,WarmPSO
addition_instances,M1,9,6109,6819006,add,1,WarmPSO,6,1000,977,77,0,25,NaN,NaN,0.2762037,3489.87731324602,3489.87731324602,0,1,3489.87731324602,0,0,78,0,0,0,25,WarmPSO
addition_instances,M1,9,6109,6819006,add,1,WarmPSO,6,1500,1487,77,0,25,NaN,NaN,0.2762037,3489.87731324602,3489.87731324602,0,1,3489.87731324602,0,0,78,0,0,0,25,WarmPSO
addition_instances,M1,9,6109,6819006,add,1,WarmPSO,6,2500,2477,77,0,25,NaN,NaN,0.2762037,3489.87731324602,3489.87731324602,0,1,3489.87731324602,0,0,78,0,0,0,25,WarmPSO
addition_instances,M1,9,6109,6819006,add,1,WarmPSO_FixedRelocate,6,500,492,77,175,25,NaN,NaN,0.3274596,3489.75337928123,3489.75337928123,0,1,3489.87731324602,-3.55124130936371e-05,1,78,0,1075,0.186046511627907,25,WarmPSO_FixedRelocate
addition_instances,M1,9,6109,6819006,add,1,WarmPSO_FixedRelocate,6,1000,987,77,400,25,NaN,NaN,0.3274596,3442.3352485667,3442.3352485667,0,1,3489.87731324602,-0.0136228469977629,1,78,0,1075,0.186046511627907,25,WarmPSO_FixedRelocate
addition_instances,M1,9,6109,6819006,add,1,WarmPSO_FixedRelocate,6,1500,1482,77,625,25,NaN,NaN,0.3274596,3442.3352485667,3442.3352485667,0,1,3489.87731324602,-0.0136228469977629,1,78,0,1075,0.186046511627907,25,WarmPSO_FixedRelocate
addition_instances,M1,9,6109,6819006,add,1,WarmPSO_FixedRelocate,6,2500,2472,77,1075,25,NaN,NaN,0.3274596,3442.3352485667,3442.3352485667,0,1,3489.87731324602,-0.0136228469977629,1,78,0,1075,0.186046511627907,25,WarmPSO_FixedRelocate
addition_instances,M1,9,6109,6819006,add,1,AdaptiveMemeticPSO,6,500,492,77,175,25,0,0,0.3097594,3489.75337928123,3489.75337928123,0,1,3489.87731324602,-3.55124130936371e-05,1,78,0,1263,0.158353127474268,33.2368421052632,quality-relocate
addition_instances,M1,9,6109,6819006,add,1,AdaptiveMemeticPSO,6,1000,984,77,427,38,0,0,0.3097594,3442.3352485667,3442.3352485667,0,1,3489.87731324602,-0.0136228469977629,1,78,0,1263,0.158353127474268,33.2368421052632,quality-relocate
addition_instances,M1,9,6109,6819006,add,1,AdaptiveMemeticPSO,6,1500,1460,77,693,38,0,0,0.3097594,3442.3352485667,3442.3352485667,0,1,3489.87731324602,-0.0136228469977629,1,78,0,1263,0.158353127474268,33.2368421052632,quality-relocate
addition_instances,M1,9,6109,6819006,add,1,AdaptiveMemeticPSO,6,2500,2500,77,1263,0,0,0,0.3097594,3442.3352485667,3442.3352485667,0,1,3489.87731324602,-0.0136228469977629,1,78,0,1263,0.158353127474268,33.2368421052632,quality-relocate
addition_instances,M1,9,6109,6819007,add,1,Repair,7,500,19,0,0,0,NaN,NaN,0.0020316,3489.87731324602,3489.87731324602,0,1,3489.87731324602,0,0,NaN,0,0,NaN,0,repair
addition_instances,M1,9,6109,6819007,add,1,Repair,7,1000,19,0,0,0,NaN,NaN,0.0020316,3489.87731324602,3489.87731324602,0,1,3489.87731324602,0,0,NaN,0,0,NaN,0,repair
addition_instances,M1,9,6109,6819007,add,1,Repair,7,1500,19,0,0,0,NaN,NaN,0.0020316,3489.87731324602,3489.87731324602,0,1,3489.87731324602,0,0,NaN,0,0,NaN,0,repair
addition_instances,M1,9,6109,6819007,add,1,Repair,7,2500,19,0,0,0,NaN,NaN,0.0020316,3489.87731324602,3489.87731324602,0,1,3489.87731324602,0,0,NaN,0,0,NaN,0,repair
addition_instances,M1,9,6109,6819007,add,1,WarmPSO,7,500,498,78,0,25,NaN,NaN,0.2703461,3489.87731324602,3489.87731324602,0,1,3489.87731324602,0,0,79,0,0,0,25,WarmPSO
addition_instances,M1,9,6109,6819007,add,1,WarmPSO,7,1000,978,78,0,25,NaN,NaN,0.2703461,3489.87731324602,3489.87731324602,0,1,3489.87731324602,0,0,79,0,0,0,25,WarmPSO
addition_instances,M1,9,6109,6819007,add,1,WarmPSO,7,1500,1488,78,0,25,NaN,NaN,0.2703461,3489.87731324602,3489.87731324602,0,1,3489.87731324602,0,0,79,0,0,0,25,WarmPSO
addition_instances,M1,9,6109,6819007,add,1,WarmPSO,7,2500,2478,78,0,25,NaN,NaN,0.2703461,3489.87731324602,3489.87731324602,0,1,3489.87731324602,0,0,79,0,0,0,25,WarmPSO
addition_instances,M1,9,6109,6819007,add,1,WarmPSO_FixedRelocate,7,500,493,78,175,25,NaN,NaN,0.3167445,3442.3352485667,3442.3352485667,0,1,3489.87731324602,-0.0136228469977629,1,79,0,1075,0.186046511627907,25,WarmPSO_FixedRelocate
addition_instances,M1,9,6109,6819007,add,1,WarmPSO_FixedRelocate,7,1000,988,78,400,25,NaN,NaN,0.3167445,3442.3352485667,3442.3352485667,0,1,3489.87731324602,-0.0136228469977629,1,79,0,1075,0.186046511627907,25,WarmPSO_FixedRelocate
addition_instances,M1,9,6109,6819007,add,1,WarmPSO_FixedRelocate,7,1500,1483,78,625,25,NaN,NaN,0.3167445,3442.3352485667,3442.3352485667,0,1,3489.87731324602,-0.0136228469977629,1,79,0,1075,0.186046511627907,25,WarmPSO_FixedRelocate
addition_instances,M1,9,6109,6819007,add,1,WarmPSO_FixedRelocate,7,2500,2473,78,1075,25,NaN,NaN,0.3167445,3442.3352485667,3442.3352485667,0,1,3489.87731324602,-0.0136228469977629,1,79,0,1075,0.186046511627907,25,WarmPSO_FixedRelocate
addition_instances,M1,9,6109,6819007,add,1,AdaptiveMemeticPSO,7,500,493,78,175,25,0,1.89672522858082,0.3212589,3442.3352485667,3442.3352485667,0,1,3489.87731324602,-0.0136228469977629,1,79,0,1252,0.159744408945687,32.9473684210526,quality-relocate
addition_instances,M1,9,6109,6819007,add,1,AdaptiveMemeticPSO,7,1000,948,78,420,35,0,0,0.3212589,3442.3352485667,3442.3352485667,0,1,3489.87731324602,-0.0136228469977629,1,79,0,1252,0.159744408945687,32.9473684210526,quality-relocate
addition_instances,M1,9,6109,6819007,add,1,AdaptiveMemeticPSO,7,1500,1468,78,700,35,0,0,0.3212589,3442.3352485667,3442.3352485667,0,1,3489.87731324602,-0.0136228469977629,1,79,0,1252,0.159744408945687,32.9473684210526,quality-relocate
addition_instances,M1,9,6109,6819007,add,1,AdaptiveMemeticPSO,7,2500,2500,78,1252,27,0,0,0.3212589,3442.3352485667,3442.3352485667,0,1,3489.87731324602,-0.0136228469977629,1,79,0,1252,0.159744408945687,32.9473684210526,quality-relocate
addition_instances,M1,9,6109,6819008,add,1,Repair,8,500,19,0,0,0,NaN,NaN,0.0017487,3489.87731324602,3489.87731324602,0,1,3489.87731324602,0,0,NaN,0,0,NaN,0,repair
addition_instances,M1,9,6109,6819008,add,1,Repair,8,1000,19,0,0,0,NaN,NaN,0.0017487,3489.87731324602,3489.87731324602,0,1,3489.87731324602,0,0,NaN,0,0,NaN,0,repair
addition_instances,M1,9,6109,6819008,add,1,Repair,8,1500,19,0,0,0,NaN,NaN,0.0017487,3489.87731324602,3489.87731324602,0,1,3489.87731324602,0,0,NaN,0,0,NaN,0,repair
addition_instances,M1,9,6109,6819008,add,1,Repair,8,2500,19,0,0,0,NaN,NaN,0.0017487,3489.87731324602,3489.87731324602,0,1,3489.87731324602,0,0,NaN,0,0,NaN,0,repair
addition_instances,M1,9,6109,6819008,add,1,WarmPSO,8,500,498,78,0,25,NaN,NaN,0.2628389,3489.87731324602,3489.87731324602,0,1,3489.87731324602,0,0,79,0,0,0,25,WarmPSO
addition_instances,M1,9,6109,6819008,add,1,WarmPSO,8,1000,978,78,0,25,NaN,NaN,0.2628389,3489.87731324602,3489.87731324602,0,1,3489.87731324602,0,0,79,0,0,0,25,WarmPSO
addition_instances,M1,9,6109,6819008,add,1,WarmPSO,8,1500,1488,78,0,25,NaN,NaN,0.2628389,3489.87731324602,3489.87731324602,0,1,3489.87731324602,0,0,79,0,0,0,25,WarmPSO
addition_instances,M1,9,6109,6819008,add,1,WarmPSO,8,2500,2478,78,0,25,NaN,NaN,0.2628389,3489.87731324602,3489.87731324602,0,1,3489.87731324602,0,0,79,0,0,0,25,WarmPSO
addition_instances,M1,9,6109,6819008,add,1,WarmPSO_FixedRelocate,8,500,493,78,175,25,NaN,NaN,0.3130123,3442.4591825315,3442.4591825315,0,1,3489.87731324602,-0.0135873345846693,1,79,0,1075,0.27906976744186,25,WarmPSO_FixedRelocate
addition_instances,M1,9,6109,6819008,add,1,WarmPSO_FixedRelocate,8,1000,988,78,400,25,NaN,NaN,0.3130123,3442.3352485667,3442.3352485667,0,1,3489.87731324602,-0.0136228469977629,1,79,0,1075,0.27906976744186,25,WarmPSO_FixedRelocate
addition_instances,M1,9,6109,6819008,add,1,WarmPSO_FixedRelocate,8,1500,1483,78,625,25,NaN,NaN,0.3130123,3442.3352485667,3442.3352485667,0,1,3489.87731324602,-0.0136228469977629,1,79,0,1075,0.27906976744186,25,WarmPSO_FixedRelocate
addition_instances,M1,9,6109,6819008,add,1,WarmPSO_FixedRelocate,8,2500,2473,78,1075,25,NaN,NaN,0.3130123,3442.3352485667,3442.3352485667,0,1,3489.87731324602,-0.0136228469977629,1,79,0,1075,0.27906976744186,25,WarmPSO_FixedRelocate
addition_instances,M1,9,6109,6819008,add,1,AdaptiveMemeticPSO,8,500,458,78,170,29,0,0,0.321516,3442.4591825315,3442.4591825315,0,1,3489.87731324602,-0.0135873345846693,1,79,0,1162,0.258175559380379,28.3414634146341,quality-relocate
addition_instances,M1,9,6109,6819008,add,1,AdaptiveMemeticPSO,8,1000,989,78,431,29,0,0.00427358499290018,0.321516,3442.3352485667,3442.3352485667,0,1,3489.87731324602,-0.0136228469977629,1,79,0,1162,0.258175559380379,28.3414634146341,quality-relocate
addition_instances,M1,9,6109,6819008,add,1,AdaptiveMemeticPSO,8,1500,1461,78,663,29,0,0,0.321516,3442.3352485667,3442.3352485667,0,1,3489.87731324602,-0.0136228469977629,1,79,0,1162,0.258175559380379,28.3414634146341,quality-relocate
addition_instances,M1,9,6109,6819008,add,1,AdaptiveMemeticPSO,8,2500,2500,78,1162,6,0,0,0.321516,3442.3352485667,3442.3352485667,0,1,3489.87731324602,-0.0136228469977629,1,79,0,1162,0.258175559380379,28.3414634146341,quality-relocate
addition_instances,M1,9,6109,6819009,add,1,Repair,9,500,19,0,0,0,NaN,NaN,0.001793,3489.87731324602,3489.87731324602,0,1,3489.87731324602,0,0,NaN,0,0,NaN,0,repair
addition_instances,M1,9,6109,6819009,add,1,Repair,9,1000,19,0,0,0,NaN,NaN,0.001793,3489.87731324602,3489.87731324602,0,1,3489.87731324602,0,0,NaN,0,0,NaN,0,repair
addition_instances,M1,9,6109,6819009,add,1,Repair,9,1500,19,0,0,0,NaN,NaN,0.001793,3489.87731324602,3489.87731324602,0,1,3489.87731324602,0,0,NaN,0,0,NaN,0,repair
addition_instances,M1,9,6109,6819009,add,1,Repair,9,2500,19,0,0,0,NaN,NaN,0.001793,3489.87731324602,3489.87731324602,0,1,3489.87731324602,0,0,NaN,0,0,NaN,0,repair
addition_instances,M1,9,6109,6819009,add,1,WarmPSO,9,500,498,78,0,25,NaN,NaN,0.274425,3489.87731324602,3489.87731324602,0,1,3489.87731324602,0,0,79,0,0,0,25,WarmPSO
addition_instances,M1,9,6109,6819009,add,1,WarmPSO,9,1000,978,78,0,25,NaN,NaN,0.274425,3489.87731324602,3489.87731324602,0,1,3489.87731324602,0,0,79,0,0,0,25,WarmPSO
addition_instances,M1,9,6109,6819009,add,1,WarmPSO,9,1500,1488,78,0,25,NaN,NaN,0.274425,3489.87731324602,3489.87731324602,0,1,3489.87731324602,0,0,79,0,0,0,25,WarmPSO
addition_instances,M1,9,6109,6819009,add,1,WarmPSO,9,2500,2478,78,0,25,NaN,NaN,0.274425,3489.87731324602,3489.87731324602,0,1,3489.87731324602,0,0,79,0,0,0,25,WarmPSO
addition_instances,M1,9,6109,6819009,add,1,WarmPSO_FixedRelocate,9,500,493,78,175,25,NaN,NaN,0.3151109,3489.87731324602,3489.87731324602,0,1,3489.87731324602,0,0,79,0,1075,0.0930232558139535,25,WarmPSO_FixedRelocate
addition_instances,M1,9,6109,6819009,add,1,WarmPSO_FixedRelocate,9,1000,988,78,400,25,NaN,NaN,0.3151109,3489.75337928123,3489.75337928123,0,1,3489.87731324602,-3.55124130936371e-05,1,79,0,1075,0.0930232558139535,25,WarmPSO_FixedRelocate
addition_instances,M1,9,6109,6819009,add,1,WarmPSO_FixedRelocate,9,1500,1483,78,625,25,NaN,NaN,0.3151109,3489.75337928123,3489.75337928123,0,1,3489.87731324602,-3.55124130936371e-05,1,79,0,1075,0.0930232558139535,25,WarmPSO_FixedRelocate
addition_instances,M1,9,6109,6819009,add,1,WarmPSO_FixedRelocate,9,2500,2473,78,1075,25,NaN,NaN,0.3151109,3489.75337928123,3489.75337928123,0,1,3489.87731324602,-3.55124130936371e-05,1,79,0,1075,0.0930232558139535,25,WarmPSO_FixedRelocate
addition_instances,M1,9,6109,6819009,add,1,AdaptiveMemeticPSO,9,500,493,78,175,25,0,0,0.3216454,3489.87731324602,3489.87731324602,0,1,3489.87731324602,0,0,79,0,1075,0.0930232558139535,24.4318181818182,quality-relocate
addition_instances,M1,9,6109,6819009,add,1,AdaptiveMemeticPSO,9,1000,988,78,400,25,0,0,0.3216454,3489.75337928123,3489.75337928123,0,1,3489.87731324602,-3.55124130936371e-05,1,79,0,1075,0.0930232558139535,24.4318181818182,quality-relocate
addition_instances,M1,9,6109,6819009,add,1,AdaptiveMemeticPSO,9,1500,1483,78,625,25,0,0,0.3216454,3489.75337928123,3489.75337928123,0,1,3489.87731324602,-3.55124130936371e-05,1,79,0,1075,0.0930232558139535,24.4318181818182,quality-relocate
addition_instances,M1,9,6109,6819009,add,1,AdaptiveMemeticPSO,9,2500,2500,78,1075,0,0,0,0.3216454,3489.75337928123,3489.75337928123,0,1,3489.87731324602,-3.55124130936371e-05,1,79,0,1075,0.0930232558139535,24.4318181818182,quality-relocate
addition_instances,M1,9,6109,6819010,add,1,Repair,10,500,19,0,0,0,NaN,NaN,0.0022566,3489.87731324602,3489.87731324602,0,1,3489.87731324602,0,0,NaN,0,0,NaN,0,repair
addition_instances,M1,9,6109,6819010,add,1,Repair,10,1000,19,0,0,0,NaN,NaN,0.0022566,3489.87731324602,3489.87731324602,0,1,3489.87731324602,0,0,NaN,0,0,NaN,0,repair
addition_instances,M1,9,6109,6819010,add,1,Repair,10,1500,19,0,0,0,NaN,NaN,0.0022566,3489.87731324602,3489.87731324602,0,1,3489.87731324602,0,0,NaN,0,0,NaN,0,repair
addition_instances,M1,9,6109,6819010,add,1,Repair,10,2500,19,0,0,0,NaN,NaN,0.0022566,3489.87731324602,3489.87731324602,0,1,3489.87731324602,0,0,NaN,0,0,NaN,0,repair
addition_instances,M1,9,6109,6819010,add,1,WarmPSO,10,500,498,78,0,25,NaN,NaN,0.2615165,3489.87731324602,3489.87731324602,0,1,3489.87731324602,0,0,79,0,0,0,25,WarmPSO
addition_instances,M1,9,6109,6819010,add,1,WarmPSO,10,1000,978,78,0,25,NaN,NaN,0.2615165,3489.87731324602,3489.87731324602,0,1,3489.87731324602,0,0,79,0,0,0,25,WarmPSO
addition_instances,M1,9,6109,6819010,add,1,WarmPSO,10,1500,1488,78,0,25,NaN,NaN,0.2615165,3489.87731324602,3489.87731324602,0,1,3489.87731324602,0,0,79,0,0,0,25,WarmPSO
addition_instances,M1,9,6109,6819010,add,1,WarmPSO,10,2500,2478,78,0,25,NaN,NaN,0.2615165,3489.87731324602,3489.87731324602,0,1,3489.87731324602,0,0,79,0,0,0,25,WarmPSO
addition_instances,M1,9,6109,6819010,add,1,WarmPSO_FixedRelocate,10,500,493,78,175,25,NaN,NaN,0.3061112,3442.4591825315,3442.4591825315,0,1,3489.87731324602,-0.0135873345846693,1,79,0,1075,0.186046511627907,25,WarmPSO_FixedRelocate
addition_instances,M1,9,6109,6819010,add,1,WarmPSO_FixedRelocate,10,1000,988,78,400,25,NaN,NaN,0.3061112,3442.4591825315,3442.4591825315,0,1,3489.87731324602,-0.0135873345846693,1,79,0,1075,0.186046511627907,25,WarmPSO_FixedRelocate
addition_instances,M1,9,6109,6819010,add,1,WarmPSO_FixedRelocate,10,1500,1483,78,625,25,NaN,NaN,0.3061112,3442.3352485667,3442.3352485667,0,1,3489.87731324602,-0.0136228469977629,1,79,0,1075,0.186046511627907,25,WarmPSO_FixedRelocate
addition_instances,M1,9,6109,6819010,add,1,WarmPSO_FixedRelocate,10,2500,2473,78,1075,25,NaN,NaN,0.3061112,3442.3352485667,3442.3352485667,0,1,3489.87731324602,-0.0136228469977629,1,79,0,1075,0.186046511627907,25,WarmPSO_FixedRelocate
addition_instances,M1,9,6109,6819010,add,1,AdaptiveMemeticPSO,10,500,456,78,168,31,0,0,0.319796,3442.4591825315,3442.4591825315,0,1,3489.87731324602,-0.0135873345846693,1,79,0,1192,0.167785234899329,29.8,quality-relocate
addition_instances,M1,9,6109,6819010,add,1,AdaptiveMemeticPSO,10,1000,944,78,416,31,0,0,0.319796,3442.4591825315,3442.4591825315,0,1,3489.87731324602,-0.0135873345846693,1,79,0,1192,0.167785234899329,29.8,quality-relocate
addition_instances,M1,9,6109,6819010,add,1,AdaptiveMemeticPSO,10,1500,1493,78,695,31,0,0,0.319796,3442.3352485667,3442.3352485667,0,1,3489.87731324602,-0.0136228469977629,1,79,0,1192,0.167785234899329,29.8,quality-relocate
addition_instances,M1,9,6109,6819010,add,1,AdaptiveMemeticPSO,10,2500,2500,78,1192,1,0,0,0.319796,3442.3352485667,3442.3352485667,0,1,3489.87731324602,-0.0136228469977629,1,79,0,1192,0.167785234899329,29.8,quality-relocate
addition_instances,M1,10,6110,6820001,add,1,Repair,1,500,19,0,0,0,NaN,NaN,0.0021867,3490.38557065644,3490.38557065644,0,1,3490.38557065644,0,0,NaN,0,0,NaN,0,repair
addition_instances,M1,10,6110,6820001,add,1,Repair,1,1000,19,0,0,0,NaN,NaN,0.0021867,3490.38557065644,3490.38557065644,0,1,3490.38557065644,0,0,NaN,0,0,NaN,0,repair
addition_instances,M1,10,6110,6820001,add,1,Repair,1,1500,19,0,0,0,NaN,NaN,0.0021867,3490.38557065644,3490.38557065644,0,1,3490.38557065644,0,0,NaN,0,0,NaN,0,repair
addition_instances,M1,10,6110,6820001,add,1,Repair,1,2500,19,0,0,0,NaN,NaN,0.0021867,3490.38557065644,3490.38557065644,0,1,3490.38557065644,0,0,NaN,0,0,NaN,0,repair
addition_instances,M1,10,6110,6820001,add,1,WarmPSO,1,500,497,77,0,25,NaN,NaN,0.2713429,3490.38557065644,3490.38557065644,0,1,3490.38557065644,0,0,78,0,0,0,25,WarmPSO
addition_instances,M1,10,6110,6820001,add,1,WarmPSO,1,1000,977,77,0,25,NaN,NaN,0.2713429,3490.38557065644,3490.38557065644,0,1,3490.38557065644,0,0,78,0,0,0,25,WarmPSO
addition_instances,M1,10,6110,6820001,add,1,WarmPSO,1,1500,1487,77,0,25,NaN,NaN,0.2713429,3490.38557065644,3490.38557065644,0,1,3490.38557065644,0,0,78,0,0,0,25,WarmPSO
addition_instances,M1,10,6110,6820001,add,1,WarmPSO,1,2500,2477,77,0,25,NaN,NaN,0.2713429,3490.38557065644,3490.38557065644,0,1,3490.38557065644,0,0,78,0,0,0,25,WarmPSO
addition_instances,M1,10,6110,6820001,add,1,WarmPSO_FixedRelocate,1,500,492,77,175,25,NaN,NaN,0.3073907,3490.26163669164,3490.26163669164,0,1,3490.38557065644,-3.5507241903592e-05,1,78,0,1075,0.186046511627907,25,WarmPSO_FixedRelocate
addition_instances,M1,10,6110,6820001,add,1,WarmPSO_FixedRelocate,1,1000,987,77,400,25,NaN,NaN,0.3073907,3490.26163669164,3490.26163669164,0,1,3490.38557065644,-3.5507241903592e-05,1,78,0,1075,0.186046511627907,25,WarmPSO_FixedRelocate
addition_instances,M1,10,6110,6820001,add,1,WarmPSO_FixedRelocate,1,1500,1482,77,625,25,NaN,NaN,0.3073907,3442.84350597712,3442.84350597712,0,1,3490.38557065644,-0.0136208632877122,1,78,0,1075,0.186046511627907,25,WarmPSO_FixedRelocate
addition_instances,M1,10,6110,6820001,add,1,WarmPSO_FixedRelocate,1,2500,2472,77,1075,25,NaN,NaN,0.3073907,3442.84350597712,3442.84350597712,0,1,3490.38557065644,-0.0136208632877122,1,78,0,1075,0.186046511627907,25,WarmPSO_FixedRelocate
addition_instances,M1,10,6110,6820001,add,1,AdaptiveMemeticPSO,1,500,492,77,175,25,0,0,0.3201477,3490.26163669164,3490.26163669164,0,1,3490.38557065644,-3.5507241903592e-05,1,78,0,1200,0.166666666666667,30,quality-relocate
addition_instances,M1,10,6110,6820001,add,1,AdaptiveMemeticPSO,1,1000,987,77,400,25,0,0,0.3201477,3490.26163669164,3490.26163669164,0,1,3490.38557065644,-3.5507241903592e-05,1,78,0,1200,0.166666666666667,30,quality-relocate
addition_instances,M1,10,6110,6820001,add,1,AdaptiveMemeticPSO,1,1500,1497,77,640,40,0,0,0.3201477,3442.84350597712,3442.84350597712,0,1,3490.38557065644,-0.0136208632877122,1,78,0,1200,0.166666666666667,30,quality-relocate
addition_instances,M1,10,6110,6820001,add,1,AdaptiveMemeticPSO,1,2500,2500,77,1200,0,0,0,0.3201477,3442.84350597712,3442.84350597712,0,1,3490.38557065644,-0.0136208632877122,1,78,0,1200,0.166666666666667,30,quality-relocate
addition_instances,M1,10,6110,6820002,add,1,Repair,2,500,19,0,0,0,NaN,NaN,0.0017591,3490.38557065644,3490.38557065644,0,1,3490.38557065644,0,0,NaN,0,0,NaN,0,repair
addition_instances,M1,10,6110,6820002,add,1,Repair,2,1000,19,0,0,0,NaN,NaN,0.0017591,3490.38557065644,3490.38557065644,0,1,3490.38557065644,0,0,NaN,0,0,NaN,0,repair
addition_instances,M1,10,6110,6820002,add,1,Repair,2,1500,19,0,0,0,NaN,NaN,0.0017591,3490.38557065644,3490.38557065644,0,1,3490.38557065644,0,0,NaN,0,0,NaN,0,repair
addition_instances,M1,10,6110,6820002,add,1,Repair,2,2500,19,0,0,0,NaN,NaN,0.0017591,3490.38557065644,3490.38557065644,0,1,3490.38557065644,0,0,NaN,0,0,NaN,0,repair
addition_instances,M1,10,6110,6820002,add,1,WarmPSO,2,500,497,77,0,25,NaN,NaN,0.2685824,3490.38557065644,3490.38557065644,0,1,3490.38557065644,0,0,78,0,0,0,25,WarmPSO
addition_instances,M1,10,6110,6820002,add,1,WarmPSO,2,1000,977,77,0,25,NaN,NaN,0.2685824,3490.38557065644,3490.38557065644,0,1,3490.38557065644,0,0,78,0,0,0,25,WarmPSO
addition_instances,M1,10,6110,6820002,add,1,WarmPSO,2,1500,1487,77,0,25,NaN,NaN,0.2685824,3490.38557065644,3490.38557065644,0,1,3490.38557065644,0,0,78,0,0,0,25,WarmPSO
addition_instances,M1,10,6110,6820002,add,1,WarmPSO,2,2500,2477,77,0,25,NaN,NaN,0.2685824,3490.38557065644,3490.38557065644,0,1,3490.38557065644,0,0,78,0,0,0,25,WarmPSO
addition_instances,M1,10,6110,6820002,add,1,WarmPSO_FixedRelocate,2,500,492,77,175,25,NaN,NaN,0.3408339,3490.26163669164,3490.26163669164,0,1,3490.38557065644,-3.5507241903592e-05,1,78,0,1075,0.186046511627907,25,WarmPSO_FixedRelocate
addition_instances,M1,10,6110,6820002,add,1,WarmPSO_FixedRelocate,2,1000,987,77,400,25,NaN,NaN,0.3408339,3442.84350597712,3442.84350597712,0,1,3490.38557065644,-0.0136208632877122,1,78,0,1075,0.186046511627907,25,WarmPSO_FixedRelocate
addition_instances,M1,10,6110,6820002,add,1,WarmPSO_FixedRelocate,2,1500,1482,77,625,25,NaN,NaN,0.3408339,3442.84350597712,3442.84350597712,0,1,3490.38557065644,-0.0136208632877122,1,78,0,1075,0.186046511627907,25,WarmPSO_FixedRelocate
addition_instances,M1,10,6110,6820002,add,1,WarmPSO_FixedRelocate,2,2500,2472,77,1075,25,NaN,NaN,0.3408339,3442.84350597712,3442.84350597712,0,1,3490.38557065644,-0.0136208632877122,1,78,0,1075,0.186046511627907,25,WarmPSO_FixedRelocate
addition_instances,M1,10,6110,6820002,add,1,AdaptiveMemeticPSO,2,500,492,77,175,25,0,0,0.3211458,3490.26163669164,3490.26163669164,0,1,3490.38557065644,-3.5507241903592e-05,1,78,0,1253,0.159616919393456,32.9736842105263,quality-relocate
addition_instances,M1,10,6110,6820002,add,1,AdaptiveMemeticPSO,2,1000,971,77,414,38,0,0,0.3211458,3442.84350597712,3442.84350597712,0,1,3490.38557065644,-0.0136208632877122,1,78,0,1253,0.159616919393456,32.9736842105263,quality-relocate
addition_instances,M1,10,6110,6820002,add,1,AdaptiveMemeticPSO,2,1500,1447,77,680,38,0,0,0.3211458,3442.84350597712,3442.84350597712,0,1,3490.38557065644,-0.0136208632877122,1,78,0,1253,0.159616919393456,32.9736842105263,quality-relocate
addition_instances,M1,10,6110,6820002,add,1,AdaptiveMemeticPSO,2,2500,2500,77,1253,3,0,0,0.3211458,3442.84350597712,3442.84350597712,0,1,3490.38557065644,-0.0136208632877122,1,78,0,1253,0.159616919393456,32.9736842105263,quality-relocate
addition_instances,M1,10,6110,6820003,add,1,Repair,3,500,19,0,0,0,NaN,NaN,0.0036936,3490.38557065644,3490.38557065644,0,1,3490.38557065644,0,0,NaN,0,0,NaN,0,repair
addition_instances,M1,10,6110,6820003,add,1,Repair,3,1000,19,0,0,0,NaN,NaN,0.0036936,3490.38557065644,3490.38557065644,0,1,3490.38557065644,0,0,NaN,0,0,NaN,0,repair
addition_instances,M1,10,6110,6820003,add,1,Repair,3,1500,19,0,0,0,NaN,NaN,0.0036936,3490.38557065644,3490.38557065644,0,1,3490.38557065644,0,0,NaN,0,0,NaN,0,repair
addition_instances,M1,10,6110,6820003,add,1,Repair,3,2500,19,0,0,0,NaN,NaN,0.0036936,3490.38557065644,3490.38557065644,0,1,3490.38557065644,0,0,NaN,0,0,NaN,0,repair
addition_instances,M1,10,6110,6820003,add,1,WarmPSO,3,500,498,78,0,25,NaN,NaN,0.2820357,3490.38557065644,3490.38557065644,0,1,3490.38557065644,0,0,79,0,0,0,25,WarmPSO
addition_instances,M1,10,6110,6820003,add,1,WarmPSO,3,1000,978,78,0,25,NaN,NaN,0.2820357,3490.38557065644,3490.38557065644,0,1,3490.38557065644,0,0,79,0,0,0,25,WarmPSO
addition_instances,M1,10,6110,6820003,add,1,WarmPSO,3,1500,1488,78,0,25,NaN,NaN,0.2820357,3490.38557065644,3490.38557065644,0,1,3490.38557065644,0,0,79,0,0,0,25,WarmPSO
addition_instances,M1,10,6110,6820003,add,1,WarmPSO,3,2500,2478,78,0,25,NaN,NaN,0.2820357,3490.38557065644,3490.38557065644,0,1,3490.38557065644,0,0,79,0,0,0,25,WarmPSO
addition_instances,M1,10,6110,6820003,add,1,WarmPSO_FixedRelocate,3,500,493,78,175,25,NaN,NaN,0.353506,3442.84350597712,3442.84350597712,0,1,3490.38557065644,-0.0136208632877122,1,79,0,1075,0.186046511627907,25,WarmPSO_FixedRelocate
addition_instances,M1,10,6110,6820003,add,1,WarmPSO_FixedRelocate,3,1000,988,78,400,25,NaN,NaN,0.353506,3442.84350597712,3442.84350597712,0,1,3490.38557065644,-0.0136208632877122,1,79,0,1075,0.186046511627907,25,WarmPSO_FixedRelocate
addition_instances,M1,10,6110,6820003,add,1,WarmPSO_FixedRelocate,3,1500,1483,78,625,25,NaN,NaN,0.353506,3442.84350597712,3442.84350597712,0,1,3490.38557065644,-0.0136208632877122,1,79,0,1075,0.186046511627907,25,WarmPSO_FixedRelocate
addition_instances,M1,10,6110,6820003,add,1,WarmPSO_FixedRelocate,3,2500,2473,78,1075,25,NaN,NaN,0.353506,3442.84350597712,3442.84350597712,0,1,3490.38557065644,-0.0136208632877122,1,79,0,1075,0.186046511627907,25,WarmPSO_FixedRelocate
addition_instances,M1,10,6110,6820003,add,1,AdaptiveMemeticPSO,3,500,452,78,164,32,0,0,0.3487881,3442.84350597712,3442.84350597712,0,1,3490.38557065644,-0.0136208632877122,1,79,0,1220,0.163934426229508,30.5,quality-relocate
addition_instances,M1,10,6110,6820003,add,1,AdaptiveMemeticPSO,3,1000,948,78,420,32,0,0,0.3487881,3442.84350597712,3442.84350597712,0,1,3490.38557065644,-0.0136208632877122,1,79,0,1220,0.163934426229508,30.5,quality-relocate
addition_instances,M1,10,6110,6820003,add,1,AdaptiveMemeticPSO,3,1500,1444,78,676,32,0,0,0.3487881,3442.84350597712,3442.84350597712,0,1,3490.38557065644,-0.0136208632877122,1,79,0,1220,0.163934426229508,30.5,quality-relocate
addition_instances,M1,10,6110,6820003,add,1,AdaptiveMemeticPSO,3,2500,2500,78,1220,0,0,0,0.3487881,3442.84350597712,3442.84350597712,0,1,3490.38557065644,-0.0136208632877122,1,79,0,1220,0.163934426229508,30.5,quality-relocate
addition_instances,M1,10,6110,6820004,add,1,Repair,4,500,19,0,0,0,NaN,NaN,0.001785,3490.38557065644,3490.38557065644,0,1,3490.38557065644,0,0,NaN,0,0,NaN,0,repair
addition_instances,M1,10,6110,6820004,add,1,Repair,4,1000,19,0,0,0,NaN,NaN,0.001785,3490.38557065644,3490.38557065644,0,1,3490.38557065644,0,0,NaN,0,0,NaN,0,repair
addition_instances,M1,10,6110,6820004,add,1,Repair,4,1500,19,0,0,0,NaN,NaN,0.001785,3490.38557065644,3490.38557065644,0,1,3490.38557065644,0,0,NaN,0,0,NaN,0,repair
addition_instances,M1,10,6110,6820004,add,1,Repair,4,2500,19,0,0,0,NaN,NaN,0.001785,3490.38557065644,3490.38557065644,0,1,3490.38557065644,0,0,NaN,0,0,NaN,0,repair
addition_instances,M1,10,6110,6820004,add,1,WarmPSO,4,500,497,77,0,25,NaN,NaN,0.3026711,3490.38557065644,3490.38557065644,0,1,3490.38557065644,0,0,78,0,0,0,25,WarmPSO
addition_instances,M1,10,6110,6820004,add,1,WarmPSO,4,1000,977,77,0,25,NaN,NaN,0.3026711,3490.38557065644,3490.38557065644,0,1,3490.38557065644,0,0,78,0,0,0,25,WarmPSO
addition_instances,M1,10,6110,6820004,add,1,WarmPSO,4,1500,1487,77,0,25,NaN,NaN,0.3026711,3490.38557065644,3490.38557065644,0,1,3490.38557065644,0,0,78,0,0,0,25,WarmPSO
addition_instances,M1,10,6110,6820004,add,1,WarmPSO,4,2500,2477,77,0,25,NaN,NaN,0.3026711,3490.38557065644,3490.38557065644,0,1,3490.38557065644,0,0,78,0,0,0,25,WarmPSO
addition_instances,M1,10,6110,6820004,add,1,WarmPSO_FixedRelocate,4,500,492,77,175,25,NaN,NaN,0.3060827,3490.26163669164,3490.26163669164,0,1,3490.38557065644,-3.5507241903592e-05,1,78,0,1075,0.186046511627907,25,WarmPSO_FixedRelocate
addition_instances,M1,10,6110,6820004,add,1,WarmPSO_FixedRelocate,4,1000,987,77,400,25,NaN,NaN,0.3060827,3442.84350597712,3442.84350597712,0,1,3490.38557065644,-0.0136208632877122,1,78,0,1075,0.186046511627907,25,WarmPSO_FixedRelocate
addition_instances,M1,10,6110,6820004,add,1,WarmPSO_FixedRelocate,4,1500,1482,77,625,25,NaN,NaN,0.3060827,3442.84350597712,3442.84350597712,0,1,3490.38557065644,-0.0136208632877122,1,78,0,1075,0.186046511627907,25,WarmPSO_FixedRelocate
addition_instances,M1,10,6110,6820004,add,1,WarmPSO_FixedRelocate,4,2500,2472,77,1075,25,NaN,NaN,0.3060827,3442.84350597712,3442.84350597712,0,1,3490.38557065644,-0.0136208632877122,1,78,0,1075,0.186046511627907,25,WarmPSO_FixedRelocate
addition_instances,M1,10,6110,6820004,add,1,AdaptiveMemeticPSO,4,500,492,77,175,25,0,0,0.3152654,3490.26163669164,3490.26163669164,0,1,3490.38557065644,-3.5507241903592e-05,1,78,0,1253,0.159616919393456,32.9736842105263,quality-relocate
addition_instances,M1,10,6110,6820004,add,1,AdaptiveMemeticPSO,4,1000,943,77,416,36,0,0,0.3152654,3442.84350597712,3442.84350597712,0,1,3490.38557065644,-0.0136208632877122,1,78,0,1253,0.159616919393456,32.9736842105263,quality-relocate
addition_instances,M1,10,6110,6820004,add,1,AdaptiveMemeticPSO,4,1500,1471,77,704,36,0,0,0.3152654,3442.84350597712,3442.84350597712,0,1,3490.38557065644,-0.0136208632877122,1,78,0,1253,0.159616919393456,32.9736842105263,quality-relocate
addition_instances,M1,10,6110,6820004,add,1,AdaptiveMemeticPSO,4,2500,2500,77,1253,9,0,0,0.3152654,3442.84350597712,3442.84350597712,0,1,3490.38557065644,-0.0136208632877122,1,78,0,1253,0.159616919393456,32.9736842105263,quality-relocate
addition_instances,M1,10,6110,6820005,add,1,Repair,5,500,19,0,0,0,NaN,NaN,0.00179,3490.38557065644,3490.38557065644,0,1,3490.38557065644,0,0,NaN,0,0,NaN,0,repair
addition_instances,M1,10,6110,6820005,add,1,Repair,5,1000,19,0,0,0,NaN,NaN,0.00179,3490.38557065644,3490.38557065644,0,1,3490.38557065644,0,0,NaN,0,0,NaN,0,repair
addition_instances,M1,10,6110,6820005,add,1,Repair,5,1500,19,0,0,0,NaN,NaN,0.00179,3490.38557065644,3490.38557065644,0,1,3490.38557065644,0,0,NaN,0,0,NaN,0,repair
addition_instances,M1,10,6110,6820005,add,1,Repair,5,2500,19,0,0,0,NaN,NaN,0.00179,3490.38557065644,3490.38557065644,0,1,3490.38557065644,0,0,NaN,0,0,NaN,0,repair
addition_instances,M1,10,6110,6820005,add,1,WarmPSO,5,500,498,78,0,25,NaN,NaN,0.2729872,3490.38557065644,3490.38557065644,0,1,3490.38557065644,0,0,79,0,0,0,25,WarmPSO
addition_instances,M1,10,6110,6820005,add,1,WarmPSO,5,1000,978,78,0,25,NaN,NaN,0.2729872,3490.38557065644,3490.38557065644,0,1,3490.38557065644,0,0,79,0,0,0,25,WarmPSO
addition_instances,M1,10,6110,6820005,add,1,WarmPSO,5,1500,1488,78,0,25,NaN,NaN,0.2729872,3490.38557065644,3490.38557065644,0,1,3490.38557065644,0,0,79,0,0,0,25,WarmPSO
addition_instances,M1,10,6110,6820005,add,1,WarmPSO,5,2500,2478,78,0,25,NaN,NaN,0.2729872,3490.38557065644,3490.38557065644,0,1,3490.38557065644,0,0,79,0,0,0,25,WarmPSO
addition_instances,M1,10,6110,6820005,add,1,WarmPSO_FixedRelocate,5,500,493,78,175,25,NaN,NaN,0.3079623,3442.96743994192,3442.96743994192,0,1,3490.38557065644,-0.0135853560458086,1,79,0,1075,0.186046511627907,25,WarmPSO_FixedRelocate
addition_instances,M1,10,6110,6820005,add,1,WarmPSO_FixedRelocate,5,1000,988,78,400,25,NaN,NaN,0.3079623,3442.84350597712,3442.84350597712,0,1,3490.38557065644,-0.0136208632877122,1,79,0,1075,0.186046511627907,25,WarmPSO_FixedRelocate
addition_instances,M1,10,6110,6820005,add,1,WarmPSO_FixedRelocate,5,1500,1483,78,625,25,NaN,NaN,0.3079623,3442.84350597712,3442.84350597712,0,1,3490.38557065644,-0.0136208632877122,1,79,0,1075,0.186046511627907,25,WarmPSO_FixedRelocate
addition_instances,M1,10,6110,6820005,add,1,WarmPSO_FixedRelocate,5,2500,2473,78,1075,25,NaN,NaN,0.3079623,3442.84350597712,3442.84350597712,0,1,3490.38557065644,-0.0136208632877122,1,79,0,1075,0.186046511627907,25,WarmPSO_FixedRelocate
addition_instances,M1,10,6110,6820005,add,1,AdaptiveMemeticPSO,5,500,446,78,158,33,0,0,0.3075391,3442.96743994192,3442.96743994192,0,1,3490.38557065644,-0.0135853560458086,1,79,0,1222,0.16366612111293,31.3333333333333,quality-relocate
addition_instances,M1,10,6110,6820005,add,1,AdaptiveMemeticPSO,5,1000,950,78,422,33,0,0,0.3075391,3442.84350597712,3442.84350597712,0,1,3490.38557065644,-0.0136208632877122,1,79,0,1222,0.16366612111293,31.3333333333333,quality-relocate
addition_instances,M1,10,6110,6820005,add,1,AdaptiveMemeticPSO,5,1500,1454,78,686,33,0,0,0.3075391,3442.84350597712,3442.84350597712,0,1,3490.38557065644,-0.0136208632877122,1,79,0,1222,0.16366612111293,31.3333333333333,quality-relocate
addition_instances,M1,10,6110,6820005,add,1,AdaptiveMemeticPSO,5,2500,2500,78,1222,8,0,0,0.3075391,3442.84350597712,3442.84350597712,0,1,3490.38557065644,-0.0136208632877122,1,79,0,1222,0.16366612111293,31.3333333333333,quality-relocate
addition_instances,M1,10,6110,6820006,add,1,Repair,6,500,19,0,0,0,NaN,NaN,0.0019056,3490.38557065644,3490.38557065644,0,1,3490.38557065644,0,0,NaN,0,0,NaN,0,repair
addition_instances,M1,10,6110,6820006,add,1,Repair,6,1000,19,0,0,0,NaN,NaN,0.0019056,3490.38557065644,3490.38557065644,0,1,3490.38557065644,0,0,NaN,0,0,NaN,0,repair
addition_instances,M1,10,6110,6820006,add,1,Repair,6,1500,19,0,0,0,NaN,NaN,0.0019056,3490.38557065644,3490.38557065644,0,1,3490.38557065644,0,0,NaN,0,0,NaN,0,repair
addition_instances,M1,10,6110,6820006,add,1,Repair,6,2500,19,0,0,0,NaN,NaN,0.0019056,3490.38557065644,3490.38557065644,0,1,3490.38557065644,0,0,NaN,0,0,NaN,0,repair
addition_instances,M1,10,6110,6820006,add,1,WarmPSO,6,500,498,78,0,25,NaN,NaN,0.2772149,3490.38557065644,3490.38557065644,0,1,3490.38557065644,0,0,79,0,0,0,25,WarmPSO
addition_instances,M1,10,6110,6820006,add,1,WarmPSO,6,1000,978,78,0,25,NaN,NaN,0.2772149,3490.38557065644,3490.38557065644,0,1,3490.38557065644,0,0,79,0,0,0,25,WarmPSO
addition_instances,M1,10,6110,6820006,add,1,WarmPSO,6,1500,1488,78,0,25,NaN,NaN,0.2772149,3490.38557065644,3490.38557065644,0,1,3490.38557065644,0,0,79,0,0,0,25,WarmPSO
addition_instances,M1,10,6110,6820006,add,1,WarmPSO,6,2500,2478,78,0,25,NaN,NaN,0.2772149,3490.38557065644,3490.38557065644,0,1,3490.38557065644,0,0,79,0,0,0,25,WarmPSO
addition_instances,M1,10,6110,6820006,add,1,WarmPSO_FixedRelocate,6,500,493,78,175,25,NaN,NaN,0.3141863,3442.96743994192,3442.96743994192,0,1,3490.38557065644,-0.0135853560458086,1,79,0,1075,0.0930232558139535,25,WarmPSO_FixedRelocate
addition_instances,M1,10,6110,6820006,add,1,WarmPSO_FixedRelocate,6,1000,988,78,400,25,NaN,NaN,0.3141863,3442.96743994192,3442.96743994192,0,1,3490.38557065644,-0.0135853560458086,1,79,0,1075,0.0930232558139535,25,WarmPSO_FixedRelocate
addition_instances,M1,10,6110,6820006,add,1,WarmPSO_FixedRelocate,6,1500,1483,78,625,25,NaN,NaN,0.3141863,3442.96743994192,3442.96743994192,0,1,3490.38557065644,-0.0135853560458086,1,79,0,1075,0.0930232558139535,25,WarmPSO_FixedRelocate
addition_instances,M1,10,6110,6820006,add,1,WarmPSO_FixedRelocate,6,2500,2473,78,1075,25,NaN,NaN,0.3141863,3442.96743994192,3442.96743994192,0,1,3490.38557065644,-0.0135853560458086,1,79,0,1075,0.0930232558139535,25,WarmPSO_FixedRelocate
addition_instances,M1,10,6110,6820006,add,1,AdaptiveMemeticPSO,6,500,438,78,150,25,0,1.89672522858082,0.328519,3442.96743994192,3442.96743994192,0,1,3490.38557065644,-0.0135853560458086,1,79,0,1238,0.0807754442649435,31.7435897435897,quality-relocate
addition_instances,M1,10,6110,6820006,add,1,AdaptiveMemeticPSO,6,1000,950,78,422,34,0,0,0.328519,3442.96743994192,3442.96743994192,0,1,3490.38557065644,-0.0135853560458086,1,79,0,1238,0.0807754442649435,31.7435897435897,quality-relocate
addition_instances,M1,10,6110,6820006,add,1,AdaptiveMemeticPSO,6,1500,1462,78,694,34,0,0,0.328519,3442.96743994192,3442.96743994192,0,1,3490.38557065644,-0.0135853560458086,1,79,0,1238,0.0807754442649435,31.7435897435897,quality-relocate
addition_instances,M1,10,6110,6820006,add,1,AdaptiveMemeticPSO,6,2500,2500,78,1238,0,0,0,0.328519,3442.96743994192,3442.96743994192,0,1,3490.38557065644,-0.0135853560458086,1,79,0,1238,0.0807754442649435,31.7435897435897,quality-relocate
addition_instances,M1,10,6110,6820007,add,1,Repair,7,500,19,0,0,0,NaN,NaN,0.0026617,3490.38557065644,3490.38557065644,0,1,3490.38557065644,0,0,NaN,0,0,NaN,0,repair
addition_instances,M1,10,6110,6820007,add,1,Repair,7,1000,19,0,0,0,NaN,NaN,0.0026617,3490.38557065644,3490.38557065644,0,1,3490.38557065644,0,0,NaN,0,0,NaN,0,repair
addition_instances,M1,10,6110,6820007,add,1,Repair,7,1500,19,0,0,0,NaN,NaN,0.0026617,3490.38557065644,3490.38557065644,0,1,3490.38557065644,0,0,NaN,0,0,NaN,0,repair
addition_instances,M1,10,6110,6820007,add,1,Repair,7,2500,19,0,0,0,NaN,NaN,0.0026617,3490.38557065644,3490.38557065644,0,1,3490.38557065644,0,0,NaN,0,0,NaN,0,repair
addition_instances,M1,10,6110,6820007,add,1,WarmPSO,7,500,497,77,0,25,NaN,NaN,0.303383,3490.38557065644,3490.38557065644,0,1,3490.38557065644,0,0,78,0,0,0,25,WarmPSO
addition_instances,M1,10,6110,6820007,add,1,WarmPSO,7,1000,977,77,0,25,NaN,NaN,0.303383,3490.38557065644,3490.38557065644,0,1,3490.38557065644,0,0,78,0,0,0,25,WarmPSO
addition_instances,M1,10,6110,6820007,add,1,WarmPSO,7,1500,1487,77,0,25,NaN,NaN,0.303383,3490.38557065644,3490.38557065644,0,1,3490.38557065644,0,0,78,0,0,0,25,WarmPSO
addition_instances,M1,10,6110,6820007,add,1,WarmPSO,7,2500,2477,77,0,25,NaN,NaN,0.303383,3490.38557065644,3490.38557065644,0,1,3490.38557065644,0,0,78,0,0,0,25,WarmPSO
addition_instances,M1,10,6110,6820007,add,1,WarmPSO_FixedRelocate,7,500,492,77,175,25,NaN,NaN,0.3332124,3442.96743994192,3442.96743994192,0,1,3490.38557065644,-0.0135853560458086,1,78,0,1075,0.27906976744186,25,WarmPSO_FixedRelocate
addition_instances,M1,10,6110,6820007,add,1,WarmPSO_FixedRelocate,7,1000,987,77,400,25,NaN,NaN,0.3332124,3442.84350597712,3442.84350597712,0,1,3490.38557065644,-0.0136208632877122,1,78,0,1075,0.27906976744186,25,WarmPSO_FixedRelocate
addition_instances,M1,10,6110,6820007,add,1,WarmPSO_FixedRelocate,7,1500,1482,77,625,25,NaN,NaN,0.3332124,3442.84350597712,3442.84350597712,0,1,3490.38557065644,-0.0136208632877122,1,78,0,1075,0.27906976744186,25,WarmPSO_FixedRelocate
addition_instances,M1,10,6110,6820007,add,1,WarmPSO_FixedRelocate,7,2500,2472,77,1075,25,NaN,NaN,0.3332124,3442.84350597712,3442.84350597712,0,1,3490.38557065644,-0.0136208632877122,1,78,0,1075,0.27906976744186,25,WarmPSO_FixedRelocate
addition_instances,M1,10,6110,6820007,add,1,AdaptiveMemeticPSO,7,500,457,77,170,30,0,0,0.3229518,3442.96743994192,3442.96743994192,0,1,3490.38557065644,-0.0135853560458086,1,78,0,1190,0.252100840336134,29.0243902439024,quality-relocate
addition_instances,M1,10,6110,6820007,add,1,AdaptiveMemeticPSO,7,1000,997,77,440,30,0,0,0.3229518,3442.84350597712,3442.84350597712,0,1,3490.38557065644,-0.0136208632877122,1,78,0,1190,0.252100840336134,29.0243902439024,quality-relocate
addition_instances,M1,10,6110,6820007,add,1,AdaptiveMemeticPSO,7,1500,1477,77,680,30,0,0,0.3229518,3442.84350597712,3442.84350597712,0,1,3490.38557065644,-0.0136208632877122,1,78,0,1190,0.252100840336134,29.0243902439024,quality-relocate
addition_instances,M1,10,6110,6820007,add,1,AdaptiveMemeticPSO,7,2500,2500,77,1190,0,0,0,0.3229518,3442.84350597712,3442.84350597712,0,1,3490.38557065644,-0.0136208632877122,1,78,0,1190,0.252100840336134,29.0243902439024,quality-relocate
addition_instances,M1,10,6110,6820008,add,1,Repair,8,500,19,0,0,0,NaN,NaN,0.0019373,3490.38557065644,3490.38557065644,0,1,3490.38557065644,0,0,NaN,0,0,NaN,0,repair
addition_instances,M1,10,6110,6820008,add,1,Repair,8,1000,19,0,0,0,NaN,NaN,0.0019373,3490.38557065644,3490.38557065644,0,1,3490.38557065644,0,0,NaN,0,0,NaN,0,repair
addition_instances,M1,10,6110,6820008,add,1,Repair,8,1500,19,0,0,0,NaN,NaN,0.0019373,3490.38557065644,3490.38557065644,0,1,3490.38557065644,0,0,NaN,0,0,NaN,0,repair
addition_instances,M1,10,6110,6820008,add,1,Repair,8,2500,19,0,0,0,NaN,NaN,0.0019373,3490.38557065644,3490.38557065644,0,1,3490.38557065644,0,0,NaN,0,0,NaN,0,repair
addition_instances,M1,10,6110,6820008,add,1,WarmPSO,8,500,497,77,0,25,NaN,NaN,0.2733161,3490.38557065644,3490.38557065644,0,1,3490.38557065644,0,0,78,0,0,0,25,WarmPSO
addition_instances,M1,10,6110,6820008,add,1,WarmPSO,8,1000,977,77,0,25,NaN,NaN,0.2733161,3490.38557065644,3490.38557065644,0,1,3490.38557065644,0,0,78,0,0,0,25,WarmPSO
addition_instances,M1,10,6110,6820008,add,1,WarmPSO,8,1500,1487,77,0,25,NaN,NaN,0.2733161,3490.38557065644,3490.38557065644,0,1,3490.38557065644,0,0,78,0,0,0,25,WarmPSO
addition_instances,M1,10,6110,6820008,add,1,WarmPSO,8,2500,2477,77,0,25,NaN,NaN,0.2733161,3490.38557065644,3490.38557065644,0,1,3490.38557065644,0,0,78,0,0,0,25,WarmPSO
addition_instances,M1,10,6110,6820008,add,1,WarmPSO_FixedRelocate,8,500,492,77,175,25,NaN,NaN,0.3290996,3442.96743994192,3442.96743994192,0,1,3490.38557065644,-0.0135853560458086,1,78,0,1075,0.186046511627907,25,WarmPSO_FixedRelocate
addition_instances,M1,10,6110,6820008,add,1,WarmPSO_FixedRelocate,8,1000,987,77,400,25,NaN,NaN,0.3290996,3442.84350597712,3442.84350597712,0,1,3490.38557065644,-0.0136208632877122,1,78,0,1075,0.186046511627907,25,WarmPSO_FixedRelocate
addition_instances,M1,10,6110,6820008,add,1,WarmPSO_FixedRelocate,8,1500,1482,77,625,25,NaN,NaN,0.3290996,3442.84350597712,3442.84350597712,0,1,3490.38557065644,-0.0136208632877122,1,78,0,1075,0.186046511627907,25,WarmPSO_FixedRelocate
addition_instances,M1,10,6110,6820008,add,1,WarmPSO_FixedRelocate,8,2500,2472,77,1075,25,NaN,NaN,0.3290996,3442.84350597712,3442.84350597712,0,1,3490.38557065644,-0.0136208632877122,1,78,0,1075,0.186046511627907,25,WarmPSO_FixedRelocate
addition_instances,M1,10,6110,6820008,add,1,AdaptiveMemeticPSO,8,500,457,77,170,30,0,0,0.3064823,3442.96743994192,3442.96743994192,0,1,3490.38557065644,-0.0135853560458086,1,78,0,1190,0.168067226890756,29.0243902439024,quality-relocate
addition_instances,M1,10,6110,6820008,add,1,AdaptiveMemeticPSO,8,1000,997,77,440,30,0,0,0.3064823,3442.84350597712,3442.84350597712,0,1,3490.38557065644,-0.0136208632877122,1,78,0,1190,0.168067226890756,29.0243902439024,quality-relocate
addition_instances,M1,10,6110,6820008,add,1,AdaptiveMemeticPSO,8,1500,1477,77,680,30,0,0,0.3064823,3442.84350597712,3442.84350597712,0,1,3490.38557065644,-0.0136208632877122,1,78,0,1190,0.168067226890756,29.0243902439024,quality-relocate
addition_instances,M1,10,6110,6820008,add,1,AdaptiveMemeticPSO,8,2500,2500,77,1190,0,0,0,0.3064823,3442.84350597712,3442.84350597712,0,1,3490.38557065644,-0.0136208632877122,1,78,0,1190,0.168067226890756,29.0243902439024,quality-relocate
addition_instances,M1,10,6110,6820009,add,1,Repair,9,500,19,0,0,0,NaN,NaN,0.0015846,3490.38557065644,3490.38557065644,0,1,3490.38557065644,0,0,NaN,0,0,NaN,0,repair
addition_instances,M1,10,6110,6820009,add,1,Repair,9,1000,19,0,0,0,NaN,NaN,0.0015846,3490.38557065644,3490.38557065644,0,1,3490.38557065644,0,0,NaN,0,0,NaN,0,repair
addition_instances,M1,10,6110,6820009,add,1,Repair,9,1500,19,0,0,0,NaN,NaN,0.0015846,3490.38557065644,3490.38557065644,0,1,3490.38557065644,0,0,NaN,0,0,NaN,0,repair
addition_instances,M1,10,6110,6820009,add,1,Repair,9,2500,19,0,0,0,NaN,NaN,0.0015846,3490.38557065644,3490.38557065644,0,1,3490.38557065644,0,0,NaN,0,0,NaN,0,repair
addition_instances,M1,10,6110,6820009,add,1,WarmPSO,9,500,498,78,0,25,NaN,NaN,0.2633694,3490.38557065644,3490.38557065644,0,1,3490.38557065644,0,0,79,0,0,0,25,WarmPSO
addition_instances,M1,10,6110,6820009,add,1,WarmPSO,9,1000,978,78,0,25,NaN,NaN,0.2633694,3490.38557065644,3490.38557065644,0,1,3490.38557065644,0,0,79,0,0,0,25,WarmPSO
addition_instances,M1,10,6110,6820009,add,1,WarmPSO,9,1500,1488,78,0,25,NaN,NaN,0.2633694,3490.38557065644,3490.38557065644,0,1,3490.38557065644,0,0,79,0,0,0,25,WarmPSO
addition_instances,M1,10,6110,6820009,add,1,WarmPSO,9,2500,2478,78,0,25,NaN,NaN,0.2633694,3490.38557065644,3490.38557065644,0,1,3490.38557065644,0,0,79,0,0,0,25,WarmPSO
addition_instances,M1,10,6110,6820009,add,1,WarmPSO_FixedRelocate,9,500,493,78,175,25,NaN,NaN,0.3206987,3490.38557065644,3490.38557065644,0,1,3490.38557065644,0,0,79,0,1075,0.186046511627907,25,WarmPSO_FixedRelocate
addition_instances,M1,10,6110,6820009,add,1,WarmPSO_FixedRelocate,9,1000,988,78,400,25,NaN,NaN,0.3206987,3490.38557065644,3490.38557065644,0,1,3490.38557065644,0,0,79,0,1075,0.186046511627907,25,WarmPSO_FixedRelocate
addition_instances,M1,10,6110,6820009,add,1,WarmPSO_FixedRelocate,9,1500,1483,78,625,25,NaN,NaN,0.3206987,3490.38557065644,3490.38557065644,0,1,3490.38557065644,0,0,79,0,1075,0.186046511627907,25,WarmPSO_FixedRelocate
addition_instances,M1,10,6110,6820009,add,1,WarmPSO_FixedRelocate,9,2500,2473,78,1075,25,NaN,NaN,0.3206987,3442.84350597712,3442.84350597712,0,1,3490.38557065644,-0.0136208632877122,1,79,0,1075,0.186046511627907,25,WarmPSO_FixedRelocate
addition_instances,M1,10,6110,6820009,add,1,AdaptiveMemeticPSO,9,500,493,78,175,25,0,0,0.3226766,3490.38557065644,3490.38557065644,0,1,3490.38557065644,0,0,79,0,1162,0.172117039586919,28.3414634146341,quality-relocate
addition_instances,M1,10,6110,6820009,add,1,AdaptiveMemeticPSO,9,1000,988,78,400,25,0,0,0.3226766,3490.38557065644,3490.38557065644,0,1,3490.38557065644,0,0,79,0,1162,0.172117039586919,28.3414634146341,quality-relocate
addition_instances,M1,10,6110,6820009,add,1,AdaptiveMemeticPSO,9,1500,1483,78,625,25,0,0,0.3226766,3490.38557065644,3490.38557065644,0,1,3490.38557065644,0,0,79,0,1162,0.172117039586919,28.3414634146341,quality-relocate
addition_instances,M1,10,6110,6820009,add,1,AdaptiveMemeticPSO,9,2500,2500,78,1162,27,0,0,0.3226766,3442.84350597712,3442.84350597712,0,1,3490.38557065644,-0.0136208632877122,1,79,0,1162,0.172117039586919,28.3414634146341,quality-relocate
addition_instances,M1,10,6110,6820010,add,1,Repair,10,500,19,0,0,0,NaN,NaN,0.0025559,3490.38557065644,3490.38557065644,0,1,3490.38557065644,0,0,NaN,0,0,NaN,0,repair
addition_instances,M1,10,6110,6820010,add,1,Repair,10,1000,19,0,0,0,NaN,NaN,0.0025559,3490.38557065644,3490.38557065644,0,1,3490.38557065644,0,0,NaN,0,0,NaN,0,repair
addition_instances,M1,10,6110,6820010,add,1,Repair,10,1500,19,0,0,0,NaN,NaN,0.0025559,3490.38557065644,3490.38557065644,0,1,3490.38557065644,0,0,NaN,0,0,NaN,0,repair
addition_instances,M1,10,6110,6820010,add,1,Repair,10,2500,19,0,0,0,NaN,NaN,0.0025559,3490.38557065644,3490.38557065644,0,1,3490.38557065644,0,0,NaN,0,0,NaN,0,repair
addition_instances,M1,10,6110,6820010,add,1,WarmPSO,10,500,497,77,0,25,NaN,NaN,0.2722725,3490.38557065644,3490.38557065644,0,1,3490.38557065644,0,0,78,0,0,0,25,WarmPSO
addition_instances,M1,10,6110,6820010,add,1,WarmPSO,10,1000,977,77,0,25,NaN,NaN,0.2722725,3490.38557065644,3490.38557065644,0,1,3490.38557065644,0,0,78,0,0,0,25,WarmPSO
addition_instances,M1,10,6110,6820010,add,1,WarmPSO,10,1500,1487,77,0,25,NaN,NaN,0.2722725,3490.38557065644,3490.38557065644,0,1,3490.38557065644,0,0,78,0,0,0,25,WarmPSO
addition_instances,M1,10,6110,6820010,add,1,WarmPSO,10,2500,2477,77,0,25,NaN,NaN,0.2722725,3490.38557065644,3490.38557065644,0,1,3490.38557065644,0,0,78,0,0,0,25,WarmPSO
addition_instances,M1,10,6110,6820010,add,1,WarmPSO_FixedRelocate,10,500,492,77,175,25,NaN,NaN,0.3370258,3442.96743994192,3442.96743994192,0,1,3490.38557065644,-0.0135853560458086,1,78,0,1075,0.186046511627907,25,WarmPSO_FixedRelocate
addition_instances,M1,10,6110,6820010,add,1,WarmPSO_FixedRelocate,10,1000,987,77,400,25,NaN,NaN,0.3370258,3442.84350597712,3442.84350597712,0,1,3490.38557065644,-0.0136208632877122,1,78,0,1075,0.186046511627907,25,WarmPSO_FixedRelocate
addition_instances,M1,10,6110,6820010,add,1,WarmPSO_FixedRelocate,10,1500,1482,77,625,25,NaN,NaN,0.3370258,3442.84350597712,3442.84350597712,0,1,3490.38557065644,-0.0136208632877122,1,78,0,1075,0.186046511627907,25,WarmPSO_FixedRelocate
addition_instances,M1,10,6110,6820010,add,1,WarmPSO_FixedRelocate,10,2500,2472,77,1075,25,NaN,NaN,0.3370258,3442.84350597712,3442.84350597712,0,1,3490.38557065644,-0.0136208632877122,1,78,0,1075,0.186046511627907,25,WarmPSO_FixedRelocate
addition_instances,M1,10,6110,6820010,add,1,AdaptiveMemeticPSO,10,500,451,77,164,32,0,0,0.3169852,3442.96743994192,3442.96743994192,0,1,3490.38557065644,-0.0135853560458086,1,78,0,1220,0.163934426229508,30.5,quality-relocate
addition_instances,M1,10,6110,6820010,add,1,AdaptiveMemeticPSO,10,1000,947,77,420,32,0,0,0.3169852,3442.84350597712,3442.84350597712,0,1,3490.38557065644,-0.0136208632877122,1,78,0,1220,0.163934426229508,30.5,quality-relocate
addition_instances,M1,10,6110,6820010,add,1,AdaptiveMemeticPSO,10,1500,1443,77,676,32,0,0,0.3169852,3442.84350597712,3442.84350597712,0,1,3490.38557065644,-0.0136208632877122,1,78,0,1220,0.163934426229508,30.5,quality-relocate
addition_instances,M1,10,6110,6820010,add,1,AdaptiveMemeticPSO,10,2500,2500,77,1220,0,0,0,0.3169852,3442.84350597712,3442.84350597712,0,1,3490.38557065644,-0.0136208632877122,1,78,0,1220,0.163934426229508,30.5,quality-relocate
addition_stress_instances,Near,2,8102,8812001,add,2,Repair,1,500,38,0,0,0,NaN,NaN,0.0067209,4746.79702247549,4287.10953256981,4.59687489905673,0,5389.34801289283,NaN,0,NaN,0,0,NaN,0,repair
addition_stress_instances,Near,2,8102,8812001,add,2,Repair,1,1000,38,0,0,0,NaN,NaN,0.0067209,4746.79702247549,4287.10953256981,4.59687489905673,0,5389.34801289283,NaN,0,NaN,0,0,NaN,0,repair
addition_stress_instances,Near,2,8102,8812001,add,2,Repair,1,1500,38,0,0,0,NaN,NaN,0.0067209,4746.79702247549,4287.10953256981,4.59687489905673,0,5389.34801289283,NaN,0,NaN,0,0,NaN,0,repair
addition_stress_instances,Near,2,8102,8812001,add,2,Repair,1,2500,38,0,0,0,NaN,NaN,0.0067209,4746.79702247549,4287.10953256981,4.59687489905673,0,5389.34801289283,NaN,0,NaN,0,0,NaN,0,repair
addition_stress_instances,Near,2,8102,8812001,add,2,WarmPSO,1,500,500,200,0,25,NaN,NaN,0.2879444,4443.97965136658,4443.97965136658,0,1,5389.34801289283,-0.175414235500226,1,201,0,0,0,25,WarmPSO
addition_stress_instances,Near,2,8102,8812001,add,2,WarmPSO,1,1000,980,200,0,25,NaN,NaN,0.2879444,4443.97965136658,4443.97965136658,0,1,5389.34801289283,-0.175414235500226,1,201,0,0,0,25,WarmPSO
addition_stress_instances,Near,2,8102,8812001,add,2,WarmPSO,1,1500,1490,200,0,25,NaN,NaN,0.2879444,4443.97965136658,4443.97965136658,0,1,5389.34801289283,-0.175414235500226,1,201,0,0,0,25,WarmPSO
addition_stress_instances,Near,2,8102,8812001,add,2,WarmPSO,1,2500,2480,200,0,25,NaN,NaN,0.2879444,4443.97965136658,4443.97965136658,0,1,5389.34801289283,-0.175414235500226,1,201,0,0,0,25,WarmPSO
addition_stress_instances,Near,2,8102,8812001,add,2,WarmPSO_FixedRelocate,1,500,450,200,100,25,NaN,NaN,0.3416927,4374.4508671279,4374.4508671279,0,1,5389.34801289283,-0.188315384966237,1,201,0,1025,1.46341463414634,25,WarmPSO_FixedRelocate
addition_stress_instances,Near,2,8102,8812001,add,2,WarmPSO_FixedRelocate,1,1000,1000,200,350,25,NaN,NaN,0.3416927,4133.9933686018,4133.9933686018,0,1,5389.34801289283,-0.232932562767866,1,201,0,1025,1.46341463414634,25,WarmPSO_FixedRelocate
addition_stress_instances,Near,2,8102,8812001,add,2,WarmPSO_FixedRelocate,1,1500,1495,200,575,25,NaN,NaN,0.3416927,4124.95405835696,4124.95405835696,0,1,5389.34801289283,-0.234609817646048,1,201,0,1025,1.46341463414634,25,WarmPSO_FixedRelocate
addition_stress_instances,Near,2,8102,8812001,add,2,WarmPSO_FixedRelocate,1,2500,2485,200,1025,25,NaN,NaN,0.3416927,3823.9533291704,3823.9533291704,0,1,5389.34801289283,-0.290460864649596,1,201,0,1025,1.46341463414634,25,WarmPSO_FixedRelocate
addition_stress_instances,Near,2,8102,8812001,add,2,AdaptiveMemeticPSO,1,500,470,200,120,33,0,1.63493241068781,0.3276974,4374.4508671279,4374.4508671279,0,1,5389.34801289283,-0.188315384966237,1,201,0,1252,1.11821086261981,36.8235294117647,quality-relocate
addition_stress_instances,Near,2,8102,8812001,add,2,AdaptiveMemeticPSO,1,1000,938,200,378,38,0,1.09189742046405,0.3276974,4148.35304367605,4148.35304367605,0,1,5389.34801289283,-0.230268107802274,1,201,0,1252,1.11821086261981,36.8235294117647,quality-relocate
addition_stress_instances,Near,2,8102,8812001,add,2,AdaptiveMemeticPSO,1,1500,1492,200,692,40,0,0.225529968126079,0.3276974,4043.0858163899,4043.0858163899,0,1,5389.34801289283,-0.249800568321492,1,201,0,1252,1.11821086261981,36.8235294117647,quality-relocate
addition_stress_instances,Near,2,8102,8812001,add,2,AdaptiveMemeticPSO,1,2500,2500,200,1252,0,0,0,0.3276974,3843.83084839759,3843.83084839759,0,1,5389.34801289283,-0.286772567070809,1,201,0,1252,1.11821086261981,36.8235294117647,quality-relocate
addition_stress_instances,Near,2,8102,8812002,add,2,Repair,2,500,38,0,0,0,NaN,NaN,0.0039229,4746.79702247549,4287.10953256981,4.59687489905673,0,5389.34801289283,NaN,0,NaN,0,0,NaN,0,repair
addition_stress_instances,Near,2,8102,8812002,add,2,Repair,2,1000,38,0,0,0,NaN,NaN,0.0039229,4746.79702247549,4287.10953256981,4.59687489905673,0,5389.34801289283,NaN,0,NaN,0,0,NaN,0,repair
addition_stress_instances,Near,2,8102,8812002,add,2,Repair,2,1500,38,0,0,0,NaN,NaN,0.0039229,4746.79702247549,4287.10953256981,4.59687489905673,0,5389.34801289283,NaN,0,NaN,0,0,NaN,0,repair
addition_stress_instances,Near,2,8102,8812002,add,2,Repair,2,2500,38,0,0,0,NaN,NaN,0.0039229,4746.79702247549,4287.10953256981,4.59687489905673,0,5389.34801289283,NaN,0,NaN,0,0,NaN,0,repair
addition_stress_instances,Near,2,8102,8812002,add,2,WarmPSO,2,500,500,200,0,25,NaN,NaN,0.2952545,4443.97965136658,4443.97965136658,0,1,5389.34801289283,-0.175414235500226,1,201,0,0,0,25,WarmPSO
addition_stress_instances,Near,2,8102,8812002,add,2,WarmPSO,2,1000,980,200,0,25,NaN,NaN,0.2952545,4443.97965136658,4443.97965136658,0,1,5389.34801289283,-0.175414235500226,1,201,0,0,0,25,WarmPSO
addition_stress_instances,Near,2,8102,8812002,add,2,WarmPSO,2,1500,1490,200,0,25,NaN,NaN,0.2952545,4443.97965136658,4443.97965136658,0,1,5389.34801289283,-0.175414235500226,1,201,0,0,0,25,WarmPSO
addition_stress_instances,Near,2,8102,8812002,add,2,WarmPSO,2,2500,2480,200,0,25,NaN,NaN,0.2952545,4443.97965136658,4443.97965136658,0,1,5389.34801289283,-0.175414235500226,1,201,0,0,0,25,WarmPSO
addition_stress_instances,Near,2,8102,8812002,add,2,WarmPSO_FixedRelocate,2,500,450,200,100,25,NaN,NaN,0.3375011,4255.98053735363,4255.98053735363,0,1,5389.34801289283,-0.210297697017871,1,201,0,1025,0.585365853658537,25,WarmPSO_FixedRelocate
addition_stress_instances,Near,2,8102,8812002,add,2,WarmPSO_FixedRelocate,2,1000,1000,200,350,25,NaN,NaN,0.3375011,3862.54927844894,3862.54927844894,0,1,5389.34801289283,-0.283299339881441,1,201,0,1025,0.585365853658537,25,WarmPSO_FixedRelocate
addition_stress_instances,Near,2,8102,8812002,add,2,WarmPSO_FixedRelocate,2,1500,1495,200,575,25,NaN,NaN,0.3375011,3862.54927844894,3862.54927844894,0,1,5389.34801289283,-0.283299339881441,1,201,0,1025,0.585365853658537,25,WarmPSO_FixedRelocate
addition_stress_instances,Near,2,8102,8812002,add,2,WarmPSO_FixedRelocate,2,2500,2485,200,1025,25,NaN,NaN,0.3375011,3862.54927844894,3862.54927844894,0,1,5389.34801289283,-0.283299339881441,1,201,0,1025,0.585365853658537,25,WarmPSO_FixedRelocate
addition_stress_instances,Near,2,8102,8812002,add,2,AdaptiveMemeticPSO,2,500,450,200,100,31,0,0,0.3269216,4255.98053735363,4255.98053735363,0,1,5389.34801289283,-0.210297697017871,1,201,0,1220,0.491803278688525,34.8571428571429,quality-relocate
addition_stress_instances,Near,2,8102,8812002,add,2,AdaptiveMemeticPSO,2,1000,973,200,383,38,0,0,0.3269216,3862.54927844894,3862.54927844894,0,1,5389.34801289283,-0.283299339881441,1,201,0,1220,0.491803278688525,34.8571428571429,quality-relocate
addition_stress_instances,Near,2,8102,8812002,add,2,AdaptiveMemeticPSO,2,1500,1449,200,649,38,0,0,0.3269216,3862.54927844894,3862.54927844894,0,1,5389.34801289283,-0.283299339881441,1,201,0,1220,0.491803278688525,34.8571428571429,quality-relocate
addition_stress_instances,Near,2,8102,8812002,add,2,AdaptiveMemeticPSO,2,2500,2500,200,1220,1,0,0,0.3269216,3862.54927844894,3862.54927844894,0,1,5389.34801289283,-0.283299339881441,1,201,0,1220,0.491803278688525,34.8571428571429,quality-relocate
addition_stress_instances,Near,2,8102,8812003,add,2,Repair,3,500,38,0,0,0,NaN,NaN,0.0042978,4746.79702247549,4287.10953256981,4.59687489905673,0,5389.34801289283,NaN,0,NaN,0,0,NaN,0,repair
addition_stress_instances,Near,2,8102,8812003,add,2,Repair,3,1000,38,0,0,0,NaN,NaN,0.0042978,4746.79702247549,4287.10953256981,4.59687489905673,0,5389.34801289283,NaN,0,NaN,0,0,NaN,0,repair
addition_stress_instances,Near,2,8102,8812003,add,2,Repair,3,1500,38,0,0,0,NaN,NaN,0.0042978,4746.79702247549,4287.10953256981,4.59687489905673,0,5389.34801289283,NaN,0,NaN,0,0,NaN,0,repair
addition_stress_instances,Near,2,8102,8812003,add,2,Repair,3,2500,38,0,0,0,NaN,NaN,0.0042978,4746.79702247549,4287.10953256981,4.59687489905673,0,5389.34801289283,NaN,0,NaN,0,0,NaN,0,repair
addition_stress_instances,Near,2,8102,8812003,add,2,WarmPSO,3,500,500,200,0,25,NaN,NaN,0.2882995,4443.97965136658,4443.97965136658,0,1,5389.34801289283,-0.175414235500226,1,201,0,0,0,25,WarmPSO
addition_stress_instances,Near,2,8102,8812003,add,2,WarmPSO,3,1000,980,200,0,25,NaN,NaN,0.2882995,4443.97965136658,4443.97965136658,0,1,5389.34801289283,-0.175414235500226,1,201,0,0,0,25,WarmPSO
addition_stress_instances,Near,2,8102,8812003,add,2,WarmPSO,3,1500,1490,200,0,25,NaN,NaN,0.2882995,4443.97965136658,4443.97965136658,0,1,5389.34801289283,-0.175414235500226,1,201,0,0,0,25,WarmPSO
addition_stress_instances,Near,2,8102,8812003,add,2,WarmPSO,3,2500,2480,200,0,25,NaN,NaN,0.2882995,4443.97965136658,4443.97965136658,0,1,5389.34801289283,-0.175414235500226,1,201,0,0,0,25,WarmPSO
addition_stress_instances,Near,2,8102,8812003,add,2,WarmPSO_FixedRelocate,3,500,450,200,100,25,NaN,NaN,0.3301936,4339.64476155214,4339.64476155214,0,1,5389.34801289283,-0.194773699681207,1,201,0,1025,0.585365853658537,25,WarmPSO_FixedRelocate
addition_stress_instances,Near,2,8102,8812003,add,2,WarmPSO_FixedRelocate,3,1000,1000,200,350,25,NaN,NaN,0.3301936,4149.82386220032,4149.82386220032,0,1,5389.34801289283,-0.229995195657661,1,201,0,1025,0.585365853658537,25,WarmPSO_FixedRelocate
addition_stress_instances,Near,2,8102,8812003,add,2,WarmPSO_FixedRelocate,3,1500,1495,200,575,25,NaN,NaN,0.3301936,3918.66981019836,3918.66981019836,0,1,5389.34801289283,-0.272886107777082,1,201,0,1025,0.585365853658537,25,WarmPSO_FixedRelocate
addition_stress_instances,Near,2,8102,8812003,add,2,WarmPSO_FixedRelocate,3,2500,2485,200,1025,25,NaN,NaN,0.3301936,3918.66981019836,3918.66981019836,0,1,5389.34801289283,-0.272886107777082,1,201,0,1025,0.585365853658537,25,WarmPSO_FixedRelocate
addition_stress_instances,Near,2,8102,8812003,add,2,AdaptiveMemeticPSO,3,500,466,200,116,33,0,0,0.3321672,4339.64476155214,4339.64476155214,0,1,5389.34801289283,-0.194773699681207,1,201,0,1250,0.48,36.7647058823529,quality-relocate
addition_stress_instances,Near,2,8102,8812003,add,2,AdaptiveMemeticPSO,3,1000,993,200,403,38,0,0,0.3321672,4199.15281848193,4199.15281848193,0,1,5389.34801289283,-0.220842148542574,1,201,0,1250,0.48,36.7647058823529,quality-relocate
addition_stress_instances,Near,2,8102,8812003,add,2,AdaptiveMemeticPSO,3,1500,1476,200,676,40,0,0,0.3321672,4049.91939716234,4049.91939716234,0,1,5389.34801289283,-0.24853258919747,1,201,0,1250,0.48,36.7647058823529,quality-relocate
addition_stress_instances,Near,2,8102,8812003,add,2,AdaptiveMemeticPSO,3,2500,2500,200,1250,14,0,0,0.3321672,3918.66981019836,3918.66981019836,0,1,5389.34801289283,-0.272886107777082,1,201,0,1250,0.48,36.7647058823529,quality-relocate
addition_stress_instances,Near,2,8102,8812004,add,2,Repair,4,500,38,0,0,0,NaN,NaN,0.0056515,4746.79702247549,4287.10953256981,4.59687489905673,0,5389.34801289283,NaN,0,NaN,0,0,NaN,0,repair
addition_stress_instances,Near,2,8102,8812004,add,2,Repair,4,1000,38,0,0,0,NaN,NaN,0.0056515,4746.79702247549,4287.10953256981,4.59687489905673,0,5389.34801289283,NaN,0,NaN,0,0,NaN,0,repair
addition_stress_instances,Near,2,8102,8812004,add,2,Repair,4,1500,38,0,0,0,NaN,NaN,0.0056515,4746.79702247549,4287.10953256981,4.59687489905673,0,5389.34801289283,NaN,0,NaN,0,0,NaN,0,repair
addition_stress_instances,Near,2,8102,8812004,add,2,Repair,4,2500,38,0,0,0,NaN,NaN,0.0056515,4746.79702247549,4287.10953256981,4.59687489905673,0,5389.34801289283,NaN,0,NaN,0,0,NaN,0,repair
addition_stress_instances,Near,2,8102,8812004,add,2,WarmPSO,4,500,500,200,0,25,NaN,NaN,0.2946672,4443.97965136658,4443.97965136658,0,1,5389.34801289283,-0.175414235500226,1,201,0,0,0,25,WarmPSO
addition_stress_instances,Near,2,8102,8812004,add,2,WarmPSO,4,1000,980,200,0,25,NaN,NaN,0.2946672,4443.97965136658,4443.97965136658,0,1,5389.34801289283,-0.175414235500226,1,201,0,0,0,25,WarmPSO
addition_stress_instances,Near,2,8102,8812004,add,2,WarmPSO,4,1500,1490,200,0,25,NaN,NaN,0.2946672,4443.97965136658,4443.97965136658,0,1,5389.34801289283,-0.175414235500226,1,201,0,0,0,25,WarmPSO
addition_stress_instances,Near,2,8102,8812004,add,2,WarmPSO,4,2500,2480,200,0,25,NaN,NaN,0.2946672,4443.97965136658,4443.97965136658,0,1,5389.34801289283,-0.175414235500226,1,201,0,0,0,25,WarmPSO
addition_stress_instances,Near,2,8102,8812004,add,2,WarmPSO_FixedRelocate,4,500,450,200,100,25,NaN,NaN,0.3425833,4443.97965136658,4443.97965136658,0,1,5389.34801289283,-0.175414235500226,1,201,0,1025,0.48780487804878,25,WarmPSO_FixedRelocate
addition_stress_instances,Near,2,8102,8812004,add,2,WarmPSO_FixedRelocate,4,1000,1000,200,350,25,NaN,NaN,0.3425833,4070.54148578385,4070.54148578385,0,1,5389.34801289283,-0.244706135872842,1,201,0,1025,0.48780487804878,25,WarmPSO_FixedRelocate
addition_stress_instances,Near,2,8102,8812004,add,2,WarmPSO_FixedRelocate,4,1500,1495,200,575,25,NaN,NaN,0.3425833,3986.87726158534,3986.87726158534,0,1,5389.34801289283,-0.260230133209506,1,201,0,1025,0.48780487804878,25,WarmPSO_FixedRelocate
addition_stress_instances,Near,2,8102,8812004,add,2,WarmPSO_FixedRelocate,4,2500,2485,200,1025,25,NaN,NaN,0.3425833,3941.10904208253,3941.10904208253,0,1,5389.34801289283,-0.268722481336464,1,201,0,1025,0.48780487804878,25,WarmPSO_FixedRelocate
addition_stress_instances,Near,2,8102,8812004,add,2,AdaptiveMemeticPSO,4,500,465,200,85,17,0,0,0.3486916,4443.97965136658,4443.97965136658,0,1,5389.34801289283,-0.175414235500226,1,201,0,1220,0.409836065573771,34.8571428571429,quality-relocate
addition_stress_instances,Near,2,8102,8812004,add,2,AdaptiveMemeticPSO,4,1000,987,200,367,38,0,0,0.3486916,4070.54148578385,4070.54148578385,0,1,5389.34801289283,-0.244706135872842,1,201,0,1220,0.409836065573771,34.8571428571429,quality-relocate
addition_stress_instances,Near,2,8102,8812004,add,2,AdaptiveMemeticPSO,4,1500,1463,200,633,38,0,0,0.3486916,4070.54148578385,4070.54148578385,0,1,5389.34801289283,-0.244706135872842,1,201,0,1220,0.409836065573771,34.8571428571429,quality-relocate
addition_stress_instances,Near,2,8102,8812004,add,2,AdaptiveMemeticPSO,4,2500,2500,200,1220,33,0,0,0.3486916,3939.45913087082,3939.45913087082,0,1,5389.34801289283,-0.269028624344442,1,201,0,1220,0.409836065573771,34.8571428571429,quality-relocate
addition_stress_instances,Near,2,8102,8812005,add,2,Repair,5,500,38,0,0,0,NaN,NaN,0.0072147,4746.79702247549,4287.10953256981,4.59687489905673,0,5389.34801289283,NaN,0,NaN,0,0,NaN,0,repair
addition_stress_instances,Near,2,8102,8812005,add,2,Repair,5,1000,38,0,0,0,NaN,NaN,0.0072147,4746.79702247549,4287.10953256981,4.59687489905673,0,5389.34801289283,NaN,0,NaN,0,0,NaN,0,repair
addition_stress_instances,Near,2,8102,8812005,add,2,Repair,5,1500,38,0,0,0,NaN,NaN,0.0072147,4746.79702247549,4287.10953256981,4.59687489905673,0,5389.34801289283,NaN,0,NaN,0,0,NaN,0,repair
addition_stress_instances,Near,2,8102,8812005,add,2,Repair,5,2500,38,0,0,0,NaN,NaN,0.0072147,4746.79702247549,4287.10953256981,4.59687489905673,0,5389.34801289283,NaN,0,NaN,0,0,NaN,0,repair
addition_stress_instances,Near,2,8102,8812005,add,2,WarmPSO,5,500,500,200,0,25,NaN,NaN,0.289282,4443.97965136658,4443.97965136658,0,1,5389.34801289283,-0.175414235500226,1,201,0,0,0,25,WarmPSO
addition_stress_instances,Near,2,8102,8812005,add,2,WarmPSO,5,1000,980,200,0,25,NaN,NaN,0.289282,4443.97965136658,4443.97965136658,0,1,5389.34801289283,-0.175414235500226,1,201,0,0,0,25,WarmPSO
addition_stress_instances,Near,2,8102,8812005,add,2,WarmPSO,5,1500,1490,200,0,25,NaN,NaN,0.289282,4443.97965136658,4443.97965136658,0,1,5389.34801289283,-0.175414235500226,1,201,0,0,0,25,WarmPSO
addition_stress_instances,Near,2,8102,8812005,add,2,WarmPSO,5,2500,2480,200,0,25,NaN,NaN,0.289282,4443.97965136658,4443.97965136658,0,1,5389.34801289283,-0.175414235500226,1,201,0,0,0,25,WarmPSO
addition_stress_instances,Near,2,8102,8812005,add,2,WarmPSO_FixedRelocate,5,500,450,200,100,25,NaN,NaN,0.3433166,4431.84049191782,4431.84049191782,0,1,5389.34801289283,-0.177666671123183,1,201,0,1025,0.585365853658537,25,WarmPSO_FixedRelocate
addition_stress_instances,Near,2,8102,8812005,add,2,WarmPSO_FixedRelocate,5,1000,1000,200,350,25,NaN,NaN,0.3433166,4130.96052459165,4130.96052459165,0,1,5389.34801289283,-0.233495310618421,1,201,0,1025,0.585365853658537,25,WarmPSO_FixedRelocate
addition_stress_instances,Near,2,8102,8812005,add,2,WarmPSO_FixedRelocate,5,1500,1495,200,575,25,NaN,NaN,0.3433166,3954.00294774704,3954.00294774704,0,1,5389.34801289283,-0.266330001646218,1,201,0,1025,0.585365853658537,25,WarmPSO_FixedRelocate
addition_stress_instances,Near,2,8102,8812005,add,2,WarmPSO_FixedRelocate,5,2500,2485,200,1025,25,NaN,NaN,0.3433166,3954.00294774704,3954.00294774704,0,1,5389.34801289283,-0.266330001646218,1,201,0,1025,0.585365853658537,25,WarmPSO_FixedRelocate
addition_stress_instances,Near,2,8102,8812005,add,2,AdaptiveMemeticPSO,5,500,450,200,100,25,0,0.485566377950017,0.3365449,4431.84049191782,4431.84049191782,0,1,5389.34801289283,-0.177666671123183,1,201,0,1250,0.48,36.7647058823529,quality-relocate
addition_stress_instances,Near,2,8102,8812005,add,2,AdaptiveMemeticPSO,5,1000,977,200,387,37,0,0,0.3365449,4230.86498962964,4230.86498962964,0,1,5389.34801289283,-0.214957917078612,1,201,0,1250,0.48,36.7647058823529,quality-relocate
addition_stress_instances,Near,2,8102,8812005,add,2,AdaptiveMemeticPSO,5,1500,1462,200,662,40,0,0,0.3365449,3954.00294774704,3954.00294774704,0,1,5389.34801289283,-0.266330001646218,1,201,0,1250,0.48,36.7647058823529,quality-relocate
addition_stress_instances,Near,2,8102,8812005,add,2,AdaptiveMemeticPSO,5,2500,2500,200,1250,28,0,0,0.3365449,3954.00294774704,3954.00294774704,0,1,5389.34801289283,-0.266330001646218,1,201,0,1250,0.48,36.7647058823529,quality-relocate
addition_stress_instances,Near,2,8102,8812006,add,2,Repair,6,500,38,0,0,0,NaN,NaN,0.0037336,4746.79702247549,4287.10953256981,4.59687489905673,0,5389.34801289283,NaN,0,NaN,0,0,NaN,0,repair
addition_stress_instances,Near,2,8102,8812006,add,2,Repair,6,1000,38,0,0,0,NaN,NaN,0.0037336,4746.79702247549,4287.10953256981,4.59687489905673,0,5389.34801289283,NaN,0,NaN,0,0,NaN,0,repair
addition_stress_instances,Near,2,8102,8812006,add,2,Repair,6,1500,38,0,0,0,NaN,NaN,0.0037336,4746.79702247549,4287.10953256981,4.59687489905673,0,5389.34801289283,NaN,0,NaN,0,0,NaN,0,repair
addition_stress_instances,Near,2,8102,8812006,add,2,Repair,6,2500,38,0,0,0,NaN,NaN,0.0037336,4746.79702247549,4287.10953256981,4.59687489905673,0,5389.34801289283,NaN,0,NaN,0,0,NaN,0,repair
addition_stress_instances,Near,2,8102,8812006,add,2,WarmPSO,6,500,500,200,0,25,NaN,NaN,0.3071651,4443.97965136658,4443.97965136658,0,1,5389.34801289283,-0.175414235500226,1,201,0,0,0,25,WarmPSO
addition_stress_instances,Near,2,8102,8812006,add,2,WarmPSO,6,1000,980,200,0,25,NaN,NaN,0.3071651,4443.97965136658,4443.97965136658,0,1,5389.34801289283,-0.175414235500226,1,201,0,0,0,25,WarmPSO
addition_stress_instances,Near,2,8102,8812006,add,2,WarmPSO,6,1500,1490,200,0,25,NaN,NaN,0.3071651,4443.97965136658,4443.97965136658,0,1,5389.34801289283,-0.175414235500226,1,201,0,0,0,25,WarmPSO
addition_stress_instances,Near,2,8102,8812006,add,2,WarmPSO,6,2500,2480,200,0,25,NaN,NaN,0.3071651,4443.97965136658,4443.97965136658,0,1,5389.34801289283,-0.175414235500226,1,201,0,0,0,25,WarmPSO
addition_stress_instances,Near,2,8102,8812006,add,2,WarmPSO_FixedRelocate,6,500,450,200,100,25,NaN,NaN,0.3281537,4193.7547643096,4193.7547643096,0,1,5389.34801289283,-0.221843763980919,1,201,0,1025,0.585365853658537,25,WarmPSO_FixedRelocate
addition_stress_instances,Near,2,8102,8812006,add,2,WarmPSO_FixedRelocate,6,1000,1000,200,350,25,NaN,NaN,0.3281537,3941.10904208253,3941.10904208253,0,1,5389.34801289283,-0.268722481336464,1,201,0,1025,0.585365853658537,25,WarmPSO_FixedRelocate
addition_stress_instances,Near,2,8102,8812006,add,2,WarmPSO_FixedRelocate,6,1500,1495,200,575,25,NaN,NaN,0.3281537,3941.10904208253,3941.10904208253,0,1,5389.34801289283,-0.268722481336464,1,201,0,1025,0.585365853658537,25,WarmPSO_FixedRelocate
addition_stress_instances,Near,2,8102,8812006,add,2,WarmPSO_FixedRelocate,6,2500,2485,200,1025,25,NaN,NaN,0.3281537,3941.10904208253,3941.10904208253,0,1,5389.34801289283,-0.268722481336464,1,201,0,1025,0.585365853658537,25,WarmPSO_FixedRelocate
addition_stress_instances,Near,2,8102,8812006,add,2,AdaptiveMemeticPSO,6,500,496,200,116,32,0,1.59766030446298,0.3316867,4222.52569693931,4222.52569693931,0,1,5389.34801289283,-0.216505282858364,1,201,0,1231,0.649878147847279,35.1714285714286,quality-relocate
addition_stress_instances,Near,2,8102,8812006,add,2,AdaptiveMemeticPSO,6,1000,954,200,364,37,0,0,0.3316867,4041.28465804311,4041.28465804311,0,1,5389.34801289283,-0.250134775417134,1,201,0,1231,0.649878147847279,35.1714285714286,quality-relocate
addition_stress_instances,Near,2,8102,8812006,add,2,AdaptiveMemeticPSO,6,1500,1431,200,631,40,0,0,0.3316867,3870.17149149758,3870.17149149758,0,1,5389.34801289283,-0.281885029090895,1,201,0,1231,0.649878147847279,35.1714285714286,quality-relocate
addition_stress_instances,Near,2,8102,8812006,add,2,AdaptiveMemeticPSO,6,2500,2500,200,1231,0,0,0,0.3316867,3870.17149149758,3870.17149149758,0,1,5389.34801289283,-0.281885029090895,1,201,0,1231,0.649878147847279,35.1714285714286,quality-relocate
addition_stress_instances,Near,2,8102,8812007,add,2,Repair,7,500,38,0,0,0,NaN,NaN,0.0048057,4746.79702247549,4287.10953256981,4.59687489905673,0,5389.34801289283,NaN,0,NaN,0,0,NaN,0,repair
addition_stress_instances,Near,2,8102,8812007,add,2,Repair,7,1000,38,0,0,0,NaN,NaN,0.0048057,4746.79702247549,4287.10953256981,4.59687489905673,0,5389.34801289283,NaN,0,NaN,0,0,NaN,0,repair
addition_stress_instances,Near,2,8102,8812007,add,2,Repair,7,1500,38,0,0,0,NaN,NaN,0.0048057,4746.79702247549,4287.10953256981,4.59687489905673,0,5389.34801289283,NaN,0,NaN,0,0,NaN,0,repair
addition_stress_instances,Near,2,8102,8812007,add,2,Repair,7,2500,38,0,0,0,NaN,NaN,0.0048057,4746.79702247549,4287.10953256981,4.59687489905673,0,5389.34801289283,NaN,0,NaN,0,0,NaN,0,repair
addition_stress_instances,Near,2,8102,8812007,add,2,WarmPSO,7,500,500,200,0,25,NaN,NaN,0.2894729,4443.97965136658,4443.97965136658,0,1,5389.34801289283,-0.175414235500226,1,201,0,0,0,25,WarmPSO
addition_stress_instances,Near,2,8102,8812007,add,2,WarmPSO,7,1000,980,200,0,25,NaN,NaN,0.2894729,4443.97965136658,4443.97965136658,0,1,5389.34801289283,-0.175414235500226,1,201,0,0,0,25,WarmPSO
addition_stress_instances,Near,2,8102,8812007,add,2,WarmPSO,7,1500,1490,200,0,25,NaN,NaN,0.2894729,4443.97965136658,4443.97965136658,0,1,5389.34801289283,-0.175414235500226,1,201,0,0,0,25,WarmPSO
addition_stress_instances,Near,2,8102,8812007,add,2,WarmPSO,7,2500,2480,200,0,25,NaN,NaN,0.2894729,4443.97965136658,4443.97965136658,0,1,5389.34801289283,-0.175414235500226,1,201,0,0,0,25,WarmPSO
addition_stress_instances,Near,2,8102,8812007,add,2,WarmPSO_FixedRelocate,7,500,450,200,100,25,NaN,NaN,0.3290738,4255.98053735363,4255.98053735363,0,1,5389.34801289283,-0.210297697017871,1,201,0,1025,0.878048780487805,25,WarmPSO_FixedRelocate
addition_stress_instances,Near,2,8102,8812007,add,2,WarmPSO_FixedRelocate,7,1000,1000,200,350,25,NaN,NaN,0.3290738,3903.60203826301,3903.60203826301,0,1,5389.34801289283,-0.275681950966147,1,201,0,1025,0.878048780487805,25,WarmPSO_FixedRelocate
addition_stress_instances,Near,2,8102,8812007,add,2,WarmPSO_FixedRelocate,7,1500,1495,200,575,25,NaN,NaN,0.3290738,3633.32448340277,3633.32448340277,0,1,5389.34801289283,-0.325832276054388,1,201,0,1025,0.878048780487805,25,WarmPSO_FixedRelocate
addition_stress_instances,Near,2,8102,8812007,add,2,WarmPSO_FixedRelocate,7,2500,2485,200,1025,25,NaN,NaN,0.3290738,3545.9602043529,3545.9602043529,0,1,5389.34801289283,-0.34204282301496,1,201,0,1025,0.878048780487805,25,WarmPSO_FixedRelocate
addition_stress_instances,Near,2,8102,8812007,add,2,AdaptiveMemeticPSO,7,500,472,200,122,35,0,0,0.3427949,4255.98053735363,4255.98053735363,0,1,5389.34801289283,-0.210297697017871,1,201,0,1250,0.8,36.7647058823529,quality-relocate
addition_stress_instances,Near,2,8102,8812007,add,2,AdaptiveMemeticPSO,7,1000,1000,200,410,39,0,1.21584950550054,0.3427949,3945.58321714883,3945.58321714883,0,1,5389.34801289283,-0.267892292776438,1,201,0,1250,0.8,36.7647058823529,quality-relocate
addition_stress_instances,Near,2,8102,8812007,add,2,AdaptiveMemeticPSO,7,1500,1489,200,689,40,0,0,0.3427949,3639.53761411463,3639.53761411463,0,1,5389.34801289283,-0.324679422184681,1,201,0,1250,0.8,36.7647058823529,quality-relocate
addition_stress_instances,Near,2,8102,8812007,add,2,AdaptiveMemeticPSO,7,2500,2500,200,1250,1,0,0,0.3427949,3545.9602043529,3545.9602043529,0,1,5389.34801289283,-0.34204282301496,1,201,0,1250,0.8,36.7647058823529,quality-relocate
addition_stress_instances,Near,2,8102,8812008,add,2,Repair,8,500,38,0,0,0,NaN,NaN,0.0041825,4746.79702247549,4287.10953256981,4.59687489905673,0,5389.34801289283,NaN,0,NaN,0,0,NaN,0,repair
addition_stress_instances,Near,2,8102,8812008,add,2,Repair,8,1000,38,0,0,0,NaN,NaN,0.0041825,4746.79702247549,4287.10953256981,4.59687489905673,0,5389.34801289283,NaN,0,NaN,0,0,NaN,0,repair
addition_stress_instances,Near,2,8102,8812008,add,2,Repair,8,1500,38,0,0,0,NaN,NaN,0.0041825,4746.79702247549,4287.10953256981,4.59687489905673,0,5389.34801289283,NaN,0,NaN,0,0,NaN,0,repair
addition_stress_instances,Near,2,8102,8812008,add,2,Repair,8,2500,38,0,0,0,NaN,NaN,0.0041825,4746.79702247549,4287.10953256981,4.59687489905673,0,5389.34801289283,NaN,0,NaN,0,0,NaN,0,repair
addition_stress_instances,Near,2,8102,8812008,add,2,WarmPSO,8,500,500,200,0,25,NaN,NaN,0.2912787,4443.97965136658,4443.97965136658,0,1,5389.34801289283,-0.175414235500226,1,201,0,0,0,25,WarmPSO
addition_stress_instances,Near,2,8102,8812008,add,2,WarmPSO,8,1000,980,200,0,25,NaN,NaN,0.2912787,4443.97965136658,4443.97965136658,0,1,5389.34801289283,-0.175414235500226,1,201,0,0,0,25,WarmPSO
addition_stress_instances,Near,2,8102,8812008,add,2,WarmPSO,8,1500,1490,200,0,25,NaN,NaN,0.2912787,4443.97965136658,4443.97965136658,0,1,5389.34801289283,-0.175414235500226,1,201,0,0,0,25,WarmPSO
addition_stress_instances,Near,2,8102,8812008,add,2,WarmPSO,8,2500,2480,200,0,25,NaN,NaN,0.2912787,4443.97965136658,4443.97965136658,0,1,5389.34801289283,-0.175414235500226,1,201,0,0,0,25,WarmPSO
addition_stress_instances,Near,2,8102,8812008,add,2,WarmPSO_FixedRelocate,8,500,450,200,100,25,NaN,NaN,0.3305112,4339.64476155214,4339.64476155214,0,1,5389.34801289283,-0.194773699681207,1,201,0,1025,0.780487804878049,25,WarmPSO_FixedRelocate
addition_stress_instances,Near,2,8102,8812008,add,2,WarmPSO_FixedRelocate,8,1000,1000,200,350,25,NaN,NaN,0.3305112,4072.35862904651,4072.35862904651,0,1,5389.34801289283,-0.244368962756852,1,201,0,1025,0.780487804878049,25,WarmPSO_FixedRelocate
addition_stress_instances,Near,2,8102,8812008,add,2,WarmPSO_FixedRelocate,8,1500,1495,200,575,25,NaN,NaN,0.3305112,4071.85419138198,4071.85419138198,0,1,5389.34801289283,-0.244462561771673,1,201,0,1025,0.780487804878049,25,WarmPSO_FixedRelocate
addition_stress_instances,Near,2,8102,8812008,add,2,WarmPSO_FixedRelocate,8,2500,2485,200,1025,25,NaN,NaN,0.3305112,3941.10904208253,3941.10904208253,0,1,5389.34801289283,-0.268722481336464,1,201,0,1025,0.780487804878049,25,WarmPSO_FixedRelocate
addition_stress_instances,Near,2,8102,8812008,add,2,AdaptiveMemeticPSO,8,500,469,200,119,35,0,0,0.3239397,4360.31542716807,4360.31542716807,0,1,5389.34801289283,-0.19093823283689,1,201,0,1250,0.48,36.7647058823529,quality-relocate
addition_stress_instances,Near,2,8102,8812008,add,2,AdaptiveMemeticPSO,8,1000,940,200,380,39,0,0,0.3239397,3941.10904208253,3941.10904208253,0,1,5389.34801289283,-0.268722481336464,1,201,0,1250,0.48,36.7647058823529,quality-relocate
addition_stress_instances,Near,2,8102,8812008,add,2,AdaptiveMemeticPSO,8,1500,1492,200,692,39,0,0,0.3239397,3941.10904208253,3941.10904208253,0,1,5389.34801289283,-0.268722481336464,1,201,0,1250,0.48,36.7647058823529,quality-relocate
addition_stress_instances,Near,2,8102,8812008,add,2,AdaptiveMemeticPSO,8,2500,2500,200,1250,12,0,0,0.3239397,3941.10904208253,3941.10904208253,0,1,5389.34801289283,-0.268722481336464,1,201,0,1250,0.48,36.7647058823529,quality-relocate
addition_stress_instances,Near,2,8102,8812009,add,2,Repair,9,500,38,0,0,0,NaN,NaN,0.0038369,4746.79702247549,4287.10953256981,4.59687489905673,0,5389.34801289283,NaN,0,NaN,0,0,NaN,0,repair
addition_stress_instances,Near,2,8102,8812009,add,2,Repair,9,1000,38,0,0,0,NaN,NaN,0.0038369,4746.79702247549,4287.10953256981,4.59687489905673,0,5389.34801289283,NaN,0,NaN,0,0,NaN,0,repair
addition_stress_instances,Near,2,8102,8812009,add,2,Repair,9,1500,38,0,0,0,NaN,NaN,0.0038369,4746.79702247549,4287.10953256981,4.59687489905673,0,5389.34801289283,NaN,0,NaN,0,0,NaN,0,repair
addition_stress_instances,Near,2,8102,8812009,add,2,Repair,9,2500,38,0,0,0,NaN,NaN,0.0038369,4746.79702247549,4287.10953256981,4.59687489905673,0,5389.34801289283,NaN,0,NaN,0,0,NaN,0,repair
addition_stress_instances,Near,2,8102,8812009,add,2,WarmPSO,9,500,500,200,0,25,NaN,NaN,0.2911568,4443.97965136658,4443.97965136658,0,1,5389.34801289283,-0.175414235500226,1,201,0,0,0,25,WarmPSO
addition_stress_instances,Near,2,8102,8812009,add,2,WarmPSO,9,1000,980,200,0,25,NaN,NaN,0.2911568,4443.97965136658,4443.97965136658,0,1,5389.34801289283,-0.175414235500226,1,201,0,0,0,25,WarmPSO
addition_stress_instances,Near,2,8102,8812009,add,2,WarmPSO,9,1500,1490,200,0,25,NaN,NaN,0.2911568,4443.97965136658,4443.97965136658,0,1,5389.34801289283,-0.175414235500226,1,201,0,0,0,25,WarmPSO
addition_stress_instances,Near,2,8102,8812009,add,2,WarmPSO,9,2500,2480,200,0,25,NaN,NaN,0.2911568,4443.97965136658,4443.97965136658,0,1,5389.34801289283,-0.175414235500226,1,201,0,0,0,25,WarmPSO
addition_stress_instances,Near,2,8102,8812009,add,2,WarmPSO_FixedRelocate,9,500,450,200,100,25,NaN,NaN,0.3206138,4443.97965136658,4443.97965136658,0,1,5389.34801289283,-0.175414235500226,1,201,0,1025,0.682926829268293,25,WarmPSO_FixedRelocate
addition_stress_instances,Near,2,8102,8812009,add,2,WarmPSO_FixedRelocate,9,1000,1000,200,350,25,NaN,NaN,0.3206138,4443.97965136658,4443.97965136658,0,1,5389.34801289283,-0.175414235500226,1,201,0,1025,0.682926829268293,25,WarmPSO_FixedRelocate
addition_stress_instances,Near,2,8102,8812009,add,2,WarmPSO_FixedRelocate,9,1500,1495,200,575,25,NaN,NaN,0.3206138,4376.13050543892,4376.13050543892,0,1,5389.34801289283,-0.188003726059258,1,201,0,1025,0.682926829268293,25,WarmPSO_FixedRelocate
addition_stress_instances,Near,2,8102,8812009,add,2,WarmPSO_FixedRelocate,9,2500,2485,200,1025,25,NaN,NaN,0.3206138,3996.69992842528,3996.69992842528,0,1,5389.34801289283,-0.258407525573771,1,201,0,1025,0.682926829268293,25,WarmPSO_FixedRelocate
addition_stress_instances,Near,2,8102,8812009,add,2,AdaptiveMemeticPSO,9,500,450,200,100,25,0,0,0.3295067,4443.97965136658,4443.97965136658,0,1,5389.34801289283,-0.175414235500226,1,201,0,1160,0.862068965517241,31.3513513513514,quality-relocate
addition_stress_instances,Near,2,8102,8812009,add,2,AdaptiveMemeticPSO,9,1000,1000,200,350,25,0,0,0.3295067,4443.97965136658,4443.97965136658,0,1,5389.34801289283,-0.175414235500226,1,201,0,1160,0.862068965517241,31.3513513513514,quality-relocate
addition_stress_instances,Near,2,8102,8812009,add,2,AdaptiveMemeticPSO,9,1500,1469,200,579,40,0,0,0.3295067,4315.8843473452,4315.8843473452,0,1,5389.34801289283,-0.199182473089436,1,201,0,1160,0.862068965517241,31.3513513513514,quality-relocate
addition_stress_instances,Near,2,8102,8812009,add,2,AdaptiveMemeticPSO,9,2500,2500,200,1160,21,0,0,0.3295067,3862.54927844894,3862.54927844894,0,1,5389.34801289283,-0.283299339881441,1,201,0,1160,0.862068965517241,31.3513513513514,quality-relocate
addition_stress_instances,Near,2,8102,8812010,add,2,Repair,10,500,38,0,0,0,NaN,NaN,0.0038916,4746.79702247549,4287.10953256981,4.59687489905673,0,5389.34801289283,NaN,0,NaN,0,0,NaN,0,repair
addition_stress_instances,Near,2,8102,8812010,add,2,Repair,10,1000,38,0,0,0,NaN,NaN,0.0038916,4746.79702247549,4287.10953256981,4.59687489905673,0,5389.34801289283,NaN,0,NaN,0,0,NaN,0,repair
addition_stress_instances,Near,2,8102,8812010,add,2,Repair,10,1500,38,0,0,0,NaN,NaN,0.0038916,4746.79702247549,4287.10953256981,4.59687489905673,0,5389.34801289283,NaN,0,NaN,0,0,NaN,0,repair
addition_stress_instances,Near,2,8102,8812010,add,2,Repair,10,2500,38,0,0,0,NaN,NaN,0.0038916,4746.79702247549,4287.10953256981,4.59687489905673,0,5389.34801289283,NaN,0,NaN,0,0,NaN,0,repair
addition_stress_instances,Near,2,8102,8812010,add,2,WarmPSO,10,500,500,200,0,25,NaN,NaN,0.2804235,4443.97965136658,4443.97965136658,0,1,5389.34801289283,-0.175414235500226,1,201,0,0,0,25,WarmPSO
addition_stress_instances,Near,2,8102,8812010,add,2,WarmPSO,10,1000,980,200,0,25,NaN,NaN,0.2804235,4443.97965136658,4443.97965136658,0,1,5389.34801289283,-0.175414235500226,1,201,0,0,0,25,WarmPSO
addition_stress_instances,Near,2,8102,8812010,add,2,WarmPSO,10,1500,1490,200,0,25,NaN,NaN,0.2804235,4443.97965136658,4443.97965136658,0,1,5389.34801289283,-0.175414235500226,1,201,0,0,0,25,WarmPSO
addition_stress_instances,Near,2,8102,8812010,add,2,WarmPSO,10,2500,2480,200,0,25,NaN,NaN,0.2804235,4443.97965136658,4443.97965136658,0,1,5389.34801289283,-0.175414235500226,1,201,0,0,0,25,WarmPSO
addition_stress_instances,Near,2,8102,8812010,add,2,WarmPSO_FixedRelocate,10,500,450,200,100,25,NaN,NaN,0.3337201,4201.33862551609,4201.33862551609,0,1,5389.34801289283,-0.220436569420772,1,201,0,1025,0.682926829268293,25,WarmPSO_FixedRelocate
addition_stress_instances,Near,2,8102,8812010,add,2,WarmPSO_FixedRelocate,10,1000,1000,200,350,25,NaN,NaN,0.3337201,3941.10904208253,3941.10904208253,0,1,5389.34801289283,-0.268722481336464,1,201,0,1025,0.682926829268293,25,WarmPSO_FixedRelocate
addition_stress_instances,Near,2,8102,8812010,add,2,WarmPSO_FixedRelocate,10,1500,1495,200,575,25,NaN,NaN,0.3337201,3941.10904208253,3941.10904208253,0,1,5389.34801289283,-0.268722481336464,1,201,0,1025,0.682926829268293,25,WarmPSO_FixedRelocate
addition_stress_instances,Near,2,8102,8812010,add,2,WarmPSO_FixedRelocate,10,2500,2485,200,1025,25,NaN,NaN,0.3337201,3941.10904208253,3941.10904208253,0,1,5389.34801289283,-0.268722481336464,1,201,0,1025,0.682926829268293,25,WarmPSO_FixedRelocate
addition_stress_instances,Near,2,8102,8812010,add,2,AdaptiveMemeticPSO,10,500,467,200,117,35,0,2.43838378783119,0.3171329,4170.63710477954,4170.63710477954,0,1,5389.34801289283,-0.226133273486476,1,201,0,1250,0.56,36.7647058823529,quality-relocate
addition_stress_instances,Near,2,8102,8812010,add,2,AdaptiveMemeticPSO,10,1000,940,200,380,38,0,0,0.3171329,3967.99876647996,3967.99876647996,0,1,5389.34801289283,-0.263733060661995,1,201,0,1250,0.56,36.7647058823529,quality-relocate
addition_stress_instances,Near,2,8102,8812010,add,2,AdaptiveMemeticPSO,10,1500,1490,200,690,39,0,0,0.3171329,3918.66981019836,3918.66981019836,0,1,5389.34801289283,-0.272886107777082,1,201,0,1250,0.56,36.7647058823529,quality-relocate
addition_stress_instances,Near,2,8102,8812010,add,2,AdaptiveMemeticPSO,10,2500,2500,200,1250,14,0,0,0.3171329,3918.66981019836,3918.66981019836,0,1,5389.34801289283,-0.272886107777082,1,201,0,1250,0.56,36.7647058823529,quality-relocate
addition_stress_instances,Near,4,8104,8814001,add,2,Repair,1,500,38,0,0,0,NaN,NaN,0.0040564,3748.57443156662,3748.57443156662,0,1,4876.55252165822,-0.231306457806393,0,NaN,0,0,NaN,0,repair
addition_stress_instances,Near,4,8104,8814001,add,2,Repair,1,1000,38,0,0,0,NaN,NaN,0.0040564,3748.57443156662,3748.57443156662,0,1,4876.55252165822,-0.231306457806393,0,NaN,0,0,NaN,0,repair
addition_stress_instances,Near,4,8104,8814001,add,2,Repair,1,1500,38,0,0,0,NaN,NaN,0.0040564,3748.57443156662,3748.57443156662,0,1,4876.55252165822,-0.231306457806393,0,NaN,0,0,NaN,0,repair
addition_stress_instances,Near,4,8104,8814001,add,2,Repair,1,2500,38,0,0,0,NaN,NaN,0.0040564,3748.57443156662,3748.57443156662,0,1,4876.55252165822,-0.231306457806393,0,NaN,0,0,NaN,0,repair
addition_stress_instances,Near,4,8104,8814001,add,2,WarmPSO,1,500,500,200,0,25,NaN,NaN,0.2908225,3728.2273394107,3728.2273394107,0,1,4876.55252165822,-0.235478891521718,1,202,0,0,0,25,WarmPSO
addition_stress_instances,Near,4,8104,8814001,add,2,WarmPSO,1,1000,980,200,0,25,NaN,NaN,0.2908225,3728.2273394107,3728.2273394107,0,1,4876.55252165822,-0.235478891521718,1,202,0,0,0,25,WarmPSO
addition_stress_instances,Near,4,8104,8814001,add,2,WarmPSO,1,1500,1490,200,0,25,NaN,NaN,0.2908225,3728.2273394107,3728.2273394107,0,1,4876.55252165822,-0.235478891521718,1,202,0,0,0,25,WarmPSO
addition_stress_instances,Near,4,8104,8814001,add,2,WarmPSO,1,2500,2480,200,0,25,NaN,NaN,0.2908225,3728.2273394107,3728.2273394107,0,1,4876.55252165822,-0.235478891521718,1,202,0,0,0,25,WarmPSO
addition_stress_instances,Near,4,8104,8814001,add,2,WarmPSO_FixedRelocate,1,500,450,200,100,25,NaN,NaN,0.3405323,3728.10340544591,3728.10340544591,0,1,4876.55252165822,-0.235504305779894,1,202,0,1025,0.195121951219512,25,WarmPSO_FixedRelocate
addition_stress_instances,Near,4,8104,8814001,add,2,WarmPSO_FixedRelocate,1,1000,1000,200,350,25,NaN,NaN,0.3405323,3680.68527473139,3680.68527473139,0,1,4876.55252165822,-0.245228005156436,1,202,0,1025,0.195121951219512,25,WarmPSO_FixedRelocate
addition_stress_instances,Near,4,8104,8814001,add,2,WarmPSO_FixedRelocate,1,1500,1495,200,575,25,NaN,NaN,0.3405323,3680.68527473139,3680.68527473139,0,1,4876.55252165822,-0.245228005156436,1,202,0,1025,0.195121951219512,25,WarmPSO_FixedRelocate
addition_stress_instances,Near,4,8104,8814001,add,2,WarmPSO_FixedRelocate,1,2500,2485,200,1025,25,NaN,NaN,0.3405323,3680.68527473139,3680.68527473139,0,1,4876.55252165822,-0.245228005156436,1,202,0,1025,0.195121951219512,25,WarmPSO_FixedRelocate
addition_stress_instances,Near,4,8104,8814001,add,2,AdaptiveMemeticPSO,1,500,461,200,81,16,0,0,0.3501645,3728.2273394107,3728.2273394107,0,1,4876.55252165822,-0.235478891521718,1,202,0,945,0.211640211640212,21,quality-relocate
addition_stress_instances,Near,4,8104,8814001,add,2,AdaptiveMemeticPSO,1,1000,967,200,257,16,0,0,0.3501645,3728.10340544591,3728.10340544591,0,1,4876.55252165822,-0.235504305779894,1,202,0,945,0.211640211640212,21,quality-relocate
addition_stress_instances,Near,4,8104,8814001,add,2,AdaptiveMemeticPSO,1,1500,1473,200,433,16,0,0,0.3501645,3728.10340544591,3728.10340544591,0,1,4876.55252165822,-0.235504305779894,1,202,0,945,0.211640211640212,21,quality-relocate
addition_stress_instances,Near,4,8104,8814001,add,2,AdaptiveMemeticPSO,1,2500,2500,200,945,0,0,0,0.3501645,3680.68527473139,3680.68527473139,0,1,4876.55252165822,-0.245228005156436,1,202,0,945,0.211640211640212,21,quality-relocate
addition_stress_instances,Near,4,8104,8814002,add,2,Repair,2,500,38,0,0,0,NaN,NaN,0.0034426,3748.57443156662,3748.57443156662,0,1,4876.55252165822,-0.231306457806393,0,NaN,0,0,NaN,0,repair
addition_stress_instances,Near,4,8104,8814002,add,2,Repair,2,1000,38,0,0,0,NaN,NaN,0.0034426,3748.57443156662,3748.57443156662,0,1,4876.55252165822,-0.231306457806393,0,NaN,0,0,NaN,0,repair
addition_stress_instances,Near,4,8104,8814002,add,2,Repair,2,1500,38,0,0,0,NaN,NaN,0.0034426,3748.57443156662,3748.57443156662,0,1,4876.55252165822,-0.231306457806393,0,NaN,0,0,NaN,0,repair
addition_stress_instances,Near,4,8104,8814002,add,2,Repair,2,2500,38,0,0,0,NaN,NaN,0.0034426,3748.57443156662,3748.57443156662,0,1,4876.55252165822,-0.231306457806393,0,NaN,0,0,NaN,0,repair
addition_stress_instances,Near,4,8104,8814002,add,2,WarmPSO,2,500,500,200,0,25,NaN,NaN,0.3029006,3728.2273394107,3728.2273394107,0,1,4876.55252165822,-0.235478891521718,1,201,0,0,0,25,WarmPSO
addition_stress_instances,Near,4,8104,8814002,add,2,WarmPSO,2,1000,980,200,0,25,NaN,NaN,0.3029006,3728.2273394107,3728.2273394107,0,1,4876.55252165822,-0.235478891521718,1,201,0,0,0,25,WarmPSO
addition_stress_instances,Near,4,8104,8814002,add,2,WarmPSO,2,1500,1490,200,0,25,NaN,NaN,0.3029006,3728.2273394107,3728.2273394107,0,1,4876.55252165822,-0.235478891521718,1,201,0,0,0,25,WarmPSO
addition_stress_instances,Near,4,8104,8814002,add,2,WarmPSO,2,2500,2480,200,0,25,NaN,NaN,0.3029006,3728.2273394107,3728.2273394107,0,1,4876.55252165822,-0.235478891521718,1,201,0,0,0,25,WarmPSO
addition_stress_instances,Near,4,8104,8814002,add,2,WarmPSO_FixedRelocate,2,500,450,200,100,25,NaN,NaN,0.335998,3728.2273394107,3728.2273394107,0,1,4876.55252165822,-0.235478891521718,1,201,0,1025,0,25,WarmPSO_FixedRelocate
addition_stress_instances,Near,4,8104,8814002,add,2,WarmPSO_FixedRelocate,2,1000,1000,200,350,25,NaN,NaN,0.335998,3728.2273394107,3728.2273394107,0,1,4876.55252165822,-0.235478891521718,1,201,0,1025,0,25,WarmPSO_FixedRelocate
addition_stress_instances,Near,4,8104,8814002,add,2,WarmPSO_FixedRelocate,2,1500,1495,200,575,25,NaN,NaN,0.335998,3728.2273394107,3728.2273394107,0,1,4876.55252165822,-0.235478891521718,1,201,0,1025,0,25,WarmPSO_FixedRelocate
addition_stress_instances,Near,4,8104,8814002,add,2,WarmPSO_FixedRelocate,2,2500,2485,200,1025,25,NaN,NaN,0.335998,3728.2273394107,3728.2273394107,0,1,4876.55252165822,-0.235478891521718,1,201,0,1025,0,25,WarmPSO_FixedRelocate
addition_stress_instances,Near,4,8104,8814002,add,2,AdaptiveMemeticPSO,2,500,450,200,100,25,0,0,0.3452468,3728.2273394107,3728.2273394107,0,1,4876.55252165822,-0.235478891521718,1,201,0,1025,0,24.4047619047619,quality-relocate
addition_stress_instances,Near,4,8104,8814002,add,2,AdaptiveMemeticPSO,2,1000,1000,200,350,25,0,0,0.3452468,3728.2273394107,3728.2273394107,0,1,4876.55252165822,-0.235478891521718,1,201,0,1025,0,24.4047619047619,quality-relocate
addition_stress_instances,Near,4,8104,8814002,add,2,AdaptiveMemeticPSO,2,1500,1495,200,575,25,0,0,0.3452468,3728.2273394107,3728.2273394107,0,1,4876.55252165822,-0.235478891521718,1,201,0,1025,0,24.4047619047619,quality-relocate
addition_stress_instances,Near,4,8104,8814002,add,2,AdaptiveMemeticPSO,2,2500,2500,200,1025,0,0,0,0.3452468,3728.2273394107,3728.2273394107,0,1,4876.55252165822,-0.235478891521718,1,201,0,1025,0,24.4047619047619,quality-relocate
addition_stress_instances,Near,4,8104,8814003,add,2,Repair,3,500,38,0,0,0,NaN,NaN,0.0035572,3748.57443156662,3748.57443156662,0,1,4876.55252165822,-0.231306457806393,0,NaN,0,0,NaN,0,repair
addition_stress_instances,Near,4,8104,8814003,add,2,Repair,3,1000,38,0,0,0,NaN,NaN,0.0035572,3748.57443156662,3748.57443156662,0,1,4876.55252165822,-0.231306457806393,0,NaN,0,0,NaN,0,repair
addition_stress_instances,Near,4,8104,8814003,add,2,Repair,3,1500,38,0,0,0,NaN,NaN,0.0035572,3748.57443156662,3748.57443156662,0,1,4876.55252165822,-0.231306457806393,0,NaN,0,0,NaN,0,repair
addition_stress_instances,Near,4,8104,8814003,add,2,Repair,3,2500,38,0,0,0,NaN,NaN,0.0035572,3748.57443156662,3748.57443156662,0,1,4876.55252165822,-0.231306457806393,0,NaN,0,0,NaN,0,repair
addition_stress_instances,Near,4,8104,8814003,add,2,WarmPSO,3,500,500,200,0,25,NaN,NaN,0.2839376,3728.2273394107,3728.2273394107,0,1,4876.55252165822,-0.235478891521718,1,201,0,0,0,25,WarmPSO
addition_stress_instances,Near,4,8104,8814003,add,2,WarmPSO,3,1000,980,200,0,25,NaN,NaN,0.2839376,3728.2273394107,3728.2273394107,0,1,4876.55252165822,-0.235478891521718,1,201,0,0,0,25,WarmPSO
addition_stress_instances,Near,4,8104,8814003,add,2,WarmPSO,3,1500,1490,200,0,25,NaN,NaN,0.2839376,3728.2273394107,3728.2273394107,0,1,4876.55252165822,-0.235478891521718,1,201,0,0,0,25,WarmPSO
addition_stress_instances,Near,4,8104,8814003,add,2,WarmPSO,3,2500,2480,200,0,25,NaN,NaN,0.2839376,3728.2273394107,3728.2273394107,0,1,4876.55252165822,-0.235478891521718,1,201,0,0,0,25,WarmPSO
addition_stress_instances,Near,4,8104,8814003,add,2,WarmPSO_FixedRelocate,3,500,450,200,100,25,NaN,NaN,0.3292486,3728.10340544591,3728.10340544591,0,1,4876.55252165822,-0.235504305779894,1,201,0,1025,0.195121951219512,25,WarmPSO_FixedRelocate
addition_stress_instances,Near,4,8104,8814003,add,2,WarmPSO_FixedRelocate,3,1000,1000,200,350,25,NaN,NaN,0.3292486,3680.68527473139,3680.68527473139,0,1,4876.55252165822,-0.245228005156436,1,201,0,1025,0.195121951219512,25,WarmPSO_FixedRelocate
addition_stress_instances,Near,4,8104,8814003,add,2,WarmPSO_FixedRelocate,3,1500,1495,200,575,25,NaN,NaN,0.3292486,3680.68527473139,3680.68527473139,0,1,4876.55252165822,-0.245228005156436,1,201,0,1025,0.195121951219512,25,WarmPSO_FixedRelocate
addition_stress_instances,Near,4,8104,8814003,add,2,WarmPSO_FixedRelocate,3,2500,2485,200,1025,25,NaN,NaN,0.3292486,3680.68527473139,3680.68527473139,0,1,4876.55252165822,-0.245228005156436,1,201,0,1025,0.195121951219512,25,WarmPSO_FixedRelocate
addition_stress_instances,Near,4,8104,8814003,add,2,AdaptiveMemeticPSO,3,500,450,200,100,25,0,0,0.3326907,3728.10340544591,3728.10340544591,0,1,4876.55252165822,-0.235504305779894,1,201,0,1190,0.168067226890756,33.0555555555556,quality-relocate
addition_stress_instances,Near,4,8104,8814003,add,2,AdaptiveMemeticPSO,3,1000,940,200,350,35,0,0,0.3326907,3680.68527473139,3680.68527473139,0,1,4876.55252165822,-0.245228005156436,1,201,0,1190,0.168067226890756,33.0555555555556,quality-relocate
addition_stress_instances,Near,4,8104,8814003,add,2,AdaptiveMemeticPSO,3,1500,1460,200,630,35,0,0,0.3326907,3680.68527473139,3680.68527473139,0,1,4876.55252165822,-0.245228005156436,1,201,0,1190,0.168067226890756,33.0555555555556,quality-relocate
addition_stress_instances,Near,4,8104,8814003,add,2,AdaptiveMemeticPSO,3,2500,2500,200,1190,35,0,0,0.3326907,3680.68527473139,3680.68527473139,0,1,4876.55252165822,-0.245228005156436,1,201,0,1190,0.168067226890756,33.0555555555556,quality-relocate
addition_stress_instances,Near,4,8104,8814004,add,2,Repair,4,500,38,0,0,0,NaN,NaN,0.0034454,3748.57443156662,3748.57443156662,0,1,4876.55252165822,-0.231306457806393,0,NaN,0,0,NaN,0,repair
addition_stress_instances,Near,4,8104,8814004,add,2,Repair,4,1000,38,0,0,0,NaN,NaN,0.0034454,3748.57443156662,3748.57443156662,0,1,4876.55252165822,-0.231306457806393,0,NaN,0,0,NaN,0,repair
addition_stress_instances,Near,4,8104,8814004,add,2,Repair,4,1500,38,0,0,0,NaN,NaN,0.0034454,3748.57443156662,3748.57443156662,0,1,4876.55252165822,-0.231306457806393,0,NaN,0,0,NaN,0,repair
addition_stress_instances,Near,4,8104,8814004,add,2,Repair,4,2500,38,0,0,0,NaN,NaN,0.0034454,3748.57443156662,3748.57443156662,0,1,4876.55252165822,-0.231306457806393,0,NaN,0,0,NaN,0,repair
addition_stress_instances,Near,4,8104,8814004,add,2,WarmPSO,4,500,500,200,0,25,NaN,NaN,0.2747811,3728.2273394107,3728.2273394107,0,1,4876.55252165822,-0.235478891521718,1,201,0,0,0,25,WarmPSO
addition_stress_instances,Near,4,8104,8814004,add,2,WarmPSO,4,1000,980,200,0,25,NaN,NaN,0.2747811,3728.2273394107,3728.2273394107,0,1,4876.55252165822,-0.235478891521718,1,201,0,0,0,25,WarmPSO
addition_stress_instances,Near,4,8104,8814004,add,2,WarmPSO,4,1500,1490,200,0,25,NaN,NaN,0.2747811,3728.2273394107,3728.2273394107,0,1,4876.55252165822,-0.235478891521718,1,201,0,0,0,25,WarmPSO
addition_stress_instances,Near,4,8104,8814004,add,2,WarmPSO,4,2500,2480,200,0,25,NaN,NaN,0.2747811,3728.2273394107,3728.2273394107,0,1,4876.55252165822,-0.235478891521718,1,201,0,0,0,25,WarmPSO
addition_stress_instances,Near,4,8104,8814004,add,2,WarmPSO_FixedRelocate,4,500,450,200,100,25,NaN,NaN,0.326867,3728.2273394107,3728.2273394107,0,1,4876.55252165822,-0.235478891521718,1,201,0,1025,0.195121951219512,25,WarmPSO_FixedRelocate
addition_stress_instances,Near,4,8104,8814004,add,2,WarmPSO_FixedRelocate,4,1000,1000,200,350,25,NaN,NaN,0.326867,3728.2273394107,3728.2273394107,0,1,4876.55252165822,-0.235478891521718,1,201,0,1025,0.195121951219512,25,WarmPSO_FixedRelocate
addition_stress_instances,Near,4,8104,8814004,add,2,WarmPSO_FixedRelocate,4,1500,1495,200,575,25,NaN,NaN,0.326867,3728.10340544591,3728.10340544591,0,1,4876.55252165822,-0.235504305779894,1,201,0,1025,0.195121951219512,25,WarmPSO_FixedRelocate
addition_stress_instances,Near,4,8104,8814004,add,2,WarmPSO_FixedRelocate,4,2500,2485,200,1025,25,NaN,NaN,0.326867,3680.68527473139,3680.68527473139,0,1,4876.55252165822,-0.245228005156436,1,201,0,1025,0.195121951219512,25,WarmPSO_FixedRelocate
addition_stress_instances,Near,4,8104,8814004,add,2,AdaptiveMemeticPSO,4,500,450,200,100,25,0,0,0.3599474,3728.2273394107,3728.2273394107,0,1,4876.55252165822,-0.235478891521718,1,201,0,1160,0.172413793103448,31.3513513513514,quality-relocate
addition_stress_instances,Near,4,8104,8814004,add,2,AdaptiveMemeticPSO,4,1000,1000,200,350,25,0,0,0.3599474,3728.2273394107,3728.2273394107,0,1,4876.55252165822,-0.235478891521718,1,201,0,1160,0.172413793103448,31.3513513513514,quality-relocate
addition_stress_instances,Near,4,8104,8814004,add,2,AdaptiveMemeticPSO,4,1500,1489,200,599,40,0,0,0.3599474,3680.68527473139,3680.68527473139,0,1,4876.55252165822,-0.245228005156436,1,201,0,1160,0.172413793103448,31.3513513513514,quality-relocate
addition_stress_instances,Near,4,8104,8814004,add,2,AdaptiveMemeticPSO,4,2500,2500,200,1160,1,0,0,0.3599474,3680.68527473139,3680.68527473139,0,1,4876.55252165822,-0.245228005156436,1,201,0,1160,0.172413793103448,31.3513513513514,quality-relocate
addition_stress_instances,Near,4,8104,8814005,add,2,Repair,5,500,38,0,0,0,NaN,NaN,0.0032515,3748.57443156662,3748.57443156662,0,1,4876.55252165822,-0.231306457806393,0,NaN,0,0,NaN,0,repair
addition_stress_instances,Near,4,8104,8814005,add,2,Repair,5,1000,38,0,0,0,NaN,NaN,0.0032515,3748.57443156662,3748.57443156662,0,1,4876.55252165822,-0.231306457806393,0,NaN,0,0,NaN,0,repair
addition_stress_instances,Near,4,8104,8814005,add,2,Repair,5,1500,38,0,0,0,NaN,NaN,0.0032515,3748.57443156662,3748.57443156662,0,1,4876.55252165822,-0.231306457806393,0,NaN,0,0,NaN,0,repair
addition_stress_instances,Near,4,8104,8814005,add,2,Repair,5,2500,38,0,0,0,NaN,NaN,0.0032515,3748.57443156662,3748.57443156662,0,1,4876.55252165822,-0.231306457806393,0,NaN,0,0,NaN,0,repair
addition_stress_instances,Near,4,8104,8814005,add,2,WarmPSO,5,500,500,200,0,25,NaN,NaN,0.2933663,3728.2273394107,3728.2273394107,0,1,4876.55252165822,-0.235478891521718,1,201,0,0,0,25,WarmPSO
addition_stress_instances,Near,4,8104,8814005,add,2,WarmPSO,5,1000,980,200,0,25,NaN,NaN,0.2933663,3728.2273394107,3728.2273394107,0,1,4876.55252165822,-0.235478891521718,1,201,0,0,0,25,WarmPSO
addition_stress_instances,Near,4,8104,8814005,add,2,WarmPSO,5,1500,1490,200,0,25,NaN,NaN,0.2933663,3728.2273394107,3728.2273394107,0,1,4876.55252165822,-0.235478891521718,1,201,0,0,0,25,WarmPSO
addition_stress_instances,Near,4,8104,8814005,add,2,WarmPSO,5,2500,2480,200,0,25,NaN,NaN,0.2933663,3728.2273394107,3728.2273394107,0,1,4876.55252165822,-0.235478891521718,1,201,0,0,0,25,WarmPSO
addition_stress_instances,Near,4,8104,8814005,add,2,WarmPSO_FixedRelocate,5,500,450,200,100,25,NaN,NaN,0.3286795,3728.2273394107,3728.2273394107,0,1,4876.55252165822,-0.235478891521718,1,201,0,1025,0.195121951219512,25,WarmPSO_FixedRelocate
addition_stress_instances,Near,4,8104,8814005,add,2,WarmPSO_FixedRelocate,5,1000,1000,200,350,25,NaN,NaN,0.3286795,3728.10340544591,3728.10340544591,0,1,4876.55252165822,-0.235504305779894,1,201,0,1025,0.195121951219512,25,WarmPSO_FixedRelocate
addition_stress_instances,Near,4,8104,8814005,add,2,WarmPSO_FixedRelocate,5,1500,1495,200,575,25,NaN,NaN,0.3286795,3728.10340544591,3728.10340544591,0,1,4876.55252165822,-0.235504305779894,1,201,0,1025,0.195121951219512,25,WarmPSO_FixedRelocate
addition_stress_instances,Near,4,8104,8814005,add,2,WarmPSO_FixedRelocate,5,2500,2485,200,1025,25,NaN,NaN,0.3286795,3680.68527473139,3680.68527473139,0,1,4876.55252165822,-0.245228005156436,1,201,0,1025,0.195121951219512,25,WarmPSO_FixedRelocate
addition_stress_instances,Near,4,8104,8814005,add,2,AdaptiveMemeticPSO,5,500,450,200,100,25,0,0,0.3687693,3728.2273394107,3728.2273394107,0,1,4876.55252165822,-0.235478891521718,1,201,0,1095,0.182648401826484,27.375,quality-relocate
addition_stress_instances,Near,4,8104,8814005,add,2,AdaptiveMemeticPSO,5,1000,1000,200,350,25,0,0,0.3687693,3728.10340544591,3728.10340544591,0,1,4876.55252165822,-0.235504305779894,1,201,0,1095,0.182648401826484,27.375,quality-relocate
addition_stress_instances,Near,4,8104,8814005,add,2,AdaptiveMemeticPSO,5,1500,1495,200,575,25,0,0,0.3687693,3728.10340544591,3728.10340544591,0,1,4876.55252165822,-0.235504305779894,1,201,0,1095,0.182648401826484,27.375,quality-relocate
addition_stress_instances,Near,4,8104,8814005,add,2,AdaptiveMemeticPSO,5,2500,2500,200,1095,0,0,0,0.3687693,3680.68527473139,3680.68527473139,0,1,4876.55252165822,-0.245228005156436,1,201,0,1095,0.182648401826484,27.375,quality-relocate
addition_stress_instances,Near,4,8104,8814006,add,2,Repair,6,500,38,0,0,0,NaN,NaN,0.0036578,3748.57443156662,3748.57443156662,0,1,4876.55252165822,-0.231306457806393,0,NaN,0,0,NaN,0,repair
addition_stress_instances,Near,4,8104,8814006,add,2,Repair,6,1000,38,0,0,0,NaN,NaN,0.0036578,3748.57443156662,3748.57443156662,0,1,4876.55252165822,-0.231306457806393,0,NaN,0,0,NaN,0,repair
addition_stress_instances,Near,4,8104,8814006,add,2,Repair,6,1500,38,0,0,0,NaN,NaN,0.0036578,3748.57443156662,3748.57443156662,0,1,4876.55252165822,-0.231306457806393,0,NaN,0,0,NaN,0,repair
addition_stress_instances,Near,4,8104,8814006,add,2,Repair,6,2500,38,0,0,0,NaN,NaN,0.0036578,3748.57443156662,3748.57443156662,0,1,4876.55252165822,-0.231306457806393,0,NaN,0,0,NaN,0,repair
addition_stress_instances,Near,4,8104,8814006,add,2,WarmPSO,6,500,500,200,0,25,NaN,NaN,0.2817738,3728.2273394107,3728.2273394107,0,1,4876.55252165822,-0.235478891521718,1,201,0,0,0,25,WarmPSO
addition_stress_instances,Near,4,8104,8814006,add,2,WarmPSO,6,1000,980,200,0,25,NaN,NaN,0.2817738,3728.2273394107,3728.2273394107,0,1,4876.55252165822,-0.235478891521718,1,201,0,0,0,25,WarmPSO
addition_stress_instances,Near,4,8104,8814006,add,2,WarmPSO,6,1500,1490,200,0,25,NaN,NaN,0.2817738,3728.2273394107,3728.2273394107,0,1,4876.55252165822,-0.235478891521718,1,201,0,0,0,25,WarmPSO
addition_stress_instances,Near,4,8104,8814006,add,2,WarmPSO,6,2500,2480,200,0,25,NaN,NaN,0.2817738,3728.2273394107,3728.2273394107,0,1,4876.55252165822,-0.235478891521718,1,201,0,0,0,25,WarmPSO
addition_stress_instances,Near,4,8104,8814006,add,2,WarmPSO_FixedRelocate,6,500,450,200,100,25,NaN,NaN,0.3308634,3728.2273394107,3728.2273394107,0,1,4876.55252165822,-0.235478891521718,1,201,0,1025,0.195121951219512,25,WarmPSO_FixedRelocate
addition_stress_instances,Near,4,8104,8814006,add,2,WarmPSO_FixedRelocate,6,1000,1000,200,350,25,NaN,NaN,0.3308634,3728.2273394107,3728.2273394107,0,1,4876.55252165822,-0.235478891521718,1,201,0,1025,0.195121951219512,25,WarmPSO_FixedRelocate
addition_stress_instances,Near,4,8104,8814006,add,2,WarmPSO_FixedRelocate,6,1500,1495,200,575,25,NaN,NaN,0.3308634,3728.2273394107,3728.2273394107,0,1,4876.55252165822,-0.235478891521718,1,201,0,1025,0.195121951219512,25,WarmPSO_FixedRelocate
addition_stress_instances,Near,4,8104,8814006,add,2,WarmPSO_FixedRelocate,6,2500,2485,200,1025,25,NaN,NaN,0.3308634,3680.68527473139,3680.68527473139,0,1,4876.55252165822,-0.245228005156436,1,201,0,1025,0.195121951219512,25,WarmPSO_FixedRelocate
addition_stress_instances,Near,4,8104,8814006,add,2,AdaptiveMemeticPSO,6,500,450,200,100,25,0,0,0.3523103,3728.2273394107,3728.2273394107,0,1,4876.55252165822,-0.235478891521718,1,201,0,1070,0.186915887850467,26.75,quality-relocate
addition_stress_instances,Near,4,8104,8814006,add,2,AdaptiveMemeticPSO,6,1000,1000,200,350,25,0,0,0.3523103,3728.2273394107,3728.2273394107,0,1,4876.55252165822,-0.235478891521718,1,201,0,1070,0.186915887850467,26.75,quality-relocate
addition_stress_instances,Near,4,8104,8814006,add,2,AdaptiveMemeticPSO,6,1500,1495,200,575,25,0,0,0.3523103,3728.2273394107,3728.2273394107,0,1,4876.55252165822,-0.235478891521718,1,201,0,1070,0.186915887850467,26.75,quality-relocate
addition_stress_instances,Near,4,8104,8814006,add,2,AdaptiveMemeticPSO,6,2500,2500,200,1070,22,0,0,0.3523103,3680.68527473139,3680.68527473139,0,1,4876.55252165822,-0.245228005156436,1,201,0,1070,0.186915887850467,26.75,quality-relocate
addition_stress_instances,Near,4,8104,8814007,add,2,Repair,7,500,38,0,0,0,NaN,NaN,0.0033468,3748.57443156662,3748.57443156662,0,1,4876.55252165822,-0.231306457806393,0,NaN,0,0,NaN,0,repair
addition_stress_instances,Near,4,8104,8814007,add,2,Repair,7,1000,38,0,0,0,NaN,NaN,0.0033468,3748.57443156662,3748.57443156662,0,1,4876.55252165822,-0.231306457806393,0,NaN,0,0,NaN,0,repair
addition_stress_instances,Near,4,8104,8814007,add,2,Repair,7,1500,38,0,0,0,NaN,NaN,0.0033468,3748.57443156662,3748.57443156662,0,1,4876.55252165822,-0.231306457806393,0,NaN,0,0,NaN,0,repair
addition_stress_instances,Near,4,8104,8814007,add,2,Repair,7,2500,38,0,0,0,NaN,NaN,0.0033468,3748.57443156662,3748.57443156662,0,1,4876.55252165822,-0.231306457806393,0,NaN,0,0,NaN,0,repair
addition_stress_instances,Near,4,8104,8814007,add,2,WarmPSO,7,500,500,200,0,25,NaN,NaN,0.2860843,3728.2273394107,3728.2273394107,0,1,4876.55252165822,-0.235478891521718,1,201,0,0,0,25,WarmPSO
addition_stress_instances,Near,4,8104,8814007,add,2,WarmPSO,7,1000,980,200,0,25,NaN,NaN,0.2860843,3728.2273394107,3728.2273394107,0,1,4876.55252165822,-0.235478891521718,1,201,0,0,0,25,WarmPSO
addition_stress_instances,Near,4,8104,8814007,add,2,WarmPSO,7,1500,1490,200,0,25,NaN,NaN,0.2860843,3728.2273394107,3728.2273394107,0,1,4876.55252165822,-0.235478891521718,1,201,0,0,0,25,WarmPSO
addition_stress_instances,Near,4,8104,8814007,add,2,WarmPSO,7,2500,2480,200,0,25,NaN,NaN,0.2860843,3728.2273394107,3728.2273394107,0,1,4876.55252165822,-0.235478891521718,1,201,0,0,0,25,WarmPSO
addition_stress_instances,Near,4,8104,8814007,add,2,WarmPSO_FixedRelocate,7,500,450,200,100,25,NaN,NaN,0.325048,3746.05599865188,3746.05599865188,0,1,4876.55252165822,-0.231822894962264,1,201,0,1025,0.0975609756097561,25,WarmPSO_FixedRelocate
addition_stress_instances,Near,4,8104,8814007,add,2,WarmPSO_FixedRelocate,7,1000,1000,200,350,25,NaN,NaN,0.325048,3728.2273394107,3728.2273394107,0,1,4876.55252165822,-0.235478891521718,1,201,0,1025,0.0975609756097561,25,WarmPSO_FixedRelocate
addition_stress_instances,Near,4,8104,8814007,add,2,WarmPSO_FixedRelocate,7,1500,1495,200,575,25,NaN,NaN,0.325048,3728.2273394107,3728.2273394107,0,1,4876.55252165822,-0.235478891521718,1,201,0,1025,0.0975609756097561,25,WarmPSO_FixedRelocate
addition_stress_instances,Near,4,8104,8814007,add,2,WarmPSO_FixedRelocate,7,2500,2485,200,1025,25,NaN,NaN,0.325048,3728.2273394107,3728.2273394107,0,1,4876.55252165822,-0.235478891521718,1,201,0,1025,0.0975609756097561,25,WarmPSO_FixedRelocate
addition_stress_instances,Near,4,8104,8814007,add,2,AdaptiveMemeticPSO,7,500,469,200,89,18,0,0,0.3802312,3746.05599865188,3746.05599865188,0,1,4876.55252165822,-0.231822894962264,1,201,0,740,0.135135135135135,14.5098039215686,quality-relocate
addition_stress_instances,Near,4,8104,8814007,add,2,AdaptiveMemeticPSO,7,1000,961,200,251,14,0,0,0.3802312,3728.2273394107,3728.2273394107,0,1,4876.55252165822,-0.235478891521718,1,201,0,740,0.135135135135135,14.5098039215686,quality-relocate
addition_stress_instances,Near,4,8104,8814007,add,2,AdaptiveMemeticPSO,7,1500,1489,200,419,14,0,0,0.3802312,3728.2273394107,3728.2273394107,0,1,4876.55252165822,-0.235478891521718,1,201,0,740,0.135135135135135,14.5098039215686,quality-relocate
addition_stress_instances,Near,4,8104,8814007,add,2,AdaptiveMemeticPSO,7,2500,2500,200,740,13,0,0,0.3802312,3728.2273394107,3728.2273394107,0,1,4876.55252165822,-0.235478891521718,1,201,0,740,0.135135135135135,14.5098039215686,quality-relocate
addition_stress_instances,Near,4,8104,8814008,add,2,Repair,8,500,38,0,0,0,NaN,NaN,0.003686,3748.57443156662,3748.57443156662,0,1,4876.55252165822,-0.231306457806393,0,NaN,0,0,NaN,0,repair
addition_stress_instances,Near,4,8104,8814008,add,2,Repair,8,1000,38,0,0,0,NaN,NaN,0.003686,3748.57443156662,3748.57443156662,0,1,4876.55252165822,-0.231306457806393,0,NaN,0,0,NaN,0,repair
addition_stress_instances,Near,4,8104,8814008,add,2,Repair,8,1500,38,0,0,0,NaN,NaN,0.003686,3748.57443156662,3748.57443156662,0,1,4876.55252165822,-0.231306457806393,0,NaN,0,0,NaN,0,repair
addition_stress_instances,Near,4,8104,8814008,add,2,Repair,8,2500,38,0,0,0,NaN,NaN,0.003686,3748.57443156662,3748.57443156662,0,1,4876.55252165822,-0.231306457806393,0,NaN,0,0,NaN,0,repair
addition_stress_instances,Near,4,8104,8814008,add,2,WarmPSO,8,500,500,200,0,25,NaN,NaN,0.289878,3728.2273394107,3728.2273394107,0,1,4876.55252165822,-0.235478891521718,1,201,0,0,0,25,WarmPSO
addition_stress_instances,Near,4,8104,8814008,add,2,WarmPSO,8,1000,980,200,0,25,NaN,NaN,0.289878,3728.2273394107,3728.2273394107,0,1,4876.55252165822,-0.235478891521718,1,201,0,0,0,25,WarmPSO
addition_stress_instances,Near,4,8104,8814008,add,2,WarmPSO,8,1500,1490,200,0,25,NaN,NaN,0.289878,3728.2273394107,3728.2273394107,0,1,4876.55252165822,-0.235478891521718,1,201,0,0,0,25,WarmPSO
addition_stress_instances,Near,4,8104,8814008,add,2,WarmPSO,8,2500,2480,200,0,25,NaN,NaN,0.289878,3728.2273394107,3728.2273394107,0,1,4876.55252165822,-0.235478891521718,1,201,0,0,0,25,WarmPSO
addition_stress_instances,Near,4,8104,8814008,add,2,WarmPSO_FixedRelocate,8,500,450,200,100,25,NaN,NaN,0.3216081,3728.2273394107,3728.2273394107,0,1,4876.55252165822,-0.235478891521718,1,201,0,1025,0.195121951219512,25,WarmPSO_FixedRelocate
addition_stress_instances,Near,4,8104,8814008,add,2,WarmPSO_FixedRelocate,8,1000,1000,200,350,25,NaN,NaN,0.3216081,3728.2273394107,3728.2273394107,0,1,4876.55252165822,-0.235478891521718,1,201,0,1025,0.195121951219512,25,WarmPSO_FixedRelocate
addition_stress_instances,Near,4,8104,8814008,add,2,WarmPSO_FixedRelocate,8,1500,1495,200,575,25,NaN,NaN,0.3216081,3728.2273394107,3728.2273394107,0,1,4876.55252165822,-0.235478891521718,1,201,0,1025,0.195121951219512,25,WarmPSO_FixedRelocate
addition_stress_instances,Near,4,8104,8814008,add,2,WarmPSO_FixedRelocate,8,2500,2485,200,1025,25,NaN,NaN,0.3216081,3680.68527473139,3680.68527473139,0,1,4876.55252165822,-0.245228005156436,1,201,0,1025,0.195121951219512,25,WarmPSO_FixedRelocate
addition_stress_instances,Near,4,8104,8814008,add,2,AdaptiveMemeticPSO,8,500,500,200,90,15,0,0,0.3379139,3728.2273394107,3728.2273394107,0,1,4876.55252165822,-0.235478891521718,1,201,0,890,0.224719101123595,19.3478260869565,quality-relocate
addition_stress_instances,Near,4,8104,8814008,add,2,AdaptiveMemeticPSO,8,1000,995,200,255,15,0,0,0.3379139,3728.2273394107,3728.2273394107,0,1,4876.55252165822,-0.235478891521718,1,201,0,890,0.224719101123595,19.3478260869565,quality-relocate
addition_stress_instances,Near,4,8104,8814008,add,2,AdaptiveMemeticPSO,8,1500,1490,200,420,15,0,0,0.3379139,3728.2273394107,3728.2273394107,0,1,4876.55252165822,-0.235478891521718,1,201,0,890,0.224719101123595,19.3478260869565,quality-relocate
addition_stress_instances,Near,4,8104,8814008,add,2,AdaptiveMemeticPSO,8,2500,2500,200,890,18,0,0,0.3379139,3680.68527473139,3680.68527473139,0,1,4876.55252165822,-0.245228005156436,1,201,0,890,0.224719101123595,19.3478260869565,quality-relocate
addition_stress_instances,Near,4,8104,8814009,add,2,Repair,9,500,38,0,0,0,NaN,NaN,0.0039558,3748.57443156662,3748.57443156662,0,1,4876.55252165822,-0.231306457806393,0,NaN,0,0,NaN,0,repair
addition_stress_instances,Near,4,8104,8814009,add,2,Repair,9,1000,38,0,0,0,NaN,NaN,0.0039558,3748.57443156662,3748.57443156662,0,1,4876.55252165822,-0.231306457806393,0,NaN,0,0,NaN,0,repair
addition_stress_instances,Near,4,8104,8814009,add,2,Repair,9,1500,38,0,0,0,NaN,NaN,0.0039558,3748.57443156662,3748.57443156662,0,1,4876.55252165822,-0.231306457806393,0,NaN,0,0,NaN,0,repair
addition_stress_instances,Near,4,8104,8814009,add,2,Repair,9,2500,38,0,0,0,NaN,NaN,0.0039558,3748.57443156662,3748.57443156662,0,1,4876.55252165822,-0.231306457806393,0,NaN,0,0,NaN,0,repair
addition_stress_instances,Near,4,8104,8814009,add,2,WarmPSO,9,500,500,200,0,25,NaN,NaN,0.3048178,3728.2273394107,3728.2273394107,0,1,4876.55252165822,-0.235478891521718,1,201,0,0,0,25,WarmPSO
addition_stress_instances,Near,4,8104,8814009,add,2,WarmPSO,9,1000,980,200,0,25,NaN,NaN,0.3048178,3728.2273394107,3728.2273394107,0,1,4876.55252165822,-0.235478891521718,1,201,0,0,0,25,WarmPSO
addition_stress_instances,Near,4,8104,8814009,add,2,WarmPSO,9,1500,1490,200,0,25,NaN,NaN,0.3048178,3728.2273394107,3728.2273394107,0,1,4876.55252165822,-0.235478891521718,1,201,0,0,0,25,WarmPSO
addition_stress_instances,Near,4,8104,8814009,add,2,WarmPSO,9,2500,2480,200,0,25,NaN,NaN,0.3048178,3728.2273394107,3728.2273394107,0,1,4876.55252165822,-0.235478891521718,1,201,0,0,0,25,WarmPSO
addition_stress_instances,Near,4,8104,8814009,add,2,WarmPSO_FixedRelocate,9,500,450,200,100,25,NaN,NaN,0.3371516,3728.2273394107,3728.2273394107,0,1,4876.55252165822,-0.235478891521718,1,201,0,1025,0.195121951219512,25,WarmPSO_FixedRelocate
addition_stress_instances,Near,4,8104,8814009,add,2,WarmPSO_FixedRelocate,9,1000,1000,200,350,25,NaN,NaN,0.3371516,3728.2273394107,3728.2273394107,0,1,4876.55252165822,-0.235478891521718,1,201,0,1025,0.195121951219512,25,WarmPSO_FixedRelocate
addition_stress_instances,Near,4,8104,8814009,add,2,WarmPSO_FixedRelocate,9,1500,1495,200,575,25,NaN,NaN,0.3371516,3728.10340544591,3728.10340544591,0,1,4876.55252165822,-0.235504305779894,1,201,0,1025,0.195121951219512,25,WarmPSO_FixedRelocate
addition_stress_instances,Near,4,8104,8814009,add,2,WarmPSO_FixedRelocate,9,2500,2485,200,1025,25,NaN,NaN,0.3371516,3680.68527473139,3680.68527473139,0,1,4876.55252165822,-0.245228005156436,1,201,0,1025,0.195121951219512,25,WarmPSO_FixedRelocate
addition_stress_instances,Near,4,8104,8814009,add,2,AdaptiveMemeticPSO,9,500,450,200,100,25,0,0,0.339972,3728.2273394107,3728.2273394107,0,1,4876.55252165822,-0.235478891521718,1,201,0,1130,0.176991150442478,29.7368421052632,quality-relocate
addition_stress_instances,Near,4,8104,8814009,add,2,AdaptiveMemeticPSO,9,1000,1000,200,350,25,0,0,0.339972,3728.2273394107,3728.2273394107,0,1,4876.55252165822,-0.235478891521718,1,201,0,1130,0.176991150442478,29.7368421052632,quality-relocate
addition_stress_instances,Near,4,8104,8814009,add,2,AdaptiveMemeticPSO,9,1500,1443,200,553,28,0,0,0.339972,3728.10340544591,3728.10340544591,0,1,4876.55252165822,-0.235504305779894,1,201,0,1130,0.176991150442478,29.7368421052632,quality-relocate
addition_stress_instances,Near,4,8104,8814009,add,2,AdaptiveMemeticPSO,9,2500,2500,200,1130,25,0,0,0.339972,3680.68527473139,3680.68527473139,0,1,4876.55252165822,-0.245228005156436,1,201,0,1130,0.176991150442478,29.7368421052632,quality-relocate
addition_stress_instances,Near,4,8104,8814010,add,2,Repair,10,500,38,0,0,0,NaN,NaN,0.0039475,3748.57443156662,3748.57443156662,0,1,4876.55252165822,-0.231306457806393,0,NaN,0,0,NaN,0,repair
addition_stress_instances,Near,4,8104,8814010,add,2,Repair,10,1000,38,0,0,0,NaN,NaN,0.0039475,3748.57443156662,3748.57443156662,0,1,4876.55252165822,-0.231306457806393,0,NaN,0,0,NaN,0,repair
addition_stress_instances,Near,4,8104,8814010,add,2,Repair,10,1500,38,0,0,0,NaN,NaN,0.0039475,3748.57443156662,3748.57443156662,0,1,4876.55252165822,-0.231306457806393,0,NaN,0,0,NaN,0,repair
addition_stress_instances,Near,4,8104,8814010,add,2,Repair,10,2500,38,0,0,0,NaN,NaN,0.0039475,3748.57443156662,3748.57443156662,0,1,4876.55252165822,-0.231306457806393,0,NaN,0,0,NaN,0,repair
addition_stress_instances,Near,4,8104,8814010,add,2,WarmPSO,10,500,500,200,0,25,NaN,NaN,0.3114365,3728.2273394107,3728.2273394107,0,1,4876.55252165822,-0.235478891521718,1,201,0,0,0,25,WarmPSO
addition_stress_instances,Near,4,8104,8814010,add,2,WarmPSO,10,1000,980,200,0,25,NaN,NaN,0.3114365,3728.2273394107,3728.2273394107,0,1,4876.55252165822,-0.235478891521718,1,201,0,0,0,25,WarmPSO
addition_stress_instances,Near,4,8104,8814010,add,2,WarmPSO,10,1500,1490,200,0,25,NaN,NaN,0.3114365,3728.2273394107,3728.2273394107,0,1,4876.55252165822,-0.235478891521718,1,201,0,0,0,25,WarmPSO
addition_stress_instances,Near,4,8104,8814010,add,2,WarmPSO,10,2500,2480,200,0,25,NaN,NaN,0.3114365,3728.2273394107,3728.2273394107,0,1,4876.55252165822,-0.235478891521718,1,201,0,0,0,25,WarmPSO
addition_stress_instances,Near,4,8104,8814010,add,2,WarmPSO_FixedRelocate,10,500,450,200,100,25,NaN,NaN,0.3317628,3748.45049760183,3748.45049760183,0,1,4876.55252165822,-0.231331872064569,1,201,0,1025,0.292682926829268,25,WarmPSO_FixedRelocate
addition_stress_instances,Near,4,8104,8814010,add,2,WarmPSO_FixedRelocate,10,1000,1000,200,350,25,NaN,NaN,0.3317628,3698.51393397257,3698.51393397257,0,1,4876.55252165822,-0.241572008596982,1,201,0,1025,0.292682926829268,25,WarmPSO_FixedRelocate
addition_stress_instances,Near,4,8104,8814010,add,2,WarmPSO_FixedRelocate,10,1500,1495,200,575,25,NaN,NaN,0.3317628,3698.51393397257,3698.51393397257,0,1,4876.55252165822,-0.241572008596982,1,201,0,1025,0.292682926829268,25,WarmPSO_FixedRelocate
addition_stress_instances,Near,4,8104,8814010,add,2,WarmPSO_FixedRelocate,10,2500,2485,200,1025,25,NaN,NaN,0.3317628,3698.51393397257,3698.51393397257,0,1,4876.55252165822,-0.241572008596982,1,201,0,1025,0.292682926829268,25,WarmPSO_FixedRelocate
addition_stress_instances,Near,4,8104,8814010,add,2,AdaptiveMemeticPSO,10,500,465,200,85,17,0,0.148143112631822,0.3246695,3745.93206468709,3745.93206468709,0,1,4876.55252165822,-0.23184830922044,1,201,0,1130,0.265486725663717,29.7368421052632,quality-relocate
addition_stress_instances,Near,4,8104,8814010,add,2,AdaptiveMemeticPSO,10,1000,990,200,340,33,0,0,0.3246695,3698.51393397257,3698.51393397257,0,1,4876.55252165822,-0.241572008596982,1,201,0,1130,0.265486725663717,29.7368421052632,quality-relocate
addition_stress_instances,Near,4,8104,8814010,add,2,AdaptiveMemeticPSO,10,1500,1494,200,604,33,0,0,0.3246695,3698.51393397257,3698.51393397257,0,1,4876.55252165822,-0.241572008596982,1,201,0,1130,0.265486725663717,29.7368421052632,quality-relocate
addition_stress_instances,Near,4,8104,8814010,add,2,AdaptiveMemeticPSO,10,2500,2500,200,1130,31,0,0,0.3246695,3698.51393397257,3698.51393397257,0,1,4876.55252165822,-0.241572008596982,1,201,0,1130,0.265486725663717,29.7368421052632,quality-relocate
addition_stress_instances,Tight,1,8301,9011001,add,2,Repair,1,500,38,0,0,0,NaN,NaN,0.0038577,4293.90625809938,4293.90625809938,0,1,5260.35770335712,-0.183723522193359,0,NaN,0,0,NaN,0,repair
addition_stress_instances,Tight,1,8301,9011001,add,2,Repair,1,1000,38,0,0,0,NaN,NaN,0.0038577,4293.90625809938,4293.90625809938,0,1,5260.35770335712,-0.183723522193359,0,NaN,0,0,NaN,0,repair
addition_stress_instances,Tight,1,8301,9011001,add,2,Repair,1,1500,38,0,0,0,NaN,NaN,0.0038577,4293.90625809938,4293.90625809938,0,1,5260.35770335712,-0.183723522193359,0,NaN,0,0,NaN,0,repair
addition_stress_instances,Tight,1,8301,9011001,add,2,Repair,1,2500,38,0,0,0,NaN,NaN,0.0038577,4293.90625809938,4293.90625809938,0,1,5260.35770335712,-0.183723522193359,0,NaN,0,0,NaN,0,repair
addition_stress_instances,Tight,1,8301,9011001,add,2,WarmPSO,1,500,500,200,0,25,NaN,NaN,0.2837247,4251.83316513849,4251.83316513849,0,1,5260.35770335712,-0.191721665158816,1,201,0,0,0,25,WarmPSO
addition_stress_instances,Tight,1,8301,9011001,add,2,WarmPSO,1,1000,980,200,0,25,NaN,NaN,0.2837247,4251.83316513849,4251.83316513849,0,1,5260.35770335712,-0.191721665158816,1,201,0,0,0,25,WarmPSO
addition_stress_instances,Tight,1,8301,9011001,add,2,WarmPSO,1,1500,1490,200,0,25,NaN,NaN,0.2837247,4251.83316513849,4251.83316513849,0,1,5260.35770335712,-0.191721665158816,1,201,0,0,0,25,WarmPSO
addition_stress_instances,Tight,1,8301,9011001,add,2,WarmPSO,1,2500,2480,200,0,25,NaN,NaN,0.2837247,4251.83316513849,4251.83316513849,0,1,5260.35770335712,-0.191721665158816,1,201,0,0,0,25,WarmPSO
addition_stress_instances,Tight,1,8301,9011001,add,2,WarmPSO_FixedRelocate,1,500,450,200,100,25,NaN,NaN,0.3428615,4133.38864798867,4133.38864798867,0,1,5260.35770335712,-0.214238102980949,1,201,0,1025,0.390243902439024,25,WarmPSO_FixedRelocate
addition_stress_instances,Tight,1,8301,9011001,add,2,WarmPSO_FixedRelocate,1,1000,1000,200,350,25,NaN,NaN,0.3428615,4061.65807127629,4061.65807127629,0,1,5260.35770335712,-0.227874167438429,1,201,0,1025,0.390243902439024,25,WarmPSO_FixedRelocate
addition_stress_instances,Tight,1,8301,9011001,add,2,WarmPSO_FixedRelocate,1,1500,1495,200,575,25,NaN,NaN,0.3428615,4061.65807127629,4061.65807127629,0,1,5260.35770335712,-0.227874167438429,1,201,0,1025,0.390243902439024,25,WarmPSO_FixedRelocate
addition_stress_instances,Tight,1,8301,9011001,add,2,WarmPSO_FixedRelocate,1,2500,2485,200,1025,25,NaN,NaN,0.3428615,3962.87629064567,3962.87629064567,0,1,5260.35770335712,-0.246652696618598,1,201,0,1025,0.390243902439024,25,WarmPSO_FixedRelocate
addition_stress_instances,Tight,1,8301,9011001,add,2,AdaptiveMemeticPSO,1,500,460,200,110,30,0,2.36754621450991,0.3172138,4133.38864798867,4133.38864798867,0,1,5260.35770335712,-0.214238102980949,1,201,0,1250,0.72,36.7647058823529,quality-relocate
addition_stress_instances,Tight,1,8301,9011001,add,2,AdaptiveMemeticPSO,1,1000,994,200,404,38,0,0,0.3172138,3991.23450592305,3991.23450592305,0,1,5260.35770335712,-0.241261767545603,1,201,0,1250,0.72,36.7647058823529,quality-relocate
addition_stress_instances,Tight,1,8301,9011001,add,2,AdaptiveMemeticPSO,1,1500,1482,200,682,40,0,0,0.3172138,3742.32928137541,3742.32928137541,0,1,5260.35770335712,-0.288578934663116,1,201,0,1250,0.72,36.7647058823529,quality-relocate
addition_stress_instances,Tight,1,8301,9011001,add,2,AdaptiveMemeticPSO,1,2500,2500,200,1250,8,0,0,0.3172138,3689.37066411146,3689.37066411146,0,1,5260.35770335712,-0.298646428215912,1,201,0,1250,0.72,36.7647058823529,quality-relocate
addition_stress_instances,Tight,1,8301,9011002,add,2,Repair,2,500,38,0,0,0,NaN,NaN,0.0040003,4293.90625809938,4293.90625809938,0,1,5260.35770335712,-0.183723522193359,0,NaN,0,0,NaN,0,repair
addition_stress_instances,Tight,1,8301,9011002,add,2,Repair,2,1000,38,0,0,0,NaN,NaN,0.0040003,4293.90625809938,4293.90625809938,0,1,5260.35770335712,-0.183723522193359,0,NaN,0,0,NaN,0,repair
addition_stress_instances,Tight,1,8301,9011002,add,2,Repair,2,1500,38,0,0,0,NaN,NaN,0.0040003,4293.90625809938,4293.90625809938,0,1,5260.35770335712,-0.183723522193359,0,NaN,0,0,NaN,0,repair
addition_stress_instances,Tight,1,8301,9011002,add,2,Repair,2,2500,38,0,0,0,NaN,NaN,0.0040003,4293.90625809938,4293.90625809938,0,1,5260.35770335712,-0.183723522193359,0,NaN,0,0,NaN,0,repair
addition_stress_instances,Tight,1,8301,9011002,add,2,WarmPSO,2,500,500,200,0,25,NaN,NaN,0.2874588,4251.83316513849,4251.83316513849,0,1,5260.35770335712,-0.191721665158816,1,201,0,0,0,25,WarmPSO
addition_stress_instances,Tight,1,8301,9011002,add,2,WarmPSO,2,1000,980,200,0,25,NaN,NaN,0.2874588,4251.83316513849,4251.83316513849,0,1,5260.35770335712,-0.191721665158816,1,201,0,0,0,25,WarmPSO
addition_stress_instances,Tight,1,8301,9011002,add,2,WarmPSO,2,1500,1490,200,0,25,NaN,NaN,0.2874588,4251.83316513849,4251.83316513849,0,1,5260.35770335712,-0.191721665158816,1,201,0,0,0,25,WarmPSO
addition_stress_instances,Tight,1,8301,9011002,add,2,WarmPSO,2,2500,2480,200,0,25,NaN,NaN,0.2874588,4251.83316513849,4251.83316513849,0,1,5260.35770335712,-0.191721665158816,1,201,0,0,0,25,WarmPSO
addition_stress_instances,Tight,1,8301,9011002,add,2,WarmPSO_FixedRelocate,2,500,450,200,100,25,NaN,NaN,0.3357648,4188.49568356602,4188.49568356602,0,1,5260.35770335712,-0.203762192656032,1,201,0,1025,0.975609756097561,25,WarmPSO_FixedRelocate
addition_stress_instances,Tight,1,8301,9011002,add,2,WarmPSO_FixedRelocate,2,1000,1000,200,350,25,NaN,NaN,0.3357648,4061.65807127629,4061.65807127629,0,1,5260.35770335712,-0.227874167438429,1,201,0,1025,0.975609756097561,25,WarmPSO_FixedRelocate
addition_stress_instances,Tight,1,8301,9011002,add,2,WarmPSO_FixedRelocate,2,1500,1495,200,575,25,NaN,NaN,0.3357648,3892.45272529243,3892.45272529243,0,1,5260.35770335712,-0.260040296725773,1,201,0,1025,0.975609756097561,25,WarmPSO_FixedRelocate
addition_stress_instances,Tight,1,8301,9011002,add,2,WarmPSO_FixedRelocate,2,2500,2485,200,1025,25,NaN,NaN,0.3357648,3704.82758142226,3704.82758142226,0,1,5260.35770335712,-0.295708050603124,1,201,0,1025,0.975609756097561,25,WarmPSO_FixedRelocate
addition_stress_instances,Tight,1,8301,9011002,add,2,AdaptiveMemeticPSO,2,500,457,200,107,32,0,0,0.3258663,4188.49568356602,4188.49568356602,0,1,5260.35770335712,-0.203762192656032,1,201,0,1250,0.64,36.7647058823529,quality-relocate
addition_stress_instances,Tight,1,8301,9011002,add,2,AdaptiveMemeticPSO,2,1000,981,200,391,38,0,0,0.3258663,4038.65263663757,4038.65263663757,0,1,5260.35770335712,-0.232247526805994,1,201,0,1250,0.64,36.7647058823529,quality-relocate
addition_stress_instances,Tight,1,8301,9011002,add,2,AdaptiveMemeticPSO,2,1500,1467,200,667,40,0,0,0.3258663,3892.45272529243,3892.45272529243,0,1,5260.35770335712,-0.260040296725773,1,201,0,1250,0.64,36.7647058823529,quality-relocate
addition_stress_instances,Tight,1,8301,9011002,add,2,AdaptiveMemeticPSO,2,2500,2500,200,1250,23,0,0,0.3258663,3742.32928137541,3742.32928137541,0,1,5260.35770335712,-0.288578934663116,1,201,0,1250,0.64,36.7647058823529,quality-relocate
addition_stress_instances,Tight,1,8301,9011003,add,2,Repair,3,500,38,0,0,0,NaN,NaN,0.0041181,4293.90625809938,4293.90625809938,0,1,5260.35770335712,-0.183723522193359,0,NaN,0,0,NaN,0,repair
addition_stress_instances,Tight,1,8301,9011003,add,2,Repair,3,1000,38,0,0,0,NaN,NaN,0.0041181,4293.90625809938,4293.90625809938,0,1,5260.35770335712,-0.183723522193359,0,NaN,0,0,NaN,0,repair
addition_stress_instances,Tight,1,8301,9011003,add,2,Repair,3,1500,38,0,0,0,NaN,NaN,0.0041181,4293.90625809938,4293.90625809938,0,1,5260.35770335712,-0.183723522193359,0,NaN,0,0,NaN,0,repair
addition_stress_instances,Tight,1,8301,9011003,add,2,Repair,3,2500,38,0,0,0,NaN,NaN,0.0041181,4293.90625809938,4293.90625809938,0,1,5260.35770335712,-0.183723522193359,0,NaN,0,0,NaN,0,repair
addition_stress_instances,Tight,1,8301,9011003,add,2,WarmPSO,3,500,500,200,0,25,NaN,NaN,0.2823782,4251.83316513849,4251.83316513849,0,1,5260.35770335712,-0.191721665158816,1,201,0,0,0,25,WarmPSO
addition_stress_instances,Tight,1,8301,9011003,add,2,WarmPSO,3,1000,980,200,0,25,NaN,NaN,0.2823782,4251.83316513849,4251.83316513849,0,1,5260.35770335712,-0.191721665158816,1,201,0,0,0,25,WarmPSO
addition_stress_instances,Tight,1,8301,9011003,add,2,WarmPSO,3,1500,1490,200,0,25,NaN,NaN,0.2823782,4251.83316513849,4251.83316513849,0,1,5260.35770335712,-0.191721665158816,1,201,0,0,0,25,WarmPSO
addition_stress_instances,Tight,1,8301,9011003,add,2,WarmPSO,3,2500,2480,200,0,25,NaN,NaN,0.2823782,4251.83316513849,4251.83316513849,0,1,5260.35770335712,-0.191721665158816,1,201,0,0,0,25,WarmPSO
addition_stress_instances,Tight,1,8301,9011003,add,2,WarmPSO_FixedRelocate,3,500,450,200,100,25,NaN,NaN,0.3370557,4118.07211821278,4118.07211821278,0,1,5260.35770335712,-0.217149792763207,1,201,0,1025,0.682926829268293,25,WarmPSO_FixedRelocate
addition_stress_instances,Tight,1,8301,9011003,add,2,WarmPSO_FixedRelocate,3,1000,1000,200,350,25,NaN,NaN,0.3370557,3742.32928137541,3742.32928137541,0,1,5260.35770335712,-0.288578934663116,1,201,0,1025,0.682926829268293,25,WarmPSO_FixedRelocate
addition_stress_instances,Tight,1,8301,9011003,add,2,WarmPSO_FixedRelocate,3,1500,1495,200,575,25,NaN,NaN,0.3370557,3742.32928137541,3742.32928137541,0,1,5260.35770335712,-0.288578934663116,1,201,0,1025,0.682926829268293,25,WarmPSO_FixedRelocate
addition_stress_instances,Tight,1,8301,9011003,add,2,WarmPSO_FixedRelocate,3,2500,2485,200,1025,25,NaN,NaN,0.3370557,3742.32928137541,3742.32928137541,0,1,5260.35770335712,-0.288578934663116,1,201,0,1025,0.682926829268293,25,WarmPSO_FixedRelocate
addition_stress_instances,Tight,1,8301,9011003,add,2,AdaptiveMemeticPSO,3,500,471,200,121,33,0,0,0.323444,4118.07211821278,4118.07211821278,0,1,5260.35770335712,-0.217149792763207,1,201,0,1250,0.88,36.7647058823529,quality-relocate
addition_stress_instances,Tight,1,8301,9011003,add,2,AdaptiveMemeticPSO,3,1000,942,200,382,39,0,0,0.323444,3789.74741208993,3789.74741208993,0,1,5260.35770335712,-0.279564693923506,1,201,0,1250,0.88,36.7647058823529,quality-relocate
addition_stress_instances,Tight,1,8301,9011003,add,2,AdaptiveMemeticPSO,3,1500,1494,200,694,39,0,0,0.323444,3742.32928137541,3742.32928137541,0,1,5260.35770335712,-0.288578934663116,1,201,0,1250,0.88,36.7647058823529,quality-relocate
addition_stress_instances,Tight,1,8301,9011003,add,2,AdaptiveMemeticPSO,3,2500,2500,200,1250,1,0,0,0.323444,3689.37066411146,3689.37066411146,0,1,5260.35770335712,-0.298646428215912,1,201,0,1250,0.88,36.7647058823529,quality-relocate
addition_stress_instances,Tight,1,8301,9011004,add,2,Repair,4,500,38,0,0,0,NaN,NaN,0.0040557,4293.90625809938,4293.90625809938,0,1,5260.35770335712,-0.183723522193359,0,NaN,0,0,NaN,0,repair
addition_stress_instances,Tight,1,8301,9011004,add,2,Repair,4,1000,38,0,0,0,NaN,NaN,0.0040557,4293.90625809938,4293.90625809938,0,1,5260.35770335712,-0.183723522193359,0,NaN,0,0,NaN,0,repair
addition_stress_instances,Tight,1,8301,9011004,add,2,Repair,4,1500,38,0,0,0,NaN,NaN,0.0040557,4293.90625809938,4293.90625809938,0,1,5260.35770335712,-0.183723522193359,0,NaN,0,0,NaN,0,repair
addition_stress_instances,Tight,1,8301,9011004,add,2,Repair,4,2500,38,0,0,0,NaN,NaN,0.0040557,4293.90625809938,4293.90625809938,0,1,5260.35770335712,-0.183723522193359,0,NaN,0,0,NaN,0,repair
addition_stress_instances,Tight,1,8301,9011004,add,2,WarmPSO,4,500,500,200,0,25,NaN,NaN,0.2821838,4282.33743278659,4282.33743278659,0,1,5260.35770335712,-0.185922769082103,1,201,0,0,0,25,WarmPSO
addition_stress_instances,Tight,1,8301,9011004,add,2,WarmPSO,4,1000,980,200,0,25,NaN,NaN,0.2821838,4282.33743278659,4282.33743278659,0,1,5260.35770335712,-0.185922769082103,1,201,0,0,0,25,WarmPSO
addition_stress_instances,Tight,1,8301,9011004,add,2,WarmPSO,4,1500,1490,200,0,25,NaN,NaN,0.2821838,4282.33743278659,4282.33743278659,0,1,5260.35770335712,-0.185922769082103,1,201,0,0,0,25,WarmPSO
addition_stress_instances,Tight,1,8301,9011004,add,2,WarmPSO,4,2500,2480,200,0,25,NaN,NaN,0.2821838,4282.33743278659,4282.33743278659,0,1,5260.35770335712,-0.185922769082103,1,201,0,0,0,25,WarmPSO
addition_stress_instances,Tight,1,8301,9011004,add,2,WarmPSO_FixedRelocate,4,500,450,200,100,25,NaN,NaN,0.342082,4215.24039378135,4215.24039378135,0,1,5260.35770335712,-0.198677992735891,1,201,0,1025,0.780487804878049,25,WarmPSO_FixedRelocate
addition_stress_instances,Tight,1,8301,9011004,add,2,WarmPSO_FixedRelocate,4,1000,1000,200,350,25,NaN,NaN,0.342082,3779.76839086528,3779.76839086528,0,1,5260.35770335712,-0.281461717241575,1,201,0,1025,0.780487804878049,25,WarmPSO_FixedRelocate
addition_stress_instances,Tight,1,8301,9011004,add,2,WarmPSO_FixedRelocate,4,1500,1495,200,575,25,NaN,NaN,0.342082,3689.37066411146,3689.37066411146,0,1,5260.35770335712,-0.298646428215912,1,201,0,1025,0.780487804878049,25,WarmPSO_FixedRelocate
addition_stress_instances,Tight,1,8301,9011004,add,2,WarmPSO_FixedRelocate,4,2500,2485,200,1025,25,NaN,NaN,0.342082,3689.37066411146,3689.37066411146,0,1,5260.35770335712,-0.298646428215912,1,201,0,1025,0.780487804878049,25,WarmPSO_FixedRelocate
addition_stress_instances,Tight,1,8301,9011004,add,2,AdaptiveMemeticPSO,4,500,465,200,115,30,0,0,0.3663396,4215.24039378135,4215.24039378135,0,1,5260.35770335712,-0.198677992735891,1,201,0,1250,0.48,36.7647058823529,quality-relocate
addition_stress_instances,Tight,1,8301,9011004,add,2,AdaptiveMemeticPSO,4,1000,932,200,372,39,0,0,0.3663396,3846.63032104629,3846.63032104629,0,1,5260.35770335712,-0.268751188043467,1,201,0,1250,0.48,36.7647058823529,quality-relocate
addition_stress_instances,Tight,1,8301,9011004,add,2,AdaptiveMemeticPSO,4,1500,1484,200,684,39,0,0,0.3663396,3846.63032104629,3846.63032104629,0,1,5260.35770335712,-0.268751188043467,1,201,0,1250,0.48,36.7647058823529,quality-relocate
addition_stress_instances,Tight,1,8301,9011004,add,2,AdaptiveMemeticPSO,4,2500,2500,200,1250,17,0,0,0.3663396,3779.76839086528,3779.76839086528,0,1,5260.35770335712,-0.281461717241575,1,201,0,1250,0.48,36.7647058823529,quality-relocate
addition_stress_instances,Tight,1,8301,9011005,add,2,Repair,5,500,38,0,0,0,NaN,NaN,0.0033966,4293.90625809938,4293.90625809938,0,1,5260.35770335712,-0.183723522193359,0,NaN,0,0,NaN,0,repair
addition_stress_instances,Tight,1,8301,9011005,add,2,Repair,5,1000,38,0,0,0,NaN,NaN,0.0033966,4293.90625809938,4293.90625809938,0,1,5260.35770335712,-0.183723522193359,0,NaN,0,0,NaN,0,repair
addition_stress_instances,Tight,1,8301,9011005,add,2,Repair,5,1500,38,0,0,0,NaN,NaN,0.0033966,4293.90625809938,4293.90625809938,0,1,5260.35770335712,-0.183723522193359,0,NaN,0,0,NaN,0,repair
addition_stress_instances,Tight,1,8301,9011005,add,2,Repair,5,2500,38,0,0,0,NaN,NaN,0.0033966,4293.90625809938,4293.90625809938,0,1,5260.35770335712,-0.183723522193359,0,NaN,0,0,NaN,0,repair
addition_stress_instances,Tight,1,8301,9011005,add,2,WarmPSO,5,500,500,200,0,25,NaN,NaN,0.2791016,4251.83316513849,4251.83316513849,0,1,5260.35770335712,-0.191721665158816,1,201,0,0,0,25,WarmPSO
addition_stress_instances,Tight,1,8301,9011005,add,2,WarmPSO,5,1000,980,200,0,25,NaN,NaN,0.2791016,4251.83316513849,4251.83316513849,0,1,5260.35770335712,-0.191721665158816,1,201,0,0,0,25,WarmPSO
addition_stress_instances,Tight,1,8301,9011005,add,2,WarmPSO,5,1500,1490,200,0,25,NaN,NaN,0.2791016,4251.83316513849,4251.83316513849,0,1,5260.35770335712,-0.191721665158816,1,201,0,0,0,25,WarmPSO
addition_stress_instances,Tight,1,8301,9011005,add,2,WarmPSO,5,2500,2480,200,0,25,NaN,NaN,0.2791016,4251.83316513849,4251.83316513849,0,1,5260.35770335712,-0.191721665158816,1,201,0,0,0,25,WarmPSO
addition_stress_instances,Tight,1,8301,9011005,add,2,WarmPSO_FixedRelocate,5,500,450,200,100,25,NaN,NaN,0.3208814,4184.73612613324,4184.73612613324,0,1,5260.35770335712,-0.204476888812604,1,201,0,1025,0.682926829268293,25,WarmPSO_FixedRelocate
addition_stress_instances,Tight,1,8301,9011005,add,2,WarmPSO_FixedRelocate,5,1000,1000,200,350,25,NaN,NaN,0.3208814,3841.10164958588,3841.10164958588,0,1,5260.35770335712,-0.269802194794754,1,201,0,1025,0.682926829268293,25,WarmPSO_FixedRelocate
addition_stress_instances,Tight,1,8301,9011005,add,2,WarmPSO_FixedRelocate,5,1500,1495,200,575,25,NaN,NaN,0.3208814,3704.82758142226,3704.82758142226,0,1,5260.35770335712,-0.295708050603124,1,201,0,1025,0.682926829268293,25,WarmPSO_FixedRelocate
addition_stress_instances,Tight,1,8301,9011005,add,2,WarmPSO_FixedRelocate,5,2500,2485,200,1025,25,NaN,NaN,0.3208814,3689.37066411146,3689.37066411146,0,1,5260.35770335712,-0.298646428215912,1,201,0,1025,0.682926829268293,25,WarmPSO_FixedRelocate
addition_stress_instances,Tight,1,8301,9011005,add,2,AdaptiveMemeticPSO,5,500,465,200,115,30,0,0,0.36564,4184.73612613324,4184.73612613324,0,1,5260.35770335712,-0.204476888812604,1,201,0,1250,0.56,36.7647058823529,quality-relocate
addition_stress_instances,Tight,1,8301,9011005,add,2,AdaptiveMemeticPSO,5,1000,933,200,373,38,0,0,0.36564,3888.5197803004,3888.5197803004,0,1,5260.35770335712,-0.260787954055144,1,201,0,1250,0.56,36.7647058823529,quality-relocate
addition_stress_instances,Tight,1,8301,9011005,add,2,AdaptiveMemeticPSO,5,1500,1484,200,684,40,0,0,0.36564,3704.82758142226,3704.82758142226,0,1,5260.35770335712,-0.295708050603124,1,201,0,1250,0.56,36.7647058823529,quality-relocate
addition_stress_instances,Tight,1,8301,9011005,add,2,AdaptiveMemeticPSO,5,2500,2500,200,1250,6,0,0,0.36564,3689.37066411146,3689.37066411146,0,1,5260.35770335712,-0.298646428215912,1,201,0,1250,0.56,36.7647058823529,quality-relocate
addition_stress_instances,Tight,1,8301,9011006,add,2,Repair,6,500,38,0,0,0,NaN,NaN,0.0034969,4293.90625809938,4293.90625809938,0,1,5260.35770335712,-0.183723522193359,0,NaN,0,0,NaN,0,repair
addition_stress_instances,Tight,1,8301,9011006,add,2,Repair,6,1000,38,0,0,0,NaN,NaN,0.0034969,4293.90625809938,4293.90625809938,0,1,5260.35770335712,-0.183723522193359,0,NaN,0,0,NaN,0,repair
addition_stress_instances,Tight,1,8301,9011006,add,2,Repair,6,1500,38,0,0,0,NaN,NaN,0.0034969,4293.90625809938,4293.90625809938,0,1,5260.35770335712,-0.183723522193359,0,NaN,0,0,NaN,0,repair
addition_stress_instances,Tight,1,8301,9011006,add,2,Repair,6,2500,38,0,0,0,NaN,NaN,0.0034969,4293.90625809938,4293.90625809938,0,1,5260.35770335712,-0.183723522193359,0,NaN,0,0,NaN,0,repair
addition_stress_instances,Tight,1,8301,9011006,add,2,WarmPSO,6,500,500,200,0,25,NaN,NaN,0.2764408,4282.33743278659,4282.33743278659,0,1,5260.35770335712,-0.185922769082103,1,201,0,0,0,25,WarmPSO
addition_stress_instances,Tight,1,8301,9011006,add,2,WarmPSO,6,1000,980,200,0,25,NaN,NaN,0.2764408,4282.33743278659,4282.33743278659,0,1,5260.35770335712,-0.185922769082103,1,201,0,0,0,25,WarmPSO
addition_stress_instances,Tight,1,8301,9011006,add,2,WarmPSO,6,1500,1490,200,0,25,NaN,NaN,0.2764408,4282.33743278659,4282.33743278659,0,1,5260.35770335712,-0.185922769082103,1,201,0,0,0,25,WarmPSO
addition_stress_instances,Tight,1,8301,9011006,add,2,WarmPSO,6,2500,2480,200,0,25,NaN,NaN,0.2764408,4282.33743278659,4282.33743278659,0,1,5260.35770335712,-0.185922769082103,1,201,0,0,0,25,WarmPSO
addition_stress_instances,Tight,1,8301,9011006,add,2,WarmPSO_FixedRelocate,6,500,450,200,100,25,NaN,NaN,0.3317918,4113.30038071636,4113.30038071636,0,1,5260.35770335712,-0.21805690550449,1,201,0,1025,0.585365853658537,25,WarmPSO_FixedRelocate
addition_stress_instances,Tight,1,8301,9011006,add,2,WarmPSO_FixedRelocate,6,1000,1000,200,350,25,NaN,NaN,0.3317918,3922.10479213697,3922.10479213697,0,1,5260.35770335712,-0.254403404993939,1,201,0,1025,0.585365853658537,25,WarmPSO_FixedRelocate
addition_stress_instances,Tight,1,8301,9011006,add,2,WarmPSO_FixedRelocate,6,1500,1495,200,575,25,NaN,NaN,0.3317918,3912.12803602118,3912.12803602118,0,1,5260.35770335712,-0.256299997712231,1,201,0,1025,0.585365853658537,25,WarmPSO_FixedRelocate
addition_stress_instances,Tight,1,8301,9011006,add,2,WarmPSO_FixedRelocate,6,2500,2485,200,1025,25,NaN,NaN,0.3317918,3841.10164958588,3841.10164958588,0,1,5260.35770335712,-0.269802194794754,1,201,0,1025,0.585365853658537,25,WarmPSO_FixedRelocate
addition_stress_instances,Tight,1,8301,9011006,add,2,AdaptiveMemeticPSO,6,500,466,200,116,35,0,4.10792736756769,0.3742686,3969.52292285149,3969.52292285149,0,1,5260.35770335712,-0.24538916425433,1,201,0,1250,0.48,36.7647058823529,quality-relocate
addition_stress_instances,Tight,1,8301,9011006,add,2,AdaptiveMemeticPSO,6,1000,935,200,375,37,0,0,0.3742686,3959.5461667357,3959.5461667357,0,1,5260.35770335712,-0.247285756972621,1,201,0,1250,0.48,36.7647058823529,quality-relocate
addition_stress_instances,Tight,1,8301,9011006,add,2,AdaptiveMemeticPSO,6,1500,1483,200,683,39,0,0,0.3742686,3912.12803602118,3912.12803602118,0,1,5260.35770335712,-0.256299997712231,1,201,0,1250,0.48,36.7647058823529,quality-relocate
addition_stress_instances,Tight,1,8301,9011006,add,2,AdaptiveMemeticPSO,6,2500,2500,200,1250,20,0,0,0.3742686,3841.10164958588,3841.10164958588,0,1,5260.35770335712,-0.269802194794754,1,201,0,1250,0.48,36.7647058823529,quality-relocate
addition_stress_instances,Tight,1,8301,9011007,add,2,Repair,7,500,38,0,0,0,NaN,NaN,0.003772,4293.90625809938,4293.90625809938,0,1,5260.35770335712,-0.183723522193359,0,NaN,0,0,NaN,0,repair
addition_stress_instances,Tight,1,8301,9011007,add,2,Repair,7,1000,38,0,0,0,NaN,NaN,0.003772,4293.90625809938,4293.90625809938,0,1,5260.35770335712,-0.183723522193359,0,NaN,0,0,NaN,0,repair
addition_stress_instances,Tight,1,8301,9011007,add,2,Repair,7,1500,38,0,0,0,NaN,NaN,0.003772,4293.90625809938,4293.90625809938,0,1,5260.35770335712,-0.183723522193359,0,NaN,0,0,NaN,0,repair
addition_stress_instances,Tight,1,8301,9011007,add,2,Repair,7,2500,38,0,0,0,NaN,NaN,0.003772,4293.90625809938,4293.90625809938,0,1,5260.35770335712,-0.183723522193359,0,NaN,0,0,NaN,0,repair
addition_stress_instances,Tight,1,8301,9011007,add,2,WarmPSO,7,500,500,200,0,25,NaN,NaN,0.2768489,4251.83316513849,4251.83316513849,0,1,5260.35770335712,-0.191721665158816,1,201,0,0,0,25,WarmPSO
addition_stress_instances,Tight,1,8301,9011007,add,2,WarmPSO,7,1000,980,200,0,25,NaN,NaN,0.2768489,4251.83316513849,4251.83316513849,0,1,5260.35770335712,-0.191721665158816,1,201,0,0,0,25,WarmPSO
addition_stress_instances,Tight,1,8301,9011007,add,2,WarmPSO,7,1500,1490,200,0,25,NaN,NaN,0.2768489,4251.83316513849,4251.83316513849,0,1,5260.35770335712,-0.191721665158816,1,201,0,0,0,25,WarmPSO
addition_stress_instances,Tight,1,8301,9011007,add,2,WarmPSO,7,2500,2480,200,0,25,NaN,NaN,0.2768489,4251.83316513849,4251.83316513849,0,1,5260.35770335712,-0.191721665158816,1,201,0,0,0,25,WarmPSO
addition_stress_instances,Tight,1,8301,9011007,add,2,WarmPSO_FixedRelocate,7,500,450,200,100,25,NaN,NaN,0.3285593,4251.83316513849,4251.83316513849,0,1,5260.35770335712,-0.191721665158816,1,201,0,1025,0.585365853658537,25,WarmPSO_FixedRelocate
addition_stress_instances,Tight,1,8301,9011007,add,2,WarmPSO_FixedRelocate,7,1000,1000,200,350,25,NaN,NaN,0.3285593,4056.31601269826,4056.31601269826,0,1,5260.35770335712,-0.228889698867903,1,201,0,1025,0.585365853658537,25,WarmPSO_FixedRelocate
addition_stress_instances,Tight,1,8301,9011007,add,2,WarmPSO_FixedRelocate,7,1500,1495,200,575,25,NaN,NaN,0.3285593,3954.37599963327,3954.37599963327,0,1,5260.35770335712,-0.248268611636502,1,201,0,1025,0.585365853658537,25,WarmPSO_FixedRelocate
addition_stress_instances,Tight,1,8301,9011007,add,2,WarmPSO_FixedRelocate,7,2500,2485,200,1025,25,NaN,NaN,0.3285593,3779.76839086528,3779.76839086528,0,1,5260.35770335712,-0.281461717241575,1,201,0,1025,0.585365853658537,25,WarmPSO_FixedRelocate
addition_stress_instances,Tight,1,8301,9011007,add,2,AdaptiveMemeticPSO,7,500,450,200,100,25,0,0,0.3340582,4251.83316513849,4251.83316513849,0,1,5260.35770335712,-0.191721665158816,1,201,0,1250,0.56,36.7647058823529,quality-relocate
addition_stress_instances,Tight,1,8301,9011007,add,2,AdaptiveMemeticPSO,7,1000,962,200,372,39,0,1.21584950550054,0.3340582,3912.12803602118,3912.12803602118,0,1,5260.35770335712,-0.256299997712231,1,201,0,1250,0.56,36.7647058823529,quality-relocate
addition_stress_instances,Tight,1,8301,9011007,add,2,AdaptiveMemeticPSO,7,1500,1450,200,650,40,0,0,0.3340582,3841.10164958588,3841.10164958588,0,1,5260.35770335712,-0.269802194794754,1,201,0,1250,0.56,36.7647058823529,quality-relocate
addition_stress_instances,Tight,1,8301,9011007,add,2,AdaptiveMemeticPSO,7,2500,2500,200,1250,40,0,0,0.3340582,3689.37066411146,3689.37066411146,0,1,5260.35770335712,-0.298646428215912,1,201,0,1250,0.56,36.7647058823529,quality-relocate
addition_stress_instances,Tight,1,8301,9011008,add,2,Repair,8,500,38,0,0,0,NaN,NaN,0.0038421,4293.90625809938,4293.90625809938,0,1,5260.35770335712,-0.183723522193359,0,NaN,0,0,NaN,0,repair
addition_stress_instances,Tight,1,8301,9011008,add,2,Repair,8,1000,38,0,0,0,NaN,NaN,0.0038421,4293.90625809938,4293.90625809938,0,1,5260.35770335712,-0.183723522193359,0,NaN,0,0,NaN,0,repair
addition_stress_instances,Tight,1,8301,9011008,add,2,Repair,8,1500,38,0,0,0,NaN,NaN,0.0038421,4293.90625809938,4293.90625809938,0,1,5260.35770335712,-0.183723522193359,0,NaN,0,0,NaN,0,repair
addition_stress_instances,Tight,1,8301,9011008,add,2,Repair,8,2500,38,0,0,0,NaN,NaN,0.0038421,4293.90625809938,4293.90625809938,0,1,5260.35770335712,-0.183723522193359,0,NaN,0,0,NaN,0,repair
addition_stress_instances,Tight,1,8301,9011008,add,2,WarmPSO,8,500,500,200,0,25,NaN,NaN,0.2905323,4251.83316513849,4251.83316513849,0,1,5260.35770335712,-0.191721665158816,1,201,0,0,0,25,WarmPSO
addition_stress_instances,Tight,1,8301,9011008,add,2,WarmPSO,8,1000,980,200,0,25,NaN,NaN,0.2905323,4251.83316513849,4251.83316513849,0,1,5260.35770335712,-0.191721665158816,1,201,0,0,0,25,WarmPSO
addition_stress_instances,Tight,1,8301,9011008,add,2,WarmPSO,8,1500,1490,200,0,25,NaN,NaN,0.2905323,4251.83316513849,4251.83316513849,0,1,5260.35770335712,-0.191721665158816,1,201,0,0,0,25,WarmPSO
addition_stress_instances,Tight,1,8301,9011008,add,2,WarmPSO,8,2500,2480,200,0,25,NaN,NaN,0.2905323,4251.83316513849,4251.83316513849,0,1,5260.35770335712,-0.191721665158816,1,201,0,0,0,25,WarmPSO
addition_stress_instances,Tight,1,8301,9011008,add,2,WarmPSO_FixedRelocate,8,500,450,200,100,25,NaN,NaN,0.3317184,4204.41503442397,4204.41503442397,0,1,5260.35770335712,-0.200735905898426,1,201,0,1025,0.975609756097561,25,WarmPSO_FixedRelocate
addition_stress_instances,Tight,1,8301,9011008,add,2,WarmPSO_FixedRelocate,8,1000,1000,200,350,25,NaN,NaN,0.3317184,4056.31601269826,4056.31601269826,0,1,5260.35770335712,-0.228889698867903,1,201,0,1025,0.975609756097561,25,WarmPSO_FixedRelocate
addition_stress_instances,Tight,1,8301,9011008,add,2,WarmPSO_FixedRelocate,8,1500,1495,200,575,25,NaN,NaN,0.3317184,3704.82758142226,3704.82758142226,0,1,5260.35770335712,-0.295708050603124,1,201,0,1025,0.975609756097561,25,WarmPSO_FixedRelocate
addition_stress_instances,Tight,1,8301,9011008,add,2,WarmPSO_FixedRelocate,8,2500,2485,200,1025,25,NaN,NaN,0.3317184,3689.37066411146,3689.37066411146,0,1,5260.35770335712,-0.298646428215912,1,201,0,1025,0.975609756097561,25,WarmPSO_FixedRelocate
addition_stress_instances,Tight,1,8301,9011008,add,2,AdaptiveMemeticPSO,8,500,460,200,110,30,0,0,0.3934058,4204.41503442397,4204.41503442397,0,1,5260.35770335712,-0.200735905898426,1,201,0,1250,0.8,36.7647058823529,quality-relocate
addition_stress_instances,Tight,1,8301,9011008,add,2,AdaptiveMemeticPSO,8,1000,963,200,373,39,0,0.255784520132541,0.3934058,4056.31601269826,4056.31601269826,0,1,5260.35770335712,-0.228889698867903,1,201,0,1250,0.8,36.7647058823529,quality-relocate
addition_stress_instances,Tight,1,8301,9011008,add,2,AdaptiveMemeticPSO,8,1500,1452,200,652,40,0,0,0.3934058,3714.80433753805,3714.80433753805,0,1,5260.35770335712,-0.293811457884833,1,201,0,1250,0.8,36.7647058823529,quality-relocate
addition_stress_instances,Tight,1,8301,9011008,add,2,AdaptiveMemeticPSO,8,2500,2500,200,1250,38,0,0,0.3934058,3689.37066411146,3689.37066411146,0,1,5260.35770335712,-0.298646428215912,1,201,0,1250,0.8,36.7647058823529,quality-relocate
addition_stress_instances,Tight,1,8301,9011009,add,2,Repair,9,500,38,0,0,0,NaN,NaN,0.0083744,4293.90625809938,4293.90625809938,0,1,5260.35770335712,-0.183723522193359,0,NaN,0,0,NaN,0,repair
addition_stress_instances,Tight,1,8301,9011009,add,2,Repair,9,1000,38,0,0,0,NaN,NaN,0.0083744,4293.90625809938,4293.90625809938,0,1,5260.35770335712,-0.183723522193359,0,NaN,0,0,NaN,0,repair
addition_stress_instances,Tight,1,8301,9011009,add,2,Repair,9,1500,38,0,0,0,NaN,NaN,0.0083744,4293.90625809938,4293.90625809938,0,1,5260.35770335712,-0.183723522193359,0,NaN,0,0,NaN,0,repair
addition_stress_instances,Tight,1,8301,9011009,add,2,Repair,9,2500,38,0,0,0,NaN,NaN,0.0083744,4293.90625809938,4293.90625809938,0,1,5260.35770335712,-0.183723522193359,0,NaN,0,0,NaN,0,repair
addition_stress_instances,Tight,1,8301,9011009,add,2,WarmPSO,9,500,500,200,0,25,NaN,NaN,0.3536526,4282.33743278659,4282.33743278659,0,1,5260.35770335712,-0.185922769082103,1,201,0,0,0,25,WarmPSO
addition_stress_instances,Tight,1,8301,9011009,add,2,WarmPSO,9,1000,980,200,0,25,NaN,NaN,0.3536526,4282.33743278659,4282.33743278659,0,1,5260.35770335712,-0.185922769082103,1,201,0,0,0,25,WarmPSO
addition_stress_instances,Tight,1,8301,9011009,add,2,WarmPSO,9,1500,1490,200,0,25,NaN,NaN,0.3536526,4282.33743278659,4282.33743278659,0,1,5260.35770335712,-0.185922769082103,1,201,0,0,0,25,WarmPSO
addition_stress_instances,Tight,1,8301,9011009,add,2,WarmPSO,9,2500,2480,200,0,25,NaN,NaN,0.3536526,4282.33743278659,4282.33743278659,0,1,5260.35770335712,-0.185922769082103,1,201,0,0,0,25,WarmPSO
addition_stress_instances,Tight,1,8301,9011009,add,2,WarmPSO_FixedRelocate,9,500,450,200,100,25,NaN,NaN,0.4432156,4282.33743278659,4282.33743278659,0,1,5260.35770335712,-0.185922769082103,1,201,0,1025,0.975609756097561,25,WarmPSO_FixedRelocate
addition_stress_instances,Tight,1,8301,9011009,add,2,WarmPSO_FixedRelocate,9,1000,1000,200,350,25,NaN,NaN,0.4432156,3945.49862146836,3945.49862146836,0,1,5260.35770335712,-0.249956211352248,1,201,0,1025,0.975609756097561,25,WarmPSO_FixedRelocate
addition_stress_instances,Tight,1,8301,9011009,add,2,WarmPSO_FixedRelocate,9,1500,1495,200,575,25,NaN,NaN,0.4432156,3841.10164958588,3841.10164958588,0,1,5260.35770335712,-0.269802194794754,1,201,0,1025,0.975609756097561,25,WarmPSO_FixedRelocate
addition_stress_instances,Tight,1,8301,9011009,add,2,WarmPSO_FixedRelocate,9,2500,2485,200,1025,25,NaN,NaN,0.4432156,3704.82758142226,3704.82758142226,0,1,5260.35770335712,-0.295708050603124,1,201,0,1025,0.975609756097561,25,WarmPSO_FixedRelocate
addition_stress_instances,Tight,1,8301,9011009,add,2,AdaptiveMemeticPSO,9,500,450,200,100,25,0,0,0.4764864,4282.33743278659,4282.33743278659,0,1,5260.35770335712,-0.185922769082103,1,201,0,1232,0.811688311688312,35.2,quality-relocate
addition_stress_instances,Tight,1,8301,9011009,add,2,AdaptiveMemeticPSO,9,1000,944,200,354,39,0,1.62403798903757,0.4764864,4070.65398749826,4070.65398749826,0,1,5260.35770335712,-0.226164033502817,1,201,0,1232,0.811688311688312,35.2,quality-relocate
addition_stress_instances,Tight,1,8301,9011009,add,2,AdaptiveMemeticPSO,9,1500,1432,200,632,40,0,2.60968898655833,0.4764864,3841.11106200603,3841.11106200603,0,1,5260.35770335712,-0.269800405482947,1,201,0,1232,0.811688311688312,35.2,quality-relocate
addition_stress_instances,Tight,1,8301,9011009,add,2,AdaptiveMemeticPSO,9,2500,2500,200,1232,0,0,0,0.4764864,3704.82758142226,3704.82758142226,0,1,5260.35770335712,-0.295708050603124,1,201,0,1232,0.811688311688312,35.2,quality-relocate
addition_stress_instances,Tight,1,8301,9011010,add,2,Repair,10,500,38,0,0,0,NaN,NaN,0.0046981,4293.90625809938,4293.90625809938,0,1,5260.35770335712,-0.183723522193359,0,NaN,0,0,NaN,0,repair
addition_stress_instances,Tight,1,8301,9011010,add,2,Repair,10,1000,38,0,0,0,NaN,NaN,0.0046981,4293.90625809938,4293.90625809938,0,1,5260.35770335712,-0.183723522193359,0,NaN,0,0,NaN,0,repair
addition_stress_instances,Tight,1,8301,9011010,add,2,Repair,10,1500,38,0,0,0,NaN,NaN,0.0046981,4293.90625809938,4293.90625809938,0,1,5260.35770335712,-0.183723522193359,0,NaN,0,0,NaN,0,repair
addition_stress_instances,Tight,1,8301,9011010,add,2,Repair,10,2500,38,0,0,0,NaN,NaN,0.0046981,4293.90625809938,4293.90625809938,0,1,5260.35770335712,-0.183723522193359,0,NaN,0,0,NaN,0,repair
addition_stress_instances,Tight,1,8301,9011010,add,2,WarmPSO,10,500,500,200,0,25,NaN,NaN,0.3287277,4251.83316513849,4251.83316513849,0,1,5260.35770335712,-0.191721665158816,1,201,0,0,0,25,WarmPSO
addition_stress_instances,Tight,1,8301,9011010,add,2,WarmPSO,10,1000,980,200,0,25,NaN,NaN,0.3287277,4251.83316513849,4251.83316513849,0,1,5260.35770335712,-0.191721665158816,1,201,0,0,0,25,WarmPSO
addition_stress_instances,Tight,1,8301,9011010,add,2,WarmPSO,10,1500,1490,200,0,25,NaN,NaN,0.3287277,4251.83316513849,4251.83316513849,0,1,5260.35770335712,-0.191721665158816,1,201,0,0,0,25,WarmPSO
addition_stress_instances,Tight,1,8301,9011010,add,2,WarmPSO,10,2500,2480,200,0,25,NaN,NaN,0.3287277,4251.83316513849,4251.83316513849,0,1,5260.35770335712,-0.191721665158816,1,201,0,0,0,25,WarmPSO
addition_stress_instances,Tight,1,8301,9011010,add,2,WarmPSO_FixedRelocate,10,500,450,200,100,25,NaN,NaN,0.3877739,4184.73612613324,4184.73612613324,0,1,5260.35770335712,-0.204476888812604,1,201,0,1025,0.780487804878049,25,WarmPSO_FixedRelocate
addition_stress_instances,Tight,1,8301,9011010,add,2,WarmPSO_FixedRelocate,10,1000,1000,200,350,25,NaN,NaN,0.3877739,3888.5197803004,3888.5197803004,0,1,5260.35770335712,-0.260787954055144,1,201,0,1025,0.780487804878049,25,WarmPSO_FixedRelocate
addition_stress_instances,Tight,1,8301,9011010,add,2,WarmPSO_FixedRelocate,10,1500,1495,200,575,25,NaN,NaN,0.3877739,3841.10164958588,3841.10164958588,0,1,5260.35770335712,-0.269802194794754,1,201,0,1025,0.780487804878049,25,WarmPSO_FixedRelocate
addition_stress_instances,Tight,1,8301,9011010,add,2,WarmPSO_FixedRelocate,10,2500,2485,200,1025,25,NaN,NaN,0.3877739,3689.37066411146,3689.37066411146,0,1,5260.35770335712,-0.298646428215912,1,201,0,1025,0.780487804878049,25,WarmPSO_FixedRelocate
addition_stress_instances,Tight,1,8301,9011010,add,2,AdaptiveMemeticPSO,10,500,465,200,115,30,0,0,0.3880775,4184.73612613324,4184.73612613324,0,1,5260.35770335712,-0.204476888812604,1,201,0,1236,0.566343042071197,35.3142857142857,quality-relocate
addition_stress_instances,Tight,1,8301,9011010,add,2,AdaptiveMemeticPSO,10,1000,953,200,363,38,0,0.565399344503583,0.3880775,4092.22456460681,4092.22456460681,0,1,5260.35770335712,-0.222063442188507,1,201,0,1236,0.566343042071197,35.3142857142857,quality-relocate
addition_stress_instances,Tight,1,8301,9011010,add,2,AdaptiveMemeticPSO,10,1500,1436,200,636,39,0,1.21584950550054,0.3880775,4044.80643389229,4044.80643389229,0,1,5260.35770335712,-0.231077682928117,1,201,0,1236,0.566343042071197,35.3142857142857,quality-relocate
addition_stress_instances,Tight,1,8301,9011010,add,2,AdaptiveMemeticPSO,10,2500,2500,200,1236,0,0,0,0.3880775,3841.10164958588,3841.10164958588,0,1,5260.35770335712,-0.269802194794754,1,201,0,1236,0.566343042071197,35.3142857142857,quality-relocate
addition_stress_instances,Far,1,8201,8911001,add,2,Repair,1,500,38,0,0,0,NaN,NaN,0.0033685,4118.96025347346,4118.96025347346,0,1,5118.95536046442,-0.195351402107213,0,NaN,0,0,NaN,0,repair
addition_stress_instances,Far,1,8201,8911001,add,2,Repair,1,1000,38,0,0,0,NaN,NaN,0.0033685,4118.96025347346,4118.96025347346,0,1,5118.95536046442,-0.195351402107213,0,NaN,0,0,NaN,0,repair
addition_stress_instances,Far,1,8201,8911001,add,2,Repair,1,1500,38,0,0,0,NaN,NaN,0.0033685,4118.96025347346,4118.96025347346,0,1,5118.95536046442,-0.195351402107213,0,NaN,0,0,NaN,0,repair
addition_stress_instances,Far,1,8201,8911001,add,2,Repair,1,2500,38,0,0,0,NaN,NaN,0.0033685,4118.96025347346,4118.96025347346,0,1,5118.95536046442,-0.195351402107213,0,NaN,0,0,NaN,0,repair
addition_stress_instances,Far,1,8201,8911001,add,2,WarmPSO,1,500,500,200,0,25,NaN,NaN,0.2324086,4118.96025347346,4118.96025347346,0,1,5118.95536046442,-0.195351402107213,0,201,0,0,0,25,WarmPSO
addition_stress_instances,Far,1,8201,8911001,add,2,WarmPSO,1,1000,980,200,0,25,NaN,NaN,0.2324086,4118.96025347346,4118.96025347346,0,1,5118.95536046442,-0.195351402107213,0,201,0,0,0,25,WarmPSO
addition_stress_instances,Far,1,8201,8911001,add,2,WarmPSO,1,1500,1490,200,0,25,NaN,NaN,0.2324086,4118.96025347346,4118.96025347346,0,1,5118.95536046442,-0.195351402107213,0,201,0,0,0,25,WarmPSO
addition_stress_instances,Far,1,8201,8911001,add,2,WarmPSO,1,2500,2480,200,0,25,NaN,NaN,0.2324086,4118.96025347346,4118.96025347346,0,1,5118.95536046442,-0.195351402107213,0,201,0,0,0,25,WarmPSO
addition_stress_instances,Far,1,8201,8911001,add,2,WarmPSO_FixedRelocate,1,500,450,200,100,25,NaN,NaN,0.2794902,4118.96025347346,4118.96025347346,0,1,5118.95536046442,-0.195351402107213,0,201,0,1025,0.682926829268293,25,WarmPSO_FixedRelocate
addition_stress_instances,Far,1,8201,8911001,add,2,WarmPSO_FixedRelocate,1,1000,1000,200,350,25,NaN,NaN,0.2794902,4118.96025347346,4118.96025347346,0,1,5118.95536046442,-0.195351402107213,0,201,0,1025,0.682926829268293,25,WarmPSO_FixedRelocate
addition_stress_instances,Far,1,8201,8911001,add,2,WarmPSO_FixedRelocate,1,1500,1495,200,575,25,NaN,NaN,0.2794902,3906.1933250556,3906.1933250556,0,1,5118.95536046442,-0.236915923271266,1,201,0,1025,0.682926829268293,25,WarmPSO_FixedRelocate
addition_stress_instances,Far,1,8201,8911001,add,2,WarmPSO_FixedRelocate,1,2500,2485,200,1025,25,NaN,NaN,0.2794902,3761.97103945239,3761.97103945239,0,1,5118.95536046442,-0.265090086835396,1,201,0,1025,0.682926829268293,25,WarmPSO_FixedRelocate
addition_stress_instances,Far,1,8201,8911001,add,2,AdaptiveMemeticPSO,1,500,490,200,110,22,0,0,0.2808297,4118.96025347346,4118.96025347346,0,1,5118.95536046442,-0.195351402107213,0,201,0,1169,0.513259195893926,31.5945945945946,quality-relocate
addition_stress_instances,Far,1,8201,8911001,add,2,AdaptiveMemeticPSO,1,1000,958,200,308,22,0,0,0.2808297,4118.96025347346,4118.96025347346,0,1,5118.95536046442,-0.195351402107213,0,201,0,1169,0.513259195893926,31.5945945945946,quality-relocate
addition_stress_instances,Far,1,8201,8911001,add,2,AdaptiveMemeticPSO,1,1500,1499,200,609,40,0,0,0.2808297,3891.1120251003,3891.1120251003,0,1,5118.95536046442,-0.239862090778756,1,201,0,1169,0.513259195893926,31.5945945945946,quality-relocate
addition_stress_instances,Far,1,8201,8911001,add,2,AdaptiveMemeticPSO,1,2500,2500,200,1169,0,0,0,0.2808297,3857.71334077939,3857.71334077939,0,1,5118.95536046442,-0.246386602513879,1,201,0,1169,0.513259195893926,31.5945945945946,quality-relocate
addition_stress_instances,Far,1,8201,8911002,add,2,Repair,2,500,38,0,0,0,NaN,NaN,0.0031714,4118.96025347346,4118.96025347346,0,1,5118.95536046442,-0.195351402107213,0,NaN,0,0,NaN,0,repair
addition_stress_instances,Far,1,8201,8911002,add,2,Repair,2,1000,38,0,0,0,NaN,NaN,0.0031714,4118.96025347346,4118.96025347346,0,1,5118.95536046442,-0.195351402107213,0,NaN,0,0,NaN,0,repair
addition_stress_instances,Far,1,8201,8911002,add,2,Repair,2,1500,38,0,0,0,NaN,NaN,0.0031714,4118.96025347346,4118.96025347346,0,1,5118.95536046442,-0.195351402107213,0,NaN,0,0,NaN,0,repair
addition_stress_instances,Far,1,8201,8911002,add,2,Repair,2,2500,38,0,0,0,NaN,NaN,0.0031714,4118.96025347346,4118.96025347346,0,1,5118.95536046442,-0.195351402107213,0,NaN,0,0,NaN,0,repair
addition_stress_instances,Far,1,8201,8911002,add,2,WarmPSO,2,500,500,200,0,25,NaN,NaN,0.2393781,4118.96025347346,4118.96025347346,0,1,5118.95536046442,-0.195351402107213,0,201,0,0,0,25,WarmPSO
addition_stress_instances,Far,1,8201,8911002,add,2,WarmPSO,2,1000,980,200,0,25,NaN,NaN,0.2393781,4118.96025347346,4118.96025347346,0,1,5118.95536046442,-0.195351402107213,0,201,0,0,0,25,WarmPSO
addition_stress_instances,Far,1,8201,8911002,add,2,WarmPSO,2,1500,1490,200,0,25,NaN,NaN,0.2393781,4118.96025347346,4118.96025347346,0,1,5118.95536046442,-0.195351402107213,0,201,0,0,0,25,WarmPSO
addition_stress_instances,Far,1,8201,8911002,add,2,WarmPSO,2,2500,2480,200,0,25,NaN,NaN,0.2393781,4118.96025347346,4118.96025347346,0,1,5118.95536046442,-0.195351402107213,0,201,0,0,0,25,WarmPSO
addition_stress_instances,Far,1,8201,8911002,add,2,WarmPSO_FixedRelocate,2,500,450,200,100,25,NaN,NaN,0.2949026,4118.96025347346,4118.96025347346,0,1,5118.95536046442,-0.195351402107213,0,201,0,1025,0.390243902439024,25,WarmPSO_FixedRelocate
addition_stress_instances,Far,1,8201,8911002,add,2,WarmPSO_FixedRelocate,2,1000,1000,200,350,25,NaN,NaN,0.2949026,3991.86526586169,3991.86526586169,0,1,5118.95536046442,-0.220179707623096,1,201,0,1025,0.390243902439024,25,WarmPSO_FixedRelocate
addition_stress_instances,Far,1,8201,8911002,add,2,WarmPSO_FixedRelocate,2,1500,1495,200,575,25,NaN,NaN,0.2949026,3878.75057077638,3878.75057077638,0,1,5118.95536046442,-0.24227693002885,1,201,0,1025,0.390243902439024,25,WarmPSO_FixedRelocate
addition_stress_instances,Far,1,8201,8911002,add,2,WarmPSO_FixedRelocate,2,2500,2485,200,1025,25,NaN,NaN,0.2949026,3878.75057077638,3878.75057077638,0,1,5118.95536046442,-0.24227693002885,1,201,0,1025,0.390243902439024,25,WarmPSO_FixedRelocate
addition_stress_instances,Far,1,8201,8911002,add,2,AdaptiveMemeticPSO,2,500,490,200,110,22,0,0,0.2729586,4118.96025347346,4118.96025347346,0,1,5118.95536046442,-0.195351402107213,0,201,0,1195,0.418410041841004,33.1944444444444,quality-relocate
addition_stress_instances,Far,1,8201,8911002,add,2,AdaptiveMemeticPSO,2,1000,940,200,320,39,0,0.990818402717231,0.2729586,3991.86526586169,3991.86526586169,0,1,5118.95536046442,-0.220179707623096,1,201,0,1195,0.418410041841004,33.1944444444444,quality-relocate
addition_stress_instances,Far,1,8201,8911002,add,2,AdaptiveMemeticPSO,2,1500,1495,200,635,40,0,0,0.2729586,3857.71334077939,3857.71334077939,0,1,5118.95536046442,-0.246386602513879,1,201,0,1195,0.418410041841004,33.1944444444444,quality-relocate
addition_stress_instances,Far,1,8201,8911002,add,2,AdaptiveMemeticPSO,2,2500,2500,200,1195,0,0,0,0.2729586,3857.71334077939,3857.71334077939,0,1,5118.95536046442,-0.246386602513879,1,201,0,1195,0.418410041841004,33.1944444444444,quality-relocate
addition_stress_instances,Far,1,8201,8911003,add,2,Repair,3,500,38,0,0,0,NaN,NaN,0.0030489,4118.96025347346,4118.96025347346,0,1,5118.95536046442,-0.195351402107213,0,NaN,0,0,NaN,0,repair
addition_stress_instances,Far,1,8201,8911003,add,2,Repair,3,1000,38,0,0,0,NaN,NaN,0.0030489,4118.96025347346,4118.96025347346,0,1,5118.95536046442,-0.195351402107213,0,NaN,0,0,NaN,0,repair
addition_stress_instances,Far,1,8201,8911003,add,2,Repair,3,1500,38,0,0,0,NaN,NaN,0.0030489,4118.96025347346,4118.96025347346,0,1,5118.95536046442,-0.195351402107213,0,NaN,0,0,NaN,0,repair
addition_stress_instances,Far,1,8201,8911003,add,2,Repair,3,2500,38,0,0,0,NaN,NaN,0.0030489,4118.96025347346,4118.96025347346,0,1,5118.95536046442,-0.195351402107213,0,NaN,0,0,NaN,0,repair
addition_stress_instances,Far,1,8201,8911003,add,2,WarmPSO,3,500,500,200,0,25,NaN,NaN,0.2229028,4118.96025347346,4118.96025347346,0,1,5118.95536046442,-0.195351402107213,0,201,0,0,0,25,WarmPSO
addition_stress_instances,Far,1,8201,8911003,add,2,WarmPSO,3,1000,980,200,0,25,NaN,NaN,0.2229028,4118.96025347346,4118.96025347346,0,1,5118.95536046442,-0.195351402107213,0,201,0,0,0,25,WarmPSO
addition_stress_instances,Far,1,8201,8911003,add,2,WarmPSO,3,1500,1490,200,0,25,NaN,NaN,0.2229028,4118.96025347346,4118.96025347346,0,1,5118.95536046442,-0.195351402107213,0,201,0,0,0,25,WarmPSO
addition_stress_instances,Far,1,8201,8911003,add,2,WarmPSO,3,2500,2480,200,0,25,NaN,NaN,0.2229028,4118.96025347346,4118.96025347346,0,1,5118.95536046442,-0.195351402107213,0,201,0,0,0,25,WarmPSO
addition_stress_instances,Far,1,8201,8911003,add,2,WarmPSO_FixedRelocate,3,500,450,200,100,25,NaN,NaN,0.2785752,4037.19501652994,4037.19501652994,0,1,5118.95536046442,-0.211324433943948,1,201,0,1025,0.682926829268293,25,WarmPSO_FixedRelocate
addition_stress_instances,Far,1,8201,8911003,add,2,WarmPSO_FixedRelocate,3,1000,1000,200,350,25,NaN,NaN,0.2785752,3906.1933250556,3906.1933250556,0,1,5118.95536046442,-0.236915923271266,1,201,0,1025,0.682926829268293,25,WarmPSO_FixedRelocate
addition_stress_instances,Far,1,8201,8911003,add,2,WarmPSO_FixedRelocate,3,1500,1495,200,575,25,NaN,NaN,0.2785752,3885.58819353996,3885.58819353996,0,1,5118.95536046442,-0.240941184299089,1,201,0,1025,0.682926829268293,25,WarmPSO_FixedRelocate
addition_stress_instances,Far,1,8201,8911003,add,2,WarmPSO_FixedRelocate,3,2500,2485,200,1025,25,NaN,NaN,0.2785752,3761.97103945239,3761.97103945239,0,1,5118.95536046442,-0.265090086835396,1,201,0,1025,0.682926829268293,25,WarmPSO_FixedRelocate
addition_stress_instances,Far,1,8201,8911003,add,2,AdaptiveMemeticPSO,3,500,460,200,80,16,0,0,0.3123565,4118.96025347346,4118.96025347346,0,1,5118.95536046442,-0.195351402107213,0,201,0,984,0.203252032520325,22.8837209302326,quality-relocate
addition_stress_instances,Far,1,8201,8911003,add,2,AdaptiveMemeticPSO,3,1000,966,200,256,16,0,0,0.3123565,4118.96025347346,4118.96025347346,0,1,5118.95536046442,-0.195351402107213,0,201,0,984,0.203252032520325,22.8837209302326,quality-relocate
addition_stress_instances,Far,1,8201,8911003,add,2,AdaptiveMemeticPSO,3,1500,1472,200,432,16,0,0,0.3123565,4118.96025347346,4118.96025347346,0,1,5118.95536046442,-0.195351402107213,0,201,0,984,0.203252032520325,22.8837209302326,quality-relocate
addition_stress_instances,Far,1,8201,8911003,add,2,AdaptiveMemeticPSO,3,2500,2500,200,984,0,0,0,0.3123565,3983.08905285314,3983.08905285314,0,1,5118.95536046442,-0.221894161528346,1,201,0,984,0.203252032520325,22.8837209302326,quality-relocate
addition_stress_instances,Far,1,8201,8911004,add,2,Repair,4,500,38,0,0,0,NaN,NaN,0.0033501,4118.96025347346,4118.96025347346,0,1,5118.95536046442,-0.195351402107213,0,NaN,0,0,NaN,0,repair
addition_stress_instances,Far,1,8201,8911004,add,2,Repair,4,1000,38,0,0,0,NaN,NaN,0.0033501,4118.96025347346,4118.96025347346,0,1,5118.95536046442,-0.195351402107213,0,NaN,0,0,NaN,0,repair
addition_stress_instances,Far,1,8201,8911004,add,2,Repair,4,1500,38,0,0,0,NaN,NaN,0.0033501,4118.96025347346,4118.96025347346,0,1,5118.95536046442,-0.195351402107213,0,NaN,0,0,NaN,0,repair
addition_stress_instances,Far,1,8201,8911004,add,2,Repair,4,2500,38,0,0,0,NaN,NaN,0.0033501,4118.96025347346,4118.96025347346,0,1,5118.95536046442,-0.195351402107213,0,NaN,0,0,NaN,0,repair
addition_stress_instances,Far,1,8201,8911004,add,2,WarmPSO,4,500,500,200,0,25,NaN,NaN,0.224558,4118.96025347346,4118.96025347346,0,1,5118.95536046442,-0.195351402107213,0,201,0,0,0,25,WarmPSO
addition_stress_instances,Far,1,8201,8911004,add,2,WarmPSO,4,1000,980,200,0,25,NaN,NaN,0.224558,4118.96025347346,4118.96025347346,0,1,5118.95536046442,-0.195351402107213,0,201,0,0,0,25,WarmPSO
addition_stress_instances,Far,1,8201,8911004,add,2,WarmPSO,4,1500,1490,200,0,25,NaN,NaN,0.224558,4118.96025347346,4118.96025347346,0,1,5118.95536046442,-0.195351402107213,0,201,0,0,0,25,WarmPSO
addition_stress_instances,Far,1,8201,8911004,add,2,WarmPSO,4,2500,2480,200,0,25,NaN,NaN,0.224558,4118.96025347346,4118.96025347346,0,1,5118.95536046442,-0.195351402107213,0,201,0,0,0,25,WarmPSO
addition_stress_instances,Far,1,8201,8911004,add,2,WarmPSO_FixedRelocate,4,500,450,200,100,25,NaN,NaN,0.2483881,4082.26021104741,4082.26021104741,0,1,5118.95536046442,-0.20252084193267,1,201,0,1025,0.682926829268293,25,WarmPSO_FixedRelocate
addition_stress_instances,Far,1,8201,8911004,add,2,WarmPSO_FixedRelocate,4,1000,1000,200,350,25,NaN,NaN,0.2483881,3990.71905369282,3990.71905369282,0,1,5118.95536046442,-0.220403622873016,1,201,0,1025,0.682926829268293,25,WarmPSO_FixedRelocate
addition_stress_instances,Far,1,8201,8911004,add,2,WarmPSO_FixedRelocate,4,1500,1495,200,575,25,NaN,NaN,0.2483881,3931.02008946666,3931.02008946666,0,1,5118.95536046442,-0.232065956302847,1,201,0,1025,0.682926829268293,25,WarmPSO_FixedRelocate
addition_stress_instances,Far,1,8201,8911004,add,2,WarmPSO_FixedRelocate,4,2500,2485,200,1025,25,NaN,NaN,0.2483881,3893.83187073167,3893.83187073167,0,1,5118.95536046442,-0.239330762521359,1,201,0,1025,0.682926829268293,25,WarmPSO_FixedRelocate
addition_stress_instances,Far,1,8201,8911004,add,2,AdaptiveMemeticPSO,4,500,458,200,108,29,0,0,0.2487119,4082.26021104741,4082.26021104741,0,1,5118.95536046442,-0.20252084193267,1,201,0,1235,0.48582995951417,35.2857142857143,quality-relocate
addition_stress_instances,Far,1,8201,8911004,add,2,AdaptiveMemeticPSO,4,1000,957,200,367,36,0,1.29099896769781,0.2487119,3990.71905369282,3990.71905369282,0,1,5118.95536046442,-0.220403622873016,1,201,0,1235,0.48582995951417,35.2857142857143,quality-relocate
addition_stress_instances,Far,1,8201,8911004,add,2,AdaptiveMemeticPSO,4,1500,1435,200,635,40,0,0,0.2487119,3931.02008946666,3931.02008946666,0,1,5118.95536046442,-0.232065956302847,1,201,0,1235,0.48582995951417,35.2857142857143,quality-relocate
addition_stress_instances,Far,1,8201,8911004,add,2,AdaptiveMemeticPSO,4,2500,2500,200,1235,0,0,0,0.2487119,3931.02008946666,3931.02008946666,0,1,5118.95536046442,-0.232065956302847,1,201,0,1235,0.48582995951417,35.2857142857143,quality-relocate
addition_stress_instances,Far,1,8201,8911005,add,2,Repair,5,500,38,0,0,0,NaN,NaN,0.0030211,4118.96025347346,4118.96025347346,0,1,5118.95536046442,-0.195351402107213,0,NaN,0,0,NaN,0,repair
addition_stress_instances,Far,1,8201,8911005,add,2,Repair,5,1000,38,0,0,0,NaN,NaN,0.0030211,4118.96025347346,4118.96025347346,0,1,5118.95536046442,-0.195351402107213,0,NaN,0,0,NaN,0,repair
addition_stress_instances,Far,1,8201,8911005,add,2,Repair,5,1500,38,0,0,0,NaN,NaN,0.0030211,4118.96025347346,4118.96025347346,0,1,5118.95536046442,-0.195351402107213,0,NaN,0,0,NaN,0,repair
addition_stress_instances,Far,1,8201,8911005,add,2,Repair,5,2500,38,0,0,0,NaN,NaN,0.0030211,4118.96025347346,4118.96025347346,0,1,5118.95536046442,-0.195351402107213,0,NaN,0,0,NaN,0,repair
addition_stress_instances,Far,1,8201,8911005,add,2,WarmPSO,5,500,500,200,0,25,NaN,NaN,0.2112336,4118.96025347346,4118.96025347346,0,1,5118.95536046442,-0.195351402107213,0,201,0,0,0,25,WarmPSO
addition_stress_instances,Far,1,8201,8911005,add,2,WarmPSO,5,1000,980,200,0,25,NaN,NaN,0.2112336,4118.96025347346,4118.96025347346,0,1,5118.95536046442,-0.195351402107213,0,201,0,0,0,25,WarmPSO
addition_stress_instances,Far,1,8201,8911005,add,2,WarmPSO,5,1500,1490,200,0,25,NaN,NaN,0.2112336,4118.96025347346,4118.96025347346,0,1,5118.95536046442,-0.195351402107213,0,201,0,0,0,25,WarmPSO
addition_stress_instances,Far,1,8201,8911005,add,2,WarmPSO,5,2500,2480,200,0,25,NaN,NaN,0.2112336,4118.96025347346,4118.96025347346,0,1,5118.95536046442,-0.195351402107213,0,201,0,0,0,25,WarmPSO
addition_stress_instances,Far,1,8201,8911005,add,2,WarmPSO_FixedRelocate,5,500,450,200,100,25,NaN,NaN,0.2495857,4118.96025347346,4118.96025347346,0,1,5118.95536046442,-0.195351402107213,0,201,0,1025,0.682926829268293,25,WarmPSO_FixedRelocate
addition_stress_instances,Far,1,8201,8911005,add,2,WarmPSO_FixedRelocate,5,1000,1000,200,350,25,NaN,NaN,0.2495857,4082.26021104741,4082.26021104741,0,1,5118.95536046442,-0.20252084193267,1,201,0,1025,0.682926829268293,25,WarmPSO_FixedRelocate
addition_stress_instances,Far,1,8201,8911005,add,2,WarmPSO_FixedRelocate,5,1500,1495,200,575,25,NaN,NaN,0.2495857,3891.1120251003,3891.1120251003,0,1,5118.95536046442,-0.239862090778756,1,201,0,1025,0.682926829268293,25,WarmPSO_FixedRelocate
addition_stress_instances,Far,1,8201,8911005,add,2,WarmPSO_FixedRelocate,5,2500,2485,200,1025,25,NaN,NaN,0.2495857,3878.75057077638,3878.75057077638,0,1,5118.95536046442,-0.24227693002885,1,201,0,1025,0.682926829268293,25,WarmPSO_FixedRelocate
addition_stress_instances,Far,1,8201,8911005,add,2,AdaptiveMemeticPSO,5,500,475,200,95,15,0,0,0.2417296,4118.96025347346,4118.96025347346,0,1,5118.95536046442,-0.195351402107213,0,201,0,1165,0.858369098712446,31.4864864864865,quality-relocate
addition_stress_instances,Far,1,8201,8911005,add,2,AdaptiveMemeticPSO,5,1000,967,200,317,33,0,0,0.2417296,4069.17046120283,4069.17046120283,0,1,5118.95536046442,-0.205077955430021,1,201,0,1165,0.858369098712446,31.4864864864865,quality-relocate
addition_stress_instances,Far,1,8201,8911005,add,2,AdaptiveMemeticPSO,5,1500,1438,200,578,39,0,0,0.2417296,3931.02008946666,3931.02008946666,0,1,5118.95536046442,-0.232065956302847,1,201,0,1165,0.858369098712446,31.4864864864865,quality-relocate
addition_stress_instances,Far,1,8201,8911005,add,2,AdaptiveMemeticPSO,5,2500,2500,200,1165,0,0,0,0.2417296,3815.18989700772,3815.18989700772,0,1,5118.95536046442,-0.254693657523597,1,201,0,1165,0.858369098712446,31.4864864864865,quality-relocate
addition_stress_instances,Far,1,8201,8911006,add,2,Repair,6,500,38,0,0,0,NaN,NaN,0.0029963,4118.96025347346,4118.96025347346,0,1,5118.95536046442,-0.195351402107213,0,NaN,0,0,NaN,0,repair
addition_stress_instances,Far,1,8201,8911006,add,2,Repair,6,1000,38,0,0,0,NaN,NaN,0.0029963,4118.96025347346,4118.96025347346,0,1,5118.95536046442,-0.195351402107213,0,NaN,0,0,NaN,0,repair
addition_stress_instances,Far,1,8201,8911006,add,2,Repair,6,1500,38,0,0,0,NaN,NaN,0.0029963,4118.96025347346,4118.96025347346,0,1,5118.95536046442,-0.195351402107213,0,NaN,0,0,NaN,0,repair
addition_stress_instances,Far,1,8201,8911006,add,2,Repair,6,2500,38,0,0,0,NaN,NaN,0.0029963,4118.96025347346,4118.96025347346,0,1,5118.95536046442,-0.195351402107213,0,NaN,0,0,NaN,0,repair
addition_stress_instances,Far,1,8201,8911006,add,2,WarmPSO,6,500,500,200,0,25,NaN,NaN,0.2125972,4118.96025347346,4118.96025347346,0,1,5118.95536046442,-0.195351402107213,0,201,0,0,0,25,WarmPSO
addition_stress_instances,Far,1,8201,8911006,add,2,WarmPSO,6,1000,980,200,0,25,NaN,NaN,0.2125972,4118.96025347346,4118.96025347346,0,1,5118.95536046442,-0.195351402107213,0,201,0,0,0,25,WarmPSO
addition_stress_instances,Far,1,8201,8911006,add,2,WarmPSO,6,1500,1490,200,0,25,NaN,NaN,0.2125972,4118.96025347346,4118.96025347346,0,1,5118.95536046442,-0.195351402107213,0,201,0,0,0,25,WarmPSO
addition_stress_instances,Far,1,8201,8911006,add,2,WarmPSO,6,2500,2480,200,0,25,NaN,NaN,0.2125972,4118.96025347346,4118.96025347346,0,1,5118.95536046442,-0.195351402107213,0,201,0,0,0,25,WarmPSO
addition_stress_instances,Far,1,8201,8911006,add,2,WarmPSO_FixedRelocate,6,500,450,200,100,25,NaN,NaN,0.2476685,4030.50718356766,4030.50718356766,0,1,5118.95536046442,-0.212630917882826,1,201,0,1025,0.292682926829268,25,WarmPSO_FixedRelocate
addition_stress_instances,Far,1,8201,8911006,add,2,WarmPSO_FixedRelocate,6,1000,1000,200,350,25,NaN,NaN,0.2476685,4030.50718356766,4030.50718356766,0,1,5118.95536046442,-0.212630917882826,1,201,0,1025,0.292682926829268,25,WarmPSO_FixedRelocate
addition_stress_instances,Far,1,8201,8911006,add,2,WarmPSO_FixedRelocate,6,1500,1495,200,575,25,NaN,NaN,0.2476685,3972.78936865727,3972.78936865727,0,1,5118.95536046442,-0.223906229122335,1,201,0,1025,0.292682926829268,25,WarmPSO_FixedRelocate
addition_stress_instances,Far,1,8201,8911006,add,2,WarmPSO_FixedRelocate,6,2500,2485,200,1025,25,NaN,NaN,0.2476685,3972.78936865727,3972.78936865727,0,1,5118.95536046442,-0.223906229122335,1,201,0,1025,0.292682926829268,25,WarmPSO_FixedRelocate
addition_stress_instances,Far,1,8201,8911006,add,2,AdaptiveMemeticPSO,6,500,458,200,108,33,0,0,0.2492322,4030.50718356766,4030.50718356766,0,1,5118.95536046442,-0.212630917882826,1,201,0,1221,0.491400491400491,34.8857142857143,quality-relocate
addition_stress_instances,Far,1,8201,8911006,add,2,AdaptiveMemeticPSO,6,1000,962,200,372,33,0,0,0.2492322,4030.50718356766,4030.50718356766,0,1,5118.95536046442,-0.212630917882826,1,201,0,1221,0.491400491400491,34.8857142857143,quality-relocate
addition_stress_instances,Far,1,8201,8911006,add,2,AdaptiveMemeticPSO,6,1500,1433,200,633,39,0,0,0.2492322,3956.24310094787,3956.24310094787,0,1,5118.95536046442,-0.227138581534938,1,201,0,1221,0.491400491400491,34.8857142857143,quality-relocate
addition_stress_instances,Far,1,8201,8911006,add,2,AdaptiveMemeticPSO,6,2500,2500,200,1221,0,0,0,0.2492322,3859.62302239051,3859.62302239051,0,1,5118.95536046442,-0.246013541708178,1,201,0,1221,0.491400491400491,34.8857142857143,quality-relocate
addition_stress_instances,Far,1,8201,8911007,add,2,Repair,7,500,38,0,0,0,NaN,NaN,0.002954,4118.96025347346,4118.96025347346,0,1,5118.95536046442,-0.195351402107213,0,NaN,0,0,NaN,0,repair
addition_stress_instances,Far,1,8201,8911007,add,2,Repair,7,1000,38,0,0,0,NaN,NaN,0.002954,4118.96025347346,4118.96025347346,0,1,5118.95536046442,-0.195351402107213,0,NaN,0,0,NaN,0,repair
addition_stress_instances,Far,1,8201,8911007,add,2,Repair,7,1500,38,0,0,0,NaN,NaN,0.002954,4118.96025347346,4118.96025347346,0,1,5118.95536046442,-0.195351402107213,0,NaN,0,0,NaN,0,repair
addition_stress_instances,Far,1,8201,8911007,add,2,Repair,7,2500,38,0,0,0,NaN,NaN,0.002954,4118.96025347346,4118.96025347346,0,1,5118.95536046442,-0.195351402107213,0,NaN,0,0,NaN,0,repair
addition_stress_instances,Far,1,8201,8911007,add,2,WarmPSO,7,500,500,200,0,25,NaN,NaN,0.2064748,4118.96025347346,4118.96025347346,0,1,5118.95536046442,-0.195351402107213,0,201,0,0,0,25,WarmPSO
addition_stress_instances,Far,1,8201,8911007,add,2,WarmPSO,7,1000,980,200,0,25,NaN,NaN,0.2064748,4118.96025347346,4118.96025347346,0,1,5118.95536046442,-0.195351402107213,0,201,0,0,0,25,WarmPSO
addition_stress_instances,Far,1,8201,8911007,add,2,WarmPSO,7,1500,1490,200,0,25,NaN,NaN,0.2064748,4118.96025347346,4118.96025347346,0,1,5118.95536046442,-0.195351402107213,0,201,0,0,0,25,WarmPSO
addition_stress_instances,Far,1,8201,8911007,add,2,WarmPSO,7,2500,2480,200,0,25,NaN,NaN,0.2064748,4118.96025347346,4118.96025347346,0,1,5118.95536046442,-0.195351402107213,0,201,0,0,0,25,WarmPSO
addition_stress_instances,Far,1,8201,8911007,add,2,WarmPSO_FixedRelocate,7,500,450,200,100,25,NaN,NaN,0.2488329,4071.54212275894,4071.54212275894,0,1,5118.95536046442,-0.204614645752733,1,201,0,1025,0.390243902439024,25,WarmPSO_FixedRelocate
addition_stress_instances,Far,1,8201,8911007,add,2,WarmPSO_FixedRelocate,7,1000,1000,200,350,25,NaN,NaN,0.2488329,4071.54212275894,4071.54212275894,0,1,5118.95536046442,-0.204614645752733,1,201,0,1025,0.390243902439024,25,WarmPSO_FixedRelocate
addition_stress_instances,Far,1,8201,8911007,add,2,WarmPSO_FixedRelocate,7,1500,1495,200,575,25,NaN,NaN,0.2488329,4071.54212275894,4071.54212275894,0,1,5118.95536046442,-0.204614645752733,1,201,0,1025,0.390243902439024,25,WarmPSO_FixedRelocate
addition_stress_instances,Far,1,8201,8911007,add,2,WarmPSO_FixedRelocate,7,2500,2485,200,1025,25,NaN,NaN,0.2488329,3928.30716399675,3928.30716399675,0,1,5118.95536046442,-0.232595932690387,1,201,0,1025,0.390243902439024,25,WarmPSO_FixedRelocate
addition_stress_instances,Far,1,8201,8911007,add,2,AdaptiveMemeticPSO,7,500,465,200,85,17,0,1.82540610608722,0.2429746,4087.92834966998,4087.92834966998,0,1,5118.95536046442,-0.201413557687462,1,201,0,1130,0.530973451327434,29.7368421052632,quality-relocate
addition_stress_instances,Far,1,8201,8911007,add,2,AdaptiveMemeticPSO,7,1000,985,200,335,28,0,0,0.2429746,4082.26021104741,4082.26021104741,0,1,5118.95536046442,-0.20252084193267,1,201,0,1130,0.530973451327434,29.7368421052632,quality-relocate
addition_stress_instances,Far,1,8201,8911007,add,2,AdaptiveMemeticPSO,7,1500,1449,200,559,28,0,0,0.2429746,4082.26021104741,4082.26021104741,0,1,5118.95536046442,-0.20252084193267,1,201,0,1130,0.530973451327434,29.7368421052632,quality-relocate
addition_stress_instances,Far,1,8201,8911007,add,2,AdaptiveMemeticPSO,7,2500,2500,200,1130,7,0,0,0.2429746,3964.05481343503,3964.05481343503,0,1,5118.95536046442,-0.225612545080801,1,201,0,1130,0.530973451327434,29.7368421052632,quality-relocate
addition_stress_instances,Far,1,8201,8911008,add,2,Repair,8,500,38,0,0,0,NaN,NaN,0.0031833,4118.96025347346,4118.96025347346,0,1,5118.95536046442,-0.195351402107213,0,NaN,0,0,NaN,0,repair
addition_stress_instances,Far,1,8201,8911008,add,2,Repair,8,1000,38,0,0,0,NaN,NaN,0.0031833,4118.96025347346,4118.96025347346,0,1,5118.95536046442,-0.195351402107213,0,NaN,0,0,NaN,0,repair
addition_stress_instances,Far,1,8201,8911008,add,2,Repair,8,1500,38,0,0,0,NaN,NaN,0.0031833,4118.96025347346,4118.96025347346,0,1,5118.95536046442,-0.195351402107213,0,NaN,0,0,NaN,0,repair
addition_stress_instances,Far,1,8201,8911008,add,2,Repair,8,2500,38,0,0,0,NaN,NaN,0.0031833,4118.96025347346,4118.96025347346,0,1,5118.95536046442,-0.195351402107213,0,NaN,0,0,NaN,0,repair
addition_stress_instances,Far,1,8201,8911008,add,2,WarmPSO,8,500,500,200,0,25,NaN,NaN,0.2125627,4118.96025347346,4118.96025347346,0,1,5118.95536046442,-0.195351402107213,0,201,0,0,0,25,WarmPSO
addition_stress_instances,Far,1,8201,8911008,add,2,WarmPSO,8,1000,980,200,0,25,NaN,NaN,0.2125627,4118.96025347346,4118.96025347346,0,1,5118.95536046442,-0.195351402107213,0,201,0,0,0,25,WarmPSO
addition_stress_instances,Far,1,8201,8911008,add,2,WarmPSO,8,1500,1490,200,0,25,NaN,NaN,0.2125627,4118.96025347346,4118.96025347346,0,1,5118.95536046442,-0.195351402107213,0,201,0,0,0,25,WarmPSO
addition_stress_instances,Far,1,8201,8911008,add,2,WarmPSO,8,2500,2480,200,0,25,NaN,NaN,0.2125627,4118.96025347346,4118.96025347346,0,1,5118.95536046442,-0.195351402107213,0,201,0,0,0,25,WarmPSO
addition_stress_instances,Far,1,8201,8911008,add,2,WarmPSO_FixedRelocate,8,500,450,200,100,25,NaN,NaN,0.241407,4030.50718356766,4030.50718356766,0,1,5118.95536046442,-0.212630917882826,1,201,0,1025,0.390243902439024,25,WarmPSO_FixedRelocate
addition_stress_instances,Far,1,8201,8911008,add,2,WarmPSO_FixedRelocate,8,1000,1000,200,350,25,NaN,NaN,0.241407,3975.37595987575,3975.37595987575,0,1,5118.95536046442,-0.223400932428706,1,201,0,1025,0.390243902439024,25,WarmPSO_FixedRelocate
addition_stress_instances,Far,1,8201,8911008,add,2,WarmPSO_FixedRelocate,8,1500,1495,200,575,25,NaN,NaN,0.241407,3975.37595987575,3975.37595987575,0,1,5118.95536046442,-0.223400932428706,1,201,0,1025,0.390243902439024,25,WarmPSO_FixedRelocate
addition_stress_instances,Far,1,8201,8911008,add,2,WarmPSO_FixedRelocate,8,2500,2485,200,1025,25,NaN,NaN,0.241407,3878.75057077638,3878.75057077638,0,1,5118.95536046442,-0.24227693002885,1,201,0,1025,0.390243902439024,25,WarmPSO_FixedRelocate
addition_stress_instances,Far,1,8201,8911008,add,2,AdaptiveMemeticPSO,8,500,486,200,106,27,0,0,0.2486705,4030.50718356766,4030.50718356766,0,1,5118.95536046442,-0.212630917882826,1,201,0,1160,0.431034482758621,31.3513513513514,quality-relocate
addition_stress_instances,Far,1,8201,8911008,add,2,AdaptiveMemeticPSO,8,1000,971,200,351,32,0,0,0.2486705,3975.37595987575,3975.37595987575,0,1,5118.95536046442,-0.223400932428706,1,201,0,1160,0.431034482758621,31.3513513513514,quality-relocate
addition_stress_instances,Far,1,8201,8911008,add,2,AdaptiveMemeticPSO,8,1500,1467,200,607,32,0,0,0.2486705,3975.37595987575,3975.37595987575,0,1,5118.95536046442,-0.223400932428706,1,201,0,1160,0.431034482758621,31.3513513513514,quality-relocate
addition_stress_instances,Far,1,8201,8911008,add,2,AdaptiveMemeticPSO,8,2500,2500,200,1160,1,0,0,0.2486705,3857.71334077939,3857.71334077939,0,1,5118.95536046442,-0.246386602513879,1,201,0,1160,0.431034482758621,31.3513513513514,quality-relocate
addition_stress_instances,Far,1,8201,8911009,add,2,Repair,9,500,38,0,0,0,NaN,NaN,0.0027874,4118.96025347346,4118.96025347346,0,1,5118.95536046442,-0.195351402107213,0,NaN,0,0,NaN,0,repair
addition_stress_instances,Far,1,8201,8911009,add,2,Repair,9,1000,38,0,0,0,NaN,NaN,0.0027874,4118.96025347346,4118.96025347346,0,1,5118.95536046442,-0.195351402107213,0,NaN,0,0,NaN,0,repair
addition_stress_instances,Far,1,8201,8911009,add,2,Repair,9,1500,38,0,0,0,NaN,NaN,0.0027874,4118.96025347346,4118.96025347346,0,1,5118.95536046442,-0.195351402107213,0,NaN,0,0,NaN,0,repair
addition_stress_instances,Far,1,8201,8911009,add,2,Repair,9,2500,38,0,0,0,NaN,NaN,0.0027874,4118.96025347346,4118.96025347346,0,1,5118.95536046442,-0.195351402107213,0,NaN,0,0,NaN,0,repair
addition_stress_instances,Far,1,8201,8911009,add,2,WarmPSO,9,500,500,200,0,25,NaN,NaN,0.2214177,4118.96025347346,4118.96025347346,0,1,5118.95536046442,-0.195351402107213,0,201,0,0,0,25,WarmPSO
addition_stress_instances,Far,1,8201,8911009,add,2,WarmPSO,9,1000,980,200,0,25,NaN,NaN,0.2214177,4118.96025347346,4118.96025347346,0,1,5118.95536046442,-0.195351402107213,0,201,0,0,0,25,WarmPSO
addition_stress_instances,Far,1,8201,8911009,add,2,WarmPSO,9,1500,1490,200,0,25,NaN,NaN,0.2214177,4118.96025347346,4118.96025347346,0,1,5118.95536046442,-0.195351402107213,0,201,0,0,0,25,WarmPSO
addition_stress_instances,Far,1,8201,8911009,add,2,WarmPSO,9,2500,2480,200,0,25,NaN,NaN,0.2214177,4118.96025347346,4118.96025347346,0,1,5118.95536046442,-0.195351402107213,0,201,0,0,0,25,WarmPSO
addition_stress_instances,Far,1,8201,8911009,add,2,WarmPSO_FixedRelocate,9,500,450,200,100,25,NaN,NaN,0.2473357,4030.50718356766,4030.50718356766,0,1,5118.95536046442,-0.212630917882826,1,201,0,1025,0.682926829268293,25,WarmPSO_FixedRelocate
addition_stress_instances,Far,1,8201,8911009,add,2,WarmPSO_FixedRelocate,9,1000,1000,200,350,25,NaN,NaN,0.2473357,3972.78936865727,3972.78936865727,0,1,5118.95536046442,-0.223906229122335,1,201,0,1025,0.682926829268293,25,WarmPSO_FixedRelocate
addition_stress_instances,Far,1,8201,8911009,add,2,WarmPSO_FixedRelocate,9,1500,1495,200,575,25,NaN,NaN,0.2473357,3928.30716399675,3928.30716399675,0,1,5118.95536046442,-0.232595932690387,1,201,0,1025,0.682926829268293,25,WarmPSO_FixedRelocate
addition_stress_instances,Far,1,8201,8911009,add,2,WarmPSO_FixedRelocate,9,2500,2485,200,1025,25,NaN,NaN,0.2473357,3857.71334077939,3857.71334077939,0,1,5118.95536046442,-0.246386602513879,1,201,0,1025,0.682926829268293,25,WarmPSO_FixedRelocate
addition_stress_instances,Far,1,8201,8911009,add,2,AdaptiveMemeticPSO,9,500,450,200,100,25,0,3.53812279623213,0.2411702,4030.50718356766,4030.50718356766,0,1,5118.95536046442,-0.212630917882826,1,201,0,1241,0.40290088638195,35.4571428571429,quality-relocate
addition_stress_instances,Far,1,8201,8911009,add,2,AdaptiveMemeticPSO,9,1000,975,200,385,37,0,0,0.2411702,3975.37595987575,3975.37595987575,0,1,5118.95536046442,-0.223400932428706,1,201,0,1241,0.40290088638195,35.4571428571429,quality-relocate
addition_stress_instances,Far,1,8201,8911009,add,2,AdaptiveMemeticPSO,9,1500,1444,200,644,37,0,0,0.2411702,3975.37595987575,3975.37595987575,0,1,5118.95536046442,-0.223400932428706,1,201,0,1241,0.40290088638195,35.4571428571429,quality-relocate
addition_stress_instances,Far,1,8201,8911009,add,2,AdaptiveMemeticPSO,9,2500,2500,200,1241,0,0,0,0.2411702,3857.71334077939,3857.71334077939,0,1,5118.95536046442,-0.246386602513879,1,201,0,1241,0.40290088638195,35.4571428571429,quality-relocate
addition_stress_instances,Far,1,8201,8911010,add,2,Repair,10,500,38,0,0,0,NaN,NaN,0.0029008,4118.96025347346,4118.96025347346,0,1,5118.95536046442,-0.195351402107213,0,NaN,0,0,NaN,0,repair
addition_stress_instances,Far,1,8201,8911010,add,2,Repair,10,1000,38,0,0,0,NaN,NaN,0.0029008,4118.96025347346,4118.96025347346,0,1,5118.95536046442,-0.195351402107213,0,NaN,0,0,NaN,0,repair
addition_stress_instances,Far,1,8201,8911010,add,2,Repair,10,1500,38,0,0,0,NaN,NaN,0.0029008,4118.96025347346,4118.96025347346,0,1,5118.95536046442,-0.195351402107213,0,NaN,0,0,NaN,0,repair
addition_stress_instances,Far,1,8201,8911010,add,2,Repair,10,2500,38,0,0,0,NaN,NaN,0.0029008,4118.96025347346,4118.96025347346,0,1,5118.95536046442,-0.195351402107213,0,NaN,0,0,NaN,0,repair
addition_stress_instances,Far,1,8201,8911010,add,2,WarmPSO,10,500,500,200,0,25,NaN,NaN,0.2153517,4118.96025347346,4118.96025347346,0,1,5118.95536046442,-0.195351402107213,0,201,0,0,0,25,WarmPSO
addition_stress_instances,Far,1,8201,8911010,add,2,WarmPSO,10,1000,980,200,0,25,NaN,NaN,0.2153517,4118.96025347346,4118.96025347346,0,1,5118.95536046442,-0.195351402107213,0,201,0,0,0,25,WarmPSO
addition_stress_instances,Far,1,8201,8911010,add,2,WarmPSO,10,1500,1490,200,0,25,NaN,NaN,0.2153517,4118.96025347346,4118.96025347346,0,1,5118.95536046442,-0.195351402107213,0,201,0,0,0,25,WarmPSO
addition_stress_instances,Far,1,8201,8911010,add,2,WarmPSO,10,2500,2480,200,0,25,NaN,NaN,0.2153517,4118.96025347346,4118.96025347346,0,1,5118.95536046442,-0.195351402107213,0,201,0,0,0,25,WarmPSO
addition_stress_instances,Far,1,8201,8911010,add,2,WarmPSO_FixedRelocate,10,500,450,200,100,25,NaN,NaN,0.2503067,4201.33969290139,4201.33969290139,0,1,5118.95536046442,-0.179258384366881,0,201,0,1025,0.780487804878049,25,WarmPSO_FixedRelocate
addition_stress_instances,Far,1,8201,8911010,add,2,WarmPSO_FixedRelocate,10,1000,1000,200,350,25,NaN,NaN,0.2503067,3988.05947316303,3988.05947316303,0,1,5118.95536046442,-0.220923178200716,1,201,0,1025,0.780487804878049,25,WarmPSO_FixedRelocate
addition_stress_instances,Far,1,8201,8911010,add,2,WarmPSO_FixedRelocate,10,1500,1495,200,575,25,NaN,NaN,0.2503067,3857.71334077939,3857.71334077939,0,1,5118.95536046442,-0.246386602513879,1,201,0,1025,0.780487804878049,25,WarmPSO_FixedRelocate
addition_stress_instances,Far,1,8201,8911010,add,2,WarmPSO_FixedRelocate,10,2500,2485,200,1025,25,NaN,NaN,0.2503067,3857.71334077939,3857.71334077939,0,1,5118.95536046442,-0.246386602513879,1,201,0,1025,0.780487804878049,25,WarmPSO_FixedRelocate
addition_stress_instances,Far,1,8201,8911010,add,2,AdaptiveMemeticPSO,10,500,453,200,103,27,0,0,0.3053036,4201.33969290139,4201.33969290139,0,1,5118.95536046442,-0.179258384366881,0,201,0,1238,0.726978998384491,35.3714285714286,quality-relocate
addition_stress_instances,Far,1,8201,8911010,add,2,AdaptiveMemeticPSO,10,1000,972,200,382,38,0,0.340107236260876,0.3053036,3975.13539818512,3975.13539818512,0,1,5118.95536046442,-0.223447926722207,1,201,0,1238,0.726978998384491,35.3714285714286,quality-relocate
addition_stress_instances,Far,1,8201,8911010,add,2,AdaptiveMemeticPSO,10,1500,1453,200,653,39,0,0,0.3053036,3859.62302239051,3859.62302239051,0,1,5118.95536046442,-0.246013541708178,1,201,0,1238,0.726978998384491,35.3714285714286,quality-relocate
addition_stress_instances,Far,1,8201,8911010,add,2,AdaptiveMemeticPSO,10,2500,2500,200,1238,0,0,0,0.3053036,3859.62302239051,3859.62302239051,0,1,5118.95536046442,-0.246013541708178,1,201,0,1238,0.726978998384491,35.3714285714286,quality-relocate
addition_stress_instances,Far,3,8203,8913001,add,2,Repair,1,500,38,0,0,0,NaN,NaN,0.0039195,4137.06127770897,4137.06127770897,0,1,4370.21624152093,-0.0533508986573199,0,NaN,0,0,NaN,0,repair
addition_stress_instances,Far,3,8203,8913001,add,2,Repair,1,1000,38,0,0,0,NaN,NaN,0.0039195,4137.06127770897,4137.06127770897,0,1,4370.21624152093,-0.0533508986573199,0,NaN,0,0,NaN,0,repair
addition_stress_instances,Far,3,8203,8913001,add,2,Repair,1,1500,38,0,0,0,NaN,NaN,0.0039195,4137.06127770897,4137.06127770897,0,1,4370.21624152093,-0.0533508986573199,0,NaN,0,0,NaN,0,repair
addition_stress_instances,Far,3,8203,8913001,add,2,Repair,1,2500,38,0,0,0,NaN,NaN,0.0039195,4137.06127770897,4137.06127770897,0,1,4370.21624152093,-0.0533508986573199,0,NaN,0,0,NaN,0,repair
addition_stress_instances,Far,3,8203,8913001,add,2,WarmPSO,1,500,500,200,0,25,NaN,NaN,0.2882227,4137.06127770897,4137.06127770897,0,1,4370.21624152093,-0.0533508986573199,0,201,0,0,0,25,WarmPSO
addition_stress_instances,Far,3,8203,8913001,add,2,WarmPSO,1,1000,980,200,0,25,NaN,NaN,0.2882227,4137.06127770897,4137.06127770897,0,1,4370.21624152093,-0.0533508986573199,0,201,0,0,0,25,WarmPSO
addition_stress_instances,Far,3,8203,8913001,add,2,WarmPSO,1,1500,1490,200,0,25,NaN,NaN,0.2882227,4137.06127770897,4137.06127770897,0,1,4370.21624152093,-0.0533508986573199,0,201,0,0,0,25,WarmPSO
addition_stress_instances,Far,3,8203,8913001,add,2,WarmPSO,1,2500,2480,200,0,25,NaN,NaN,0.2882227,4137.06127770897,4137.06127770897,0,1,4370.21624152093,-0.0533508986573199,0,201,0,0,0,25,WarmPSO
addition_stress_instances,Far,3,8203,8913001,add,2,WarmPSO_FixedRelocate,1,500,450,200,100,25,NaN,NaN,0.3449512,4137.06127770897,4137.06127770897,0,1,4370.21624152093,-0.0533508986573199,0,201,0,1025,0.292682926829268,25,WarmPSO_FixedRelocate
addition_stress_instances,Far,3,8203,8913001,add,2,WarmPSO_FixedRelocate,1,1000,1000,200,350,25,NaN,NaN,0.3449512,4030.75401427666,4030.75401427666,0,1,4370.21624152093,-0.0776762998633982,1,201,0,1025,0.292682926829268,25,WarmPSO_FixedRelocate
addition_stress_instances,Far,3,8203,8913001,add,2,WarmPSO_FixedRelocate,1,1500,1495,200,575,25,NaN,NaN,0.3449512,4030.75401427666,4030.75401427666,0,1,4370.21624152093,-0.0776762998633982,1,201,0,1025,0.292682926829268,25,WarmPSO_FixedRelocate
addition_stress_instances,Far,3,8203,8913001,add,2,WarmPSO_FixedRelocate,1,2500,2485,200,1025,25,NaN,NaN,0.3449512,3890.27680167873,3890.27680167873,0,1,4370.21624152093,-0.109820524504565,1,201,0,1025,0.292682926829268,25,WarmPSO_FixedRelocate
addition_stress_instances,Far,3,8203,8913001,add,2,AdaptiveMemeticPSO,1,500,470,200,90,18,0,0,0.3611573,4137.06127770897,4137.06127770897,0,1,4370.21624152093,-0.0533508986573199,0,201,0,1179,0.254452926208651,31.8648648648649,quality-relocate
addition_stress_instances,Far,3,8203,8913001,add,2,AdaptiveMemeticPSO,1,1000,993,200,343,38,0,0,0.3611573,4030.75401427666,4030.75401427666,0,1,4370.21624152093,-0.0776762998633982,1,201,0,1179,0.254452926208651,31.8648648648649,quality-relocate
addition_stress_instances,Far,3,8203,8913001,add,2,AdaptiveMemeticPSO,1,1500,1469,200,609,38,0,0,0.3611573,4028.96664667571,4028.96664667571,0,1,4370.21624152093,-0.0780852882296861,1,201,0,1179,0.254452926208651,31.8648648648649,quality-relocate
addition_stress_instances,Far,3,8203,8913001,add,2,AdaptiveMemeticPSO,1,2500,2500,200,1179,0,0,0,0.3611573,4028.96664667571,4028.96664667571,0,1,4370.21624152093,-0.0780852882296861,1,201,0,1179,0.254452926208651,31.8648648648649,quality-relocate
addition_stress_instances,Far,3,8203,8913002,add,2,Repair,2,500,38,0,0,0,NaN,NaN,0.0042181,4137.06127770897,4137.06127770897,0,1,4370.21624152093,-0.0533508986573199,0,NaN,0,0,NaN,0,repair
addition_stress_instances,Far,3,8203,8913002,add,2,Repair,2,1000,38,0,0,0,NaN,NaN,0.0042181,4137.06127770897,4137.06127770897,0,1,4370.21624152093,-0.0533508986573199,0,NaN,0,0,NaN,0,repair
addition_stress_instances,Far,3,8203,8913002,add,2,Repair,2,1500,38,0,0,0,NaN,NaN,0.0042181,4137.06127770897,4137.06127770897,0,1,4370.21624152093,-0.0533508986573199,0,NaN,0,0,NaN,0,repair
addition_stress_instances,Far,3,8203,8913002,add,2,Repair,2,2500,38,0,0,0,NaN,NaN,0.0042181,4137.06127770897,4137.06127770897,0,1,4370.21624152093,-0.0533508986573199,0,NaN,0,0,NaN,0,repair
addition_stress_instances,Far,3,8203,8913002,add,2,WarmPSO,2,500,500,200,0,25,NaN,NaN,0.3018078,4137.06127770897,4137.06127770897,0,1,4370.21624152093,-0.0533508986573199,0,201,0,0,0,25,WarmPSO
addition_stress_instances,Far,3,8203,8913002,add,2,WarmPSO,2,1000,980,200,0,25,NaN,NaN,0.3018078,4137.06127770897,4137.06127770897,0,1,4370.21624152093,-0.0533508986573199,0,201,0,0,0,25,WarmPSO
addition_stress_instances,Far,3,8203,8913002,add,2,WarmPSO,2,1500,1490,200,0,25,NaN,NaN,0.3018078,4137.06127770897,4137.06127770897,0,1,4370.21624152093,-0.0533508986573199,0,201,0,0,0,25,WarmPSO
addition_stress_instances,Far,3,8203,8913002,add,2,WarmPSO,2,2500,2480,200,0,25,NaN,NaN,0.3018078,4137.06127770897,4137.06127770897,0,1,4370.21624152093,-0.0533508986573199,0,201,0,0,0,25,WarmPSO
addition_stress_instances,Far,3,8203,8913002,add,2,WarmPSO_FixedRelocate,2,500,450,200,100,25,NaN,NaN,0.3213134,4089.64314699445,4089.64314699445,0,1,4370.21624152093,-0.0642011925773337,1,201,0,1025,0.682926829268293,25,WarmPSO_FixedRelocate
addition_stress_instances,Far,3,8203,8913002,add,2,WarmPSO_FixedRelocate,2,1000,1000,200,350,25,NaN,NaN,0.3213134,3808.1243756821,3808.1243756821,0,1,4370.21624152093,-0.128618776457433,1,201,0,1025,0.682926829268293,25,WarmPSO_FixedRelocate
addition_stress_instances,Far,3,8203,8913002,add,2,WarmPSO_FixedRelocate,2,1500,1495,200,575,25,NaN,NaN,0.3213134,3808.1243756821,3808.1243756821,0,1,4370.21624152093,-0.128618776457433,1,201,0,1025,0.682926829268293,25,WarmPSO_FixedRelocate
addition_stress_instances,Far,3,8203,8913002,add,2,WarmPSO_FixedRelocate,2,2500,2485,200,1025,25,NaN,NaN,0.3213134,3808.1243756821,3808.1243756821,0,1,4370.21624152093,-0.128618776457433,1,201,0,1025,0.682926829268293,25,WarmPSO_FixedRelocate
addition_stress_instances,Far,3,8203,8913002,add,2,AdaptiveMemeticPSO,2,500,450,200,100,25,0,1.8967252285808,0.3461429,4089.64314699445,4089.64314699445,0,1,4370.21624152093,-0.0642011925773337,1,201,0,1248,0.560897435897436,35.6571428571429,quality-relocate
addition_stress_instances,Far,3,8203,8913002,add,2,AdaptiveMemeticPSO,2,1000,981,200,391,38,0,0,0.3461429,3904.74445423947,3904.74445423947,0,1,4370.21624152093,-0.106510012676048,1,201,0,1248,0.560897435897436,35.6571428571429,quality-relocate
addition_stress_instances,Far,3,8203,8913002,add,2,AdaptiveMemeticPSO,2,1500,1463,200,663,39,0,0,0.3461429,3808.1243756821,3808.1243756821,0,1,4370.21624152093,-0.128618776457433,1,201,0,1248,0.560897435897436,35.6571428571429,quality-relocate
addition_stress_instances,Far,3,8203,8913002,add,2,AdaptiveMemeticPSO,2,2500,2500,200,1248,0,0,0,0.3461429,3808.1243756821,3808.1243756821,0,1,4370.21624152093,-0.128618776457433,1,201,0,1248,0.560897435897436,35.6571428571429,quality-relocate
addition_stress_instances,Far,3,8203,8913003,add,2,Repair,3,500,38,0,0,0,NaN,NaN,0.0040563,4137.06127770897,4137.06127770897,0,1,4370.21624152093,-0.0533508986573199,0,NaN,0,0,NaN,0,repair
addition_stress_instances,Far,3,8203,8913003,add,2,Repair,3,1000,38,0,0,0,NaN,NaN,0.0040563,4137.06127770897,4137.06127770897,0,1,4370.21624152093,-0.0533508986573199,0,NaN,0,0,NaN,0,repair
addition_stress_instances,Far,3,8203,8913003,add,2,Repair,3,1500,38,0,0,0,NaN,NaN,0.0040563,4137.06127770897,4137.06127770897,0,1,4370.21624152093,-0.0533508986573199,0,NaN,0,0,NaN,0,repair
addition_stress_instances,Far,3,8203,8913003,add,2,Repair,3,2500,38,0,0,0,NaN,NaN,0.0040563,4137.06127770897,4137.06127770897,0,1,4370.21624152093,-0.0533508986573199,0,NaN,0,0,NaN,0,repair
addition_stress_instances,Far,3,8203,8913003,add,2,WarmPSO,3,500,500,200,0,25,NaN,NaN,0.2919963,4137.06127770897,4137.06127770897,0,1,4370.21624152093,-0.0533508986573199,0,201,0,0,0,25,WarmPSO
addition_stress_instances,Far,3,8203,8913003,add,2,WarmPSO,3,1000,980,200,0,25,NaN,NaN,0.2919963,4137.06127770897,4137.06127770897,0,1,4370.21624152093,-0.0533508986573199,0,201,0,0,0,25,WarmPSO
addition_stress_instances,Far,3,8203,8913003,add,2,WarmPSO,3,1500,1490,200,0,25,NaN,NaN,0.2919963,4137.06127770897,4137.06127770897,0,1,4370.21624152093,-0.0533508986573199,0,201,0,0,0,25,WarmPSO
addition_stress_instances,Far,3,8203,8913003,add,2,WarmPSO,3,2500,2480,200,0,25,NaN,NaN,0.2919963,4137.06127770897,4137.06127770897,0,1,4370.21624152093,-0.0533508986573199,0,201,0,0,0,25,WarmPSO
addition_stress_instances,Far,3,8203,8913003,add,2,WarmPSO_FixedRelocate,3,500,450,200,100,25,NaN,NaN,0.3474576,3987.87211843581,3987.87211843581,0,1,4370.21624152093,-0.0874886051295373,1,201,0,1025,0.780487804878049,25,WarmPSO_FixedRelocate
addition_stress_instances,Far,3,8203,8913003,add,2,WarmPSO_FixedRelocate,3,1000,1000,200,350,25,NaN,NaN,0.3474576,3946.96152393698,3946.96152393698,0,1,4370.21624152093,-0.096849834011107,1,201,0,1025,0.780487804878049,25,WarmPSO_FixedRelocate
addition_stress_instances,Far,3,8203,8913003,add,2,WarmPSO_FixedRelocate,3,1500,1495,200,575,25,NaN,NaN,0.3474576,3946.96152393698,3946.96152393698,0,1,4370.21624152093,-0.096849834011107,1,201,0,1025,0.780487804878049,25,WarmPSO_FixedRelocate
addition_stress_instances,Far,3,8203,8913003,add,2,WarmPSO_FixedRelocate,3,2500,2485,200,1025,25,NaN,NaN,0.3474576,3856.87811735781,3856.87811735781,0,1,4370.21624152093,-0.117462865861407,1,201,0,1025,0.780487804878049,25,WarmPSO_FixedRelocate
addition_stress_instances,Far,3,8203,8913003,add,2,AdaptiveMemeticPSO,3,500,473,200,123,37,0,2.6113534745233,0.3606023,3872.3597426412,3872.3597426412,0,1,4370.21624152093,-0.113920335142607,1,201,0,1250,0.64,36.7647058823529,quality-relocate
addition_stress_instances,Far,3,8203,8913003,add,2,AdaptiveMemeticPSO,3,1000,942,200,382,37,0,0,0.3606023,3869.77242953188,3869.77242953188,0,1,4370.21624152093,-0.11451236834333,1,201,0,1250,0.64,36.7647058823529,quality-relocate
addition_stress_instances,Far,3,8203,8913003,add,2,AdaptiveMemeticPSO,3,1500,1484,200,684,39,0,0,0.3606023,3816.66353416082,3816.66353416082,0,1,4370.21624152093,-0.126664832303003,1,201,0,1250,0.64,36.7647058823529,quality-relocate
addition_stress_instances,Far,3,8203,8913003,add,2,AdaptiveMemeticPSO,3,2500,2500,200,1250,17,0,0,0.3606023,3808.1243756821,3808.1243756821,0,1,4370.21624152093,-0.128618776457433,1,201,0,1250,0.64,36.7647058823529,quality-relocate
addition_stress_instances,Far,3,8203,8913004,add,2,Repair,4,500,38,0,0,0,NaN,NaN,0.0038528,4137.06127770897,4137.06127770897,0,1,4370.21624152093,-0.0533508986573199,0,NaN,0,0,NaN,0,repair
addition_stress_instances,Far,3,8203,8913004,add,2,Repair,4,1000,38,0,0,0,NaN,NaN,0.0038528,4137.06127770897,4137.06127770897,0,1,4370.21624152093,-0.0533508986573199,0,NaN,0,0,NaN,0,repair
addition_stress_instances,Far,3,8203,8913004,add,2,Repair,4,1500,38,0,0,0,NaN,NaN,0.0038528,4137.06127770897,4137.06127770897,0,1,4370.21624152093,-0.0533508986573199,0,NaN,0,0,NaN,0,repair
addition_stress_instances,Far,3,8203,8913004,add,2,Repair,4,2500,38,0,0,0,NaN,NaN,0.0038528,4137.06127770897,4137.06127770897,0,1,4370.21624152093,-0.0533508986573199,0,NaN,0,0,NaN,0,repair
addition_stress_instances,Far,3,8203,8913004,add,2,WarmPSO,4,500,500,200,0,25,NaN,NaN,0.3110882,4137.06127770897,4137.06127770897,0,1,4370.21624152093,-0.0533508986573199,0,201,0,0,0,25,WarmPSO
addition_stress_instances,Far,3,8203,8913004,add,2,WarmPSO,4,1000,980,200,0,25,NaN,NaN,0.3110882,4137.06127770897,4137.06127770897,0,1,4370.21624152093,-0.0533508986573199,0,201,0,0,0,25,WarmPSO
addition_stress_instances,Far,3,8203,8913004,add,2,WarmPSO,4,1500,1490,200,0,25,NaN,NaN,0.3110882,4137.06127770897,4137.06127770897,0,1,4370.21624152093,-0.0533508986573199,0,201,0,0,0,25,WarmPSO
addition_stress_instances,Far,3,8203,8913004,add,2,WarmPSO,4,2500,2480,200,0,25,NaN,NaN,0.3110882,4137.06127770897,4137.06127770897,0,1,4370.21624152093,-0.0533508986573199,0,201,0,0,0,25,WarmPSO
addition_stress_instances,Far,3,8203,8913004,add,2,WarmPSO_FixedRelocate,4,500,450,200,100,25,NaN,NaN,0.3496467,4089.64314699445,4089.64314699445,0,1,4370.21624152093,-0.0642011925773337,1,201,0,1025,0.48780487804878,25,WarmPSO_FixedRelocate
addition_stress_instances,Far,3,8203,8913004,add,2,WarmPSO_FixedRelocate,4,1000,1000,200,350,25,NaN,NaN,0.3496467,3927.47194057517,3927.47194057517,0,1,4370.21624152093,-0.101309472226864,1,201,0,1025,0.48780487804878,25,WarmPSO_FixedRelocate
addition_stress_instances,Far,3,8203,8913004,add,2,WarmPSO_FixedRelocate,4,1500,1495,200,575,25,NaN,NaN,0.3496467,3856.87811735781,3856.87811735781,0,1,4370.21624152093,-0.117462865861407,1,201,0,1025,0.48780487804878,25,WarmPSO_FixedRelocate
addition_stress_instances,Far,3,8203,8913004,add,2,WarmPSO_FixedRelocate,4,2500,2485,200,1025,25,NaN,NaN,0.3496467,3856.87811735781,3856.87811735781,0,1,4370.21624152093,-0.117462865861407,1,201,0,1025,0.48780487804878,25,WarmPSO_FixedRelocate
addition_stress_instances,Far,3,8203,8913004,add,2,AdaptiveMemeticPSO,4,500,470,200,90,18,0,0,0.3790178,4137.06127770897,4137.06127770897,0,1,4370.21624152093,-0.0533508986573199,0,201,0,1130,0.530973451327434,29.7368421052632,quality-relocate
addition_stress_instances,Far,3,8203,8913004,add,2,AdaptiveMemeticPSO,4,1000,998,200,288,18,0,2.63434059525111,0.3790178,4089.64314699445,4089.64314699445,0,1,4370.21624152093,-0.0642011925773337,1,201,0,1130,0.530973451327434,29.7368421052632,quality-relocate
addition_stress_instances,Far,3,8203,8913004,add,2,AdaptiveMemeticPSO,4,1500,1481,200,561,39,0,0,0.3790178,4081.42498762584,4081.42498762584,0,1,4370.21624152093,-0.0660816851924434,1,201,0,1130,0.530973451327434,29.7368421052632,quality-relocate
addition_stress_instances,Far,3,8203,8913004,add,2,AdaptiveMemeticPSO,4,2500,2500,200,1130,12,0,0,0.3790178,3930.18486604509,3930.18486604509,0,1,4370.21624152093,-0.100688696201151,1,201,0,1130,0.530973451327434,29.7368421052632,quality-relocate
addition_stress_instances,Far,3,8203,8913005,add,2,Repair,5,500,38,0,0,0,NaN,NaN,0.0035281,4137.06127770897,4137.06127770897,0,1,4370.21624152093,-0.0533508986573199,0,NaN,0,0,NaN,0,repair
addition_stress_instances,Far,3,8203,8913005,add,2,Repair,5,1000,38,0,0,0,NaN,NaN,0.0035281,4137.06127770897,4137.06127770897,0,1,4370.21624152093,-0.0533508986573199,0,NaN,0,0,NaN,0,repair
addition_stress_instances,Far,3,8203,8913005,add,2,Repair,5,1500,38,0,0,0,NaN,NaN,0.0035281,4137.06127770897,4137.06127770897,0,1,4370.21624152093,-0.0533508986573199,0,NaN,0,0,NaN,0,repair
addition_stress_instances,Far,3,8203,8913005,add,2,Repair,5,2500,38,0,0,0,NaN,NaN,0.0035281,4137.06127770897,4137.06127770897,0,1,4370.21624152093,-0.0533508986573199,0,NaN,0,0,NaN,0,repair
addition_stress_instances,Far,3,8203,8913005,add,2,WarmPSO,5,500,500,200,0,25,NaN,NaN,0.2831595,4137.06127770897,4137.06127770897,0,1,4370.21624152093,-0.0533508986573199,0,201,0,0,0,25,WarmPSO
addition_stress_instances,Far,3,8203,8913005,add,2,WarmPSO,5,1000,980,200,0,25,NaN,NaN,0.2831595,4137.06127770897,4137.06127770897,0,1,4370.21624152093,-0.0533508986573199,0,201,0,0,0,25,WarmPSO
addition_stress_instances,Far,3,8203,8913005,add,2,WarmPSO,5,1500,1490,200,0,25,NaN,NaN,0.2831595,4137.06127770897,4137.06127770897,0,1,4370.21624152093,-0.0533508986573199,0,201,0,0,0,25,WarmPSO
addition_stress_instances,Far,3,8203,8913005,add,2,WarmPSO,5,2500,2480,200,0,25,NaN,NaN,0.2831595,4137.06127770897,4137.06127770897,0,1,4370.21624152093,-0.0533508986573199,0,201,0,0,0,25,WarmPSO
addition_stress_instances,Far,3,8203,8913005,add,2,WarmPSO_FixedRelocate,5,500,450,200,100,25,NaN,NaN,0.404067,4089.64314699445,4089.64314699445,0,1,4370.21624152093,-0.0642011925773337,1,201,0,1025,0.195121951219512,25,WarmPSO_FixedRelocate
addition_stress_instances,Far,3,8203,8913005,add,2,WarmPSO_FixedRelocate,5,1000,1000,200,350,25,NaN,NaN,0.404067,4089.64314699445,4089.64314699445,0,1,4370.21624152093,-0.0642011925773337,1,201,0,1025,0.195121951219512,25,WarmPSO_FixedRelocate
addition_stress_instances,Far,3,8203,8913005,add,2,WarmPSO_FixedRelocate,5,1500,1495,200,575,25,NaN,NaN,0.404067,3969.8858769577,3969.8858769577,0,1,4370.21624152093,-0.0916042462063401,1,201,0,1025,0.195121951219512,25,WarmPSO_FixedRelocate
addition_stress_instances,Far,3,8203,8913005,add,2,WarmPSO_FixedRelocate,5,2500,2485,200,1025,25,NaN,NaN,0.404067,3969.8858769577,3969.8858769577,0,1,4370.21624152093,-0.0916042462063401,1,201,0,1025,0.195121951219512,25,WarmPSO_FixedRelocate
addition_stress_instances,Far,3,8203,8913005,add,2,AdaptiveMemeticPSO,5,500,460,200,110,30,0,0,0.3828201,4089.64314699445,4089.64314699445,0,1,4370.21624152093,-0.0642011925773337,1,201,0,1220,0.491803278688525,34.8571428571429,quality-relocate
addition_stress_instances,Far,3,8203,8913005,add,2,AdaptiveMemeticPSO,5,1000,1000,200,380,30,0,0,0.3828201,4089.64314699445,4089.64314699445,0,1,4370.21624152093,-0.0642011925773337,1,201,0,1220,0.491803278688525,34.8571428571429,quality-relocate
addition_stress_instances,Far,3,8203,8913005,add,2,AdaptiveMemeticPSO,5,1500,1450,200,620,40,0,0,0.3828201,3969.8858769577,3969.8858769577,0,1,4370.21624152093,-0.0916042462063401,1,201,0,1220,0.491803278688525,34.8571428571429,quality-relocate
addition_stress_instances,Far,3,8203,8913005,add,2,AdaptiveMemeticPSO,5,2500,2500,200,1220,40,0,2.41550196393405,0.3828201,3808.1243756821,3808.1243756821,0,1,4370.21624152093,-0.128618776457433,1,201,0,1220,0.491803278688525,34.8571428571429,quality-relocate
addition_stress_instances,Far,3,8203,8913006,add,2,Repair,6,500,38,0,0,0,NaN,NaN,0.0043853,4137.06127770897,4137.06127770897,0,1,4370.21624152093,-0.0533508986573199,0,NaN,0,0,NaN,0,repair
addition_stress_instances,Far,3,8203,8913006,add,2,Repair,6,1000,38,0,0,0,NaN,NaN,0.0043853,4137.06127770897,4137.06127770897,0,1,4370.21624152093,-0.0533508986573199,0,NaN,0,0,NaN,0,repair
addition_stress_instances,Far,3,8203,8913006,add,2,Repair,6,1500,38,0,0,0,NaN,NaN,0.0043853,4137.06127770897,4137.06127770897,0,1,4370.21624152093,-0.0533508986573199,0,NaN,0,0,NaN,0,repair
addition_stress_instances,Far,3,8203,8913006,add,2,Repair,6,2500,38,0,0,0,NaN,NaN,0.0043853,4137.06127770897,4137.06127770897,0,1,4370.21624152093,-0.0533508986573199,0,NaN,0,0,NaN,0,repair
addition_stress_instances,Far,3,8203,8913006,add,2,WarmPSO,6,500,500,200,0,25,NaN,NaN,0.324372,4137.06127770897,4137.06127770897,0,1,4370.21624152093,-0.0533508986573199,0,201,0,0,0,25,WarmPSO
addition_stress_instances,Far,3,8203,8913006,add,2,WarmPSO,6,1000,980,200,0,25,NaN,NaN,0.324372,4137.06127770897,4137.06127770897,0,1,4370.21624152093,-0.0533508986573199,0,201,0,0,0,25,WarmPSO
addition_stress_instances,Far,3,8203,8913006,add,2,WarmPSO,6,1500,1490,200,0,25,NaN,NaN,0.324372,4137.06127770897,4137.06127770897,0,1,4370.21624152093,-0.0533508986573199,0,201,0,0,0,25,WarmPSO
addition_stress_instances,Far,3,8203,8913006,add,2,WarmPSO,6,2500,2480,200,0,25,NaN,NaN,0.324372,4137.06127770897,4137.06127770897,0,1,4370.21624152093,-0.0533508986573199,0,201,0,0,0,25,WarmPSO
addition_stress_instances,Far,3,8203,8913006,add,2,WarmPSO_FixedRelocate,6,500,450,200,100,25,NaN,NaN,0.375817,4137.06127770897,4137.06127770897,0,1,4370.21624152093,-0.0533508986573199,0,201,0,1025,0.682926829268293,25,WarmPSO_FixedRelocate
addition_stress_instances,Far,3,8203,8913006,add,2,WarmPSO_FixedRelocate,6,1000,1000,200,350,25,NaN,NaN,0.375817,3969.42243492489,3969.42243492489,0,1,4370.21624152093,-0.0917102917672921,1,201,0,1025,0.682926829268293,25,WarmPSO_FixedRelocate
addition_stress_instances,Far,3,8203,8913006,add,2,WarmPSO_FixedRelocate,6,1500,1495,200,575,25,NaN,NaN,0.375817,3946.96152393698,3946.96152393698,0,1,4370.21624152093,-0.096849834011107,1,201,0,1025,0.682926829268293,25,WarmPSO_FixedRelocate
addition_stress_instances,Far,3,8203,8913006,add,2,WarmPSO_FixedRelocate,6,2500,2485,200,1025,25,NaN,NaN,0.375817,3856.87811735781,3856.87811735781,0,1,4370.21624152093,-0.117462865861407,1,201,0,1025,0.682926829268293,25,WarmPSO_FixedRelocate
addition_stress_instances,Far,3,8203,8913006,add,2,AdaptiveMemeticPSO,6,500,473,200,93,17,0,0,0.3663247,4137.06127770897,4137.06127770897,0,1,4370.21624152093,-0.0533508986573199,0,201,0,1210,0.495867768595041,33.6111111111111,quality-relocate
addition_stress_instances,Far,3,8203,8913006,add,2,AdaptiveMemeticPSO,6,1000,980,200,360,36,0,1.47524709364056,0.3663247,3916.31353955383,3916.31353955383,0,1,4370.21624152093,-0.103862755726965,1,201,0,1210,0.495867768595041,33.6111111111111,quality-relocate
addition_stress_instances,Far,3,8203,8913006,add,2,AdaptiveMemeticPSO,6,1500,1456,200,626,38,0,0,0.3663247,3893.85262856592,3893.85262856592,0,1,4370.21624152093,-0.10900229797078,1,201,0,1210,0.495867768595041,33.6111111111111,quality-relocate
addition_stress_instances,Far,3,8203,8913006,add,2,AdaptiveMemeticPSO,6,2500,2500,200,1210,0,0,0,0.3663247,3856.87811735781,3856.87811735781,0,1,4370.21624152093,-0.117462865861407,1,201,0,1210,0.495867768595041,33.6111111111111,quality-relocate
addition_stress_instances,Far,3,8203,8913007,add,2,Repair,7,500,38,0,0,0,NaN,NaN,0.0039037,4137.06127770897,4137.06127770897,0,1,4370.21624152093,-0.0533508986573199,0,NaN,0,0,NaN,0,repair
addition_stress_instances,Far,3,8203,8913007,add,2,Repair,7,1000,38,0,0,0,NaN,NaN,0.0039037,4137.06127770897,4137.06127770897,0,1,4370.21624152093,-0.0533508986573199,0,NaN,0,0,NaN,0,repair
addition_stress_instances,Far,3,8203,8913007,add,2,Repair,7,1500,38,0,0,0,NaN,NaN,0.0039037,4137.06127770897,4137.06127770897,0,1,4370.21624152093,-0.0533508986573199,0,NaN,0,0,NaN,0,repair
addition_stress_instances,Far,3,8203,8913007,add,2,Repair,7,2500,38,0,0,0,NaN,NaN,0.0039037,4137.06127770897,4137.06127770897,0,1,4370.21624152093,-0.0533508986573199,0,NaN,0,0,NaN,0,repair
addition_stress_instances,Far,3,8203,8913007,add,2,WarmPSO,7,500,500,200,0,25,NaN,NaN,0.3021646,4137.06127770897,4137.06127770897,0,1,4370.21624152093,-0.0533508986573199,0,201,0,0,0,25,WarmPSO
addition_stress_instances,Far,3,8203,8913007,add,2,WarmPSO,7,1000,980,200,0,25,NaN,NaN,0.3021646,4137.06127770897,4137.06127770897,0,1,4370.21624152093,-0.0533508986573199,0,201,0,0,0,25,WarmPSO
addition_stress_instances,Far,3,8203,8913007,add,2,WarmPSO,7,1500,1490,200,0,25,NaN,NaN,0.3021646,4137.06127770897,4137.06127770897,0,1,4370.21624152093,-0.0533508986573199,0,201,0,0,0,25,WarmPSO
addition_stress_instances,Far,3,8203,8913007,add,2,WarmPSO,7,2500,2480,200,0,25,NaN,NaN,0.3021646,4137.06127770897,4137.06127770897,0,1,4370.21624152093,-0.0533508986573199,0,201,0,0,0,25,WarmPSO
addition_stress_instances,Far,3,8203,8913007,add,2,WarmPSO_FixedRelocate,7,500,450,200,100,25,NaN,NaN,0.3560477,4137.06127770897,4137.06127770897,0,1,4370.21624152093,-0.0533508986573199,0,201,0,1025,0.390243902439024,25,WarmPSO_FixedRelocate
addition_stress_instances,Far,3,8203,8913007,add,2,WarmPSO_FixedRelocate,7,1000,1000,200,350,25,NaN,NaN,0.3560477,4137.06127770897,4137.06127770897,0,1,4370.21624152093,-0.0533508986573199,0,201,0,1025,0.390243902439024,25,WarmPSO_FixedRelocate
addition_stress_instances,Far,3,8203,8913007,add,2,WarmPSO_FixedRelocate,7,1500,1495,200,575,25,NaN,NaN,0.3560477,3931.97223364604,3931.97223364604,0,1,4370.21624152093,-0.100279707834863,1,201,0,1025,0.390243902439024,25,WarmPSO_FixedRelocate
addition_stress_instances,Far,3,8203,8913007,add,2,WarmPSO_FixedRelocate,7,2500,2485,200,1025,25,NaN,NaN,0.3560477,3930.18486604509,3930.18486604509,0,1,4370.21624152093,-0.100688696201151,1,201,0,1025,0.390243902439024,25,WarmPSO_FixedRelocate
addition_stress_instances,Far,3,8203,8913007,add,2,AdaptiveMemeticPSO,7,500,470,200,90,18,0,0,0.3628491,4137.06127770897,4137.06127770897,0,1,4370.21624152093,-0.0533508986573199,0,201,0,1130,0.619469026548673,29.7368421052632,quality-relocate
addition_stress_instances,Far,3,8203,8913007,add,2,AdaptiveMemeticPSO,7,1000,998,200,288,18,0,0,0.3628491,4137.06127770897,4137.06127770897,0,1,4370.21624152093,-0.0533508986573199,0,201,0,1130,0.619469026548673,29.7368421052632,quality-relocate
addition_stress_instances,Far,3,8203,8913007,add,2,AdaptiveMemeticPSO,7,1500,1465,200,545,40,0,0,0.3628491,3921.56169048404,3921.56169048404,0,1,4370.21624152093,-0.102661865281235,1,201,0,1130,0.619469026548673,29.7368421052632,quality-relocate
addition_stress_instances,Far,3,8203,8913007,add,2,AdaptiveMemeticPSO,7,2500,2500,200,1130,25,0,0,0.3628491,3808.1243756821,3808.1243756821,0,1,4370.21624152093,-0.128618776457433,1,201,0,1130,0.619469026548673,29.7368421052632,quality-relocate
addition_stress_instances,Far,3,8203,8913008,add,2,Repair,8,500,38,0,0,0,NaN,NaN,0.0047392,4137.06127770897,4137.06127770897,0,1,4370.21624152093,-0.0533508986573199,0,NaN,0,0,NaN,0,repair
addition_stress_instances,Far,3,8203,8913008,add,2,Repair,8,1000,38,0,0,0,NaN,NaN,0.0047392,4137.06127770897,4137.06127770897,0,1,4370.21624152093,-0.0533508986573199,0,NaN,0,0,NaN,0,repair
addition_stress_instances,Far,3,8203,8913008,add,2,Repair,8,1500,38,0,0,0,NaN,NaN,0.0047392,4137.06127770897,4137.06127770897,0,1,4370.21624152093,-0.0533508986573199,0,NaN,0,0,NaN,0,repair
addition_stress_instances,Far,3,8203,8913008,add,2,Repair,8,2500,38,0,0,0,NaN,NaN,0.0047392,4137.06127770897,4137.06127770897,0,1,4370.21624152093,-0.0533508986573199,0,NaN,0,0,NaN,0,repair
addition_stress_instances,Far,3,8203,8913008,add,2,WarmPSO,8,500,500,200,0,25,NaN,NaN,0.3121728,4137.06127770897,4137.06127770897,0,1,4370.21624152093,-0.0533508986573199,0,201,0,0,0,25,WarmPSO
addition_stress_instances,Far,3,8203,8913008,add,2,WarmPSO,8,1000,980,200,0,25,NaN,NaN,0.3121728,4137.06127770897,4137.06127770897,0,1,4370.21624152093,-0.0533508986573199,0,201,0,0,0,25,WarmPSO
addition_stress_instances,Far,3,8203,8913008,add,2,WarmPSO,8,1500,1490,200,0,25,NaN,NaN,0.3121728,4137.06127770897,4137.06127770897,0,1,4370.21624152093,-0.0533508986573199,0,201,0,0,0,25,WarmPSO
addition_stress_instances,Far,3,8203,8913008,add,2,WarmPSO,8,2500,2480,200,0,25,NaN,NaN,0.3121728,4137.06127770897,4137.06127770897,0,1,4370.21624152093,-0.0533508986573199,0,201,0,0,0,25,WarmPSO
addition_stress_instances,Far,3,8203,8913008,add,2,WarmPSO_FixedRelocate,8,500,450,200,100,25,NaN,NaN,0.3888842,4137.06127770897,4137.06127770897,0,1,4370.21624152093,-0.0533508986573199,0,201,0,1025,0.48780487804878,25,WarmPSO_FixedRelocate
addition_stress_instances,Far,3,8203,8913008,add,2,WarmPSO_FixedRelocate,8,1000,1000,200,350,25,NaN,NaN,0.3888842,3890.27680167873,3890.27680167873,0,1,4370.21624152093,-0.109820524504565,1,201,0,1025,0.48780487804878,25,WarmPSO_FixedRelocate
addition_stress_instances,Far,3,8203,8913008,add,2,WarmPSO_FixedRelocate,8,1500,1495,200,575,25,NaN,NaN,0.3888842,3890.27680167873,3890.27680167873,0,1,4370.21624152093,-0.109820524504565,1,201,0,1025,0.48780487804878,25,WarmPSO_FixedRelocate
addition_stress_instances,Far,3,8203,8913008,add,2,WarmPSO_FixedRelocate,8,2500,2485,200,1025,25,NaN,NaN,0.3888842,3856.87811735781,3856.87811735781,0,1,4370.21624152093,-0.117462865861407,1,201,0,1025,0.48780487804878,25,WarmPSO_FixedRelocate
addition_stress_instances,Far,3,8203,8913008,add,2,AdaptiveMemeticPSO,8,500,460,200,80,16,0,3.12300946628523,0.4189759,4087.09312624841,4087.09312624841,0,1,4370.21624152093,-0.0647846924787382,1,201,0,1190,0.420168067226891,33.0555555555556,quality-relocate
addition_stress_instances,Far,3,8203,8913008,add,2,AdaptiveMemeticPSO,8,1000,948,200,328,38,0,0.325301429576975,0.4189759,3877.91534735481,3877.91534735481,0,1,4370.21624152093,-0.112649092621282,1,201,0,1190,0.420168067226891,33.0555555555556,quality-relocate
addition_stress_instances,Far,3,8203,8913008,add,2,AdaptiveMemeticPSO,8,1500,1500,200,640,39,0,0,0.4189759,3856.87811735781,3856.87811735781,0,1,4370.21624152093,-0.117462865861407,1,201,0,1190,0.420168067226891,33.0555555555556,quality-relocate
addition_stress_instances,Far,3,8203,8913008,add,2,AdaptiveMemeticPSO,8,2500,2500,200,1190,4,0,0,0.4189759,3856.87811735781,3856.87811735781,0,1,4370.21624152093,-0.117462865861407,1,201,0,1190,0.420168067226891,33.0555555555556,quality-relocate
addition_stress_instances,Far,3,8203,8913009,add,2,Repair,9,500,38,0,0,0,NaN,NaN,0.0043015,4137.06127770897,4137.06127770897,0,1,4370.21624152093,-0.0533508986573199,0,NaN,0,0,NaN,0,repair
addition_stress_instances,Far,3,8203,8913009,add,2,Repair,9,1000,38,0,0,0,NaN,NaN,0.0043015,4137.06127770897,4137.06127770897,0,1,4370.21624152093,-0.0533508986573199,0,NaN,0,0,NaN,0,repair
addition_stress_instances,Far,3,8203,8913009,add,2,Repair,9,1500,38,0,0,0,NaN,NaN,0.0043015,4137.06127770897,4137.06127770897,0,1,4370.21624152093,-0.0533508986573199,0,NaN,0,0,NaN,0,repair
addition_stress_instances,Far,3,8203,8913009,add,2,Repair,9,2500,38,0,0,0,NaN,NaN,0.0043015,4137.06127770897,4137.06127770897,0,1,4370.21624152093,-0.0533508986573199,0,NaN,0,0,NaN,0,repair
addition_stress_instances,Far,3,8203,8913009,add,2,WarmPSO,9,500,500,200,0,25,NaN,NaN,0.3812645,4137.06127770897,4137.06127770897,0,1,4370.21624152093,-0.0533508986573199,0,201,0,0,0,25,WarmPSO
addition_stress_instances,Far,3,8203,8913009,add,2,WarmPSO,9,1000,980,200,0,25,NaN,NaN,0.3812645,4137.06127770897,4137.06127770897,0,1,4370.21624152093,-0.0533508986573199,0,201,0,0,0,25,WarmPSO
addition_stress_instances,Far,3,8203,8913009,add,2,WarmPSO,9,1500,1490,200,0,25,NaN,NaN,0.3812645,4137.06127770897,4137.06127770897,0,1,4370.21624152093,-0.0533508986573199,0,201,0,0,0,25,WarmPSO
addition_stress_instances,Far,3,8203,8913009,add,2,WarmPSO,9,2500,2480,200,0,25,NaN,NaN,0.3812645,4137.06127770897,4137.06127770897,0,1,4370.21624152093,-0.0533508986573199,0,201,0,0,0,25,WarmPSO
addition_stress_instances,Far,3,8203,8913009,add,2,WarmPSO_FixedRelocate,9,500,450,200,100,25,NaN,NaN,0.4417487,4137.06127770897,4137.06127770897,0,1,4370.21624152093,-0.0533508986573199,0,201,0,1025,0.682926829268293,25,WarmPSO_FixedRelocate
addition_stress_instances,Far,3,8203,8913009,add,2,WarmPSO_FixedRelocate,9,1000,1000,200,350,25,NaN,NaN,0.4417487,3968.97982119856,3968.97982119856,0,1,4370.21624152093,-0.0918115713612212,1,201,0,1025,0.682926829268293,25,WarmPSO_FixedRelocate
addition_stress_instances,Far,3,8203,8913009,add,2,WarmPSO_FixedRelocate,9,1500,1495,200,575,25,NaN,NaN,0.4417487,3869.77242953188,3869.77242953188,0,1,4370.21624152093,-0.11451236834333,1,201,0,1025,0.682926829268293,25,WarmPSO_FixedRelocate
addition_stress_instances,Far,3,8203,8913009,add,2,WarmPSO_FixedRelocate,9,2500,2485,200,1025,25,NaN,NaN,0.4417487,3808.1243756821,3808.1243756821,0,1,4370.21624152093,-0.128618776457433,1,201,0,1025,0.682926829268293,25,WarmPSO_FixedRelocate
addition_stress_instances,Far,3,8203,8913009,add,2,AdaptiveMemeticPSO,9,500,450,200,100,25,0,0,0.4018599,4137.06127770897,4137.06127770897,0,1,4370.21624152093,-0.0533508986573199,0,201,0,1220,0.573770491803279,34.8571428571429,quality-relocate
addition_stress_instances,Far,3,8203,8913009,add,2,AdaptiveMemeticPSO,9,1000,987,200,367,39,0,0,0.4018599,4017.30400767222,4017.30400767222,0,1,4370.21624152093,-0.0807539522863261,1,201,0,1220,0.573770491803279,34.8571428571429,quality-relocate
addition_stress_instances,Far,3,8203,8913009,add,2,AdaptiveMemeticPSO,9,1500,1474,200,644,40,0,0,0.4018599,3869.77242953188,3869.77242953188,0,1,4370.21624152093,-0.11451236834333,1,201,0,1220,0.573770491803279,34.8571428571429,quality-relocate
addition_stress_instances,Far,3,8203,8913009,add,2,AdaptiveMemeticPSO,9,2500,2500,200,1220,16,0,0,0.4018599,3808.1243756821,3808.1243756821,0,1,4370.21624152093,-0.128618776457433,1,201,0,1220,0.573770491803279,34.8571428571429,quality-relocate
addition_stress_instances,Far,3,8203,8913010,add,2,Repair,10,500,38,0,0,0,NaN,NaN,0.0037499,4137.06127770897,4137.06127770897,0,1,4370.21624152093,-0.0533508986573199,0,NaN,0,0,NaN,0,repair
addition_stress_instances,Far,3,8203,8913010,add,2,Repair,10,1000,38,0,0,0,NaN,NaN,0.0037499,4137.06127770897,4137.06127770897,0,1,4370.21624152093,-0.0533508986573199,0,NaN,0,0,NaN,0,repair
addition_stress_instances,Far,3,8203,8913010,add,2,Repair,10,1500,38,0,0,0,NaN,NaN,0.0037499,4137.06127770897,4137.06127770897,0,1,4370.21624152093,-0.0533508986573199,0,NaN,0,0,NaN,0,repair
addition_stress_instances,Far,3,8203,8913010,add,2,Repair,10,2500,38,0,0,0,NaN,NaN,0.0037499,4137.06127770897,4137.06127770897,0,1,4370.21624152093,-0.0533508986573199,0,NaN,0,0,NaN,0,repair
addition_stress_instances,Far,3,8203,8913010,add,2,WarmPSO,10,500,500,200,0,25,NaN,NaN,0.300415,4137.06127770897,4137.06127770897,0,1,4370.21624152093,-0.0533508986573199,0,201,0,0,0,25,WarmPSO
addition_stress_instances,Far,3,8203,8913010,add,2,WarmPSO,10,1000,980,200,0,25,NaN,NaN,0.300415,4137.06127770897,4137.06127770897,0,1,4370.21624152093,-0.0533508986573199,0,201,0,0,0,25,WarmPSO
addition_stress_instances,Far,3,8203,8913010,add,2,WarmPSO,10,1500,1490,200,0,25,NaN,NaN,0.300415,4137.06127770897,4137.06127770897,0,1,4370.21624152093,-0.0533508986573199,0,201,0,0,0,25,WarmPSO
addition_stress_instances,Far,3,8203,8913010,add,2,WarmPSO,10,2500,2480,200,0,25,NaN,NaN,0.300415,4137.06127770897,4137.06127770897,0,1,4370.21624152093,-0.0533508986573199,0,201,0,0,0,25,WarmPSO
addition_stress_instances,Far,3,8203,8913010,add,2,WarmPSO_FixedRelocate,10,500,450,200,100,25,NaN,NaN,0.3239275,4017.30400767222,4017.30400767222,0,1,4370.21624152093,-0.0807539522863261,1,201,0,1025,0.682926829268293,25,WarmPSO_FixedRelocate
addition_stress_instances,Far,3,8203,8913010,add,2,WarmPSO_FixedRelocate,10,1000,1000,200,350,25,NaN,NaN,0.3239275,3872.3597426412,3872.3597426412,0,1,4370.21624152093,-0.113920335142607,1,201,0,1025,0.682926829268293,25,WarmPSO_FixedRelocate
addition_stress_instances,Far,3,8203,8913010,add,2,WarmPSO_FixedRelocate,10,1500,1495,200,575,25,NaN,NaN,0.3239275,3808.1243756821,3808.1243756821,0,1,4370.21624152093,-0.128618776457433,1,201,0,1025,0.682926829268293,25,WarmPSO_FixedRelocate
addition_stress_instances,Far,3,8203,8913010,add,2,WarmPSO_FixedRelocate,10,2500,2485,200,1025,25,NaN,NaN,0.3239275,3808.1243756821,3808.1243756821,0,1,4370.21624152093,-0.128618776457433,1,201,0,1025,0.682926829268293,25,WarmPSO_FixedRelocate
addition_stress_instances,Far,3,8203,8913010,add,2,AdaptiveMemeticPSO,10,500,450,200,100,25,0,4.79029080147007,0.2704882,4017.30400767222,4017.30400767222,0,1,4370.21624152093,-0.0807539522863261,1,201,0,1250,0.56,36.7647058823529,quality-relocate
addition_stress_instances,Far,3,8203,8913010,add,2,AdaptiveMemeticPSO,10,1000,976,200,386,38,0,0,0.2704882,3968.97982119856,3968.97982119856,0,1,4370.21624152093,-0.0918115713612212,1,201,0,1250,0.56,36.7647058823529,quality-relocate
addition_stress_instances,Far,3,8203,8913010,add,2,AdaptiveMemeticPSO,10,1500,1461,200,661,40,0,0.213478961967974,0.2704882,3808.1243756821,3808.1243756821,0,1,4370.21624152093,-0.128618776457433,1,201,0,1250,0.56,36.7647058823529,quality-relocate
addition_stress_instances,Far,3,8203,8913010,add,2,AdaptiveMemeticPSO,10,2500,2500,200,1250,29,0,0,0.2704882,3808.1243756821,3808.1243756821,0,1,4370.21624152093,-0.128618776457433,1,201,0,1250,0.56,36.7647058823529,quality-relocate
addition_stress_instances,Far,5,8205,8915001,add,2,Repair,1,500,38,0,0,0,NaN,NaN,0.0030959,4031.37481224937,4031.37481224937,0,1,5915.30049145706,-0.318483512702097,0,NaN,0,0,NaN,0,repair
addition_stress_instances,Far,5,8205,8915001,add,2,Repair,1,1000,38,0,0,0,NaN,NaN,0.0030959,4031.37481224937,4031.37481224937,0,1,5915.30049145706,-0.318483512702097,0,NaN,0,0,NaN,0,repair
addition_stress_instances,Far,5,8205,8915001,add,2,Repair,1,1500,38,0,0,0,NaN,NaN,0.0030959,4031.37481224937,4031.37481224937,0,1,5915.30049145706,-0.318483512702097,0,NaN,0,0,NaN,0,repair
addition_stress_instances,Far,5,8205,8915001,add,2,Repair,1,2500,38,0,0,0,NaN,NaN,0.0030959,4031.37481224937,4031.37481224937,0,1,5915.30049145706,-0.318483512702097,0,NaN,0,0,NaN,0,repair
addition_stress_instances,Far,5,8205,8915001,add,2,WarmPSO,1,500,500,200,0,25,NaN,NaN,0.2352231,4031.37481224937,4031.37481224937,0,1,5915.30049145706,-0.318483512702097,0,201,0,0,0,25,WarmPSO
addition_stress_instances,Far,5,8205,8915001,add,2,WarmPSO,1,1000,980,200,0,25,NaN,NaN,0.2352231,4031.37481224937,4031.37481224937,0,1,5915.30049145706,-0.318483512702097,0,201,0,0,0,25,WarmPSO
addition_stress_instances,Far,5,8205,8915001,add,2,WarmPSO,1,1500,1490,200,0,25,NaN,NaN,0.2352231,4031.37481224937,4031.37481224937,0,1,5915.30049145706,-0.318483512702097,0,201,0,0,0,25,WarmPSO
addition_stress_instances,Far,5,8205,8915001,add,2,WarmPSO,1,2500,2480,200,0,25,NaN,NaN,0.2352231,4031.37481224937,4031.37481224937,0,1,5915.30049145706,-0.318483512702097,0,201,0,0,0,25,WarmPSO
addition_stress_instances,Far,5,8205,8915001,add,2,WarmPSO_FixedRelocate,1,500,450,200,100,25,NaN,NaN,0.2755713,3933.08456533004,3933.08456533004,0,1,5915.30049145706,-0.335099785545933,1,201,0,1025,0.195121951219512,25,WarmPSO_FixedRelocate
addition_stress_instances,Far,5,8205,8915001,add,2,WarmPSO_FixedRelocate,1,1000,1000,200,350,25,NaN,NaN,0.2755713,3933.08456533004,3933.08456533004,0,1,5915.30049145706,-0.335099785545933,1,201,0,1025,0.195121951219512,25,WarmPSO_FixedRelocate
addition_stress_instances,Far,5,8205,8915001,add,2,WarmPSO_FixedRelocate,1,1500,1495,200,575,25,NaN,NaN,0.2755713,3933.08456533004,3933.08456533004,0,1,5915.30049145706,-0.335099785545933,1,201,0,1025,0.195121951219512,25,WarmPSO_FixedRelocate
addition_stress_instances,Far,5,8205,8915001,add,2,WarmPSO_FixedRelocate,1,2500,2485,200,1025,25,NaN,NaN,0.2755713,3932.96063136525,3932.96063136525,0,1,5915.30049145706,-0.335120736969276,1,201,0,1025,0.195121951219512,25,WarmPSO_FixedRelocate
addition_stress_instances,Far,5,8205,8915001,add,2,AdaptiveMemeticPSO,1,500,438,200,88,21,0,4.68048794853942,0.3061979,3933.08456533004,3933.08456533004,0,1,5915.30049145706,-0.335099785545933,1,201,0,1160,0.172413793103448,31.3513513513514,quality-relocate
addition_stress_instances,Far,5,8205,8915001,add,2,AdaptiveMemeticPSO,1,1000,942,200,352,33,0,0,0.3061979,3933.08456533004,3933.08456533004,0,1,5915.30049145706,-0.335099785545933,1,201,0,1160,0.172413793103448,31.3513513513514,quality-relocate
addition_stress_instances,Far,5,8205,8915001,add,2,AdaptiveMemeticPSO,1,1500,1446,200,616,33,0,0,0.3061979,3933.08456533004,3933.08456533004,0,1,5915.30049145706,-0.335099785545933,1,201,0,1160,0.172413793103448,31.3513513513514,quality-relocate
addition_stress_instances,Far,5,8205,8915001,add,2,AdaptiveMemeticPSO,1,2500,2500,200,1160,16,0,0,0.3061979,3932.96063136525,3932.96063136525,0,1,5915.30049145706,-0.335120736969276,1,201,0,1160,0.172413793103448,31.3513513513514,quality-relocate
addition_stress_instances,Far,5,8205,8915002,add,2,Repair,2,500,38,0,0,0,NaN,NaN,0.0034254,4031.37481224937,4031.37481224937,0,1,5915.30049145706,-0.318483512702097,0,NaN,0,0,NaN,0,repair
addition_stress_instances,Far,5,8205,8915002,add,2,Repair,2,1000,38,0,0,0,NaN,NaN,0.0034254,4031.37481224937,4031.37481224937,0,1,5915.30049145706,-0.318483512702097,0,NaN,0,0,NaN,0,repair
addition_stress_instances,Far,5,8205,8915002,add,2,Repair,2,1500,38,0,0,0,NaN,NaN,0.0034254,4031.37481224937,4031.37481224937,0,1,5915.30049145706,-0.318483512702097,0,NaN,0,0,NaN,0,repair
addition_stress_instances,Far,5,8205,8915002,add,2,Repair,2,2500,38,0,0,0,NaN,NaN,0.0034254,4031.37481224937,4031.37481224937,0,1,5915.30049145706,-0.318483512702097,0,NaN,0,0,NaN,0,repair
addition_stress_instances,Far,5,8205,8915002,add,2,WarmPSO,2,500,500,200,0,25,NaN,NaN,0.2573026,4031.37481224937,4031.37481224937,0,1,5915.30049145706,-0.318483512702097,0,201,0,0,0,25,WarmPSO
addition_stress_instances,Far,5,8205,8915002,add,2,WarmPSO,2,1000,980,200,0,25,NaN,NaN,0.2573026,4031.37481224937,4031.37481224937,0,1,5915.30049145706,-0.318483512702097,0,201,0,0,0,25,WarmPSO
addition_stress_instances,Far,5,8205,8915002,add,2,WarmPSO,2,1500,1490,200,0,25,NaN,NaN,0.2573026,4031.37481224937,4031.37481224937,0,1,5915.30049145706,-0.318483512702097,0,201,0,0,0,25,WarmPSO
addition_stress_instances,Far,5,8205,8915002,add,2,WarmPSO,2,2500,2480,200,0,25,NaN,NaN,0.2573026,4031.37481224937,4031.37481224937,0,1,5915.30049145706,-0.318483512702097,0,201,0,0,0,25,WarmPSO
addition_stress_instances,Far,5,8205,8915002,add,2,WarmPSO_FixedRelocate,2,500,450,200,100,25,NaN,NaN,0.2769751,4031.37481224937,4031.37481224937,0,1,5915.30049145706,-0.318483512702097,0,201,0,1025,0.195121951219512,25,WarmPSO_FixedRelocate
addition_stress_instances,Far,5,8205,8915002,add,2,WarmPSO_FixedRelocate,2,1000,1000,200,350,25,NaN,NaN,0.2769751,3933.08456533004,3933.08456533004,0,1,5915.30049145706,-0.335099785545933,1,201,0,1025,0.195121951219512,25,WarmPSO_FixedRelocate
addition_stress_instances,Far,5,8205,8915002,add,2,WarmPSO_FixedRelocate,2,1500,1495,200,575,25,NaN,NaN,0.2769751,3932.96063136525,3932.96063136525,0,1,5915.30049145706,-0.335120736969276,1,201,0,1025,0.195121951219512,25,WarmPSO_FixedRelocate
addition_stress_instances,Far,5,8205,8915002,add,2,WarmPSO_FixedRelocate,2,2500,2485,200,1025,25,NaN,NaN,0.2769751,3932.96063136525,3932.96063136525,0,1,5915.30049145706,-0.335120736969276,1,201,0,1025,0.195121951219512,25,WarmPSO_FixedRelocate
addition_stress_instances,Far,5,8205,8915002,add,2,AdaptiveMemeticPSO,2,500,450,200,100,25,0,0,0.3116795,4031.37481224937,4031.37481224937,0,1,5915.30049145706,-0.318483512702097,0,201,0,1190,0.168067226890756,33.0555555555556,quality-relocate
addition_stress_instances,Far,5,8205,8915002,add,2,AdaptiveMemeticPSO,2,1000,1000,200,350,25,0,3.93160987677311,0.3116795,3933.08456533004,3933.08456533004,0,1,5915.30049145706,-0.335099785545933,1,201,0,1190,0.168067226890756,33.0555555555556,quality-relocate
addition_stress_instances,Far,5,8205,8915002,add,2,AdaptiveMemeticPSO,2,1500,1490,200,630,40,0,0.003098349119864,0.3116795,3932.96063136525,3932.96063136525,0,1,5915.30049145706,-0.335120736969276,1,201,0,1190,0.168067226890756,33.0555555555556,quality-relocate
addition_stress_instances,Far,5,8205,8915002,add,2,AdaptiveMemeticPSO,2,2500,2500,200,1190,0,0,0,0.3116795,3932.96063136525,3932.96063136525,0,1,5915.30049145706,-0.335120736969276,1,201,0,1190,0.168067226890756,33.0555555555556,quality-relocate
addition_stress_instances,Far,5,8205,8915003,add,2,Repair,3,500,38,0,0,0,NaN,NaN,0.0033997,4031.37481224937,4031.37481224937,0,1,5915.30049145706,-0.318483512702097,0,NaN,0,0,NaN,0,repair
addition_stress_instances,Far,5,8205,8915003,add,2,Repair,3,1000,38,0,0,0,NaN,NaN,0.0033997,4031.37481224937,4031.37481224937,0,1,5915.30049145706,-0.318483512702097,0,NaN,0,0,NaN,0,repair
addition_stress_instances,Far,5,8205,8915003,add,2,Repair,3,1500,38,0,0,0,NaN,NaN,0.0033997,4031.37481224937,4031.37481224937,0,1,5915.30049145706,-0.318483512702097,0,NaN,0,0,NaN,0,repair
addition_stress_instances,Far,5,8205,8915003,add,2,Repair,3,2500,38,0,0,0,NaN,NaN,0.0033997,4031.37481224937,4031.37481224937,0,1,5915.30049145706,-0.318483512702097,0,NaN,0,0,NaN,0,repair
addition_stress_instances,Far,5,8205,8915003,add,2,WarmPSO,3,500,500,200,0,25,NaN,NaN,0.2911912,4031.37481224937,4031.37481224937,0,1,5915.30049145706,-0.318483512702097,0,201,0,0,0,25,WarmPSO
addition_stress_instances,Far,5,8205,8915003,add,2,WarmPSO,3,1000,980,200,0,25,NaN,NaN,0.2911912,4031.37481224937,4031.37481224937,0,1,5915.30049145706,-0.318483512702097,0,201,0,0,0,25,WarmPSO
addition_stress_instances,Far,5,8205,8915003,add,2,WarmPSO,3,1500,1490,200,0,25,NaN,NaN,0.2911912,4031.37481224937,4031.37481224937,0,1,5915.30049145706,-0.318483512702097,0,201,0,0,0,25,WarmPSO
addition_stress_instances,Far,5,8205,8915003,add,2,WarmPSO,3,2500,2480,200,0,25,NaN,NaN,0.2911912,4031.37481224937,4031.37481224937,0,1,5915.30049145706,-0.318483512702097,0,201,0,0,0,25,WarmPSO
addition_stress_instances,Far,5,8205,8915003,add,2,WarmPSO_FixedRelocate,3,500,450,200,100,25,NaN,NaN,0.3189797,3932.96063136525,3932.96063136525,0,1,5915.30049145706,-0.335120736969276,1,201,0,1025,0.195121951219512,25,WarmPSO_FixedRelocate
addition_stress_instances,Far,5,8205,8915003,add,2,WarmPSO_FixedRelocate,3,1000,1000,200,350,25,NaN,NaN,0.3189797,3932.96063136525,3932.96063136525,0,1,5915.30049145706,-0.335120736969276,1,201,0,1025,0.195121951219512,25,WarmPSO_FixedRelocate
addition_stress_instances,Far,5,8205,8915003,add,2,WarmPSO_FixedRelocate,3,1500,1495,200,575,25,NaN,NaN,0.3189797,3932.96063136525,3932.96063136525,0,1,5915.30049145706,-0.335120736969276,1,201,0,1025,0.195121951219512,25,WarmPSO_FixedRelocate
addition_stress_instances,Far,5,8205,8915003,add,2,WarmPSO_FixedRelocate,3,2500,2485,200,1025,25,NaN,NaN,0.3189797,3932.96063136525,3932.96063136525,0,1,5915.30049145706,-0.335120736969276,1,201,0,1025,0.195121951219512,25,WarmPSO_FixedRelocate
addition_stress_instances,Far,5,8205,8915003,add,2,AdaptiveMemeticPSO,3,500,438,200,88,22,0,4.46773849633308,0.2860493,3932.96063136525,3932.96063136525,0,1,5915.30049145706,-0.335120736969276,1,201,0,1160,0.172413793103448,31.3513513513514,quality-relocate
addition_stress_instances,Far,5,8205,8915003,add,2,AdaptiveMemeticPSO,3,1000,942,200,352,33,0,0,0.2860493,3932.96063136525,3932.96063136525,0,1,5915.30049145706,-0.335120736969276,1,201,0,1160,0.172413793103448,31.3513513513514,quality-relocate
addition_stress_instances,Far,5,8205,8915003,add,2,AdaptiveMemeticPSO,3,1500,1446,200,616,33,0,0,0.2860493,3932.96063136525,3932.96063136525,0,1,5915.30049145706,-0.335120736969276,1,201,0,1160,0.172413793103448,31.3513513513514,quality-relocate
addition_stress_instances,Far,5,8205,8915003,add,2,AdaptiveMemeticPSO,3,2500,2500,200,1160,16,0,0,0.2860493,3932.96063136525,3932.96063136525,0,1,5915.30049145706,-0.335120736969276,1,201,0,1160,0.172413793103448,31.3513513513514,quality-relocate
addition_stress_instances,Far,5,8205,8915004,add,2,Repair,4,500,38,0,0,0,NaN,NaN,0.0035218,4031.37481224937,4031.37481224937,0,1,5915.30049145706,-0.318483512702097,0,NaN,0,0,NaN,0,repair
addition_stress_instances,Far,5,8205,8915004,add,2,Repair,4,1000,38,0,0,0,NaN,NaN,0.0035218,4031.37481224937,4031.37481224937,0,1,5915.30049145706,-0.318483512702097,0,NaN,0,0,NaN,0,repair
addition_stress_instances,Far,5,8205,8915004,add,2,Repair,4,1500,38,0,0,0,NaN,NaN,0.0035218,4031.37481224937,4031.37481224937,0,1,5915.30049145706,-0.318483512702097,0,NaN,0,0,NaN,0,repair
addition_stress_instances,Far,5,8205,8915004,add,2,Repair,4,2500,38,0,0,0,NaN,NaN,0.0035218,4031.37481224937,4031.37481224937,0,1,5915.30049145706,-0.318483512702097,0,NaN,0,0,NaN,0,repair
addition_stress_instances,Far,5,8205,8915004,add,2,WarmPSO,4,500,500,200,0,25,NaN,NaN,0.2330463,4031.37481224937,4031.37481224937,0,1,5915.30049145706,-0.318483512702097,0,201,0,0,0,25,WarmPSO
addition_stress_instances,Far,5,8205,8915004,add,2,WarmPSO,4,1000,980,200,0,25,NaN,NaN,0.2330463,4031.37481224937,4031.37481224937,0,1,5915.30049145706,-0.318483512702097,0,201,0,0,0,25,WarmPSO
addition_stress_instances,Far,5,8205,8915004,add,2,WarmPSO,4,1500,1490,200,0,25,NaN,NaN,0.2330463,4031.37481224937,4031.37481224937,0,1,5915.30049145706,-0.318483512702097,0,201,0,0,0,25,WarmPSO
addition_stress_instances,Far,5,8205,8915004,add,2,WarmPSO,4,2500,2480,200,0,25,NaN,NaN,0.2330463,4031.37481224937,4031.37481224937,0,1,5915.30049145706,-0.318483512702097,0,201,0,0,0,25,WarmPSO
addition_stress_instances,Far,5,8205,8915004,add,2,WarmPSO_FixedRelocate,4,500,450,200,100,25,NaN,NaN,0.259832,4031.25087828458,4031.25087828458,0,1,5915.30049145706,-0.31850446412544,1,201,0,1025,0.195121951219512,25,WarmPSO_FixedRelocate
addition_stress_instances,Far,5,8205,8915004,add,2,WarmPSO_FixedRelocate,4,1000,1000,200,350,25,NaN,NaN,0.259832,4031.25087828458,4031.25087828458,0,1,5915.30049145706,-0.31850446412544,1,201,0,1025,0.195121951219512,25,WarmPSO_FixedRelocate
addition_stress_instances,Far,5,8205,8915004,add,2,WarmPSO_FixedRelocate,4,1500,1495,200,575,25,NaN,NaN,0.259832,4031.25087828458,4031.25087828458,0,1,5915.30049145706,-0.31850446412544,1,201,0,1025,0.195121951219512,25,WarmPSO_FixedRelocate
addition_stress_instances,Far,5,8205,8915004,add,2,WarmPSO_FixedRelocate,4,2500,2485,200,1025,25,NaN,NaN,0.259832,3932.96063136525,3932.96063136525,0,1,5915.30049145706,-0.335120736969276,1,201,0,1025,0.195121951219512,25,WarmPSO_FixedRelocate
addition_stress_instances,Far,5,8205,8915004,add,2,AdaptiveMemeticPSO,4,500,450,200,100,25,0,0,0.2809907,4031.25087828458,4031.25087828458,0,1,5915.30049145706,-0.31850446412544,1,201,0,1025,0.195121951219512,24.4047619047619,quality-relocate
addition_stress_instances,Far,5,8205,8915004,add,2,AdaptiveMemeticPSO,4,1000,1000,200,350,25,0,0,0.2809907,4031.25087828458,4031.25087828458,0,1,5915.30049145706,-0.31850446412544,1,201,0,1025,0.195121951219512,24.4047619047619,quality-relocate
addition_stress_instances,Far,5,8205,8915004,add,2,AdaptiveMemeticPSO,4,1500,1495,200,575,25,0,0,0.2809907,4031.25087828458,4031.25087828458,0,1,5915.30049145706,-0.31850446412544,1,201,0,1025,0.195121951219512,24.4047619047619,quality-relocate
addition_stress_instances,Far,5,8205,8915004,add,2,AdaptiveMemeticPSO,4,2500,2500,200,1025,0,0,0,0.2809907,3932.96063136525,3932.96063136525,0,1,5915.30049145706,-0.335120736969276,1,201,0,1025,0.195121951219512,24.4047619047619,quality-relocate
addition_stress_instances,Far,5,8205,8915005,add,2,Repair,5,500,38,0,0,0,NaN,NaN,0.0029461,4031.37481224937,4031.37481224937,0,1,5915.30049145706,-0.318483512702097,0,NaN,0,0,NaN,0,repair
addition_stress_instances,Far,5,8205,8915005,add,2,Repair,5,1000,38,0,0,0,NaN,NaN,0.0029461,4031.37481224937,4031.37481224937,0,1,5915.30049145706,-0.318483512702097,0,NaN,0,0,NaN,0,repair
addition_stress_instances,Far,5,8205,8915005,add,2,Repair,5,1500,38,0,0,0,NaN,NaN,0.0029461,4031.37481224937,4031.37481224937,0,1,5915.30049145706,-0.318483512702097,0,NaN,0,0,NaN,0,repair
addition_stress_instances,Far,5,8205,8915005,add,2,Repair,5,2500,38,0,0,0,NaN,NaN,0.0029461,4031.37481224937,4031.37481224937,0,1,5915.30049145706,-0.318483512702097,0,NaN,0,0,NaN,0,repair
addition_stress_instances,Far,5,8205,8915005,add,2,WarmPSO,5,500,500,200,0,25,NaN,NaN,0.2233412,4031.37481224937,4031.37481224937,0,1,5915.30049145706,-0.318483512702097,0,201,0,0,0,25,WarmPSO
addition_stress_instances,Far,5,8205,8915005,add,2,WarmPSO,5,1000,980,200,0,25,NaN,NaN,0.2233412,4031.37481224937,4031.37481224937,0,1,5915.30049145706,-0.318483512702097,0,201,0,0,0,25,WarmPSO
addition_stress_instances,Far,5,8205,8915005,add,2,WarmPSO,5,1500,1490,200,0,25,NaN,NaN,0.2233412,4031.37481224937,4031.37481224937,0,1,5915.30049145706,-0.318483512702097,0,201,0,0,0,25,WarmPSO
addition_stress_instances,Far,5,8205,8915005,add,2,WarmPSO,5,2500,2480,200,0,25,NaN,NaN,0.2233412,4031.37481224937,4031.37481224937,0,1,5915.30049145706,-0.318483512702097,0,201,0,0,0,25,WarmPSO
addition_stress_instances,Far,5,8205,8915005,add,2,WarmPSO_FixedRelocate,5,500,450,200,100,25,NaN,NaN,0.2912677,3933.08456533004,3933.08456533004,0,1,5915.30049145706,-0.335099785545933,1,201,0,1025,0.195121951219512,25,WarmPSO_FixedRelocate
addition_stress_instances,Far,5,8205,8915005,add,2,WarmPSO_FixedRelocate,5,1000,1000,200,350,25,NaN,NaN,0.2912677,3933.08456533004,3933.08456533004,0,1,5915.30049145706,-0.335099785545933,1,201,0,1025,0.195121951219512,25,WarmPSO_FixedRelocate
addition_stress_instances,Far,5,8205,8915005,add,2,WarmPSO_FixedRelocate,5,1500,1495,200,575,25,NaN,NaN,0.2912677,3933.08456533004,3933.08456533004,0,1,5915.30049145706,-0.335099785545933,1,201,0,1025,0.195121951219512,25,WarmPSO_FixedRelocate
addition_stress_instances,Far,5,8205,8915005,add,2,WarmPSO_FixedRelocate,5,2500,2485,200,1025,25,NaN,NaN,0.2912677,3932.96063136525,3932.96063136525,0,1,5915.30049145706,-0.335120736969276,1,201,0,1025,0.195121951219512,25,WarmPSO_FixedRelocate
addition_stress_instances,Far,5,8205,8915005,add,2,AdaptiveMemeticPSO,5,500,484,200,104,31,0,0,0.2858249,3933.08456533004,3933.08456533004,0,1,5915.30049145706,-0.335099785545933,1,201,0,1130,0.176991150442478,29.7368421052632,quality-relocate
addition_stress_instances,Far,5,8205,8915005,add,2,AdaptiveMemeticPSO,5,1000,972,200,352,31,0,0,0.2858249,3933.08456533004,3933.08456533004,0,1,5915.30049145706,-0.335099785545933,1,201,0,1130,0.176991150442478,29.7368421052632,quality-relocate
addition_stress_instances,Far,5,8205,8915005,add,2,AdaptiveMemeticPSO,5,1500,1460,200,600,31,0,0,0.2858249,3933.08456533004,3933.08456533004,0,1,5915.30049145706,-0.335099785545933,1,201,0,1130,0.176991150442478,29.7368421052632,quality-relocate
addition_stress_instances,Far,5,8205,8915005,add,2,AdaptiveMemeticPSO,5,2500,2500,200,1130,21,0,0,0.2858249,3932.96063136525,3932.96063136525,0,1,5915.30049145706,-0.335120736969276,1,201,0,1130,0.176991150442478,29.7368421052632,quality-relocate
addition_stress_instances,Far,5,8205,8915006,add,2,Repair,6,500,38,0,0,0,NaN,NaN,0.0028925,4031.37481224937,4031.37481224937,0,1,5915.30049145706,-0.318483512702097,0,NaN,0,0,NaN,0,repair
addition_stress_instances,Far,5,8205,8915006,add,2,Repair,6,1000,38,0,0,0,NaN,NaN,0.0028925,4031.37481224937,4031.37481224937,0,1,5915.30049145706,-0.318483512702097,0,NaN,0,0,NaN,0,repair
addition_stress_instances,Far,5,8205,8915006,add,2,Repair,6,1500,38,0,0,0,NaN,NaN,0.0028925,4031.37481224937,4031.37481224937,0,1,5915.30049145706,-0.318483512702097,0,NaN,0,0,NaN,0,repair
addition_stress_instances,Far,5,8205,8915006,add,2,Repair,6,2500,38,0,0,0,NaN,NaN,0.0028925,4031.37481224937,4031.37481224937,0,1,5915.30049145706,-0.318483512702097,0,NaN,0,0,NaN,0,repair
addition_stress_instances,Far,5,8205,8915006,add,2,WarmPSO,6,500,500,200,0,25,NaN,NaN,0.253438,4031.37481224937,4031.37481224937,0,1,5915.30049145706,-0.318483512702097,0,201,0,0,0,25,WarmPSO
addition_stress_instances,Far,5,8205,8915006,add,2,WarmPSO,6,1000,980,200,0,25,NaN,NaN,0.253438,4031.37481224937,4031.37481224937,0,1,5915.30049145706,-0.318483512702097,0,201,0,0,0,25,WarmPSO
addition_stress_instances,Far,5,8205,8915006,add,2,WarmPSO,6,1500,1490,200,0,25,NaN,NaN,0.253438,4031.37481224937,4031.37481224937,0,1,5915.30049145706,-0.318483512702097,0,201,0,0,0,25,WarmPSO
addition_stress_instances,Far,5,8205,8915006,add,2,WarmPSO,6,2500,2480,200,0,25,NaN,NaN,0.253438,4031.37481224937,4031.37481224937,0,1,5915.30049145706,-0.318483512702097,0,201,0,0,0,25,WarmPSO
addition_stress_instances,Far,5,8205,8915006,add,2,WarmPSO_FixedRelocate,6,500,450,200,100,25,NaN,NaN,0.2779875,4031.37481224937,4031.37481224937,0,1,5915.30049145706,-0.318483512702097,0,201,0,1025,0.195121951219512,25,WarmPSO_FixedRelocate
addition_stress_instances,Far,5,8205,8915006,add,2,WarmPSO_FixedRelocate,6,1000,1000,200,350,25,NaN,NaN,0.2779875,3933.08456533004,3933.08456533004,0,1,5915.30049145706,-0.335099785545933,1,201,0,1025,0.195121951219512,25,WarmPSO_FixedRelocate
addition_stress_instances,Far,5,8205,8915006,add,2,WarmPSO_FixedRelocate,6,1500,1495,200,575,25,NaN,NaN,0.2779875,3933.08456533004,3933.08456533004,0,1,5915.30049145706,-0.335099785545933,1,201,0,1025,0.195121951219512,25,WarmPSO_FixedRelocate
addition_stress_instances,Far,5,8205,8915006,add,2,WarmPSO_FixedRelocate,6,2500,2485,200,1025,25,NaN,NaN,0.2779875,3932.96063136525,3932.96063136525,0,1,5915.30049145706,-0.335120736969276,1,201,0,1025,0.195121951219512,25,WarmPSO_FixedRelocate
addition_stress_instances,Far,5,8205,8915006,add,2,AdaptiveMemeticPSO,6,500,450,200,100,25,0,0,0.2911993,4031.37481224937,4031.37481224937,0,1,5915.30049145706,-0.318483512702097,0,201,0,1213,0.164880461665293,33.6944444444444,quality-relocate
addition_stress_instances,Far,5,8205,8915006,add,2,AdaptiveMemeticPSO,6,1000,997,200,377,38,0,0,0.2911993,3933.08456533004,3933.08456533004,0,1,5915.30049145706,-0.335099785545933,1,201,0,1213,0.164880461665293,33.6944444444444,quality-relocate
addition_stress_instances,Far,5,8205,8915006,add,2,AdaptiveMemeticPSO,6,1500,1473,200,643,38,0,0,0.2911993,3933.08456533004,3933.08456533004,0,1,5915.30049145706,-0.335099785545933,1,201,0,1213,0.164880461665293,33.6944444444444,quality-relocate
addition_stress_instances,Far,5,8205,8915006,add,2,AdaptiveMemeticPSO,6,2500,2500,200,1213,0,0,0,0.2911993,3932.96063136525,3932.96063136525,0,1,5915.30049145706,-0.335120736969276,1,201,0,1213,0.164880461665293,33.6944444444444,quality-relocate
addition_stress_instances,Far,5,8205,8915007,add,2,Repair,7,500,38,0,0,0,NaN,NaN,0.003208,4031.37481224937,4031.37481224937,0,1,5915.30049145706,-0.318483512702097,0,NaN,0,0,NaN,0,repair
addition_stress_instances,Far,5,8205,8915007,add,2,Repair,7,1000,38,0,0,0,NaN,NaN,0.003208,4031.37481224937,4031.37481224937,0,1,5915.30049145706,-0.318483512702097,0,NaN,0,0,NaN,0,repair
addition_stress_instances,Far,5,8205,8915007,add,2,Repair,7,1500,38,0,0,0,NaN,NaN,0.003208,4031.37481224937,4031.37481224937,0,1,5915.30049145706,-0.318483512702097,0,NaN,0,0,NaN,0,repair
addition_stress_instances,Far,5,8205,8915007,add,2,Repair,7,2500,38,0,0,0,NaN,NaN,0.003208,4031.37481224937,4031.37481224937,0,1,5915.30049145706,-0.318483512702097,0,NaN,0,0,NaN,0,repair
addition_stress_instances,Far,5,8205,8915007,add,2,WarmPSO,7,500,500,200,0,25,NaN,NaN,0.2410272,4031.37481224937,4031.37481224937,0,1,5915.30049145706,-0.318483512702097,0,201,0,0,0,25,WarmPSO
addition_stress_instances,Far,5,8205,8915007,add,2,WarmPSO,7,1000,980,200,0,25,NaN,NaN,0.2410272,4031.37481224937,4031.37481224937,0,1,5915.30049145706,-0.318483512702097,0,201,0,0,0,25,WarmPSO
addition_stress_instances,Far,5,8205,8915007,add,2,WarmPSO,7,1500,1490,200,0,25,NaN,NaN,0.2410272,4031.37481224937,4031.37481224937,0,1,5915.30049145706,-0.318483512702097,0,201,0,0,0,25,WarmPSO
addition_stress_instances,Far,5,8205,8915007,add,2,WarmPSO,7,2500,2480,200,0,25,NaN,NaN,0.2410272,4031.37481224937,4031.37481224937,0,1,5915.30049145706,-0.318483512702097,0,201,0,0,0,25,WarmPSO
addition_stress_instances,Far,5,8205,8915007,add,2,WarmPSO_FixedRelocate,7,500,450,200,100,25,NaN,NaN,0.2717986,4031.37481224937,4031.37481224937,0,1,5915.30049145706,-0.318483512702097,0,201,0,1025,0.195121951219512,25,WarmPSO_FixedRelocate
addition_stress_instances,Far,5,8205,8915007,add,2,WarmPSO_FixedRelocate,7,1000,1000,200,350,25,NaN,NaN,0.2717986,4031.37481224937,4031.37481224937,0,1,5915.30049145706,-0.318483512702097,0,201,0,1025,0.195121951219512,25,WarmPSO_FixedRelocate
addition_stress_instances,Far,5,8205,8915007,add,2,WarmPSO_FixedRelocate,7,1500,1495,200,575,25,NaN,NaN,0.2717986,3932.96063136525,3932.96063136525,0,1,5915.30049145706,-0.335120736969276,1,201,0,1025,0.195121951219512,25,WarmPSO_FixedRelocate
addition_stress_instances,Far,5,8205,8915007,add,2,WarmPSO_FixedRelocate,7,2500,2485,200,1025,25,NaN,NaN,0.2717986,3932.96063136525,3932.96063136525,0,1,5915.30049145706,-0.335120736969276,1,201,0,1025,0.195121951219512,25,WarmPSO_FixedRelocate
addition_stress_instances,Far,5,8205,8915007,add,2,AdaptiveMemeticPSO,7,500,483,200,103,20,0,0,0.2779293,4031.37481224937,4031.37481224937,0,1,5915.30049145706,-0.318483512702097,0,201,0,1127,0.177462289263531,28.8974358974359,quality-relocate
addition_stress_instances,Far,5,8205,8915007,add,2,AdaptiveMemeticPSO,7,1000,983,200,303,20,0,0,0.2779293,4031.37481224937,4031.37481224937,0,1,5915.30049145706,-0.318483512702097,0,201,0,1127,0.177462289263531,28.8974358974359,quality-relocate
addition_stress_instances,Far,5,8205,8915007,add,2,AdaptiveMemeticPSO,7,1500,1447,200,527,40,0,0,0.2779293,3932.96063136525,3932.96063136525,0,1,5915.30049145706,-0.335120736969276,1,201,0,1127,0.177462289263531,28.8974358974359,quality-relocate
addition_stress_instances,Far,5,8205,8915007,add,2,AdaptiveMemeticPSO,7,2500,2500,200,1127,0,0,0,0.2779293,3932.96063136525,3932.96063136525,0,1,5915.30049145706,-0.335120736969276,1,201,0,1127,0.177462289263531,28.8974358974359,quality-relocate
addition_stress_instances,Far,5,8205,8915008,add,2,Repair,8,500,38,0,0,0,NaN,NaN,0.0028343,4031.37481224937,4031.37481224937,0,1,5915.30049145706,-0.318483512702097,0,NaN,0,0,NaN,0,repair
addition_stress_instances,Far,5,8205,8915008,add,2,Repair,8,1000,38,0,0,0,NaN,NaN,0.0028343,4031.37481224937,4031.37481224937,0,1,5915.30049145706,-0.318483512702097,0,NaN,0,0,NaN,0,repair
addition_stress_instances,Far,5,8205,8915008,add,2,Repair,8,1500,38,0,0,0,NaN,NaN,0.0028343,4031.37481224937,4031.37481224937,0,1,5915.30049145706,-0.318483512702097,0,NaN,0,0,NaN,0,repair
addition_stress_instances,Far,5,8205,8915008,add,2,Repair,8,2500,38,0,0,0,NaN,NaN,0.0028343,4031.37481224937,4031.37481224937,0,1,5915.30049145706,-0.318483512702097,0,NaN,0,0,NaN,0,repair
addition_stress_instances,Far,5,8205,8915008,add,2,WarmPSO,8,500,500,200,0,25,NaN,NaN,0.2247336,4031.37481224937,4031.37481224937,0,1,5915.30049145706,-0.318483512702097,0,201,0,0,0,25,WarmPSO
addition_stress_instances,Far,5,8205,8915008,add,2,WarmPSO,8,1000,980,200,0,25,NaN,NaN,0.2247336,4031.37481224937,4031.37481224937,0,1,5915.30049145706,-0.318483512702097,0,201,0,0,0,25,WarmPSO
addition_stress_instances,Far,5,8205,8915008,add,2,WarmPSO,8,1500,1490,200,0,25,NaN,NaN,0.2247336,4031.37481224937,4031.37481224937,0,1,5915.30049145706,-0.318483512702097,0,201,0,0,0,25,WarmPSO
addition_stress_instances,Far,5,8205,8915008,add,2,WarmPSO,8,2500,2480,200,0,25,NaN,NaN,0.2247336,4031.37481224937,4031.37481224937,0,1,5915.30049145706,-0.318483512702097,0,201,0,0,0,25,WarmPSO
addition_stress_instances,Far,5,8205,8915008,add,2,WarmPSO_FixedRelocate,8,500,450,200,100,25,NaN,NaN,0.2797549,4031.37481224937,4031.37481224937,0,1,5915.30049145706,-0.318483512702097,0,201,0,1025,0.195121951219512,25,WarmPSO_FixedRelocate
addition_stress_instances,Far,5,8205,8915008,add,2,WarmPSO_FixedRelocate,8,1000,1000,200,350,25,NaN,NaN,0.2797549,3933.08456533004,3933.08456533004,0,1,5915.30049145706,-0.335099785545933,1,201,0,1025,0.195121951219512,25,WarmPSO_FixedRelocate
addition_stress_instances,Far,5,8205,8915008,add,2,WarmPSO_FixedRelocate,8,1500,1495,200,575,25,NaN,NaN,0.2797549,3932.96063136525,3932.96063136525,0,1,5915.30049145706,-0.335120736969276,1,201,0,1025,0.195121951219512,25,WarmPSO_FixedRelocate
addition_stress_instances,Far,5,8205,8915008,add,2,WarmPSO_FixedRelocate,8,2500,2485,200,1025,25,NaN,NaN,0.2797549,3932.96063136525,3932.96063136525,0,1,5915.30049145706,-0.335120736969276,1,201,0,1025,0.195121951219512,25,WarmPSO_FixedRelocate
addition_stress_instances,Far,5,8205,8915008,add,2,AdaptiveMemeticPSO,8,500,490,200,110,22,0,0,0.2847812,4031.37481224937,4031.37481224937,0,1,5915.30049145706,-0.318483512702097,0,201,0,1190,0.168067226890756,33.0555555555556,quality-relocate
addition_stress_instances,Far,5,8205,8915008,add,2,AdaptiveMemeticPSO,8,1000,992,200,342,39,0,0,0.2847812,3933.08456533004,3933.08456533004,0,1,5915.30049145706,-0.335099785545933,1,201,0,1190,0.168067226890756,33.0555555555556,quality-relocate
addition_stress_instances,Far,5,8205,8915008,add,2,AdaptiveMemeticPSO,8,1500,1475,200,615,39,0,0,0.2847812,3932.96063136525,3932.96063136525,0,1,5915.30049145706,-0.335120736969276,1,201,0,1190,0.168067226890756,33.0555555555556,quality-relocate
addition_stress_instances,Far,5,8205,8915008,add,2,AdaptiveMemeticPSO,8,2500,2500,200,1190,29,0,0,0.2847812,3932.96063136525,3932.96063136525,0,1,5915.30049145706,-0.335120736969276,1,201,0,1190,0.168067226890756,33.0555555555556,quality-relocate
addition_stress_instances,Far,5,8205,8915009,add,2,Repair,9,500,38,0,0,0,NaN,NaN,0.0028082,4031.37481224937,4031.37481224937,0,1,5915.30049145706,-0.318483512702097,0,NaN,0,0,NaN,0,repair
addition_stress_instances,Far,5,8205,8915009,add,2,Repair,9,1000,38,0,0,0,NaN,NaN,0.0028082,4031.37481224937,4031.37481224937,0,1,5915.30049145706,-0.318483512702097,0,NaN,0,0,NaN,0,repair
addition_stress_instances,Far,5,8205,8915009,add,2,Repair,9,1500,38,0,0,0,NaN,NaN,0.0028082,4031.37481224937,4031.37481224937,0,1,5915.30049145706,-0.318483512702097,0,NaN,0,0,NaN,0,repair
addition_stress_instances,Far,5,8205,8915009,add,2,Repair,9,2500,38,0,0,0,NaN,NaN,0.0028082,4031.37481224937,4031.37481224937,0,1,5915.30049145706,-0.318483512702097,0,NaN,0,0,NaN,0,repair
addition_stress_instances,Far,5,8205,8915009,add,2,WarmPSO,9,500,500,200,0,25,NaN,NaN,0.2156334,4031.37481224937,4031.37481224937,0,1,5915.30049145706,-0.318483512702097,0,201,0,0,0,25,WarmPSO
addition_stress_instances,Far,5,8205,8915009,add,2,WarmPSO,9,1000,980,200,0,25,NaN,NaN,0.2156334,4031.37481224937,4031.37481224937,0,1,5915.30049145706,-0.318483512702097,0,201,0,0,0,25,WarmPSO
addition_stress_instances,Far,5,8205,8915009,add,2,WarmPSO,9,1500,1490,200,0,25,NaN,NaN,0.2156334,4031.37481224937,4031.37481224937,0,1,5915.30049145706,-0.318483512702097,0,201,0,0,0,25,WarmPSO
addition_stress_instances,Far,5,8205,8915009,add,2,WarmPSO,9,2500,2480,200,0,25,NaN,NaN,0.2156334,4031.37481224937,4031.37481224937,0,1,5915.30049145706,-0.318483512702097,0,201,0,0,0,25,WarmPSO
addition_stress_instances,Far,5,8205,8915009,add,2,WarmPSO_FixedRelocate,9,500,450,200,100,25,NaN,NaN,0.2715093,4031.25087828458,4031.25087828458,0,1,5915.30049145706,-0.31850446412544,1,201,0,1025,0.195121951219512,25,WarmPSO_FixedRelocate
addition_stress_instances,Far,5,8205,8915009,add,2,WarmPSO_FixedRelocate,9,1000,1000,200,350,25,NaN,NaN,0.2715093,3932.96063136525,3932.96063136525,0,1,5915.30049145706,-0.335120736969276,1,201,0,1025,0.195121951219512,25,WarmPSO_FixedRelocate
addition_stress_instances,Far,5,8205,8915009,add,2,WarmPSO_FixedRelocate,9,1500,1495,200,575,25,NaN,NaN,0.2715093,3932.96063136525,3932.96063136525,0,1,5915.30049145706,-0.335120736969276,1,201,0,1025,0.195121951219512,25,WarmPSO_FixedRelocate
addition_stress_instances,Far,5,8205,8915009,add,2,WarmPSO_FixedRelocate,9,2500,2485,200,1025,25,NaN,NaN,0.2715093,3932.96063136525,3932.96063136525,0,1,5915.30049145706,-0.335120736969276,1,201,0,1025,0.195121951219512,25,WarmPSO_FixedRelocate
addition_stress_instances,Far,5,8205,8915009,add,2,AdaptiveMemeticPSO,9,500,450,200,100,25,0,0.0049573585917824,0.3158178,4031.25087828458,4031.25087828458,0,1,5915.30049145706,-0.31850446412544,1,201,0,1213,0.164880461665293,33.6944444444444,quality-relocate
addition_stress_instances,Far,5,8205,8915009,add,2,AdaptiveMemeticPSO,9,1000,997,200,377,38,0,0,0.3158178,3932.96063136525,3932.96063136525,0,1,5915.30049145706,-0.335120736969276,1,201,0,1213,0.164880461665293,33.6944444444444,quality-relocate
addition_stress_instances,Far,5,8205,8915009,add,2,AdaptiveMemeticPSO,9,1500,1473,200,643,38,0,0,0.3158178,3932.96063136525,3932.96063136525,0,1,5915.30049145706,-0.335120736969276,1,201,0,1213,0.164880461665293,33.6944444444444,quality-relocate
addition_stress_instances,Far,5,8205,8915009,add,2,AdaptiveMemeticPSO,9,2500,2500,200,1213,0,0,0,0.3158178,3932.96063136525,3932.96063136525,0,1,5915.30049145706,-0.335120736969276,1,201,0,1213,0.164880461665293,33.6944444444444,quality-relocate
addition_stress_instances,Far,5,8205,8915010,add,2,Repair,10,500,38,0,0,0,NaN,NaN,0.0037858,4031.37481224937,4031.37481224937,0,1,5915.30049145706,-0.318483512702097,0,NaN,0,0,NaN,0,repair
addition_stress_instances,Far,5,8205,8915010,add,2,Repair,10,1000,38,0,0,0,NaN,NaN,0.0037858,4031.37481224937,4031.37481224937,0,1,5915.30049145706,-0.318483512702097,0,NaN,0,0,NaN,0,repair
addition_stress_instances,Far,5,8205,8915010,add,2,Repair,10,1500,38,0,0,0,NaN,NaN,0.0037858,4031.37481224937,4031.37481224937,0,1,5915.30049145706,-0.318483512702097,0,NaN,0,0,NaN,0,repair
addition_stress_instances,Far,5,8205,8915010,add,2,Repair,10,2500,38,0,0,0,NaN,NaN,0.0037858,4031.37481224937,4031.37481224937,0,1,5915.30049145706,-0.318483512702097,0,NaN,0,0,NaN,0,repair
addition_stress_instances,Far,5,8205,8915010,add,2,WarmPSO,10,500,500,200,0,25,NaN,NaN,0.2364221,4074.56022319456,4074.56022319456,0,1,5915.30049145706,-0.311182884271208,0,201,0,0,0,25,WarmPSO
addition_stress_instances,Far,5,8205,8915010,add,2,WarmPSO,10,1000,980,200,0,25,NaN,NaN,0.2364221,4031.37481224937,4031.37481224937,0,1,5915.30049145706,-0.318483512702097,0,201,0,0,0,25,WarmPSO
addition_stress_instances,Far,5,8205,8915010,add,2,WarmPSO,10,1500,1490,200,0,25,NaN,NaN,0.2364221,4031.37481224937,4031.37481224937,0,1,5915.30049145706,-0.318483512702097,0,201,0,0,0,25,WarmPSO
addition_stress_instances,Far,5,8205,8915010,add,2,WarmPSO,10,2500,2480,200,0,25,NaN,NaN,0.2364221,4031.37481224937,4031.37481224937,0,1,5915.30049145706,-0.318483512702097,0,201,0,0,0,25,WarmPSO
addition_stress_instances,Far,5,8205,8915010,add,2,WarmPSO_FixedRelocate,10,500,450,200,100,25,NaN,NaN,0.2794466,4074.56022319456,4074.56022319456,0,1,5915.30049145706,-0.311182884271208,0,201,0,1025,0.292682926829268,25,WarmPSO_FixedRelocate
addition_stress_instances,Far,5,8205,8915010,add,2,WarmPSO_FixedRelocate,10,1000,1000,200,350,25,NaN,NaN,0.2794466,4031.25087828458,4031.25087828458,0,1,5915.30049145706,-0.31850446412544,1,201,0,1025,0.292682926829268,25,WarmPSO_FixedRelocate
addition_stress_instances,Far,5,8205,8915010,add,2,WarmPSO_FixedRelocate,10,1500,1495,200,575,25,NaN,NaN,0.2794466,3932.96063136525,3932.96063136525,0,1,5915.30049145706,-0.335120736969276,1,201,0,1025,0.292682926829268,25,WarmPSO_FixedRelocate
addition_stress_instances,Far,5,8205,8915010,add,2,WarmPSO_FixedRelocate,10,2500,2485,200,1025,25,NaN,NaN,0.2794466,3932.96063136525,3932.96063136525,0,1,5915.30049145706,-0.335120736969276,1,201,0,1025,0.292682926829268,25,WarmPSO_FixedRelocate
addition_stress_instances,Far,5,8205,8915010,add,2,AdaptiveMemeticPSO,10,500,450,200,100,25,0,0,0.2708078,4074.56022319456,4074.56022319456,0,1,5915.30049145706,-0.311182884271208,0,201,0,1220,0.245901639344262,34.8571428571429,quality-relocate
addition_stress_instances,Far,5,8205,8915010,add,2,AdaptiveMemeticPSO,10,1000,956,200,366,38,0,0,0.2708078,3932.96063136525,3932.96063136525,0,1,5915.30049145706,-0.335120736969276,1,201,0,1220,0.245901639344262,34.8571428571429,quality-relocate
addition_stress_instances,Far,5,8205,8915010,add,2,AdaptiveMemeticPSO,10,1500,1500,200,670,38,0,0,0.2708078,3932.96063136525,3932.96063136525,0,1,5915.30049145706,-0.335120736969276,1,201,0,1220,0.245901639344262,34.8571428571429,quality-relocate
addition_stress_instances,Far,5,8205,8915010,add,2,AdaptiveMemeticPSO,10,2500,2500,200,1220,18,0,0,0.2708078,3932.96063136525,3932.96063136525,0,1,5915.30049145706,-0.335120736969276,1,201,0,1220,0.245901639344262,34.8571428571429,quality-relocate
