file,nCustomers,method,seed,budget_fe,is_feasible,first_feasible_fe,phase_switch_fe,phase_gain,phase_gain_per_fe,total_late,final_cost,first_feasible_cost,gap_to_bks,restoration_relocate_fe,restoration_relocate_accept,vnd_2opt_accept,vnd_swap_accept,vnd_relocate_accept
rc_201.1.txt,19,LateOnly,1001101,1900,1,385,420,104.018,0.0702824324324325,0,445.3805,555.1868,0.00189071849552338,882,16,0,0,0
rc_201.1.txt,19,LateTo2Opt,1001101,1900,1,385,420,102.7013,0.0693927702702703,0,446.6972,555.1868,0.0048526566788139,180,10,14,0,0
rc_201.1.txt,19,LateToVND,1001101,1900,1,385,420,104.856,0.0708486486486486,0,444.5425,555.1868,5.62379088495462e-06,180,10,6,2,2
rc_201.1.txt,19,LateOnly,1001102,1900,1,310,344,82.2606000000001,0.0528667095115682,0,445.3805,527.6411,0.00189071849552338,882,17,0,0,0
rc_201.1.txt,19,LateTo2Opt,1001102,1900,1,310,344,83.0986,0.0534052699228792,0,444.5425,527.6411,5.62379088495462e-06,144,8,7,0,0
rc_201.1.txt,19,LateToVND,1001102,1900,1,310,344,81.5462,0.0524075835475578,0,446.0949,527.6411,0.00349777297880963,144,8,8,3,1
rc_201.1.txt,19,LateOnly,1001103,1900,1,460,496,108.1856,0.0770552706552707,0,444.5425,552.7281,5.62379088495462e-06,882,20,0,0,0
rc_201.1.txt,19,LateTo2Opt,1001103,1900,1,460,496,108.1856,0.0770552706552707,0,444.5425,552.7281,5.62379088495462e-06,216,12,10,0,0
rc_201.1.txt,19,LateToVND,1001103,1900,1,460,496,108.1856,0.0770552706552707,0,444.5425,552.7281,5.62379088495462e-06,216,12,6,4,0
rc_201.1.txt,19,LateOnly,1001104,1900,1,313,344,111.5311,0.0716780848329049,0,449.893,561.4241,0.0120416610428758,882,19,0,0,0
rc_201.1.txt,19,LateTo2Opt,1001104,1900,1,313,344,116.8816,0.0751167095115682,0,444.5425,561.4241,5.62379088495462e-06,144,8,10,0,0
rc_201.1.txt,19,LateToVND,1001104,1900,1,313,344,116.8816,0.0751167095115682,0,444.5425,561.4241,5.62379088495462e-06,144,8,6,3,1
rc_201.1.txt,19,LateOnly,1001105,1900,1,410,420,104.4128,0.0705491891891892,0,444.5425,548.9553,5.62379088495462e-06,882,17,0,0,0
rc_201.1.txt,19,LateTo2Opt,1001105,1900,1,410,420,104.4128,0.0705491891891892,0,444.5425,548.9553,5.62379088495462e-06,180,10,9,0,0
rc_201.1.txt,19,LateToVND,1001105,1900,1,410,420,104.4128,0.0705491891891892,0,444.5425,548.9553,5.62379088495462e-06,180,10,6,2,0
rc_201.1.txt,19,LateOnly,1001106,1900,1,423,458,80.0117,0.0554866158113731,0,444.5425,524.5542,5.62379088495462e-06,882,16,0,0,0
rc_201.1.txt,19,LateTo2Opt,1001106,1900,1,423,458,80.0117,0.0554866158113731,0,444.5425,524.5542,5.62379088495462e-06,198,11,9,0,0
rc_201.1.txt,19,LateToVND,1001106,1900,1,423,458,80.0117,0.0554866158113731,0,444.5425,524.5542,5.62379088495462e-06,198,11,5,4,1
rc_201.1.txt,19,LateOnly,1001107,1900,1,512,534,85.5238999999999,0.0626090043923865,0,444.5425,530.0664,5.62379088495462e-06,882,16,0,0,0
rc_201.1.txt,19,LateTo2Opt,1001107,1900,1,512,534,85.5238999999999,0.0626090043923865,0,444.5425,530.0664,5.62379088495462e-06,234,13,6,0,0
rc_201.1.txt,19,LateToVND,1001107,1900,1,512,534,85.5238999999999,0.0626090043923865,0,444.5425,530.0664,5.62379088495462e-06,234,13,2,0,1
rc_201.1.txt,19,LateOnly,1001108,1900,1,421,458,57.9026000000001,0.0401543689320389,0,444.5425,506.9412,5.62379088495462e-06,882,16,0,0,0
rc_201.1.txt,19,LateTo2Opt,1001108,1900,1,421,458,57.9026000000001,0.0401543689320389,0,444.5425,506.9412,5.62379088495462e-06,198,11,7,0,0
rc_201.1.txt,19,LateToVND,1001108,1900,1,421,458,57.9026000000001,0.0401543689320389,0,444.5425,506.9412,5.62379088495462e-06,198,11,3,2,1
rc_201.1.txt,19,LateOnly,1001109,1900,1,311,344,30.4522999999999,0.0195708868894601,0,444.5425,479.727,5.62379088495462e-06,882,13,0,0,0
rc_201.1.txt,19,LateTo2Opt,1001109,1900,1,311,344,30.4522999999999,0.0195708868894601,0,444.5425,479.727,5.62379088495462e-06,144,8,8,0,0
rc_201.1.txt,19,LateToVND,1001109,1900,1,311,344,30.4522999999999,0.0195708868894601,0,444.5425,479.727,5.62379088495462e-06,144,8,6,4,0
rc_201.1.txt,19,LateOnly,1001110,1900,1,425,458,67.7953,0.0470147711511789,0,445.3805,513.1758,0.00189071849552338,882,16,0,0,0
rc_201.1.txt,19,LateTo2Opt,1001110,1900,1,425,458,68.6333,0.0475959084604715,0,444.5425,513.1758,5.62379088495462e-06,198,11,6,0,0
rc_201.1.txt,19,LateToVND,1001110,1900,1,425,458,68.6333,0.0475959084604715,0,444.5425,513.1758,5.62379088495462e-06,198,11,5,1,0
rc_201.2.txt,25,LateOnly,1001201,2500,1,1664,1668,33.2886000000001,0.0400103365384616,0,711.5374,744.826,-3.65404615361491e-06,1344,24,0,0,0
rc_201.2.txt,25,LateTo2Opt,1001201,2500,1,1664,1668,31.9202,0.038365625,0,712.9058,744.826,0.00191949855243545,888,22,2,0,0
rc_201.2.txt,25,LateToVND,1001201,2500,1,1664,1668,33.2886000000001,0.0400103365384616,0,711.5374,744.826,-3.65404615361491e-06,888,22,1,2,1
rc_201.2.txt,25,LateOnly,1001202,2500,0,NaN,NaN,NaN,NaN,10.5540999999999,857.3023,NaN,NaN,1344,18,0,0,0
rc_201.2.txt,25,LateTo2Opt,1001202,2500,0,NaN,NaN,NaN,NaN,10.5540999999999,857.3023,NaN,NaN,1344,18,0,0,0
rc_201.2.txt,25,LateToVND,1001202,2500,0,NaN,NaN,NaN,NaN,10.5540999999999,857.3023,NaN,NaN,1344,18,0,0,0
rc_201.2.txt,25,LateOnly,1001203,2500,1,1033,1052,32.1745,0.0222199585635359,0,729.0063,761.1808,0.0245471793574501,1344,23,0,0,0
rc_201.2.txt,25,LateTo2Opt,1001203,2500,1,1033,1052,39.9414000000002,0.0275838397790056,0,721.2394,761.1808,0.0136315597155464,552,18,5,0,0
rc_201.2.txt,25,LateToVND,1001203,2500,1,1033,1052,33.5429,0.0231649861878453,0,727.6379,761.1808,0.022624026758861,552,18,2,1,3
rc_201.2.txt,25,LateOnly,1001204,2500,1,1458,1492,0,0,0,727.6379,727.6379,0.022624026758861,1344,25,0,0,0
rc_201.2.txt,25,LateTo2Opt,1001204,2500,1,1458,1492,14.6927000000001,0.0145760912698413,0,712.9452,727.6379,0.00197487140568334,792,25,1,0,0
rc_201.2.txt,25,LateToVND,1001204,2500,1,1458,1492,16.1005000000001,0.0159727182539684,0,711.5374,727.6379,-3.65404615361491e-06,792,25,1,1,0
rc_201.2.txt,25,LateOnly,1001205,2500,0,NaN,NaN,NaN,NaN,19.9219000000003,746.9297,NaN,NaN,1344,20,0,0,0
rc_201.2.txt,25,LateTo2Opt,1001205,2500,0,NaN,NaN,NaN,NaN,19.9219000000003,746.9297,NaN,NaN,1344,20,0,0,0
rc_201.2.txt,25,LateToVND,1001205,2500,0,NaN,NaN,NaN,NaN,19.9219000000003,746.9297,NaN,NaN,1344,20,0,0,0
rc_201.2.txt,25,LateOnly,1001206,2500,0,NaN,NaN,NaN,NaN,306.1844,755.9675,NaN,NaN,1344,14,0,0,0
rc_201.2.txt,25,LateTo2Opt,1001206,2500,0,NaN,NaN,NaN,NaN,306.1844,755.9675,NaN,NaN,1344,14,0,0,0
rc_201.2.txt,25,LateToVND,1001206,2500,0,NaN,NaN,NaN,NaN,306.1844,755.9675,NaN,NaN,1344,14,0,0,0
rc_201.2.txt,25,LateOnly,1001207,2500,1,897,920,30.0496000000001,0.0190187341772152,0,712.9058,770.8389,0.00191949855243545,1344,22,0,0,0
rc_201.2.txt,25,LateTo2Opt,1001207,2500,1,897,920,31.4180000000001,0.0198848101265824,0,711.5374,770.8389,-3.65404615361491e-06,480,20,5,0,0
rc_201.2.txt,25,LateToVND,1001207,2500,1,897,920,31.4180000000001,0.0198848101265824,0,711.5374,770.8389,-3.65404615361491e-06,480,20,3,2,1
rc_201.2.txt,25,LateOnly,1001208,2500,0,NaN,NaN,NaN,NaN,180.6715,837.8362,NaN,NaN,1344,15,0,0,0
rc_201.2.txt,25,LateTo2Opt,1001208,2500,0,NaN,NaN,NaN,NaN,180.6715,837.8362,NaN,NaN,1344,15,0,0,0
rc_201.2.txt,25,LateToVND,1001208,2500,0,NaN,NaN,NaN,NaN,180.6715,837.8362,NaN,NaN,1344,15,0,0,0
rc_201.2.txt,25,LateOnly,1001209,2500,0,NaN,NaN,NaN,NaN,360.2305,793.0091,NaN,NaN,1344,18,0,0,0
rc_201.2.txt,25,LateTo2Opt,1001209,2500,0,NaN,NaN,NaN,NaN,360.2305,793.0091,NaN,NaN,1344,18,0,0,0
rc_201.2.txt,25,LateToVND,1001209,2500,0,NaN,NaN,NaN,NaN,360.2305,793.0091,NaN,NaN,1344,18,0,0,0
rc_201.2.txt,25,LateOnly,1001210,2500,1,1314,1316,59.3773000000001,0.0501497466216217,0,712.9452,772.3225,0.00197487140568334,1344,23,0,0,0
rc_201.2.txt,25,LateTo2Opt,1001210,2500,1,1314,1316,59.4167000000001,0.0501830236486487,0,712.9058,772.3225,0.00191949855243545,696,18,6,0,0
rc_201.2.txt,25,LateToVND,1001210,2500,1,1314,1316,58.0089,0.0489940033783784,0,714.3136,772.3225,0.00389802400427241,696,18,2,3,1
rc_201.3.txt,31,LateOnly,1001301,3100,0,NaN,NaN,NaN,NaN,38.4519000000001,881.7566,NaN,NaN,1840,26,0,0,0
rc_201.3.txt,31,LateTo2Opt,1001301,3100,0,NaN,NaN,NaN,NaN,38.4519000000001,881.7566,NaN,NaN,1840,26,0,0,0
rc_201.3.txt,31,LateToVND,1001301,3100,0,NaN,NaN,NaN,NaN,38.4519000000001,881.7566,NaN,NaN,1840,26,0,0,0
rc_201.3.txt,31,LateOnly,1001302,3100,0,NaN,NaN,NaN,NaN,52.1889000000001,902.3925,NaN,NaN,1840,23,0,0,0
rc_201.3.txt,31,LateTo2Opt,1001302,3100,0,NaN,NaN,NaN,NaN,52.1889000000001,902.3925,NaN,NaN,1840,23,0,0,0
rc_201.3.txt,31,LateToVND,1001302,3100,0,NaN,NaN,NaN,NaN,52.1889000000001,902.3925,NaN,NaN,1840,23,0,0,0
rc_201.3.txt,31,LateOnly,1001303,3100,0,NaN,NaN,NaN,NaN,67.9655000000001,896.0954,NaN,NaN,1840,24,0,0,0
rc_201.3.txt,31,LateTo2Opt,1001303,3100,0,NaN,NaN,NaN,NaN,67.9655000000001,896.0954,NaN,NaN,1840,24,0,0,0
rc_201.3.txt,31,LateToVND,1001303,3100,0,NaN,NaN,NaN,NaN,67.9655000000001,896.0954,NaN,NaN,1840,24,0,0,0
rc_201.3.txt,31,LateOnly,1001304,3100,0,NaN,NaN,NaN,NaN,20.3316000000001,844.3948,NaN,NaN,1840,25,0,0,0
rc_201.3.txt,31,LateTo2Opt,1001304,3100,0,NaN,NaN,NaN,NaN,20.3316000000001,844.3948,NaN,NaN,1840,25,0,0,0
rc_201.3.txt,31,LateToVND,1001304,3100,0,NaN,NaN,NaN,NaN,20.3316000000001,844.3948,NaN,NaN,1840,25,0,0,0
rc_201.3.txt,31,LateOnly,1001305,3100,1,2786,2790,2.93029999999999,0.00945258064516125,0,865.4967,868.427,0.0947201527934124,1840,27,0,0,0
rc_201.3.txt,31,LateTo2Opt,1001305,3100,1,2786,2790,3.78610000000003,0.0122132258064517,0,864.6409,868.427,0.093637697474102,1650,27,1,0,0
rc_201.3.txt,31,LateToVND,1001305,3100,1,2786,2790,6.01779999999997,0.019412258064516,0,862.4092,868.427,0.0908149403625047,1650,27,0,0,2
rc_201.3.txt,31,LateOnly,1001306,3100,0,NaN,NaN,NaN,NaN,93.3463000000002,833.8209,NaN,NaN,1840,32,0,0,0
rc_201.3.txt,31,LateTo2Opt,1001306,3100,0,NaN,NaN,NaN,NaN,93.3463000000002,833.8209,NaN,NaN,1840,32,0,0,0
rc_201.3.txt,31,LateToVND,1001306,3100,0,NaN,NaN,NaN,NaN,93.3463000000002,833.8209,NaN,NaN,1840,32,0,0,0
rc_201.3.txt,31,LateOnly,1001307,3100,1,1096,1140,21.1005000000001,0.0107655612244899,0,796.9693,818.0698,0.00804353600384494,1840,27,0,0,0
rc_201.3.txt,31,LateTo2Opt,1001307,3100,1,1096,1140,21.1005000000001,0.0107655612244899,0,796.9693,818.0698,0.00804353600384494,660,22,5,0,0
rc_201.3.txt,31,LateToVND,1001307,3100,1,1096,1140,21.1005000000001,0.0107655612244899,0,796.9693,818.0698,0.00804353600384494,660,22,1,3,1
rc_201.3.txt,31,LateOnly,1001308,3100,1,2878,2890,0,0,0,836.1458,844.8787,0.0575957804733054,1840,20,0,0,0
rc_201.3.txt,31,LateTo2Opt,1001308,3100,1,2878,2890,11.5010000000001,0.0547666666666671,0,824.6448,844.8787,0.0430487851152906,1710,20,2,0,0
rc_201.3.txt,31,LateToVND,1001308,3100,1,2878,2890,7.73460000000011,0.0368314285714291,0,828.4112,844.8787,0.047812701584852,1710,20,1,1,0
rc_201.3.txt,31,LateOnly,1001309,3100,1,1668,1690,39.8665,0.0282741134751773,0,804.7432,844.6097,0.017876323345265,1840,39,0,0,0
rc_201.3.txt,31,LateTo2Opt,1001309,3100,1,1668,1690,31.6038,0.0224140425531915,0,813.0059,844.6097,0.0283273674757466,990,33,5,0,0
rc_201.3.txt,31,LateToVND,1001309,3100,1,1668,1690,32.3374,0.0229343262411348,0,812.2723,844.6097,0.0273994763537015,990,33,1,1,5
rc_201.3.txt,31,LateOnly,1001310,3100,0,NaN,NaN,NaN,NaN,210.9911,904.9001,NaN,NaN,1840,16,0,0,0
rc_201.3.txt,31,LateTo2Opt,1001310,3100,0,NaN,NaN,NaN,NaN,210.9911,904.9001,NaN,NaN,1840,16,0,0,0
rc_201.3.txt,31,LateToVND,1001310,3100,0,NaN,NaN,NaN,NaN,210.9911,904.9001,NaN,NaN,1840,16,0,0,0
rc_201.4.txt,25,LateOnly,1001401,2500,0,NaN,NaN,NaN,NaN,25.7498,843.5784,NaN,NaN,1344,19,0,0,0
rc_201.4.txt,25,LateTo2Opt,1001401,2500,0,NaN,NaN,NaN,NaN,25.7498,843.5784,NaN,NaN,1344,19,0,0,0
rc_201.4.txt,25,LateToVND,1001401,2500,0,NaN,NaN,NaN,NaN,25.7498,843.5784,NaN,NaN,1344,19,0,0,0
rc_201.4.txt,25,LateOnly,1001402,2500,0,NaN,NaN,NaN,NaN,110.6803,875.6501,NaN,NaN,1344,15,0,0,0
rc_201.4.txt,25,LateTo2Opt,1001402,2500,0,NaN,NaN,NaN,NaN,110.6803,875.6501,NaN,NaN,1344,15,0,0,0
rc_201.4.txt,25,LateToVND,1001402,2500,0,NaN,NaN,NaN,NaN,110.6803,875.6501,NaN,NaN,1344,15,0,0,0
rc_201.4.txt,25,LateOnly,1001403,2500,0,NaN,NaN,NaN,NaN,1034.7363,930.402,NaN,NaN,1344,9,0,0,0
rc_201.4.txt,25,LateTo2Opt,1001403,2500,0,NaN,NaN,NaN,NaN,1034.7363,930.402,NaN,NaN,1344,9,0,0,0
rc_201.4.txt,25,LateToVND,1001403,2500,0,NaN,NaN,NaN,NaN,1034.7363,930.402,NaN,NaN,1344,9,0,0,0
rc_201.4.txt,25,LateOnly,1001404,2500,0,NaN,NaN,NaN,NaN,146.3987,817.9326,NaN,NaN,1344,21,0,0,0
rc_201.4.txt,25,LateTo2Opt,1001404,2500,0,NaN,NaN,NaN,NaN,146.3987,817.9326,NaN,NaN,1344,21,0,0,0
rc_201.4.txt,25,LateToVND,1001404,2500,0,NaN,NaN,NaN,NaN,146.3987,817.9326,NaN,NaN,1344,21,0,0,0
rc_201.4.txt,25,LateOnly,1001405,2500,0,NaN,NaN,NaN,NaN,27.1214,793.7843,NaN,NaN,1344,18,0,0,0
rc_201.4.txt,25,LateTo2Opt,1001405,2500,0,NaN,NaN,NaN,NaN,27.1214,793.7843,NaN,NaN,1344,18,0,0,0
rc_201.4.txt,25,LateToVND,1001405,2500,0,NaN,NaN,NaN,NaN,27.1214,793.7843,NaN,NaN,1344,18,0,0,0
rc_201.4.txt,25,LateOnly,1001406,2500,0,NaN,NaN,NaN,NaN,20.9211,802.0368,NaN,NaN,1344,15,0,0,0
rc_201.4.txt,25,LateTo2Opt,1001406,2500,0,NaN,NaN,NaN,NaN,20.9211,802.0368,NaN,NaN,1344,15,0,0,0
rc_201.4.txt,25,LateToVND,1001406,2500,0,NaN,NaN,NaN,NaN,20.9211,802.0368,NaN,NaN,1344,15,0,0,0
rc_201.4.txt,25,LateOnly,1001407,2500,1,665,700,62.1015,0.0345008333333333,0,793.6352,855.7367,-6.04808225397618e-06,1344,18,0,0,0
rc_201.4.txt,25,LateTo2Opt,1001407,2500,1,665,700,62.1015,0.0345008333333333,0,793.6352,855.7367,-6.04808225397618e-06,360,15,3,0,0
rc_201.4.txt,25,LateToVND,1001407,2500,1,665,700,62.1015,0.0345008333333333,0,793.6352,855.7367,-6.04808225397618e-06,360,15,2,3,0
rc_201.4.txt,25,LateOnly,1001408,2500,0,NaN,NaN,NaN,NaN,736.6532,916.7282,NaN,NaN,1344,13,0,0,0
rc_201.4.txt,25,LateTo2Opt,1001408,2500,0,NaN,NaN,NaN,NaN,736.6532,916.7282,NaN,NaN,1344,13,0,0,0
rc_201.4.txt,25,LateToVND,1001408,2500,0,NaN,NaN,NaN,NaN,736.6532,916.7282,NaN,NaN,1344,13,0,0,0
rc_201.4.txt,25,LateOnly,1001409,2500,0,NaN,NaN,NaN,NaN,5,788.6713,NaN,NaN,1344,17,0,0,0
rc_201.4.txt,25,LateTo2Opt,1001409,2500,0,NaN,NaN,NaN,NaN,5,788.6713,NaN,NaN,1344,17,0,0,0
rc_201.4.txt,25,LateToVND,1001409,2500,0,NaN,NaN,NaN,NaN,5,788.6713,NaN,NaN,1344,17,0,0,0
rc_201.4.txt,25,LateOnly,1001410,2500,0,NaN,NaN,NaN,NaN,5,796.126,NaN,NaN,1344,20,0,0,0
rc_201.4.txt,25,LateTo2Opt,1001410,2500,0,NaN,NaN,NaN,NaN,5,796.126,NaN,NaN,1344,20,0,0,0
rc_201.4.txt,25,LateToVND,1001410,2500,0,NaN,NaN,NaN,NaN,5,796.126,NaN,NaN,1344,20,0,0,0
rc_202.1.txt,32,LateOnly,1001501,3200,1,2526,2539,43.535,0.0658623298033282,0,884.1669,927.7019,0.145620384047267,1922,22,0,0,0
rc_202.1.txt,32,LateTo2Opt,1001501,3200,1,2526,2539,62.7612999999999,0.0949490166414522,0,864.9406,927.7019,0.120708751198528,1519,18,5,0,0
rc_202.1.txt,32,LateToVND,1001501,3200,1,2526,2539,57.9214999999998,0.0876270801815428,0,869.7804,927.7019,0.126979709243567,1519,18,4,4,0
rc_202.1.txt,32,LateOnly,1001502,3200,0,NaN,NaN,NaN,NaN,94.0608000000001,903.3586,NaN,NaN,1922,20,0,0,0
rc_202.1.txt,32,LateTo2Opt,1001502,3200,0,NaN,NaN,NaN,NaN,94.0608000000001,903.3586,NaN,NaN,1922,20,0,0,0
rc_202.1.txt,32,LateToVND,1001502,3200,0,NaN,NaN,NaN,NaN,94.0608000000001,903.3586,NaN,NaN,1922,20,0,0,0
rc_202.1.txt,32,LateOnly,1001503,3200,1,2021,2029,57.4023000000001,0.0490198975234843,0,824.3355,881.7378,0.0680964782710098,1922,32,0,0,0
rc_202.1.txt,32,LateTo2Opt,1001503,3200,1,2021,2029,55.5715999999999,0.047456532877882,0,826.1662,881.7378,0.0704685273005262,1209,24,6,0,0
rc_202.1.txt,32,LateToVND,1001503,3200,1,2021,2029,82.7226000000001,0.0706426985482494,0,799.0152,881.7378,0.0352888128741351,1209,24,2,6,2
rc_202.1.txt,32,LateOnly,1001504,3200,0,NaN,NaN,NaN,NaN,182.4227,964.1364,NaN,NaN,1922,20,0,0,0
rc_202.1.txt,32,LateTo2Opt,1001504,3200,0,NaN,NaN,NaN,NaN,182.4227,964.1364,NaN,NaN,1922,20,0,0,0
rc_202.1.txt,32,LateToVND,1001504,3200,0,NaN,NaN,NaN,NaN,182.4227,964.1364,NaN,NaN,1922,20,0,0,0
rc_202.1.txt,32,LateOnly,1001505,3200,0,NaN,NaN,NaN,NaN,832.696599999999,979.4722,NaN,NaN,1922,12,0,0,0
rc_202.1.txt,32,LateTo2Opt,1001505,3200,0,NaN,NaN,NaN,NaN,832.696599999999,979.4722,NaN,NaN,1922,12,0,0,0
rc_202.1.txt,32,LateToVND,1001505,3200,0,NaN,NaN,NaN,NaN,832.696599999999,979.4722,NaN,NaN,1922,12,0,0,0
rc_202.1.txt,32,LateOnly,1001506,3200,0,NaN,NaN,NaN,NaN,357.930000000001,1048.1432,NaN,NaN,1922,25,0,0,0
rc_202.1.txt,32,LateTo2Opt,1001506,3200,0,NaN,NaN,NaN,NaN,357.930000000001,1048.1432,NaN,NaN,1922,25,0,0,0
rc_202.1.txt,32,LateToVND,1001506,3200,0,NaN,NaN,NaN,NaN,357.930000000001,1048.1432,NaN,NaN,1922,25,0,0,0
rc_202.1.txt,32,LateOnly,1001507,3200,0,NaN,NaN,NaN,NaN,31.2143000000001,860.6712,NaN,NaN,1922,20,0,0,0
rc_202.1.txt,32,LateTo2Opt,1001507,3200,0,NaN,NaN,NaN,NaN,31.2143000000001,860.6712,NaN,NaN,1922,20,0,0,0
rc_202.1.txt,32,LateToVND,1001507,3200,0,NaN,NaN,NaN,NaN,31.2143000000001,860.6712,NaN,NaN,1922,20,0,0,0
rc_202.1.txt,32,LateOnly,1001508,3200,0,NaN,NaN,NaN,NaN,832.666499999999,1001.9371,NaN,NaN,1922,15,0,0,0
rc_202.1.txt,32,LateTo2Opt,1001508,3200,0,NaN,NaN,NaN,NaN,832.666499999999,1001.9371,NaN,NaN,1922,15,0,0,0
rc_202.1.txt,32,LateToVND,1001508,3200,0,NaN,NaN,NaN,NaN,832.666499999999,1001.9371,NaN,NaN,1922,15,0,0,0
rc_202.1.txt,32,LateOnly,1001509,3200,0,NaN,NaN,NaN,NaN,6.62309999999997,905.7099,NaN,NaN,1922,22,0,0,0
rc_202.1.txt,32,LateTo2Opt,1001509,3200,0,NaN,NaN,NaN,NaN,6.62309999999997,905.7099,NaN,NaN,1922,22,0,0,0
rc_202.1.txt,32,LateToVND,1001509,3200,0,NaN,NaN,NaN,NaN,6.62309999999997,905.7099,NaN,NaN,1922,22,0,0,0
rc_202.1.txt,32,LateOnly,1001510,3200,0,NaN,NaN,NaN,NaN,5.36779999999999,870.1936,NaN,NaN,1922,21,0,0,0
rc_202.1.txt,32,LateTo2Opt,1001510,3200,0,NaN,NaN,NaN,NaN,5.36779999999999,870.1936,NaN,NaN,1922,21,0,0,0
rc_202.1.txt,32,LateToVND,1001510,3200,0,NaN,NaN,NaN,NaN,5.36779999999999,870.1936,NaN,NaN,1922,21,0,0,0
rc_202.2.txt,13,LateOnly,1001601,1300,1,65,72,201.831,0.164357491856677,0,363.3903,565.2213,0.194812586308937,480,16,0,0,0
rc_202.2.txt,13,LateTo2Opt,1001601,1300,1,65,72,170.8374,0.139118403908795,0,394.3839,565.2213,0.296718287630696,12,1,8,0,0
rc_202.2.txt,13,LateToVND,1001601,1300,1,65,72,257.1463,0.209402524429967,0,308.075,565.2213,0.012938120602354,12,1,7,4,6
rc_202.2.txt,13,LateOnly,1001602,1300,1,41,72,133.2283,0.108492100977199,0,363.0791,496.3074,0.193789373314921,480,6,0,0,0
rc_202.2.txt,13,LateTo2Opt,1001602,1300,1,41,72,103.3217,0.0841381921824104,0,392.9857,496.3074,0.292121062668508,12,1,5,0,0
rc_202.2.txt,13,LateToVND,1001602,1300,1,41,72,133.2283,0.108492100977199,0,363.0791,496.3074,0.193789373314921,12,1,9,1,4
rc_202.2.txt,13,LateOnly,1001603,1300,1,74,104,176.4203,0.147508612040134,0,308.075,487.3542,0.012938120602354,480,13,0,0,0
rc_202.2.txt,13,LateTo2Opt,1001603,1300,1,74,104,108.3587,0.0906009197324415,0,376.1366,487.3542,0.236721904386138,24,2,7,0,0
rc_202.2.txt,13,LateToVND,1001603,1300,1,74,104,121.4162,0.10151856187291,0,363.0791,487.3542,0.193789373314921,24,2,4,1,1
rc_202.2.txt,13,LateOnly,1001604,1300,1,49,72,192.8498,0.157043811074919,0,371.2242,564.6299,0.220570132175972,480,9,0,0,0
rc_202.2.txt,13,LateTo2Opt,1001604,1300,1,49,72,192.4628,0.156728664495114,0,371.6112,564.6299,0.221842572499507,12,1,9,0,0
rc_202.2.txt,13,LateToVND,1001604,1300,1,49,72,198.529,0.161668566775244,0,365.545,564.6299,0.20189715262708,12,1,8,4,2
rc_202.2.txt,13,LateOnly,1001605,1300,1,91,104,152.7227,0.127694565217391,0,308.075,460.7977,0.012938120602354,480,10,0,0,0
rc_202.2.txt,13,LateTo2Opt,1001605,1300,1,91,104,92.4916,0.0773341137123746,0,368.3061,460.7977,0.210975537581377,24,2,6,0,0
rc_202.2.txt,13,LateToVND,1001605,1300,1,91,104,152.7227,0.127694565217391,0,308.075,460.7977,0.012938120602354,24,2,8,0,5
rc_202.2.txt,13,LateOnly,1001606,1300,1,45,72,94.9498,0.077320684039088,0,363.0791,470.1786,0.193789373314921,480,8,0,0,0
rc_202.2.txt,13,LateTo2Opt,1001606,1300,1,45,72,83.4388,0.0679469055374593,0,374.5901,470.1786,0.231637075031236,12,1,7,0,0
rc_202.2.txt,13,LateToVND,1001606,1300,1,45,72,147.4433,0.120067833876222,0,310.5856,470.1786,0.0211928717038207,12,1,8,3,5
rc_202.2.txt,13,LateOnly,1001607,1300,1,60,72,225.8404,0.183909120521173,0,363.0791,588.9195,0.193789373314921,480,12,0,0,0
rc_202.2.txt,13,LateTo2Opt,1001607,1300,1,60,72,195.9453,0.159564576547231,0,392.9742,588.9195,0.292083251134346,12,1,6,0,0
rc_202.2.txt,13,LateToVND,1001607,1300,1,60,72,225.8404,0.183909120521173,0,363.0791,588.9195,0.193789373314921,12,1,10,5,3
rc_202.2.txt,13,LateOnly,1001608,1300,1,108,136,107.1713,0.0920715635738832,0,310.4546,502.1539,0.0207621490103243,480,13,0,0,0
rc_202.2.txt,13,LateTo2Opt,1001608,1300,1,108,136,45.8544000000001,0.0393938144329897,0,371.7715,502.1539,0.222369632406129,36,3,6,0,0
rc_202.2.txt,13,LateToVND,1001608,1300,1,108,136,109.5509,0.0941158934707905,0,308.075,502.1539,0.012938120602354,36,3,8,3,2
rc_202.2.txt,13,LateOnly,1001609,1300,1,65,72,92.5933,0.0754017100977199,0,352.2,444.7933,0.158019333201815,480,9,0,0,0
rc_202.2.txt,13,LateTo2Opt,1001609,1300,1,65,72,92.5933,0.0754017100977199,0,352.2,444.7933,0.158019333201815,12,1,7,0,0
rc_202.2.txt,13,LateToVND,1001609,1300,1,65,72,134.4695,0.109502850162866,0,310.3238,444.7933,0.0203320839087263,12,1,4,3,1
rc_202.2.txt,13,LateOnly,1001610,1300,1,74,104,178.3102,0.149088795986622,0,304.1418,487.1562,5.91832708640677e-06,480,13,0,0,0
rc_202.2.txt,13,LateTo2Opt,1001610,1300,1,74,104,89.4662999999999,0.0748045986622073,0,392.9857,487.1562,0.292121062668508,24,2,7,0,0
rc_202.2.txt,13,LateToVND,1001610,1300,1,74,104,117.3473,0.0981164715719063,0,365.1047,487.1562,0.200449464062603,24,2,6,3,2
rc_202.3.txt,28,LateOnly,1001701,2800,1,2010,2014,35.6809999999998,0.0453956743002542,0,850.8365,886.5175,0.0156573795540277,1593,30,0,0,0
rc_202.3.txt,28,LateTo2Opt,1001701,2800,1,2010,2014,26.2664000000001,0.0334178117048347,0,860.2511,886.5175,0.0268957408203216,1134,25,5,0,0
rc_202.3.txt,28,LateToVND,1001701,2800,1,2010,2014,20.1288000000001,0.0256091603053436,0,866.3887,886.5175,0.0342222938451987,1134,25,2,2,0
rc_202.3.txt,28,LateOnly,1001702,2800,1,2344,2390,2.38969999999995,0.00582853658536573,0,878.7488,881.1385,0.0489767464069139,1593,27,0,0,0
rc_202.3.txt,28,LateTo2Opt,1001702,2800,1,2344,2390,9.35500000000002,0.0228170731707318,0,871.7835,881.1385,0.0406621544191375,1350,25,1,0,0
rc_202.3.txt,28,LateToVND,1001702,2800,1,2344,2390,1.63349999999991,0.0039841463414632,0,879.505,881.1385,0.0498794346559709,1350,25,1,0,0
rc_202.3.txt,28,LateOnly,1001703,2800,1,1472,1497,35.0418000000001,0.0268931696085956,0,848.9231,883.9649,0.0133733228286299,1593,23,0,0,0
rc_202.3.txt,28,LateTo2Opt,1001703,2800,1,1472,1497,46.2457000000001,0.0354917114351497,0,837.7192,883.9649,-9.5497302217954e-07,837,21,6,0,0
rc_202.3.txt,28,LateToVND,1001703,2800,1,1472,1497,35.0418000000001,0.0268931696085956,0,848.9231,883.9649,0.0133733228286299,837,21,2,1,2
rc_202.3.txt,28,LateOnly,1001704,2800,1,2042,2061,45.4342000000003,0.0614806495263874,0,855.2284,900.6626,0.0209000620732462,1593,28,0,0,0
rc_202.3.txt,28,LateTo2Opt,1001704,2800,1,2042,2061,53.9446000000002,0.0729967523680652,0,846.718,900.6626,0.0107410590650813,1161,23,5,0,0
rc_202.3.txt,28,LateToVND,1001704,2800,1,2042,2061,48.0473000000001,0.0650166441136672,0,852.6153,900.6626,0.0177807620684716,1161,23,3,1,0
rc_202.3.txt,28,LateOnly,1001705,2800,0,NaN,NaN,NaN,NaN,112.9258,956.6256,NaN,NaN,1593,24,0,0,0
rc_202.3.txt,28,LateTo2Opt,1001705,2800,0,NaN,NaN,NaN,NaN,112.9258,956.6256,NaN,NaN,1593,24,0,0,0
rc_202.3.txt,28,LateToVND,1001705,2800,0,NaN,NaN,NaN,NaN,112.9258,956.6256,NaN,NaN,1593,24,0,0,0
rc_202.3.txt,28,LateOnly,1001706,2800,0,NaN,NaN,NaN,NaN,108.067,892.139,NaN,NaN,1593,23,0,0,0
rc_202.3.txt,28,LateTo2Opt,1001706,2800,0,NaN,NaN,NaN,NaN,108.067,892.139,NaN,NaN,1593,23,0,0,0
rc_202.3.txt,28,LateToVND,1001706,2800,0,NaN,NaN,NaN,NaN,108.067,892.139,NaN,NaN,1593,23,0,0,0
rc_202.3.txt,28,LateOnly,1001707,2800,1,2569,2578,1.8398000000002,0.00828738738738827,0,874.4289,895.0232,0.043820011459676,1593,26,0,0,0
rc_202.3.txt,28,LateTo2Opt,1001707,2800,1,2569,2578,8.31709999999998,0.0374644144144143,0,867.9516,895.0232,0.0360879530153273,1458,25,2,0,0
rc_202.3.txt,28,LateToVND,1001707,2800,1,2569,2578,8.31709999999998,0.0374644144144143,0,867.9516,895.0232,0.0360879530153273,1458,25,0,1,1
rc_202.3.txt,28,LateOnly,1001708,2800,0,NaN,NaN,NaN,NaN,719.1739,974.9016,NaN,NaN,1593,18,0,0,0
rc_202.3.txt,28,LateTo2Opt,1001708,2800,0,NaN,NaN,NaN,NaN,719.1739,974.9016,NaN,NaN,1593,18,0,0,0
rc_202.3.txt,28,LateToVND,1001708,2800,0,NaN,NaN,NaN,NaN,719.1739,974.9016,NaN,NaN,1593,18,0,0,0
rc_202.3.txt,28,LateOnly,1001709,2800,0,NaN,NaN,NaN,NaN,206.0494,967.4741,NaN,NaN,1593,22,0,0,0
rc_202.3.txt,28,LateTo2Opt,1001709,2800,0,NaN,NaN,NaN,NaN,206.0494,967.4741,NaN,NaN,1593,22,0,0,0
rc_202.3.txt,28,LateToVND,1001709,2800,0,NaN,NaN,NaN,NaN,206.0494,967.4741,NaN,NaN,1593,22,0,0,0
rc_202.3.txt,28,LateOnly,1001710,2800,1,2575,2578,0,0,0,877.4078,877.4078,0.0473759728787659,1593,21,0,0,0
rc_202.3.txt,28,LateTo2Opt,1001710,2800,1,2575,2578,0.0929999999998472,0.000418918918918231,0,877.3148,877.4078,0.0472649572649572,1458,21,1,0,0
rc_202.3.txt,28,LateToVND,1001710,2800,1,2575,2578,11.2039,0.0504680180180179,0,866.2039,877.4078,0.0340016950771139,1458,21,0,1,0
rc_202.4.txt,27,LateOnly,1001801,2700,0,NaN,NaN,NaN,NaN,268.1438,970.2299,NaN,NaN,1508,16,0,0,0
rc_202.4.txt,27,LateTo2Opt,1001801,2700,0,NaN,NaN,NaN,NaN,268.1438,970.2299,NaN,NaN,1508,16,0,0,0
rc_202.4.txt,27,LateToVND,1001801,2700,0,NaN,NaN,NaN,NaN,268.1438,970.2299,NaN,NaN,1508,16,0,0,0
rc_202.4.txt,27,LateOnly,1001802,2700,0,NaN,NaN,NaN,NaN,0.320400000000006,923.1281,NaN,NaN,1508,18,0,0,0
rc_202.4.txt,27,LateTo2Opt,1001802,2700,0,NaN,NaN,NaN,NaN,0.320400000000006,923.1281,NaN,NaN,1508,18,0,0,0
rc_202.4.txt,27,LateToVND,1001802,2700,0,NaN,NaN,NaN,NaN,0.320400000000006,923.1281,NaN,NaN,1508,18,0,0,0
rc_202.4.txt,27,LateOnly,1001803,2700,0,NaN,NaN,NaN,NaN,110.7302,924.8721,NaN,NaN,1508,19,0,0,0
rc_202.4.txt,27,LateTo2Opt,1001803,2700,0,NaN,NaN,NaN,NaN,110.7302,924.8721,NaN,NaN,1508,19,0,0,0
rc_202.4.txt,27,LateToVND,1001803,2700,0,NaN,NaN,NaN,NaN,110.7302,924.8721,NaN,NaN,1508,19,0,0,0
rc_202.4.txt,27,LateOnly,1001804,2700,0,NaN,NaN,NaN,NaN,16.0859000000003,950.8947,NaN,NaN,1508,18,0,0,0
rc_202.4.txt,27,LateTo2Opt,1001804,2700,0,NaN,NaN,NaN,NaN,16.0859000000003,950.8947,NaN,NaN,1508,18,0,0,0
rc_202.4.txt,27,LateToVND,1001804,2700,0,NaN,NaN,NaN,NaN,16.0859000000003,950.8947,NaN,NaN,1508,18,0,0,0
rc_202.4.txt,27,LateOnly,1001805,2700,0,NaN,NaN,NaN,NaN,99.2661000000001,912.6752,NaN,NaN,1508,19,0,0,0
rc_202.4.txt,27,LateTo2Opt,1001805,2700,0,NaN,NaN,NaN,NaN,99.2661000000001,912.6752,NaN,NaN,1508,19,0,0,0
rc_202.4.txt,27,LateToVND,1001805,2700,0,NaN,NaN,NaN,NaN,99.2661000000001,912.6752,NaN,NaN,1508,19,0,0,0
rc_202.4.txt,27,LateOnly,1001806,2700,0,NaN,NaN,NaN,NaN,22.5829000000002,918.5298,NaN,NaN,1508,17,0,0,0
rc_202.4.txt,27,LateTo2Opt,1001806,2700,0,NaN,NaN,NaN,NaN,22.5829000000002,918.5298,NaN,NaN,1508,17,0,0,0
rc_202.4.txt,27,LateToVND,1001806,2700,0,NaN,NaN,NaN,NaN,22.5829000000002,918.5298,NaN,NaN,1508,17,0,0,0
rc_202.4.txt,27,LateOnly,1001807,2700,0,NaN,NaN,NaN,NaN,39.7799,949.2515,NaN,NaN,1508,15,0,0,0
rc_202.4.txt,27,LateTo2Opt,1001807,2700,0,NaN,NaN,NaN,NaN,39.7799,949.2515,NaN,NaN,1508,15,0,0,0
rc_202.4.txt,27,LateToVND,1001807,2700,0,NaN,NaN,NaN,NaN,39.7799,949.2515,NaN,NaN,1508,15,0,0,0
rc_202.4.txt,27,LateOnly,1001808,2700,1,1932,1972,24.2430000000001,0.0333008241758242,0,901.6157,929.029,0.136925084801332,1508,26,0,0,0
rc_202.4.txt,27,LateTo2Opt,1001808,2700,1,1932,1972,32.9373999999999,0.0452436813186812,0,892.9213,929.029,0.12596156513625,1092,23,4,0,0
rc_202.4.txt,27,LateToVND,1001808,2700,1,1932,1972,13.3412999999999,0.0183259615384614,0,912.5174,929.029,0.150671979622461,1092,23,3,0,0
rc_202.4.txt,27,LateOnly,1001809,2700,0,NaN,NaN,NaN,NaN,111.2852,918.4599,NaN,NaN,1508,16,0,0,0
rc_202.4.txt,27,LateTo2Opt,1001809,2700,0,NaN,NaN,NaN,NaN,111.2852,918.4599,NaN,NaN,1508,16,0,0,0
rc_202.4.txt,27,LateToVND,1001809,2700,0,NaN,NaN,NaN,NaN,111.2852,918.4599,NaN,NaN,1508,16,0,0,0
rc_202.4.txt,27,LateOnly,1001810,2700,0,NaN,NaN,NaN,NaN,9.92079999999987,948.9274,NaN,NaN,1508,19,0,0,0
rc_202.4.txt,27,LateTo2Opt,1001810,2700,0,NaN,NaN,NaN,NaN,9.92079999999987,948.9274,NaN,NaN,1508,19,0,0,0
rc_202.4.txt,27,LateToVND,1001810,2700,0,NaN,NaN,NaN,NaN,9.92079999999987,948.9274,NaN,NaN,1508,19,0,0,0
rc_203.1.txt,18,LateOnly,1001901,1800,1,190,225,87.4622600000001,0.0555315936507937,0,464.27084,585.545,0.0237956249448707,816,13,0,0,0
rc_203.1.txt,18,LateTo2Opt,1001901,1800,1,190,225,46.3066600000001,0.029401053968254,0,505.42644,585.545,0.114550674781688,85,5,6,0,0
rc_203.1.txt,18,LateToVND,1001901,1800,1,190,225,68.12896,0.0432564825396825,0,483.60414,585.545,0.0664288171473935,85,5,3,5,1
rc_203.1.txt,18,LateOnly,1001902,1800,0,NaN,NaN,NaN,NaN,10.1079,597.4629,NaN,NaN,816,6,0,0,0
rc_203.1.txt,18,LateTo2Opt,1001902,1800,0,NaN,NaN,NaN,NaN,10.1079,597.4629,NaN,NaN,816,6,0,0,0
rc_203.1.txt,18,LateToVND,1001902,1800,0,NaN,NaN,NaN,NaN,10.1079,597.4629,NaN,NaN,816,6,0,0,0
rc_203.1.txt,18,LateOnly,1001903,1800,1,136,151,84.7458,0.0513922377198302,0,480.2404,564.9862,0.059011202258093,816,17,0,0,0
rc_203.1.txt,18,LateTo2Opt,1001903,1800,1,136,151,77.62366,0.0470731716191631,0,487.36254,564.9862,0.0747167240010585,51,3,10,0,0
rc_203.1.txt,18,LateToVND,1001903,1800,1,136,151,88.37156,0.0535910006064282,0,476.61464,564.9862,0.0510157890094381,51,3,9,1,4
rc_203.1.txt,18,LateOnly,1001904,1800,1,240,262,127.08426,0.0826295578673603,0,476.61464,603.6989,0.0510157890094381,816,16,0,0,0
rc_203.1.txt,18,LateTo2Opt,1001904,1800,1,240,262,94.4658000000001,0.0614211963589077,0,509.2331,603.6989,0.122945003087237,102,6,5,0,0
rc_203.1.txt,18,LateToVND,1001904,1800,1,240,262,127.48306,0.082888855656697,0,476.21584,603.6989,0.0501363676457618,102,6,5,3,3
rc_203.1.txt,18,LateOnly,1001905,1800,1,481,484,43.0096599999999,0.032682112462006,0,503.33074,546.3404,0.109929302284555,816,10,0,0,0
rc_203.1.txt,18,LateTo2Opt,1001905,1800,1,481,484,55.7991,0.0424005319148936,0,490.5413,546.3404,0.0817264267442886,204,7,6,0,0
rc_203.1.txt,18,LateToVND,1001905,1800,1,481,484,60.2043,0.0457479483282675,0,486.1361,546.3404,0.0720122166357943,204,7,5,3,2
rc_203.1.txt,18,LateOnly,1001906,1800,1,228,262,92.9467,0.0604334850455137,0,481.7876,584.5446,0.0624230396048338,816,15,0,0,0
rc_203.1.txt,18,LateTo2Opt,1001906,1800,1,228,262,63.2362,0.0411158647594278,0,511.4981,584.5446,0.127939710681838,102,6,8,0,0
rc_203.1.txt,18,LateToVND,1001906,1800,1,228,262,95.3914,0.0620230169050715,0,479.3429,584.5446,0.0570320631560378,102,6,5,3,3
rc_203.1.txt,18,LateOnly,1001907,1800,1,192,225,133.5675,0.084804761904762,0,478.8574,612.4249,0.0559614536473493,816,17,0,0,0
rc_203.1.txt,18,LateTo2Opt,1001907,1800,1,192,225,119.1136,0.0756276825396826,0,493.3113,612.4249,0.0878347446414395,85,5,7,0,0
rc_203.1.txt,18,LateToVND,1001907,1800,1,192,225,132.84076,0.0843433396825398,0,479.58414,612.4249,0.0575640381053187,85,5,8,3,4
rc_203.1.txt,18,LateOnly,1001908,1800,1,492,521,136.0262,0.106353557466771,0,496.2639,637.0385,0.0943457263826409,816,14,0,0,0
rc_203.1.txt,18,LateTo2Opt,1001908,1800,1,492,521,126.9143,0.099229319781079,0,505.3758,637.0385,0.114439005027785,221,5,10,0,0
rc_203.1.txt,18,LateToVND,1001908,1800,1,492,521,165.0971,0.129082955433933,0,467.193,637.0385,0.030239481344271,221,5,7,3,4
rc_203.1.txt,18,LateOnly,1001909,1800,1,153,188,70.5914600000001,0.0437912282878413,0,476.61464,549.648,0.0510157890094381,816,11,0,0,0
rc_203.1.txt,18,LateTo2Opt,1001909,1800,1,153,188,61.9221600000001,0.0384132506203474,0,485.28394,549.648,0.0701330598923878,68,4,5,0,0
rc_203.1.txt,18,LateToVND,1001909,1800,1,153,188,70.99026,0.0440386228287841,0,476.21584,549.648,0.0501363676457618,68,4,1,4,2
rc_203.1.txt,18,LateOnly,1001910,1800,1,960,965,42.0201,0.0503234730538922,0,520.0152,562.0353,0.146721354855782,816,8,0,0,0
rc_203.1.txt,18,LateTo2Opt,1001910,1800,1,960,965,43.9064000000001,0.05258251497006,0,518.1289,562.0353,0.142561744729646,425,4,8,0,0
rc_203.1.txt,18,LateToVND,1001910,1800,1,960,965,83.0223999999999,0.0994280239520957,0,479.0129,562.0353,0.056304357413778,425,4,8,1,4
rc_203.2.txt,32,LateOnly,1002001,3200,0,NaN,NaN,NaN,NaN,41.8406999999999,964.2506,NaN,NaN,1922,29,0,0,0
rc_203.2.txt,32,LateTo2Opt,1002001,3200,0,NaN,NaN,NaN,NaN,41.8406999999999,964.2506,NaN,NaN,1922,29,0,0,0
rc_203.2.txt,32,LateToVND,1002001,3200,0,NaN,NaN,NaN,NaN,41.8406999999999,964.2506,NaN,NaN,1922,29,0,0,0
rc_203.2.txt,32,LateOnly,1002002,3200,0,NaN,NaN,NaN,NaN,671.232,1007.199,NaN,NaN,1922,19,0,0,0
rc_203.2.txt,32,LateTo2Opt,1002002,3200,0,NaN,NaN,NaN,NaN,671.232,1007.199,NaN,NaN,1922,19,0,0,0
rc_203.2.txt,32,LateToVND,1002002,3200,0,NaN,NaN,NaN,NaN,671.232,1007.199,NaN,NaN,1922,19,0,0,0
rc_203.2.txt,32,LateOnly,1002003,3200,0,NaN,NaN,NaN,NaN,255.495,1047.9121,NaN,NaN,1922,12,0,0,0
rc_203.2.txt,32,LateTo2Opt,1002003,3200,0,NaN,NaN,NaN,NaN,255.495,1047.9121,NaN,NaN,1922,12,0,0,0
rc_203.2.txt,32,LateToVND,1002003,3200,0,NaN,NaN,NaN,NaN,255.495,1047.9121,NaN,NaN,1922,12,0,0,0
rc_203.2.txt,32,LateOnly,1002004,3200,0,NaN,NaN,NaN,NaN,44.4748,970.9213,NaN,NaN,1922,18,0,0,0
rc_203.2.txt,32,LateTo2Opt,1002004,3200,0,NaN,NaN,NaN,NaN,44.4748,970.9213,NaN,NaN,1922,18,0,0,0
rc_203.2.txt,32,LateToVND,1002004,3200,0,NaN,NaN,NaN,NaN,44.4748,970.9213,NaN,NaN,1922,18,0,0,0
rc_203.2.txt,32,LateOnly,1002005,3200,0,NaN,NaN,NaN,NaN,785.326799999999,1099.3957,NaN,NaN,1922,16,0,0,0
rc_203.2.txt,32,LateTo2Opt,1002005,3200,0,NaN,NaN,NaN,NaN,785.326799999999,1099.3957,NaN,NaN,1922,16,0,0,0
rc_203.2.txt,32,LateToVND,1002005,3200,0,NaN,NaN,NaN,NaN,785.326799999999,1099.3957,NaN,NaN,1922,16,0,0,0
rc_203.2.txt,32,LateOnly,1002006,3200,0,NaN,NaN,NaN,NaN,753.770899999999,1083.4173,NaN,NaN,1922,22,0,0,0
rc_203.2.txt,32,LateTo2Opt,1002006,3200,0,NaN,NaN,NaN,NaN,753.770899999999,1083.4173,NaN,NaN,1922,22,0,0,0
rc_203.2.txt,32,LateToVND,1002006,3200,0,NaN,NaN,NaN,NaN,753.770899999999,1083.4173,NaN,NaN,1922,22,0,0,0
rc_203.2.txt,32,LateOnly,1002007,3200,0,NaN,NaN,NaN,NaN,26.3589999999999,957.4486,NaN,NaN,1922,25,0,0,0
rc_203.2.txt,32,LateTo2Opt,1002007,3200,0,NaN,NaN,NaN,NaN,26.3589999999999,957.4486,NaN,NaN,1922,25,0,0,0
rc_203.2.txt,32,LateToVND,1002007,3200,0,NaN,NaN,NaN,NaN,26.3589999999999,957.4486,NaN,NaN,1922,25,0,0,0
rc_203.2.txt,32,LateOnly,1002008,3200,0,NaN,NaN,NaN,NaN,416.8966,1027.3313,NaN,NaN,1922,23,0,0,0
rc_203.2.txt,32,LateTo2Opt,1002008,3200,0,NaN,NaN,NaN,NaN,416.8966,1027.3313,NaN,NaN,1922,23,0,0,0
rc_203.2.txt,32,LateToVND,1002008,3200,0,NaN,NaN,NaN,NaN,416.8966,1027.3313,NaN,NaN,1922,23,0,0,0
rc_203.2.txt,32,LateOnly,1002009,3200,0,NaN,NaN,NaN,NaN,718.104900000002,1087.2081,NaN,NaN,1922,17,0,0,0
rc_203.2.txt,32,LateTo2Opt,1002009,3200,0,NaN,NaN,NaN,NaN,718.104900000002,1087.2081,NaN,NaN,1922,17,0,0,0
rc_203.2.txt,32,LateToVND,1002009,3200,0,NaN,NaN,NaN,NaN,718.104900000002,1087.2081,NaN,NaN,1922,17,0,0,0
rc_203.2.txt,32,LateOnly,1002010,3200,0,NaN,NaN,NaN,NaN,1770.7454,1191.9246,NaN,NaN,1922,16,0,0,0
rc_203.2.txt,32,LateTo2Opt,1002010,3200,0,NaN,NaN,NaN,NaN,1770.7454,1191.9246,NaN,NaN,1922,16,0,0,0
rc_203.2.txt,32,LateToVND,1002010,3200,0,NaN,NaN,NaN,NaN,1770.7454,1191.9246,NaN,NaN,1922,16,0,0,0
rc_203.3.txt,36,LateOnly,1002101,3600,0,NaN,NaN,NaN,NaN,350.618100000001,1073.8533,NaN,NaN,2275,24,0,0,0
rc_203.3.txt,36,LateTo2Opt,1002101,3600,0,NaN,NaN,NaN,NaN,350.618100000001,1073.8533,NaN,NaN,2275,24,0,0,0
rc_203.3.txt,36,LateToVND,1002101,3600,0,NaN,NaN,NaN,NaN,350.618100000001,1073.8533,NaN,NaN,2275,24,0,0,0
rc_203.3.txt,36,LateOnly,1002102,3600,0,NaN,NaN,NaN,NaN,717.346499999999,1041.5952,NaN,NaN,2275,39,0,0,0
rc_203.3.txt,36,LateTo2Opt,1002102,3600,0,NaN,NaN,NaN,NaN,717.346499999999,1041.5952,NaN,NaN,2275,39,0,0,0
rc_203.3.txt,36,LateToVND,1002102,3600,0,NaN,NaN,NaN,NaN,717.346499999999,1041.5952,NaN,NaN,2275,39,0,0,0
rc_203.3.txt,36,LateOnly,1002103,3600,0,NaN,NaN,NaN,NaN,654.4141,1085.5981,NaN,NaN,2275,27,0,0,0
rc_203.3.txt,36,LateTo2Opt,1002103,3600,0,NaN,NaN,NaN,NaN,654.4141,1085.5981,NaN,NaN,2275,27,0,0,0
rc_203.3.txt,36,LateToVND,1002103,3600,0,NaN,NaN,NaN,NaN,654.4141,1085.5981,NaN,NaN,2275,27,0,0,0
rc_203.3.txt,36,LateOnly,1002104,3600,0,NaN,NaN,NaN,NaN,411.8675,1051.8061,NaN,NaN,2275,24,0,0,0
rc_203.3.txt,36,LateTo2Opt,1002104,3600,0,NaN,NaN,NaN,NaN,411.8675,1051.8061,NaN,NaN,2275,24,0,0,0
rc_203.3.txt,36,LateToVND,1002104,3600,0,NaN,NaN,NaN,NaN,411.8675,1051.8061,NaN,NaN,2275,24,0,0,0
rc_203.3.txt,36,LateOnly,1002105,3600,0,NaN,NaN,NaN,NaN,798.699300000001,1114.6622,NaN,NaN,2275,19,0,0,0
rc_203.3.txt,36,LateTo2Opt,1002105,3600,0,NaN,NaN,NaN,NaN,798.699300000001,1114.6622,NaN,NaN,2275,19,0,0,0
rc_203.3.txt,36,LateToVND,1002105,3600,0,NaN,NaN,NaN,NaN,798.699300000001,1114.6622,NaN,NaN,2275,19,0,0,0
rc_203.3.txt,36,LateOnly,1002106,3600,0,NaN,NaN,NaN,NaN,1468.1729,1148.178,NaN,NaN,2275,20,0,0,0
rc_203.3.txt,36,LateTo2Opt,1002106,3600,0,NaN,NaN,NaN,NaN,1468.1729,1148.178,NaN,NaN,2275,20,0,0,0
rc_203.3.txt,36,LateToVND,1002106,3600,0,NaN,NaN,NaN,NaN,1468.1729,1148.178,NaN,NaN,2275,20,0,0,0
rc_203.3.txt,36,LateOnly,1002107,3600,0,NaN,NaN,NaN,NaN,384.7277,989.0009,NaN,NaN,2275,35,0,0,0
rc_203.3.txt,36,LateTo2Opt,1002107,3600,0,NaN,NaN,NaN,NaN,384.7277,989.0009,NaN,NaN,2275,35,0,0,0
rc_203.3.txt,36,LateToVND,1002107,3600,0,NaN,NaN,NaN,NaN,384.7277,989.0009,NaN,NaN,2275,35,0,0,0
rc_203.3.txt,36,LateOnly,1002108,3600,0,NaN,NaN,NaN,NaN,1353.3238,1135.3714,NaN,NaN,2275,29,0,0,0
rc_203.3.txt,36,LateTo2Opt,1002108,3600,0,NaN,NaN,NaN,NaN,1353.3238,1135.3714,NaN,NaN,2275,29,0,0,0
rc_203.3.txt,36,LateToVND,1002108,3600,0,NaN,NaN,NaN,NaN,1353.3238,1135.3714,NaN,NaN,2275,29,0,0,0
rc_203.3.txt,36,LateOnly,1002109,3600,0,NaN,NaN,NaN,NaN,143.7674,981.8684,NaN,NaN,2275,30,0,0,0
rc_203.3.txt,36,LateTo2Opt,1002109,3600,0,NaN,NaN,NaN,NaN,143.7674,981.8684,NaN,NaN,2275,30,0,0,0
rc_203.3.txt,36,LateToVND,1002109,3600,0,NaN,NaN,NaN,NaN,143.7674,981.8684,NaN,NaN,2275,30,0,0,0
rc_203.3.txt,36,LateOnly,1002110,3600,0,NaN,NaN,NaN,NaN,581.399199999999,1073.0693,NaN,NaN,2275,29,0,0,0
rc_203.3.txt,36,LateTo2Opt,1002110,3600,0,NaN,NaN,NaN,NaN,581.399199999999,1073.0693,NaN,NaN,2275,29,0,0,0
rc_203.3.txt,36,LateToVND,1002110,3600,0,NaN,NaN,NaN,NaN,581.399199999999,1073.0693,NaN,NaN,2275,29,0,0,0
rc_203.4.txt,14,LateOnly,1002201,1400,1,27,40,157.5587,0.115851985294118,0,402.8664,603.1146,0.281830156861497,540,7,0,0,0
rc_203.4.txt,14,LateTo2Opt,1002201,1400,1,27,40,154.591,0.113669852941176,0,405.8341,603.1146,0.291272709917592,0,0,9,0,0
rc_203.4.txt,14,LateToVND,1002201,1400,1,27,40,246.1358,0.180982205882353,0,314.2893,603.1146,-2.22724235613129e-06,0,0,12,4,3
rc_203.4.txt,14,LateOnly,1002202,1400,1,42,73,184.8734,0.139316804822909,0,387.1856,637.275,0.231937382672054,540,14,0,0,0
rc_203.4.txt,14,LateTo2Opt,1002202,1400,1,42,73,186.3159,0.140403843255463,0,385.7431,637.275,0.227347672531738,13,1,8,0,0
rc_203.4.txt,14,LateToVND,1002202,1400,1,42,73,195.2193,0.147113262999246,0,376.8397,637.275,0.199019058831016,13,1,12,2,3
rc_203.4.txt,14,LateOnly,1002203,1400,1,44,73,154.1324,0.116151017332329,0,415.4951,620.6737,0.322011836202233,540,8,0,0,0
rc_203.4.txt,14,LateTo2Opt,1002203,1400,1,44,73,255.3382,0.192417633760362,0,314.2893,620.6737,-2.22724235613129e-06,13,1,12,0,0
rc_203.4.txt,14,LateToVND,1002203,1400,1,44,73,187.3668,0.141195779954785,0,382.2607,620.6737,0.216267459989182,13,1,11,3,1
rc_203.4.txt,14,LateOnly,1002204,1400,1,6,40,95.3074999999999,0.070079044117647,0,387.1856,482.4931,0.231937382672054,540,11,0,0,0
rc_203.4.txt,14,LateTo2Opt,1002204,1400,1,6,40,98.3612,0.0723244117647059,0,384.1319,482.4931,0.222221196983677,0,0,6,0,0
rc_203.4.txt,14,LateToVND,1002204,1400,1,6,40,104.8257,0.0770777205882353,0,377.6674,482.4931,0.201652613827993,0,0,7,1,2
rc_203.4.txt,14,LateOnly,1002205,1400,1,21,40,119.1891,0.0876390441176471,0,389.1187,508.3078,0.238088071526297,540,12,0,0,0
rc_203.4.txt,14,LateTo2Opt,1002205,1400,1,21,40,108.3717,0.0796850735294118,0,399.9361,508.3078,0.272506602182697,0,0,7,0,0
rc_203.4.txt,14,LateToVND,1002205,1400,1,21,40,194.0185,0.142660661764706,0,314.2893,508.3078,-2.22724235613129e-06,0,0,10,6,3
rc_203.4.txt,14,LateOnly,1002206,1400,1,27,40,192.0779,0.14123375,0,357.2735,549.3514,0.136763816857043,540,11,0,0,0
rc_203.4.txt,14,LateTo2Opt,1002206,1400,1,27,40,168.3778,0.123807205882353,0,380.9736,549.3514,0.21217219765185,0,0,7,0,0
rc_203.4.txt,14,LateToVND,1002206,1400,1,27,40,235.0621,0.172839779411765,0,314.2893,549.3514,-2.22724235613129e-06,0,0,6,2,1
rc_203.4.txt,14,LateOnly,1002207,1400,1,48,73,211.2835,0.159218914845516,0,387.1233,601.3751,0.23173915810239,540,14,0,0,0
rc_203.4.txt,14,LateTo2Opt,1002207,1400,1,48,73,284.1175,0.214105124340618,0,314.2893,601.3751,-2.22724235613129e-06,13,1,10,0,0
rc_203.4.txt,14,LateToVND,1002207,1400,1,48,73,221.5671,0.166968425018839,0,376.8397,601.3751,0.199019058831016,13,1,12,1,3
rc_203.4.txt,14,LateOnly,1002208,1400,1,121,139,87.0726,0.0690504361617764,0,370.9374,458.01,0.180239269464507,540,9,0,0,0
rc_203.4.txt,14,LateTo2Opt,1002208,1400,1,121,139,143.7207,0.113973592386995,0,314.2893,458.01,-2.22724235613129e-06,39,2,8,0,0
rc_203.4.txt,14,LateToVND,1002208,1400,1,121,139,143.7207,0.113973592386995,0,314.2893,458.01,-2.22724235613129e-06,39,2,5,3,2
rc_203.4.txt,14,LateOnly,1002209,1400,1,34,40,249.4186,0.183396029411765,0,387.1856,636.6042,0.231937382672054,540,13,0,0,0
rc_203.4.txt,14,LateTo2Opt,1002209,1400,1,34,40,246.0646,0.180929852941176,0,390.5396,636.6042,0.242609055331064,0,0,11,0,0
rc_203.4.txt,14,LateToVND,1002209,1400,1,34,40,252.1966,0.185438676470588,0,384.4076,636.6042,0.223098412294378,0,0,9,7,2
rc_203.4.txt,14,LateOnly,1002210,1400,1,34,40,174.8433,0.12856125,0,376.8397,615.0289,0.199019058831016,540,6,0,0,0
rc_203.4.txt,14,LateTo2Opt,1002210,1400,1,34,40,163.6956,0.120364411764706,0,387.9874,615.0289,0.234488529701868,0,0,7,0,0
rc_203.4.txt,14,LateToVND,1002210,1400,1,34,40,171.5692,0.126153823529412,0,380.1138,615.0289,0.209436507683986,0,0,5,5,3
rc_204.1.txt,45,LateOnly,1002301,4500,0,NaN,NaN,NaN,NaN,1955.9153,1223.2156,NaN,NaN,3080,24,0,0,0
rc_204.1.txt,45,LateTo2Opt,1002301,4500,0,NaN,NaN,NaN,NaN,1955.9153,1223.2156,NaN,NaN,3080,24,0,0,0
rc_204.1.txt,45,LateToVND,1002301,4500,0,NaN,NaN,NaN,NaN,1955.9153,1223.2156,NaN,NaN,3080,24,0,0,0
rc_204.1.txt,45,LateOnly,1002302,4500,0,NaN,NaN,NaN,NaN,1940.5517,1192.0027,NaN,NaN,3080,28,0,0,0
rc_204.1.txt,45,LateTo2Opt,1002302,4500,0,NaN,NaN,NaN,NaN,1940.5517,1192.0027,NaN,NaN,3080,28,0,0,0
rc_204.1.txt,45,LateToVND,1002302,4500,0,NaN,NaN,NaN,NaN,1940.5517,1192.0027,NaN,NaN,3080,28,0,0,0
rc_204.1.txt,45,LateOnly,1002303,4500,0,NaN,NaN,NaN,NaN,1360.5135,1182.8452,NaN,NaN,3080,34,0,0,0
rc_204.1.txt,45,LateTo2Opt,1002303,4500,0,NaN,NaN,NaN,NaN,1360.5135,1182.8452,NaN,NaN,3080,34,0,0,0
rc_204.1.txt,45,LateToVND,1002303,4500,0,NaN,NaN,NaN,NaN,1360.5135,1182.8452,NaN,NaN,3080,34,0,0,0
rc_204.1.txt,45,LateOnly,1002304,4500,0,NaN,NaN,NaN,NaN,1666.9624,1159.6125,NaN,NaN,3080,35,0,0,0
rc_204.1.txt,45,LateTo2Opt,1002304,4500,0,NaN,NaN,NaN,NaN,1666.9624,1159.6125,NaN,NaN,3080,35,0,0,0
rc_204.1.txt,45,LateToVND,1002304,4500,0,NaN,NaN,NaN,NaN,1666.9624,1159.6125,NaN,NaN,3080,35,0,0,0
rc_204.1.txt,45,LateOnly,1002305,4500,0,NaN,NaN,NaN,NaN,3522.7002,1399.3922,NaN,NaN,3080,19,0,0,0
rc_204.1.txt,45,LateTo2Opt,1002305,4500,0,NaN,NaN,NaN,NaN,3522.7002,1399.3922,NaN,NaN,3080,19,0,0,0
rc_204.1.txt,45,LateToVND,1002305,4500,0,NaN,NaN,NaN,NaN,3522.7002,1399.3922,NaN,NaN,3080,19,0,0,0
rc_204.1.txt,45,LateOnly,1002306,4500,0,NaN,NaN,NaN,NaN,3470.449,1264.0853,NaN,NaN,3080,23,0,0,0
rc_204.1.txt,45,LateTo2Opt,1002306,4500,0,NaN,NaN,NaN,NaN,3470.449,1264.0853,NaN,NaN,3080,23,0,0,0
rc_204.1.txt,45,LateToVND,1002306,4500,0,NaN,NaN,NaN,NaN,3470.449,1264.0853,NaN,NaN,3080,23,0,0,0
rc_204.1.txt,45,LateOnly,1002307,4500,0,NaN,NaN,NaN,NaN,3744.33526,1300.84167,NaN,NaN,3080,22,0,0,0
rc_204.1.txt,45,LateTo2Opt,1002307,4500,0,NaN,NaN,NaN,NaN,3744.33526,1300.84167,NaN,NaN,3080,22,0,0,0
rc_204.1.txt,45,LateToVND,1002307,4500,0,NaN,NaN,NaN,NaN,3744.33526,1300.84167,NaN,NaN,3080,22,0,0,0
rc_204.1.txt,45,LateOnly,1002308,4500,0,NaN,NaN,NaN,NaN,848.823969999998,1126.91747,NaN,NaN,3080,40,0,0,0
rc_204.1.txt,45,LateTo2Opt,1002308,4500,0,NaN,NaN,NaN,NaN,848.823969999998,1126.91747,NaN,NaN,3080,40,0,0,0
rc_204.1.txt,45,LateToVND,1002308,4500,0,NaN,NaN,NaN,NaN,848.823969999998,1126.91747,NaN,NaN,3080,40,0,0,0
rc_204.1.txt,45,LateOnly,1002309,4500,0,NaN,NaN,NaN,NaN,2029.3001,1206.0898,NaN,NaN,3080,33,0,0,0
rc_204.1.txt,45,LateTo2Opt,1002309,4500,0,NaN,NaN,NaN,NaN,2029.3001,1206.0898,NaN,NaN,3080,33,0,0,0
rc_204.1.txt,45,LateToVND,1002309,4500,0,NaN,NaN,NaN,NaN,2029.3001,1206.0898,NaN,NaN,3080,33,0,0,0
rc_204.1.txt,45,LateOnly,1002310,4500,0,NaN,NaN,NaN,NaN,2506.0413,1225.7028,NaN,NaN,3080,37,0,0,0
rc_204.1.txt,45,LateTo2Opt,1002310,4500,0,NaN,NaN,NaN,NaN,2506.0413,1225.7028,NaN,NaN,3080,37,0,0,0
rc_204.1.txt,45,LateToVND,1002310,4500,0,NaN,NaN,NaN,NaN,2506.0413,1225.7028,NaN,NaN,3080,37,0,0,0
rc_204.2.txt,32,LateOnly,1002401,3200,0,NaN,NaN,NaN,NaN,29.7947,918.9825,NaN,NaN,1922,17,0,0,0
rc_204.2.txt,32,LateTo2Opt,1002401,3200,0,NaN,NaN,NaN,NaN,29.7947,918.9825,NaN,NaN,1922,17,0,0,0
rc_204.2.txt,32,LateToVND,1002401,3200,0,NaN,NaN,NaN,NaN,29.7947,918.9825,NaN,NaN,1922,17,0,0,0
rc_204.2.txt,32,LateOnly,1002402,3200,0,NaN,NaN,NaN,NaN,11.23698,965.83734,NaN,NaN,1922,16,0,0,0
rc_204.2.txt,32,LateTo2Opt,1002402,3200,0,NaN,NaN,NaN,NaN,11.23698,965.83734,NaN,NaN,1922,16,0,0,0
rc_204.2.txt,32,LateToVND,1002402,3200,0,NaN,NaN,NaN,NaN,11.23698,965.83734,NaN,NaN,1922,16,0,0,0
rc_204.2.txt,32,LateOnly,1002403,3200,0,NaN,NaN,NaN,NaN,15.278,919.537,NaN,NaN,1922,10,0,0,0
rc_204.2.txt,32,LateTo2Opt,1002403,3200,0,NaN,NaN,NaN,NaN,15.278,919.537,NaN,NaN,1922,10,0,0,0
rc_204.2.txt,32,LateToVND,1002403,3200,0,NaN,NaN,NaN,NaN,15.278,919.537,NaN,NaN,1922,10,0,0,0
rc_204.2.txt,32,LateOnly,1002404,3200,0,NaN,NaN,NaN,NaN,8.52280000000007,957.9606,NaN,NaN,1922,19,0,0,0
rc_204.2.txt,32,LateTo2Opt,1002404,3200,0,NaN,NaN,NaN,NaN,8.52280000000007,957.9606,NaN,NaN,1922,19,0,0,0
rc_204.2.txt,32,LateToVND,1002404,3200,0,NaN,NaN,NaN,NaN,8.52280000000007,957.9606,NaN,NaN,1922,19,0,0,0
rc_204.2.txt,32,LateOnly,1002405,3200,1,2380,2386,44.5046,0.0546739557739557,0,903.8346,948.3392,0.364979159115622,1922,19,0,0,0
rc_204.2.txt,32,LateTo2Opt,1002405,3200,1,2380,2386,82.7017000000002,0.10159914004914,0,865.6375,948.3392,0.307293554427933,1426,13,7,0,0
rc_204.2.txt,32,LateToVND,1002405,3200,1,2380,2386,90.6864000000003,0.111408353808354,0,857.6528,948.3392,0.295234988522411,1426,13,5,2,1
rc_204.2.txt,32,LateOnly,1002406,3200,0,NaN,NaN,NaN,NaN,12.1466000000002,954.7099,NaN,NaN,1922,18,0,0,0
rc_204.2.txt,32,LateTo2Opt,1002406,3200,0,NaN,NaN,NaN,NaN,12.1466000000002,954.7099,NaN,NaN,1922,18,0,0,0
rc_204.2.txt,32,LateToVND,1002406,3200,0,NaN,NaN,NaN,NaN,12.1466000000002,954.7099,NaN,NaN,1922,18,0,0,0
rc_204.2.txt,32,LateOnly,1002407,3200,1,1911,1927,102.2421,0.0803158680282797,0,845.9547,948.1968,0.277568412468286,1922,18,0,0,0
rc_204.2.txt,32,LateTo2Opt,1002407,3200,1,1911,1927,156.6568,0.123061115475255,0,791.54,948.1968,0.195390842092546,1147,8,9,0,0
rc_204.2.txt,32,LateToVND,1002407,3200,1,1911,1927,158.9855,0.124890416339356,0,789.2113,948.1968,0.191874018364142,1147,8,14,4,1
rc_204.2.txt,32,LateOnly,1002408,3200,0,NaN,NaN,NaN,NaN,61.5526,962.8419,NaN,NaN,1922,14,0,0,0
rc_204.2.txt,32,LateTo2Opt,1002408,3200,0,NaN,NaN,NaN,NaN,61.5526,962.8419,NaN,NaN,1922,14,0,0,0
rc_204.2.txt,32,LateToVND,1002408,3200,0,NaN,NaN,NaN,NaN,61.5526,962.8419,NaN,NaN,1922,14,0,0,0
rc_204.2.txt,32,LateOnly,1002409,3200,1,2025,2029,93.2956000000001,0.0796717335610591,0,846.8345,940.1301,0.278897094357859,1922,25,0,0,0
rc_204.2.txt,32,LateTo2Opt,1002409,3200,1,2025,2029,113.4759,0.0969051238257899,0,826.6542,940.1301,0.248420623414281,1209,14,7,0,0
rc_204.2.txt,32,LateToVND,1002409,3200,1,2025,2029,160.773,0.137295473953886,0,779.3571,940.1301,0.176992116708952,1209,14,10,3,3
rc_204.2.txt,32,LateOnly,1002410,3200,0,NaN,NaN,NaN,NaN,48.5804000000001,936.7159,NaN,NaN,1922,15,0,0,0
rc_204.2.txt,32,LateTo2Opt,1002410,3200,0,NaN,NaN,NaN,NaN,48.5804000000001,936.7159,NaN,NaN,1922,15,0,0,0
rc_204.2.txt,32,LateToVND,1002410,3200,0,NaN,NaN,NaN,NaN,48.5804000000001,936.7159,NaN,NaN,1922,15,0,0,0
rc_204.3.txt,23,LateOnly,1002501,2300,1,50,82,328.2132,0.147977096483318,0,508.0973,842.947,0.116623739094126,1188,21,0,0,0
rc_204.3.txt,23,LateTo2Opt,1002501,2300,1,50,82,303.5571,0.136860730387737,0,532.7534,842.947,0.170809397182604,22,1,17,0,0
rc_204.3.txt,23,LateToVND,1002501,2300,1,50,82,316.903,0.142877817853922,0,519.4075,842.947,0.141479682658286,22,1,13,7,1
rc_204.3.txt,23,LateOnly,1002502,2300,1,94,124,285.9679,0.131419071691176,0,535.9972,834.1523,0.177938157923654,1188,22,0,0,0
rc_204.3.txt,23,LateTo2Opt,1002502,2300,1,94,124,279.9721,0.128663648897059,0,541.993,834.1523,0.191114871546931,44,2,23,0,0
rc_204.3.txt,23,LateToVND,1002502,2300,1,94,124,302.2138,0.138885018382353,0,519.7513,834.1523,0.142235237237105,44,2,12,7,4
rc_204.3.txt,23,LateOnly,1002503,2300,1,42,82,289.5125,0.130528629395852,0,507.2424,807.9138,0.114744961870646,1188,19,0,0,0
rc_204.3.txt,23,LateTo2Opt,1002503,2300,1,42,82,290.5553,0.130998782687106,0,506.1996,807.9138,0.112453244841,22,1,17,0,0
rc_204.3.txt,23,LateToVND,1002503,2300,1,42,82,278.9454,0.12576438232642,0,517.8095,807.9138,0.137967826297167,22,1,21,5,5
rc_204.3.txt,23,LateOnly,1002504,2300,1,83,124,293.2481,0.134764751838235,0,503.6591,796.9072,0.106870096477155,1188,18,0,0,0
rc_204.3.txt,23,LateTo2Opt,1002504,2300,1,83,124,217.4163,0.0999155790441177,0,579.4909,796.9072,0.273522405116146,44,2,18,0,0
rc_204.3.txt,23,LateToVND,1002504,2300,1,83,124,277.5965,0.127571920955882,0,519.3107,796.9072,0.141266949431906,44,2,16,2,4
rc_204.3.txt,23,LateOnly,1002505,2300,1,32,40,406.5991,0.17991110619469,0,510.2357,916.8348,0.121323209458717,1188,30,0,0,0
rc_204.3.txt,23,LateTo2Opt,1002505,2300,1,32,40,380.9997,0.168583938053097,0,535.8351,916.8348,0.177581917675758,0,0,21,0,0
rc_204.3.txt,23,LateToVND,1002505,2300,1,32,40,418.1574,0.185025398230088,0,498.6774,916.8348,0.0959220271190911,0,0,27,7,2
rc_204.3.txt,23,LateOnly,1002506,2300,1,26,40,244.0506,0.107986991150442,0,527.8887,771.9393,0.160118453728326,1188,23,0,0,0
rc_204.3.txt,23,LateTo2Opt,1002506,2300,1,26,40,280.7248,0.124214513274336,0,491.2145,771.9393,0.0795211304749138,0,0,18,0,0
rc_204.3.txt,23,LateToVND,1002506,2300,1,26,40,305.226,0.135055752212389,0,466.7133,771.9393,0.0256758895017912,0,0,17,1,2
rc_204.3.txt,23,LateOnly,1002507,2300,1,65,82,254.3193,0.114661541929666,0,523.1401,777.4594,0.149682658286267,1188,20,0,0,0
rc_204.3.txt,23,LateTo2Opt,1002507,2300,1,65,82,249.102,0.112309287646528,0,528.3574,777.4594,0.16114849570358,22,1,20,0,0
rc_204.3.txt,23,LateToVND,1002507,2300,1,65,82,304.109,0.137109558160505,0,473.3504,777.4594,0.0402619607498407,22,1,20,7,2
rc_204.3.txt,23,LateOnly,1002508,2300,1,68,82,315.823,0.142390892696123,0,492.6905,808.5135,0.0827648726457597,1188,23,0,0,0
rc_204.3.txt,23,LateTo2Opt,1002508,2300,1,68,82,253.2441,0.114176780883679,0,555.2694,808.5135,0.220291848889084,22,1,15,0,0
rc_204.3.txt,23,LateToVND,1002508,2300,1,68,82,301.8559,0.136093733092876,0,506.6576,808.5135,0.113459771883173,22,1,20,5,4
rc_204.3.txt,23,LateOnly,1002509,2300,1,79,82,293.4909,0.132322317403066,0,521.5823,815.0732,0.1462591477485,1188,23,0,0,0
rc_204.3.txt,23,LateTo2Opt,1002509,2300,1,79,82,327.3833,0.147602930568079,0,487.6899,815.0732,0.0717752675647759,22,1,22,0,0
rc_204.3.txt,23,LateToVND,1002509,2300,1,79,82,292.616,0.131927862939585,0,522.4572,815.0732,0.148181878117926,22,1,16,8,2
rc_204.3.txt,23,LateOnly,1002510,2300,1,66,82,304.8853,0.137459558160505,0,506.7307,811.616,0.113620420631607,1188,22,0,0,0
rc_204.3.txt,23,LateTo2Opt,1002510,2300,1,66,82,268.3933,0.121006898106402,0,543.2227,811.616,0.193817330725447,22,1,17,0,0
rc_204.3.txt,23,LateToVND,1002510,2300,1,66,82,303.4889,0.136829981965735,0,508.1271,811.616,0.116689229281586,22,1,18,3,6
rc_205.1.txt,13,LateOnly,1002601,1300,1,119,136,114.5285,0.0983921821305841,0,369.6018,484.1303,0.0768969435622508,480,12,0,0,0
rc_205.1.txt,13,LateTo2Opt,1002601,1300,1,119,136,130.59,0.112190721649485,0,353.5403,484.1303,0.0300990647125667,36,2,5,0,0
rc_205.1.txt,13,LateToVND,1002601,1300,1,119,136,130.59,0.112190721649485,0,353.5403,484.1303,0.0300990647125667,36,2,4,1,0
rc_205.1.txt,13,LateOnly,1002602,1300,1,202,232,49.5782,0.0464215355805243,0,353.149,426.7876,0.0289589464176452,480,11,0,0,0
rc_205.1.txt,13,LateTo2Opt,1002602,1300,1,202,232,30.0539,0.0281403558052434,0,372.6733,426.7876,0.0858462748754407,72,6,4,0,0
rc_205.1.txt,13,LateToVND,1002602,1300,1,202,232,37.3023,0.0349272471910112,0,365.4249,426.7876,0.0647268436234375,72,6,4,1,2
rc_205.1.txt,13,LateOnly,1002603,1300,1,179,200,74.5194,0.0677449090909091,0,343.2095,417.7289,-1.45683400846426e-06,480,8,0,0,0
rc_205.1.txt,13,LateTo2Opt,1002603,1300,1,179,200,57.5089,0.0522808181818182,0,360.22,417.7289,0.0495614929634917,60,5,5,0,0
rc_205.1.txt,13,LateToVND,1002603,1300,1,179,200,74.5194,0.0677449090909091,0,343.2095,417.7289,-1.45683400846426e-06,60,5,3,3,3
rc_205.1.txt,13,LateOnly,1002604,1300,1,142,168,75.7535999999999,0.0669201413427561,0,343.2095,420.9056,-1.45683400846426e-06,480,14,0,0,0
rc_205.1.txt,13,LateTo2Opt,1002604,1300,1,142,168,58.7430999999999,0.0518931978798586,0,360.22,420.9056,0.0495614929634917,48,4,10,0,0
rc_205.1.txt,13,LateToVND,1002604,1300,1,142,168,58.7430999999999,0.0518931978798586,0,360.22,420.9056,0.0495614929634917,48,4,4,4,3
rc_205.1.txt,13,LateOnly,1002605,1300,1,139,168,30.4324999999999,0.0268838339222614,0,377.8409,408.2734,0.100902945718365,480,7,0,0,0
rc_205.1.txt,13,LateTo2Opt,1002605,1300,1,139,168,27.5749,0.0243594522968197,0,380.6985,408.2734,0.10922904344279,48,4,4,0,0
rc_205.1.txt,13,LateToVND,1002605,1300,1,139,168,65.0639,0.0574769434628975,0,343.2095,408.2734,-1.45683400846426e-06,48,4,6,3,3
rc_205.1.txt,13,LateOnly,1002606,1300,1,138,168,5.63529999999997,0.00497818021201411,0,353.149,436.32,0.0289589464176452,480,6,0,0,0
rc_205.1.txt,13,LateTo2Opt,1002606,1300,1,138,168,5.24399999999997,0.00463250883392224,0,353.5403,436.32,0.0300990647125667,48,4,1,0,0
rc_205.1.txt,13,LateToVND,1002606,1300,1,138,168,5.63529999999997,0.00497818021201411,0,353.149,436.32,0.0289589464176452,48,4,0,1,1
rc_205.1.txt,13,LateOnly,1002607,1300,1,107,136,59.5919,0.0511957903780068,0,353.9138,413.5057,0.0311873197167916,480,7,0,0,0
rc_205.1.txt,13,LateTo2Opt,1002607,1300,1,107,136,54.6027999999999,0.0469096219931271,0,358.9029,413.5057,0.0457239008187409,36,3,4,0,0
rc_205.1.txt,13,LateToVND,1002607,1300,1,107,136,54.6027999999999,0.0469096219931271,0,358.9029,413.5057,0.0457239008187409,36,3,2,1,1
rc_205.1.txt,13,LateOnly,1002608,1300,1,205,232,35.4681,0.0332098314606742,0,353.149,388.6171,0.0289589464176452,480,10,0,0,0
rc_205.1.txt,13,LateTo2Opt,1002608,1300,1,205,232,35.4681,0.0332098314606742,0,353.149,388.6171,0.0289589464176452,72,6,3,0,0
rc_205.1.txt,13,LateToVND,1002608,1300,1,205,232,35.4681,0.0332098314606742,0,353.149,388.6171,0.0289589464176452,72,6,1,2,0
rc_205.1.txt,13,LateOnly,1002609,1300,1,147,168,76.8443,0.0678836572438162,0,365.4249,494.3523,0.0647268436234375,480,9,0,0,0
rc_205.1.txt,13,LateTo2Opt,1002609,1300,1,147,168,73.1475,0.0646179328621908,0,369.1217,494.3523,0.0754980915474491,48,4,4,0,0
rc_205.1.txt,13,LateToVND,1002609,1300,1,147,168,89.1202,0.0787280918727915,0,353.149,494.3523,0.0289589464176452,48,4,5,3,1
rc_205.1.txt,13,LateOnly,1002610,1300,1,144,168,15.9233,0.014066519434629,0,392.6754,412.3193,0.144125753911599,480,6,0,0,0
rc_205.1.txt,13,LateTo2Opt,1002610,1300,1,144,168,27.9002,0.0246468197879859,0,380.6985,412.3193,0.10922904344279,48,4,3,0,0
rc_205.1.txt,13,LateToVND,1002610,1300,1,144,168,48.3787,0.0427373674911661,0,360.22,412.3193,0.0495614929634917,48,4,3,1,2
rc_205.2.txt,26,LateOnly,1002701,2600,0,NaN,NaN,NaN,NaN,30.8362,808.5484,NaN,NaN,1425,18,0,0,0
rc_205.2.txt,26,LateTo2Opt,1002701,2600,0,NaN,NaN,NaN,NaN,30.8362,808.5484,NaN,NaN,1425,18,0,0,0
rc_205.2.txt,26,LateToVND,1002701,2600,0,NaN,NaN,NaN,NaN,30.8362,808.5484,NaN,NaN,1425,18,0,0,0
rc_205.2.txt,26,LateOnly,1002702,2600,1,1740,1750,28.5039,0.033534,0,825.994,854.4979,0.0926858306986098,1425,19,0,0,0
rc_205.2.txt,26,LateTo2Opt,1002702,2600,1,1740,1750,29.4863,0.0346897647058824,0,825.0116,854.4979,0.0913862394666174,950,18,2,0,0
rc_205.2.txt,26,LateToVND,1002702,2600,1,1740,1750,28.5039,0.033534,0,825.994,854.4979,0.0926858306986098,950,18,0,0,1
rc_205.2.txt,26,LateOnly,1002703,2600,0,NaN,NaN,NaN,NaN,255.8794,835.6559,NaN,NaN,1425,16,0,0,0
rc_205.2.txt,26,LateTo2Opt,1002703,2600,0,NaN,NaN,NaN,NaN,255.8794,835.6559,NaN,NaN,1425,16,0,0,0
rc_205.2.txt,26,LateToVND,1002703,2600,0,NaN,NaN,NaN,NaN,255.8794,835.6559,NaN,NaN,1425,16,0,0,0
rc_205.2.txt,26,LateOnly,1002704,2600,0,NaN,NaN,NaN,NaN,60.0112999999999,860.4766,NaN,NaN,1425,22,0,0,0
rc_205.2.txt,26,LateTo2Opt,1002704,2600,0,NaN,NaN,NaN,NaN,60.0112999999999,860.4766,NaN,NaN,1425,22,0,0,0
rc_205.2.txt,26,LateToVND,1002704,2600,0,NaN,NaN,NaN,NaN,60.0112999999999,860.4766,NaN,NaN,1425,22,0,0,0
rc_205.2.txt,26,LateOnly,1002705,2600,0,NaN,NaN,NaN,NaN,55.4994,823.2029,NaN,NaN,1425,19,0,0,0
rc_205.2.txt,26,LateTo2Opt,1002705,2600,0,NaN,NaN,NaN,NaN,55.4994,823.2029,NaN,NaN,1425,19,0,0,0
rc_205.2.txt,26,LateToVND,1002705,2600,0,NaN,NaN,NaN,NaN,55.4994,823.2029,NaN,NaN,1425,19,0,0,0
rc_205.2.txt,26,LateOnly,1002706,2600,0,NaN,NaN,NaN,NaN,25.3093,859.9502,NaN,NaN,1425,18,0,0,0
rc_205.2.txt,26,LateTo2Opt,1002706,2600,0,NaN,NaN,NaN,NaN,25.3093,859.9502,NaN,NaN,1425,18,0,0,0
rc_205.2.txt,26,LateToVND,1002706,2600,0,NaN,NaN,NaN,NaN,25.3093,859.9502,NaN,NaN,1425,18,0,0,0
rc_205.2.txt,26,LateOnly,1002707,2600,0,NaN,NaN,NaN,NaN,50.9905000000002,892.2203,NaN,NaN,1425,17,0,0,0
rc_205.2.txt,26,LateTo2Opt,1002707,2600,0,NaN,NaN,NaN,NaN,50.9905000000002,892.2203,NaN,NaN,1425,17,0,0,0
rc_205.2.txt,26,LateToVND,1002707,2600,0,NaN,NaN,NaN,NaN,50.9905000000002,892.2203,NaN,NaN,1425,17,0,0,0
rc_205.2.txt,26,LateOnly,1002708,2600,0,NaN,NaN,NaN,NaN,10.4824,841.0086,NaN,NaN,1425,22,0,0,0
rc_205.2.txt,26,LateTo2Opt,1002708,2600,0,NaN,NaN,NaN,NaN,10.4824,841.0086,NaN,NaN,1425,22,0,0,0
rc_205.2.txt,26,LateToVND,1002708,2600,0,NaN,NaN,NaN,NaN,10.4824,841.0086,NaN,NaN,1425,22,0,0,0
rc_205.2.txt,26,LateOnly,1002709,2600,0,NaN,NaN,NaN,NaN,249.119,887.7095,NaN,NaN,1425,17,0,0,0
rc_205.2.txt,26,LateTo2Opt,1002709,2600,0,NaN,NaN,NaN,NaN,249.119,887.7095,NaN,NaN,1425,17,0,0,0
rc_205.2.txt,26,LateToVND,1002709,2600,0,NaN,NaN,NaN,NaN,249.119,887.7095,NaN,NaN,1425,17,0,0,0
rc_205.2.txt,26,LateOnly,1002710,2600,0,NaN,NaN,NaN,NaN,40.7802,861.6044,NaN,NaN,1425,15,0,0,0
rc_205.2.txt,26,LateTo2Opt,1002710,2600,0,NaN,NaN,NaN,NaN,40.7802,861.6044,NaN,NaN,1425,15,0,0,0
rc_205.2.txt,26,LateToVND,1002710,2600,0,NaN,NaN,NaN,NaN,40.7802,861.6044,NaN,NaN,1425,15,0,0,0
rc_205.3.txt,34,LateOnly,1002801,3400,0,NaN,NaN,NaN,NaN,215.1815,1004.5696,NaN,NaN,2100,33,0,0,0
rc_205.3.txt,34,LateTo2Opt,1002801,3400,0,NaN,NaN,NaN,NaN,215.1815,1004.5696,NaN,NaN,2100,33,0,0,0
rc_205.3.txt,34,LateToVND,1002801,3400,0,NaN,NaN,NaN,NaN,215.1815,1004.5696,NaN,NaN,2100,33,0,0,0
rc_205.3.txt,34,LateOnly,1002802,3400,0,NaN,NaN,NaN,NaN,49.4020999999997,987.9341,NaN,NaN,2100,27,0,0,0
rc_205.3.txt,34,LateTo2Opt,1002802,3400,0,NaN,NaN,NaN,NaN,49.4020999999997,987.9341,NaN,NaN,2100,27,0,0,0
rc_205.3.txt,34,LateToVND,1002802,3400,0,NaN,NaN,NaN,NaN,49.4020999999997,987.9341,NaN,NaN,2100,27,0,0,0
rc_205.3.txt,34,LateOnly,1002803,3400,0,NaN,NaN,NaN,NaN,1277.3997,1135.1655,NaN,NaN,2100,24,0,0,0
rc_205.3.txt,34,LateTo2Opt,1002803,3400,0,NaN,NaN,NaN,NaN,1277.3997,1135.1655,NaN,NaN,2100,24,0,0,0
rc_205.3.txt,34,LateToVND,1002803,3400,0,NaN,NaN,NaN,NaN,1277.3997,1135.1655,NaN,NaN,2100,24,0,0,0
rc_205.3.txt,34,LateOnly,1002804,3400,0,NaN,NaN,NaN,NaN,607.000499999999,1054.2669,NaN,NaN,2100,22,0,0,0
rc_205.3.txt,34,LateTo2Opt,1002804,3400,0,NaN,NaN,NaN,NaN,607.000499999999,1054.2669,NaN,NaN,2100,22,0,0,0
rc_205.3.txt,34,LateToVND,1002804,3400,0,NaN,NaN,NaN,NaN,607.000499999999,1054.2669,NaN,NaN,2100,22,0,0,0
rc_205.3.txt,34,LateOnly,1002805,3400,0,NaN,NaN,NaN,NaN,306.5523,1044.0461,NaN,NaN,2100,22,0,0,0
rc_205.3.txt,34,LateTo2Opt,1002805,3400,0,NaN,NaN,NaN,NaN,306.5523,1044.0461,NaN,NaN,2100,22,0,0,0
rc_205.3.txt,34,LateToVND,1002805,3400,0,NaN,NaN,NaN,NaN,306.5523,1044.0461,NaN,NaN,2100,22,0,0,0
rc_205.3.txt,34,LateOnly,1002806,3400,0,NaN,NaN,NaN,NaN,1730.8152,1117.7573,NaN,NaN,2100,18,0,0,0
rc_205.3.txt,34,LateTo2Opt,1002806,3400,0,NaN,NaN,NaN,NaN,1730.8152,1117.7573,NaN,NaN,2100,18,0,0,0
rc_205.3.txt,34,LateToVND,1002806,3400,0,NaN,NaN,NaN,NaN,1730.8152,1117.7573,NaN,NaN,2100,18,0,0,0
rc_205.3.txt,34,LateOnly,1002807,3400,0,NaN,NaN,NaN,NaN,1240.3022,1152.7422,NaN,NaN,2100,27,0,0,0
rc_205.3.txt,34,LateTo2Opt,1002807,3400,0,NaN,NaN,NaN,NaN,1240.3022,1152.7422,NaN,NaN,2100,27,0,0,0
rc_205.3.txt,34,LateToVND,1002807,3400,0,NaN,NaN,NaN,NaN,1240.3022,1152.7422,NaN,NaN,2100,27,0,0,0
rc_205.3.txt,34,LateOnly,1002808,3400,0,NaN,NaN,NaN,NaN,690.934400000001,1073.358,NaN,NaN,2100,21,0,0,0
rc_205.3.txt,34,LateTo2Opt,1002808,3400,0,NaN,NaN,NaN,NaN,690.934400000001,1073.358,NaN,NaN,2100,21,0,0,0
rc_205.3.txt,34,LateToVND,1002808,3400,0,NaN,NaN,NaN,NaN,690.934400000001,1073.358,NaN,NaN,2100,21,0,0,0
rc_205.3.txt,34,LateOnly,1002809,3400,0,NaN,NaN,NaN,NaN,1551.9271,1181.1736,NaN,NaN,2100,23,0,0,0
rc_205.3.txt,34,LateTo2Opt,1002809,3400,0,NaN,NaN,NaN,NaN,1551.9271,1181.1736,NaN,NaN,2100,23,0,0,0
rc_205.3.txt,34,LateToVND,1002809,3400,0,NaN,NaN,NaN,NaN,1551.9271,1181.1736,NaN,NaN,2100,23,0,0,0
rc_205.3.txt,34,LateOnly,1002810,3400,0,NaN,NaN,NaN,NaN,1738.0256,1176.5448,NaN,NaN,2100,19,0,0,0
rc_205.3.txt,34,LateTo2Opt,1002810,3400,0,NaN,NaN,NaN,NaN,1738.0256,1176.5448,NaN,NaN,2100,19,0,0,0
rc_205.3.txt,34,LateToVND,1002810,3400,0,NaN,NaN,NaN,NaN,1738.0256,1176.5448,NaN,NaN,2100,19,0,0,0
rc_205.4.txt,27,LateOnly,1002901,2700,0,NaN,NaN,NaN,NaN,6.25839999999994,836.0293,NaN,NaN,1508,18,0,0,0
rc_205.4.txt,27,LateTo2Opt,1002901,2700,0,NaN,NaN,NaN,NaN,6.25839999999994,836.0293,NaN,NaN,1508,18,0,0,0
rc_205.4.txt,27,LateToVND,1002901,2700,0,NaN,NaN,NaN,NaN,6.25839999999994,836.0293,NaN,NaN,1508,18,0,0,0
rc_205.4.txt,27,LateOnly,1002902,2700,1,2567,2570,24.4298000000001,0.187921538461539,0,791.1072,815.537,0.0402871908162058,1508,23,0,0,0
rc_205.4.txt,27,LateTo2Opt,1002902,2700,1,2567,2570,22.4074000000001,0.172364615384616,0,793.1296,815.537,0.0429465988138915,1430,21,2,0,0
rc_205.4.txt,27,LateToVND,1002902,2700,1,2567,2570,38.5949000000002,0.296883846153847,0,776.9421,815.537,0.0216604205294094,1430,21,2,0,0
rc_205.4.txt,27,LateOnly,1002903,2700,0,NaN,NaN,NaN,NaN,551.507500000001,831.8483,NaN,NaN,1508,19,0,0,0
rc_205.4.txt,27,LateTo2Opt,1002903,2700,0,NaN,NaN,NaN,NaN,551.507500000001,831.8483,NaN,NaN,1508,19,0,0,0
rc_205.4.txt,27,LateToVND,1002903,2700,0,NaN,NaN,NaN,NaN,551.507500000001,831.8483,NaN,NaN,1508,19,0,0,0
rc_205.4.txt,27,LateOnly,1002904,2700,0,NaN,NaN,NaN,NaN,15.2855,840.8355,NaN,NaN,1508,25,0,0,0
rc_205.4.txt,27,LateTo2Opt,1002904,2700,0,NaN,NaN,NaN,NaN,15.2855,840.8355,NaN,NaN,1508,25,0,0,0
rc_205.4.txt,27,LateToVND,1002904,2700,0,NaN,NaN,NaN,NaN,15.2855,840.8355,NaN,NaN,1508,25,0,0,0
rc_205.4.txt,27,LateOnly,1002905,2700,0,NaN,NaN,NaN,NaN,103.1771,802.6612,NaN,NaN,1508,17,0,0,0
rc_205.4.txt,27,LateTo2Opt,1002905,2700,0,NaN,NaN,NaN,NaN,103.1771,802.6612,NaN,NaN,1508,17,0,0,0
rc_205.4.txt,27,LateToVND,1002905,2700,0,NaN,NaN,NaN,NaN,103.1771,802.6612,NaN,NaN,1508,17,0,0,0
rc_205.4.txt,27,LateOnly,1002906,2700,0,NaN,NaN,NaN,NaN,29.5632000000001,843.1023,NaN,NaN,1508,18,0,0,0
rc_205.4.txt,27,LateTo2Opt,1002906,2700,0,NaN,NaN,NaN,NaN,29.5632000000001,843.1023,NaN,NaN,1508,18,0,0,0
rc_205.4.txt,27,LateToVND,1002906,2700,0,NaN,NaN,NaN,NaN,29.5632000000001,843.1023,NaN,NaN,1508,18,0,0,0
rc_205.4.txt,27,LateOnly,1002907,2700,0,NaN,NaN,NaN,NaN,93.1399000000001,859.2491,NaN,NaN,1508,18,0,0,0
rc_205.4.txt,27,LateTo2Opt,1002907,2700,0,NaN,NaN,NaN,NaN,93.1399000000001,859.2491,NaN,NaN,1508,18,0,0,0
rc_205.4.txt,27,LateToVND,1002907,2700,0,NaN,NaN,NaN,NaN,93.1399000000001,859.2491,NaN,NaN,1508,18,0,0,0
rc_205.4.txt,27,LateOnly,1002908,2700,1,831,868,43.6411000000001,0.0238215611353712,0,789.8,833.4411,0.0385682538430182,1508,20,0,0,0
rc_205.4.txt,27,LateTo2Opt,1002908,2700,1,831,868,64.0597000000001,0.0349670851528385,0,769.3814,833.4411,0.0117182794850552,468,18,8,0,0
rc_205.4.txt,27,LateToVND,1002908,2700,1,831,868,68.0597000000001,0.0371504912663756,0,765.3814,833.4411,0.00645837442634155,468,18,5,2,2
rc_205.4.txt,27,LateOnly,1002909,2700,0,NaN,NaN,NaN,NaN,224.9983,838.4827,NaN,NaN,1508,21,0,0,0
rc_205.4.txt,27,LateTo2Opt,1002909,2700,0,NaN,NaN,NaN,NaN,224.9983,838.4827,NaN,NaN,1508,21,0,0,0
rc_205.4.txt,27,LateToVND,1002909,2700,0,NaN,NaN,NaN,NaN,224.9983,838.4827,NaN,NaN,1508,21,0,0,0
rc_205.4.txt,27,LateOnly,1002910,2700,0,NaN,NaN,NaN,NaN,9.84869999999995,869.3639,NaN,NaN,1508,18,0,0,0
rc_205.4.txt,27,LateTo2Opt,1002910,2700,0,NaN,NaN,NaN,NaN,9.84869999999995,869.3639,NaN,NaN,1508,18,0,0,0
rc_205.4.txt,27,LateToVND,1002910,2700,0,NaN,NaN,NaN,NaN,9.84869999999995,869.3639,NaN,NaN,1508,18,0,0,0
rc_206.1.txt,3,LateOnly,1003001,300,1,1,40,0,0,0,117.8479,125.2474,-1.78192617734294e-05,24,0,0,0,0
rc_206.1.txt,3,LateTo2Opt,1003001,300,1,1,40,0,0,0,117.8479,125.2474,-1.78192617734294e-05,0,0,0,0,0
rc_206.1.txt,3,LateToVND,1003001,300,1,1,40,0,0,0,117.8479,125.2474,-1.78192617734294e-05,0,0,0,0,0
rc_206.1.txt,3,LateOnly,1003002,300,1,1,40,0,0,0,117.8479,125.2474,-1.78192617734294e-05,24,0,0,0,0
rc_206.1.txt,3,LateTo2Opt,1003002,300,1,1,40,0,0,0,117.8479,125.2474,-1.78192617734294e-05,0,0,0,0,0
rc_206.1.txt,3,LateToVND,1003002,300,1,1,40,0,0,0,117.8479,125.2474,-1.78192617734294e-05,0,0,0,0,0
rc_206.1.txt,3,LateOnly,1003003,300,1,1,40,0,0,0,117.8479,118.6237,-1.78192617733088e-05,24,0,0,0,0
rc_206.1.txt,3,LateTo2Opt,1003003,300,1,1,40,0,0,0,117.8479,118.6237,-1.78192617733088e-05,0,0,0,0,0
rc_206.1.txt,3,LateToVND,1003003,300,1,1,40,0,0,0,117.8479,118.6237,-1.78192617733088e-05,0,0,0,0,0
rc_206.1.txt,3,LateOnly,1003004,300,1,1,40,0,0,0,117.8479,117.8479,-1.78192617734294e-05,24,0,0,0,0
rc_206.1.txt,3,LateTo2Opt,1003004,300,1,1,40,0,0,0,117.8479,117.8479,-1.78192617734294e-05,0,0,0,0,0
rc_206.1.txt,3,LateToVND,1003004,300,1,1,40,0,0,0,117.8479,117.8479,-1.78192617734294e-05,0,0,0,0,0
rc_206.1.txt,3,LateOnly,1003005,300,1,1,40,0,0,0,117.8479,117.8479,-1.78192617734294e-05,24,0,0,0,0
rc_206.1.txt,3,LateTo2Opt,1003005,300,1,1,40,0,0,0,117.8479,117.8479,-1.78192617734294e-05,0,0,0,0,0
rc_206.1.txt,3,LateToVND,1003005,300,1,1,40,0,0,0,117.8479,117.8479,-1.78192617734294e-05,0,0,0,0,0
rc_206.1.txt,3,LateOnly,1003006,300,1,1,40,0,0,0,117.8479,118.6237,-1.78192617734294e-05,24,0,0,0,0
rc_206.1.txt,3,LateTo2Opt,1003006,300,1,1,40,0,0,0,117.8479,118.6237,-1.78192617734294e-05,0,0,0,0,0
rc_206.1.txt,3,LateToVND,1003006,300,1,1,40,0,0,0,117.8479,118.6237,-1.78192617734294e-05,0,0,0,0,0
rc_206.1.txt,3,LateOnly,1003007,300,1,1,40,0,0,0,117.8479,117.8479,-1.78192617733088e-05,24,0,0,0,0
rc_206.1.txt,3,LateTo2Opt,1003007,300,1,1,40,0,0,0,117.8479,117.8479,-1.78192617733088e-05,0,0,0,0,0
rc_206.1.txt,3,LateToVND,1003007,300,1,1,40,0,0,0,117.8479,117.8479,-1.78192617733088e-05,0,0,0,0,0
rc_206.1.txt,3,LateOnly,1003008,300,1,1,40,0,0,0,117.8479,118.6237,-1.78192617733088e-05,24,0,0,0,0
rc_206.1.txt,3,LateTo2Opt,1003008,300,1,1,40,0,0,0,117.8479,118.6237,-1.78192617733088e-05,0,0,0,0,0
rc_206.1.txt,3,LateToVND,1003008,300,1,1,40,0,0,0,117.8479,118.6237,-1.78192617733088e-05,0,0,0,0,0
rc_206.1.txt,3,LateOnly,1003009,300,1,1,40,0,0,0,117.8479,125.2474,-1.78192617733088e-05,24,0,0,0,0
rc_206.1.txt,3,LateTo2Opt,1003009,300,1,1,40,0,0,0,117.8479,125.2474,-1.78192617733088e-05,0,0,0,0,0
rc_206.1.txt,3,LateToVND,1003009,300,1,1,40,0,0,0,117.8479,125.2474,-1.78192617733088e-05,0,0,0,0,0
rc_206.1.txt,3,LateOnly,1003010,300,1,1,40,0,0,0,117.8479,117.8479,-1.78192617733088e-05,24,0,0,0,0
rc_206.1.txt,3,LateTo2Opt,1003010,300,1,1,40,0,0,0,117.8479,117.8479,-1.78192617733088e-05,0,0,0,0,0
rc_206.1.txt,3,LateToVND,1003010,300,1,1,40,0,0,0,117.8479,117.8479,-1.78192617733088e-05,0,0,0,0,0
rc_206.2.txt,36,LateOnly,1003101,3600,0,NaN,NaN,NaN,NaN,478.721399999999,1049.535,NaN,NaN,2275,23,0,0,0
rc_206.2.txt,36,LateTo2Opt,1003101,3600,0,NaN,NaN,NaN,NaN,478.721399999999,1049.535,NaN,NaN,2275,23,0,0,0
rc_206.2.txt,36,LateToVND,1003101,3600,0,NaN,NaN,NaN,NaN,478.721399999999,1049.535,NaN,NaN,2275,23,0,0,0
rc_206.2.txt,36,LateOnly,1003102,3600,0,NaN,NaN,NaN,NaN,435.7257,991.0072,NaN,NaN,2275,21,0,0,0
rc_206.2.txt,36,LateTo2Opt,1003102,3600,0,NaN,NaN,NaN,NaN,435.7257,991.0072,NaN,NaN,2275,21,0,0,0
rc_206.2.txt,36,LateToVND,1003102,3600,0,NaN,NaN,NaN,NaN,435.7257,991.0072,NaN,NaN,2275,21,0,0,0
rc_206.2.txt,36,LateOnly,1003103,3600,0,NaN,NaN,NaN,NaN,35.8757999999999,910.2983,NaN,NaN,2275,29,0,0,0
rc_206.2.txt,36,LateTo2Opt,1003103,3600,0,NaN,NaN,NaN,NaN,35.8757999999999,910.2983,NaN,NaN,2275,29,0,0,0
rc_206.2.txt,36,LateToVND,1003103,3600,0,NaN,NaN,NaN,NaN,35.8757999999999,910.2983,NaN,NaN,2275,29,0,0,0
rc_206.2.txt,36,LateOnly,1003104,3600,0,NaN,NaN,NaN,NaN,178.7265,1008.8205,NaN,NaN,2275,30,0,0,0
rc_206.2.txt,36,LateTo2Opt,1003104,3600,0,NaN,NaN,NaN,NaN,178.7265,1008.8205,NaN,NaN,2275,30,0,0,0
rc_206.2.txt,36,LateToVND,1003104,3600,0,NaN,NaN,NaN,NaN,178.7265,1008.8205,NaN,NaN,2275,30,0,0,0
rc_206.2.txt,36,LateOnly,1003105,3600,1,3007,3010,2.2338000000002,0.0037861016949156,0,945.7083,947.9421,0.142077023404101,2275,26,0,0,0
rc_206.2.txt,36,LateTo2Opt,1003105,3600,1,3007,3010,25.6473000000003,0.0434700000000005,0,922.2948,947.9421,0.113801898413158,1890,26,3,0,0
rc_206.2.txt,36,LateToVND,1003105,3600,1,3007,3010,95.0602000000001,0.161118983050848,0,852.8819,947.9421,0.0299759679250298,1890,26,1,3,1
rc_206.2.txt,36,LateOnly,1003106,3600,0,NaN,NaN,NaN,NaN,475.555,1014.7711,NaN,NaN,2275,19,0,0,0
rc_206.2.txt,36,LateTo2Opt,1003106,3600,0,NaN,NaN,NaN,NaN,475.555,1014.7711,NaN,NaN,2275,19,0,0,0
rc_206.2.txt,36,LateToVND,1003106,3600,0,NaN,NaN,NaN,NaN,475.555,1014.7711,NaN,NaN,2275,19,0,0,0
rc_206.2.txt,36,LateOnly,1003107,3600,0,NaN,NaN,NaN,NaN,295.266399999999,1019.5431,NaN,NaN,2275,27,0,0,0
rc_206.2.txt,36,LateTo2Opt,1003107,3600,0,NaN,NaN,NaN,NaN,295.266399999999,1019.5431,NaN,NaN,2275,27,0,0,0
rc_206.2.txt,36,LateToVND,1003107,3600,0,NaN,NaN,NaN,NaN,295.266399999999,1019.5431,NaN,NaN,2275,27,0,0,0
rc_206.2.txt,36,LateOnly,1003108,3600,0,NaN,NaN,NaN,NaN,930.730900000001,1078.3704,NaN,NaN,2275,22,0,0,0
rc_206.2.txt,36,LateTo2Opt,1003108,3600,0,NaN,NaN,NaN,NaN,930.730900000001,1078.3704,NaN,NaN,2275,22,0,0,0
rc_206.2.txt,36,LateToVND,1003108,3600,0,NaN,NaN,NaN,NaN,930.730900000001,1078.3704,NaN,NaN,2275,22,0,0,0
rc_206.2.txt,36,LateOnly,1003109,3600,0,NaN,NaN,NaN,NaN,325.065199999999,1010.6412,NaN,NaN,2275,19,0,0,0
rc_206.2.txt,36,LateTo2Opt,1003109,3600,0,NaN,NaN,NaN,NaN,325.065199999999,1010.6412,NaN,NaN,2275,19,0,0,0
rc_206.2.txt,36,LateToVND,1003109,3600,0,NaN,NaN,NaN,NaN,325.065199999999,1010.6412,NaN,NaN,2275,19,0,0,0
rc_206.2.txt,36,LateOnly,1003110,3600,0,NaN,NaN,NaN,NaN,219.987299999999,913.711,NaN,NaN,2275,33,0,0,0
rc_206.2.txt,36,LateTo2Opt,1003110,3600,0,NaN,NaN,NaN,NaN,219.987299999999,913.711,NaN,NaN,2275,33,0,0,0
rc_206.2.txt,36,LateToVND,1003110,3600,0,NaN,NaN,NaN,NaN,219.987299999999,913.711,NaN,NaN,2275,33,0,0,0
rc_206.3.txt,24,LateOnly,1003201,2400,1,688,728,113.3865,0.0678148923444976,0,647.4296,765.2288,0.127101424045124,1265,25,0,0,0
rc_206.3.txt,24,LateTo2Opt,1003201,2400,1,688,728,79.9098,0.0477929425837321,0,680.9063,765.2288,0.185380557780022,368,16,4,0,0
rc_206.3.txt,24,LateToVND,1003201,2400,1,688,728,79.9098,0.0477929425837321,0,680.9063,765.2288,0.185380557780022,368,16,4,4,1
rc_206.3.txt,24,LateOnly,1003202,2400,1,485,513,16.4473,0.00871611022787496,0,701.5538,718.0011,0.221325510950176,1265,15,0,0,0
rc_206.3.txt,24,LateTo2Opt,1003202,2400,1,485,513,97.5441999999999,0.0516927397986221,0,620.4569,718.0011,0.0801450158420671,253,11,11,0,0
rc_206.3.txt,24,LateToVND,1003202,2400,1,485,513,78.9097,0.0418175410704823,0,639.0914,718.0011,0.112585564569479,253,11,2,6,3
rc_206.3.txt,24,LateOnly,1003203,2400,0,NaN,NaN,NaN,NaN,814.3527,833.5744,NaN,NaN,1265,10,0,0,0
rc_206.3.txt,24,LateTo2Opt,1003203,2400,0,NaN,NaN,NaN,NaN,814.3527,833.5744,NaN,NaN,1265,10,0,0,0
rc_206.3.txt,24,LateToVND,1003203,2400,0,NaN,NaN,NaN,NaN,814.3527,833.5744,NaN,NaN,1265,10,0,0,0
rc_206.3.txt,24,LateOnly,1003204,2400,1,738,771,85.148,0.0522701043585022,0,649.025,734.173,0.129878834302427,1265,22,0,0,0
rc_206.3.txt,24,LateTo2Opt,1003204,2400,1,738,771,135.045,0.0829005524861878,0,599.128,734.173,0.0430138226384877,391,17,13,0,0
rc_206.3.txt,24,LateToVND,1003204,2400,1,738,771,135.0213,0.0828860036832413,0,599.1517,734.173,0.0430550816475748,391,17,6,7,0
rc_206.3.txt,24,LateOnly,1003205,2400,1,385,427,202.8102,0.102792802838317,0,590.8471,795.5554,0.0285977159569655,1265,22,0,0,0
rc_206.3.txt,24,LateTo2Opt,1003205,2400,1,385,427,219.2392,0.111119716168272,0,574.4181,795.5554,-3.30768427279309e-06,207,9,16,0,0
rc_206.3.txt,24,LateToVND,1003205,2400,1,385,427,208.4143,0.105633198175367,0,585.243,795.5554,0.0188416141499251,207,9,9,4,3
rc_206.3.txt,24,LateOnly,1003206,2400,1,602,642,160.4498,0.0912683731513082,0,622.1425,808.5037,0.0830794540580067,1265,24,0,0,0
rc_206.3.txt,24,LateTo2Opt,1003206,2400,1,602,642,179.0741,0.101862400455063,0,603.5182,808.5037,0.0506566623724803,322,14,13,0,0
rc_206.3.txt,24,LateToVND,1003206,2400,1,602,642,189.9387,0.108042491467577,0,592.6536,808.5037,0.0317426273458445,322,14,6,4,1
rc_206.3.txt,24,LateOnly,1003207,2400,1,687,728,77.2755999999998,0.0462174641148324,0,575.7217,684.0317,0.00226611190418178,1265,19,0,0,0
rc_206.3.txt,24,LateTo2Opt,1003207,2400,1,687,728,38.8915,0.023260466507177,0,614.1058,684.0317,0.0690884718498659,368,16,5,0,0
rc_206.3.txt,24,LateToVND,1003207,2400,1,687,728,53.6214,0.0320702153110048,0,599.3759,684.0317,0.043445388391769,368,16,3,3,5
rc_206.3.txt,24,LateOnly,1003208,2400,1,777,814,134.7344,0.0849523329129886,0,623.9312,758.6656,0.0861933776679084,1265,28,0,0,0
rc_206.3.txt,24,LateTo2Opt,1003208,2400,1,777,814,158.774,0.100109709962169,0,599.8916,758.6656,0.0443431635388741,414,14,10,0,0
rc_206.3.txt,24,LateToVND,1003208,2400,1,777,814,167.3575,0.105521752837326,0,591.3081,758.6656,0.029400264614742,414,14,8,1,4
rc_206.3.txt,24,LateOnly,1003209,2400,1,435,470,79.6710000000002,0.0412803108808291,0,592.365,685.4159,0.031240207513666,1265,18,0,0,0
rc_206.3.txt,24,LateTo2Opt,1003209,2400,1,435,470,77.3855000000001,0.0400961139896374,0,594.6505,685.4159,0.0352190035165909,230,10,8,0,0
rc_206.3.txt,24,LateToVND,1003209,2400,1,435,470,88.3164000000002,0.0457597927461141,0,583.7196,685.4159,0.0161895477176979,230,10,5,6,1
rc_206.3.txt,24,LateOnly,1003210,2400,1,572,599,52.3045999999998,0.0290419766796223,0,678.0412,730.3458,0.180392743985238,1265,18,0,0,0
rc_206.3.txt,24,LateTo2Opt,1003210,2400,1,572,599,39.0644999999998,0.0216904497501387,0,691.2813,730.3458,0.203442254796142,299,13,3,0,0
rc_206.3.txt,24,LateToVND,1003210,2400,1,572,599,52.8396999999999,0.0293390893947806,0,677.5061,730.3458,0.17946119564082,299,13,6,1,1
rc_206.4.txt,37,LateOnly,1003301,3700,0,NaN,NaN,NaN,NaN,297.232699999999,1028.3681,NaN,NaN,2360,26,0,0,0
rc_206.4.txt,37,LateTo2Opt,1003301,3700,0,NaN,NaN,NaN,NaN,297.232699999999,1028.3681,NaN,NaN,2360,26,0,0,0
rc_206.4.txt,37,LateToVND,1003301,3700,0,NaN,NaN,NaN,NaN,297.232699999999,1028.3681,NaN,NaN,2360,26,0,0,0
rc_206.4.txt,37,LateOnly,1003302,3700,0,NaN,NaN,NaN,NaN,1059.6762,1061.1797,NaN,NaN,2360,19,0,0,0
rc_206.4.txt,37,LateTo2Opt,1003302,3700,0,NaN,NaN,NaN,NaN,1059.6762,1061.1797,NaN,NaN,2360,19,0,0,0
rc_206.4.txt,37,LateToVND,1003302,3700,0,NaN,NaN,NaN,NaN,1059.6762,1061.1797,NaN,NaN,2360,19,0,0,0
rc_206.4.txt,37,LateOnly,1003303,3700,0,NaN,NaN,NaN,NaN,620.839899999999,994.6406,NaN,NaN,2360,27,0,0,0
rc_206.4.txt,37,LateTo2Opt,1003303,3700,0,NaN,NaN,NaN,NaN,620.839899999999,994.6406,NaN,NaN,2360,27,0,0,0
rc_206.4.txt,37,LateToVND,1003303,3700,0,NaN,NaN,NaN,NaN,620.839899999999,994.6406,NaN,NaN,2360,27,0,0,0
rc_206.4.txt,37,LateOnly,1003304,3700,0,NaN,NaN,NaN,NaN,513.550199999999,1004.6211,NaN,NaN,2360,33,0,0,0
rc_206.4.txt,37,LateTo2Opt,1003304,3700,0,NaN,NaN,NaN,NaN,513.550199999999,1004.6211,NaN,NaN,2360,33,0,0,0
rc_206.4.txt,37,LateToVND,1003304,3700,0,NaN,NaN,NaN,NaN,513.550199999999,1004.6211,NaN,NaN,2360,33,0,0,0
rc_206.4.txt,37,LateOnly,1003305,3700,0,NaN,NaN,NaN,NaN,456.5567,1059.5677,NaN,NaN,2360,23,0,0,0
rc_206.4.txt,37,LateTo2Opt,1003305,3700,0,NaN,NaN,NaN,NaN,456.5567,1059.5677,NaN,NaN,2360,23,0,0,0
rc_206.4.txt,37,LateToVND,1003305,3700,0,NaN,NaN,NaN,NaN,456.5567,1059.5677,NaN,NaN,2360,23,0,0,0
rc_206.4.txt,37,LateOnly,1003306,3700,0,NaN,NaN,NaN,NaN,72.0375,974.9653,NaN,NaN,2360,32,0,0,0
rc_206.4.txt,37,LateTo2Opt,1003306,3700,0,NaN,NaN,NaN,NaN,72.0375,974.9653,NaN,NaN,2360,32,0,0,0
rc_206.4.txt,37,LateToVND,1003306,3700,0,NaN,NaN,NaN,NaN,72.0375,974.9653,NaN,NaN,2360,32,0,0,0
rc_206.4.txt,37,LateOnly,1003307,3700,0,NaN,NaN,NaN,NaN,301.003700000001,1006.1575,NaN,NaN,2360,25,0,0,0
rc_206.4.txt,37,LateTo2Opt,1003307,3700,0,NaN,NaN,NaN,NaN,301.003700000001,1006.1575,NaN,NaN,2360,25,0,0,0
rc_206.4.txt,37,LateToVND,1003307,3700,0,NaN,NaN,NaN,NaN,301.003700000001,1006.1575,NaN,NaN,2360,25,0,0,0
rc_206.4.txt,37,LateOnly,1003308,3700,0,NaN,NaN,NaN,NaN,945.0371,1000.5106,NaN,NaN,2360,24,0,0,0
rc_206.4.txt,37,LateTo2Opt,1003308,3700,0,NaN,NaN,NaN,NaN,945.0371,1000.5106,NaN,NaN,2360,24,0,0,0
rc_206.4.txt,37,LateToVND,1003308,3700,0,NaN,NaN,NaN,NaN,945.0371,1000.5106,NaN,NaN,2360,24,0,0,0
rc_206.4.txt,37,LateOnly,1003309,3700,0,NaN,NaN,NaN,NaN,684.1874,989.165,NaN,NaN,2360,24,0,0,0
rc_206.4.txt,37,LateTo2Opt,1003309,3700,0,NaN,NaN,NaN,NaN,684.1874,989.165,NaN,NaN,2360,24,0,0,0
rc_206.4.txt,37,LateToVND,1003309,3700,0,NaN,NaN,NaN,NaN,684.1874,989.165,NaN,NaN,2360,24,0,0,0
rc_206.4.txt,37,LateOnly,1003310,3700,0,NaN,NaN,NaN,NaN,763.388599999999,1039.7783,NaN,NaN,2360,24,0,0,0
rc_206.4.txt,37,LateTo2Opt,1003310,3700,0,NaN,NaN,NaN,NaN,763.388599999999,1039.7783,NaN,NaN,2360,24,0,0,0
rc_206.4.txt,37,LateToVND,1003310,3700,0,NaN,NaN,NaN,NaN,763.388599999999,1039.7783,NaN,NaN,2360,24,0,0,0
rc_207.1.txt,33,LateOnly,1003401,3300,0,NaN,NaN,NaN,NaN,89.239,968.8325,NaN,NaN,2016,15,0,0,0
rc_207.1.txt,33,LateTo2Opt,1003401,3300,0,NaN,NaN,NaN,NaN,89.239,968.8325,NaN,NaN,2016,15,0,0,0
rc_207.1.txt,33,LateToVND,1003401,3300,0,NaN,NaN,NaN,NaN,89.239,968.8325,NaN,NaN,2016,15,0,0,0
rc_207.1.txt,33,LateOnly,1003402,3300,0,NaN,NaN,NaN,NaN,54.7592000000004,979.9147,NaN,NaN,2016,19,0,0,0
rc_207.1.txt,33,LateTo2Opt,1003402,3300,0,NaN,NaN,NaN,NaN,54.7592000000004,979.9147,NaN,NaN,2016,19,0,0,0
rc_207.1.txt,33,LateToVND,1003402,3300,0,NaN,NaN,NaN,NaN,54.7592000000004,979.9147,NaN,NaN,2016,19,0,0,0
rc_207.1.txt,33,LateOnly,1003403,3300,0,NaN,NaN,NaN,NaN,23.7929,901.6692,NaN,NaN,2016,27,0,0,0
rc_207.1.txt,33,LateTo2Opt,1003403,3300,0,NaN,NaN,NaN,NaN,23.7929,901.6692,NaN,NaN,2016,27,0,0,0
rc_207.1.txt,33,LateToVND,1003403,3300,0,NaN,NaN,NaN,NaN,23.7929,901.6692,NaN,NaN,2016,27,0,0,0
rc_207.1.txt,33,LateOnly,1003404,3300,1,2256,2276,71.0200999999998,0.0693555664062498,0,864.9567,935.9768,0.180538161270951,2016,39,0,0,0
rc_207.1.txt,33,LateTo2Opt,1003404,3300,1,2256,2276,90.1236,0.088011328125,0,845.8532,935.9768,0.154464704918928,1376,28,6,0,0
rc_207.1.txt,33,LateToVND,1003404,3300,1,2256,2276,79.2517999999999,0.0773943359374999,0,856.725,935.9768,0.169303106403887,1376,28,3,2,2
rc_207.1.txt,33,LateOnly,1003405,3300,0,NaN,NaN,NaN,NaN,34.1344000000003,960.078,NaN,NaN,2016,16,0,0,0
rc_207.1.txt,33,LateTo2Opt,1003405,3300,0,NaN,NaN,NaN,NaN,34.1344000000003,960.078,NaN,NaN,2016,16,0,0,0
rc_207.1.txt,33,LateToVND,1003405,3300,0,NaN,NaN,NaN,NaN,34.1344000000003,960.078,NaN,NaN,2016,16,0,0,0
rc_207.1.txt,33,LateOnly,1003406,3300,0,NaN,NaN,NaN,NaN,6.67099999999994,928.2171,NaN,NaN,2016,22,0,0,0
rc_207.1.txt,33,LateTo2Opt,1003406,3300,0,NaN,NaN,NaN,NaN,6.67099999999994,928.2171,NaN,NaN,2016,22,0,0,0
rc_207.1.txt,33,LateToVND,1003406,3300,0,NaN,NaN,NaN,NaN,6.67099999999994,928.2171,NaN,NaN,2016,22,0,0,0
rc_207.1.txt,33,LateOnly,1003407,3300,0,NaN,NaN,NaN,NaN,231.9369,1035.39,NaN,NaN,2016,21,0,0,0
rc_207.1.txt,33,LateTo2Opt,1003407,3300,0,NaN,NaN,NaN,NaN,231.9369,1035.39,NaN,NaN,2016,21,0,0,0
rc_207.1.txt,33,LateToVND,1003407,3300,0,NaN,NaN,NaN,NaN,231.9369,1035.39,NaN,NaN,2016,21,0,0,0
rc_207.1.txt,33,LateOnly,1003408,3300,0,NaN,NaN,NaN,NaN,27.7592000000001,984.2888,NaN,NaN,2016,20,0,0,0
rc_207.1.txt,33,LateTo2Opt,1003408,3300,0,NaN,NaN,NaN,NaN,27.7592000000001,984.2888,NaN,NaN,2016,20,0,0,0
rc_207.1.txt,33,LateToVND,1003408,3300,0,NaN,NaN,NaN,NaN,27.7592000000001,984.2888,NaN,NaN,2016,20,0,0,0
rc_207.1.txt,33,LateOnly,1003409,3300,0,NaN,NaN,NaN,NaN,187.4894,1001.3274,NaN,NaN,2016,18,0,0,0
rc_207.1.txt,33,LateTo2Opt,1003409,3300,0,NaN,NaN,NaN,NaN,187.4894,1001.3274,NaN,NaN,2016,18,0,0,0
rc_207.1.txt,33,LateToVND,1003409,3300,0,NaN,NaN,NaN,NaN,187.4894,1001.3274,NaN,NaN,2016,18,0,0,0
rc_207.1.txt,33,LateOnly,1003410,3300,0,NaN,NaN,NaN,NaN,510.280199999999,970.3857,NaN,NaN,2016,18,0,0,0
rc_207.1.txt,33,LateTo2Opt,1003410,3300,0,NaN,NaN,NaN,NaN,510.280199999999,970.3857,NaN,NaN,2016,18,0,0,0
rc_207.1.txt,33,LateToVND,1003410,3300,0,NaN,NaN,NaN,NaN,510.280199999999,970.3857,NaN,NaN,2016,18,0,0,0
rc_207.2.txt,30,LateOnly,1003501,3000,0,NaN,NaN,NaN,NaN,166.3649,850.8403,NaN,NaN,1760,15,0,0,0
rc_207.2.txt,30,LateTo2Opt,1003501,3000,0,NaN,NaN,NaN,NaN,166.3649,850.8403,NaN,NaN,1760,15,0,0,0
rc_207.2.txt,30,LateToVND,1003501,3000,0,NaN,NaN,NaN,NaN,166.3649,850.8403,NaN,NaN,1760,15,0,0,0
rc_207.2.txt,30,LateOnly,1003502,3000,1,2304,2343,49.8070600000002,0.0758098325722986,0,809.40684,859.2139,0.154234352941176,1760,32,0,0,0
rc_207.2.txt,30,LateTo2Opt,1003502,3000,1,2304,2343,36.1137000000002,0.0549675799086761,0,823.1002,859.2139,0.173761426024955,1363,24,3,0,0
rc_207.2.txt,30,LateToVND,1003502,3000,1,2304,2343,25.4172000000003,0.0386867579908681,0,833.7967,859.2139,0.189014901960784,1363,24,2,1,0
rc_207.2.txt,30,LateOnly,1003503,3000,0,NaN,NaN,NaN,NaN,14.872,862.78314,NaN,NaN,1760,18,0,0,0
rc_207.2.txt,30,LateTo2Opt,1003503,3000,0,NaN,NaN,NaN,NaN,14.872,862.78314,NaN,NaN,1760,18,0,0,0
rc_207.2.txt,30,LateToVND,1003503,3000,0,NaN,NaN,NaN,NaN,14.872,862.78314,NaN,NaN,1760,18,0,0,0
rc_207.2.txt,30,LateOnly,1003504,3000,0,NaN,NaN,NaN,NaN,18.2957000000001,849.85244,NaN,NaN,1760,17,0,0,0
rc_207.2.txt,30,LateTo2Opt,1003504,3000,0,NaN,NaN,NaN,NaN,18.2957000000001,849.85244,NaN,NaN,1760,17,0,0,0
rc_207.2.txt,30,LateToVND,1003504,3000,0,NaN,NaN,NaN,NaN,18.2957000000001,849.85244,NaN,NaN,1760,17,0,0,0
rc_207.2.txt,30,LateOnly,1003505,3000,0,NaN,NaN,NaN,NaN,154.2322,885.01,NaN,NaN,1760,18,0,0,0
rc_207.2.txt,30,LateTo2Opt,1003505,3000,0,NaN,NaN,NaN,NaN,154.2322,885.01,NaN,NaN,1760,18,0,0,0
rc_207.2.txt,30,LateToVND,1003505,3000,0,NaN,NaN,NaN,NaN,154.2322,885.01,NaN,NaN,1760,18,0,0,0
rc_207.2.txt,30,LateOnly,1003506,3000,0,NaN,NaN,NaN,NaN,401.769,872.8021,NaN,NaN,1760,19,0,0,0
rc_207.2.txt,30,LateTo2Opt,1003506,3000,0,NaN,NaN,NaN,NaN,401.769,872.8021,NaN,NaN,1760,19,0,0,0
rc_207.2.txt,30,LateToVND,1003506,3000,0,NaN,NaN,NaN,NaN,401.769,872.8021,NaN,NaN,1760,19,0,0,0
rc_207.2.txt,30,LateOnly,1003507,3000,0,NaN,NaN,NaN,NaN,9.97440000000006,877.58894,NaN,NaN,1760,16,0,0,0
rc_207.2.txt,30,LateTo2Opt,1003507,3000,0,NaN,NaN,NaN,NaN,9.97440000000006,877.58894,NaN,NaN,1760,16,0,0,0
rc_207.2.txt,30,LateToVND,1003507,3000,0,NaN,NaN,NaN,NaN,9.97440000000006,877.58894,NaN,NaN,1760,16,0,0,0
rc_207.2.txt,30,LateOnly,1003508,3000,0,NaN,NaN,NaN,NaN,7.87819999999999,857.97964,NaN,NaN,1760,23,0,0,0
rc_207.2.txt,30,LateTo2Opt,1003508,3000,0,NaN,NaN,NaN,NaN,7.87819999999999,857.97964,NaN,NaN,1760,23,0,0,0
rc_207.2.txt,30,LateToVND,1003508,3000,0,NaN,NaN,NaN,NaN,7.87819999999999,857.97964,NaN,NaN,1760,23,0,0,0
rc_207.2.txt,30,LateOnly,1003509,3000,0,NaN,NaN,NaN,NaN,227.6588,873.40724,NaN,NaN,1760,21,0,0,0
rc_207.2.txt,30,LateTo2Opt,1003509,3000,0,NaN,NaN,NaN,NaN,227.6588,873.40724,NaN,NaN,1760,21,0,0,0
rc_207.2.txt,30,LateToVND,1003509,3000,0,NaN,NaN,NaN,NaN,227.6588,873.40724,NaN,NaN,1760,21,0,0,0
rc_207.2.txt,30,LateOnly,1003510,3000,0,NaN,NaN,NaN,NaN,154.6463,955.7329,NaN,NaN,1760,13,0,0,0
rc_207.2.txt,30,LateTo2Opt,1003510,3000,0,NaN,NaN,NaN,NaN,154.6463,955.7329,NaN,NaN,1760,13,0,0,0
rc_207.2.txt,30,LateToVND,1003510,3000,0,NaN,NaN,NaN,NaN,154.6463,955.7329,NaN,NaN,1760,13,0,0,0
rc_207.3.txt,32,LateOnly,1003601,3200,0,NaN,NaN,NaN,NaN,27.8923999999997,982.1679,NaN,NaN,1922,23,0,0,0
rc_207.3.txt,32,LateTo2Opt,1003601,3200,0,NaN,NaN,NaN,NaN,27.8923999999997,982.1679,NaN,NaN,1922,23,0,0,0
rc_207.3.txt,32,LateToVND,1003601,3200,0,NaN,NaN,NaN,NaN,27.8923999999997,982.1679,NaN,NaN,1922,23,0,0,0
rc_207.3.txt,32,LateOnly,1003602,3200,0,NaN,NaN,NaN,NaN,788.335399999999,1012.5118,NaN,NaN,1922,9,0,0,0
rc_207.3.txt,32,LateTo2Opt,1003602,3200,0,NaN,NaN,NaN,NaN,788.335399999999,1012.5118,NaN,NaN,1922,9,0,0,0
rc_207.3.txt,32,LateToVND,1003602,3200,0,NaN,NaN,NaN,NaN,788.335399999999,1012.5118,NaN,NaN,1922,9,0,0,0
rc_207.3.txt,32,LateOnly,1003603,3200,1,1139,1162,129.5925,0.0635880765456329,0,743.9736,873.5661,0.0902309495896837,1922,34,0,0,0
rc_207.3.txt,32,LateTo2Opt,1003603,3200,1,1139,1162,117.9147,0.0578580471050049,0,755.6514,873.5661,0.107343786635404,682,22,17,0,0
rc_207.3.txt,32,LateToVND,1003603,3200,1,1139,1162,147.6992,0.072472620215898,0,725.8669,873.5661,0.0636970984759672,682,22,16,2,2
rc_207.3.txt,32,LateOnly,1003604,3200,0,NaN,NaN,NaN,NaN,155.1371,944.0985,NaN,NaN,1922,20,0,0,0
rc_207.3.txt,32,LateTo2Opt,1003604,3200,0,NaN,NaN,NaN,NaN,155.1371,944.0985,NaN,NaN,1922,20,0,0,0
rc_207.3.txt,32,LateToVND,1003604,3200,0,NaN,NaN,NaN,NaN,155.1371,944.0985,NaN,NaN,1922,20,0,0,0
rc_207.3.txt,32,LateOnly,1003605,3200,1,2084,2131,55.4842000000001,0.0519028999064547,0,877.3041,932.7883,0.28561562133646,1922,26,0,0,0
rc_207.3.txt,32,LateTo2Opt,1003605,3200,1,2084,2131,98.2109,0.0918717492984098,0,834.5774,932.7883,0.223003223915592,1271,23,6,0,0
rc_207.3.txt,32,LateToVND,1003605,3200,1,2084,2131,178.7464,0.167208980355472,0,754.0419,932.7883,0.1049851992966,1271,23,7,2,1
rc_207.3.txt,32,LateOnly,1003606,3200,0,NaN,NaN,NaN,NaN,350.985200000001,960.98,NaN,NaN,1922,19,0,0,0
rc_207.3.txt,32,LateTo2Opt,1003606,3200,0,NaN,NaN,NaN,NaN,350.985200000001,960.98,NaN,NaN,1922,19,0,0,0
rc_207.3.txt,32,LateToVND,1003606,3200,0,NaN,NaN,NaN,NaN,350.985200000001,960.98,NaN,NaN,1922,19,0,0,0
rc_207.3.txt,32,LateOnly,1003607,3200,0,NaN,NaN,NaN,NaN,11.3474,840.3201,NaN,NaN,1922,19,0,0,0
rc_207.3.txt,32,LateTo2Opt,1003607,3200,0,NaN,NaN,NaN,NaN,11.3474,840.3201,NaN,NaN,1922,19,0,0,0
rc_207.3.txt,32,LateToVND,1003607,3200,0,NaN,NaN,NaN,NaN,11.3474,840.3201,NaN,NaN,1922,19,0,0,0
rc_207.3.txt,32,LateOnly,1003608,3200,1,1799,1825,163.2986,0.118762618181818,0,734.7876,901.0563,0.0767696365767877,1922,39,0,0,0
rc_207.3.txt,32,LateTo2Opt,1003608,3200,1,1799,1825,118.0172,0.0858306909090909,0,780.069,901.0563,0.143125732708089,1085,27,11,0,0
rc_207.3.txt,32,LateToVND,1003608,3200,1,1799,1825,105.1621,0.0764815272727274,0,792.9241,901.0563,0.161963804220398,1085,27,8,5,1
rc_207.3.txt,32,LateOnly,1003609,3200,1,1073,1111,164.3391,0.0786687888942079,0,788.7634,953.1025,0.155866647127784,1922,37,0,0,0
rc_207.3.txt,32,LateTo2Opt,1003609,3200,1,1073,1111,144.9455,0.0693851124940164,0,808.157,953.1025,0.184286342321219,651,21,12,0,0
rc_207.3.txt,32,LateToVND,1003609,3200,1,1073,1111,183.3373,0.0877631881282911,0,769.7652,953.1025,0.128026377491208,651,21,14,5,6
rc_207.3.txt,32,LateOnly,1003610,3200,0,NaN,NaN,NaN,NaN,214.5049,893.4198,NaN,NaN,1922,17,0,0,0
rc_207.3.txt,32,LateTo2Opt,1003610,3200,0,NaN,NaN,NaN,NaN,214.5049,893.4198,NaN,NaN,1922,17,0,0,0
rc_207.3.txt,32,LateToVND,1003610,3200,0,NaN,NaN,NaN,NaN,214.5049,893.4198,NaN,NaN,1922,17,0,0,0
rc_207.4.txt,5,LateOnly,1003701,500,1,1,40,3.54249999999999,0.00770108695652172,0,119.6388,159.4922,-1.00300902707891e-05,80,0,0,0,0
rc_207.4.txt,5,LateTo2Opt,1003701,500,1,1,40,3.54249999999999,0.00770108695652172,0,119.6388,159.4922,-1.00300902707891e-05,0,0,1,0,0
rc_207.4.txt,5,LateToVND,1003701,500,1,1,40,3.54249999999999,0.00770108695652172,0,119.6388,159.4922,-1.00300902707891e-05,0,0,0,1,0
rc_207.4.txt,5,LateOnly,1003702,500,1,1,40,3.54249999999999,0.00770108695652172,0,119.6388,153.8494,-1.00300902707891e-05,80,0,0,0,0
rc_207.4.txt,5,LateTo2Opt,1003702,500,1,1,40,3.54249999999999,0.00770108695652172,0,119.6388,153.8494,-1.00300902707891e-05,0,0,1,0,0
rc_207.4.txt,5,LateToVND,1003702,500,1,1,40,3.54249999999999,0.00770108695652172,0,119.6388,153.8494,-1.00300902707891e-05,0,0,0,0,1
rc_207.4.txt,5,LateOnly,1003703,500,1,1,40,3.54249999999999,0.00770108695652172,0,119.6388,133.8016,-1.00300902707891e-05,80,1,0,0,0
rc_207.4.txt,5,LateTo2Opt,1003703,500,1,1,40,3.54249999999999,0.00770108695652172,0,119.6388,133.8016,-1.00300902707891e-05,0,0,1,0,0
rc_207.4.txt,5,LateToVND,1003703,500,1,1,40,3.54249999999999,0.00770108695652172,0,119.6388,133.8016,-1.00300902707891e-05,0,0,1,0,0
rc_207.4.txt,5,LateOnly,1003704,500,1,1,40,0,0,0,119.6388,140.6931,-1.00300902707891e-05,80,0,0,0,0
rc_207.4.txt,5,LateTo2Opt,1003704,500,1,1,40,0,0,0,119.6388,140.6931,-1.00300902707891e-05,0,0,0,0,0
rc_207.4.txt,5,LateToVND,1003704,500,1,1,40,0,0,0,119.6388,140.6931,-1.00300902707891e-05,0,0,0,0,0
rc_207.4.txt,5,LateOnly,1003705,500,1,1,40,2.5639,0.00557369565217392,0,119.6388,131.3512,-1.00300902707891e-05,80,0,0,0,0
rc_207.4.txt,5,LateTo2Opt,1003705,500,1,1,40,2.5639,0.00557369565217392,0,119.6388,131.3512,-1.00300902707891e-05,0,0,0,0,0
rc_207.4.txt,5,LateToVND,1003705,500,1,1,40,2.5639,0.00557369565217392,0,119.6388,131.3512,-1.00300902707891e-05,0,0,0,0,0
rc_207.4.txt,5,LateOnly,1003706,500,1,1,40,0,0,0,119.6388,159.4617,-1.00300902707891e-05,80,0,0,0,0
rc_207.4.txt,5,LateTo2Opt,1003706,500,1,1,40,0,0,0,119.6388,159.4617,-1.00300902707891e-05,0,0,0,0,0
rc_207.4.txt,5,LateToVND,1003706,500,1,1,40,0,0,0,119.6388,159.4617,-1.00300902707891e-05,0,0,0,0,0
rc_207.4.txt,5,LateOnly,1003707,500,1,1,40,2.5639,0.00557369565217392,0,119.6388,122.2027,-1.00300902707891e-05,80,1,0,0,0
rc_207.4.txt,5,LateTo2Opt,1003707,500,1,1,40,2.5639,0.00557369565217392,0,119.6388,122.2027,-1.00300902707891e-05,0,0,0,0,0
rc_207.4.txt,5,LateToVND,1003707,500,1,1,40,2.5639,0.00557369565217392,0,119.6388,122.2027,-1.00300902707891e-05,0,0,0,0,0
rc_207.4.txt,5,LateOnly,1003708,500,1,1,40,4.2244,0.00918347826086957,0,119.6388,133.8016,-1.00300902707891e-05,80,1,0,0,0
rc_207.4.txt,5,LateTo2Opt,1003708,500,1,1,40,4.2244,0.00918347826086957,0,119.6388,133.8016,-1.00300902707891e-05,0,0,1,0,0
rc_207.4.txt,5,LateToVND,1003708,500,1,1,40,4.2244,0.00918347826086957,0,119.6388,133.8016,-1.00300902707891e-05,0,0,1,0,0
rc_207.4.txt,5,LateOnly,1003709,500,1,1,40,3.54249999999999,0.00770108695652172,0,119.6388,123.8632,-1.00300902707891e-05,80,1,0,0,0
rc_207.4.txt,5,LateTo2Opt,1003709,500,1,1,40,3.54249999999999,0.00770108695652172,0,119.6388,123.8632,-1.00300902707891e-05,0,0,1,0,0
rc_207.4.txt,5,LateToVND,1003709,500,1,1,40,3.54249999999999,0.00770108695652172,0,119.6388,123.8632,-1.00300902707891e-05,0,0,0,1,0
rc_207.4.txt,5,LateOnly,1003710,500,1,1,40,2.5639,0.00557369565217392,0,119.6388,146.8012,-1.00300902707891e-05,80,1,0,0,0
rc_207.4.txt,5,LateTo2Opt,1003710,500,1,1,40,2.5639,0.00557369565217392,0,119.6388,146.8012,-1.00300902707891e-05,0,0,0,0,0
rc_207.4.txt,5,LateToVND,1003710,500,1,1,40,2.5639,0.00557369565217392,0,119.6388,146.8012,-1.00300902707891e-05,0,0,0,0,0
rc_208.1.txt,37,LateOnly,1003801,3700,0,NaN,NaN,NaN,NaN,806.34558,1099.20554,NaN,NaN,2360,22,0,0,0
rc_208.1.txt,37,LateTo2Opt,1003801,3700,0,NaN,NaN,NaN,NaN,806.34558,1099.20554,NaN,NaN,2360,22,0,0,0
rc_208.1.txt,37,LateToVND,1003801,3700,0,NaN,NaN,NaN,NaN,806.34558,1099.20554,NaN,NaN,2360,22,0,0,0
rc_208.1.txt,37,LateOnly,1003802,3700,0,NaN,NaN,NaN,NaN,872.089020000001,1108.18274,NaN,NaN,2360,20,0,0,0
rc_208.1.txt,37,LateTo2Opt,1003802,3700,0,NaN,NaN,NaN,NaN,872.089020000001,1108.18274,NaN,NaN,2360,20,0,0,0
rc_208.1.txt,37,LateToVND,1003802,3700,0,NaN,NaN,NaN,NaN,872.089020000001,1108.18274,NaN,NaN,2360,20,0,0,0
rc_208.1.txt,37,LateOnly,1003803,3700,0,NaN,NaN,NaN,NaN,1158.0164,1137.5549,NaN,NaN,2360,19,0,0,0
rc_208.1.txt,37,LateTo2Opt,1003803,3700,0,NaN,NaN,NaN,NaN,1158.0164,1137.5549,NaN,NaN,2360,19,0,0,0
rc_208.1.txt,37,LateToVND,1003803,3700,0,NaN,NaN,NaN,NaN,1158.0164,1137.5549,NaN,NaN,2360,19,0,0,0
rc_208.1.txt,37,LateOnly,1003804,3700,0,NaN,NaN,NaN,NaN,751.173099999999,1051.3154,NaN,NaN,2360,13,0,0,0
rc_208.1.txt,37,LateTo2Opt,1003804,3700,0,NaN,NaN,NaN,NaN,751.173099999999,1051.3154,NaN,NaN,2360,13,0,0,0
rc_208.1.txt,37,LateToVND,1003804,3700,0,NaN,NaN,NaN,NaN,751.173099999999,1051.3154,NaN,NaN,2360,13,0,0,0
rc_208.1.txt,37,LateOnly,1003805,3700,0,NaN,NaN,NaN,NaN,28.30918,920.30854,NaN,NaN,2360,26,0,0,0
rc_208.1.txt,37,LateTo2Opt,1003805,3700,0,NaN,NaN,NaN,NaN,28.30918,920.30854,NaN,NaN,2360,26,0,0,0
rc_208.1.txt,37,LateToVND,1003805,3700,0,NaN,NaN,NaN,NaN,28.30918,920.30854,NaN,NaN,2360,26,0,0,0
rc_208.1.txt,37,LateOnly,1003806,3700,0,NaN,NaN,NaN,NaN,634.809300000001,1100.13924,NaN,NaN,2360,19,0,0,0
rc_208.1.txt,37,LateTo2Opt,1003806,3700,0,NaN,NaN,NaN,NaN,634.809300000001,1100.13924,NaN,NaN,2360,19,0,0,0
rc_208.1.txt,37,LateToVND,1003806,3700,0,NaN,NaN,NaN,NaN,634.809300000001,1100.13924,NaN,NaN,2360,19,0,0,0
rc_208.1.txt,37,LateOnly,1003807,3700,0,NaN,NaN,NaN,NaN,38.83836,961.76964,NaN,NaN,2360,34,0,0,0
rc_208.1.txt,37,LateTo2Opt,1003807,3700,0,NaN,NaN,NaN,NaN,38.83836,961.76964,NaN,NaN,2360,34,0,0,0
rc_208.1.txt,37,LateToVND,1003807,3700,0,NaN,NaN,NaN,NaN,38.83836,961.76964,NaN,NaN,2360,34,0,0,0
rc_208.1.txt,37,LateOnly,1003808,3700,0,NaN,NaN,NaN,NaN,109.9368,989.6953,NaN,NaN,2360,23,0,0,0
rc_208.1.txt,37,LateTo2Opt,1003808,3700,0,NaN,NaN,NaN,NaN,109.9368,989.6953,NaN,NaN,2360,23,0,0,0
rc_208.1.txt,37,LateToVND,1003808,3700,0,NaN,NaN,NaN,NaN,109.9368,989.6953,NaN,NaN,2360,23,0,0,0
rc_208.1.txt,37,LateOnly,1003809,3700,0,NaN,NaN,NaN,NaN,758.094900000002,1043.7373,NaN,NaN,2360,21,0,0,0
rc_208.1.txt,37,LateTo2Opt,1003809,3700,0,NaN,NaN,NaN,NaN,758.094900000002,1043.7373,NaN,NaN,2360,21,0,0,0
rc_208.1.txt,37,LateToVND,1003809,3700,0,NaN,NaN,NaN,NaN,758.094900000002,1043.7373,NaN,NaN,2360,21,0,0,0
rc_208.1.txt,37,LateOnly,1003810,3700,0,NaN,NaN,NaN,NaN,434.830599999997,1060.37384,NaN,NaN,2360,23,0,0,0
rc_208.1.txt,37,LateTo2Opt,1003810,3700,0,NaN,NaN,NaN,NaN,434.830599999997,1060.37384,NaN,NaN,2360,23,0,0,0
rc_208.1.txt,37,LateToVND,1003810,3700,0,NaN,NaN,NaN,NaN,434.830599999997,1060.37384,NaN,NaN,2360,23,0,0,0
rc_208.2.txt,28,LateOnly,1003901,2800,1,747,792,103.2046,0.0513967131474104,0,729.9376,833.1422,0.36748772902694,1593,26,0,0,0
rc_208.2.txt,28,LateTo2Opt,1003901,2800,1,747,792,193.1585,0.0961944721115538,0,639.9837,833.1422,0.198965304057852,432,16,14,0,0
rc_208.2.txt,28,LateToVND,1003901,2800,1,747,792,249.4945,0.124250249003984,0,583.6477,833.1422,0.0934236951553075,432,16,12,6,3
rc_208.2.txt,28,LateOnly,1003902,2800,1,704,745,138.1674,0.0672347445255474,0,609.992,832.0253,0.142777923489078,1593,30,0,0,0
rc_208.2.txt,28,LateTo2Opt,1003902,2800,1,704,745,121.8138,0.0592767883211678,0,626.3456,832.0253,0.173415264715801,405,15,16,0,0
rc_208.2.txt,28,LateToVND,1003902,2800,1,704,745,183.0488,0.0890748418491484,0,565.1106,832.0253,0.0586957173367305,405,15,18,4,2
rc_208.2.txt,28,LateOnly,1003903,2800,1,980,980,125.6773,0.0690534615384617,0,637.3355,763.0128,0.194004084079583,1593,25,0,0,0
rc_208.2.txt,28,LateTo2Opt,1003903,2800,1,980,980,131.9264,0.0724870329670331,0,631.0864,763.0128,0.182296826407883,540,12,14,0,0
rc_208.2.txt,28,LateToVND,1003903,2800,1,980,980,165.2291,0.0907852197802198,0,597.7837,763.0128,0.119906515793024,540,12,13,3,3
rc_208.2.txt,28,LateOnly,1003904,2800,1,466,510,151.6686,0.066230829694323,0,669.775,821.4436,0.254777249053917,1593,28,0,0,0
rc_208.2.txt,28,LateTo2Opt,1003904,2800,1,466,510,252.9119,0.110441877729258,0,568.5317,821.4436,0.0651049121360861,270,10,17,0,0
rc_208.2.txt,28,LateToVND,1003904,2800,1,466,510,210.0701,0.0917336681222707,0,611.3735,821.4436,0.1453660684177,270,10,18,4,2
rc_208.2.txt,28,LateOnly,1003905,2800,1,328,369,172.2687,0.0708633072809544,0,571.4787,744.0027,0.0706259132976133,1593,28,0,0,0
rc_208.2.txt,28,LateTo2Opt,1003905,2800,1,328,369,166.1768,0.0683573837926779,0,577.5706,744.0027,0.0820386676158718,189,7,16,0,0
rc_208.2.txt,28,LateToVND,1003905,2800,1,328,369,138.5315,0.0569853969559853,0,605.2159,744.0027,0.133830229682641,189,7,12,3,3
rc_208.2.txt,28,LateOnly,1003906,2800,1,2662,2672,8.91960000000006,0.0696843750000005,0,851.4911,872.2737,0.595209824272172,1593,16,0,0,0
rc_208.2.txt,28,LateTo2Opt,1003906,2800,1,2662,2672,24.9399,0.19484296875,0,835.4708,872.2737,0.565196897598262,1512,14,2,0,0
rc_208.2.txt,28,LateToVND,1003906,2800,1,2662,2672,36.3384,0.28389375,0,824.0723,872.2737,0.543842594327251,1512,14,3,0,0
rc_208.2.txt,28,LateOnly,1003907,2800,1,511,557,49.6659999999999,0.0221426660722247,0,668.446,734.2304,0.252287459252876,1593,22,0,0,0
rc_208.2.txt,28,LateTo2Opt,1003907,2800,1,511,557,160.3017,0.0714675434685688,0,557.8103,734.2304,0.0450191089962157,297,11,18,0,0
rc_208.2.txt,28,LateToVND,1003907,2800,1,511,557,149.1113,0.0664785109228711,0,569.0007,734.2304,0.0659835512758067,297,11,14,5,1
rc_208.2.txt,28,LateOnly,1003908,2800,1,703,745,65.1807000000001,0.0317181021897811,0,746.9085,858.1206,0.399281539210911,1593,23,0,0,0
rc_208.2.txt,28,LateTo2Opt,1003908,2800,1,703,745,124.4694,0.0605690510948905,0,687.6198,858.1206,0.288208250590131,405,15,9,0,0
rc_208.2.txt,28,LateToVND,1003908,2800,1,703,745,220.1636,0.107135571776156,0,591.9256,858.1206,0.108931769642924,405,15,19,10,3
rc_208.2.txt,28,LateOnly,1003909,2800,1,623,651,190.4314,0.0886139599813867,0,642.3526,832.784,0.203403274757391,1593,27,0,0,0
rc_208.2.txt,28,LateTo2Opt,1003909,2800,1,623,651,260.3056,0.121128711028385,0,572.4784,832.784,0.0724987822698492,351,13,21,0,0
rc_208.2.txt,28,LateToVND,1003909,2800,1,623,651,210.095,0.0977640763145649,0,622.689,832.784,0.166564876915583,351,13,17,4,3
rc_208.2.txt,28,LateOnly,1003910,2800,1,467,510,199.0444,0.0869189519650655,0,676.0668,875.1112,0.266564502229383,1593,27,0,0,0
rc_208.2.txt,28,LateTo2Opt,1003910,2800,1,467,510,259.5013,0.113319344978166,0,615.6099,875.1112,0.153302671512608,270,10,17,0,0
rc_208.2.txt,28,LateToVND,1003910,2800,1,467,510,305.7283,0.133505807860262,0,569.3829,875.1112,0.0666995766045936,270,10,20,7,2
rc_208.3.txt,35,LateOnly,1004001,3500,1,1016,1066,45.2751999999999,0.0186011503697617,0,879.8556,928.4207,0.386822394552676,2180,27,0,0,0
rc_208.3.txt,35,LateTo2Opt,1004001,3500,1,1016,1066,136.9973,0.056284839769926,0,788.1335,928.4207,0.242250646239203,646,19,16,0,0
rc_208.3.txt,35,LateToVND,1004001,3500,1,1016,1066,194.2146,0.0797923582580114,0,730.9162,928.4207,0.152065128302125,646,19,25,6,4
rc_208.3.txt,35,LateOnly,1004002,3500,1,1825,1876,151.2533,0.0931362684729063,0,767.7166,937.5099,0.210069667738478,2180,34,0,0,0
rc_208.3.txt,35,LateTo2Opt,1004002,3500,1,1825,1876,125.4709,0.0772604064039408,0,793.499,937.5099,0.250707710737028,1156,22,13,0,0
rc_208.3.txt,35,LateToVND,1004002,3500,1,1825,1876,121.1642,0.0746084975369458,0,797.8057,937.5099,0.257495901897736,1156,22,12,4,4
rc_208.3.txt,35,LateOnly,1004003,3500,1,2343,2362,86.7425000000001,0.0762236379613357,0,861.4776,948.2201,0.357855116323056,2180,28,0,0,0
rc_208.3.txt,35,LateTo2Opt,1004003,3500,1,2343,2362,119.1996,0.104744815465729,0,829.0205,948.2201,0.306696456717735,1462,18,9,0,0
rc_208.3.txt,35,LateToVND,1004003,3500,1,2343,2362,187.7406,0.164974165202109,0,760.4795,948.2201,0.198662600088267,1462,18,10,4,2
rc_208.3.txt,35,LateOnly,1004004,3500,1,2133,2146,148.8466,0.109931019202363,0,806.86,955.7066,0.271767227791438,2180,34,0,0,0
rc_208.3.txt,35,LateTo2Opt,1004004,3500,1,2133,2146,217.6424,0.160740324963072,0,738.0642,955.7066,0.163331757140155,1326,20,9,0,0
rc_208.3.txt,35,LateToVND,1004004,3500,1,2133,2146,236.306,0.174524372230428,0,719.4006,955.7066,0.133914318138831,1326,20,11,2,2
rc_208.3.txt,35,LateOnly,1004005,3500,1,1019,1066,91.042,0.0374042728019721,0,806.2494,902.6828,0.270804804236807,2180,31,0,0,0
rc_208.3.txt,35,LateTo2Opt,1004005,3500,1,1019,1066,173.4695,0.071269309778143,0,723.8219,902.6828,0.140883141037766,646,19,19,0,0
rc_208.3.txt,35,LateToVND,1004005,3500,1,1019,1066,188.8199,0.0775759654889072,0,708.4715,902.6828,0.116687945274573,646,19,20,5,3
rc_208.3.txt,35,LateOnly,1004006,3500,1,2202,2254,104.0306,0.0834916532905296,0,835.2582,939.6423,0.316528276905617,2180,32,0,0,0
rc_208.3.txt,35,LateTo2Opt,1004006,3500,1,2202,2254,53.5280999999999,0.0429599518459068,0,885.7607,939.6423,0.396129972889477,1394,20,9,0,0
rc_208.3.txt,35,LateToVND,1004006,3500,1,2202,2254,109.3746,0.0877805778491172,0,829.9142,939.6423,0.308105100561125,1394,20,17,3,1
rc_208.3.txt,35,LateOnly,1004007,3500,1,1125,1174,62.9263000000001,0.0270534393809115,0,739.6372,820.4447,0.16581110900952,2180,29,0,0,0
rc_208.3.txt,35,LateTo2Opt,1004007,3500,1,1125,1174,98.4404999999999,0.0423217970765262,0,704.123,820.4447,0.109833869239014,714,21,11,0,0
rc_208.3.txt,35,LateToVND,1004007,3500,1,1125,1174,123.8477,0.0532449269131556,0,678.7158,820.4447,0.0697872139209381,714,21,12,4,3
rc_208.3.txt,35,LateOnly,1004008,3500,1,2206,2254,141.4668,0.113536757624398,0,788.4951,929.9619,0.242820597692453,2180,28,0,0,0
rc_208.3.txt,35,LateTo2Opt,1004008,3500,1,2206,2254,106.8007,0.0857148475120385,0,823.1612,929.9619,0.297461068028498,1394,19,9,0,0
rc_208.3.txt,35,LateToVND,1004008,3500,1,2206,2254,135.5545,0.108791733547352,0,794.4074,929.9619,0.252139524620137,1394,19,11,4,1
rc_208.3.txt,35,LateOnly,1004009,3500,0,NaN,NaN,NaN,NaN,41.4304,960.5794,NaN,NaN,2180,21,0,0,0
rc_208.3.txt,35,LateTo2Opt,1004009,3500,0,NaN,NaN,NaN,NaN,41.4304,960.5794,NaN,NaN,2180,21,0,0,0
rc_208.3.txt,35,LateToVND,1004009,3500,0,NaN,NaN,NaN,NaN,41.4304,960.5794,NaN,NaN,2180,21,0,0,0
rc_208.3.txt,35,LateOnly,1004010,3500,1,2350,2362,119.3365,0.104865114235501,0,809.0141,928.3506,0.275162505516676,2180,37,0,0,0
rc_208.3.txt,35,LateTo2Opt,1004010,3500,1,2350,2362,149.2316,0.131134973637962,0,779.119,928.3506,0.228042052833995,1462,24,8,0,0
rc_208.3.txt,35,LateToVND,1004010,3500,1,2350,2362,168.2514,0.147848330404218,0,760.0992,928.3506,0.198063173822584,1462,24,11,4,2
