file,nCustomers,method,seed,budget_factor,budget_fe,actual_fe,is_feasible,first_feasible_fe,phase_switch_fe,total_late,final_cost,first_feasible_cost,post_feasible_gain,relative_post_gain,gap_to_bks,vnd_2opt_fe,vnd_swap_fe,vnd_relocate_fe
rc_201.1.txt,19,LateOnly,996101,25,475,475,1,401,420,0,464.6646,487.3416,22.677,0.0465320424113188,0.0452706168173842,0,0,215
rc_201.1.txt,19,LateToGlobal,996101,25,475,475,1,401,420,0,480.3017,487.3416,7.03990000000005,0.0144455141937402,0.0804465289962656,0,0,234
rc_201.1.txt,19,LateTo2Opt,996101,25,475,475,1,401,420,0,464.6646,487.3416,22.677,0.0465320424113188,0.0452706168173842,54,0,180
rc_201.1.txt,19,LateToVND,996101,25,475,475,1,401,420,0,483.3469,487.3416,3.99469999999997,0.00819691977865211,0.0872967561974175,18,18,198
rc_201.1.txt,19,LateOnly,996101,50,950,950,1,401,420,0,450.8587,487.3416,36.4829,0.0748610420288356,0.014214018985918,0,0,432
rc_201.1.txt,19,LateToGlobal,996101,50,950,950,1,401,420,0,445.3805,487.3416,41.9611,0.0861020278178592,0.00189071849552338,0,0,570
rc_201.1.txt,19,LateTo2Opt,996101,50,950,950,1,401,420,0,446.6972,487.3416,40.6444,0.0834002268634568,0.0048526566788139,390,0,180
rc_201.1.txt,19,LateToVND,996101,50,950,950,1,401,420,0,449.9347,487.3416,37.4069,0.0767570426985916,0.0121354658748369,156,126,288
rc_201.1.txt,19,LateOnly,996101,100,1900,1900,1,401,420,0,445.3805,487.3416,41.9611,0.0861020278178592,0.00189071849552338,0,0,882
rc_201.1.txt,19,LateToGlobal,996101,100,1900,1900,1,401,420,0,445.3805,487.3416,41.9611,0.0861020278178592,0.00189071849552338,0,0,1260
rc_201.1.txt,19,LateTo2Opt,996101,100,1900,1900,1,401,420,0,444.5425,487.3416,42.7991,0.087821560892811,5.62379088495462e-06,1080,0,180
rc_201.1.txt,19,LateToVND,996101,100,1900,1900,1,401,420,0,444.5425,487.3416,42.7991,0.087821560892811,5.62379088495462e-06,396,360,504
rc_201.1.txt,19,LateOnly,996102,25,475,475,1,421,421,0,514.4885,514.4885,0,0,0.157350294686642,0,0,215
rc_201.1.txt,19,LateToGlobal,996102,25,475,475,1,421,421,0,514.4885,514.4885,0,0,0.157350294686642,0,0,215
rc_201.1.txt,19,LateTo2Opt,996102,25,475,475,1,421,421,0,514.4885,514.4885,0,0,0.157350294686642,17,0,198
rc_201.1.txt,19,LateToVND,996102,25,475,475,1,421,421,0,514.4885,514.4885,0,0,0.157350294686642,17,0,198
rc_201.1.txt,19,LateOnly,996102,50,950,950,1,421,421,0,445.3805,514.4885,69.1080000000001,0.134323702084692,0.00189071849552338,0,0,432
rc_201.1.txt,19,LateToGlobal,996102,50,950,950,1,421,421,0,449.3752,514.4885,65.1133000000001,0.126559291412733,0.0108768614747828,0,0,570
rc_201.1.txt,19,LateTo2Opt,996102,50,950,950,1,421,421,0,445.3805,514.4885,69.1080000000001,0.134323702084692,0.00189071849552338,372,0,198
rc_201.1.txt,19,LateToVND,996102,50,950,950,1,421,421,0,450.0207,514.4885,64.4678,0.125304647237013,0.0123289242812796,198,126,246
rc_201.1.txt,19,LateOnly,996102,100,1900,1900,1,421,421,0,445.3805,514.4885,69.1080000000001,0.134323702084692,0.00189071849552338,0,0,882
rc_201.1.txt,19,LateToGlobal,996102,100,1900,1900,1,421,421,0,445.3805,514.4885,69.1080000000001,0.134323702084692,0.00189071849552338,0,0,1260
rc_201.1.txt,19,LateTo2Opt,996102,100,1900,1900,1,421,421,0,444.5425,514.4885,69.946,0.135952504283381,5.62379088495462e-06,1062,0,198
rc_201.1.txt,19,LateToVND,996102,100,1900,1900,1,421,421,0,444.5425,514.4885,69.946,0.135952504283381,5.62379088495462e-06,486,360,414
rc_201.1.txt,19,LateOnly,996103,25,475,475,0,Inf,NaN,38.9182,554.4875,NaN,NaN,NaN,NaN,0,0,215
rc_201.1.txt,19,LateToGlobal,996103,25,475,475,0,Inf,NaN,38.9182,554.4875,NaN,NaN,NaN,NaN,0,0,215
rc_201.1.txt,19,LateTo2Opt,996103,25,475,475,0,Inf,NaN,38.9182,554.4875,NaN,NaN,NaN,NaN,0,0,215
rc_201.1.txt,19,LateToVND,996103,25,475,475,0,Inf,NaN,38.9182,554.4875,NaN,NaN,NaN,NaN,0,0,215
rc_201.1.txt,19,LateOnly,996103,50,950,950,1,514,514,0,449.9347,555.0929,105.1582,0.189442523945091,0.0121354658748369,0,0,432
rc_201.1.txt,19,LateToGlobal,996103,50,950,950,1,514,514,0,461.8124,555.0929,93.2805,0.168044844385507,0.0388545462725514,0,0,550
rc_201.1.txt,19,LateTo2Opt,996103,50,950,950,1,514,514,0,457.0476,555.0929,98.0452999999999,0.176628632792817,0.028136050749089,316,0,234
rc_201.1.txt,19,LateToVND,996103,50,950,950,1,514,514,0,451.2624,555.0929,103.8305,0.187050672058677,0.0151221487380214,162,90,298
rc_201.1.txt,19,LateOnly,996103,100,1900,1900,1,514,514,0,445.3805,555.0929,109.7124,0.197646916399039,0.00189071849552338,0,0,882
rc_201.1.txt,19,LateToGlobal,996103,100,1900,1900,1,514,514,0,445.3805,555.0929,109.7124,0.197646916399039,0.00189071849552338,0,0,1240
rc_201.1.txt,19,LateTo2Opt,996103,100,1900,1900,1,514,514,0,444.5425,555.0929,110.5504,0.199156573611372,5.62379088495462e-06,1006,0,234
rc_201.1.txt,19,LateToVND,996103,100,1900,1900,1,514,514,0,449.055,555.0929,106.0379,0.19102730371799,0.0101565663382371,414,322,504
rc_201.1.txt,19,LateOnly,996104,25,475,475,1,345,345,0,566.51,567.4788,0.968799999999987,0.0017072003394664,0.274373509695415,0,0,215
rc_201.1.txt,19,LateToGlobal,996104,25,475,475,1,345,345,0,560.4716,567.4788,7.00720000000001,0.0123479502670408,0.260790030143519,0,0,235
rc_201.1.txt,19,LateTo2Opt,996104,25,475,475,1,345,345,0,554.2742,567.4788,13.2045999999999,0.0232688868729544,0.246848877491339,73,0,162
rc_201.1.txt,19,LateToVND,996104,25,475,475,1,345,345,0,542.7128,567.4788,24.766,0.0436421589669957,0.22084131911639,73,0,162
rc_201.1.txt,19,LateOnly,996104,50,950,950,1,345,345,0,454.1952,567.4788,113.2836,0.199626135813355,0.0217195303009852,0,0,432
rc_201.1.txt,19,LateToGlobal,996104,50,950,950,1,345,345,0,472.7571,567.4788,94.7216999999999,0.166916720060732,0.063474827911999,0,0,590
rc_201.1.txt,19,LateTo2Opt,996104,50,950,950,1,345,345,0,516.4271,567.4788,51.0517000000001,0.0899623034375912,0.161711207090475,428,0,162
rc_201.1.txt,19,LateToVND,996104,50,950,950,1,345,345,0,458.0164,567.4788,109.4624,0.192892492195303,0.0303153821928286,234,126,230
rc_201.1.txt,19,LateOnly,996104,100,1900,1900,1,345,345,0,444.5425,567.4788,122.9363,0.216635934241068,5.62379088495462e-06,0,0,882
rc_201.1.txt,19,LateToGlobal,996104,100,1900,1900,1,345,345,0,444.5425,567.4788,122.9363,0.216635934241068,5.62379088495462e-06,0,0,1280
rc_201.1.txt,19,LateTo2Opt,996104,100,1900,1900,1,345,345,0,444.5425,567.4788,122.9363,0.216635934241068,5.62379088495462e-06,1118,0,162
rc_201.1.txt,19,LateToVND,996104,100,1900,1900,1,345,345,0,444.5425,567.4788,122.9363,0.216635934241068,5.62379088495462e-06,504,360,416
rc_201.1.txt,19,LateOnly,996105,25,475,475,1,398,398,0,469.4786,489.4261,19.9475,0.0407569191753362,0.0560997885454625,0,0,215
rc_201.1.txt,19,LateToGlobal,996105,25,475,475,1,398,398,0,468.0869,489.4261,21.3392,0.0436004536742115,0.0529691366356231,0,0,234
rc_201.1.txt,19,LateTo2Opt,996105,25,475,475,1,398,398,0,460.3664,489.4261,29.0596999999999,0.0593750517187373,0.0356017456246906,54,0,180
rc_201.1.txt,19,LateToVND,996105,25,475,475,1,398,398,0,468.0869,489.4261,21.3392,0.0436004536742115,0.0529691366356231,18,18,198
rc_201.1.txt,19,LateOnly,996105,50,950,950,1,398,398,0,444.5425,489.4261,44.8835999999999,0.0917065926806925,5.62379088495462e-06,0,0,432
rc_201.1.txt,19,LateToGlobal,996105,50,950,950,1,398,398,0,449.055,489.4261,40.3711,0.0824866103381082,0.0101565663382371,0,0,570
rc_201.1.txt,19,LateTo2Opt,996105,50,950,950,1,398,398,0,450.4244,489.4261,39.0016999999999,0.0796886394084825,0.0132370540333828,390,0,180
rc_201.1.txt,19,LateToVND,996105,50,950,950,1,398,398,0,449.0029,489.4261,40.4232,0.0825930615469832,0.0100393665361946,192,126,252
rc_201.1.txt,19,LateOnly,996105,100,1900,1900,1,398,398,0,444.5425,489.4261,44.8835999999999,0.0917065926806925,5.62379088495462e-06,0,0,882
rc_201.1.txt,19,LateToGlobal,996105,100,1900,1900,1,398,398,0,444.5425,489.4261,44.8835999999999,0.0917065926806925,5.62379088495462e-06,0,0,1260
rc_201.1.txt,19,LateTo2Opt,996105,100,1900,1900,1,398,398,0,444.5425,489.4261,44.8835999999999,0.0917065926806925,5.62379088495462e-06,1080,0,180
rc_201.1.txt,19,LateToVND,996105,100,1900,1900,1,398,398,0,444.5425,489.4261,44.8835999999999,0.0917065926806925,5.62379088495462e-06,432,360,468
rc_201.1.txt,19,LateOnly,996106,25,475,475,1,322,322,0,532.8111,554.4415,21.6304,0.0390129526739972,0.198567283034148,0,0,215
rc_201.1.txt,19,LateToGlobal,996106,25,475,475,1,322,322,0,541.2612,554.4415,13.1803,0.0237722104135423,0.217575921176947,0,0,252
rc_201.1.txt,19,LateTo2Opt,996106,25,475,475,1,322,322,0,527.0796,554.4415,27.3619000000001,0.0493503823216698,0.185674180051289,108,0,144
rc_201.1.txt,19,LateToVND,996106,25,475,475,1,322,322,0,545.7503,554.4415,8.69119999999998,0.015675594269188,0.227674225041616,72,36,144
rc_201.1.txt,19,LateOnly,996106,50,950,950,1,322,322,0,449.893,554.4415,104.5485,0.188565430257295,0.0120416610428758,0,0,432
rc_201.1.txt,19,LateToGlobal,996106,50,950,950,1,322,322,0,456.4151,554.4415,98.0264,0.176802061173271,0.0267132316551941,0,0,590
rc_201.1.txt,19,LateTo2Opt,996106,50,950,950,1,322,322,0,512.5576,554.4415,41.8839,0.0755425053860507,0.153006703558735,446,0,144
rc_201.1.txt,19,LateToVND,996106,50,950,950,1,322,322,0,473.8392,554.4415,80.6023,0.145375661814637,0.0659090295586449,230,144,216
rc_201.1.txt,19,LateOnly,996106,100,1900,1900,1,322,322,0,445.3805,554.4415,109.061,0.1967042510346,0.00189071849552338,0,0,882
rc_201.1.txt,19,LateToGlobal,996106,100,1900,1900,1,322,322,0,445.3805,554.4415,109.061,0.1967042510346,0.00189071849552338,0,0,1280
rc_201.1.txt,19,LateTo2Opt,996106,100,1900,1900,1,322,322,0,444.5425,554.4415,109.899,0.198215681906928,5.62379088495462e-06,1136,0,144
rc_201.1.txt,19,LateToVND,996106,100,1900,1900,1,322,322,0,444.5425,554.4415,109.899,0.198215681906928,5.62379088495462e-06,506,378,396
rc_201.1.txt,19,LateOnly,996107,25,475,475,1,385,385,0,474.6772,478.0136,3.33640000000003,0.00697971773188049,0.0677941242632833,0,0,215
rc_201.1.txt,19,LateToGlobal,996107,25,475,475,1,385,385,0,474.6772,478.0136,3.33640000000003,0.00697971773188049,0.0677941242632833,0,0,234
rc_201.1.txt,19,LateTo2Opt,996107,25,475,475,1,385,385,0,473.8392,478.0136,4.17439999999999,0.00873280592853423,0.0659090295586449,54,0,180
rc_201.1.txt,19,LateToVND,996107,25,475,475,1,385,385,0,453.0497,478.0136,24.9639000000001,0.0522242463394349,0.0191427093174965,54,0,180
rc_201.1.txt,19,LateOnly,996107,50,950,950,1,385,385,0,464.2369,478.0136,13.7767000000001,0.0288207281131753,0.044308498672785,0,0,432
rc_201.1.txt,19,LateToGlobal,996107,50,950,950,1,385,385,0,445.3805,478.0136,32.6331,0.0682681413248494,0.00189071849552338,0,0,570
rc_201.1.txt,19,LateTo2Opt,996107,50,950,950,1,385,385,0,444.5425,478.0136,33.4711,0.0700212295215031,5.62379088495462e-06,390,0,180
rc_201.1.txt,19,LateToVND,996107,50,950,950,1,385,385,0,445.0082,478.0136,33.0054,0.0690469894580405,0.00105322355693519,174,108,288
rc_201.1.txt,19,LateOnly,996107,100,1900,1900,1,385,385,0,457.4099,478.0136,20.6037,0.0431027485410457,0.0289510505241372,0,0,882
rc_201.1.txt,19,LateToGlobal,996107,100,1900,1900,1,385,385,0,445.3805,478.0136,32.6331,0.0682681413248494,0.00189071849552338,0,0,1260
rc_201.1.txt,19,LateTo2Opt,996107,100,1900,1900,1,385,385,0,444.5425,478.0136,33.4711,0.0700212295215031,5.62379088495462e-06,1080,0,180
rc_201.1.txt,19,LateToVND,996107,100,1900,1900,1,385,385,0,444.5425,478.0136,33.4711,0.0700212295215031,5.62379088495462e-06,432,342,486
rc_201.1.txt,19,LateOnly,996108,25,475,475,0,Inf,NaN,238.0119,588.8652,NaN,NaN,NaN,NaN,0,0,215
rc_201.1.txt,19,LateToGlobal,996108,25,475,475,0,Inf,NaN,238.0119,588.8652,NaN,NaN,NaN,NaN,0,0,215
rc_201.1.txt,19,LateTo2Opt,996108,25,475,475,0,Inf,NaN,238.0119,588.8652,NaN,NaN,NaN,NaN,0,0,215
rc_201.1.txt,19,LateToVND,996108,25,475,475,0,Inf,NaN,238.0119,588.8652,NaN,NaN,NaN,NaN,0,0,215
rc_201.1.txt,19,LateOnly,996108,50,950,950,1,710,724,0,476.3666,540.9226,64.5560000000001,0.119344246293278,0.0715944571917038,0,0,432
rc_201.1.txt,19,LateToGlobal,996108,50,950,950,1,710,724,0,469.1963,540.9226,71.7263000000001,0.132599932042034,0.055464750078733,0,0,490
rc_201.1.txt,19,LateTo2Opt,996108,50,950,950,1,710,724,0,484.9255,540.9226,55.9971000000001,0.103521464993328,0.0908478427138165,166,0,324
rc_201.1.txt,19,LateToVND,996108,50,950,950,1,710,724,0,528.8624,540.9226,12.0602000000001,0.0222956112390204,0.189684617807171,94,54,342
rc_201.1.txt,19,LateOnly,996108,100,1900,1900,1,710,724,0,444.5425,540.9226,96.3801000000001,0.178177247539667,5.62379088495462e-06,0,0,882
rc_201.1.txt,19,LateToGlobal,996108,100,1900,1900,1,710,724,0,444.5425,540.9226,96.3801000000001,0.178177247539667,5.62379088495462e-06,0,0,1188
rc_201.1.txt,19,LateTo2Opt,996108,100,1900,1900,1,710,724,0,444.5425,540.9226,96.3801000000001,0.178177247539667,5.62379088495462e-06,864,0,324
rc_201.1.txt,19,LateToVND,996108,100,1900,1900,1,710,724,0,445.3805,540.9226,95.5421000000001,0.176628042533257,0.00189071849552338,378,288,522
rc_201.1.txt,19,LateOnly,996109,25,475,475,1,388,388,0,549.6062,566.4914,16.8851999999999,0.029806630780273,0.236348135150943,0,0,215
rc_201.1.txt,19,LateToGlobal,996109,25,475,475,1,388,388,0,549.6062,566.4914,16.8851999999999,0.029806630780273,0.236348135150943,0,0,234
rc_201.1.txt,19,LateTo2Opt,996109,25,475,475,1,388,388,0,526.9292,566.4914,39.5622,0.0698372473086087,0.18533585279165,54,0,180
rc_201.1.txt,19,LateToVND,996109,25,475,475,1,388,388,0,524.7849,566.4914,41.7065,0.073622476881379,0.180512214873802,54,0,180
rc_201.1.txt,19,LateOnly,996109,50,950,950,1,388,388,0,468.0575,566.4914,98.4339000000001,0.173760625492285,0.052903000854816,0,0,432
rc_201.1.txt,19,LateToGlobal,996109,50,950,950,1,388,388,0,445.3805,566.4914,121.1109,0.21379124202062,0.00189071849552338,0,0,570
rc_201.1.txt,19,LateTo2Opt,996109,50,950,950,1,388,388,0,508.8321,566.4914,57.6593,0.101783186823313,0.144626130381968,390,0,180
rc_201.1.txt,19,LateToVND,996109,50,950,950,1,388,388,0,445.3805,566.4914,121.1109,0.21379124202062,0.00189071849552338,246,72,252
rc_201.1.txt,19,LateOnly,996109,100,1900,1900,1,388,388,0,445.3805,566.4914,121.1109,0.21379124202062,0.00189071849552338,0,0,882
rc_201.1.txt,19,LateToGlobal,996109,100,1900,1900,1,388,388,0,445.3805,566.4914,121.1109,0.21379124202062,0.00189071849552338,0,0,1260
rc_201.1.txt,19,LateTo2Opt,996109,100,1900,1900,1,388,388,0,445.3805,566.4914,121.1109,0.21379124202062,0.00189071849552338,1080,0,180
rc_201.1.txt,19,LateToVND,996109,100,1900,1900,1,388,388,0,444.5425,566.4914,121.9489,0.215270523082963,5.62379088495462e-06,486,306,468
rc_201.1.txt,19,LateOnly,996110,25,475,475,1,348,348,0,578.7888,584.9272,6.13839999999993,0.0104942974100024,0.301994871102713,0,0,215
rc_201.1.txt,19,LateToGlobal,996110,25,475,475,1,348,348,0,574.498,584.9272,10.4291999999999,0.0178299111410786,0.292342646331039,0,0,235
rc_201.1.txt,19,LateTo2Opt,996110,25,475,475,1,348,348,0,578.7888,584.9272,6.13839999999993,0.0104942974100024,0.301994871102713,73,0,162
rc_201.1.txt,19,LateToVND,996110,25,475,475,1,348,348,0,548.7585,584.9272,36.1686999999999,0.0618345325708908,0.23444122013767,55,18,162
rc_201.1.txt,19,LateOnly,996110,50,950,950,1,348,348,0,494.4256,584.9272,90.5016000000001,0.154722844141972,0.112218473028299,0,0,432
rc_201.1.txt,19,LateToGlobal,996110,50,950,950,1,348,348,0,453.4847,584.9272,131.4425,0.224715998845668,0.0201212489314796,0,0,590
rc_201.1.txt,19,LateTo2Opt,996110,50,950,950,1,348,348,0,504.5287,584.9272,80.3985,0.137450438276763,0.134945561704233,428,0,162
rc_201.1.txt,19,LateToVND,996110,50,950,950,1,348,348,0,506.6857,584.9272,78.2415,0.133762799883473,0.139797768479777,234,126,230
rc_201.1.txt,19,LateOnly,996110,100,1900,1900,1,348,348,0,444.5425,584.9272,140.3847,0.24000371328261,5.62379088495462e-06,0,0,882
rc_201.1.txt,19,LateToGlobal,996110,100,1900,1900,1,348,348,0,445.3805,584.9272,139.5467,0.238571056363937,0.00189071849552338,0,0,1280
rc_201.1.txt,19,LateTo2Opt,996110,100,1900,1900,1,348,348,0,452.0817,584.9272,132.8455,0.227114587935046,0.0169651774868402,1118,0,162
rc_201.1.txt,19,LateToVND,996110,100,1900,1900,1,348,348,0,444.5425,584.9272,140.3847,0.24000371328261,5.62379088495462e-06,504,360,416
rc_201.2.txt,25,LateOnly,996201,25,625,625,0,Inf,NaN,246.703,831.3277,NaN,NaN,NaN,NaN,0,0,325
rc_201.2.txt,25,LateToGlobal,996201,25,625,625,0,Inf,NaN,246.703,831.3277,NaN,NaN,NaN,NaN,0,0,325
rc_201.2.txt,25,LateTo2Opt,996201,25,625,625,0,Inf,NaN,246.703,831.3277,NaN,NaN,NaN,NaN,0,0,325
rc_201.2.txt,25,LateToVND,996201,25,625,625,0,Inf,NaN,246.703,831.3277,NaN,NaN,NaN,NaN,0,0,325
rc_201.2.txt,25,LateOnly,996201,50,1250,1250,1,880,880,0,746.7634,752.9621,6.19870000000014,0.00823241966627556,0.0495030497231357,0,0,670
rc_201.2.txt,25,LateToGlobal,996201,50,1250,1250,1,880,880,0,733.2872,752.9621,19.6749000000001,0.0261300004342849,0.0305635663490458,0,0,750
rc_201.2.txt,25,LateTo2Opt,996201,50,1250,1250,1,880,880,0,733.7217,752.9621,19.2404,0.0255529461575822,0.031174213677376,270,0,480
rc_201.2.txt,25,LateToVND,996201,50,1250,1250,1,880,880,0,731.1892,752.9621,21.7729,0.0289163292548191,0.0276150321837143,126,96,528
rc_201.2.txt,25,LateOnly,996201,100,2500,2500,1,880,880,0,711.5374,752.9621,41.4247000000003,0.0550156508541403,-3.65404615361491e-06,0,0,1344
rc_201.2.txt,25,LateToGlobal,996201,100,2500,2500,1,880,880,0,712.9058,752.9621,40.0563000000002,0.0531982951067526,0.00191949855243545,0,0,1720
rc_201.2.txt,25,LateTo2Opt,996201,100,2500,2500,1,880,880,0,712.9058,752.9621,40.0563000000002,0.0531982951067526,0.00191949855243545,1240,0,480
rc_201.2.txt,25,LateToVND,996201,100,2500,2500,1,880,880,0,712.9058,752.9621,40.0563000000002,0.0531982951067526,0.00191949855243545,496,408,816
rc_201.2.txt,25,LateOnly,996202,25,625,625,0,Inf,NaN,637.9224,856.2803,NaN,NaN,NaN,NaN,0,0,325
rc_201.2.txt,25,LateToGlobal,996202,25,625,625,0,Inf,NaN,637.9224,856.2803,NaN,NaN,NaN,NaN,0,0,325
rc_201.2.txt,25,LateTo2Opt,996202,25,625,625,0,Inf,NaN,637.9224,856.2803,NaN,NaN,NaN,NaN,0,0,325
rc_201.2.txt,25,LateToVND,996202,25,625,625,0,Inf,NaN,637.9224,856.2803,NaN,NaN,NaN,NaN,0,0,325
rc_201.2.txt,25,LateOnly,996202,50,1250,1250,0,Inf,NaN,19.9219000000003,758.1032,NaN,NaN,NaN,NaN,0,0,670
rc_201.2.txt,25,LateToGlobal,996202,50,1250,1250,0,Inf,NaN,19.9219000000003,758.1032,NaN,NaN,NaN,NaN,0,0,670
rc_201.2.txt,25,LateTo2Opt,996202,50,1250,1250,0,Inf,NaN,19.9219000000003,758.1032,NaN,NaN,NaN,NaN,0,0,670
rc_201.2.txt,25,LateToVND,996202,50,1250,1250,0,Inf,NaN,19.9219000000003,758.1032,NaN,NaN,NaN,NaN,0,0,670
rc_201.2.txt,25,LateOnly,996202,100,2500,2500,0,Inf,NaN,19.9219000000003,757.9663,NaN,NaN,NaN,NaN,0,0,1344
rc_201.2.txt,25,LateToGlobal,996202,100,2500,2500,0,Inf,NaN,19.9219000000003,757.9663,NaN,NaN,NaN,NaN,0,0,1344
rc_201.2.txt,25,LateTo2Opt,996202,100,2500,2500,0,Inf,NaN,19.9219000000003,757.9663,NaN,NaN,NaN,NaN,0,0,1344
rc_201.2.txt,25,LateToVND,996202,100,2500,2500,0,Inf,NaN,19.9219000000003,757.9663,NaN,NaN,NaN,NaN,0,0,1344
rc_201.2.txt,25,LateOnly,996203,25,625,625,0,Inf,NaN,507.5289,839.5662,NaN,NaN,NaN,NaN,0,0,325
rc_201.2.txt,25,LateToGlobal,996203,25,625,625,0,Inf,NaN,507.5289,839.5662,NaN,NaN,NaN,NaN,0,0,325
rc_201.2.txt,25,LateTo2Opt,996203,25,625,625,0,Inf,NaN,507.5289,839.5662,NaN,NaN,NaN,NaN,0,0,325
rc_201.2.txt,25,LateToVND,996203,25,625,625,0,Inf,NaN,507.5289,839.5662,NaN,NaN,NaN,NaN,0,0,325
rc_201.2.txt,25,LateOnly,996203,50,1250,1250,0,Inf,NaN,169.035,852.8307,NaN,NaN,NaN,NaN,0,0,670
rc_201.2.txt,25,LateToGlobal,996203,50,1250,1250,0,Inf,NaN,169.035,852.8307,NaN,NaN,NaN,NaN,0,0,670
rc_201.2.txt,25,LateTo2Opt,996203,50,1250,1250,0,Inf,NaN,169.035,852.8307,NaN,NaN,NaN,NaN,0,0,670
rc_201.2.txt,25,LateToVND,996203,50,1250,1250,0,Inf,NaN,169.035,852.8307,NaN,NaN,NaN,NaN,0,0,670
rc_201.2.txt,25,LateOnly,996203,100,2500,2500,1,1884,1888,0,738.4266,765.6301,27.2035000000001,0.0355308653617459,0.0377864912724514,0,0,1344
rc_201.2.txt,25,LateToGlobal,996203,100,2500,2500,1,1884,1888,0,758.6506,765.6301,6.97950000000026,0.00911602090879167,0.0662093487365431,0,0,1500
rc_201.2.txt,25,LateTo2Opt,996203,100,2500,2500,1,1884,1888,0,714.3136,765.6301,51.3165000000001,0.0670251861832497,0.00389802400427241,492,0,1008
rc_201.2.txt,25,LateToVND,996203,100,2500,2500,1,1884,1888,0,724.0392,765.6301,41.5909000000003,0.0543224463092559,0.0175664052618263,264,156,1080
rc_201.2.txt,25,LateOnly,996204,25,625,625,0,Inf,NaN,494.4784,878.3915,NaN,NaN,NaN,NaN,0,0,325
rc_201.2.txt,25,LateToGlobal,996204,25,625,625,0,Inf,NaN,494.4784,878.3915,NaN,NaN,NaN,NaN,0,0,325
rc_201.2.txt,25,LateTo2Opt,996204,25,625,625,0,Inf,NaN,494.4784,878.3915,NaN,NaN,NaN,NaN,0,0,325
rc_201.2.txt,25,LateToVND,996204,25,625,625,0,Inf,NaN,494.4784,878.3915,NaN,NaN,NaN,NaN,0,0,325
rc_201.2.txt,25,LateOnly,996204,50,1250,1250,1,796,796,0,746.3916,772.991,26.5994000000001,0.0344110086663364,0.0489805211231975,0,0,670
rc_201.2.txt,25,LateToGlobal,996204,50,1250,1250,1,796,796,0,737.0188,772.991,35.9721999999999,0.0465363762320647,0.0358079658206146,0,0,770
rc_201.2.txt,25,LateTo2Opt,996204,50,1250,1250,1,796,796,0,741.5111,772.991,31.4799,0.0407247949846765,0.04212145487253,338,0,432
rc_201.2.txt,25,LateToVND,996204,50,1250,1250,1,796,796,0,727.0804,772.991,45.9105999999999,0.0593934470129664,0.0218405149394273,216,120,434
rc_201.2.txt,25,LateOnly,996204,100,2500,2500,1,796,796,0,746.2767,772.991,26.7143000000001,0.0345596520528701,0.0488190403912639,0,0,1344
rc_201.2.txt,25,LateToGlobal,996204,100,2500,2500,1,796,796,0,733.7749,772.991,39.2161,0.0507329322074901,0.0312489810832842,0,0,1740
rc_201.2.txt,25,LateTo2Opt,996204,100,2500,2500,1,796,796,0,712.9058,772.991,60.0852000000001,0.0777307885861544,0.00191949855243545,1308,0,432
rc_201.2.txt,25,LateToVND,996204,100,2500,2500,1,796,796,0,712.9058,772.991,60.0852000000001,0.0777307885861544,0.00191949855243545,612,408,720
rc_201.2.txt,25,LateOnly,996205,25,625,625,0,Inf,NaN,609.4042,929.4994,NaN,NaN,NaN,NaN,0,0,325
rc_201.2.txt,25,LateToGlobal,996205,25,625,625,0,Inf,NaN,609.4042,929.4994,NaN,NaN,NaN,NaN,0,0,325
rc_201.2.txt,25,LateTo2Opt,996205,25,625,625,0,Inf,NaN,609.4042,929.4994,NaN,NaN,NaN,NaN,0,0,325
rc_201.2.txt,25,LateToVND,996205,25,625,625,0,Inf,NaN,609.4042,929.4994,NaN,NaN,NaN,NaN,0,0,325
rc_201.2.txt,25,LateOnly,996205,50,1250,1250,0,Inf,NaN,23.0903,820.3512,NaN,NaN,NaN,NaN,0,0,670
rc_201.2.txt,25,LateToGlobal,996205,50,1250,1250,0,Inf,NaN,23.0903,820.3512,NaN,NaN,NaN,NaN,0,0,670
rc_201.2.txt,25,LateTo2Opt,996205,50,1250,1250,0,Inf,NaN,23.0903,820.3512,NaN,NaN,NaN,NaN,0,0,670
rc_201.2.txt,25,LateToVND,996205,50,1250,1250,0,Inf,NaN,23.0903,820.3512,NaN,NaN,NaN,NaN,0,0,670
rc_201.2.txt,25,LateOnly,996205,100,2500,2500,1,1484,1492,0,733.7749,760.3903,26.6154,0.0350022876409655,0.0312489810832842,0,0,1344
rc_201.2.txt,25,LateToGlobal,996205,100,2500,2500,1,1484,1492,0,733.7749,760.3903,26.6154,0.0350022876409655,0.0312489810832842,0,0,1584
rc_201.2.txt,25,LateTo2Opt,996205,100,2500,2500,1,1484,1492,0,711.5374,760.3903,48.8529000000002,0.0642471372925196,-3.65404615361491e-06,792,0,792
rc_201.2.txt,25,LateToVND,996205,100,2500,2500,1,1484,1492,0,722.574,760.3903,37.8163000000001,0.0497327490895137,0.0155072097141411,336,264,984
rc_201.2.txt,25,LateOnly,996206,25,625,625,0,Inf,NaN,330.2,917.0193,NaN,NaN,NaN,NaN,0,0,325
rc_201.2.txt,25,LateToGlobal,996206,25,625,625,0,Inf,NaN,330.2,917.0193,NaN,NaN,NaN,NaN,0,0,325
rc_201.2.txt,25,LateTo2Opt,996206,25,625,625,0,Inf,NaN,330.2,917.0193,NaN,NaN,NaN,NaN,0,0,325
rc_201.2.txt,25,LateToVND,996206,25,625,625,0,Inf,NaN,330.2,917.0193,NaN,NaN,NaN,NaN,0,0,325
rc_201.2.txt,25,LateOnly,996206,50,1250,1250,1,943,943,0,742.0553,765.6092,23.5539,0.0307649124383563,0.0428862748404869,0,0,670
rc_201.2.txt,25,LateToGlobal,996206,50,1250,1250,1,943,943,0,751.5669,765.6092,14.0423,0.0183413417707101,0.0562538999915677,0,0,730
rc_201.2.txt,25,LateTo2Opt,996206,50,1250,1250,1,943,943,0,735.2771,765.6092,30.3321,0.0396182543260974,0.0333601765185373,226,0,504
rc_201.2.txt,25,LateToVND,996206,50,1250,1250,1,943,943,0,745.9098,765.6092,19.6994,0.0257303595620324,0.0483033982629228,130,72,528
rc_201.2.txt,25,LateOnly,996206,100,2500,2500,1,943,943,0,711.5374,765.6092,54.0718000000002,0.0706258493236499,-3.65404615361491e-06,0,0,1344
rc_201.2.txt,25,LateToGlobal,996206,100,2500,2500,1,943,943,0,711.5374,765.6092,54.0718000000002,0.0706258493236499,-3.65404615361491e-06,0,0,1720
rc_201.2.txt,25,LateTo2Opt,996206,100,2500,2500,1,943,943,0,712.9058,765.6092,52.7034000000001,0.0688385144797112,0.00191949855243545,1216,0,504
rc_201.2.txt,25,LateToVND,996206,100,2500,2500,1,943,943,0,714.7813,765.6092,50.8279000000001,0.0663888312731876,0.00455533069117676,544,408,768
rc_201.2.txt,25,LateOnly,996207,25,625,625,0,Inf,NaN,637.7842,890.5342,NaN,NaN,NaN,NaN,0,0,325
rc_201.2.txt,25,LateToGlobal,996207,25,625,625,0,Inf,NaN,637.7842,890.5342,NaN,NaN,NaN,NaN,0,0,325
rc_201.2.txt,25,LateTo2Opt,996207,25,625,625,0,Inf,NaN,637.7842,890.5342,NaN,NaN,NaN,NaN,0,0,325
rc_201.2.txt,25,LateToVND,996207,25,625,625,0,Inf,NaN,637.7842,890.5342,NaN,NaN,NaN,NaN,0,0,325
rc_201.2.txt,25,LateOnly,996207,50,1250,1250,0,Inf,NaN,65.6897000000002,850.8545,NaN,NaN,NaN,NaN,0,0,670
rc_201.2.txt,25,LateToGlobal,996207,50,1250,1250,0,Inf,NaN,65.6897000000002,850.8545,NaN,NaN,NaN,NaN,0,0,670
rc_201.2.txt,25,LateTo2Opt,996207,50,1250,1250,0,Inf,NaN,65.6897000000002,850.8545,NaN,NaN,NaN,NaN,0,0,670
rc_201.2.txt,25,LateToVND,996207,50,1250,1250,0,Inf,NaN,65.6897000000002,850.8545,NaN,NaN,NaN,NaN,0,0,670
rc_201.2.txt,25,LateOnly,996207,100,2500,2500,0,Inf,NaN,56.2079000000002,844.293,NaN,NaN,NaN,NaN,0,0,1344
rc_201.2.txt,25,LateToGlobal,996207,100,2500,2500,0,Inf,NaN,56.2079000000002,844.293,NaN,NaN,NaN,NaN,0,0,1344
rc_201.2.txt,25,LateTo2Opt,996207,100,2500,2500,0,Inf,NaN,56.2079000000002,844.293,NaN,NaN,NaN,NaN,0,0,1344
rc_201.2.txt,25,LateToVND,996207,100,2500,2500,0,Inf,NaN,56.2079000000002,844.293,NaN,NaN,NaN,NaN,0,0,1344
rc_201.2.txt,25,LateOnly,996208,25,625,625,0,Inf,NaN,117.2363,735.4952,NaN,NaN,NaN,NaN,0,0,325
rc_201.2.txt,25,LateToGlobal,996208,25,625,625,0,Inf,NaN,117.2363,735.4952,NaN,NaN,NaN,NaN,0,0,325
rc_201.2.txt,25,LateTo2Opt,996208,25,625,625,0,Inf,NaN,117.2363,735.4952,NaN,NaN,NaN,NaN,0,0,325
rc_201.2.txt,25,LateToVND,996208,25,625,625,0,Inf,NaN,117.2363,735.4952,NaN,NaN,NaN,NaN,0,0,325
rc_201.2.txt,25,LateOnly,996208,50,1250,1250,1,658,658,0,727.6379,741.9861,14.3481999999999,0.0193375590189626,0.022624026758861,0,0,670
rc_201.2.txt,25,LateToGlobal,996208,50,1250,1250,1,658,658,0,712.9452,741.9861,29.0409,0.0391394124499097,0.00197487140568334,0,0,792
rc_201.2.txt,25,LateTo2Opt,996208,50,1250,1250,1,658,658,0,711.5374,741.9861,30.4487,0.0410367525752841,-3.65404615361491e-06,432,0,360
rc_201.2.txt,25,LateToVND,996208,50,1250,1250,1,658,658,0,724.0392,741.9861,17.9469,0.02418764987646,0.0175664052618263,168,144,480
rc_201.2.txt,25,LateOnly,996208,100,2500,2500,1,658,658,0,711.5374,741.9861,30.4487,0.0410367525752841,-3.65404615361491e-06,0,0,1344
rc_201.2.txt,25,LateToGlobal,996208,100,2500,2500,1,658,658,0,711.5374,741.9861,30.4487,0.0410367525752841,-3.65404615361491e-06,0,0,1780
rc_201.2.txt,25,LateTo2Opt,996208,100,2500,2500,1,658,658,0,711.5374,741.9861,30.4487,0.0410367525752841,-3.65404615361491e-06,1420,0,360
rc_201.2.txt,25,LateToVND,996208,100,2500,2500,1,658,658,0,711.5374,741.9861,30.4487,0.0410367525752841,-3.65404615361491e-06,552,480,748
rc_201.2.txt,25,LateOnly,996209,25,625,625,0,Inf,NaN,165.1601,842.4778,NaN,NaN,NaN,NaN,0,0,325
rc_201.2.txt,25,LateToGlobal,996209,25,625,625,0,Inf,NaN,165.1601,842.4778,NaN,NaN,NaN,NaN,0,0,325
rc_201.2.txt,25,LateTo2Opt,996209,25,625,625,0,Inf,NaN,165.1601,842.4778,NaN,NaN,NaN,NaN,0,0,325
rc_201.2.txt,25,LateToVND,996209,25,625,625,0,Inf,NaN,165.1601,842.4778,NaN,NaN,NaN,NaN,0,0,325
rc_201.2.txt,25,LateOnly,996209,50,1250,1250,0,Inf,NaN,50.2455,784.3823,NaN,NaN,NaN,NaN,0,0,670
rc_201.2.txt,25,LateToGlobal,996209,50,1250,1250,0,Inf,NaN,50.2455,784.3823,NaN,NaN,NaN,NaN,0,0,670
rc_201.2.txt,25,LateTo2Opt,996209,50,1250,1250,0,Inf,NaN,50.2455,784.3823,NaN,NaN,NaN,NaN,0,0,670
rc_201.2.txt,25,LateToVND,996209,50,1250,1250,0,Inf,NaN,50.2455,784.3823,NaN,NaN,NaN,NaN,0,0,670
rc_201.2.txt,25,LateOnly,996209,100,2500,2500,1,1743,1756,0,720.6113,770.1957,49.5844000000001,0.0643789623857937,0.0127488264890237,0,0,1344
rc_201.2.txt,25,LateToGlobal,996209,100,2500,2500,1,1743,1756,0,722.574,770.1957,47.6217,0.0618306490155684,0.0155072097141411,0,0,1520
rc_201.2.txt,25,LateTo2Opt,996209,100,2500,2500,1,1743,1756,0,721.1025,770.1957,49.0932000000001,0.0637412023982997,0.0134391601315455,584,0,936
rc_201.2.txt,25,LateToVND,996209,100,2500,2500,1,1743,1756,0,722.574,770.1957,47.6217,0.0618306490155684,0.0155072097141411,296,192,1032
rc_201.2.txt,25,LateOnly,996210,25,625,625,0,Inf,NaN,534.777100000001,936.7329,NaN,NaN,NaN,NaN,0,0,325
rc_201.2.txt,25,LateToGlobal,996210,25,625,625,0,Inf,NaN,534.777100000001,936.7329,NaN,NaN,NaN,NaN,0,0,325
rc_201.2.txt,25,LateTo2Opt,996210,25,625,625,0,Inf,NaN,534.777100000001,936.7329,NaN,NaN,NaN,NaN,0,0,325
rc_201.2.txt,25,LateToVND,996210,25,625,625,0,Inf,NaN,534.777100000001,936.7329,NaN,NaN,NaN,NaN,0,0,325
rc_201.2.txt,25,LateOnly,996210,50,1250,1250,0,Inf,NaN,208.5736,847.6714,NaN,NaN,NaN,NaN,0,0,670
rc_201.2.txt,25,LateToGlobal,996210,50,1250,1250,0,Inf,NaN,208.5736,847.6714,NaN,NaN,NaN,NaN,0,0,670
rc_201.2.txt,25,LateTo2Opt,996210,50,1250,1250,0,Inf,NaN,208.5736,847.6714,NaN,NaN,NaN,NaN,0,0,670
rc_201.2.txt,25,LateToVND,996210,50,1250,1250,0,Inf,NaN,208.5736,847.6714,NaN,NaN,NaN,NaN,0,0,670
rc_201.2.txt,25,LateOnly,996210,100,2500,2500,1,2303,2303,0,762.3653,772.4628,10.0975000000001,0.0130718268892691,0.0714299969081148,0,0,1344
rc_201.2.txt,25,LateToGlobal,996210,100,2500,2500,1,2303,2303,0,749.5169,772.4628,22.9459000000001,0.029704860868381,0.0533728251398375,0,0,1392
rc_201.2.txt,25,LateTo2Opt,996210,100,2500,2500,1,2303,2303,0,741.9839,772.4628,30.4789000000002,0.0394567867863672,0.0427859291115044,144,0,1248
rc_201.2.txt,25,LateToVND,996210,100,2500,2500,1,2303,2303,0,735.4224,772.4628,37.0404000000002,0.0479510469630385,0.0335643814824182,96,48,1248
rc_201.3.txt,31,LateOnly,996301,25,775,775,0,Inf,NaN,1220.6875,994.2798,NaN,NaN,NaN,NaN,0,0,450
rc_201.3.txt,31,LateToGlobal,996301,25,775,775,0,Inf,NaN,1220.6875,994.2798,NaN,NaN,NaN,NaN,0,0,450
rc_201.3.txt,31,LateTo2Opt,996301,25,775,775,0,Inf,NaN,1220.6875,994.2798,NaN,NaN,NaN,NaN,0,0,450
rc_201.3.txt,31,LateToVND,996301,25,775,775,0,Inf,NaN,1220.6875,994.2798,NaN,NaN,NaN,NaN,0,0,450
rc_201.3.txt,31,LateOnly,996301,50,1550,1550,0,Inf,NaN,120.6788,860.2012,NaN,NaN,NaN,NaN,0,0,910
rc_201.3.txt,31,LateToGlobal,996301,50,1550,1550,0,Inf,NaN,120.6788,860.2012,NaN,NaN,NaN,NaN,0,0,910
rc_201.3.txt,31,LateTo2Opt,996301,50,1550,1550,0,Inf,NaN,120.6788,860.2012,NaN,NaN,NaN,NaN,0,0,910
rc_201.3.txt,31,LateToVND,996301,50,1550,1550,0,Inf,NaN,120.6788,860.2012,NaN,NaN,NaN,NaN,0,0,910
rc_201.3.txt,31,LateOnly,996301,100,3100,3100,1,2874,2890,0,862.975,862.975,0,0,0.0915305903036894,0,0,1840
rc_201.3.txt,31,LateToGlobal,996301,100,3100,3100,1,2874,2890,0,861.3093,862.975,1.66570000000002,0.00193018337727051,0.089423736102503,0,0,1890
rc_201.3.txt,31,LateTo2Opt,996301,100,3100,3100,1,2874,2890,0,862.975,862.975,0,0,0.0915305903036894,180,0,1710
rc_201.3.txt,31,LateToVND,996301,100,3100,3100,1,2874,2890,0,862.975,862.975,0,0,0.0915305903036894,60,60,1770
rc_201.3.txt,31,LateOnly,996302,25,775,775,0,Inf,NaN,1293.4214,942.0546,NaN,NaN,NaN,NaN,0,0,450
rc_201.3.txt,31,LateToGlobal,996302,25,775,775,0,Inf,NaN,1293.4214,942.0546,NaN,NaN,NaN,NaN,0,0,450
rc_201.3.txt,31,LateTo2Opt,996302,25,775,775,0,Inf,NaN,1293.4214,942.0546,NaN,NaN,NaN,NaN,0,0,450
rc_201.3.txt,31,LateToVND,996302,25,775,775,0,Inf,NaN,1293.4214,942.0546,NaN,NaN,NaN,NaN,0,0,450
rc_201.3.txt,31,LateOnly,996302,50,1550,1550,0,Inf,NaN,0.15589999999986,828.1433,NaN,NaN,NaN,NaN,0,0,910
rc_201.3.txt,31,LateToGlobal,996302,50,1550,1550,0,Inf,NaN,0.15589999999986,828.1433,NaN,NaN,NaN,NaN,0,0,910
rc_201.3.txt,31,LateTo2Opt,996302,50,1550,1550,0,Inf,NaN,0.15589999999986,828.1433,NaN,NaN,NaN,NaN,0,0,910
rc_201.3.txt,31,LateToVND,996302,50,1550,1550,0,Inf,NaN,0.15589999999986,828.1433,NaN,NaN,NaN,NaN,0,0,910
rc_201.3.txt,31,LateOnly,996302,100,3100,3100,1,2485,2490,0,806.1471,810.2031,4.05600000000004,0.00500615216110632,0.019652040829233,0,0,1840
rc_201.3.txt,31,LateToGlobal,996302,100,3100,3100,1,2485,2490,0,806.1471,810.2031,4.05600000000004,0.00500615216110632,0.019652040829233,0,0,1980
rc_201.3.txt,31,LateTo2Opt,996302,100,3100,3100,1,2485,2490,0,806.1471,810.2031,4.05600000000004,0.00500615216110632,0.019652040829233,510,0,1470
rc_201.3.txt,31,LateToVND,996302,100,3100,3100,1,2485,2490,0,806.1471,810.2031,4.05600000000004,0.00500615216110632,0.019652040829233,180,180,1620
rc_201.3.txt,31,LateOnly,996303,25,775,775,0,Inf,NaN,156.0888,888.1511,NaN,NaN,NaN,NaN,0,0,450
rc_201.3.txt,31,LateToGlobal,996303,25,775,775,0,Inf,NaN,156.0888,888.1511,NaN,NaN,NaN,NaN,0,0,450
rc_201.3.txt,31,LateTo2Opt,996303,25,775,775,0,Inf,NaN,156.0888,888.1511,NaN,NaN,NaN,NaN,0,0,450
rc_201.3.txt,31,LateToVND,996303,25,775,775,0,Inf,NaN,156.0888,888.1511,NaN,NaN,NaN,NaN,0,0,450
rc_201.3.txt,31,LateOnly,996303,50,1550,1550,1,896,896,0,835.8886,847.1628,11.2742,0.0133081858646295,0.0572704620482918,0,0,910
rc_201.3.txt,31,LateToGlobal,996303,50,1550,1550,1,896,896,0,847.1628,847.1628,0,0,0.0715305903036895,0,0,1050
rc_201.3.txt,31,LateTo2Opt,996303,50,1550,1550,1,896,896,0,808.896,847.1628,38.2668,0.0451705386497141,0.0231289763600257,510,0,540
rc_201.3.txt,31,LateToVND,996303,50,1550,1550,1,896,896,0,818.4062,847.1628,28.7565999999999,0.0339445971895838,0.0351579160395138,180,180,690
rc_201.3.txt,31,LateOnly,996303,100,3100,3100,1,896,896,0,790.6069,847.1628,56.5559,0.0667591872542089,-3.92102300757345e-06,0,0,1840
rc_201.3.txt,31,LateToGlobal,996303,100,3100,3100,1,896,896,0,790.6069,847.1628,56.5559,0.0667591872542089,-3.92102300757345e-06,0,0,2320
rc_201.3.txt,31,LateTo2Opt,996303,100,3100,3100,1,896,896,0,790.6069,847.1628,56.5559,0.0667591872542089,-3.92102300757345e-06,1780,0,540
rc_201.3.txt,31,LateToVND,996303,100,3100,3100,1,896,896,0,808.896,847.1628,38.2668,0.0451705386497141,0.0231289763600257,630,600,1090
rc_201.3.txt,31,LateOnly,996304,25,775,775,0,Inf,NaN,1753.0139,950.3805,NaN,NaN,NaN,NaN,0,0,450
rc_201.3.txt,31,LateToGlobal,996304,25,775,775,0,Inf,NaN,1753.0139,950.3805,NaN,NaN,NaN,NaN,0,0,450
rc_201.3.txt,31,LateTo2Opt,996304,25,775,775,0,Inf,NaN,1753.0139,950.3805,NaN,NaN,NaN,NaN,0,0,450
rc_201.3.txt,31,LateToVND,996304,25,775,775,0,Inf,NaN,1753.0139,950.3805,NaN,NaN,NaN,NaN,0,0,450
rc_201.3.txt,31,LateOnly,996304,50,1550,1550,0,Inf,NaN,113.9131,843.0647,NaN,NaN,NaN,NaN,0,0,910
rc_201.3.txt,31,LateToGlobal,996304,50,1550,1550,0,Inf,NaN,113.9131,843.0647,NaN,NaN,NaN,NaN,0,0,910
rc_201.3.txt,31,LateTo2Opt,996304,50,1550,1550,0,Inf,NaN,113.9131,843.0647,NaN,NaN,NaN,NaN,0,0,910
rc_201.3.txt,31,LateToVND,996304,50,1550,1550,0,Inf,NaN,113.9131,843.0647,NaN,NaN,NaN,NaN,0,0,910
rc_201.3.txt,31,LateOnly,996304,100,3100,3100,0,Inf,NaN,83.0344000000001,823.0342,NaN,NaN,NaN,NaN,0,0,1840
rc_201.3.txt,31,LateToGlobal,996304,100,3100,3100,0,Inf,NaN,83.0344000000001,823.0342,NaN,NaN,NaN,NaN,0,0,1840
rc_201.3.txt,31,LateTo2Opt,996304,100,3100,3100,0,Inf,NaN,83.0344000000001,823.0342,NaN,NaN,NaN,NaN,0,0,1840
rc_201.3.txt,31,LateToVND,996304,100,3100,3100,0,Inf,NaN,83.0344000000001,823.0342,NaN,NaN,NaN,NaN,0,0,1840
rc_201.3.txt,31,LateOnly,996305,25,775,775,0,Inf,NaN,1578.0822,930.1732,NaN,NaN,NaN,NaN,0,0,450
rc_201.3.txt,31,LateToGlobal,996305,25,775,775,0,Inf,NaN,1578.0822,930.1732,NaN,NaN,NaN,NaN,0,0,450
rc_201.3.txt,31,LateTo2Opt,996305,25,775,775,0,Inf,NaN,1578.0822,930.1732,NaN,NaN,NaN,NaN,0,0,450
rc_201.3.txt,31,LateToVND,996305,25,775,775,0,Inf,NaN,1578.0822,930.1732,NaN,NaN,NaN,NaN,0,0,450
rc_201.3.txt,31,LateOnly,996305,50,1550,1550,0,Inf,NaN,490.311299999999,911.0139,NaN,NaN,NaN,NaN,0,0,910
rc_201.3.txt,31,LateToGlobal,996305,50,1550,1550,0,Inf,NaN,490.311299999999,911.0139,NaN,NaN,NaN,NaN,0,0,910
rc_201.3.txt,31,LateTo2Opt,996305,50,1550,1550,0,Inf,NaN,490.311299999999,911.0139,NaN,NaN,NaN,NaN,0,0,910
rc_201.3.txt,31,LateToVND,996305,50,1550,1550,0,Inf,NaN,490.311299999999,911.0139,NaN,NaN,NaN,NaN,0,0,910
rc_201.3.txt,31,LateOnly,996305,100,3100,3100,0,Inf,NaN,339.4566,911.694,NaN,NaN,NaN,NaN,0,0,1840
rc_201.3.txt,31,LateToGlobal,996305,100,3100,3100,0,Inf,NaN,339.4566,911.694,NaN,NaN,NaN,NaN,0,0,1840
rc_201.3.txt,31,LateTo2Opt,996305,100,3100,3100,0,Inf,NaN,339.4566,911.694,NaN,NaN,NaN,NaN,0,0,1840
rc_201.3.txt,31,LateToVND,996305,100,3100,3100,0,Inf,NaN,339.4566,911.694,NaN,NaN,NaN,NaN,0,0,1840
rc_201.3.txt,31,LateOnly,996306,25,775,775,0,Inf,NaN,2436.3569,1004.8359,NaN,NaN,NaN,NaN,0,0,450
rc_201.3.txt,31,LateToGlobal,996306,25,775,775,0,Inf,NaN,2436.3569,1004.8359,NaN,NaN,NaN,NaN,0,0,450
rc_201.3.txt,31,LateTo2Opt,996306,25,775,775,0,Inf,NaN,2436.3569,1004.8359,NaN,NaN,NaN,NaN,0,0,450
rc_201.3.txt,31,LateToVND,996306,25,775,775,0,Inf,NaN,2436.3569,1004.8359,NaN,NaN,NaN,NaN,0,0,450
rc_201.3.txt,31,LateOnly,996306,50,1550,1550,1,1343,1343,0,821.7009,823.0242,1.32330000000002,0.00160785065615327,0.0393252045888617,0,0,910
rc_201.3.txt,31,LateToGlobal,996306,50,1550,1550,1,1343,1343,0,815.9858,823.0242,7.03840000000002,0.00855187490234191,0.0320964824629083,0,0,950
rc_201.3.txt,31,LateTo2Opt,996306,50,1550,1550,1,1343,1343,0,821.1414,823.0242,1.88279999999986,0.00228766055724712,0.0386175231783055,140,0,810
rc_201.3.txt,31,LateToVND,996306,50,1550,1550,1,1343,1343,0,815.9858,823.0242,7.03840000000002,0.00855187490234191,0.0320964824629083,80,30,840
rc_201.3.txt,31,LateOnly,996306,100,3100,3100,1,1343,1343,0,797.1434,823.0242,25.8808,0.0314459769226713,0.00826374571533362,0,0,1840
rc_201.3.txt,31,LateToGlobal,996306,100,3100,3100,1,1343,1343,0,797.1434,823.0242,25.8808,0.0314459769226713,0.00826374571533362,0,0,2220
rc_201.3.txt,31,LateTo2Opt,996306,100,3100,3100,1,1343,1343,0,808.0886,823.0242,14.9356,0.0181472185143523,0.0221077395934783,1410,0,810
rc_201.3.txt,31,LateToVND,996306,100,3100,3100,1,1343,1343,0,811.1962,823.0242,11.8280000000001,0.0143713878644153,0.0260383754316286,570,480,1170
rc_201.3.txt,31,LateOnly,996307,25,775,775,0,Inf,NaN,1790.7182,1014.8876,NaN,NaN,NaN,NaN,0,0,450
rc_201.3.txt,31,LateToGlobal,996307,25,775,775,0,Inf,NaN,1790.7182,1014.8876,NaN,NaN,NaN,NaN,0,0,450
rc_201.3.txt,31,LateTo2Opt,996307,25,775,775,0,Inf,NaN,1790.7182,1014.8876,NaN,NaN,NaN,NaN,0,0,450
rc_201.3.txt,31,LateToVND,996307,25,775,775,0,Inf,NaN,1790.7182,1014.8876,NaN,NaN,NaN,NaN,0,0,450
rc_201.3.txt,31,LateOnly,996307,50,1550,1550,1,1198,1198,0,859.2335,864.8726,5.6391000000001,0.00652015106039907,0.0867981685028014,0,0,910
rc_201.3.txt,31,LateToGlobal,996307,50,1550,1550,1,1198,1198,0,856.9989,864.8726,7.87369999999999,0.00910388420213565,0.0839717433374229,0,0,990
rc_201.3.txt,31,LateTo2Opt,996307,50,1550,1550,1,1198,1198,0,858.778,864.8726,6.09460000000001,0.00704681822501952,0.0862220310899178,270,0,720
rc_201.3.txt,31,LateToVND,996307,50,1550,1550,1,1198,1198,0,813.553,864.8726,51.3196,0.0593377567979377,0.0290193647942726,150,60,780
rc_201.3.txt,31,LateOnly,996307,100,3100,3100,1,1198,1198,0,851.0606,864.8726,13.8120000000001,0.0159699821684721,0.0764607075549257,0,0,1840
rc_201.3.txt,31,LateToGlobal,996307,100,3100,3100,1,1198,1198,0,851.0606,864.8726,13.8120000000001,0.0159699821684721,0.0764607075549257,0,0,2250
rc_201.3.txt,31,LateTo2Opt,996307,100,3100,3100,1,1198,1198,0,812.2723,864.8726,52.6002999999999,0.0608185529290672,0.0273994763537015,1530,0,720
rc_201.3.txt,31,LateToVND,996307,100,3100,3100,1,1198,1198,0,790.6069,864.8726,74.2656999999999,0.0858689476345995,-3.92102300757345e-06,660,480,1110
rc_201.3.txt,31,LateOnly,996308,25,775,775,0,Inf,NaN,774.7322,1004.891,NaN,NaN,NaN,NaN,0,0,450
rc_201.3.txt,31,LateToGlobal,996308,25,775,775,0,Inf,NaN,774.7322,1004.891,NaN,NaN,NaN,NaN,0,0,450
rc_201.3.txt,31,LateTo2Opt,996308,25,775,775,0,Inf,NaN,774.7322,1004.891,NaN,NaN,NaN,NaN,0,0,450
rc_201.3.txt,31,LateToVND,996308,25,775,775,0,Inf,NaN,774.7322,1004.891,NaN,NaN,NaN,NaN,0,0,450
rc_201.3.txt,31,LateOnly,996308,50,1550,1550,0,Inf,NaN,602.3952,959.8782,NaN,NaN,NaN,NaN,0,0,910
rc_201.3.txt,31,LateToGlobal,996308,50,1550,1550,0,Inf,NaN,602.3952,959.8782,NaN,NaN,NaN,NaN,0,0,910
rc_201.3.txt,31,LateTo2Opt,996308,50,1550,1550,0,Inf,NaN,602.3952,959.8782,NaN,NaN,NaN,NaN,0,0,910
rc_201.3.txt,31,LateToVND,996308,50,1550,1550,0,Inf,NaN,602.3952,959.8782,NaN,NaN,NaN,NaN,0,0,910
rc_201.3.txt,31,LateOnly,996308,100,3100,3100,0,Inf,NaN,302.015,883.7775,NaN,NaN,NaN,NaN,0,0,1840
rc_201.3.txt,31,LateToGlobal,996308,100,3100,3100,0,Inf,NaN,302.015,883.7775,NaN,NaN,NaN,NaN,0,0,1840
rc_201.3.txt,31,LateTo2Opt,996308,100,3100,3100,0,Inf,NaN,302.015,883.7775,NaN,NaN,NaN,NaN,0,0,1840
rc_201.3.txt,31,LateToVND,996308,100,3100,3100,0,Inf,NaN,302.015,883.7775,NaN,NaN,NaN,NaN,0,0,1840
rc_201.3.txt,31,LateOnly,996309,25,775,775,0,Inf,NaN,1779.3991,1121.3149,NaN,NaN,NaN,NaN,0,0,450
rc_201.3.txt,31,LateToGlobal,996309,25,775,775,0,Inf,NaN,1779.3991,1121.3149,NaN,NaN,NaN,NaN,0,0,450
rc_201.3.txt,31,LateTo2Opt,996309,25,775,775,0,Inf,NaN,1779.3991,1121.3149,NaN,NaN,NaN,NaN,0,0,450
rc_201.3.txt,31,LateToVND,996309,25,775,775,0,Inf,NaN,1779.3991,1121.3149,NaN,NaN,NaN,NaN,0,0,450
rc_201.3.txt,31,LateOnly,996309,50,1550,1550,0,Inf,NaN,296.6832,939.3868,NaN,NaN,NaN,NaN,0,0,910
rc_201.3.txt,31,LateToGlobal,996309,50,1550,1550,0,Inf,NaN,296.6832,939.3868,NaN,NaN,NaN,NaN,0,0,910
rc_201.3.txt,31,LateTo2Opt,996309,50,1550,1550,0,Inf,NaN,296.6832,939.3868,NaN,NaN,NaN,NaN,0,0,910
rc_201.3.txt,31,LateToVND,996309,50,1550,1550,0,Inf,NaN,296.6832,939.3868,NaN,NaN,NaN,NaN,0,0,910
rc_201.3.txt,31,LateOnly,996309,100,3100,3100,0,Inf,NaN,83.0194,844.0475,NaN,NaN,NaN,NaN,0,0,1840
rc_201.3.txt,31,LateToGlobal,996309,100,3100,3100,0,Inf,NaN,83.0194,844.0475,NaN,NaN,NaN,NaN,0,0,1840
rc_201.3.txt,31,LateTo2Opt,996309,100,3100,3100,0,Inf,NaN,83.0194,844.0475,NaN,NaN,NaN,NaN,0,0,1840
rc_201.3.txt,31,LateToVND,996309,100,3100,3100,0,Inf,NaN,83.0194,844.0475,NaN,NaN,NaN,NaN,0,0,1840
rc_201.3.txt,31,LateOnly,996310,25,775,775,0,Inf,NaN,1598.2488,958.2967,NaN,NaN,NaN,NaN,0,0,450
rc_201.3.txt,31,LateToGlobal,996310,25,775,775,0,Inf,NaN,1598.2488,958.2967,NaN,NaN,NaN,NaN,0,0,450
rc_201.3.txt,31,LateTo2Opt,996310,25,775,775,0,Inf,NaN,1598.2488,958.2967,NaN,NaN,NaN,NaN,0,0,450
rc_201.3.txt,31,LateToVND,996310,25,775,775,0,Inf,NaN,1598.2488,958.2967,NaN,NaN,NaN,NaN,0,0,450
rc_201.3.txt,31,LateOnly,996310,50,1550,1550,1,1152,1152,0,824.8219,842.7718,17.9499000000001,0.0212986481037928,0.0432727893651736,0,0,910
rc_201.3.txt,31,LateToGlobal,996310,50,1550,1550,1,1152,1152,0,819.7035,842.7718,23.0683000000001,0.0273719410165363,0.0367988009258672,0,0,990
rc_201.3.txt,31,LateTo2Opt,996310,50,1550,1550,1,1152,1152,0,820.1375,842.7718,22.6343000000001,0.0268569736196679,0.0373477441469244,300,0,690
rc_201.3.txt,31,LateToVND,996310,50,1550,1550,1,1152,1152,0,827.7774,842.7718,14.9944,0.0177917675935527,0.0470110421067276,180,60,750
rc_201.3.txt,31,LateOnly,996310,100,3100,3100,1,1152,1152,0,795.4379,842.7718,47.3339000000001,0.0561645513055848,0.00610655063811473,0,0,1840
rc_201.3.txt,31,LateToGlobal,996310,100,3100,3100,1,1152,1152,0,797.0755,842.7718,45.6963000000001,0.0542214393030237,0.00817786266300693,0,0,2260
rc_201.3.txt,31,LateTo2Opt,996310,100,3100,3100,1,1152,1152,0,813.727,842.7718,29.0448000000001,0.0344634217708757,0.029239448021148,1570,0,690
rc_201.3.txt,31,LateToVND,996310,100,3100,3100,1,1152,1152,0,795.4379,842.7718,47.3339000000001,0.0561645513055848,0.00610655063811473,720,460,1080
rc_202.1.txt,32,LateOnly,996401,25,800,800,0,Inf,NaN,2469.2803,1028.0551,NaN,NaN,NaN,NaN,0,0,465
rc_202.1.txt,32,LateToGlobal,996401,25,800,800,0,Inf,NaN,2469.2803,1028.0551,NaN,NaN,NaN,NaN,0,0,465
rc_202.1.txt,32,LateTo2Opt,996401,25,800,800,0,Inf,NaN,2469.2803,1028.0551,NaN,NaN,NaN,NaN,0,0,465
rc_202.1.txt,32,LateToVND,996401,25,800,800,0,Inf,NaN,2469.2803,1028.0551,NaN,NaN,NaN,NaN,0,0,465
rc_202.1.txt,32,LateOnly,996401,50,1600,1600,0,Inf,NaN,2469.2803,1028.0551,NaN,NaN,NaN,NaN,0,0,960
rc_202.1.txt,32,LateToGlobal,996401,50,1600,1600,0,Inf,NaN,2469.2803,1028.0551,NaN,NaN,NaN,NaN,0,0,960
rc_202.1.txt,32,LateTo2Opt,996401,50,1600,1600,0,Inf,NaN,2469.2803,1028.0551,NaN,NaN,NaN,NaN,0,0,960
rc_202.1.txt,32,LateToVND,996401,50,1600,1600,0,Inf,NaN,2469.2803,1028.0551,NaN,NaN,NaN,NaN,0,0,960
rc_202.1.txt,32,LateOnly,996401,100,3200,3200,0,Inf,NaN,1178.0831,979.0544,NaN,NaN,NaN,NaN,0,0,1922
rc_202.1.txt,32,LateToGlobal,996401,100,3200,3200,0,Inf,NaN,1178.0831,979.0544,NaN,NaN,NaN,NaN,0,0,1922
rc_202.1.txt,32,LateTo2Opt,996401,100,3200,3200,0,Inf,NaN,1178.0831,979.0544,NaN,NaN,NaN,NaN,0,0,1922
rc_202.1.txt,32,LateToVND,996401,100,3200,3200,0,Inf,NaN,1178.0831,979.0544,NaN,NaN,NaN,NaN,0,0,1922
rc_202.1.txt,32,LateOnly,996402,25,800,800,0,Inf,NaN,810.7041,996.3758,NaN,NaN,NaN,NaN,0,0,465
rc_202.1.txt,32,LateToGlobal,996402,25,800,800,0,Inf,NaN,810.7041,996.3758,NaN,NaN,NaN,NaN,0,0,465
rc_202.1.txt,32,LateTo2Opt,996402,25,800,800,0,Inf,NaN,810.7041,996.3758,NaN,NaN,NaN,NaN,0,0,465
rc_202.1.txt,32,LateToVND,996402,25,800,800,0,Inf,NaN,810.7041,996.3758,NaN,NaN,NaN,NaN,0,0,465
rc_202.1.txt,32,LateOnly,996402,50,1600,1600,0,Inf,NaN,205.8016,924.6983,NaN,NaN,NaN,NaN,0,0,960
rc_202.1.txt,32,LateToGlobal,996402,50,1600,1600,0,Inf,NaN,205.8016,924.6983,NaN,NaN,NaN,NaN,0,0,960
rc_202.1.txt,32,LateTo2Opt,996402,50,1600,1600,0,Inf,NaN,205.8016,924.6983,NaN,NaN,NaN,NaN,0,0,960
rc_202.1.txt,32,LateToVND,996402,50,1600,1600,0,Inf,NaN,205.8016,924.6983,NaN,NaN,NaN,NaN,0,0,960
rc_202.1.txt,32,LateOnly,996402,100,3200,3200,0,Inf,NaN,6.56690000000003,926.1671,NaN,NaN,NaN,NaN,0,0,1922
rc_202.1.txt,32,LateToGlobal,996402,100,3200,3200,0,Inf,NaN,6.56690000000003,926.1671,NaN,NaN,NaN,NaN,0,0,1922
rc_202.1.txt,32,LateTo2Opt,996402,100,3200,3200,0,Inf,NaN,6.56690000000003,926.1671,NaN,NaN,NaN,NaN,0,0,1922
rc_202.1.txt,32,LateToVND,996402,100,3200,3200,0,Inf,NaN,6.56690000000003,926.1671,NaN,NaN,NaN,NaN,0,0,1922
rc_202.1.txt,32,LateOnly,996403,25,800,800,0,Inf,NaN,324.5613,920.0511,NaN,NaN,NaN,NaN,0,0,465
rc_202.1.txt,32,LateToGlobal,996403,25,800,800,0,Inf,NaN,324.5613,920.0511,NaN,NaN,NaN,NaN,0,0,465
rc_202.1.txt,32,LateTo2Opt,996403,25,800,800,0,Inf,NaN,324.5613,920.0511,NaN,NaN,NaN,NaN,0,0,465
rc_202.1.txt,32,LateToVND,996403,25,800,800,0,Inf,NaN,324.5613,920.0511,NaN,NaN,NaN,NaN,0,0,465
rc_202.1.txt,32,LateOnly,996403,50,1600,1600,0,Inf,NaN,154.4265,850.5069,NaN,NaN,NaN,NaN,0,0,960
rc_202.1.txt,32,LateToGlobal,996403,50,1600,1600,0,Inf,NaN,154.4265,850.5069,NaN,NaN,NaN,NaN,0,0,960
rc_202.1.txt,32,LateTo2Opt,996403,50,1600,1600,0,Inf,NaN,154.4265,850.5069,NaN,NaN,NaN,NaN,0,0,960
rc_202.1.txt,32,LateToVND,996403,50,1600,1600,0,Inf,NaN,154.4265,850.5069,NaN,NaN,NaN,NaN,0,0,960
rc_202.1.txt,32,LateOnly,996403,100,3200,3200,0,Inf,NaN,74.3779,841.5232,NaN,NaN,NaN,NaN,0,0,1922
rc_202.1.txt,32,LateToGlobal,996403,100,3200,3200,0,Inf,NaN,74.3779,841.5232,NaN,NaN,NaN,NaN,0,0,1922
rc_202.1.txt,32,LateTo2Opt,996403,100,3200,3200,0,Inf,NaN,74.3779,841.5232,NaN,NaN,NaN,NaN,0,0,1922
rc_202.1.txt,32,LateToVND,996403,100,3200,3200,0,Inf,NaN,74.3779,841.5232,NaN,NaN,NaN,NaN,0,0,1922
rc_202.1.txt,32,LateOnly,996404,25,800,800,0,Inf,NaN,949.3414,1061.6635,NaN,NaN,NaN,NaN,0,0,465
rc_202.1.txt,32,LateToGlobal,996404,25,800,800,0,Inf,NaN,949.3414,1061.6635,NaN,NaN,NaN,NaN,0,0,465
rc_202.1.txt,32,LateTo2Opt,996404,25,800,800,0,Inf,NaN,949.3414,1061.6635,NaN,NaN,NaN,NaN,0,0,465
rc_202.1.txt,32,LateToVND,996404,25,800,800,0,Inf,NaN,949.3414,1061.6635,NaN,NaN,NaN,NaN,0,0,465
rc_202.1.txt,32,LateOnly,996404,50,1600,1600,1,1134,1134,0,886.8356,896.7116,9.87599999999986,0.0110135744870479,0.149078234730105,0,0,960
rc_202.1.txt,32,LateToGlobal,996404,50,1600,1600,1,1134,1134,0,871.7093,896.7116,25.0022999999998,0.0278822087279787,0.129478996605251,0,0,1054
rc_202.1.txt,32,LateTo2Opt,996404,50,1600,1600,1,1134,1134,0,858.3863,896.7116,38.3253,0.0427398285022743,0.112216305164684,372,0,682
rc_202.1.txt,32,LateToVND,996404,50,1600,1600,1,1134,1134,0,821.4447,896.7116,75.2668999999997,0.0839365744794645,0.0643508512788622,186,124,744
rc_202.1.txt,32,LateOnly,996404,100,3200,3200,1,1134,1134,0,836.148,896.7116,60.5635999999998,0.0675396638116423,0.083402005752935,0,0,1922
rc_202.1.txt,32,LateToGlobal,996404,100,3200,3200,1,1134,1134,0,828.6999,896.7116,68.0116999999999,0.0758456788113368,0.0737514576692841,0,0,2360
rc_202.1.txt,32,LateTo2Opt,996404,100,3200,3200,1,1134,1134,0,837.1041,896.7116,59.6074999999998,0.0664734347141264,0.0846408302884244,1678,0,682
rc_202.1.txt,32,LateToVND,996404,100,3200,3200,1,1134,1134,0,800.2106,896.7116,96.5009999999999,0.107616540256644,0.0368376998626553,655,558,1147
rc_202.1.txt,32,LateOnly,996405,25,800,800,0,Inf,NaN,2206.7454,1104.2802,NaN,NaN,NaN,NaN,0,0,465
rc_202.1.txt,32,LateToGlobal,996405,25,800,800,0,Inf,NaN,2206.7454,1104.2802,NaN,NaN,NaN,NaN,0,0,465
rc_202.1.txt,32,LateTo2Opt,996405,25,800,800,0,Inf,NaN,2206.7454,1104.2802,NaN,NaN,NaN,NaN,0,0,465
rc_202.1.txt,32,LateToVND,996405,25,800,800,0,Inf,NaN,2206.7454,1104.2802,NaN,NaN,NaN,NaN,0,0,465
rc_202.1.txt,32,LateOnly,996405,50,1600,1600,0,Inf,NaN,1496.3427,1060.3481,NaN,NaN,NaN,NaN,0,0,960
rc_202.1.txt,32,LateToGlobal,996405,50,1600,1600,0,Inf,NaN,1496.3427,1060.3481,NaN,NaN,NaN,NaN,0,0,960
rc_202.1.txt,32,LateTo2Opt,996405,50,1600,1600,0,Inf,NaN,1496.3427,1060.3481,NaN,NaN,NaN,NaN,0,0,960
rc_202.1.txt,32,LateToVND,996405,50,1600,1600,0,Inf,NaN,1496.3427,1060.3481,NaN,NaN,NaN,NaN,0,0,960
rc_202.1.txt,32,LateOnly,996405,100,3200,3200,0,Inf,NaN,944.384400000001,910.5492,NaN,NaN,NaN,NaN,0,0,1922
rc_202.1.txt,32,LateToGlobal,996405,100,3200,3200,0,Inf,NaN,944.384400000001,910.5492,NaN,NaN,NaN,NaN,0,0,1922
rc_202.1.txt,32,LateTo2Opt,996405,100,3200,3200,0,Inf,NaN,944.384400000001,910.5492,NaN,NaN,NaN,NaN,0,0,1922
rc_202.1.txt,32,LateToVND,996405,100,3200,3200,0,Inf,NaN,944.384400000001,910.5492,NaN,NaN,NaN,NaN,0,0,1922
rc_202.1.txt,32,LateOnly,996406,25,800,800,0,Inf,NaN,832.822000000002,1120.4859,NaN,NaN,NaN,NaN,0,0,465
rc_202.1.txt,32,LateToGlobal,996406,25,800,800,0,Inf,NaN,832.822000000002,1120.4859,NaN,NaN,NaN,NaN,0,0,465
rc_202.1.txt,32,LateTo2Opt,996406,25,800,800,0,Inf,NaN,832.822000000002,1120.4859,NaN,NaN,NaN,NaN,0,0,465
rc_202.1.txt,32,LateToVND,996406,25,800,800,0,Inf,NaN,832.822000000002,1120.4859,NaN,NaN,NaN,NaN,0,0,465
rc_202.1.txt,32,LateOnly,996406,50,1600,1600,0,Inf,NaN,24.2056000000007,970.5524,NaN,NaN,NaN,NaN,0,0,960
rc_202.1.txt,32,LateToGlobal,996406,50,1600,1600,0,Inf,NaN,24.2056000000007,970.5524,NaN,NaN,NaN,NaN,0,0,960
rc_202.1.txt,32,LateTo2Opt,996406,50,1600,1600,0,Inf,NaN,24.2056000000007,970.5524,NaN,NaN,NaN,NaN,0,0,960
rc_202.1.txt,32,LateToVND,996406,50,1600,1600,0,Inf,NaN,24.2056000000007,970.5524,NaN,NaN,NaN,NaN,0,0,960
rc_202.1.txt,32,LateOnly,996406,100,3200,3200,1,3082,3100,0,894.9839,917.2987,22.3148000000001,0.0243266451811172,0.159636036176113,0,0,1922
rc_202.1.txt,32,LateToGlobal,996406,100,3200,3200,1,3082,3100,0,909.9485,917.2987,7.35020000000009,0.00801287519539719,0.179025758635881,0,0,1953
rc_202.1.txt,32,LateTo2Opt,996406,100,3200,3200,1,3082,3100,0,914.2949,917.2987,3.00380000000007,0.00327461491006154,0.184657415325611,93,0,1860
rc_202.1.txt,32,LateToVND,996406,100,3200,3200,1,3082,3100,0,913.1021,917.2987,4.19659999999999,0.00457495470123308,0.18311189717277,93,0,1860
rc_202.1.txt,32,LateOnly,996407,25,800,800,0,Inf,NaN,1325.2089,1005.0952,NaN,NaN,NaN,NaN,0,0,465
rc_202.1.txt,32,LateToGlobal,996407,25,800,800,0,Inf,NaN,1325.2089,1005.0952,NaN,NaN,NaN,NaN,0,0,465
rc_202.1.txt,32,LateTo2Opt,996407,25,800,800,0,Inf,NaN,1325.2089,1005.0952,NaN,NaN,NaN,NaN,0,0,465
rc_202.1.txt,32,LateToVND,996407,25,800,800,0,Inf,NaN,1325.2089,1005.0952,NaN,NaN,NaN,NaN,0,0,465
rc_202.1.txt,32,LateOnly,996407,50,1600,1600,0,Inf,NaN,177.0391,930.3828,NaN,NaN,NaN,NaN,0,0,960
rc_202.1.txt,32,LateToGlobal,996407,50,1600,1600,0,Inf,NaN,177.0391,930.3828,NaN,NaN,NaN,NaN,0,0,960
rc_202.1.txt,32,LateTo2Opt,996407,50,1600,1600,0,Inf,NaN,177.0391,930.3828,NaN,NaN,NaN,NaN,0,0,960
rc_202.1.txt,32,LateToVND,996407,50,1600,1600,0,Inf,NaN,177.0391,930.3828,NaN,NaN,NaN,NaN,0,0,960
rc_202.1.txt,32,LateOnly,996407,100,3200,3200,0,Inf,NaN,93.3688000000001,883.535,NaN,NaN,NaN,NaN,0,0,1922
rc_202.1.txt,32,LateToGlobal,996407,100,3200,3200,0,Inf,NaN,93.3688000000001,883.535,NaN,NaN,NaN,NaN,0,0,1922
rc_202.1.txt,32,LateTo2Opt,996407,100,3200,3200,0,Inf,NaN,93.3688000000001,883.535,NaN,NaN,NaN,NaN,0,0,1922
rc_202.1.txt,32,LateToVND,996407,100,3200,3200,0,Inf,NaN,93.3688000000001,883.535,NaN,NaN,NaN,NaN,0,0,1922
rc_202.1.txt,32,LateOnly,996408,25,800,800,0,Inf,NaN,956.121300000001,998.1276,NaN,NaN,NaN,NaN,0,0,465
rc_202.1.txt,32,LateToGlobal,996408,25,800,800,0,Inf,NaN,956.121300000001,998.1276,NaN,NaN,NaN,NaN,0,0,465
rc_202.1.txt,32,LateTo2Opt,996408,25,800,800,0,Inf,NaN,956.121300000001,998.1276,NaN,NaN,NaN,NaN,0,0,465
rc_202.1.txt,32,LateToVND,996408,25,800,800,0,Inf,NaN,956.121300000001,998.1276,NaN,NaN,NaN,NaN,0,0,465
rc_202.1.txt,32,LateOnly,996408,50,1600,1600,0,Inf,NaN,332.2298,929.4844,NaN,NaN,NaN,NaN,0,0,960
rc_202.1.txt,32,LateToGlobal,996408,50,1600,1600,0,Inf,NaN,332.2298,929.4844,NaN,NaN,NaN,NaN,0,0,960
rc_202.1.txt,32,LateTo2Opt,996408,50,1600,1600,0,Inf,NaN,332.2298,929.4844,NaN,NaN,NaN,NaN,0,0,960
rc_202.1.txt,32,LateToVND,996408,50,1600,1600,0,Inf,NaN,332.2298,929.4844,NaN,NaN,NaN,NaN,0,0,960
rc_202.1.txt,32,LateOnly,996408,100,3200,3200,1,2216,2233,0,816.679,868.0077,51.3287000000003,0.0591339224294903,0.058175905050662,0,0,1922
rc_202.1.txt,32,LateToGlobal,996408,100,3200,3200,1,2216,2233,0,824.3518,868.0077,43.6559000000003,0.0502943695084736,0.0681175982793022,0,0,2140
rc_202.1.txt,32,LateTo2Opt,996408,100,3200,3200,1,2216,2233,0,823.0305,868.0077,44.9772,0.0518165910279368,0.0664055819015783,807,0,1333
rc_202.1.txt,32,LateToVND,996408,100,3200,3200,1,2216,2233,0,818.0019,868.0077,50.0058,0.057609857608406,0.0598899945580348,496,248,1396
rc_202.1.txt,32,LateOnly,996409,25,800,800,0,Inf,NaN,3079.4906,1102.3172,NaN,NaN,NaN,NaN,0,0,465
rc_202.1.txt,32,LateToGlobal,996409,25,800,800,0,Inf,NaN,3079.4906,1102.3172,NaN,NaN,NaN,NaN,0,0,465
rc_202.1.txt,32,LateTo2Opt,996409,25,800,800,0,Inf,NaN,3079.4906,1102.3172,NaN,NaN,NaN,NaN,0,0,465
rc_202.1.txt,32,LateToVND,996409,25,800,800,0,Inf,NaN,3079.4906,1102.3172,NaN,NaN,NaN,NaN,0,0,465
rc_202.1.txt,32,LateOnly,996409,50,1600,1600,0,Inf,NaN,1794.8131,1060.3578,NaN,NaN,NaN,NaN,0,0,960
rc_202.1.txt,32,LateToGlobal,996409,50,1600,1600,0,Inf,NaN,1794.8131,1060.3578,NaN,NaN,NaN,NaN,0,0,960
rc_202.1.txt,32,LateTo2Opt,996409,50,1600,1600,0,Inf,NaN,1794.8131,1060.3578,NaN,NaN,NaN,NaN,0,0,960
rc_202.1.txt,32,LateToVND,996409,50,1600,1600,0,Inf,NaN,1794.8131,1060.3578,NaN,NaN,NaN,NaN,0,0,960
rc_202.1.txt,32,LateOnly,996409,100,3200,3200,0,Inf,NaN,962.0308,1008.2147,NaN,NaN,NaN,NaN,0,0,1922
rc_202.1.txt,32,LateToGlobal,996409,100,3200,3200,0,Inf,NaN,962.0308,1008.2147,NaN,NaN,NaN,NaN,0,0,1922
rc_202.1.txt,32,LateTo2Opt,996409,100,3200,3200,0,Inf,NaN,962.0308,1008.2147,NaN,NaN,NaN,NaN,0,0,1922
rc_202.1.txt,32,LateToVND,996409,100,3200,3200,0,Inf,NaN,962.0308,1008.2147,NaN,NaN,NaN,NaN,0,0,1922
rc_202.1.txt,32,LateOnly,996410,25,800,800,0,Inf,NaN,1484.9147,1022.951,NaN,NaN,NaN,NaN,0,0,465
rc_202.1.txt,32,LateToGlobal,996410,25,800,800,0,Inf,NaN,1484.9147,1022.951,NaN,NaN,NaN,NaN,0,0,465
rc_202.1.txt,32,LateTo2Opt,996410,25,800,800,0,Inf,NaN,1484.9147,1022.951,NaN,NaN,NaN,NaN,0,0,465
rc_202.1.txt,32,LateToVND,996410,25,800,800,0,Inf,NaN,1484.9147,1022.951,NaN,NaN,NaN,NaN,0,0,465
rc_202.1.txt,32,LateOnly,996410,50,1600,1600,0,Inf,NaN,108.2542,955.9025,NaN,NaN,NaN,NaN,0,0,960
rc_202.1.txt,32,LateToGlobal,996410,50,1600,1600,0,Inf,NaN,108.2542,955.9025,NaN,NaN,NaN,NaN,0,0,960
rc_202.1.txt,32,LateTo2Opt,996410,50,1600,1600,0,Inf,NaN,108.2542,955.9025,NaN,NaN,NaN,NaN,0,0,960
rc_202.1.txt,32,LateToVND,996410,50,1600,1600,0,Inf,NaN,108.2542,955.9025,NaN,NaN,NaN,NaN,0,0,960
rc_202.1.txt,32,LateOnly,996410,100,3200,3200,0,Inf,NaN,27.6870999999999,964.3354,NaN,NaN,NaN,NaN,0,0,1922
rc_202.1.txt,32,LateToGlobal,996410,100,3200,3200,0,Inf,NaN,27.6870999999999,964.3354,NaN,NaN,NaN,NaN,0,0,1922
rc_202.1.txt,32,LateTo2Opt,996410,100,3200,3200,0,Inf,NaN,27.6870999999999,964.3354,NaN,NaN,NaN,NaN,0,0,1922
rc_202.1.txt,32,LateToVND,996410,100,3200,3200,0,Inf,NaN,27.6870999999999,964.3354,NaN,NaN,NaN,NaN,0,0,1922
rc_202.3.txt,28,LateOnly,996501,25,700,700,0,Inf,NaN,874.9055,1024.5978,NaN,NaN,NaN,NaN,0,0,380
rc_202.3.txt,28,LateToGlobal,996501,25,700,700,0,Inf,NaN,874.9055,1024.5978,NaN,NaN,NaN,NaN,0,0,380
rc_202.3.txt,28,LateTo2Opt,996501,25,700,700,0,Inf,NaN,874.9055,1024.5978,NaN,NaN,NaN,NaN,0,0,380
rc_202.3.txt,28,LateToVND,996501,25,700,700,0,Inf,NaN,874.9055,1024.5978,NaN,NaN,NaN,NaN,0,0,380
rc_202.3.txt,28,LateOnly,996501,50,1400,1400,0,Inf,NaN,301.5688,971.5257,NaN,NaN,NaN,NaN,0,0,783
rc_202.3.txt,28,LateToGlobal,996501,50,1400,1400,0,Inf,NaN,301.5688,971.5257,NaN,NaN,NaN,NaN,0,0,783
rc_202.3.txt,28,LateTo2Opt,996501,50,1400,1400,0,Inf,NaN,301.5688,971.5257,NaN,NaN,NaN,NaN,0,0,783
rc_202.3.txt,28,LateToVND,996501,50,1400,1400,0,Inf,NaN,301.5688,971.5257,NaN,NaN,NaN,NaN,0,0,783
rc_202.3.txt,28,LateOnly,996501,100,2800,2800,0,Inf,NaN,2.83019999999993,882.6882,NaN,NaN,NaN,NaN,0,0,1593
rc_202.3.txt,28,LateToGlobal,996501,100,2800,2800,0,Inf,NaN,2.83019999999993,882.6882,NaN,NaN,NaN,NaN,0,0,1593
rc_202.3.txt,28,LateTo2Opt,996501,100,2800,2800,0,Inf,NaN,2.83019999999993,882.6882,NaN,NaN,NaN,NaN,0,0,1593
rc_202.3.txt,28,LateToVND,996501,100,2800,2800,0,Inf,NaN,2.83019999999993,882.6882,NaN,NaN,NaN,NaN,0,0,1593
rc_202.3.txt,28,LateOnly,996502,25,700,700,0,Inf,NaN,1102.2854,1089.1814,NaN,NaN,NaN,NaN,0,0,380
rc_202.3.txt,28,LateToGlobal,996502,25,700,700,0,Inf,NaN,1102.2854,1089.1814,NaN,NaN,NaN,NaN,0,0,380
rc_202.3.txt,28,LateTo2Opt,996502,25,700,700,0,Inf,NaN,1102.2854,1089.1814,NaN,NaN,NaN,NaN,0,0,380
rc_202.3.txt,28,LateToVND,996502,25,700,700,0,Inf,NaN,1102.2854,1089.1814,NaN,NaN,NaN,NaN,0,0,380
rc_202.3.txt,28,LateOnly,996502,50,1400,1400,0,Inf,NaN,458.9823,990.5279,NaN,NaN,NaN,NaN,0,0,783
rc_202.3.txt,28,LateToGlobal,996502,50,1400,1400,0,Inf,NaN,458.9823,990.5279,NaN,NaN,NaN,NaN,0,0,783
rc_202.3.txt,28,LateTo2Opt,996502,50,1400,1400,0,Inf,NaN,458.9823,990.5279,NaN,NaN,NaN,NaN,0,0,783
rc_202.3.txt,28,LateToVND,996502,50,1400,1400,0,Inf,NaN,458.9823,990.5279,NaN,NaN,NaN,NaN,0,0,783
rc_202.3.txt,28,LateOnly,996502,100,2800,2800,1,2065,2065,0,854.7386,894.8778,40.1391999999998,0.0448543924097791,0.0203153798405195,0,0,1593
rc_202.3.txt,28,LateToGlobal,996502,100,2800,2800,1,2065,2065,0,842.2507,894.8778,52.6270999999999,0.0588092586496167,0.00540837033853783,0,0,1755
rc_202.3.txt,28,LateTo2Opt,996502,100,2800,2800,1,2065,2065,0,862.8625,894.8778,32.0152999999998,0.0357761696624945,0.030013011507425,567,0,1188
rc_202.3.txt,28,LateToVND,996502,100,2800,2800,1,2065,2065,0,861.9341,894.8778,32.9437,0.0368136297492239,0.0289047653153796,216,189,1350
rc_202.3.txt,28,LateOnly,996503,25,700,700,0,Inf,NaN,1645.2527,1161.0036,NaN,NaN,NaN,NaN,0,0,380
rc_202.3.txt,28,LateToGlobal,996503,25,700,700,0,Inf,NaN,1645.2527,1161.0036,NaN,NaN,NaN,NaN,0,0,380
rc_202.3.txt,28,LateTo2Opt,996503,25,700,700,0,Inf,NaN,1645.2527,1161.0036,NaN,NaN,NaN,NaN,0,0,380
rc_202.3.txt,28,LateToVND,996503,25,700,700,0,Inf,NaN,1645.2527,1161.0036,NaN,NaN,NaN,NaN,0,0,380
rc_202.3.txt,28,LateOnly,996503,50,1400,1400,0,Inf,NaN,446.5122,987.8121,NaN,NaN,NaN,NaN,0,0,783
rc_202.3.txt,28,LateToGlobal,996503,50,1400,1400,0,Inf,NaN,446.5122,987.8121,NaN,NaN,NaN,NaN,0,0,783
rc_202.3.txt,28,LateTo2Opt,996503,50,1400,1400,0,Inf,NaN,446.5122,987.8121,NaN,NaN,NaN,NaN,0,0,783
rc_202.3.txt,28,LateToVND,996503,50,1400,1400,0,Inf,NaN,446.5122,987.8121,NaN,NaN,NaN,NaN,0,0,783
rc_202.3.txt,28,LateOnly,996503,100,2800,2800,0,Inf,NaN,59.7366000000001,950.0236,NaN,NaN,NaN,NaN,0,0,1593
rc_202.3.txt,28,LateToGlobal,996503,100,2800,2800,0,Inf,NaN,59.7366000000001,950.0236,NaN,NaN,NaN,NaN,0,0,1593
rc_202.3.txt,28,LateTo2Opt,996503,100,2800,2800,0,Inf,NaN,59.7366000000001,950.0236,NaN,NaN,NaN,NaN,0,0,1593
rc_202.3.txt,28,LateToVND,996503,100,2800,2800,0,Inf,NaN,59.7366000000001,950.0236,NaN,NaN,NaN,NaN,0,0,1593
rc_202.3.txt,28,LateOnly,996504,25,700,700,0,Inf,NaN,2834.9461,1193.851,NaN,NaN,NaN,NaN,0,0,380
rc_202.3.txt,28,LateToGlobal,996504,25,700,700,0,Inf,NaN,2834.9461,1193.851,NaN,NaN,NaN,NaN,0,0,380
rc_202.3.txt,28,LateTo2Opt,996504,25,700,700,0,Inf,NaN,2834.9461,1193.851,NaN,NaN,NaN,NaN,0,0,380
rc_202.3.txt,28,LateToVND,996504,25,700,700,0,Inf,NaN,2834.9461,1193.851,NaN,NaN,NaN,NaN,0,0,380
rc_202.3.txt,28,LateOnly,996504,50,1400,1400,0,Inf,NaN,171.103099999999,1018.893,NaN,NaN,NaN,NaN,0,0,783
rc_202.3.txt,28,LateToGlobal,996504,50,1400,1400,0,Inf,NaN,171.103099999999,1018.893,NaN,NaN,NaN,NaN,0,0,783
rc_202.3.txt,28,LateTo2Opt,996504,50,1400,1400,0,Inf,NaN,171.103099999999,1018.893,NaN,NaN,NaN,NaN,0,0,783
rc_202.3.txt,28,LateToVND,996504,50,1400,1400,0,Inf,NaN,171.103099999999,1018.893,NaN,NaN,NaN,NaN,0,0,783
rc_202.3.txt,28,LateOnly,996504,100,2800,2800,1,2712,2719,0,882.9152,946.8787,63.9635000000001,0.0675519472557573,0.053950245905553,0,0,1593
rc_202.3.txt,28,LateToGlobal,996504,100,2800,2800,1,2712,2719,0,913.8525,946.8787,33.0262,0.0348790188225799,0.0908806044979229,0,0,1620
rc_202.3.txt,28,LateTo2Opt,996504,100,2800,2800,1,2712,2719,0,890.3977,946.8787,56.4810000000001,0.059649667903608,0.0628822279520602,81,0,1539
rc_202.3.txt,28,LateToVND,996504,100,2800,2800,1,2712,2719,0,890.3977,946.8787,56.4810000000001,0.059649667903608,0.0628822279520602,54,27,1539
rc_202.3.txt,28,LateOnly,996505,25,700,700,0,Inf,NaN,1557.9412,1150.3945,NaN,NaN,NaN,NaN,0,0,380
rc_202.3.txt,28,LateToGlobal,996505,25,700,700,0,Inf,NaN,1557.9412,1150.3945,NaN,NaN,NaN,NaN,0,0,380
rc_202.3.txt,28,LateTo2Opt,996505,25,700,700,0,Inf,NaN,1557.9412,1150.3945,NaN,NaN,NaN,NaN,0,0,380
rc_202.3.txt,28,LateToVND,996505,25,700,700,0,Inf,NaN,1557.9412,1150.3945,NaN,NaN,NaN,NaN,0,0,380
rc_202.3.txt,28,LateOnly,996505,50,1400,1400,0,Inf,NaN,112.3928,955.0958,NaN,NaN,NaN,NaN,0,0,783
rc_202.3.txt,28,LateToGlobal,996505,50,1400,1400,0,Inf,NaN,112.3928,955.0958,NaN,NaN,NaN,NaN,0,0,783
rc_202.3.txt,28,LateTo2Opt,996505,50,1400,1400,0,Inf,NaN,112.3928,955.0958,NaN,NaN,NaN,NaN,0,0,783
rc_202.3.txt,28,LateToVND,996505,50,1400,1400,0,Inf,NaN,112.3928,955.0958,NaN,NaN,NaN,NaN,0,0,783
rc_202.3.txt,28,LateOnly,996505,100,2800,2800,0,Inf,NaN,56.0903000000002,937.2529,NaN,NaN,NaN,NaN,0,0,1593
rc_202.3.txt,28,LateToGlobal,996505,100,2800,2800,0,Inf,NaN,56.0903000000002,937.2529,NaN,NaN,NaN,NaN,0,0,1593
rc_202.3.txt,28,LateTo2Opt,996505,100,2800,2800,0,Inf,NaN,56.0903000000002,937.2529,NaN,NaN,NaN,NaN,0,0,1593
rc_202.3.txt,28,LateToVND,996505,100,2800,2800,0,Inf,NaN,56.0903000000002,937.2529,NaN,NaN,NaN,NaN,0,0,1593
rc_202.3.txt,28,LateOnly,996506,25,700,700,0,Inf,NaN,2106.2109,1164.1569,NaN,NaN,NaN,NaN,0,0,380
rc_202.3.txt,28,LateToGlobal,996506,25,700,700,0,Inf,NaN,2106.2109,1164.1569,NaN,NaN,NaN,NaN,0,0,380
rc_202.3.txt,28,LateTo2Opt,996506,25,700,700,0,Inf,NaN,2106.2109,1164.1569,NaN,NaN,NaN,NaN,0,0,380
rc_202.3.txt,28,LateToVND,996506,25,700,700,0,Inf,NaN,2106.2109,1164.1569,NaN,NaN,NaN,NaN,0,0,380
rc_202.3.txt,28,LateOnly,996506,50,1400,1400,0,Inf,NaN,1499.3352,1112.0895,NaN,NaN,NaN,NaN,0,0,783
rc_202.3.txt,28,LateToGlobal,996506,50,1400,1400,0,Inf,NaN,1499.3352,1112.0895,NaN,NaN,NaN,NaN,0,0,783
rc_202.3.txt,28,LateTo2Opt,996506,50,1400,1400,0,Inf,NaN,1499.3352,1112.0895,NaN,NaN,NaN,NaN,0,0,783
rc_202.3.txt,28,LateToVND,996506,50,1400,1400,0,Inf,NaN,1499.3352,1112.0895,NaN,NaN,NaN,NaN,0,0,783
rc_202.3.txt,28,LateOnly,996506,100,2800,2800,1,2254,2254,0,845.6868,853.0391,7.35230000000001,0.00861894841631528,0.00951009883970755,0,0,1593
rc_202.3.txt,28,LateToGlobal,996506,100,2800,2800,1,2254,2254,0,845.4737,853.0391,7.56539999999995,0.00886876111540486,0.00925571790096914,0,0,1701
rc_202.3.txt,28,LateTo2Opt,996506,100,2800,2800,1,2254,2254,0,850.9886,853.0391,2.05050000000006,0.00240375851470355,0.0158389437998374,405,0,1296
rc_202.3.txt,28,LateToVND,996506,100,2800,2800,1,2254,2254,0,844.8782,853.0391,8.16089999999986,0.00956685338339105,0.00854485985770898,162,135,1404
rc_202.3.txt,28,LateOnly,996507,25,700,700,0,Inf,NaN,708.9831,1035.4194,NaN,NaN,NaN,NaN,0,0,380
rc_202.3.txt,28,LateToGlobal,996507,25,700,700,0,Inf,NaN,708.9831,1035.4194,NaN,NaN,NaN,NaN,0,0,380
rc_202.3.txt,28,LateTo2Opt,996507,25,700,700,0,Inf,NaN,708.9831,1035.4194,NaN,NaN,NaN,NaN,0,0,380
rc_202.3.txt,28,LateToVND,996507,25,700,700,0,Inf,NaN,708.9831,1035.4194,NaN,NaN,NaN,NaN,0,0,380
rc_202.3.txt,28,LateOnly,996507,50,1400,1400,0,Inf,NaN,508.812,985.224,NaN,NaN,NaN,NaN,0,0,783
rc_202.3.txt,28,LateToGlobal,996507,50,1400,1400,0,Inf,NaN,508.812,985.224,NaN,NaN,NaN,NaN,0,0,783
rc_202.3.txt,28,LateTo2Opt,996507,50,1400,1400,0,Inf,NaN,508.812,985.224,NaN,NaN,NaN,NaN,0,0,783
rc_202.3.txt,28,LateToVND,996507,50,1400,1400,0,Inf,NaN,508.812,985.224,NaN,NaN,NaN,NaN,0,0,783
rc_202.3.txt,28,LateOnly,996507,100,2800,2800,0,Inf,NaN,283.688,959.9645,NaN,NaN,NaN,NaN,0,0,1593
rc_202.3.txt,28,LateToGlobal,996507,100,2800,2800,0,Inf,NaN,283.688,959.9645,NaN,NaN,NaN,NaN,0,0,1593
rc_202.3.txt,28,LateTo2Opt,996507,100,2800,2800,0,Inf,NaN,283.688,959.9645,NaN,NaN,NaN,NaN,0,0,1593
rc_202.3.txt,28,LateToVND,996507,100,2800,2800,0,Inf,NaN,283.688,959.9645,NaN,NaN,NaN,NaN,0,0,1593
rc_202.3.txt,28,LateOnly,996508,25,700,700,0,Inf,NaN,2259.3872,1238.6138,NaN,NaN,NaN,NaN,0,0,380
rc_202.3.txt,28,LateToGlobal,996508,25,700,700,0,Inf,NaN,2259.3872,1238.6138,NaN,NaN,NaN,NaN,0,0,380
rc_202.3.txt,28,LateTo2Opt,996508,25,700,700,0,Inf,NaN,2259.3872,1238.6138,NaN,NaN,NaN,NaN,0,0,380
rc_202.3.txt,28,LateToVND,996508,25,700,700,0,Inf,NaN,2259.3872,1238.6138,NaN,NaN,NaN,NaN,0,0,380
rc_202.3.txt,28,LateOnly,996508,50,1400,1400,0,Inf,NaN,59.6188000000001,948.8559,NaN,NaN,NaN,NaN,0,0,783
rc_202.3.txt,28,LateToGlobal,996508,50,1400,1400,0,Inf,NaN,59.6188000000001,948.8559,NaN,NaN,NaN,NaN,0,0,783
rc_202.3.txt,28,LateTo2Opt,996508,50,1400,1400,0,Inf,NaN,59.6188000000001,948.8559,NaN,NaN,NaN,NaN,0,0,783
rc_202.3.txt,28,LateToVND,996508,50,1400,1400,0,Inf,NaN,59.6188000000001,948.8559,NaN,NaN,NaN,NaN,0,0,783
rc_202.3.txt,28,LateOnly,996508,100,2800,2800,1,2264,2264,0,881.3743,890.4398,9.06550000000016,0.0101809240781916,0.0521108484935298,0,0,1593
rc_202.3.txt,28,LateToGlobal,996508,100,2800,2800,1,2264,2264,0,876.8056,890.4398,13.6342000000002,0.0153117594249495,0.0466571169364463,0,0,1701
rc_202.3.txt,28,LateTo2Opt,996508,100,2800,2800,1,2264,2264,0,865.7154,890.4398,24.7244000000001,0.0277665036985095,0.0334185646755478,405,0,1296
rc_202.3.txt,28,LateToVND,996508,100,2800,2800,1,2264,2264,0,862.8628,890.4398,27.5770000000002,0.0309700891626814,0.0300133696223079,189,108,1404
rc_202.3.txt,28,LateOnly,996509,25,700,700,0,Inf,NaN,954.8608,1154.5011,NaN,NaN,NaN,NaN,0,0,380
rc_202.3.txt,28,LateToGlobal,996509,25,700,700,0,Inf,NaN,954.8608,1154.5011,NaN,NaN,NaN,NaN,0,0,380
rc_202.3.txt,28,LateTo2Opt,996509,25,700,700,0,Inf,NaN,954.8608,1154.5011,NaN,NaN,NaN,NaN,0,0,380
rc_202.3.txt,28,LateToVND,996509,25,700,700,0,Inf,NaN,954.8608,1154.5011,NaN,NaN,NaN,NaN,0,0,380
rc_202.3.txt,28,LateOnly,996509,50,1400,1400,0,Inf,NaN,51.0058999999998,990.6158,NaN,NaN,NaN,NaN,0,0,783
rc_202.3.txt,28,LateToGlobal,996509,50,1400,1400,0,Inf,NaN,51.0058999999998,990.6158,NaN,NaN,NaN,NaN,0,0,783
rc_202.3.txt,28,LateTo2Opt,996509,50,1400,1400,0,Inf,NaN,51.0058999999998,990.6158,NaN,NaN,NaN,NaN,0,0,783
rc_202.3.txt,28,LateToVND,996509,50,1400,1400,0,Inf,NaN,51.0058999999998,990.6158,NaN,NaN,NaN,NaN,0,0,783
rc_202.3.txt,28,LateOnly,996509,100,2800,2800,0,Inf,NaN,46.7743000000004,989.5579,NaN,NaN,NaN,NaN,0,0,1593
rc_202.3.txt,28,LateToGlobal,996509,100,2800,2800,0,Inf,NaN,46.7743000000004,989.5579,NaN,NaN,NaN,NaN,0,0,1593
rc_202.3.txt,28,LateTo2Opt,996509,100,2800,2800,0,Inf,NaN,46.7743000000004,989.5579,NaN,NaN,NaN,NaN,0,0,1593
rc_202.3.txt,28,LateToVND,996509,100,2800,2800,0,Inf,NaN,46.7743000000004,989.5579,NaN,NaN,NaN,NaN,0,0,1593
rc_202.3.txt,28,LateOnly,996510,25,700,700,0,Inf,NaN,3207.57,1191.5264,NaN,NaN,NaN,NaN,0,0,380
rc_202.3.txt,28,LateToGlobal,996510,25,700,700,0,Inf,NaN,3207.57,1191.5264,NaN,NaN,NaN,NaN,0,0,380
rc_202.3.txt,28,LateTo2Opt,996510,25,700,700,0,Inf,NaN,3207.57,1191.5264,NaN,NaN,NaN,NaN,0,0,380
rc_202.3.txt,28,LateToVND,996510,25,700,700,0,Inf,NaN,3207.57,1191.5264,NaN,NaN,NaN,NaN,0,0,380
rc_202.3.txt,28,LateOnly,996510,50,1400,1400,0,Inf,NaN,345.236799999999,978.5222,NaN,NaN,NaN,NaN,0,0,783
rc_202.3.txt,28,LateToGlobal,996510,50,1400,1400,0,Inf,NaN,345.236799999999,978.5222,NaN,NaN,NaN,NaN,0,0,783
rc_202.3.txt,28,LateTo2Opt,996510,50,1400,1400,0,Inf,NaN,345.236799999999,978.5222,NaN,NaN,NaN,NaN,0,0,783
rc_202.3.txt,28,LateToVND,996510,50,1400,1400,0,Inf,NaN,345.236799999999,978.5222,NaN,NaN,NaN,NaN,0,0,783
rc_202.3.txt,28,LateOnly,996510,100,2800,2800,1,2051,2061,0,850.7803,905.0136,54.2332999999998,0.0599253978061764,0.0155902926992312,0,0,1593
rc_202.3.txt,28,LateToGlobal,996510,100,2800,2800,1,2051,2061,0,860.7116,905.0136,44.3019999999998,0.0489517505593284,0.0274454471661175,0,0,1760
rc_202.3.txt,28,LateTo2Opt,996510,100,2800,2800,1,2051,2061,0,876.6814,905.0136,28.3321999999999,0.0313058278903212,0.0465088573747789,599,0,1161
rc_202.3.txt,28,LateToVND,996510,100,2800,2800,1,2051,2061,0,855.8626,905.0136,49.1509999999997,0.054309681092085,0.0216571169364466,297,167,1296
rc_204.2.txt,32,LateOnly,996601,25,800,800,0,Inf,NaN,259.0105,1017.7751,NaN,NaN,NaN,NaN,0,0,465
rc_204.2.txt,32,LateToGlobal,996601,25,800,800,0,Inf,NaN,259.0105,1017.7751,NaN,NaN,NaN,NaN,0,0,465
rc_204.2.txt,32,LateTo2Opt,996601,25,800,800,0,Inf,NaN,259.0105,1017.7751,NaN,NaN,NaN,NaN,0,0,465
rc_204.2.txt,32,LateToVND,996601,25,800,800,0,Inf,NaN,259.0105,1017.7751,NaN,NaN,NaN,NaN,0,0,465
rc_204.2.txt,32,LateOnly,996601,50,1600,1600,0,Inf,NaN,186.3783,1008.1528,NaN,NaN,NaN,NaN,0,0,960
rc_204.2.txt,32,LateToGlobal,996601,50,1600,1600,0,Inf,NaN,186.3783,1008.1528,NaN,NaN,NaN,NaN,0,0,960
rc_204.2.txt,32,LateTo2Opt,996601,50,1600,1600,0,Inf,NaN,186.3783,1008.1528,NaN,NaN,NaN,NaN,0,0,960
rc_204.2.txt,32,LateToVND,996601,50,1600,1600,0,Inf,NaN,186.3783,1008.1528,NaN,NaN,NaN,NaN,0,0,960
rc_204.2.txt,32,LateOnly,996601,100,3200,3200,0,Inf,NaN,7.37759999999992,953.8054,NaN,NaN,NaN,NaN,0,0,1922
rc_204.2.txt,32,LateToGlobal,996601,100,3200,3200,0,Inf,NaN,7.37759999999992,953.8054,NaN,NaN,NaN,NaN,0,0,1922
rc_204.2.txt,32,LateTo2Opt,996601,100,3200,3200,0,Inf,NaN,7.37759999999992,953.8054,NaN,NaN,NaN,NaN,0,0,1922
rc_204.2.txt,32,LateToVND,996601,100,3200,3200,0,Inf,NaN,7.37759999999992,953.8054,NaN,NaN,NaN,NaN,0,0,1922
rc_204.2.txt,32,LateOnly,996602,25,800,800,0,Inf,NaN,33.0511999999995,950.8383,NaN,NaN,NaN,NaN,0,0,465
rc_204.2.txt,32,LateToGlobal,996602,25,800,800,0,Inf,NaN,33.0511999999995,950.8383,NaN,NaN,NaN,NaN,0,0,465
rc_204.2.txt,32,LateTo2Opt,996602,25,800,800,0,Inf,NaN,33.0511999999995,950.8383,NaN,NaN,NaN,NaN,0,0,465
rc_204.2.txt,32,LateToVND,996602,25,800,800,0,Inf,NaN,33.0511999999995,950.8383,NaN,NaN,NaN,NaN,0,0,465
rc_204.2.txt,32,LateOnly,996602,50,1600,1600,0,Inf,NaN,33.0511999999995,950.8383,NaN,NaN,NaN,NaN,0,0,960
rc_204.2.txt,32,LateToGlobal,996602,50,1600,1600,0,Inf,NaN,33.0511999999995,950.8383,NaN,NaN,NaN,NaN,0,0,960
rc_204.2.txt,32,LateTo2Opt,996602,50,1600,1600,0,Inf,NaN,33.0511999999995,950.8383,NaN,NaN,NaN,NaN,0,0,960
rc_204.2.txt,32,LateToVND,996602,50,1600,1600,0,Inf,NaN,33.0511999999995,950.8383,NaN,NaN,NaN,NaN,0,0,960
rc_204.2.txt,32,LateOnly,996602,100,3200,3200,0,Inf,NaN,0.0789999999999509,935.851,NaN,NaN,NaN,NaN,0,0,1922
rc_204.2.txt,32,LateToGlobal,996602,100,3200,3200,0,Inf,NaN,0.0789999999999509,935.851,NaN,NaN,NaN,NaN,0,0,1922
rc_204.2.txt,32,LateTo2Opt,996602,100,3200,3200,0,Inf,NaN,0.0789999999999509,935.851,NaN,NaN,NaN,NaN,0,0,1922
rc_204.2.txt,32,LateToVND,996602,100,3200,3200,0,Inf,NaN,0.0789999999999509,935.851,NaN,NaN,NaN,NaN,0,0,1922
rc_204.2.txt,32,LateOnly,996603,25,800,800,0,Inf,NaN,34.7771999999999,931.14,NaN,NaN,NaN,NaN,0,0,465
rc_204.2.txt,32,LateToGlobal,996603,25,800,800,0,Inf,NaN,34.7771999999999,931.14,NaN,NaN,NaN,NaN,0,0,465
rc_204.2.txt,32,LateTo2Opt,996603,25,800,800,0,Inf,NaN,34.7771999999999,931.14,NaN,NaN,NaN,NaN,0,0,465
rc_204.2.txt,32,LateToVND,996603,25,800,800,0,Inf,NaN,34.7771999999999,931.14,NaN,NaN,NaN,NaN,0,0,465
rc_204.2.txt,32,LateOnly,996603,50,1600,1600,0,Inf,NaN,18.6172999999999,913.4449,NaN,NaN,NaN,NaN,0,0,960
rc_204.2.txt,32,LateToGlobal,996603,50,1600,1600,0,Inf,NaN,18.6172999999999,913.4449,NaN,NaN,NaN,NaN,0,0,960
rc_204.2.txt,32,LateTo2Opt,996603,50,1600,1600,0,Inf,NaN,18.6172999999999,913.4449,NaN,NaN,NaN,NaN,0,0,960
rc_204.2.txt,32,LateToVND,996603,50,1600,1600,0,Inf,NaN,18.6172999999999,913.4449,NaN,NaN,NaN,NaN,0,0,960
rc_204.2.txt,32,LateOnly,996603,100,3200,3200,1,1813,1825,0,786.546,904.2399,117.6939,0.130157826479455,0.187848858281986,0,0,1922
rc_204.2.txt,32,LateToGlobal,996603,100,3200,3200,1,1813,1825,0,779.6421,904.2399,124.5978,0.137792857846684,0.177422526277637,0,0,2220
rc_204.2.txt,32,LateTo2Opt,996603,100,3200,3200,1,1813,1825,0,812.5218,904.2399,91.7180999999998,0.101431157815531,0.227077745559986,1135,0,1085
rc_204.2.txt,32,LateToVND,996603,100,3200,3200,1,1813,1825,0,775.0941,904.2399,129.1458,0.142822496552076,0.170554095686843,639,372,1209
rc_204.2.txt,32,LateOnly,996604,25,800,800,0,Inf,NaN,645.687299999999,1062.8711,NaN,NaN,NaN,NaN,0,0,465
rc_204.2.txt,32,LateToGlobal,996604,25,800,800,0,Inf,NaN,645.687299999999,1062.8711,NaN,NaN,NaN,NaN,0,0,465
rc_204.2.txt,32,LateTo2Opt,996604,25,800,800,0,Inf,NaN,645.687299999999,1062.8711,NaN,NaN,NaN,NaN,0,0,465
rc_204.2.txt,32,LateToVND,996604,25,800,800,0,Inf,NaN,645.687299999999,1062.8711,NaN,NaN,NaN,NaN,0,0,465
rc_204.2.txt,32,LateOnly,996604,50,1600,1600,0,Inf,NaN,373.792199999998,1011.5387,NaN,NaN,NaN,NaN,0,0,960
rc_204.2.txt,32,LateToGlobal,996604,50,1600,1600,0,Inf,NaN,373.792199999998,1011.5387,NaN,NaN,NaN,NaN,0,0,960
rc_204.2.txt,32,LateTo2Opt,996604,50,1600,1600,0,Inf,NaN,373.792199999998,1011.5387,NaN,NaN,NaN,NaN,0,0,960
rc_204.2.txt,32,LateToVND,996604,50,1600,1600,0,Inf,NaN,373.792199999998,1011.5387,NaN,NaN,NaN,NaN,0,0,960
rc_204.2.txt,32,LateOnly,996604,100,3200,3200,0,Inf,NaN,63.6843999999999,938.1117,NaN,NaN,NaN,NaN,0,0,1922
rc_204.2.txt,32,LateToGlobal,996604,100,3200,3200,0,Inf,NaN,63.6843999999999,938.1117,NaN,NaN,NaN,NaN,0,0,1922
rc_204.2.txt,32,LateTo2Opt,996604,100,3200,3200,0,Inf,NaN,63.6843999999999,938.1117,NaN,NaN,NaN,NaN,0,0,1922
rc_204.2.txt,32,LateToVND,996604,100,3200,3200,0,Inf,NaN,63.6843999999999,938.1117,NaN,NaN,NaN,NaN,0,0,1922
rc_204.2.txt,32,LateOnly,996605,25,800,800,0,Inf,NaN,507.961499999999,1108.5734,NaN,NaN,NaN,NaN,0,0,465
rc_204.2.txt,32,LateToGlobal,996605,25,800,800,0,Inf,NaN,507.961499999999,1108.5734,NaN,NaN,NaN,NaN,0,0,465
rc_204.2.txt,32,LateTo2Opt,996605,25,800,800,0,Inf,NaN,507.961499999999,1108.5734,NaN,NaN,NaN,NaN,0,0,465
rc_204.2.txt,32,LateToVND,996605,25,800,800,0,Inf,NaN,507.961499999999,1108.5734,NaN,NaN,NaN,NaN,0,0,465
rc_204.2.txt,32,LateOnly,996605,50,1600,1600,0,Inf,NaN,307.980599999999,1046.0744,NaN,NaN,NaN,NaN,0,0,960
rc_204.2.txt,32,LateToGlobal,996605,50,1600,1600,0,Inf,NaN,307.980599999999,1046.0744,NaN,NaN,NaN,NaN,0,0,960
rc_204.2.txt,32,LateTo2Opt,996605,50,1600,1600,0,Inf,NaN,307.980599999999,1046.0744,NaN,NaN,NaN,NaN,0,0,960
rc_204.2.txt,32,LateToVND,996605,50,1600,1600,0,Inf,NaN,307.980599999999,1046.0744,NaN,NaN,NaN,NaN,0,0,960
rc_204.2.txt,32,LateOnly,996605,100,3200,3200,0,Inf,NaN,130.2634,995.6988,NaN,NaN,NaN,NaN,0,0,1922
rc_204.2.txt,32,LateToGlobal,996605,100,3200,3200,0,Inf,NaN,130.2634,995.6988,NaN,NaN,NaN,NaN,0,0,1922
rc_204.2.txt,32,LateTo2Opt,996605,100,3200,3200,0,Inf,NaN,130.2634,995.6988,NaN,NaN,NaN,NaN,0,0,1922
rc_204.2.txt,32,LateToVND,996605,100,3200,3200,0,Inf,NaN,130.2634,995.6988,NaN,NaN,NaN,NaN,0,0,1922
rc_204.2.txt,32,LateOnly,996606,25,800,800,0,Inf,NaN,166.6155,999.3825,NaN,NaN,NaN,NaN,0,0,465
rc_204.2.txt,32,LateToGlobal,996606,25,800,800,0,Inf,NaN,166.6155,999.3825,NaN,NaN,NaN,NaN,0,0,465
rc_204.2.txt,32,LateTo2Opt,996606,25,800,800,0,Inf,NaN,166.6155,999.3825,NaN,NaN,NaN,NaN,0,0,465
rc_204.2.txt,32,LateToVND,996606,25,800,800,0,Inf,NaN,166.6155,999.3825,NaN,NaN,NaN,NaN,0,0,465
rc_204.2.txt,32,LateOnly,996606,50,1600,1600,0,Inf,NaN,134.5632,1003.1525,NaN,NaN,NaN,NaN,0,0,960
rc_204.2.txt,32,LateToGlobal,996606,50,1600,1600,0,Inf,NaN,134.5632,1003.1525,NaN,NaN,NaN,NaN,0,0,960
rc_204.2.txt,32,LateTo2Opt,996606,50,1600,1600,0,Inf,NaN,134.5632,1003.1525,NaN,NaN,NaN,NaN,0,0,960
rc_204.2.txt,32,LateToVND,996606,50,1600,1600,0,Inf,NaN,134.5632,1003.1525,NaN,NaN,NaN,NaN,0,0,960
rc_204.2.txt,32,LateOnly,996606,100,3200,3200,0,Inf,NaN,22.293,951.326,NaN,NaN,NaN,NaN,0,0,1922
rc_204.2.txt,32,LateToGlobal,996606,100,3200,3200,0,Inf,NaN,22.293,951.326,NaN,NaN,NaN,NaN,0,0,1922
rc_204.2.txt,32,LateTo2Opt,996606,100,3200,3200,0,Inf,NaN,22.293,951.326,NaN,NaN,NaN,NaN,0,0,1922
rc_204.2.txt,32,LateToVND,996606,100,3200,3200,0,Inf,NaN,22.293,951.326,NaN,NaN,NaN,NaN,0,0,1922
rc_204.2.txt,32,LateOnly,996607,25,800,800,0,Inf,NaN,62.6137999999999,984.8892,NaN,NaN,NaN,NaN,0,0,465
rc_204.2.txt,32,LateToGlobal,996607,25,800,800,0,Inf,NaN,62.6137999999999,984.8892,NaN,NaN,NaN,NaN,0,0,465
rc_204.2.txt,32,LateTo2Opt,996607,25,800,800,0,Inf,NaN,62.6137999999999,984.8892,NaN,NaN,NaN,NaN,0,0,465
rc_204.2.txt,32,LateToVND,996607,25,800,800,0,Inf,NaN,62.6137999999999,984.8892,NaN,NaN,NaN,NaN,0,0,465
rc_204.2.txt,32,LateOnly,996607,50,1600,1600,0,Inf,NaN,62.6137999999999,984.8892,NaN,NaN,NaN,NaN,0,0,960
rc_204.2.txt,32,LateToGlobal,996607,50,1600,1600,0,Inf,NaN,62.6137999999999,984.8892,NaN,NaN,NaN,NaN,0,0,960
rc_204.2.txt,32,LateTo2Opt,996607,50,1600,1600,0,Inf,NaN,62.6137999999999,984.8892,NaN,NaN,NaN,NaN,0,0,960
rc_204.2.txt,32,LateToVND,996607,50,1600,1600,0,Inf,NaN,62.6137999999999,984.8892,NaN,NaN,NaN,NaN,0,0,960
rc_204.2.txt,32,LateOnly,996607,100,3200,3200,1,2885,2896,0,894.8788,940.3898,45.511,0.0483958885985364,0.351454029237647,0,0,1922
rc_204.2.txt,32,LateToGlobal,996607,100,3200,3200,1,2885,2896,0,873.4043,940.3898,66.9855000000001,0.0712316318190607,0.319023045789537,0,0,2000
rc_204.2.txt,32,LateTo2Opt,996607,100,3200,3200,1,2885,2896,0,890.1774,940.3898,50.2124,0.0533953047980742,0.34435393258427,264,0,1736
rc_204.2.txt,32,LateToVND,996607,100,3200,3200,1,2885,2896,0,900.2704,940.3898,40.1194,0.0426625214352602,0.359596472151746,140,93,1767
rc_204.2.txt,32,LateOnly,996608,25,800,800,0,Inf,NaN,56.3377,974.9495,NaN,NaN,NaN,NaN,0,0,465
rc_204.2.txt,32,LateToGlobal,996608,25,800,800,0,Inf,NaN,56.3377,974.9495,NaN,NaN,NaN,NaN,0,0,465
rc_204.2.txt,32,LateTo2Opt,996608,25,800,800,0,Inf,NaN,56.3377,974.9495,NaN,NaN,NaN,NaN,0,0,465
rc_204.2.txt,32,LateToVND,996608,25,800,800,0,Inf,NaN,56.3377,974.9495,NaN,NaN,NaN,NaN,0,0,465
rc_204.2.txt,32,LateOnly,996608,50,1600,1600,0,Inf,NaN,56.3377,974.9495,NaN,NaN,NaN,NaN,0,0,960
rc_204.2.txt,32,LateToGlobal,996608,50,1600,1600,0,Inf,NaN,56.3377,974.9495,NaN,NaN,NaN,NaN,0,0,960
rc_204.2.txt,32,LateTo2Opt,996608,50,1600,1600,0,Inf,NaN,56.3377,974.9495,NaN,NaN,NaN,NaN,0,0,960
rc_204.2.txt,32,LateToVND,996608,50,1600,1600,0,Inf,NaN,56.3377,974.9495,NaN,NaN,NaN,NaN,0,0,960
rc_204.2.txt,32,LateOnly,996608,100,3200,3200,0,Inf,NaN,6.53149999999999,943.9396,NaN,NaN,NaN,NaN,0,0,1922
rc_204.2.txt,32,LateToGlobal,996608,100,3200,3200,0,Inf,NaN,6.53149999999999,943.9396,NaN,NaN,NaN,NaN,0,0,1922
rc_204.2.txt,32,LateTo2Opt,996608,100,3200,3200,0,Inf,NaN,6.53149999999999,943.9396,NaN,NaN,NaN,NaN,0,0,1922
rc_204.2.txt,32,LateToVND,996608,100,3200,3200,0,Inf,NaN,6.53149999999999,943.9396,NaN,NaN,NaN,NaN,0,0,1922
rc_204.2.txt,32,LateOnly,996609,25,800,800,0,Inf,NaN,19.8236000000001,951.3208,NaN,NaN,NaN,NaN,0,0,465
rc_204.2.txt,32,LateToGlobal,996609,25,800,800,0,Inf,NaN,19.8236000000001,951.3208,NaN,NaN,NaN,NaN,0,0,465
rc_204.2.txt,32,LateTo2Opt,996609,25,800,800,0,Inf,NaN,19.8236000000001,951.3208,NaN,NaN,NaN,NaN,0,0,465
rc_204.2.txt,32,LateToVND,996609,25,800,800,0,Inf,NaN,19.8236000000001,951.3208,NaN,NaN,NaN,NaN,0,0,465
rc_204.2.txt,32,LateOnly,996609,50,1600,1600,0,Inf,NaN,19.8236000000001,951.3208,NaN,NaN,NaN,NaN,0,0,960
rc_204.2.txt,32,LateToGlobal,996609,50,1600,1600,0,Inf,NaN,19.8236000000001,951.3208,NaN,NaN,NaN,NaN,0,0,960
rc_204.2.txt,32,LateTo2Opt,996609,50,1600,1600,0,Inf,NaN,19.8236000000001,951.3208,NaN,NaN,NaN,NaN,0,0,960
rc_204.2.txt,32,LateToVND,996609,50,1600,1600,0,Inf,NaN,19.8236000000001,951.3208,NaN,NaN,NaN,NaN,0,0,960
rc_204.2.txt,32,LateOnly,996609,100,3200,3200,1,1643,1643,0,804.5571,951.8191,147.262,0.154716374151349,0.215049383834723,0,0,1922
rc_204.2.txt,32,LateToGlobal,996609,100,3200,3200,1,1643,1643,0,839.9518,951.8191,111.8673,0.11753000123658,0.268502778784584,0,0,2260
rc_204.2.txt,32,LateTo2Opt,996609,100,3200,3200,1,1643,1643,0,800.9384,951.8191,150.8807,0.158518252050206,0.209584390479642,1268,0,992
rc_204.2.txt,32,LateToVND,996609,100,3200,3200,1,1643,1643,0,759.42744,951.8191,192.39166,0.202130488871257,0.146894164552374,772,341,1147
rc_204.2.txt,32,LateOnly,996610,25,800,800,0,Inf,NaN,103.9759,1009.53,NaN,NaN,NaN,NaN,0,0,465
rc_204.2.txt,32,LateToGlobal,996610,25,800,800,0,Inf,NaN,103.9759,1009.53,NaN,NaN,NaN,NaN,0,0,465
rc_204.2.txt,32,LateTo2Opt,996610,25,800,800,0,Inf,NaN,103.9759,1009.53,NaN,NaN,NaN,NaN,0,0,465
rc_204.2.txt,32,LateToVND,996610,25,800,800,0,Inf,NaN,103.9759,1009.53,NaN,NaN,NaN,NaN,0,0,465
rc_204.2.txt,32,LateOnly,996610,50,1600,1600,0,Inf,NaN,14.9127,974.2542,NaN,NaN,NaN,NaN,0,0,960
rc_204.2.txt,32,LateToGlobal,996610,50,1600,1600,0,Inf,NaN,14.9127,974.2542,NaN,NaN,NaN,NaN,0,0,960
rc_204.2.txt,32,LateTo2Opt,996610,50,1600,1600,0,Inf,NaN,14.9127,974.2542,NaN,NaN,NaN,NaN,0,0,960
rc_204.2.txt,32,LateToVND,996610,50,1600,1600,0,Inf,NaN,14.9127,974.2542,NaN,NaN,NaN,NaN,0,0,960
rc_204.2.txt,32,LateOnly,996610,100,3200,3200,1,2236,2236,0,893.5156,952.5795,59.0638999999998,0.062004168680934,0.349395312311224,0,0,1922
rc_204.2.txt,32,LateToGlobal,996610,100,3200,3200,1,2236,2236,0,840.1721,952.5795,112.4074,0.118003169289282,0.268835477830132,0,0,2120
rc_204.2.txt,32,LateTo2Opt,996610,100,3200,3200,1,2236,2236,0,813.6215,952.5795,138.958,0.145875488607512,0.228738522411502,756,0,1364
rc_204.2.txt,32,LateToVND,996610,100,3200,3200,1,2236,2236,0,784.4104,952.5795,168.1691,0.176540750667005,0.184623655913979,477,217,1426
rc_207.3.txt,32,LateOnly,996701,25,800,800,0,Inf,NaN,963.9442,1014.5762,NaN,NaN,NaN,NaN,0,0,465
rc_207.3.txt,32,LateToGlobal,996701,25,800,800,0,Inf,NaN,963.9442,1014.5762,NaN,NaN,NaN,NaN,0,0,465
rc_207.3.txt,32,LateTo2Opt,996701,25,800,800,0,Inf,NaN,963.9442,1014.5762,NaN,NaN,NaN,NaN,0,0,465
rc_207.3.txt,32,LateToVND,996701,25,800,800,0,Inf,NaN,963.9442,1014.5762,NaN,NaN,NaN,NaN,0,0,465
rc_207.3.txt,32,LateOnly,996701,50,1600,1600,0,Inf,NaN,814.536599999999,977.1483,NaN,NaN,NaN,NaN,0,0,960
rc_207.3.txt,32,LateToGlobal,996701,50,1600,1600,0,Inf,NaN,814.536599999999,977.1483,NaN,NaN,NaN,NaN,0,0,960
rc_207.3.txt,32,LateTo2Opt,996701,50,1600,1600,0,Inf,NaN,814.536599999999,977.1483,NaN,NaN,NaN,NaN,0,0,960
rc_207.3.txt,32,LateToVND,996701,50,1600,1600,0,Inf,NaN,814.536599999999,977.1483,NaN,NaN,NaN,NaN,0,0,960
rc_207.3.txt,32,LateOnly,996701,100,3200,3200,0,Inf,NaN,472.721299999999,939.2086,NaN,NaN,NaN,NaN,0,0,1922
rc_207.3.txt,32,LateToGlobal,996701,100,3200,3200,0,Inf,NaN,472.721299999999,939.2086,NaN,NaN,NaN,NaN,0,0,1922
rc_207.3.txt,32,LateTo2Opt,996701,100,3200,3200,0,Inf,NaN,472.721299999999,939.2086,NaN,NaN,NaN,NaN,0,0,1922
rc_207.3.txt,32,LateToVND,996701,100,3200,3200,0,Inf,NaN,472.721299999999,939.2086,NaN,NaN,NaN,NaN,0,0,1922
rc_207.3.txt,32,LateOnly,996702,25,800,800,0,Inf,NaN,248.425,915.6478,NaN,NaN,NaN,NaN,0,0,465
rc_207.3.txt,32,LateToGlobal,996702,25,800,800,0,Inf,NaN,248.425,915.6478,NaN,NaN,NaN,NaN,0,0,465
rc_207.3.txt,32,LateTo2Opt,996702,25,800,800,0,Inf,NaN,248.425,915.6478,NaN,NaN,NaN,NaN,0,0,465
rc_207.3.txt,32,LateToVND,996702,25,800,800,0,Inf,NaN,248.425,915.6478,NaN,NaN,NaN,NaN,0,0,465
rc_207.3.txt,32,LateOnly,996702,50,1600,1600,0,Inf,NaN,58.1215000000001,878.0589,NaN,NaN,NaN,NaN,0,0,960
rc_207.3.txt,32,LateToGlobal,996702,50,1600,1600,0,Inf,NaN,58.1215000000001,878.0589,NaN,NaN,NaN,NaN,0,0,960
rc_207.3.txt,32,LateTo2Opt,996702,50,1600,1600,0,Inf,NaN,58.1215000000001,878.0589,NaN,NaN,NaN,NaN,0,0,960
rc_207.3.txt,32,LateToVND,996702,50,1600,1600,0,Inf,NaN,58.1215000000001,878.0589,NaN,NaN,NaN,NaN,0,0,960
rc_207.3.txt,32,LateOnly,996702,100,3200,3200,1,2232,2233,0,783.4108,861.731,78.3201999999999,0.0908870633643212,0.14802286049238,0,0,1922
rc_207.3.txt,32,LateToGlobal,996702,100,3200,3200,1,2232,2233,0,796.6566,861.731,65.0744,0.0755159092570651,0.16743347010551,0,0,2140
rc_207.3.txt,32,LateTo2Opt,996702,100,3200,3200,1,2232,2233,0,833.6932,861.731,28.0378000000001,0.0325366036500951,0.221707502930832,807,0,1333
rc_207.3.txt,32,LateToVND,996702,100,3200,3200,1,2232,2233,0,793.4323,861.731,68.2987000000001,0.0792575641354437,0.162708528722157,403,249,1488
rc_207.3.txt,32,LateOnly,996703,25,800,800,0,Inf,NaN,805.7405,1003.1567,NaN,NaN,NaN,NaN,0,0,465
rc_207.3.txt,32,LateToGlobal,996703,25,800,800,0,Inf,NaN,805.7405,1003.1567,NaN,NaN,NaN,NaN,0,0,465
rc_207.3.txt,32,LateTo2Opt,996703,25,800,800,0,Inf,NaN,805.7405,1003.1567,NaN,NaN,NaN,NaN,0,0,465
rc_207.3.txt,32,LateToVND,996703,25,800,800,0,Inf,NaN,805.7405,1003.1567,NaN,NaN,NaN,NaN,0,0,465
rc_207.3.txt,32,LateOnly,996703,50,1600,1600,0,Inf,NaN,7.20619999999985,945.5086,NaN,NaN,NaN,NaN,0,0,960
rc_207.3.txt,32,LateToGlobal,996703,50,1600,1600,0,Inf,NaN,7.20619999999985,945.5086,NaN,NaN,NaN,NaN,0,0,960
rc_207.3.txt,32,LateTo2Opt,996703,50,1600,1600,0,Inf,NaN,7.20619999999985,945.5086,NaN,NaN,NaN,NaN,0,0,960
rc_207.3.txt,32,LateToVND,996703,50,1600,1600,0,Inf,NaN,7.20619999999985,945.5086,NaN,NaN,NaN,NaN,0,0,960
rc_207.3.txt,32,LateOnly,996703,100,3200,3200,1,1915,1927,0,778.3012,926.7612,148.46,0.1601922911749,0.140535169988277,0,0,1922
rc_207.3.txt,32,LateToGlobal,996703,100,3200,3200,1,1915,1927,0,844.0619,926.7612,82.6992999999997,0.0892347456928491,0.236901963657679,0,0,2200
rc_207.3.txt,32,LateTo2Opt,996703,100,3200,3200,1,1915,1927,0,763.628,926.7612,163.1332,0.176025064493421,0.119032825322391,1053,0,1147
rc_207.3.txt,32,LateToVND,996703,100,3200,3200,1,1915,1927,0,789.287,926.7612,137.4742,0.148338320594345,0.156633939038687,681,279,1240
rc_207.3.txt,32,LateOnly,996704,25,800,800,0,Inf,NaN,1544.418,1140.2702,NaN,NaN,NaN,NaN,0,0,465
rc_207.3.txt,32,LateToGlobal,996704,25,800,800,0,Inf,NaN,1544.418,1140.2702,NaN,NaN,NaN,NaN,0,0,465
rc_207.3.txt,32,LateTo2Opt,996704,25,800,800,0,Inf,NaN,1544.418,1140.2702,NaN,NaN,NaN,NaN,0,0,465
rc_207.3.txt,32,LateToVND,996704,25,800,800,0,Inf,NaN,1544.418,1140.2702,NaN,NaN,NaN,NaN,0,0,465
rc_207.3.txt,32,LateOnly,996704,50,1600,1600,0,Inf,NaN,449.490000000001,1040.1423,NaN,NaN,NaN,NaN,0,0,960
rc_207.3.txt,32,LateToGlobal,996704,50,1600,1600,0,Inf,NaN,449.490000000001,1040.1423,NaN,NaN,NaN,NaN,0,0,960
rc_207.3.txt,32,LateTo2Opt,996704,50,1600,1600,0,Inf,NaN,449.490000000001,1040.1423,NaN,NaN,NaN,NaN,0,0,960
rc_207.3.txt,32,LateToVND,996704,50,1600,1600,0,Inf,NaN,449.490000000001,1040.1423,NaN,NaN,NaN,NaN,0,0,960
rc_207.3.txt,32,LateOnly,996704,100,3200,3200,0,Inf,NaN,272.6685,927.2768,NaN,NaN,NaN,NaN,0,0,1922
rc_207.3.txt,32,LateToGlobal,996704,100,3200,3200,0,Inf,NaN,272.6685,927.2768,NaN,NaN,NaN,NaN,0,0,1922
rc_207.3.txt,32,LateTo2Opt,996704,100,3200,3200,0,Inf,NaN,272.6685,927.2768,NaN,NaN,NaN,NaN,0,0,1922
rc_207.3.txt,32,LateToVND,996704,100,3200,3200,0,Inf,NaN,272.6685,927.2768,NaN,NaN,NaN,NaN,0,0,1922
rc_207.3.txt,32,LateOnly,996705,25,800,800,0,Inf,NaN,339.6385,993.8443,NaN,NaN,NaN,NaN,0,0,465
rc_207.3.txt,32,LateToGlobal,996705,25,800,800,0,Inf,NaN,339.6385,993.8443,NaN,NaN,NaN,NaN,0,0,465
rc_207.3.txt,32,LateTo2Opt,996705,25,800,800,0,Inf,NaN,339.6385,993.8443,NaN,NaN,NaN,NaN,0,0,465
rc_207.3.txt,32,LateToVND,996705,25,800,800,0,Inf,NaN,339.6385,993.8443,NaN,NaN,NaN,NaN,0,0,465
rc_207.3.txt,32,LateOnly,996705,50,1600,1600,0,Inf,NaN,307.844100000001,999.1026,NaN,NaN,NaN,NaN,0,0,960
rc_207.3.txt,32,LateToGlobal,996705,50,1600,1600,0,Inf,NaN,307.844100000001,999.1026,NaN,NaN,NaN,NaN,0,0,960
rc_207.3.txt,32,LateTo2Opt,996705,50,1600,1600,0,Inf,NaN,307.844100000001,999.1026,NaN,NaN,NaN,NaN,0,0,960
rc_207.3.txt,32,LateToVND,996705,50,1600,1600,0,Inf,NaN,307.844100000001,999.1026,NaN,NaN,NaN,NaN,0,0,960
rc_207.3.txt,32,LateOnly,996705,100,3200,3200,1,3008,3008,0,931.9835,942.3939,10.4103999999998,0.0110467608077681,0.365743698710434,0,0,1922
rc_207.3.txt,32,LateToGlobal,996705,100,3200,3200,1,3008,3008,0,920.5377,942.3939,21.8561999999997,0.0231922129377108,0.348970838218054,0,0,1960
rc_207.3.txt,32,LateTo2Opt,996705,100,3200,3200,1,3008,3008,0,930.3782,942.3939,12.0156999999997,0.0127501886419253,0.363391266119578,131,0,1829
rc_207.3.txt,32,LateToVND,996705,100,3200,3200,1,3008,3008,0,884.3499,942.3939,58.0439999999998,0.0615920794903275,0.295940650644783,100,31,1829
rc_207.3.txt,32,LateOnly,996706,25,800,800,0,Inf,NaN,119.0933,973.9285,NaN,NaN,NaN,NaN,0,0,465
rc_207.3.txt,32,LateToGlobal,996706,25,800,800,0,Inf,NaN,119.0933,973.9285,NaN,NaN,NaN,NaN,0,0,465
rc_207.3.txt,32,LateTo2Opt,996706,25,800,800,0,Inf,NaN,119.0933,973.9285,NaN,NaN,NaN,NaN,0,0,465
rc_207.3.txt,32,LateToVND,996706,25,800,800,0,Inf,NaN,119.0933,973.9285,NaN,NaN,NaN,NaN,0,0,465
rc_207.3.txt,32,LateOnly,996706,50,1600,1600,1,858,858,0,814.3257,890.9236,76.5979000000001,0.0859758345160012,0.193326055099648,0,0,960
rc_207.3.txt,32,LateToGlobal,996706,50,1600,1600,1,858,858,0,820.8729,890.9236,70.0507000000002,0.0786270562369211,0.202920427901524,0,0,1100
rc_207.3.txt,32,LateTo2Opt,996706,50,1600,1600,1,858,858,0,773.5802,890.9236,117.3434,0.131709834603102,0.13361694021102,573,0,527
rc_207.3.txt,32,LateToVND,996706,50,1600,1600,1,858,858,0,763.9244,890.9236,126.9992,0.142547800956221,0.119467174677608,387,155,558
rc_207.3.txt,32,LateOnly,996706,100,3200,3200,1,858,858,0,748.4423,890.9236,142.4813,0.159925385296787,0.0967794548651816,0,0,1922
rc_207.3.txt,32,LateToGlobal,996706,100,3200,3200,1,858,858,0,725.6103,890.9236,165.3133,0.185552723039327,0.0633210726846426,0,0,2420
rc_207.3.txt,32,LateTo2Opt,996706,100,3200,3200,1,858,858,0,727.1845,890.9236,163.7391,0.183785792631377,0.0656279308323564,1893,0,527
rc_207.3.txt,32,LateToVND,996706,100,3200,3200,1,858,858,0,699.3142,890.9236,191.6094,0.215068272969759,0.0247863423212193,1023,560,837
rc_207.3.txt,32,LateOnly,996707,25,800,800,0,Inf,NaN,352.049000000001,1012.601,NaN,NaN,NaN,NaN,0,0,465
rc_207.3.txt,32,LateToGlobal,996707,25,800,800,0,Inf,NaN,352.049000000001,1012.601,NaN,NaN,NaN,NaN,0,0,465
rc_207.3.txt,32,LateTo2Opt,996707,25,800,800,0,Inf,NaN,352.049000000001,1012.601,NaN,NaN,NaN,NaN,0,0,465
rc_207.3.txt,32,LateToVND,996707,25,800,800,0,Inf,NaN,352.049000000001,1012.601,NaN,NaN,NaN,NaN,0,0,465
rc_207.3.txt,32,LateOnly,996707,50,1600,1600,0,Inf,NaN,309.937000000001,998.9602,NaN,NaN,NaN,NaN,0,0,960
rc_207.3.txt,32,LateToGlobal,996707,50,1600,1600,0,Inf,NaN,309.937000000001,998.9602,NaN,NaN,NaN,NaN,0,0,960
rc_207.3.txt,32,LateTo2Opt,996707,50,1600,1600,0,Inf,NaN,309.937000000001,998.9602,NaN,NaN,NaN,NaN,0,0,960
rc_207.3.txt,32,LateToVND,996707,50,1600,1600,0,Inf,NaN,309.937000000001,998.9602,NaN,NaN,NaN,NaN,0,0,960
rc_207.3.txt,32,LateOnly,996707,100,3200,3200,0,Inf,NaN,187.485300000001,985.0607,NaN,NaN,NaN,NaN,0,0,1922
rc_207.3.txt,32,LateToGlobal,996707,100,3200,3200,0,Inf,NaN,187.485300000001,985.0607,NaN,NaN,NaN,NaN,0,0,1922
rc_207.3.txt,32,LateTo2Opt,996707,100,3200,3200,0,Inf,NaN,187.485300000001,985.0607,NaN,NaN,NaN,NaN,0,0,1922
rc_207.3.txt,32,LateToVND,996707,100,3200,3200,0,Inf,NaN,187.485300000001,985.0607,NaN,NaN,NaN,NaN,0,0,1922
rc_207.3.txt,32,LateOnly,996708,25,800,800,0,Inf,NaN,715.949600000001,1029.0725,NaN,NaN,NaN,NaN,0,0,465
rc_207.3.txt,32,LateToGlobal,996708,25,800,800,0,Inf,NaN,715.949600000001,1029.0725,NaN,NaN,NaN,NaN,0,0,465
rc_207.3.txt,32,LateTo2Opt,996708,25,800,800,0,Inf,NaN,715.949600000001,1029.0725,NaN,NaN,NaN,NaN,0,0,465
rc_207.3.txt,32,LateToVND,996708,25,800,800,0,Inf,NaN,715.949600000001,1029.0725,NaN,NaN,NaN,NaN,0,0,465
rc_207.3.txt,32,LateOnly,996708,50,1600,1600,0,Inf,NaN,449.889100000001,1001.1308,NaN,NaN,NaN,NaN,0,0,960
rc_207.3.txt,32,LateToGlobal,996708,50,1600,1600,0,Inf,NaN,449.889100000001,1001.1308,NaN,NaN,NaN,NaN,0,0,960
rc_207.3.txt,32,LateTo2Opt,996708,50,1600,1600,0,Inf,NaN,449.889100000001,1001.1308,NaN,NaN,NaN,NaN,0,0,960
rc_207.3.txt,32,LateToVND,996708,50,1600,1600,0,Inf,NaN,449.889100000001,1001.1308,NaN,NaN,NaN,NaN,0,0,960
rc_207.3.txt,32,LateOnly,996708,100,3200,3200,0,Inf,NaN,215.409,987.0247,NaN,NaN,NaN,NaN,0,0,1922
rc_207.3.txt,32,LateToGlobal,996708,100,3200,3200,0,Inf,NaN,215.409,987.0247,NaN,NaN,NaN,NaN,0,0,1922
rc_207.3.txt,32,LateTo2Opt,996708,100,3200,3200,0,Inf,NaN,215.409,987.0247,NaN,NaN,NaN,NaN,0,0,1922
rc_207.3.txt,32,LateToVND,996708,100,3200,3200,0,Inf,NaN,215.409,987.0247,NaN,NaN,NaN,NaN,0,0,1922
rc_207.3.txt,32,LateOnly,996709,25,800,800,0,Inf,NaN,992.360699999999,999.8402,NaN,NaN,NaN,NaN,0,0,465
rc_207.3.txt,32,LateToGlobal,996709,25,800,800,0,Inf,NaN,992.360699999999,999.8402,NaN,NaN,NaN,NaN,0,0,465
rc_207.3.txt,32,LateTo2Opt,996709,25,800,800,0,Inf,NaN,992.360699999999,999.8402,NaN,NaN,NaN,NaN,0,0,465
rc_207.3.txt,32,LateToVND,996709,25,800,800,0,Inf,NaN,992.360699999999,999.8402,NaN,NaN,NaN,NaN,0,0,465
rc_207.3.txt,32,LateOnly,996709,50,1600,1600,0,Inf,NaN,367.8601,943.8364,NaN,NaN,NaN,NaN,0,0,960
rc_207.3.txt,32,LateToGlobal,996709,50,1600,1600,0,Inf,NaN,367.8601,943.8364,NaN,NaN,NaN,NaN,0,0,960
rc_207.3.txt,32,LateTo2Opt,996709,50,1600,1600,0,Inf,NaN,367.8601,943.8364,NaN,NaN,NaN,NaN,0,0,960
rc_207.3.txt,32,LateToVND,996709,50,1600,1600,0,Inf,NaN,367.8601,943.8364,NaN,NaN,NaN,NaN,0,0,960
rc_207.3.txt,32,LateOnly,996709,100,3200,3200,1,1928,1928,0,810.2851,908.3936,98.1084999999999,0.108002192001353,0.187404894490035,0,0,1922
rc_207.3.txt,32,LateToGlobal,996709,100,3200,3200,1,1928,1928,0,832.2617,908.3936,76.1319,0.0838093751431097,0.219609759671747,0,0,2200
rc_207.3.txt,32,LateTo2Opt,996709,100,3200,3200,1,1928,1928,0,816.6683,908.3936,91.7253000000001,0.100975282080367,0.196758939038687,1022,0,1178
rc_207.3.txt,32,LateToVND,996709,100,3200,3200,1,1928,1928,0,787.8964,908.3936,120.4972,0.132648666833408,0.15459613130129,619,310,1271
rc_207.3.txt,32,LateOnly,996710,25,800,800,0,Inf,NaN,721.874900000001,1001.8447,NaN,NaN,NaN,NaN,0,0,465
rc_207.3.txt,32,LateToGlobal,996710,25,800,800,0,Inf,NaN,721.874900000001,1001.8447,NaN,NaN,NaN,NaN,0,0,465
rc_207.3.txt,32,LateTo2Opt,996710,25,800,800,0,Inf,NaN,721.874900000001,1001.8447,NaN,NaN,NaN,NaN,0,0,465
rc_207.3.txt,32,LateToVND,996710,25,800,800,0,Inf,NaN,721.874900000001,1001.8447,NaN,NaN,NaN,NaN,0,0,465
rc_207.3.txt,32,LateOnly,996710,50,1600,1600,0,Inf,NaN,721.874900000001,1001.8447,NaN,NaN,NaN,NaN,0,0,960
rc_207.3.txt,32,LateToGlobal,996710,50,1600,1600,0,Inf,NaN,721.874900000001,1001.8447,NaN,NaN,NaN,NaN,0,0,960
rc_207.3.txt,32,LateTo2Opt,996710,50,1600,1600,0,Inf,NaN,721.874900000001,1001.8447,NaN,NaN,NaN,NaN,0,0,960
rc_207.3.txt,32,LateToVND,996710,50,1600,1600,0,Inf,NaN,721.874900000001,1001.8447,NaN,NaN,NaN,NaN,0,0,960
rc_207.3.txt,32,LateOnly,996710,100,3200,3200,0,Inf,NaN,40.9059,861.7646,NaN,NaN,NaN,NaN,0,0,1922
rc_207.3.txt,32,LateToGlobal,996710,100,3200,3200,0,Inf,NaN,40.9059,861.7646,NaN,NaN,NaN,NaN,0,0,1922
rc_207.3.txt,32,LateTo2Opt,996710,100,3200,3200,0,Inf,NaN,40.9059,861.7646,NaN,NaN,NaN,NaN,0,0,1922
rc_207.3.txt,32,LateToVND,996710,100,3200,3200,0,Inf,NaN,40.9059,861.7646,NaN,NaN,NaN,NaN,0,0,1922
rc_204.1.txt,45,LateOnly,996801,25,1125,1125,0,Inf,NaN,6947.9092,1680.0396,NaN,NaN,NaN,NaN,0,0,748
rc_204.1.txt,45,LateToGlobal,996801,25,1125,1125,0,Inf,NaN,6947.9092,1680.0396,NaN,NaN,NaN,NaN,0,0,748
rc_204.1.txt,45,LateTo2Opt,996801,25,1125,1125,0,Inf,NaN,6947.9092,1680.0396,NaN,NaN,NaN,NaN,0,0,748
rc_204.1.txt,45,LateToVND,996801,25,1125,1125,0,Inf,NaN,6947.9092,1680.0396,NaN,NaN,NaN,NaN,0,0,748
rc_204.1.txt,45,LateOnly,996801,50,2250,2250,0,Inf,NaN,1381.2377,1205.9059,NaN,NaN,NaN,NaN,0,0,1530
rc_204.1.txt,45,LateToGlobal,996801,50,2250,2250,0,Inf,NaN,1381.2377,1205.9059,NaN,NaN,NaN,NaN,0,0,1530
rc_204.1.txt,45,LateTo2Opt,996801,50,2250,2250,0,Inf,NaN,1381.2377,1205.9059,NaN,NaN,NaN,NaN,0,0,1530
rc_204.1.txt,45,LateToVND,996801,50,2250,2250,0,Inf,NaN,1381.2377,1205.9059,NaN,NaN,NaN,NaN,0,0,1530
rc_204.1.txt,45,LateOnly,996801,100,4500,4500,0,Inf,NaN,1359.7898,1203.5228,NaN,NaN,NaN,NaN,0,0,3080
rc_204.1.txt,45,LateToGlobal,996801,100,4500,4500,0,Inf,NaN,1359.7898,1203.5228,NaN,NaN,NaN,NaN,0,0,3080
rc_204.1.txt,45,LateTo2Opt,996801,100,4500,4500,0,Inf,NaN,1359.7898,1203.5228,NaN,NaN,NaN,NaN,0,0,3080
rc_204.1.txt,45,LateToVND,996801,100,4500,4500,0,Inf,NaN,1359.7898,1203.5228,NaN,NaN,NaN,NaN,0,0,3080
rc_204.1.txt,45,LateOnly,996802,25,1125,1125,0,Inf,NaN,6825.4512,1607.0136,NaN,NaN,NaN,NaN,0,0,748
rc_204.1.txt,45,LateToGlobal,996802,25,1125,1125,0,Inf,NaN,6825.4512,1607.0136,NaN,NaN,NaN,NaN,0,0,748
rc_204.1.txt,45,LateTo2Opt,996802,25,1125,1125,0,Inf,NaN,6825.4512,1607.0136,NaN,NaN,NaN,NaN,0,0,748
rc_204.1.txt,45,LateToVND,996802,25,1125,1125,0,Inf,NaN,6825.4512,1607.0136,NaN,NaN,NaN,NaN,0,0,748
rc_204.1.txt,45,LateOnly,996802,50,2250,2250,0,Inf,NaN,1933.13024,1212.95027,NaN,NaN,NaN,NaN,0,0,1530
rc_204.1.txt,45,LateToGlobal,996802,50,2250,2250,0,Inf,NaN,1933.13024,1212.95027,NaN,NaN,NaN,NaN,0,0,1530
rc_204.1.txt,45,LateTo2Opt,996802,50,2250,2250,0,Inf,NaN,1933.13024,1212.95027,NaN,NaN,NaN,NaN,0,0,1530
rc_204.1.txt,45,LateToVND,996802,50,2250,2250,0,Inf,NaN,1933.13024,1212.95027,NaN,NaN,NaN,NaN,0,0,1530
rc_204.1.txt,45,LateOnly,996802,100,4500,4500,0,Inf,NaN,1727.36277,1176.02157,NaN,NaN,NaN,NaN,0,0,3080
rc_204.1.txt,45,LateToGlobal,996802,100,4500,4500,0,Inf,NaN,1727.36277,1176.02157,NaN,NaN,NaN,NaN,0,0,3080
rc_204.1.txt,45,LateTo2Opt,996802,100,4500,4500,0,Inf,NaN,1727.36277,1176.02157,NaN,NaN,NaN,NaN,0,0,3080
rc_204.1.txt,45,LateToVND,996802,100,4500,4500,0,Inf,NaN,1727.36277,1176.02157,NaN,NaN,NaN,NaN,0,0,3080
rc_204.1.txt,45,LateOnly,996803,25,1125,1125,0,Inf,NaN,7010.5442,1611.3059,NaN,NaN,NaN,NaN,0,0,748
rc_204.1.txt,45,LateToGlobal,996803,25,1125,1125,0,Inf,NaN,7010.5442,1611.3059,NaN,NaN,NaN,NaN,0,0,748
rc_204.1.txt,45,LateTo2Opt,996803,25,1125,1125,0,Inf,NaN,7010.5442,1611.3059,NaN,NaN,NaN,NaN,0,0,748
rc_204.1.txt,45,LateToVND,996803,25,1125,1125,0,Inf,NaN,7010.5442,1611.3059,NaN,NaN,NaN,NaN,0,0,748
rc_204.1.txt,45,LateOnly,996803,50,2250,2250,0,Inf,NaN,5423.0941,1410.9858,NaN,NaN,NaN,NaN,0,0,1530
rc_204.1.txt,45,LateToGlobal,996803,50,2250,2250,0,Inf,NaN,5423.0941,1410.9858,NaN,NaN,NaN,NaN,0,0,1530
rc_204.1.txt,45,LateTo2Opt,996803,50,2250,2250,0,Inf,NaN,5423.0941,1410.9858,NaN,NaN,NaN,NaN,0,0,1530
rc_204.1.txt,45,LateToVND,996803,50,2250,2250,0,Inf,NaN,5423.0941,1410.9858,NaN,NaN,NaN,NaN,0,0,1530
rc_204.1.txt,45,LateOnly,996803,100,4500,4500,0,Inf,NaN,4120.6752,1349.5458,NaN,NaN,NaN,NaN,0,0,3080
rc_204.1.txt,45,LateToGlobal,996803,100,4500,4500,0,Inf,NaN,4120.6752,1349.5458,NaN,NaN,NaN,NaN,0,0,3080
rc_204.1.txt,45,LateTo2Opt,996803,100,4500,4500,0,Inf,NaN,4120.6752,1349.5458,NaN,NaN,NaN,NaN,0,0,3080
rc_204.1.txt,45,LateToVND,996803,100,4500,4500,0,Inf,NaN,4120.6752,1349.5458,NaN,NaN,NaN,NaN,0,0,3080
rc_204.1.txt,45,LateOnly,996804,25,1125,1125,0,Inf,NaN,6207.5519,1587.1186,NaN,NaN,NaN,NaN,0,0,748
rc_204.1.txt,45,LateToGlobal,996804,25,1125,1125,0,Inf,NaN,6207.5519,1587.1186,NaN,NaN,NaN,NaN,0,0,748
rc_204.1.txt,45,LateTo2Opt,996804,25,1125,1125,0,Inf,NaN,6207.5519,1587.1186,NaN,NaN,NaN,NaN,0,0,748
rc_204.1.txt,45,LateToVND,996804,25,1125,1125,0,Inf,NaN,6207.5519,1587.1186,NaN,NaN,NaN,NaN,0,0,748
rc_204.1.txt,45,LateOnly,996804,50,2250,2250,0,Inf,NaN,2720.517,1267.3418,NaN,NaN,NaN,NaN,0,0,1530
rc_204.1.txt,45,LateToGlobal,996804,50,2250,2250,0,Inf,NaN,2720.517,1267.3418,NaN,NaN,NaN,NaN,0,0,1530
rc_204.1.txt,45,LateTo2Opt,996804,50,2250,2250,0,Inf,NaN,2720.517,1267.3418,NaN,NaN,NaN,NaN,0,0,1530
rc_204.1.txt,45,LateToVND,996804,50,2250,2250,0,Inf,NaN,2720.517,1267.3418,NaN,NaN,NaN,NaN,0,0,1530
rc_204.1.txt,45,LateOnly,996804,100,4500,4500,0,Inf,NaN,2022.7836,1220.0481,NaN,NaN,NaN,NaN,0,0,3080
rc_204.1.txt,45,LateToGlobal,996804,100,4500,4500,0,Inf,NaN,2022.7836,1220.0481,NaN,NaN,NaN,NaN,0,0,3080
rc_204.1.txt,45,LateTo2Opt,996804,100,4500,4500,0,Inf,NaN,2022.7836,1220.0481,NaN,NaN,NaN,NaN,0,0,3080
rc_204.1.txt,45,LateToVND,996804,100,4500,4500,0,Inf,NaN,2022.7836,1220.0481,NaN,NaN,NaN,NaN,0,0,3080
rc_204.1.txt,45,LateOnly,996805,25,1125,1125,0,Inf,NaN,5094.0755,1575.1101,NaN,NaN,NaN,NaN,0,0,748
rc_204.1.txt,45,LateToGlobal,996805,25,1125,1125,0,Inf,NaN,5094.0755,1575.1101,NaN,NaN,NaN,NaN,0,0,748
rc_204.1.txt,45,LateTo2Opt,996805,25,1125,1125,0,Inf,NaN,5094.0755,1575.1101,NaN,NaN,NaN,NaN,0,0,748
rc_204.1.txt,45,LateToVND,996805,25,1125,1125,0,Inf,NaN,5094.0755,1575.1101,NaN,NaN,NaN,NaN,0,0,748
rc_204.1.txt,45,LateOnly,996805,50,2250,2250,0,Inf,NaN,1762.7285,1169.7198,NaN,NaN,NaN,NaN,0,0,1530
rc_204.1.txt,45,LateToGlobal,996805,50,2250,2250,0,Inf,NaN,1762.7285,1169.7198,NaN,NaN,NaN,NaN,0,0,1530
rc_204.1.txt,45,LateTo2Opt,996805,50,2250,2250,0,Inf,NaN,1762.7285,1169.7198,NaN,NaN,NaN,NaN,0,0,1530
rc_204.1.txt,45,LateToVND,996805,50,2250,2250,0,Inf,NaN,1762.7285,1169.7198,NaN,NaN,NaN,NaN,0,0,1530
rc_204.1.txt,45,LateOnly,996805,100,4500,4500,0,Inf,NaN,1389.1479,1143.9533,NaN,NaN,NaN,NaN,0,0,3080
rc_204.1.txt,45,LateToGlobal,996805,100,4500,4500,0,Inf,NaN,1389.1479,1143.9533,NaN,NaN,NaN,NaN,0,0,3080
rc_204.1.txt,45,LateTo2Opt,996805,100,4500,4500,0,Inf,NaN,1389.1479,1143.9533,NaN,NaN,NaN,NaN,0,0,3080
rc_204.1.txt,45,LateToVND,996805,100,4500,4500,0,Inf,NaN,1389.1479,1143.9533,NaN,NaN,NaN,NaN,0,0,3080
rc_204.1.txt,45,LateOnly,996806,25,1125,1125,0,Inf,NaN,5274.8348,1600.599,NaN,NaN,NaN,NaN,0,0,748
rc_204.1.txt,45,LateToGlobal,996806,25,1125,1125,0,Inf,NaN,5274.8348,1600.599,NaN,NaN,NaN,NaN,0,0,748
rc_204.1.txt,45,LateTo2Opt,996806,25,1125,1125,0,Inf,NaN,5274.8348,1600.599,NaN,NaN,NaN,NaN,0,0,748
rc_204.1.txt,45,LateToVND,996806,25,1125,1125,0,Inf,NaN,5274.8348,1600.599,NaN,NaN,NaN,NaN,0,0,748
rc_204.1.txt,45,LateOnly,996806,50,2250,2250,0,Inf,NaN,3328.7319,1307.2929,NaN,NaN,NaN,NaN,0,0,1530
rc_204.1.txt,45,LateToGlobal,996806,50,2250,2250,0,Inf,NaN,3328.7319,1307.2929,NaN,NaN,NaN,NaN,0,0,1530
rc_204.1.txt,45,LateTo2Opt,996806,50,2250,2250,0,Inf,NaN,3328.7319,1307.2929,NaN,NaN,NaN,NaN,0,0,1530
rc_204.1.txt,45,LateToVND,996806,50,2250,2250,0,Inf,NaN,3328.7319,1307.2929,NaN,NaN,NaN,NaN,0,0,1530
rc_204.1.txt,45,LateOnly,996806,100,4500,4500,0,Inf,NaN,3328.7319,1307.2929,NaN,NaN,NaN,NaN,0,0,3080
rc_204.1.txt,45,LateToGlobal,996806,100,4500,4500,0,Inf,NaN,3328.7319,1307.2929,NaN,NaN,NaN,NaN,0,0,3080
rc_204.1.txt,45,LateTo2Opt,996806,100,4500,4500,0,Inf,NaN,3328.7319,1307.2929,NaN,NaN,NaN,NaN,0,0,3080
rc_204.1.txt,45,LateToVND,996806,100,4500,4500,0,Inf,NaN,3328.7319,1307.2929,NaN,NaN,NaN,NaN,0,0,3080
rc_204.1.txt,45,LateOnly,996807,25,1125,1125,0,Inf,NaN,6033.1636,1599.4589,NaN,NaN,NaN,NaN,0,0,748
rc_204.1.txt,45,LateToGlobal,996807,25,1125,1125,0,Inf,NaN,6033.1636,1599.4589,NaN,NaN,NaN,NaN,0,0,748
rc_204.1.txt,45,LateTo2Opt,996807,25,1125,1125,0,Inf,NaN,6033.1636,1599.4589,NaN,NaN,NaN,NaN,0,0,748
rc_204.1.txt,45,LateToVND,996807,25,1125,1125,0,Inf,NaN,6033.1636,1599.4589,NaN,NaN,NaN,NaN,0,0,748
rc_204.1.txt,45,LateOnly,996807,50,2250,2250,0,Inf,NaN,2490.2044,1199.4844,NaN,NaN,NaN,NaN,0,0,1530
rc_204.1.txt,45,LateToGlobal,996807,50,2250,2250,0,Inf,NaN,2490.2044,1199.4844,NaN,NaN,NaN,NaN,0,0,1530
rc_204.1.txt,45,LateTo2Opt,996807,50,2250,2250,0,Inf,NaN,2490.2044,1199.4844,NaN,NaN,NaN,NaN,0,0,1530
rc_204.1.txt,45,LateToVND,996807,50,2250,2250,0,Inf,NaN,2490.2044,1199.4844,NaN,NaN,NaN,NaN,0,0,1530
rc_204.1.txt,45,LateOnly,996807,100,4500,4500,0,Inf,NaN,2490.2044,1199.4844,NaN,NaN,NaN,NaN,0,0,3080
rc_204.1.txt,45,LateToGlobal,996807,100,4500,4500,0,Inf,NaN,2490.2044,1199.4844,NaN,NaN,NaN,NaN,0,0,3080
rc_204.1.txt,45,LateTo2Opt,996807,100,4500,4500,0,Inf,NaN,2490.2044,1199.4844,NaN,NaN,NaN,NaN,0,0,3080
rc_204.1.txt,45,LateToVND,996807,100,4500,4500,0,Inf,NaN,2490.2044,1199.4844,NaN,NaN,NaN,NaN,0,0,3080
rc_204.1.txt,45,LateOnly,996808,25,1125,1125,0,Inf,NaN,3819.6663,1374.3484,NaN,NaN,NaN,NaN,0,0,748
rc_204.1.txt,45,LateToGlobal,996808,25,1125,1125,0,Inf,NaN,3819.6663,1374.3484,NaN,NaN,NaN,NaN,0,0,748
rc_204.1.txt,45,LateTo2Opt,996808,25,1125,1125,0,Inf,NaN,3819.6663,1374.3484,NaN,NaN,NaN,NaN,0,0,748
rc_204.1.txt,45,LateToVND,996808,25,1125,1125,0,Inf,NaN,3819.6663,1374.3484,NaN,NaN,NaN,NaN,0,0,748
rc_204.1.txt,45,LateOnly,996808,50,2250,2250,0,Inf,NaN,1705.8741,1229.3379,NaN,NaN,NaN,NaN,0,0,1530
rc_204.1.txt,45,LateToGlobal,996808,50,2250,2250,0,Inf,NaN,1705.8741,1229.3379,NaN,NaN,NaN,NaN,0,0,1530
rc_204.1.txt,45,LateTo2Opt,996808,50,2250,2250,0,Inf,NaN,1705.8741,1229.3379,NaN,NaN,NaN,NaN,0,0,1530
rc_204.1.txt,45,LateToVND,996808,50,2250,2250,0,Inf,NaN,1705.8741,1229.3379,NaN,NaN,NaN,NaN,0,0,1530
rc_204.1.txt,45,LateOnly,996808,100,4500,4500,0,Inf,NaN,1335.4455,1194.4424,NaN,NaN,NaN,NaN,0,0,3080
rc_204.1.txt,45,LateToGlobal,996808,100,4500,4500,0,Inf,NaN,1335.4455,1194.4424,NaN,NaN,NaN,NaN,0,0,3080
rc_204.1.txt,45,LateTo2Opt,996808,100,4500,4500,0,Inf,NaN,1335.4455,1194.4424,NaN,NaN,NaN,NaN,0,0,3080
rc_204.1.txt,45,LateToVND,996808,100,4500,4500,0,Inf,NaN,1335.4455,1194.4424,NaN,NaN,NaN,NaN,0,0,3080
rc_204.1.txt,45,LateOnly,996809,25,1125,1125,0,Inf,NaN,6638.7924,1643.5405,NaN,NaN,NaN,NaN,0,0,748
rc_204.1.txt,45,LateToGlobal,996809,25,1125,1125,0,Inf,NaN,6638.7924,1643.5405,NaN,NaN,NaN,NaN,0,0,748
rc_204.1.txt,45,LateTo2Opt,996809,25,1125,1125,0,Inf,NaN,6638.7924,1643.5405,NaN,NaN,NaN,NaN,0,0,748
rc_204.1.txt,45,LateToVND,996809,25,1125,1125,0,Inf,NaN,6638.7924,1643.5405,NaN,NaN,NaN,NaN,0,0,748
rc_204.1.txt,45,LateOnly,996809,50,2250,2250,0,Inf,NaN,1651.054,1191.1939,NaN,NaN,NaN,NaN,0,0,1530
rc_204.1.txt,45,LateToGlobal,996809,50,2250,2250,0,Inf,NaN,1651.054,1191.1939,NaN,NaN,NaN,NaN,0,0,1530
rc_204.1.txt,45,LateTo2Opt,996809,50,2250,2250,0,Inf,NaN,1651.054,1191.1939,NaN,NaN,NaN,NaN,0,0,1530
rc_204.1.txt,45,LateToVND,996809,50,2250,2250,0,Inf,NaN,1651.054,1191.1939,NaN,NaN,NaN,NaN,0,0,1530
rc_204.1.txt,45,LateOnly,996809,100,4500,4500,0,Inf,NaN,1546.23,1147.0093,NaN,NaN,NaN,NaN,0,0,3080
rc_204.1.txt,45,LateToGlobal,996809,100,4500,4500,0,Inf,NaN,1546.23,1147.0093,NaN,NaN,NaN,NaN,0,0,3080
rc_204.1.txt,45,LateTo2Opt,996809,100,4500,4500,0,Inf,NaN,1546.23,1147.0093,NaN,NaN,NaN,NaN,0,0,3080
rc_204.1.txt,45,LateToVND,996809,100,4500,4500,0,Inf,NaN,1546.23,1147.0093,NaN,NaN,NaN,NaN,0,0,3080
rc_204.1.txt,45,LateOnly,996810,25,1125,1125,0,Inf,NaN,5298.1015,1589.4195,NaN,NaN,NaN,NaN,0,0,748
rc_204.1.txt,45,LateToGlobal,996810,25,1125,1125,0,Inf,NaN,5298.1015,1589.4195,NaN,NaN,NaN,NaN,0,0,748
rc_204.1.txt,45,LateTo2Opt,996810,25,1125,1125,0,Inf,NaN,5298.1015,1589.4195,NaN,NaN,NaN,NaN,0,0,748
rc_204.1.txt,45,LateToVND,996810,25,1125,1125,0,Inf,NaN,5298.1015,1589.4195,NaN,NaN,NaN,NaN,0,0,748
rc_204.1.txt,45,LateOnly,996810,50,2250,2250,0,Inf,NaN,4963.1923,1521.9925,NaN,NaN,NaN,NaN,0,0,1530
rc_204.1.txt,45,LateToGlobal,996810,50,2250,2250,0,Inf,NaN,4963.1923,1521.9925,NaN,NaN,NaN,NaN,0,0,1530
rc_204.1.txt,45,LateTo2Opt,996810,50,2250,2250,0,Inf,NaN,4963.1923,1521.9925,NaN,NaN,NaN,NaN,0,0,1530
rc_204.1.txt,45,LateToVND,996810,50,2250,2250,0,Inf,NaN,4963.1923,1521.9925,NaN,NaN,NaN,NaN,0,0,1530
rc_204.1.txt,45,LateOnly,996810,100,4500,4500,0,Inf,NaN,3439.0315,1391.1456,NaN,NaN,NaN,NaN,0,0,3080
rc_204.1.txt,45,LateToGlobal,996810,100,4500,4500,0,Inf,NaN,3439.0315,1391.1456,NaN,NaN,NaN,NaN,0,0,3080
rc_204.1.txt,45,LateTo2Opt,996810,100,4500,4500,0,Inf,NaN,3439.0315,1391.1456,NaN,NaN,NaN,NaN,0,0,3080
rc_204.1.txt,45,LateToVND,996810,100,4500,4500,0,Inf,NaN,3439.0315,1391.1456,NaN,NaN,NaN,NaN,0,0,3080
rc_208.3.txt,35,LateOnly,996901,25,875,875,0,Inf,NaN,362.4076,1036.3634,NaN,NaN,NaN,NaN,0,0,535
rc_208.3.txt,35,LateToGlobal,996901,25,875,875,0,Inf,NaN,362.4076,1036.3634,NaN,NaN,NaN,NaN,0,0,535
rc_208.3.txt,35,LateTo2Opt,996901,25,875,875,0,Inf,NaN,362.4076,1036.3634,NaN,NaN,NaN,NaN,0,0,535
rc_208.3.txt,35,LateToVND,996901,25,875,875,0,Inf,NaN,362.4076,1036.3634,NaN,NaN,NaN,NaN,0,0,535
rc_208.3.txt,35,LateOnly,996901,50,1750,1750,1,1176,1176,0,855.5407,948.8983,93.3576000000002,0.0983852537200247,0.348497415043188,0,0,1088
rc_208.3.txt,35,LateToGlobal,996901,50,1750,1750,1,1176,1176,0,854.4257,948.8983,94.4726000000002,0.0995603006138805,0.346739959649455,0,0,1190
rc_208.3.txt,35,LateTo2Opt,996901,50,1750,1750,1,1176,1176,0,865.8161,948.8983,83.0822000000002,0.0875564852418854,0.364693430426833,442,0,748
rc_208.3.txt,35,LateToVND,996901,50,1750,1750,1,1176,1176,0,904.8547,948.8983,44.0436000000001,0.0464155115463902,0.426225805434714,272,136,782
rc_208.3.txt,35,LateOnly,996901,100,3500,3500,1,1176,1176,0,780.4878,948.8983,168.4105,0.177480031316317,0.230199546056365,0,0,2180
rc_208.3.txt,35,LateToGlobal,996901,100,3500,3500,1,1176,1176,0,711.7931,948.8983,237.1052,0.249874196212597,0.121923428535401,0,0,2660
rc_208.3.txt,35,LateTo2Opt,996901,100,3500,3500,1,1176,1176,0,725.4863,948.8983,223.412,0.235443566502332,0.143506556963621,1912,0,748
rc_208.3.txt,35,LateToVND,996901,100,3500,3500,1,1176,1176,0,731.3131,948.8983,217.5852,0.229302971667248,0.152690719374566,1258,450,952
rc_208.3.txt,35,LateOnly,996902,25,875,875,1,808,808,0,938.4511,938.4511,0,0,0.479180221927999,0,0,535
rc_208.3.txt,35,LateToGlobal,996902,25,875,875,1,808,808,0,938.4511,938.4511,0,0,0.479180221927999,0,0,535
rc_208.3.txt,35,LateTo2Opt,996902,25,875,875,1,808,808,0,932.9806,938.4511,5.4704999999999,0.00582928615033847,0.47055765714646,25,0,510
rc_208.3.txt,35,LateToVND,996902,25,875,875,1,808,808,0,932.9806,938.4511,5.4704999999999,0.00582928615033847,0.47055765714646,25,0,510
rc_208.3.txt,35,LateOnly,996902,50,1750,1750,1,808,808,0,850.4933,938.4511,87.9577999999998,0.0937265671061602,0.34054173759536,0,0,1088
rc_208.3.txt,35,LateToGlobal,996902,50,1750,1750,1,808,808,0,898.3373,938.4511,40.1137999999999,0.0427446885618226,0.415953124014879,0,0,1270
rc_208.3.txt,35,LateTo2Opt,996902,50,1750,1750,1,808,808,0,814.1707,938.4511,124.2804,0.132431407454261,0.283290303259567,760,0,510
rc_208.3.txt,35,LateToVND,996902,50,1750,1750,1,808,808,0,850.0866,938.4511,88.3644999999998,0.0941599407790132,0.339900699829771,578,148,544
rc_208.3.txt,35,LateOnly,996902,100,3500,3500,1,808,808,0,806.7799,938.4511,131.6712,0.140306937676348,0.271640974717861,0,0,2180
rc_208.3.txt,35,LateToGlobal,996902,100,3500,3500,1,808,808,0,821.8507,938.4511,116.6004,0.124247709870018,0.29539546686842,0,0,2740
rc_208.3.txt,35,LateTo2Opt,996902,100,3500,3500,1,808,808,0,708.5065,938.4511,229.9446,0.245025659834593,0.116743112035811,2230,0,510
rc_208.3.txt,35,LateToVND,996902,100,3500,3500,1,808,808,0,734.903,938.4511,203.5481,0.216897928938439,0.158349095265116,1394,578,768
rc_208.3.txt,35,LateOnly,996903,25,875,875,0,Inf,NaN,217.0533,982.3982,NaN,NaN,NaN,NaN,0,0,535
rc_208.3.txt,35,LateToGlobal,996903,25,875,875,0,Inf,NaN,217.0533,982.3982,NaN,NaN,NaN,NaN,0,0,535
rc_208.3.txt,35,LateTo2Opt,996903,25,875,875,0,Inf,NaN,217.0533,982.3982,NaN,NaN,NaN,NaN,0,0,535
rc_208.3.txt,35,LateToVND,996903,25,875,875,0,Inf,NaN,217.0533,982.3982,NaN,NaN,NaN,NaN,0,0,535
rc_208.3.txt,35,LateOnly,996903,50,1750,1750,1,1075,1075,0,894.5271,922.7954,28.2682999999998,0.0306333343230795,0.409947512767165,0,0,1088
rc_208.3.txt,35,LateToGlobal,996903,50,1750,1750,1,1075,1075,0,893.2382,922.7954,29.5572,0.0320300686370998,0.407915957379737,0,0,1210
rc_208.3.txt,35,LateTo2Opt,996903,50,1750,1750,1,1075,1075,0,855.9685,922.7954,66.8269,0.0724178945842166,0.349171710484837,530,0,680
rc_208.3.txt,35,LateToVND,996903,50,1750,1750,1,1075,1075,0,888.2755,922.7954,34.5199,0.0374079671398449,0.400093783494105,326,136,748
rc_208.3.txt,35,LateOnly,996903,100,3500,3500,1,1075,1075,0,812.1989,922.7954,110.5965,0.119849427077768,0.280182365550722,0,0,2180
rc_208.3.txt,35,LateToGlobal,996903,100,3500,3500,1,1075,1075,0,803.7957,922.7954,118.9997,0.12895567099706,0.26693729903537,0,0,2680
rc_208.3.txt,35,LateTo2Opt,996903,100,3500,3500,1,1075,1075,0,764.9868,922.7954,157.8086,0.171011472315532,0.205766975600529,2000,0,680
rc_208.3.txt,35,LateToVND,996903,100,3500,3500,1,1075,1075,0,769.6986,922.7954,153.0968,0.165905465068421,0.213193682617742,1088,572,1020
rc_208.3.txt,35,LateOnly,996904,25,875,875,1,808,808,0,927.4969,930.1326,2.63570000000004,0.00283368199329864,0.461914286614968,0,0,535
rc_208.3.txt,35,LateToGlobal,996904,25,875,875,1,808,808,0,927.4969,930.1326,2.63570000000004,0.00283368199329864,0.461914286614968,0,0,535
rc_208.3.txt,35,LateTo2Opt,996904,25,875,875,1,808,808,0,926.0551,930.1326,4.07749999999999,0.00438378355946237,0.459641731290587,25,0,510
rc_208.3.txt,35,LateToVND,996904,25,875,875,1,808,808,0,926.0551,930.1326,4.07749999999999,0.00438378355946237,0.459641731290587,25,0,510
rc_208.3.txt,35,LateOnly,996904,50,1750,1750,1,808,808,0,762.2962,930.1326,167.8364,0.180443519558394,0.201526070235168,0,0,1088
rc_208.3.txt,35,LateToGlobal,996904,50,1750,1750,1,808,808,0,791.0087,930.1326,139.1239,0.149574265002646,0.246782516865267,0,0,1270
rc_208.3.txt,35,LateTo2Opt,996904,50,1750,1750,1,808,808,0,826.2177,930.1326,103.9149,0.111720522428738,0.302278702477776,760,0,510
rc_208.3.txt,35,LateToVND,996904,50,1750,1750,1,808,808,0,773.036,930.1326,157.0966,0.168896993826472,0.218454069730786,612,148,510
rc_208.3.txt,35,LateOnly,996904,100,3500,3500,1,808,808,0,705.6567,930.1326,224.4759,0.241337525423795,0.112251276716474,0,0,2180
rc_208.3.txt,35,LateToGlobal,996904,100,3500,3500,1,808,808,0,728.4607,930.1326,201.6719,0.216820590956601,0.148194785952966,0,0,2740
rc_208.3.txt,35,LateTo2Opt,996904,100,3500,3500,1,808,808,0,722.731,930.1326,207.4016,0.222980680389011,0.139163671899628,2230,0,510
rc_208.3.txt,35,LateToVND,996904,100,3500,3500,1,808,808,0,735.9766,930.1326,194.156,0.208740130170688,0.16004129626127,1360,612,768
rc_208.3.txt,35,LateOnly,996905,25,875,875,0,Inf,NaN,68.3029000000004,975.7854,NaN,NaN,NaN,NaN,0,0,535
rc_208.3.txt,35,LateToGlobal,996905,25,875,875,0,Inf,NaN,68.3029000000004,975.7854,NaN,NaN,NaN,NaN,0,0,535
rc_208.3.txt,35,LateTo2Opt,996905,25,875,875,0,Inf,NaN,68.3029000000004,975.7854,NaN,NaN,NaN,NaN,0,0,535
rc_208.3.txt,35,LateToVND,996905,25,875,875,0,Inf,NaN,68.3029000000004,975.7854,NaN,NaN,NaN,NaN,0,0,535
rc_208.3.txt,35,LateOnly,996905,50,1750,1750,1,974,974,0,903.3719,948.7672,45.3953,0.0478466161140478,0.423888626190026,0,0,1088
rc_208.3.txt,35,LateToGlobal,996905,50,1750,1750,1,974,974,0,903.5154,948.7672,45.2518000000001,0.0476953672091532,0.424114809911102,0,0,1230
rc_208.3.txt,35,LateTo2Opt,996905,50,1750,1750,1,974,974,0,827.2798,948.7672,121.4874,0.128047639083645,0.30395277725238,618,0,612
rc_208.3.txt,35,LateToVND,996905,50,1750,1750,1,974,974,0,842.5014,948.7672,106.2658,0.112004082771833,0.327944959334216,448,136,646
rc_208.3.txt,35,LateOnly,996905,100,3500,3500,1,974,974,0,796.9497,948.7672,151.8175,0.160015544382226,0.256146680537167,0,0,2180
rc_208.3.txt,35,LateToGlobal,996905,100,3500,3500,1,974,974,0,834.408,948.7672,114.3592,0.120534521007893,0.315188197465481,0,0,2700
rc_208.3.txt,35,LateTo2Opt,996905,100,3500,3500,1,974,974,0,736.2336,948.7672,212.5336,0.22401027354234,0.160446377908076,2088,0,612
rc_208.3.txt,35,LateToVND,996905,100,3500,3500,1,974,974,0,743.9063,948.7672,204.8609,0.215923252827459,0.172540035306727,1238,578,884
rc_208.3.txt,35,LateOnly,996906,25,875,875,0,Inf,NaN,91.9336999999997,979.9419,NaN,NaN,NaN,NaN,0,0,535
rc_208.3.txt,35,LateToGlobal,996906,25,875,875,0,Inf,NaN,91.9336999999997,979.9419,NaN,NaN,NaN,NaN,0,0,535
rc_208.3.txt,35,LateTo2Opt,996906,25,875,875,0,Inf,NaN,91.9336999999997,979.9419,NaN,NaN,NaN,NaN,0,0,535
rc_208.3.txt,35,LateToVND,996906,25,875,875,0,Inf,NaN,91.9336999999997,979.9419,NaN,NaN,NaN,NaN,0,0,535
rc_208.3.txt,35,LateOnly,996906,50,1750,1750,1,1654,1660,0,908.674,937.4371,28.7631,0.030682698604525,0.432245760040351,0,0,1088
rc_208.3.txt,35,LateToGlobal,996906,50,1750,1750,1,1654,1660,0,908.674,937.4371,28.7631,0.030682698604525,0.432245760040351,0,0,1110
rc_208.3.txt,35,LateTo2Opt,996906,50,1750,1750,1,1654,1660,0,918.9016,937.4371,18.5355000000002,0.0197725266047185,0.448366433390076,90,0,1020
rc_208.3.txt,35,LateToVND,996906,50,1750,1750,1,1654,1660,0,901.6927,937.4371,35.7444,0.038129918263316,0.421241882605132,68,22,1020
rc_208.3.txt,35,LateOnly,996906,100,3500,3500,1,1654,1660,0,864.1162,937.4371,73.3209000000001,0.0782142076519054,0.36201405964315,0,0,2180
rc_208.3.txt,35,LateToGlobal,996906,100,3500,3500,1,1654,1660,0,801.5217,937.4371,135.9154,0.144986154271044,0.263353035748061,0,0,2560
rc_208.3.txt,35,LateTo2Opt,996906,100,3500,3500,1,1654,1660,0,749.0971,937.4371,188.34,0.200909479686691,0.180721738856314,1540,0,1020
rc_208.3.txt,35,LateToVND,996906,100,3500,3500,1,1654,1660,0,784.9789,937.4371,152.4582,0.162632991589516,0.23727838723914,758,442,1360
rc_208.3.txt,35,LateOnly,996907,25,875,875,0,Inf,NaN,296.627799999999,1054.5156,NaN,NaN,NaN,NaN,0,0,535
rc_208.3.txt,35,LateToGlobal,996907,25,875,875,0,Inf,NaN,296.627799999999,1054.5156,NaN,NaN,NaN,NaN,0,0,535
rc_208.3.txt,35,LateTo2Opt,996907,25,875,875,0,Inf,NaN,296.627799999999,1054.5156,NaN,NaN,NaN,NaN,0,0,535
rc_208.3.txt,35,LateToVND,996907,25,875,875,0,Inf,NaN,296.627799999999,1054.5156,NaN,NaN,NaN,NaN,0,0,535
rc_208.3.txt,35,LateOnly,996907,50,1750,1750,1,1121,1121,0,910.9264,933.6439,22.7175000000002,0.0243320820711196,0.435795977555009,0,0,1088
rc_208.3.txt,35,LateToGlobal,996907,50,1750,1750,1,1121,1121,0,875.8832,933.6439,57.7607000000002,0.061865878414672,0.380561124771452,0,0,1210
rc_208.3.txt,35,LateTo2Opt,996907,50,1750,1750,1,1121,1121,0,877.2459,933.6439,56.3980000000001,0.060406328365665,0.382709003215434,496,0,714
rc_208.3.txt,35,LateToVND,996907,50,1750,1750,1,1121,1121,0,902.2781,933.6439,31.3658000000001,0.0335950355376393,0.422164586091671,360,102,748
rc_208.3.txt,35,LateOnly,996907,100,3500,3500,1,1121,1121,0,804.8096,933.6439,128.8343,0.137990833550136,0.268535401298783,0,0,2180
rc_208.3.txt,35,LateToGlobal,996907,100,3500,3500,1,1121,1121,0,795.3339,933.6439,138.31,0.148139992131904,0.253599867599773,0,0,2660
rc_208.3.txt,35,LateTo2Opt,996907,100,3500,3500,1,1121,1121,0,766.7948,933.6439,166.8491,0.178707427960489,0.20861673286678,1946,0,714
rc_208.3.txt,35,LateToVND,996907,100,3500,3500,1,1121,1121,0,709.5501,933.6439,224.0938,0.240020633134325,0.118388027236618,1300,442,918
rc_208.3.txt,35,LateOnly,996908,25,875,875,0,Inf,NaN,353.079099999999,1013.645,NaN,NaN,NaN,NaN,0,0,535
rc_208.3.txt,35,LateToGlobal,996908,25,875,875,0,Inf,NaN,353.079099999999,1013.645,NaN,NaN,NaN,NaN,0,0,535
rc_208.3.txt,35,LateTo2Opt,996908,25,875,875,0,Inf,NaN,353.079099999999,1013.645,NaN,NaN,NaN,NaN,0,0,535
rc_208.3.txt,35,LateToVND,996908,25,875,875,0,Inf,NaN,353.079099999999,1013.645,NaN,NaN,NaN,NaN,0,0,535
rc_208.3.txt,35,LateOnly,996908,50,1750,1750,0,Inf,NaN,28.6753000000003,977.059,NaN,NaN,NaN,NaN,0,0,1088
rc_208.3.txt,35,LateToGlobal,996908,50,1750,1750,0,Inf,NaN,28.6753000000003,977.059,NaN,NaN,NaN,NaN,0,0,1088
rc_208.3.txt,35,LateTo2Opt,996908,50,1750,1750,0,Inf,NaN,28.6753000000003,977.059,NaN,NaN,NaN,NaN,0,0,1088
rc_208.3.txt,35,LateToVND,996908,50,1750,1750,0,Inf,NaN,28.6753000000003,977.059,NaN,NaN,NaN,NaN,0,0,1088
rc_208.3.txt,35,LateOnly,996908,100,3500,3500,1,2721,2740,0,896.7154,957.0457,60.3303,0.0630380555494894,0.413396696299098,0,0,2180
rc_208.3.txt,35,LateToGlobal,996908,100,3500,3500,1,2721,2740,0,856.519,957.0457,100.5267,0.105038557719866,0.350039404829456,0,0,2340
rc_208.3.txt,35,LateTo2Opt,996908,100,3500,3500,1,2721,2740,0,873.5362,957.0457,83.5094999999999,0.0872575886397064,0.376861799382132,640,0,1700
rc_208.3.txt,35,LateToVND,996908,100,3500,3500,1,2721,2740,0,859.0251,957.0457,98.0205999999998,0.102419978481696,0.353989502553433,368,204,1768
rc_208.3.txt,35,LateOnly,996909,25,875,875,1,856,856,0,951.8375,951.8375,0,0,0.500279774289137,0,0,535
rc_208.3.txt,35,LateToGlobal,996909,25,875,875,1,856,856,0,951.8375,951.8375,0,0,0.500279774289137,0,0,535
rc_208.3.txt,35,LateTo2Opt,996909,25,875,875,1,856,856,0,951.8375,951.8375,0,0,0.500279774289137,0,0,535
rc_208.3.txt,35,LateToVND,996909,25,875,875,1,856,856,0,951.8375,951.8375,0,0,0.500279774289137,0,0,535
rc_208.3.txt,35,LateOnly,996909,50,1750,1750,1,856,856,0,916.4959,951.8375,35.3415999999999,0.0371298672304883,0.444574585461194,0,0,1088
rc_208.3.txt,35,LateToGlobal,996909,50,1750,1750,1,856,856,0,846.2404,951.8375,105.5971,0.110940260286026,0.33383834562764,0,0,1258
rc_208.3.txt,35,LateTo2Opt,996909,50,1750,1750,1,856,856,0,857.7973,951.8375,94.0401999999999,0.0987985869436746,0.352054252569195,714,0,544
rc_208.3.txt,35,LateToVND,996909,50,1750,1750,1,856,856,0,795.2737,951.8375,156.5638,0.164485849738007,0.253504980770443,442,204,612
rc_208.3.txt,35,LateOnly,996909,100,3500,3500,1,856,856,0,802.1662,951.8375,149.6713,0.157244592695707,0.264368892251434,0,0,2180
rc_208.3.txt,35,LateToGlobal,996909,100,3500,3500,1,856,856,0,753.4999,951.8375,198.3376,0.208373383061709,0.187661402181451,0,0,2720
rc_208.3.txt,35,LateTo2Opt,996909,100,3500,3500,1,856,856,0,744.3288,951.8375,207.5087,0.218008536120924,0.173205976924532,2176,0,544
rc_208.3.txt,35,LateToVND,996909,100,3500,3500,1,856,856,0,727.3168,951.8375,224.5207,0.235881334786663,0.146391778576382,1122,646,952
rc_208.3.txt,35,LateOnly,996910,25,875,875,0,Inf,NaN,565.5618,1031.5966,NaN,NaN,NaN,NaN,0,0,535
rc_208.3.txt,35,LateToGlobal,996910,25,875,875,0,Inf,NaN,565.5618,1031.5966,NaN,NaN,NaN,NaN,0,0,535
rc_208.3.txt,35,LateTo2Opt,996910,25,875,875,0,Inf,NaN,565.5618,1031.5966,NaN,NaN,NaN,NaN,0,0,535
rc_208.3.txt,35,LateToVND,996910,25,875,875,0,Inf,NaN,565.5618,1031.5966,NaN,NaN,NaN,NaN,0,0,535
rc_208.3.txt,35,LateOnly,996910,50,1750,1750,0,Inf,NaN,434.397799999999,1062.521,NaN,NaN,NaN,NaN,0,0,1088
rc_208.3.txt,35,LateToGlobal,996910,50,1750,1750,0,Inf,NaN,434.397799999999,1062.521,NaN,NaN,NaN,NaN,0,0,1088
rc_208.3.txt,35,LateTo2Opt,996910,50,1750,1750,0,Inf,NaN,434.397799999999,1062.521,NaN,NaN,NaN,NaN,0,0,1088
rc_208.3.txt,35,LateToVND,996910,50,1750,1750,0,Inf,NaN,434.397799999999,1062.521,NaN,NaN,NaN,NaN,0,0,1088
rc_208.3.txt,35,LateOnly,996910,100,3500,3500,1,2100,2100,0,857.9739,945.6944,87.7205,0.0927577661451733,0.352332608284471,0,0,2180
rc_208.3.txt,35,LateToGlobal,996910,100,3500,3500,1,2100,2100,0,813.8103,945.6944,131.8841,0.139457418802522,0.282722243238131,0,0,2460
rc_208.3.txt,35,LateTo2Opt,996910,100,3500,3500,1,2100,2100,0,890.3,945.6944,55.3944000000001,0.0585753706482772,0.403284786583443,1134,0,1326
rc_208.3.txt,35,LateToVND,996910,100,3500,3500,1,2100,2100,0,811.4527,945.6944,134.2417,0.141950401736544,0.279006210201122,726,306,1428
