dataset,level,instance,scenario_seed,algorithm_seed,event_type,event_size,strategy,seed_index,checkpoint_fe,actual_fe,warm_start_fe,local_search_fe,response_time,fitness,distance,total_late,is_feasible,reference_cost,gap_to_reference,overtake_repair,first_feasible_fe,phase_switch_fe,phase_gain
addition_instances,M1,9,6109,7409001,add,1,Repair,1,500,19,0,0,0.0090975,3489.87731324602,3489.87731324602,0,1,3489.87731324602,0,0,NaN,NaN,NaN
addition_instances,M1,9,6109,7409001,add,1,Repair,1,1000,19,0,0,0.0090975,3489.87731324602,3489.87731324602,0,1,3489.87731324602,0,0,NaN,NaN,NaN
addition_instances,M1,9,6109,7409001,add,1,Repair,1,1500,19,0,0,0.0090975,3489.87731324602,3489.87731324602,0,1,3489.87731324602,0,0,NaN,NaN,NaN
addition_instances,M1,9,6109,7409001,add,1,Repair,1,2500,19,0,0,0.0090975,3489.87731324602,3489.87731324602,0,1,3489.87731324602,0,0,NaN,NaN,NaN
addition_instances,M1,9,6109,7409001,add,1,WarmPSO,1,500,494,74,0,0.2487875,3489.87731324602,3489.87731324602,0,1,3489.87731324602,0,0,104,NaN,NaN
addition_instances,M1,9,6109,7409001,add,1,WarmPSO,1,1000,974,74,0,0.2487875,3489.87731324602,3489.87731324602,0,1,3489.87731324602,0,0,104,NaN,NaN
addition_instances,M1,9,6109,7409001,add,1,WarmPSO,1,1500,1484,74,0,0.2487875,3489.87731324602,3489.87731324602,0,1,3489.87731324602,0,0,104,NaN,NaN
addition_instances,M1,9,6109,7409001,add,1,WarmPSO,1,2500,2474,74,0,0.2487875,3489.87731324602,3489.87731324602,0,1,3489.87731324602,0,0,104,NaN,NaN
addition_instances,M1,9,6109,7409001,add,1,FB-CMPSO,1,500,428,74,204,0.3195819,3489.87731324602,3489.87731324602,0,1,3489.87731324602,0,0,104,134,NaN
addition_instances,M1,9,6109,7409001,add,1,FB-CMPSO,1,1000,995,74,561,0.3195819,3365.00477032092,3365.00477032092,0,1,3489.87731324602,-0.0357813561098963,1,104,134,NaN
addition_instances,M1,9,6109,7409001,add,1,FB-CMPSO,1,1500,1481,74,867,0.3195819,3365.00477032092,3365.00477032092,0,1,3489.87731324602,-0.0357813561098963,1,104,134,NaN
addition_instances,M1,9,6109,7409001,add,1,FB-CMPSO,1,2500,2453,74,1479,0.3195819,3317.58663960639,3317.58663960639,0,1,3489.87731324602,-0.0493686906945656,1,104,134,NaN
addition_instances,M1,9,6109,7409002,add,1,Repair,2,500,19,0,0,0.0042824,3489.87731324602,3489.87731324602,0,1,3489.87731324602,0,0,NaN,NaN,NaN
addition_instances,M1,9,6109,7409002,add,1,Repair,2,1000,19,0,0,0.0042824,3489.87731324602,3489.87731324602,0,1,3489.87731324602,0,0,NaN,NaN,NaN
addition_instances,M1,9,6109,7409002,add,1,Repair,2,1500,19,0,0,0.0042824,3489.87731324602,3489.87731324602,0,1,3489.87731324602,0,0,NaN,NaN,NaN
addition_instances,M1,9,6109,7409002,add,1,Repair,2,2500,19,0,0,0.0042824,3489.87731324602,3489.87731324602,0,1,3489.87731324602,0,0,NaN,NaN,NaN
addition_instances,M1,9,6109,7409002,add,1,WarmPSO,2,500,497,77,0,0.2500602,3489.87731324602,3489.87731324602,0,1,3489.87731324602,0,0,107,NaN,NaN
addition_instances,M1,9,6109,7409002,add,1,WarmPSO,2,1000,977,77,0,0.2500602,3489.87731324602,3489.87731324602,0,1,3489.87731324602,0,0,107,NaN,NaN
addition_instances,M1,9,6109,7409002,add,1,WarmPSO,2,1500,1487,77,0,0.2500602,3489.87731324602,3489.87731324602,0,1,3489.87731324602,0,0,107,NaN,NaN
addition_instances,M1,9,6109,7409002,add,1,WarmPSO,2,2500,2477,77,0,0.2500602,3489.87731324602,3489.87731324602,0,1,3489.87731324602,0,0,107,NaN,NaN
addition_instances,M1,9,6109,7409002,add,1,FB-CMPSO,2,500,431,77,204,0.2664419,3365.00477032092,3365.00477032092,0,1,3489.87731324602,-0.0357813561098963,1,107,137,NaN
addition_instances,M1,9,6109,7409002,add,1,FB-CMPSO,2,1000,998,77,561,0.2664419,3317.58663960639,3317.58663960639,0,1,3489.87731324602,-0.0493686906945656,1,107,137,NaN
addition_instances,M1,9,6109,7409002,add,1,FB-CMPSO,2,1500,1484,77,867,0.2664419,3317.58663960639,3317.58663960639,0,1,3489.87731324602,-0.0493686906945656,1,107,137,NaN
addition_instances,M1,9,6109,7409002,add,1,FB-CMPSO,2,2500,2456,77,1479,0.2664419,3317.58663960639,3317.58663960639,0,1,3489.87731324602,-0.0493686906945656,1,107,137,NaN
addition_instances,M1,9,6109,7409003,add,1,Repair,3,500,19,0,0,0.0023757,3489.87731324602,3489.87731324602,0,1,3489.87731324602,0,0,NaN,NaN,NaN
addition_instances,M1,9,6109,7409003,add,1,Repair,3,1000,19,0,0,0.0023757,3489.87731324602,3489.87731324602,0,1,3489.87731324602,0,0,NaN,NaN,NaN
addition_instances,M1,9,6109,7409003,add,1,Repair,3,1500,19,0,0,0.0023757,3489.87731324602,3489.87731324602,0,1,3489.87731324602,0,0,NaN,NaN,NaN
addition_instances,M1,9,6109,7409003,add,1,Repair,3,2500,19,0,0,0.0023757,3489.87731324602,3489.87731324602,0,1,3489.87731324602,0,0,NaN,NaN,NaN
addition_instances,M1,9,6109,7409003,add,1,WarmPSO,3,500,497,77,0,0.2137827,3489.87731324602,3489.87731324602,0,1,3489.87731324602,0,0,107,NaN,NaN
addition_instances,M1,9,6109,7409003,add,1,WarmPSO,3,1000,977,77,0,0.2137827,3489.87731324602,3489.87731324602,0,1,3489.87731324602,0,0,107,NaN,NaN
addition_instances,M1,9,6109,7409003,add,1,WarmPSO,3,1500,1487,77,0,0.2137827,3489.87731324602,3489.87731324602,0,1,3489.87731324602,0,0,107,NaN,NaN
addition_instances,M1,9,6109,7409003,add,1,WarmPSO,3,2500,2477,77,0,0.2137827,3489.87731324602,3489.87731324602,0,1,3489.87731324602,0,0,107,NaN,NaN
addition_instances,M1,9,6109,7409003,add,1,FB-CMPSO,3,500,431,77,204,0.2496071,3365.00477032092,3365.00477032092,0,1,3489.87731324602,-0.0357813561098963,1,107,137,NaN
addition_instances,M1,9,6109,7409003,add,1,FB-CMPSO,3,1000,998,77,561,0.2496071,3365.00477032092,3365.00477032092,0,1,3489.87731324602,-0.0357813561098963,1,107,137,NaN
addition_instances,M1,9,6109,7409003,add,1,FB-CMPSO,3,1500,1484,77,867,0.2496071,3317.58663960639,3317.58663960639,0,1,3489.87731324602,-0.0493686906945656,1,107,137,NaN
addition_instances,M1,9,6109,7409003,add,1,FB-CMPSO,3,2500,2456,77,1479,0.2496071,3317.58663960639,3317.58663960639,0,1,3489.87731324602,-0.0493686906945656,1,107,137,NaN
addition_instances,M1,9,6109,7409004,add,1,Repair,4,500,19,0,0,0.0024948,3489.87731324602,3489.87731324602,0,1,3489.87731324602,0,0,NaN,NaN,NaN
addition_instances,M1,9,6109,7409004,add,1,Repair,4,1000,19,0,0,0.0024948,3489.87731324602,3489.87731324602,0,1,3489.87731324602,0,0,NaN,NaN,NaN
addition_instances,M1,9,6109,7409004,add,1,Repair,4,1500,19,0,0,0.0024948,3489.87731324602,3489.87731324602,0,1,3489.87731324602,0,0,NaN,NaN,NaN
addition_instances,M1,9,6109,7409004,add,1,Repair,4,2500,19,0,0,0.0024948,3489.87731324602,3489.87731324602,0,1,3489.87731324602,0,0,NaN,NaN,NaN
addition_instances,M1,9,6109,7409004,add,1,WarmPSO,4,500,495,75,0,0.2142349,3489.87731324602,3489.87731324602,0,1,3489.87731324602,0,0,105,NaN,NaN
addition_instances,M1,9,6109,7409004,add,1,WarmPSO,4,1000,975,75,0,0.2142349,3489.75337928123,3489.75337928123,0,1,3489.87731324602,-3.55124130936371e-05,1,105,NaN,NaN
addition_instances,M1,9,6109,7409004,add,1,WarmPSO,4,1500,1485,75,0,0.2142349,3489.75337928123,3489.75337928123,0,1,3489.87731324602,-3.55124130936371e-05,1,105,NaN,NaN
addition_instances,M1,9,6109,7409004,add,1,WarmPSO,4,2500,2475,75,0,0.2142349,3489.75337928123,3489.75337928123,0,1,3489.87731324602,-3.55124130936371e-05,1,105,NaN,NaN
addition_instances,M1,9,6109,7409004,add,1,FB-CMPSO,4,500,429,75,204,0.2531283,3375.75243879832,3375.75243879832,0,1,3489.87731324602,-0.0327016866795079,1,105,135,NaN
addition_instances,M1,9,6109,7409004,add,1,FB-CMPSO,4,1000,996,75,561,0.2531283,3365.00477032092,3365.00477032092,0,1,3489.87731324602,-0.0357813561098963,1,105,135,NaN
addition_instances,M1,9,6109,7409004,add,1,FB-CMPSO,4,1500,1482,75,867,0.2531283,3365.00477032092,3365.00477032092,0,1,3489.87731324602,-0.0357813561098963,1,105,135,NaN
addition_instances,M1,9,6109,7409004,add,1,FB-CMPSO,4,2500,2454,75,1479,0.2531283,3365.00477032092,3365.00477032092,0,1,3489.87731324602,-0.0357813561098963,1,105,135,NaN
addition_instances,M1,9,6109,7409005,add,1,Repair,5,500,19,0,0,0.0045708,3489.87731324602,3489.87731324602,0,1,3489.87731324602,0,0,NaN,NaN,NaN
addition_instances,M1,9,6109,7409005,add,1,Repair,5,1000,19,0,0,0.0045708,3489.87731324602,3489.87731324602,0,1,3489.87731324602,0,0,NaN,NaN,NaN
addition_instances,M1,9,6109,7409005,add,1,Repair,5,1500,19,0,0,0.0045708,3489.87731324602,3489.87731324602,0,1,3489.87731324602,0,0,NaN,NaN,NaN
addition_instances,M1,9,6109,7409005,add,1,Repair,5,2500,19,0,0,0.0045708,3489.87731324602,3489.87731324602,0,1,3489.87731324602,0,0,NaN,NaN,NaN
addition_instances,M1,9,6109,7409005,add,1,WarmPSO,5,500,497,77,0,0.2086123,3489.87731324602,3489.87731324602,0,1,3489.87731324602,0,0,107,NaN,NaN
addition_instances,M1,9,6109,7409005,add,1,WarmPSO,5,1000,977,77,0,0.2086123,3489.87731324602,3489.87731324602,0,1,3489.87731324602,0,0,107,NaN,NaN
addition_instances,M1,9,6109,7409005,add,1,WarmPSO,5,1500,1487,77,0,0.2086123,3489.87731324602,3489.87731324602,0,1,3489.87731324602,0,0,107,NaN,NaN
addition_instances,M1,9,6109,7409005,add,1,WarmPSO,5,2500,2477,77,0,0.2086123,3489.87731324602,3489.87731324602,0,1,3489.87731324602,0,0,107,NaN,NaN
addition_instances,M1,9,6109,7409005,add,1,FB-CMPSO,5,500,431,77,204,0.2405158,3375.75243879832,3375.75243879832,0,1,3489.87731324602,-0.0327016866795079,1,107,137,NaN
addition_instances,M1,9,6109,7409005,add,1,FB-CMPSO,5,1000,998,77,561,0.2405158,3365.00477032092,3365.00477032092,0,1,3489.87731324602,-0.0357813561098963,1,107,137,NaN
addition_instances,M1,9,6109,7409005,add,1,FB-CMPSO,5,1500,1484,77,867,0.2405158,3365.00477032092,3365.00477032092,0,1,3489.87731324602,-0.0357813561098963,1,107,137,NaN
addition_instances,M1,9,6109,7409005,add,1,FB-CMPSO,5,2500,2456,77,1479,0.2405158,3317.58663960639,3317.58663960639,0,1,3489.87731324602,-0.0493686906945656,1,107,137,NaN
addition_instances,M1,9,6109,7409006,add,1,Repair,6,500,19,0,0,0.0015455,3489.87731324602,3489.87731324602,0,1,3489.87731324602,0,0,NaN,NaN,NaN
addition_instances,M1,9,6109,7409006,add,1,Repair,6,1000,19,0,0,0.0015455,3489.87731324602,3489.87731324602,0,1,3489.87731324602,0,0,NaN,NaN,NaN
addition_instances,M1,9,6109,7409006,add,1,Repair,6,1500,19,0,0,0.0015455,3489.87731324602,3489.87731324602,0,1,3489.87731324602,0,0,NaN,NaN,NaN
addition_instances,M1,9,6109,7409006,add,1,Repair,6,2500,19,0,0,0.0015455,3489.87731324602,3489.87731324602,0,1,3489.87731324602,0,0,NaN,NaN,NaN
addition_instances,M1,9,6109,7409006,add,1,WarmPSO,6,500,498,78,0,0.2214537,3489.87731324602,3489.87731324602,0,1,3489.87731324602,0,0,108,NaN,NaN
addition_instances,M1,9,6109,7409006,add,1,WarmPSO,6,1000,978,78,0,0.2214537,3489.87731324602,3489.87731324602,0,1,3489.87731324602,0,0,108,NaN,NaN
addition_instances,M1,9,6109,7409006,add,1,WarmPSO,6,1500,1488,78,0,0.2214537,3489.87731324602,3489.87731324602,0,1,3489.87731324602,0,0,108,NaN,NaN
addition_instances,M1,9,6109,7409006,add,1,WarmPSO,6,2500,2478,78,0,0.2214537,3489.87731324602,3489.87731324602,0,1,3489.87731324602,0,0,108,NaN,NaN
addition_instances,M1,9,6109,7409006,add,1,FB-CMPSO,6,500,432,78,204,0.2469533,3345.48975378369,3345.48975378369,0,1,3489.87731324602,-0.0413732479690053,1,108,138,NaN
addition_instances,M1,9,6109,7409006,add,1,FB-CMPSO,6,1000,999,78,561,0.2469533,3295.1369229437,3295.1369229437,0,1,3489.87731324602,-0.05580150040323,1,108,138,NaN
addition_instances,M1,9,6109,7409006,add,1,FB-CMPSO,6,1500,1485,78,867,0.2469533,3295.1369229437,3295.1369229437,0,1,3489.87731324602,-0.05580150040323,1,108,138,NaN
addition_instances,M1,9,6109,7409006,add,1,FB-CMPSO,6,2500,2457,78,1479,0.2469533,3295.1369229437,3295.1369229437,0,1,3489.87731324602,-0.05580150040323,1,108,138,NaN
addition_instances,M1,9,6109,7409007,add,1,Repair,7,500,19,0,0,0.001455,3489.87731324602,3489.87731324602,0,1,3489.87731324602,0,0,NaN,NaN,NaN
addition_instances,M1,9,6109,7409007,add,1,Repair,7,1000,19,0,0,0.001455,3489.87731324602,3489.87731324602,0,1,3489.87731324602,0,0,NaN,NaN,NaN
addition_instances,M1,9,6109,7409007,add,1,Repair,7,1500,19,0,0,0.001455,3489.87731324602,3489.87731324602,0,1,3489.87731324602,0,0,NaN,NaN,NaN
addition_instances,M1,9,6109,7409007,add,1,Repair,7,2500,19,0,0,0.001455,3489.87731324602,3489.87731324602,0,1,3489.87731324602,0,0,NaN,NaN,NaN
addition_instances,M1,9,6109,7409007,add,1,WarmPSO,7,500,496,76,0,0.2139578,3489.87731324602,3489.87731324602,0,1,3489.87731324602,0,0,106,NaN,NaN
addition_instances,M1,9,6109,7409007,add,1,WarmPSO,7,1000,976,76,0,0.2139578,3489.87731324602,3489.87731324602,0,1,3489.87731324602,0,0,106,NaN,NaN
addition_instances,M1,9,6109,7409007,add,1,WarmPSO,7,1500,1486,76,0,0.2139578,3489.87731324602,3489.87731324602,0,1,3489.87731324602,0,0,106,NaN,NaN
addition_instances,M1,9,6109,7409007,add,1,WarmPSO,7,2500,2476,76,0,0.2139578,3489.87731324602,3489.87731324602,0,1,3489.87731324602,0,0,106,NaN,NaN
addition_instances,M1,9,6109,7409007,add,1,FB-CMPSO,7,500,430,76,204,0.2402224,3375.75243879832,3375.75243879832,0,1,3489.87731324602,-0.0327016866795079,1,106,136,NaN
addition_instances,M1,9,6109,7409007,add,1,FB-CMPSO,7,1000,997,76,561,0.2402224,3375.75243879832,3375.75243879832,0,1,3489.87731324602,-0.0327016866795079,1,106,136,NaN
addition_instances,M1,9,6109,7409007,add,1,FB-CMPSO,7,1500,1483,76,867,0.2402224,3317.58663960639,3317.58663960639,0,1,3489.87731324602,-0.0493686906945656,1,106,136,NaN
addition_instances,M1,9,6109,7409007,add,1,FB-CMPSO,7,2500,2455,76,1479,0.2402224,3317.58663960639,3317.58663960639,0,1,3489.87731324602,-0.0493686906945656,1,106,136,NaN
addition_instances,M1,9,6109,7409008,add,1,Repair,8,500,19,0,0,0.0015303,3489.87731324602,3489.87731324602,0,1,3489.87731324602,0,0,NaN,NaN,NaN
addition_instances,M1,9,6109,7409008,add,1,Repair,8,1000,19,0,0,0.0015303,3489.87731324602,3489.87731324602,0,1,3489.87731324602,0,0,NaN,NaN,NaN
addition_instances,M1,9,6109,7409008,add,1,Repair,8,1500,19,0,0,0.0015303,3489.87731324602,3489.87731324602,0,1,3489.87731324602,0,0,NaN,NaN,NaN
addition_instances,M1,9,6109,7409008,add,1,Repair,8,2500,19,0,0,0.0015303,3489.87731324602,3489.87731324602,0,1,3489.87731324602,0,0,NaN,NaN,NaN
addition_instances,M1,9,6109,7409008,add,1,WarmPSO,8,500,497,77,0,0.2115809,3489.87731324602,3489.87731324602,0,1,3489.87731324602,0,0,107,NaN,NaN
addition_instances,M1,9,6109,7409008,add,1,WarmPSO,8,1000,977,77,0,0.2115809,3489.87731324602,3489.87731324602,0,1,3489.87731324602,0,0,107,NaN,NaN
addition_instances,M1,9,6109,7409008,add,1,WarmPSO,8,1500,1487,77,0,0.2115809,3489.87731324602,3489.87731324602,0,1,3489.87731324602,0,0,107,NaN,NaN
addition_instances,M1,9,6109,7409008,add,1,WarmPSO,8,2500,2477,77,0,0.2115809,3489.87731324602,3489.87731324602,0,1,3489.87731324602,0,0,107,NaN,NaN
addition_instances,M1,9,6109,7409008,add,1,FB-CMPSO,8,500,431,77,204,0.2804548,3263.41946187206,3263.41946187206,0,1,3489.87731324602,-0.0648899176238729,1,107,137,NaN
addition_instances,M1,9,6109,7409008,add,1,FB-CMPSO,8,1000,998,77,561,0.2804548,3263.41946187206,3263.41946187206,0,1,3489.87731324602,-0.0648899176238729,1,107,137,NaN
addition_instances,M1,9,6109,7409008,add,1,FB-CMPSO,8,1500,1484,77,867,0.2804548,3263.41946187206,3263.41946187206,0,1,3489.87731324602,-0.0648899176238729,1,107,137,NaN
addition_instances,M1,9,6109,7409008,add,1,FB-CMPSO,8,2500,2456,77,1479,0.2804548,3263.41946187206,3263.41946187206,0,1,3489.87731324602,-0.0648899176238729,1,107,137,NaN
addition_instances,M1,9,6109,7409009,add,1,Repair,9,500,19,0,0,0.0015196,3489.87731324602,3489.87731324602,0,1,3489.87731324602,0,0,NaN,NaN,NaN
addition_instances,M1,9,6109,7409009,add,1,Repair,9,1000,19,0,0,0.0015196,3489.87731324602,3489.87731324602,0,1,3489.87731324602,0,0,NaN,NaN,NaN
addition_instances,M1,9,6109,7409009,add,1,Repair,9,1500,19,0,0,0.0015196,3489.87731324602,3489.87731324602,0,1,3489.87731324602,0,0,NaN,NaN,NaN
addition_instances,M1,9,6109,7409009,add,1,Repair,9,2500,19,0,0,0.0015196,3489.87731324602,3489.87731324602,0,1,3489.87731324602,0,0,NaN,NaN,NaN
addition_instances,M1,9,6109,7409009,add,1,WarmPSO,9,500,498,78,0,0.2358713,3489.87731324602,3489.87731324602,0,1,3489.87731324602,0,0,108,NaN,NaN
addition_instances,M1,9,6109,7409009,add,1,WarmPSO,9,1000,978,78,0,0.2358713,3489.87731324602,3489.87731324602,0,1,3489.87731324602,0,0,108,NaN,NaN
addition_instances,M1,9,6109,7409009,add,1,WarmPSO,9,1500,1488,78,0,0.2358713,3489.87731324602,3489.87731324602,0,1,3489.87731324602,0,0,108,NaN,NaN
addition_instances,M1,9,6109,7409009,add,1,WarmPSO,9,2500,2478,78,0,0.2358713,3489.87731324602,3489.87731324602,0,1,3489.87731324602,0,0,108,NaN,NaN
addition_instances,M1,9,6109,7409009,add,1,FB-CMPSO,9,500,432,78,204,0.2564159,3489.87731324602,3489.87731324602,0,1,3489.87731324602,0,0,108,138,NaN
addition_instances,M1,9,6109,7409009,add,1,FB-CMPSO,9,1000,999,78,561,0.2564159,3375.75243879832,3375.75243879832,0,1,3489.87731324602,-0.0327016866795079,1,108,138,NaN
addition_instances,M1,9,6109,7409009,add,1,FB-CMPSO,9,1500,1485,78,867,0.2564159,3375.75243879832,3375.75243879832,0,1,3489.87731324602,-0.0327016866795079,1,108,138,NaN
addition_instances,M1,9,6109,7409009,add,1,FB-CMPSO,9,2500,2457,78,1479,0.2564159,3365.00477032092,3365.00477032092,0,1,3489.87731324602,-0.0357813561098963,1,108,138,NaN
addition_instances,M1,9,6109,7409010,add,1,Repair,10,500,19,0,0,0.0014594,3489.87731324602,3489.87731324602,0,1,3489.87731324602,0,0,NaN,NaN,NaN
addition_instances,M1,9,6109,7409010,add,1,Repair,10,1000,19,0,0,0.0014594,3489.87731324602,3489.87731324602,0,1,3489.87731324602,0,0,NaN,NaN,NaN
addition_instances,M1,9,6109,7409010,add,1,Repair,10,1500,19,0,0,0.0014594,3489.87731324602,3489.87731324602,0,1,3489.87731324602,0,0,NaN,NaN,NaN
addition_instances,M1,9,6109,7409010,add,1,Repair,10,2500,19,0,0,0.0014594,3489.87731324602,3489.87731324602,0,1,3489.87731324602,0,0,NaN,NaN,NaN
addition_instances,M1,9,6109,7409010,add,1,WarmPSO,10,500,496,76,0,0.2095691,3489.87731324602,3489.87731324602,0,1,3489.87731324602,0,0,106,NaN,NaN
addition_instances,M1,9,6109,7409010,add,1,WarmPSO,10,1000,976,76,0,0.2095691,3489.87731324602,3489.87731324602,0,1,3489.87731324602,0,0,106,NaN,NaN
addition_instances,M1,9,6109,7409010,add,1,WarmPSO,10,1500,1486,76,0,0.2095691,3489.87731324602,3489.87731324602,0,1,3489.87731324602,0,0,106,NaN,NaN
addition_instances,M1,9,6109,7409010,add,1,WarmPSO,10,2500,2476,76,0,0.2095691,3489.87731324602,3489.87731324602,0,1,3489.87731324602,0,0,106,NaN,NaN
addition_instances,M1,9,6109,7409010,add,1,FB-CMPSO,10,500,430,76,204,0.2598867,3365.00477032092,3365.00477032092,0,1,3489.87731324602,-0.0357813561098963,1,106,136,NaN
addition_instances,M1,9,6109,7409010,add,1,FB-CMPSO,10,1000,997,76,561,0.2598867,3365.00477032092,3365.00477032092,0,1,3489.87731324602,-0.0357813561098963,1,106,136,NaN
addition_instances,M1,9,6109,7409010,add,1,FB-CMPSO,10,1500,1483,76,867,0.2598867,3365.00477032092,3365.00477032092,0,1,3489.87731324602,-0.0357813561098963,1,106,136,NaN
addition_instances,M1,9,6109,7409010,add,1,FB-CMPSO,10,2500,2455,76,1479,0.2598867,3317.58663960639,3317.58663960639,0,1,3489.87731324602,-0.0493686906945656,1,106,136,NaN
addition_instances,M1,10,6110,7410001,add,1,Repair,1,500,19,0,0,0.001812,3490.38557065644,3490.38557065644,0,1,3490.38557065644,0,0,NaN,NaN,NaN
addition_instances,M1,10,6110,7410001,add,1,Repair,1,1000,19,0,0,0.001812,3490.38557065644,3490.38557065644,0,1,3490.38557065644,0,0,NaN,NaN,NaN
addition_instances,M1,10,6110,7410001,add,1,Repair,1,1500,19,0,0,0.001812,3490.38557065644,3490.38557065644,0,1,3490.38557065644,0,0,NaN,NaN,NaN
addition_instances,M1,10,6110,7410001,add,1,Repair,1,2500,19,0,0,0.001812,3490.38557065644,3490.38557065644,0,1,3490.38557065644,0,0,NaN,NaN,NaN
addition_instances,M1,10,6110,7410001,add,1,WarmPSO,1,500,497,77,0,0.2207702,3490.38557065644,3490.38557065644,0,1,3490.38557065644,0,0,107,NaN,NaN
addition_instances,M1,10,6110,7410001,add,1,WarmPSO,1,1000,977,77,0,0.2207702,3490.38557065644,3490.38557065644,0,1,3490.38557065644,0,0,107,NaN,NaN
addition_instances,M1,10,6110,7410001,add,1,WarmPSO,1,1500,1487,77,0,0.2207702,3490.38557065644,3490.38557065644,0,1,3490.38557065644,0,0,107,NaN,NaN
addition_instances,M1,10,6110,7410001,add,1,WarmPSO,1,2500,2477,77,0,0.2207702,3490.38557065644,3490.38557065644,0,1,3490.38557065644,0,0,107,NaN,NaN
addition_instances,M1,10,6110,7410001,add,1,FB-CMPSO,1,500,431,77,204,0.2516774,3328.84256549422,3328.84256549422,0,1,3490.38557065644,-0.0462822808231566,1,107,137,NaN
addition_instances,M1,10,6110,7410001,add,1,FB-CMPSO,1,1000,998,77,561,0.2516774,3318.09489701681,3318.09489701681,0,1,3490.38557065644,-0.0493615018031437,1,107,137,NaN
addition_instances,M1,10,6110,7410001,add,1,FB-CMPSO,1,1500,1484,77,867,0.2516774,3318.09489701681,3318.09489701681,0,1,3490.38557065644,-0.0493615018031437,1,107,137,NaN
addition_instances,M1,10,6110,7410001,add,1,FB-CMPSO,1,2500,2456,77,1479,0.2516774,3318.09489701681,3318.09489701681,0,1,3490.38557065644,-0.0493615018031437,1,107,137,NaN
addition_instances,M1,10,6110,7410002,add,1,Repair,2,500,19,0,0,0.0014543,3490.38557065644,3490.38557065644,0,1,3490.38557065644,0,0,NaN,NaN,NaN
addition_instances,M1,10,6110,7410002,add,1,Repair,2,1000,19,0,0,0.0014543,3490.38557065644,3490.38557065644,0,1,3490.38557065644,0,0,NaN,NaN,NaN
addition_instances,M1,10,6110,7410002,add,1,Repair,2,1500,19,0,0,0.0014543,3490.38557065644,3490.38557065644,0,1,3490.38557065644,0,0,NaN,NaN,NaN
addition_instances,M1,10,6110,7410002,add,1,Repair,2,2500,19,0,0,0.0014543,3490.38557065644,3490.38557065644,0,1,3490.38557065644,0,0,NaN,NaN,NaN
addition_instances,M1,10,6110,7410002,add,1,WarmPSO,2,500,498,78,0,0.2117248,3490.38557065644,3490.38557065644,0,1,3490.38557065644,0,0,108,NaN,NaN
addition_instances,M1,10,6110,7410002,add,1,WarmPSO,2,1000,978,78,0,0.2117248,3490.38557065644,3490.38557065644,0,1,3490.38557065644,0,0,108,NaN,NaN
addition_instances,M1,10,6110,7410002,add,1,WarmPSO,2,1500,1488,78,0,0.2117248,3490.38557065644,3490.38557065644,0,1,3490.38557065644,0,0,108,NaN,NaN
addition_instances,M1,10,6110,7410002,add,1,WarmPSO,2,2500,2478,78,0,0.2117248,3490.38557065644,3490.38557065644,0,1,3490.38557065644,0,0,108,NaN,NaN
addition_instances,M1,10,6110,7410002,add,1,FB-CMPSO,2,500,432,78,204,0.2529255,3365.51302773133,3365.51302773133,0,1,3490.38557065644,-0.0357761457573351,1,108,138,NaN
addition_instances,M1,10,6110,7410002,add,1,FB-CMPSO,2,1000,999,78,561,0.2529255,3318.09489701681,3318.09489701681,0,1,3490.38557065644,-0.0493615018031437,1,108,138,NaN
addition_instances,M1,10,6110,7410002,add,1,FB-CMPSO,2,1500,1485,78,867,0.2529255,3318.09489701681,3318.09489701681,0,1,3490.38557065644,-0.0493615018031437,1,108,138,NaN
addition_instances,M1,10,6110,7410002,add,1,FB-CMPSO,2,2500,2457,78,1479,0.2529255,3318.09489701681,3318.09489701681,0,1,3490.38557065644,-0.0493615018031437,1,108,138,NaN
addition_instances,M1,10,6110,7410003,add,1,Repair,3,500,19,0,0,0.0015832,3490.38557065644,3490.38557065644,0,1,3490.38557065644,0,0,NaN,NaN,NaN
addition_instances,M1,10,6110,7410003,add,1,Repair,3,1000,19,0,0,0.0015832,3490.38557065644,3490.38557065644,0,1,3490.38557065644,0,0,NaN,NaN,NaN
addition_instances,M1,10,6110,7410003,add,1,Repair,3,1500,19,0,0,0.0015832,3490.38557065644,3490.38557065644,0,1,3490.38557065644,0,0,NaN,NaN,NaN
addition_instances,M1,10,6110,7410003,add,1,Repair,3,2500,19,0,0,0.0015832,3490.38557065644,3490.38557065644,0,1,3490.38557065644,0,0,NaN,NaN,NaN
addition_instances,M1,10,6110,7410003,add,1,WarmPSO,3,500,497,77,0,0.2117944,3490.38557065644,3490.38557065644,0,1,3490.38557065644,0,0,107,NaN,NaN
addition_instances,M1,10,6110,7410003,add,1,WarmPSO,3,1000,977,77,0,0.2117944,3490.38557065644,3490.38557065644,0,1,3490.38557065644,0,0,107,NaN,NaN
addition_instances,M1,10,6110,7410003,add,1,WarmPSO,3,1500,1487,77,0,0.2117944,3490.38557065644,3490.38557065644,0,1,3490.38557065644,0,0,107,NaN,NaN
addition_instances,M1,10,6110,7410003,add,1,WarmPSO,3,2500,2477,77,0,0.2117944,3490.38557065644,3490.38557065644,0,1,3490.38557065644,0,0,107,NaN,NaN
addition_instances,M1,10,6110,7410003,add,1,FB-CMPSO,3,500,431,77,204,0.2464288,3345.9980111941,3345.9980111941,0,1,3490.38557065644,-0.041367223345236,1,107,137,NaN
addition_instances,M1,10,6110,7410003,add,1,FB-CMPSO,3,1000,998,77,561,0.2464288,3345.9980111941,3345.9980111941,0,1,3490.38557065644,-0.041367223345236,1,107,137,NaN
addition_instances,M1,10,6110,7410003,add,1,FB-CMPSO,3,1500,1484,77,867,0.2464288,3295.64518035411,3295.64518035411,0,1,3490.38557065644,-0.055793374789163,1,107,137,NaN
addition_instances,M1,10,6110,7410003,add,1,FB-CMPSO,3,2500,2456,77,1479,0.2464288,3295.64518035411,3295.64518035411,0,1,3490.38557065644,-0.055793374789163,1,107,137,NaN
addition_instances,M1,10,6110,7410004,add,1,Repair,4,500,19,0,0,0.001609,3490.38557065644,3490.38557065644,0,1,3490.38557065644,0,0,NaN,NaN,NaN
addition_instances,M1,10,6110,7410004,add,1,Repair,4,1000,19,0,0,0.001609,3490.38557065644,3490.38557065644,0,1,3490.38557065644,0,0,NaN,NaN,NaN
addition_instances,M1,10,6110,7410004,add,1,Repair,4,1500,19,0,0,0.001609,3490.38557065644,3490.38557065644,0,1,3490.38557065644,0,0,NaN,NaN,NaN
addition_instances,M1,10,6110,7410004,add,1,Repair,4,2500,19,0,0,0.001609,3490.38557065644,3490.38557065644,0,1,3490.38557065644,0,0,NaN,NaN,NaN
addition_instances,M1,10,6110,7410004,add,1,WarmPSO,4,500,498,78,0,0.220168,3490.38557065644,3490.38557065644,0,1,3490.38557065644,0,0,108,NaN,NaN
addition_instances,M1,10,6110,7410004,add,1,WarmPSO,4,1000,978,78,0,0.220168,3490.38557065644,3490.38557065644,0,1,3490.38557065644,0,0,108,NaN,NaN
addition_instances,M1,10,6110,7410004,add,1,WarmPSO,4,1500,1488,78,0,0.220168,3490.38557065644,3490.38557065644,0,1,3490.38557065644,0,0,108,NaN,NaN
addition_instances,M1,10,6110,7410004,add,1,WarmPSO,4,2500,2478,78,0,0.220168,3490.38557065644,3490.38557065644,0,1,3490.38557065644,0,0,108,NaN,NaN
addition_instances,M1,10,6110,7410004,add,1,FB-CMPSO,4,500,432,78,204,0.2400742,3400.03273981645,3400.03273981645,0,1,3490.38557065644,-0.025886203403882,1,108,138,NaN
addition_instances,M1,10,6110,7410004,add,1,FB-CMPSO,4,1000,999,78,561,0.2400742,3196.8633997235,3196.8633997235,0,1,3490.38557065644,-0.0840944832572574,1,108,138,NaN
addition_instances,M1,10,6110,7410004,add,1,FB-CMPSO,4,1500,1485,78,867,0.2400742,3196.8633997235,3196.8633997235,0,1,3490.38557065644,-0.0840944832572574,1,108,138,NaN
addition_instances,M1,10,6110,7410004,add,1,FB-CMPSO,4,2500,2457,78,1479,0.2400742,3196.8633997235,3196.8633997235,0,1,3490.38557065644,-0.0840944832572574,1,108,138,NaN
addition_instances,M1,10,6110,7410005,add,1,Repair,5,500,19,0,0,0.0015419,3490.38557065644,3490.38557065644,0,1,3490.38557065644,0,0,NaN,NaN,NaN
addition_instances,M1,10,6110,7410005,add,1,Repair,5,1000,19,0,0,0.0015419,3490.38557065644,3490.38557065644,0,1,3490.38557065644,0,0,NaN,NaN,NaN
addition_instances,M1,10,6110,7410005,add,1,Repair,5,1500,19,0,0,0.0015419,3490.38557065644,3490.38557065644,0,1,3490.38557065644,0,0,NaN,NaN,NaN
addition_instances,M1,10,6110,7410005,add,1,Repair,5,2500,19,0,0,0.0015419,3490.38557065644,3490.38557065644,0,1,3490.38557065644,0,0,NaN,NaN,NaN
addition_instances,M1,10,6110,7410005,add,1,WarmPSO,5,500,498,78,0,0.2275296,3490.38557065644,3490.38557065644,0,1,3490.38557065644,0,0,108,NaN,NaN
addition_instances,M1,10,6110,7410005,add,1,WarmPSO,5,1000,978,78,0,0.2275296,3490.38557065644,3490.38557065644,0,1,3490.38557065644,0,0,108,NaN,NaN
addition_instances,M1,10,6110,7410005,add,1,WarmPSO,5,1500,1488,78,0,0.2275296,3490.38557065644,3490.38557065644,0,1,3490.38557065644,0,0,108,NaN,NaN
addition_instances,M1,10,6110,7410005,add,1,WarmPSO,5,2500,2478,78,0,0.2275296,3490.38557065644,3490.38557065644,0,1,3490.38557065644,0,0,108,NaN,NaN
addition_instances,M1,10,6110,7410005,add,1,FB-CMPSO,5,500,432,78,204,0.2498157,3376.26069620874,3376.26069620874,0,1,3490.38557065644,-0.032696924777348,1,108,138,NaN
addition_instances,M1,10,6110,7410005,add,1,FB-CMPSO,5,1000,999,78,561,0.2498157,3328.84256549422,3328.84256549422,0,1,3490.38557065644,-0.0462822808231566,1,108,138,NaN
addition_instances,M1,10,6110,7410005,add,1,FB-CMPSO,5,1500,1485,78,867,0.2498157,3328.84256549422,3328.84256549422,0,1,3490.38557065644,-0.0462822808231566,1,108,138,NaN
addition_instances,M1,10,6110,7410005,add,1,FB-CMPSO,5,2500,2457,78,1479,0.2498157,3328.84256549422,3328.84256549422,0,1,3490.38557065644,-0.0462822808231566,1,108,138,NaN
addition_instances,M1,10,6110,7410006,add,1,Repair,6,500,19,0,0,0.0015541,3490.38557065644,3490.38557065644,0,1,3490.38557065644,0,0,NaN,NaN,NaN
addition_instances,M1,10,6110,7410006,add,1,Repair,6,1000,19,0,0,0.0015541,3490.38557065644,3490.38557065644,0,1,3490.38557065644,0,0,NaN,NaN,NaN
addition_instances,M1,10,6110,7410006,add,1,Repair,6,1500,19,0,0,0.0015541,3490.38557065644,3490.38557065644,0,1,3490.38557065644,0,0,NaN,NaN,NaN
addition_instances,M1,10,6110,7410006,add,1,Repair,6,2500,19,0,0,0.0015541,3490.38557065644,3490.38557065644,0,1,3490.38557065644,0,0,NaN,NaN,NaN
addition_instances,M1,10,6110,7410006,add,1,WarmPSO,6,500,497,77,0,0.2068302,3490.38557065644,3490.38557065644,0,1,3490.38557065644,0,0,107,NaN,NaN
addition_instances,M1,10,6110,7410006,add,1,WarmPSO,6,1000,977,77,0,0.2068302,3490.38557065644,3490.38557065644,0,1,3490.38557065644,0,0,107,NaN,NaN
addition_instances,M1,10,6110,7410006,add,1,WarmPSO,6,1500,1487,77,0,0.2068302,3490.38557065644,3490.38557065644,0,1,3490.38557065644,0,0,107,NaN,NaN
addition_instances,M1,10,6110,7410006,add,1,WarmPSO,6,2500,2477,77,0,0.2068302,3490.38557065644,3490.38557065644,0,1,3490.38557065644,0,0,107,NaN,NaN
addition_instances,M1,10,6110,7410006,add,1,FB-CMPSO,6,500,431,77,204,0.2461838,3318.09489701681,3318.09489701681,0,1,3490.38557065644,-0.0493615018031437,1,107,137,NaN
addition_instances,M1,10,6110,7410006,add,1,FB-CMPSO,6,1000,998,77,561,0.2461838,3318.09489701681,3318.09489701681,0,1,3490.38557065644,-0.0493615018031437,1,107,137,NaN
addition_instances,M1,10,6110,7410006,add,1,FB-CMPSO,6,1500,1484,77,867,0.2461838,3318.09489701681,3318.09489701681,0,1,3490.38557065644,-0.0493615018031437,1,107,137,NaN
addition_instances,M1,10,6110,7410006,add,1,FB-CMPSO,6,2500,2456,77,1479,0.2461838,3318.09489701681,3318.09489701681,0,1,3490.38557065644,-0.0493615018031437,1,107,137,NaN
addition_instances,M1,10,6110,7410007,add,1,Repair,7,500,19,0,0,0.0015364,3490.38557065644,3490.38557065644,0,1,3490.38557065644,0,0,NaN,NaN,NaN
addition_instances,M1,10,6110,7410007,add,1,Repair,7,1000,19,0,0,0.0015364,3490.38557065644,3490.38557065644,0,1,3490.38557065644,0,0,NaN,NaN,NaN
addition_instances,M1,10,6110,7410007,add,1,Repair,7,1500,19,0,0,0.0015364,3490.38557065644,3490.38557065644,0,1,3490.38557065644,0,0,NaN,NaN,NaN
addition_instances,M1,10,6110,7410007,add,1,Repair,7,2500,19,0,0,0.0015364,3490.38557065644,3490.38557065644,0,1,3490.38557065644,0,0,NaN,NaN,NaN
addition_instances,M1,10,6110,7410007,add,1,WarmPSO,7,500,494,74,0,0.2179611,3490.38557065644,3490.38557065644,0,1,3490.38557065644,0,0,104,NaN,NaN
addition_instances,M1,10,6110,7410007,add,1,WarmPSO,7,1000,974,74,0,0.2179611,3490.38557065644,3490.38557065644,0,1,3490.38557065644,0,0,104,NaN,NaN
addition_instances,M1,10,6110,7410007,add,1,WarmPSO,7,1500,1484,74,0,0.2179611,3490.38557065644,3490.38557065644,0,1,3490.38557065644,0,0,104,NaN,NaN
addition_instances,M1,10,6110,7410007,add,1,WarmPSO,7,2500,2474,74,0,0.2179611,3490.38557065644,3490.38557065644,0,1,3490.38557065644,0,0,104,NaN,NaN
addition_instances,M1,10,6110,7410007,add,1,FB-CMPSO,7,500,428,74,204,0.2616626,3490.26163669164,3490.26163669164,0,1,3490.38557065644,-3.5507241903592e-05,1,104,134,NaN
addition_instances,M1,10,6110,7410007,add,1,FB-CMPSO,7,1000,995,74,561,0.2616626,3345.9980111941,3345.9980111941,0,1,3490.38557065644,-0.041367223345236,1,104,134,NaN
addition_instances,M1,10,6110,7410007,add,1,FB-CMPSO,7,1500,1481,74,867,0.2616626,3295.64518035411,3295.64518035411,0,1,3490.38557065644,-0.055793374789163,1,104,134,NaN
addition_instances,M1,10,6110,7410007,add,1,FB-CMPSO,7,2500,2453,74,1479,0.2616626,3196.8633997235,3196.8633997235,0,1,3490.38557065644,-0.0840944832572574,1,104,134,NaN
addition_instances,M1,10,6110,7410008,add,1,Repair,8,500,19,0,0,0.0017427,3490.38557065644,3490.38557065644,0,1,3490.38557065644,0,0,NaN,NaN,NaN
addition_instances,M1,10,6110,7410008,add,1,Repair,8,1000,19,0,0,0.0017427,3490.38557065644,3490.38557065644,0,1,3490.38557065644,0,0,NaN,NaN,NaN
addition_instances,M1,10,6110,7410008,add,1,Repair,8,1500,19,0,0,0.0017427,3490.38557065644,3490.38557065644,0,1,3490.38557065644,0,0,NaN,NaN,NaN
addition_instances,M1,10,6110,7410008,add,1,Repair,8,2500,19,0,0,0.0017427,3490.38557065644,3490.38557065644,0,1,3490.38557065644,0,0,NaN,NaN,NaN
addition_instances,M1,10,6110,7410008,add,1,WarmPSO,8,500,497,77,0,0.2220288,3490.38557065644,3490.38557065644,0,1,3490.38557065644,0,0,107,NaN,NaN
addition_instances,M1,10,6110,7410008,add,1,WarmPSO,8,1000,977,77,0,0.2220288,3490.38557065644,3490.38557065644,0,1,3490.38557065644,0,0,107,NaN,NaN
addition_instances,M1,10,6110,7410008,add,1,WarmPSO,8,1500,1487,77,0,0.2220288,3490.38557065644,3490.38557065644,0,1,3490.38557065644,0,0,107,NaN,NaN
addition_instances,M1,10,6110,7410008,add,1,WarmPSO,8,2500,2477,77,0,0.2220288,3490.38557065644,3490.38557065644,0,1,3490.38557065644,0,0,107,NaN,NaN
addition_instances,M1,10,6110,7410008,add,1,FB-CMPSO,8,500,431,77,204,0.268119,3376.26069620874,3376.26069620874,0,1,3490.38557065644,-0.032696924777348,1,107,137,NaN
addition_instances,M1,10,6110,7410008,add,1,FB-CMPSO,8,1000,998,77,561,0.268119,3376.26069620874,3376.26069620874,0,1,3490.38557065644,-0.032696924777348,1,107,137,NaN
addition_instances,M1,10,6110,7410008,add,1,FB-CMPSO,8,1500,1484,77,867,0.268119,3365.51302773133,3365.51302773133,0,1,3490.38557065644,-0.0357761457573351,1,107,137,NaN
addition_instances,M1,10,6110,7410008,add,1,FB-CMPSO,8,2500,2456,77,1479,0.268119,3365.51302773133,3365.51302773133,0,1,3490.38557065644,-0.0357761457573351,1,107,137,NaN
addition_instances,M1,10,6110,7410009,add,1,Repair,9,500,19,0,0,0.0015885,3490.38557065644,3490.38557065644,0,1,3490.38557065644,0,0,NaN,NaN,NaN
addition_instances,M1,10,6110,7410009,add,1,Repair,9,1000,19,0,0,0.0015885,3490.38557065644,3490.38557065644,0,1,3490.38557065644,0,0,NaN,NaN,NaN
addition_instances,M1,10,6110,7410009,add,1,Repair,9,1500,19,0,0,0.0015885,3490.38557065644,3490.38557065644,0,1,3490.38557065644,0,0,NaN,NaN,NaN
addition_instances,M1,10,6110,7410009,add,1,Repair,9,2500,19,0,0,0.0015885,3490.38557065644,3490.38557065644,0,1,3490.38557065644,0,0,NaN,NaN,NaN
addition_instances,M1,10,6110,7410009,add,1,WarmPSO,9,500,498,78,0,0.2208994,3490.38557065644,3490.38557065644,0,1,3490.38557065644,0,0,108,NaN,NaN
addition_instances,M1,10,6110,7410009,add,1,WarmPSO,9,1000,978,78,0,0.2208994,3490.38557065644,3490.38557065644,0,1,3490.38557065644,0,0,108,NaN,NaN
addition_instances,M1,10,6110,7410009,add,1,WarmPSO,9,1500,1488,78,0,0.2208994,3490.38557065644,3490.38557065644,0,1,3490.38557065644,0,0,108,NaN,NaN
addition_instances,M1,10,6110,7410009,add,1,WarmPSO,9,2500,2478,78,0,0.2208994,3490.38557065644,3490.38557065644,0,1,3490.38557065644,0,0,108,NaN,NaN
addition_instances,M1,10,6110,7410009,add,1,FB-CMPSO,9,500,432,78,204,0.2646002,3389.82723684701,3389.82723684701,0,1,3490.38557065644,-0.0288100932615638,1,108,138,NaN
addition_instances,M1,10,6110,7410009,add,1,FB-CMPSO,9,1000,999,78,561,0.2646002,3389.82723684701,3389.82723684701,0,1,3490.38557065644,-0.0288100932615638,1,108,138,NaN
addition_instances,M1,10,6110,7410009,add,1,FB-CMPSO,9,1500,1485,78,867,0.2646002,3348.27354964648,3348.27354964648,0,1,3490.38557065644,-0.0407152786227071,1,108,138,NaN
addition_instances,M1,10,6110,7410009,add,1,FB-CMPSO,9,2500,2457,78,1479,0.2646002,3251.65347108912,3251.65347108912,0,1,3490.38557065644,-0.0683970566387647,1,108,138,NaN
addition_instances,M1,10,6110,7410010,add,1,Repair,10,500,19,0,0,0.0016516,3490.38557065644,3490.38557065644,0,1,3490.38557065644,0,0,NaN,NaN,NaN
addition_instances,M1,10,6110,7410010,add,1,Repair,10,1000,19,0,0,0.0016516,3490.38557065644,3490.38557065644,0,1,3490.38557065644,0,0,NaN,NaN,NaN
addition_instances,M1,10,6110,7410010,add,1,Repair,10,1500,19,0,0,0.0016516,3490.38557065644,3490.38557065644,0,1,3490.38557065644,0,0,NaN,NaN,NaN
addition_instances,M1,10,6110,7410010,add,1,Repair,10,2500,19,0,0,0.0016516,3490.38557065644,3490.38557065644,0,1,3490.38557065644,0,0,NaN,NaN,NaN
addition_instances,M1,10,6110,7410010,add,1,WarmPSO,10,500,498,78,0,0.2574431,3490.38557065644,3490.38557065644,0,1,3490.38557065644,0,0,108,NaN,NaN
addition_instances,M1,10,6110,7410010,add,1,WarmPSO,10,1000,978,78,0,0.2574431,3490.38557065644,3490.38557065644,0,1,3490.38557065644,0,0,108,NaN,NaN
addition_instances,M1,10,6110,7410010,add,1,WarmPSO,10,1500,1488,78,0,0.2574431,3490.38557065644,3490.38557065644,0,1,3490.38557065644,0,0,108,NaN,NaN
addition_instances,M1,10,6110,7410010,add,1,WarmPSO,10,2500,2478,78,0,0.2574431,3490.38557065644,3490.38557065644,0,1,3490.38557065644,0,0,108,NaN,NaN
addition_instances,M1,10,6110,7410010,add,1,FB-CMPSO,10,500,432,78,204,0.2469105,3364.98765770205,3364.98765770205,0,1,3490.38557065644,-0.0359266649531787,1,108,138,NaN
addition_instances,M1,10,6110,7410010,add,1,FB-CMPSO,10,1000,999,78,561,0.2469105,3304.89751187671,3304.89751187671,0,1,3490.38557065644,-0.0531425697891726,1,108,138,NaN
addition_instances,M1,10,6110,7410010,add,1,FB-CMPSO,10,1500,1485,78,867,0.2469105,3304.89751187671,3304.89751187671,0,1,3490.38557065644,-0.0531425697891726,1,108,138,NaN
addition_instances,M1,10,6110,7410010,add,1,FB-CMPSO,10,2500,2457,78,1479,0.2469105,3304.89751187671,3304.89751187671,0,1,3490.38557065644,-0.0531425697891726,1,108,138,NaN
addition_stress_instances,Near,2,8102,9402001,add,2,Repair,1,500,38,0,0,0.0060943,4746.79702247549,4287.10953256981,4.59687489905673,0,5389.34801289283,NaN,0,NaN,NaN,NaN
addition_stress_instances,Near,2,8102,9402001,add,2,Repair,1,1000,38,0,0,0.0060943,4746.79702247549,4287.10953256981,4.59687489905673,0,5389.34801289283,NaN,0,NaN,NaN,NaN
addition_stress_instances,Near,2,8102,9402001,add,2,Repair,1,1500,38,0,0,0.0060943,4746.79702247549,4287.10953256981,4.59687489905673,0,5389.34801289283,NaN,0,NaN,NaN,NaN
addition_stress_instances,Near,2,8102,9402001,add,2,Repair,1,2500,38,0,0,0.0060943,4746.79702247549,4287.10953256981,4.59687489905673,0,5389.34801289283,NaN,0,NaN,NaN,NaN
addition_stress_instances,Near,2,8102,9402001,add,2,WarmPSO,1,500,500,200,0,0.2349235,4443.97965136658,4443.97965136658,0,1,5389.34801289283,-0.175414235500226,1,230,NaN,NaN
addition_stress_instances,Near,2,8102,9402001,add,2,WarmPSO,1,1000,980,200,0,0.2349235,4443.97965136658,4443.97965136658,0,1,5389.34801289283,-0.175414235500226,1,230,NaN,NaN
addition_stress_instances,Near,2,8102,9402001,add,2,WarmPSO,1,1500,1490,200,0,0.2349235,4443.97965136658,4443.97965136658,0,1,5389.34801289283,-0.175414235500226,1,230,NaN,NaN
addition_stress_instances,Near,2,8102,9402001,add,2,WarmPSO,1,2500,2480,200,0,0.2349235,4443.97965136658,4443.97965136658,0,1,5389.34801289283,-0.175414235500226,1,230,NaN,NaN
addition_stress_instances,Near,2,8102,9402001,add,2,FB-CMPSO,1,500,482,200,162,0.2705561,4104.48344924559,4104.48344924559,0,1,5389.34801289283,-0.23840816376554,1,230,260,NaN
addition_stress_instances,Near,2,8102,9402001,add,2,FB-CMPSO,1,1000,986,200,486,0.2705561,3907.22126565058,3907.22126565058,0,1,5389.34801289283,-0.275010398975274,1,230,260,NaN
addition_stress_instances,Near,2,8102,9402001,add,2,FB-CMPSO,1,1500,1490,200,810,0.2705561,3581.33793161897,3581.33793161897,0,1,5389.34801289283,-0.335478443208455,1,230,260,NaN
addition_stress_instances,Near,2,8102,9402001,add,2,FB-CMPSO,1,2500,2498,200,1458,0.2705561,3456.01466061617,3456.01466061617,0,1,5389.34801289283,-0.358732326740005,1,230,260,NaN
addition_stress_instances,Near,2,8102,9402002,add,2,Repair,2,500,38,0,0,0.0030745,4746.79702247549,4287.10953256981,4.59687489905673,0,5389.34801289283,NaN,0,NaN,NaN,NaN
addition_stress_instances,Near,2,8102,9402002,add,2,Repair,2,1000,38,0,0,0.0030745,4746.79702247549,4287.10953256981,4.59687489905673,0,5389.34801289283,NaN,0,NaN,NaN,NaN
addition_stress_instances,Near,2,8102,9402002,add,2,Repair,2,1500,38,0,0,0.0030745,4746.79702247549,4287.10953256981,4.59687489905673,0,5389.34801289283,NaN,0,NaN,NaN,NaN
addition_stress_instances,Near,2,8102,9402002,add,2,Repair,2,2500,38,0,0,0.0030745,4746.79702247549,4287.10953256981,4.59687489905673,0,5389.34801289283,NaN,0,NaN,NaN,NaN
addition_stress_instances,Near,2,8102,9402002,add,2,WarmPSO,2,500,500,200,0,0.2343093,4443.97965136658,4443.97965136658,0,1,5389.34801289283,-0.175414235500226,1,230,NaN,NaN
addition_stress_instances,Near,2,8102,9402002,add,2,WarmPSO,2,1000,980,200,0,0.2343093,4443.97965136658,4443.97965136658,0,1,5389.34801289283,-0.175414235500226,1,230,NaN,NaN
addition_stress_instances,Near,2,8102,9402002,add,2,WarmPSO,2,1500,1490,200,0,0.2343093,4443.97965136658,4443.97965136658,0,1,5389.34801289283,-0.175414235500226,1,230,NaN,NaN
addition_stress_instances,Near,2,8102,9402002,add,2,WarmPSO,2,2500,2480,200,0,0.2343093,4443.97965136658,4443.97965136658,0,1,5389.34801289283,-0.175414235500226,1,230,NaN,NaN
addition_stress_instances,Near,2,8102,9402002,add,2,FB-CMPSO,2,500,482,200,162,0.2625817,4084.25086983551,4084.25086983551,0,1,5389.34801289283,-0.242162343187926,1,230,260,NaN
addition_stress_instances,Near,2,8102,9402002,add,2,FB-CMPSO,2,1000,986,200,486,0.2625817,3670.48914522127,3670.48914522127,0,1,5389.34801289283,-0.318936328394375,1,230,260,NaN
addition_stress_instances,Near,2,8102,9402002,add,2,FB-CMPSO,2,1500,1490,200,810,0.2625817,3535.3739225834,3535.3739225834,0,1,5389.34801289283,-0.344007120318489,1,230,260,NaN
addition_stress_instances,Near,2,8102,9402002,add,2,FB-CMPSO,2,2500,2498,200,1458,0.2625817,3390.49530478959,3390.49530478959,0,1,5389.34801289283,-0.370889521946148,1,230,260,NaN
addition_stress_instances,Near,2,8102,9402003,add,2,Repair,3,500,38,0,0,0.003185,4746.79702247549,4287.10953256981,4.59687489905673,0,5389.34801289283,NaN,0,NaN,NaN,NaN
addition_stress_instances,Near,2,8102,9402003,add,2,Repair,3,1000,38,0,0,0.003185,4746.79702247549,4287.10953256981,4.59687489905673,0,5389.34801289283,NaN,0,NaN,NaN,NaN
addition_stress_instances,Near,2,8102,9402003,add,2,Repair,3,1500,38,0,0,0.003185,4746.79702247549,4287.10953256981,4.59687489905673,0,5389.34801289283,NaN,0,NaN,NaN,NaN
addition_stress_instances,Near,2,8102,9402003,add,2,Repair,3,2500,38,0,0,0.003185,4746.79702247549,4287.10953256981,4.59687489905673,0,5389.34801289283,NaN,0,NaN,NaN,NaN
addition_stress_instances,Near,2,8102,9402003,add,2,WarmPSO,3,500,500,200,0,0.231857,4443.97965136658,4443.97965136658,0,1,5389.34801289283,-0.175414235500226,1,230,NaN,NaN
addition_stress_instances,Near,2,8102,9402003,add,2,WarmPSO,3,1000,980,200,0,0.231857,4443.97965136658,4443.97965136658,0,1,5389.34801289283,-0.175414235500226,1,230,NaN,NaN
addition_stress_instances,Near,2,8102,9402003,add,2,WarmPSO,3,1500,1490,200,0,0.231857,4443.97965136658,4443.97965136658,0,1,5389.34801289283,-0.175414235500226,1,230,NaN,NaN
addition_stress_instances,Near,2,8102,9402003,add,2,WarmPSO,3,2500,2480,200,0,0.231857,4443.97965136658,4443.97965136658,0,1,5389.34801289283,-0.175414235500226,1,230,NaN,NaN
addition_stress_instances,Near,2,8102,9402003,add,2,FB-CMPSO,3,500,482,200,162,0.2648214,4157.56055165618,4157.56055165618,0,1,5389.34801289283,-0.228559643632193,1,230,260,NaN
addition_stress_instances,Near,2,8102,9402003,add,2,FB-CMPSO,3,1000,986,200,486,0.2648214,3876.03798204252,3876.03798204252,0,1,5389.34801289283,-0.280796494720708,1,230,260,NaN
addition_stress_instances,Near,2,8102,9402003,add,2,FB-CMPSO,3,1500,1490,200,810,0.2648214,3876.03798204252,3876.03798204252,0,1,5389.34801289283,-0.280796494720708,1,230,260,NaN
addition_stress_instances,Near,2,8102,9402003,add,2,FB-CMPSO,3,2500,2498,200,1458,0.2648214,3876.03798204252,3876.03798204252,0,1,5389.34801289283,-0.280796494720708,1,230,260,NaN
addition_stress_instances,Near,2,8102,9402004,add,2,Repair,4,500,38,0,0,0.0031135,4746.79702247549,4287.10953256981,4.59687489905673,0,5389.34801289283,NaN,0,NaN,NaN,NaN
addition_stress_instances,Near,2,8102,9402004,add,2,Repair,4,1000,38,0,0,0.0031135,4746.79702247549,4287.10953256981,4.59687489905673,0,5389.34801289283,NaN,0,NaN,NaN,NaN
addition_stress_instances,Near,2,8102,9402004,add,2,Repair,4,1500,38,0,0,0.0031135,4746.79702247549,4287.10953256981,4.59687489905673,0,5389.34801289283,NaN,0,NaN,NaN,NaN
addition_stress_instances,Near,2,8102,9402004,add,2,Repair,4,2500,38,0,0,0.0031135,4746.79702247549,4287.10953256981,4.59687489905673,0,5389.34801289283,NaN,0,NaN,NaN,NaN
addition_stress_instances,Near,2,8102,9402004,add,2,WarmPSO,4,500,500,200,0,0.2227235,4443.97965136658,4443.97965136658,0,1,5389.34801289283,-0.175414235500226,1,230,NaN,NaN
addition_stress_instances,Near,2,8102,9402004,add,2,WarmPSO,4,1000,980,200,0,0.2227235,4443.97965136658,4443.97965136658,0,1,5389.34801289283,-0.175414235500226,1,230,NaN,NaN
addition_stress_instances,Near,2,8102,9402004,add,2,WarmPSO,4,1500,1490,200,0,0.2227235,4443.97965136658,4443.97965136658,0,1,5389.34801289283,-0.175414235500226,1,230,NaN,NaN
addition_stress_instances,Near,2,8102,9402004,add,2,WarmPSO,4,2500,2480,200,0,0.2227235,4443.97965136658,4443.97965136658,0,1,5389.34801289283,-0.175414235500226,1,230,NaN,NaN
addition_stress_instances,Near,2,8102,9402004,add,2,FB-CMPSO,4,500,482,200,162,0.2619911,3803.34839867481,3803.34839867481,0,1,5389.34801289283,-0.294284134263342,1,230,260,NaN
addition_stress_instances,Near,2,8102,9402004,add,2,FB-CMPSO,4,1000,986,200,486,0.2619911,3731.09068881533,3731.09068881533,0,1,5389.34801289283,-0.307691639157554,1,230,260,NaN
addition_stress_instances,Near,2,8102,9402004,add,2,FB-CMPSO,4,1500,1490,200,810,0.2619911,3444.12656621597,3444.12656621597,0,1,5389.34801289283,-0.360938176941505,1,230,260,NaN
addition_stress_instances,Near,2,8102,9402004,add,2,FB-CMPSO,4,2500,2498,200,1458,0.2619911,3444.12656621597,3444.12656621597,0,1,5389.34801289283,-0.360938176941505,1,230,260,NaN
addition_stress_instances,Near,2,8102,9402005,add,2,Repair,5,500,38,0,0,0.0032952,4746.79702247549,4287.10953256981,4.59687489905673,0,5389.34801289283,NaN,0,NaN,NaN,NaN
addition_stress_instances,Near,2,8102,9402005,add,2,Repair,5,1000,38,0,0,0.0032952,4746.79702247549,4287.10953256981,4.59687489905673,0,5389.34801289283,NaN,0,NaN,NaN,NaN
addition_stress_instances,Near,2,8102,9402005,add,2,Repair,5,1500,38,0,0,0.0032952,4746.79702247549,4287.10953256981,4.59687489905673,0,5389.34801289283,NaN,0,NaN,NaN,NaN
addition_stress_instances,Near,2,8102,9402005,add,2,Repair,5,2500,38,0,0,0.0032952,4746.79702247549,4287.10953256981,4.59687489905673,0,5389.34801289283,NaN,0,NaN,NaN,NaN
addition_stress_instances,Near,2,8102,9402005,add,2,WarmPSO,5,500,500,200,0,0.2222748,4443.97965136658,4443.97965136658,0,1,5389.34801289283,-0.175414235500226,1,230,NaN,NaN
addition_stress_instances,Near,2,8102,9402005,add,2,WarmPSO,5,1000,980,200,0,0.2222748,4443.97965136658,4443.97965136658,0,1,5389.34801289283,-0.175414235500226,1,230,NaN,NaN
addition_stress_instances,Near,2,8102,9402005,add,2,WarmPSO,5,1500,1490,200,0,0.2222748,4443.97965136658,4443.97965136658,0,1,5389.34801289283,-0.175414235500226,1,230,NaN,NaN
addition_stress_instances,Near,2,8102,9402005,add,2,WarmPSO,5,2500,2480,200,0,0.2222748,4443.97965136658,4443.97965136658,0,1,5389.34801289283,-0.175414235500226,1,230,NaN,NaN
addition_stress_instances,Near,2,8102,9402005,add,2,FB-CMPSO,5,500,482,200,162,0.2566004,4094.86483559058,4094.86483559058,0,1,5389.34801289283,-0.240192909087609,1,230,260,NaN
addition_stress_instances,Near,2,8102,9402005,add,2,FB-CMPSO,5,1000,986,200,486,0.2566004,3765.3539668107,3765.3539668107,0,1,5389.34801289283,-0.301334046752425,1,230,260,NaN
addition_stress_instances,Near,2,8102,9402005,add,2,FB-CMPSO,5,1500,1490,200,810,0.2566004,3765.3539668107,3765.3539668107,0,1,5389.34801289283,-0.301334046752425,1,230,260,NaN
addition_stress_instances,Near,2,8102,9402005,add,2,FB-CMPSO,5,2500,2498,200,1458,0.2566004,3765.3539668107,3765.3539668107,0,1,5389.34801289283,-0.301334046752425,1,230,260,NaN
addition_stress_instances,Near,2,8102,9402006,add,2,Repair,6,500,38,0,0,0.0030188,4746.79702247549,4287.10953256981,4.59687489905673,0,5389.34801289283,NaN,0,NaN,NaN,NaN
addition_stress_instances,Near,2,8102,9402006,add,2,Repair,6,1000,38,0,0,0.0030188,4746.79702247549,4287.10953256981,4.59687489905673,0,5389.34801289283,NaN,0,NaN,NaN,NaN
addition_stress_instances,Near,2,8102,9402006,add,2,Repair,6,1500,38,0,0,0.0030188,4746.79702247549,4287.10953256981,4.59687489905673,0,5389.34801289283,NaN,0,NaN,NaN,NaN
addition_stress_instances,Near,2,8102,9402006,add,2,Repair,6,2500,38,0,0,0.0030188,4746.79702247549,4287.10953256981,4.59687489905673,0,5389.34801289283,NaN,0,NaN,NaN,NaN
addition_stress_instances,Near,2,8102,9402006,add,2,WarmPSO,6,500,500,200,0,0.21849,4443.97965136658,4443.97965136658,0,1,5389.34801289283,-0.175414235500226,1,230,NaN,NaN
addition_stress_instances,Near,2,8102,9402006,add,2,WarmPSO,6,1000,980,200,0,0.21849,4443.97965136658,4443.97965136658,0,1,5389.34801289283,-0.175414235500226,1,230,NaN,NaN
addition_stress_instances,Near,2,8102,9402006,add,2,WarmPSO,6,1500,1490,200,0,0.21849,4443.97965136658,4443.97965136658,0,1,5389.34801289283,-0.175414235500226,1,230,NaN,NaN
addition_stress_instances,Near,2,8102,9402006,add,2,WarmPSO,6,2500,2480,200,0,0.21849,4443.97965136658,4443.97965136658,0,1,5389.34801289283,-0.175414235500226,1,230,NaN,NaN
addition_stress_instances,Near,2,8102,9402006,add,2,FB-CMPSO,6,500,482,200,162,0.2541989,3958.94704206039,3958.94704206039,0,1,5389.34801289283,-0.265412619005216,1,230,260,NaN
addition_stress_instances,Near,2,8102,9402006,add,2,FB-CMPSO,6,1000,986,200,486,0.2541989,3766.33648699483,3766.33648699483,0,1,5389.34801289283,-0.301151738951596,1,230,260,NaN
addition_stress_instances,Near,2,8102,9402006,add,2,FB-CMPSO,6,1500,1490,200,810,0.2541989,3726.54056932895,3726.54056932895,0,1,5389.34801289283,-0.308535919295986,1,230,260,NaN
addition_stress_instances,Near,2,8102,9402006,add,2,FB-CMPSO,6,2500,2498,200,1458,0.2541989,3726.54056932895,3726.54056932895,0,1,5389.34801289283,-0.308535919295986,1,230,260,NaN
addition_stress_instances,Near,2,8102,9402007,add,2,Repair,7,500,38,0,0,0.003012,4746.79702247549,4287.10953256981,4.59687489905673,0,5389.34801289283,NaN,0,NaN,NaN,NaN
addition_stress_instances,Near,2,8102,9402007,add,2,Repair,7,1000,38,0,0,0.003012,4746.79702247549,4287.10953256981,4.59687489905673,0,5389.34801289283,NaN,0,NaN,NaN,NaN
addition_stress_instances,Near,2,8102,9402007,add,2,Repair,7,1500,38,0,0,0.003012,4746.79702247549,4287.10953256981,4.59687489905673,0,5389.34801289283,NaN,0,NaN,NaN,NaN
addition_stress_instances,Near,2,8102,9402007,add,2,Repair,7,2500,38,0,0,0.003012,4746.79702247549,4287.10953256981,4.59687489905673,0,5389.34801289283,NaN,0,NaN,NaN,NaN
addition_stress_instances,Near,2,8102,9402007,add,2,WarmPSO,7,500,500,200,0,0.2226566,4443.97965136658,4443.97965136658,0,1,5389.34801289283,-0.175414235500226,1,230,NaN,NaN
addition_stress_instances,Near,2,8102,9402007,add,2,WarmPSO,7,1000,980,200,0,0.2226566,4443.97965136658,4443.97965136658,0,1,5389.34801289283,-0.175414235500226,1,230,NaN,NaN
addition_stress_instances,Near,2,8102,9402007,add,2,WarmPSO,7,1500,1490,200,0,0.2226566,4443.97965136658,4443.97965136658,0,1,5389.34801289283,-0.175414235500226,1,230,NaN,NaN
addition_stress_instances,Near,2,8102,9402007,add,2,WarmPSO,7,2500,2480,200,0,0.2226566,4443.97965136658,4443.97965136658,0,1,5389.34801289283,-0.175414235500226,1,230,NaN,NaN
addition_stress_instances,Near,2,8102,9402007,add,2,FB-CMPSO,7,500,482,200,162,0.2581442,4150.79211093555,4150.79211093555,0,1,5389.34801289283,-0.229815535941326,1,230,260,NaN
addition_stress_instances,Near,2,8102,9402007,add,2,FB-CMPSO,7,1000,986,200,486,0.2581442,3712.10104230738,3712.10104230738,0,1,5389.34801289283,-0.311215190886357,1,230,260,NaN
addition_stress_instances,Near,2,8102,9402007,add,2,FB-CMPSO,7,1500,1490,200,810,0.2581442,3468.80773218112,3468.80773218112,0,1,5389.34801289283,-0.356358556938102,1,230,260,NaN
addition_stress_instances,Near,2,8102,9402007,add,2,FB-CMPSO,7,2500,2498,200,1458,0.2581442,3390.49530478959,3390.49530478959,0,1,5389.34801289283,-0.370889521946148,1,230,260,NaN
addition_stress_instances,Near,2,8102,9402008,add,2,Repair,8,500,38,0,0,0.0030982,4746.79702247549,4287.10953256981,4.59687489905673,0,5389.34801289283,NaN,0,NaN,NaN,NaN
addition_stress_instances,Near,2,8102,9402008,add,2,Repair,8,1000,38,0,0,0.0030982,4746.79702247549,4287.10953256981,4.59687489905673,0,5389.34801289283,NaN,0,NaN,NaN,NaN
addition_stress_instances,Near,2,8102,9402008,add,2,Repair,8,1500,38,0,0,0.0030982,4746.79702247549,4287.10953256981,4.59687489905673,0,5389.34801289283,NaN,0,NaN,NaN,NaN
addition_stress_instances,Near,2,8102,9402008,add,2,Repair,8,2500,38,0,0,0.0030982,4746.79702247549,4287.10953256981,4.59687489905673,0,5389.34801289283,NaN,0,NaN,NaN,NaN
addition_stress_instances,Near,2,8102,9402008,add,2,WarmPSO,8,500,500,200,0,0.2194017,4443.97965136658,4443.97965136658,0,1,5389.34801289283,-0.175414235500226,1,230,NaN,NaN
addition_stress_instances,Near,2,8102,9402008,add,2,WarmPSO,8,1000,980,200,0,0.2194017,4443.97965136658,4443.97965136658,0,1,5389.34801289283,-0.175414235500226,1,230,NaN,NaN
addition_stress_instances,Near,2,8102,9402008,add,2,WarmPSO,8,1500,1490,200,0,0.2194017,4443.97965136658,4443.97965136658,0,1,5389.34801289283,-0.175414235500226,1,230,NaN,NaN
addition_stress_instances,Near,2,8102,9402008,add,2,WarmPSO,8,2500,2480,200,0,0.2194017,4443.97965136658,4443.97965136658,0,1,5389.34801289283,-0.175414235500226,1,230,NaN,NaN
addition_stress_instances,Near,2,8102,9402008,add,2,FB-CMPSO,8,500,482,200,162,0.2540862,3825.5854967158,3825.5854967158,0,1,5389.34801289283,-0.290158014000223,1,230,260,NaN
addition_stress_instances,Near,2,8102,9402008,add,2,FB-CMPSO,8,1000,986,200,486,0.2540862,3712.36991414004,3712.36991414004,0,1,5389.34801289283,-0.311165301394713,1,230,260,NaN
addition_stress_instances,Near,2,8102,9402008,add,2,FB-CMPSO,8,1500,1490,200,810,0.2540862,3674.54112129429,3674.54112129429,0,1,5389.34801289283,-0.318184479364897,1,230,260,NaN
addition_stress_instances,Near,2,8102,9402008,add,2,FB-CMPSO,8,2500,2498,200,1458,0.2540862,3617.66241951406,3617.66241951406,0,1,5389.34801289283,-0.328738390829541,1,230,260,NaN
addition_stress_instances,Near,2,8102,9402009,add,2,Repair,9,500,38,0,0,0.0029863,4746.79702247549,4287.10953256981,4.59687489905673,0,5389.34801289283,NaN,0,NaN,NaN,NaN
addition_stress_instances,Near,2,8102,9402009,add,2,Repair,9,1000,38,0,0,0.0029863,4746.79702247549,4287.10953256981,4.59687489905673,0,5389.34801289283,NaN,0,NaN,NaN,NaN
addition_stress_instances,Near,2,8102,9402009,add,2,Repair,9,1500,38,0,0,0.0029863,4746.79702247549,4287.10953256981,4.59687489905673,0,5389.34801289283,NaN,0,NaN,NaN,NaN
addition_stress_instances,Near,2,8102,9402009,add,2,Repair,9,2500,38,0,0,0.0029863,4746.79702247549,4287.10953256981,4.59687489905673,0,5389.34801289283,NaN,0,NaN,NaN,NaN
addition_stress_instances,Near,2,8102,9402009,add,2,WarmPSO,9,500,500,200,0,0.2220206,4443.97965136658,4443.97965136658,0,1,5389.34801289283,-0.175414235500226,1,230,NaN,NaN
addition_stress_instances,Near,2,8102,9402009,add,2,WarmPSO,9,1000,980,200,0,0.2220206,4443.97965136658,4443.97965136658,0,1,5389.34801289283,-0.175414235500226,1,230,NaN,NaN
addition_stress_instances,Near,2,8102,9402009,add,2,WarmPSO,9,1500,1490,200,0,0.2220206,4443.97965136658,4443.97965136658,0,1,5389.34801289283,-0.175414235500226,1,230,NaN,NaN
addition_stress_instances,Near,2,8102,9402009,add,2,WarmPSO,9,2500,2480,200,0,0.2220206,4443.97965136658,4443.97965136658,0,1,5389.34801289283,-0.175414235500226,1,230,NaN,NaN
addition_stress_instances,Near,2,8102,9402009,add,2,FB-CMPSO,9,500,482,200,162,0.2614785,4328.38664441686,4328.38664441686,0,1,5389.34801289283,-0.196862656844178,1,230,260,NaN
addition_stress_instances,Near,2,8102,9402009,add,2,FB-CMPSO,9,1000,986,200,486,0.2614785,3985.48997012476,3985.48997012476,0,1,5389.34801289283,-0.260487546807082,1,230,260,NaN
addition_stress_instances,Near,2,8102,9402009,add,2,FB-CMPSO,9,1500,1490,200,810,0.2614785,3985.48997012476,3985.48997012476,0,1,5389.34801289283,-0.260487546807082,1,230,260,NaN
addition_stress_instances,Near,2,8102,9402009,add,2,FB-CMPSO,9,2500,2498,200,1458,0.2614785,3910.27649061639,3910.27649061639,0,1,5389.34801289283,-0.2744434983115,1,230,260,NaN
addition_stress_instances,Near,2,8102,9402010,add,2,Repair,10,500,38,0,0,0.0040148,4746.79702247549,4287.10953256981,4.59687489905673,0,5389.34801289283,NaN,0,NaN,NaN,NaN
addition_stress_instances,Near,2,8102,9402010,add,2,Repair,10,1000,38,0,0,0.0040148,4746.79702247549,4287.10953256981,4.59687489905673,0,5389.34801289283,NaN,0,NaN,NaN,NaN
addition_stress_instances,Near,2,8102,9402010,add,2,Repair,10,1500,38,0,0,0.0040148,4746.79702247549,4287.10953256981,4.59687489905673,0,5389.34801289283,NaN,0,NaN,NaN,NaN
addition_stress_instances,Near,2,8102,9402010,add,2,Repair,10,2500,38,0,0,0.0040148,4746.79702247549,4287.10953256981,4.59687489905673,0,5389.34801289283,NaN,0,NaN,NaN,NaN
addition_stress_instances,Near,2,8102,9402010,add,2,WarmPSO,10,500,500,200,0,0.2488783,4648.82329605421,4648.82329605421,0,1,5389.34801289283,-0.137405251074356,1,230,NaN,NaN
addition_stress_instances,Near,2,8102,9402010,add,2,WarmPSO,10,1000,980,200,0,0.2488783,4648.82329605421,4648.82329605421,0,1,5389.34801289283,-0.137405251074356,1,230,NaN,NaN
addition_stress_instances,Near,2,8102,9402010,add,2,WarmPSO,10,1500,1490,200,0,0.2488783,4629.12398823308,4629.12398823308,0,1,5389.34801289283,-0.141060481312598,1,230,NaN,NaN
addition_stress_instances,Near,2,8102,9402010,add,2,WarmPSO,10,2500,2480,200,0,0.2488783,4629.12398823308,4629.12398823308,0,1,5389.34801289283,-0.141060481312598,1,230,NaN,NaN
addition_stress_instances,Near,2,8102,9402010,add,2,FB-CMPSO,10,500,482,200,162,0.2841386,4383.35947190324,4383.35947190324,0,1,5389.34801289283,-0.186662382644985,1,230,260,NaN
addition_stress_instances,Near,2,8102,9402010,add,2,FB-CMPSO,10,1000,986,200,486,0.2841386,3681.78169240704,3681.78169240704,0,1,5389.34801289283,-0.316840982694162,1,230,260,NaN
addition_stress_instances,Near,2,8102,9402010,add,2,FB-CMPSO,10,1500,1490,200,810,0.2841386,3681.78169240704,3681.78169240704,0,1,5389.34801289283,-0.316840982694162,1,230,260,NaN
addition_stress_instances,Near,2,8102,9402010,add,2,FB-CMPSO,10,2500,2498,200,1458,0.2841386,3539.69654196143,3539.69654196143,0,1,5389.34801289283,-0.343205053098541,1,230,260,NaN
addition_stress_instances,Near,4,8104,9404001,add,2,Repair,1,500,38,0,0,0.003083,3748.57443156662,3748.57443156662,0,1,4876.55252165822,-0.231306457806393,0,NaN,NaN,NaN
addition_stress_instances,Near,4,8104,9404001,add,2,Repair,1,1000,38,0,0,0.003083,3748.57443156662,3748.57443156662,0,1,4876.55252165822,-0.231306457806393,0,NaN,NaN,NaN
addition_stress_instances,Near,4,8104,9404001,add,2,Repair,1,1500,38,0,0,0.003083,3748.57443156662,3748.57443156662,0,1,4876.55252165822,-0.231306457806393,0,NaN,NaN,NaN
addition_stress_instances,Near,4,8104,9404001,add,2,Repair,1,2500,38,0,0,0.003083,3748.57443156662,3748.57443156662,0,1,4876.55252165822,-0.231306457806393,0,NaN,NaN,NaN
addition_stress_instances,Near,4,8104,9404001,add,2,WarmPSO,1,500,500,200,0,0.249992,3728.2273394107,3728.2273394107,0,1,4876.55252165822,-0.235478891521718,1,230,NaN,NaN
addition_stress_instances,Near,4,8104,9404001,add,2,WarmPSO,1,1000,980,200,0,0.249992,3728.2273394107,3728.2273394107,0,1,4876.55252165822,-0.235478891521718,1,230,NaN,NaN
addition_stress_instances,Near,4,8104,9404001,add,2,WarmPSO,1,1500,1490,200,0,0.249992,3728.2273394107,3728.2273394107,0,1,4876.55252165822,-0.235478891521718,1,230,NaN,NaN
addition_stress_instances,Near,4,8104,9404001,add,2,WarmPSO,1,2500,2480,200,0,0.249992,3728.2273394107,3728.2273394107,0,1,4876.55252165822,-0.235478891521718,1,230,NaN,NaN
addition_stress_instances,Near,4,8104,9404001,add,2,FB-CMPSO,1,500,482,200,162,0.2839299,3531.65928283061,3531.65928283061,0,1,4876.55252165822,-0.275787707167008,1,230,260,NaN
addition_stress_instances,Near,4,8104,9404001,add,2,FB-CMPSO,1,1000,986,200,486,0.2839299,3531.65928283061,3531.65928283061,0,1,4876.55252165822,-0.275787707167008,1,230,260,NaN
addition_stress_instances,Near,4,8104,9404001,add,2,FB-CMPSO,1,1500,1490,200,810,0.2839299,3367.35776852696,3367.35776852696,0,1,4876.55252165822,-0.30947985209397,1,230,260,NaN
addition_stress_instances,Near,4,8104,9404001,add,2,FB-CMPSO,1,2500,2498,200,1458,0.2839299,3367.35776852696,3367.35776852696,0,1,4876.55252165822,-0.30947985209397,1,230,260,NaN
addition_stress_instances,Near,4,8104,9404002,add,2,Repair,2,500,38,0,0,0.003098,3748.57443156662,3748.57443156662,0,1,4876.55252165822,-0.231306457806393,0,NaN,NaN,NaN
addition_stress_instances,Near,4,8104,9404002,add,2,Repair,2,1000,38,0,0,0.003098,3748.57443156662,3748.57443156662,0,1,4876.55252165822,-0.231306457806393,0,NaN,NaN,NaN
addition_stress_instances,Near,4,8104,9404002,add,2,Repair,2,1500,38,0,0,0.003098,3748.57443156662,3748.57443156662,0,1,4876.55252165822,-0.231306457806393,0,NaN,NaN,NaN
addition_stress_instances,Near,4,8104,9404002,add,2,Repair,2,2500,38,0,0,0.003098,3748.57443156662,3748.57443156662,0,1,4876.55252165822,-0.231306457806393,0,NaN,NaN,NaN
addition_stress_instances,Near,4,8104,9404002,add,2,WarmPSO,2,500,500,200,0,0.2257266,3728.2273394107,3728.2273394107,0,1,4876.55252165822,-0.235478891521718,1,230,NaN,NaN
addition_stress_instances,Near,4,8104,9404002,add,2,WarmPSO,2,1000,980,200,0,0.2257266,3728.2273394107,3728.2273394107,0,1,4876.55252165822,-0.235478891521718,1,230,NaN,NaN
addition_stress_instances,Near,4,8104,9404002,add,2,WarmPSO,2,1500,1490,200,0,0.2257266,3728.2273394107,3728.2273394107,0,1,4876.55252165822,-0.235478891521718,1,230,NaN,NaN
addition_stress_instances,Near,4,8104,9404002,add,2,WarmPSO,2,2500,2480,200,0,0.2257266,3728.2273394107,3728.2273394107,0,1,4876.55252165822,-0.235478891521718,1,230,NaN,NaN
addition_stress_instances,Near,4,8104,9404002,add,2,FB-CMPSO,2,500,482,200,162,0.2690077,3573.80845299641,3573.80845299641,0,1,4876.55252165822,-0.26714447611831,1,230,260,NaN
addition_stress_instances,Near,4,8104,9404002,add,2,FB-CMPSO,2,1000,986,200,486,0.2690077,3367.35776852696,3367.35776852696,0,1,4876.55252165822,-0.30947985209397,1,230,260,NaN
addition_stress_instances,Near,4,8104,9404002,add,2,FB-CMPSO,2,1500,1490,200,810,0.2690077,3367.35776852696,3367.35776852696,0,1,4876.55252165822,-0.30947985209397,1,230,260,NaN
addition_stress_instances,Near,4,8104,9404002,add,2,FB-CMPSO,2,2500,2498,200,1458,0.2690077,3367.35776852696,3367.35776852696,0,1,4876.55252165822,-0.30947985209397,1,230,260,NaN
addition_stress_instances,Near,4,8104,9404003,add,2,Repair,3,500,38,0,0,0.0030268,3748.57443156662,3748.57443156662,0,1,4876.55252165822,-0.231306457806393,0,NaN,NaN,NaN
addition_stress_instances,Near,4,8104,9404003,add,2,Repair,3,1000,38,0,0,0.0030268,3748.57443156662,3748.57443156662,0,1,4876.55252165822,-0.231306457806393,0,NaN,NaN,NaN
addition_stress_instances,Near,4,8104,9404003,add,2,Repair,3,1500,38,0,0,0.0030268,3748.57443156662,3748.57443156662,0,1,4876.55252165822,-0.231306457806393,0,NaN,NaN,NaN
addition_stress_instances,Near,4,8104,9404003,add,2,Repair,3,2500,38,0,0,0.0030268,3748.57443156662,3748.57443156662,0,1,4876.55252165822,-0.231306457806393,0,NaN,NaN,NaN
addition_stress_instances,Near,4,8104,9404003,add,2,WarmPSO,3,500,500,200,0,0.2369754,3898.18821274568,3898.18821274568,0,1,4876.55252165822,-0.20062622202208,0,230,NaN,NaN
addition_stress_instances,Near,4,8104,9404003,add,2,WarmPSO,3,1000,980,200,0,0.2369754,3728.2273394107,3728.2273394107,0,1,4876.55252165822,-0.235478891521718,1,230,NaN,NaN
addition_stress_instances,Near,4,8104,9404003,add,2,WarmPSO,3,1500,1490,200,0,0.2369754,3728.2273394107,3728.2273394107,0,1,4876.55252165822,-0.235478891521718,1,230,NaN,NaN
addition_stress_instances,Near,4,8104,9404003,add,2,WarmPSO,3,2500,2480,200,0,0.2369754,3728.2273394107,3728.2273394107,0,1,4876.55252165822,-0.235478891521718,1,230,NaN,NaN
addition_stress_instances,Near,4,8104,9404003,add,2,FB-CMPSO,3,500,482,200,162,0.2722709,3623.56088879558,3623.56088879558,0,1,4876.55252165822,-0.256942097372627,1,230,260,NaN
addition_stress_instances,Near,4,8104,9404003,add,2,FB-CMPSO,3,1000,986,200,486,0.2722709,3623.56088879558,3623.56088879558,0,1,4876.55252165822,-0.256942097372627,1,230,260,NaN
addition_stress_instances,Near,4,8104,9404003,add,2,FB-CMPSO,3,1500,1490,200,810,0.2722709,3623.56088879558,3623.56088879558,0,1,4876.55252165822,-0.256942097372627,1,230,260,NaN
addition_stress_instances,Near,4,8104,9404003,add,2,FB-CMPSO,3,2500,2498,200,1458,0.2722709,3319.93963781243,3319.93963781243,0,1,4876.55252165822,-0.319203551470512,1,230,260,NaN
addition_stress_instances,Near,4,8104,9404004,add,2,Repair,4,500,38,0,0,0.0029812,3748.57443156662,3748.57443156662,0,1,4876.55252165822,-0.231306457806393,0,NaN,NaN,NaN
addition_stress_instances,Near,4,8104,9404004,add,2,Repair,4,1000,38,0,0,0.0029812,3748.57443156662,3748.57443156662,0,1,4876.55252165822,-0.231306457806393,0,NaN,NaN,NaN
addition_stress_instances,Near,4,8104,9404004,add,2,Repair,4,1500,38,0,0,0.0029812,3748.57443156662,3748.57443156662,0,1,4876.55252165822,-0.231306457806393,0,NaN,NaN,NaN
addition_stress_instances,Near,4,8104,9404004,add,2,Repair,4,2500,38,0,0,0.0029812,3748.57443156662,3748.57443156662,0,1,4876.55252165822,-0.231306457806393,0,NaN,NaN,NaN
addition_stress_instances,Near,4,8104,9404004,add,2,WarmPSO,4,500,500,200,0,0.2266744,3728.2273394107,3728.2273394107,0,1,4876.55252165822,-0.235478891521718,1,230,NaN,NaN
addition_stress_instances,Near,4,8104,9404004,add,2,WarmPSO,4,1000,980,200,0,0.2266744,3728.2273394107,3728.2273394107,0,1,4876.55252165822,-0.235478891521718,1,230,NaN,NaN
addition_stress_instances,Near,4,8104,9404004,add,2,WarmPSO,4,1500,1490,200,0,0.2266744,3728.2273394107,3728.2273394107,0,1,4876.55252165822,-0.235478891521718,1,230,NaN,NaN
addition_stress_instances,Near,4,8104,9404004,add,2,WarmPSO,4,2500,2480,200,0,0.2266744,3728.2273394107,3728.2273394107,0,1,4876.55252165822,-0.235478891521718,1,230,NaN,NaN
addition_stress_instances,Near,4,8104,9404004,add,2,FB-CMPSO,4,500,482,200,162,0.2678652,3439.09010835715,3439.09010835715,0,1,4876.55252165822,-0.2947702104954,1,230,260,NaN
addition_stress_instances,Near,4,8104,9404004,add,2,FB-CMPSO,4,1000,986,200,486,0.2678652,3375.24584630881,3375.24584630881,0,1,4876.55252165822,-0.307862299991984,1,230,260,NaN
addition_stress_instances,Near,4,8104,9404004,add,2,FB-CMPSO,4,1500,1490,200,810,0.2678652,3375.24584630881,3375.24584630881,0,1,4876.55252165822,-0.307862299991984,1,230,260,NaN
addition_stress_instances,Near,4,8104,9404004,add,2,FB-CMPSO,4,2500,2498,200,1458,0.2678652,3375.24584630881,3375.24584630881,0,1,4876.55252165822,-0.307862299991984,1,230,260,NaN
addition_stress_instances,Near,4,8104,9404005,add,2,Repair,5,500,38,0,0,0.0030023,3748.57443156662,3748.57443156662,0,1,4876.55252165822,-0.231306457806393,0,NaN,NaN,NaN
addition_stress_instances,Near,4,8104,9404005,add,2,Repair,5,1000,38,0,0,0.0030023,3748.57443156662,3748.57443156662,0,1,4876.55252165822,-0.231306457806393,0,NaN,NaN,NaN
addition_stress_instances,Near,4,8104,9404005,add,2,Repair,5,1500,38,0,0,0.0030023,3748.57443156662,3748.57443156662,0,1,4876.55252165822,-0.231306457806393,0,NaN,NaN,NaN
addition_stress_instances,Near,4,8104,9404005,add,2,Repair,5,2500,38,0,0,0.0030023,3748.57443156662,3748.57443156662,0,1,4876.55252165822,-0.231306457806393,0,NaN,NaN,NaN
addition_stress_instances,Near,4,8104,9404005,add,2,WarmPSO,5,500,500,200,0,0.2376514,3728.2273394107,3728.2273394107,0,1,4876.55252165822,-0.235478891521718,1,230,NaN,NaN
addition_stress_instances,Near,4,8104,9404005,add,2,WarmPSO,5,1000,980,200,0,0.2376514,3728.2273394107,3728.2273394107,0,1,4876.55252165822,-0.235478891521718,1,230,NaN,NaN
addition_stress_instances,Near,4,8104,9404005,add,2,WarmPSO,5,1500,1490,200,0,0.2376514,3728.2273394107,3728.2273394107,0,1,4876.55252165822,-0.235478891521718,1,230,NaN,NaN
addition_stress_instances,Near,4,8104,9404005,add,2,WarmPSO,5,2500,2480,200,0,0.2376514,3728.2273394107,3728.2273394107,0,1,4876.55252165822,-0.235478891521718,1,230,NaN,NaN
addition_stress_instances,Near,4,8104,9404005,add,2,FB-CMPSO,5,500,482,200,162,0.2722978,3378.10543700436,3378.10543700436,0,1,4876.55252165822,-0.307275904032368,1,230,260,NaN
addition_stress_instances,Near,4,8104,9404005,add,2,FB-CMPSO,5,1000,986,200,486,0.2722978,3378.10543700436,3378.10543700436,0,1,4876.55252165822,-0.307275904032368,1,230,260,NaN
addition_stress_instances,Near,4,8104,9404005,add,2,FB-CMPSO,5,1500,1490,200,810,0.2722978,3378.10543700436,3378.10543700436,0,1,4876.55252165822,-0.307275904032368,1,230,260,NaN
addition_stress_instances,Near,4,8104,9404005,add,2,FB-CMPSO,5,2500,2498,200,1458,0.2722978,3330.68730628984,3330.68730628984,0,1,4876.55252165822,-0.31699960340891,1,230,260,NaN
addition_stress_instances,Near,4,8104,9404006,add,2,Repair,6,500,38,0,0,0.0030303,3748.57443156662,3748.57443156662,0,1,4876.55252165822,-0.231306457806393,0,NaN,NaN,NaN
addition_stress_instances,Near,4,8104,9404006,add,2,Repair,6,1000,38,0,0,0.0030303,3748.57443156662,3748.57443156662,0,1,4876.55252165822,-0.231306457806393,0,NaN,NaN,NaN
addition_stress_instances,Near,4,8104,9404006,add,2,Repair,6,1500,38,0,0,0.0030303,3748.57443156662,3748.57443156662,0,1,4876.55252165822,-0.231306457806393,0,NaN,NaN,NaN
addition_stress_instances,Near,4,8104,9404006,add,2,Repair,6,2500,38,0,0,0.0030303,3748.57443156662,3748.57443156662,0,1,4876.55252165822,-0.231306457806393,0,NaN,NaN,NaN
addition_stress_instances,Near,4,8104,9404006,add,2,WarmPSO,6,500,500,200,0,0.2239709,3728.2273394107,3728.2273394107,0,1,4876.55252165822,-0.235478891521718,1,230,NaN,NaN
addition_stress_instances,Near,4,8104,9404006,add,2,WarmPSO,6,1000,980,200,0,0.2239709,3728.2273394107,3728.2273394107,0,1,4876.55252165822,-0.235478891521718,1,230,NaN,NaN
addition_stress_instances,Near,4,8104,9404006,add,2,WarmPSO,6,1500,1490,200,0,0.2239709,3728.2273394107,3728.2273394107,0,1,4876.55252165822,-0.235478891521718,1,230,NaN,NaN
addition_stress_instances,Near,4,8104,9404006,add,2,WarmPSO,6,2500,2480,200,0,0.2239709,3728.2273394107,3728.2273394107,0,1,4876.55252165822,-0.235478891521718,1,230,NaN,NaN
addition_stress_instances,Near,4,8104,9404006,add,2,FB-CMPSO,6,500,482,200,162,0.2716551,3533.48694910838,3533.48694910838,0,1,4876.55252165822,-0.27541292062064,1,230,260,NaN
addition_stress_instances,Near,4,8104,9404006,add,2,FB-CMPSO,6,1000,986,200,486,0.2716551,3476.76680580797,3476.76680580797,0,1,4876.55252165822,-0.287044117669888,1,230,260,NaN
addition_stress_instances,Near,4,8104,9404006,add,2,FB-CMPSO,6,1500,1490,200,810,0.2716551,3281.06378981592,3281.06378981592,0,1,4876.55252165822,-0.327175545583947,1,230,260,NaN
addition_stress_instances,Near,4,8104,9404006,add,2,FB-CMPSO,6,2500,2498,200,1458,0.2716551,3281.06378981592,3281.06378981592,0,1,4876.55252165822,-0.327175545583947,1,230,260,NaN
addition_stress_instances,Near,4,8104,9404007,add,2,Repair,7,500,38,0,0,0.0031711,3748.57443156662,3748.57443156662,0,1,4876.55252165822,-0.231306457806393,0,NaN,NaN,NaN
addition_stress_instances,Near,4,8104,9404007,add,2,Repair,7,1000,38,0,0,0.0031711,3748.57443156662,3748.57443156662,0,1,4876.55252165822,-0.231306457806393,0,NaN,NaN,NaN
addition_stress_instances,Near,4,8104,9404007,add,2,Repair,7,1500,38,0,0,0.0031711,3748.57443156662,3748.57443156662,0,1,4876.55252165822,-0.231306457806393,0,NaN,NaN,NaN
addition_stress_instances,Near,4,8104,9404007,add,2,Repair,7,2500,38,0,0,0.0031711,3748.57443156662,3748.57443156662,0,1,4876.55252165822,-0.231306457806393,0,NaN,NaN,NaN
addition_stress_instances,Near,4,8104,9404007,add,2,WarmPSO,7,500,500,200,0,0.222501,3728.2273394107,3728.2273394107,0,1,4876.55252165822,-0.235478891521718,1,230,NaN,NaN
addition_stress_instances,Near,4,8104,9404007,add,2,WarmPSO,7,1000,980,200,0,0.222501,3728.2273394107,3728.2273394107,0,1,4876.55252165822,-0.235478891521718,1,230,NaN,NaN
addition_stress_instances,Near,4,8104,9404007,add,2,WarmPSO,7,1500,1490,200,0,0.222501,3728.2273394107,3728.2273394107,0,1,4876.55252165822,-0.235478891521718,1,230,NaN,NaN
addition_stress_instances,Near,4,8104,9404007,add,2,WarmPSO,7,2500,2480,200,0,0.222501,3728.2273394107,3728.2273394107,0,1,4876.55252165822,-0.235478891521718,1,230,NaN,NaN
addition_stress_instances,Near,4,8104,9404007,add,2,FB-CMPSO,7,500,482,200,162,0.2649436,3651.36210835645,3651.36210835645,0,1,4876.55252165822,-0.251241098677875,1,230,260,NaN
addition_stress_instances,Near,4,8104,9404007,add,2,FB-CMPSO,7,1000,986,200,486,0.2649436,3397.53642115663,3397.53642115663,0,1,4876.55252165822,-0.303291330080594,1,230,260,NaN
addition_stress_instances,Near,4,8104,9404007,add,2,FB-CMPSO,7,1500,1490,200,810,0.2649436,3397.53642115663,3397.53642115663,0,1,4876.55252165822,-0.303291330080594,1,230,260,NaN
addition_stress_instances,Near,4,8104,9404007,add,2,FB-CMPSO,7,2500,2498,200,1458,0.2649436,3253.49821188474,3253.49821188474,0,1,4876.55252165822,-0.332828222922856,1,230,260,NaN
addition_stress_instances,Near,4,8104,9404008,add,2,Repair,8,500,38,0,0,0.0031936,3748.57443156662,3748.57443156662,0,1,4876.55252165822,-0.231306457806393,0,NaN,NaN,NaN
addition_stress_instances,Near,4,8104,9404008,add,2,Repair,8,1000,38,0,0,0.0031936,3748.57443156662,3748.57443156662,0,1,4876.55252165822,-0.231306457806393,0,NaN,NaN,NaN
addition_stress_instances,Near,4,8104,9404008,add,2,Repair,8,1500,38,0,0,0.0031936,3748.57443156662,3748.57443156662,0,1,4876.55252165822,-0.231306457806393,0,NaN,NaN,NaN
addition_stress_instances,Near,4,8104,9404008,add,2,Repair,8,2500,38,0,0,0.0031936,3748.57443156662,3748.57443156662,0,1,4876.55252165822,-0.231306457806393,0,NaN,NaN,NaN
addition_stress_instances,Near,4,8104,9404008,add,2,WarmPSO,8,500,500,200,0,0.2542316,3728.2273394107,3728.2273394107,0,1,4876.55252165822,-0.235478891521718,1,230,NaN,NaN
addition_stress_instances,Near,4,8104,9404008,add,2,WarmPSO,8,1000,980,200,0,0.2542316,3728.2273394107,3728.2273394107,0,1,4876.55252165822,-0.235478891521718,1,230,NaN,NaN
addition_stress_instances,Near,4,8104,9404008,add,2,WarmPSO,8,1500,1490,200,0,0.2542316,3728.2273394107,3728.2273394107,0,1,4876.55252165822,-0.235478891521718,1,230,NaN,NaN
addition_stress_instances,Near,4,8104,9404008,add,2,WarmPSO,8,2500,2480,200,0,0.2542316,3728.2273394107,3728.2273394107,0,1,4876.55252165822,-0.235478891521718,1,230,NaN,NaN
addition_stress_instances,Near,4,8104,9404008,add,2,FB-CMPSO,8,500,482,200,162,0.278413,3418.39944897096,3418.39944897096,0,1,4876.55252165822,-0.299013097103162,1,230,260,NaN
addition_stress_instances,Near,4,8104,9404008,add,2,FB-CMPSO,8,1000,986,200,486,0.278413,3378.10543700436,3378.10543700436,0,1,4876.55252165822,-0.307275904032368,1,230,260,NaN
addition_stress_instances,Near,4,8104,9404008,add,2,FB-CMPSO,8,1500,1490,200,810,0.278413,3378.10543700436,3378.10543700436,0,1,4876.55252165822,-0.307275904032368,1,230,260,NaN
addition_stress_instances,Near,4,8104,9404008,add,2,FB-CMPSO,8,2500,2498,200,1458,0.278413,3330.68730628984,3330.68730628984,0,1,4876.55252165822,-0.31699960340891,1,230,260,NaN
addition_stress_instances,Near,4,8104,9404009,add,2,Repair,9,500,38,0,0,0.0035442,3748.57443156662,3748.57443156662,0,1,4876.55252165822,-0.231306457806393,0,NaN,NaN,NaN
addition_stress_instances,Near,4,8104,9404009,add,2,Repair,9,1000,38,0,0,0.0035442,3748.57443156662,3748.57443156662,0,1,4876.55252165822,-0.231306457806393,0,NaN,NaN,NaN
addition_stress_instances,Near,4,8104,9404009,add,2,Repair,9,1500,38,0,0,0.0035442,3748.57443156662,3748.57443156662,0,1,4876.55252165822,-0.231306457806393,0,NaN,NaN,NaN
addition_stress_instances,Near,4,8104,9404009,add,2,Repair,9,2500,38,0,0,0.0035442,3748.57443156662,3748.57443156662,0,1,4876.55252165822,-0.231306457806393,0,NaN,NaN,NaN
addition_stress_instances,Near,4,8104,9404009,add,2,WarmPSO,9,500,500,200,0,0.22471,3728.2273394107,3728.2273394107,0,1,4876.55252165822,-0.235478891521718,1,230,NaN,NaN
addition_stress_instances,Near,4,8104,9404009,add,2,WarmPSO,9,1000,980,200,0,0.22471,3728.2273394107,3728.2273394107,0,1,4876.55252165822,-0.235478891521718,1,230,NaN,NaN
addition_stress_instances,Near,4,8104,9404009,add,2,WarmPSO,9,1500,1490,200,0,0.22471,3728.2273394107,3728.2273394107,0,1,4876.55252165822,-0.235478891521718,1,230,NaN,NaN
addition_stress_instances,Near,4,8104,9404009,add,2,WarmPSO,9,2500,2480,200,0,0.22471,3728.2273394107,3728.2273394107,0,1,4876.55252165822,-0.235478891521718,1,230,NaN,NaN
addition_stress_instances,Near,4,8104,9404009,add,2,FB-CMPSO,9,500,482,200,162,0.2850281,3543.54576798177,3543.54576798177,0,1,4876.55252165822,-0.273350230056206,1,230,260,NaN
addition_stress_instances,Near,4,8104,9404009,add,2,FB-CMPSO,9,1000,986,200,486,0.2850281,3347.84275198973,3347.84275198973,0,1,4876.55252165822,-0.313481657970265,1,230,260,NaN
addition_stress_instances,Near,4,8104,9404009,add,2,FB-CMPSO,9,1500,1490,200,810,0.2850281,3281.06378981592,3281.06378981592,0,1,4876.55252165822,-0.327175545583947,1,230,260,NaN
addition_stress_instances,Near,4,8104,9404009,add,2,FB-CMPSO,9,2500,2498,200,1458,0.2850281,3281.06378981592,3281.06378981592,0,1,4876.55252165822,-0.327175545583947,1,230,260,NaN
addition_stress_instances,Near,4,8104,9404010,add,2,Repair,10,500,38,0,0,0.0030377,3748.57443156662,3748.57443156662,0,1,4876.55252165822,-0.231306457806393,0,NaN,NaN,NaN
addition_stress_instances,Near,4,8104,9404010,add,2,Repair,10,1000,38,0,0,0.0030377,3748.57443156662,3748.57443156662,0,1,4876.55252165822,-0.231306457806393,0,NaN,NaN,NaN
addition_stress_instances,Near,4,8104,9404010,add,2,Repair,10,1500,38,0,0,0.0030377,3748.57443156662,3748.57443156662,0,1,4876.55252165822,-0.231306457806393,0,NaN,NaN,NaN
addition_stress_instances,Near,4,8104,9404010,add,2,Repair,10,2500,38,0,0,0.0030377,3748.57443156662,3748.57443156662,0,1,4876.55252165822,-0.231306457806393,0,NaN,NaN,NaN
addition_stress_instances,Near,4,8104,9404010,add,2,WarmPSO,10,500,500,200,0,0.227364,3728.2273394107,3728.2273394107,0,1,4876.55252165822,-0.235478891521718,1,230,NaN,NaN
addition_stress_instances,Near,4,8104,9404010,add,2,WarmPSO,10,1000,980,200,0,0.227364,3728.2273394107,3728.2273394107,0,1,4876.55252165822,-0.235478891521718,1,230,NaN,NaN
addition_stress_instances,Near,4,8104,9404010,add,2,WarmPSO,10,1500,1490,200,0,0.227364,3728.2273394107,3728.2273394107,0,1,4876.55252165822,-0.235478891521718,1,230,NaN,NaN
addition_stress_instances,Near,4,8104,9404010,add,2,WarmPSO,10,2500,2480,200,0,0.227364,3728.2273394107,3728.2273394107,0,1,4876.55252165822,-0.235478891521718,1,230,NaN,NaN
addition_stress_instances,Near,4,8104,9404010,add,2,FB-CMPSO,10,500,482,200,162,0.2713951,3688.2273394107,3688.2273394107,0,1,4876.55252165822,-0.243681407504546,1,230,260,NaN
addition_stress_instances,Near,4,8104,9404010,add,2,FB-CMPSO,10,1000,986,200,486,0.2713951,3319.93963781243,3319.93963781243,0,1,4876.55252165822,-0.319203551470512,1,230,260,NaN
addition_stress_instances,Near,4,8104,9404010,add,2,FB-CMPSO,10,1500,1490,200,810,0.2713951,3319.93963781243,3319.93963781243,0,1,4876.55252165822,-0.319203551470512,1,230,260,NaN
addition_stress_instances,Near,4,8104,9404010,add,2,FB-CMPSO,10,2500,2498,200,1458,0.2713951,3319.93963781243,3319.93963781243,0,1,4876.55252165822,-0.319203551470512,1,230,260,NaN
addition_stress_instances,Tight,1,8301,9601001,add,2,Repair,1,500,38,0,0,0.0029502,4293.90625809938,4293.90625809938,0,1,5260.35770335712,-0.183723522193359,0,NaN,NaN,NaN
addition_stress_instances,Tight,1,8301,9601001,add,2,Repair,1,1000,38,0,0,0.0029502,4293.90625809938,4293.90625809938,0,1,5260.35770335712,-0.183723522193359,0,NaN,NaN,NaN
addition_stress_instances,Tight,1,8301,9601001,add,2,Repair,1,1500,38,0,0,0.0029502,4293.90625809938,4293.90625809938,0,1,5260.35770335712,-0.183723522193359,0,NaN,NaN,NaN
addition_stress_instances,Tight,1,8301,9601001,add,2,Repair,1,2500,38,0,0,0.0029502,4293.90625809938,4293.90625809938,0,1,5260.35770335712,-0.183723522193359,0,NaN,NaN,NaN
addition_stress_instances,Tight,1,8301,9601001,add,2,WarmPSO,1,500,500,200,0,0.2286757,4251.83316513849,4251.83316513849,0,1,5260.35770335712,-0.191721665158816,1,230,NaN,NaN
addition_stress_instances,Tight,1,8301,9601001,add,2,WarmPSO,1,1000,980,200,0,0.2286757,4251.83316513849,4251.83316513849,0,1,5260.35770335712,-0.191721665158816,1,230,NaN,NaN
addition_stress_instances,Tight,1,8301,9601001,add,2,WarmPSO,1,1500,1490,200,0,0.2286757,4251.83316513849,4251.83316513849,0,1,5260.35770335712,-0.191721665158816,1,230,NaN,NaN
addition_stress_instances,Tight,1,8301,9601001,add,2,WarmPSO,1,2500,2480,200,0,0.2286757,4251.83316513849,4251.83316513849,0,1,5260.35770335712,-0.191721665158816,1,230,NaN,NaN
addition_stress_instances,Tight,1,8301,9601001,add,2,FB-CMPSO,1,500,482,200,162,0.2566535,4229.16983406418,4229.16983406418,0,1,5260.35770335712,-0.196029990248543,1,230,260,NaN
addition_stress_instances,Tight,1,8301,9601001,add,2,FB-CMPSO,1,1000,986,200,486,0.2566535,3859.3093177482,3859.3093177482,0,1,5260.35770335712,-0.266340896307258,1,230,260,NaN
addition_stress_instances,Tight,1,8301,9601001,add,2,FB-CMPSO,1,1500,1490,200,810,0.2566535,3791.46020602029,3791.46020602029,0,1,5260.35770335712,-0.279239089843528,1,230,260,NaN
addition_stress_instances,Tight,1,8301,9601001,add,2,FB-CMPSO,1,2500,2498,200,1458,0.2566535,3567.31111848757,3567.31111848757,0,1,5260.35770335712,-0.321850087074698,1,230,260,NaN
addition_stress_instances,Tight,1,8301,9601002,add,2,Repair,2,500,38,0,0,0.0029223,4293.90625809938,4293.90625809938,0,1,5260.35770335712,-0.183723522193359,0,NaN,NaN,NaN
addition_stress_instances,Tight,1,8301,9601002,add,2,Repair,2,1000,38,0,0,0.0029223,4293.90625809938,4293.90625809938,0,1,5260.35770335712,-0.183723522193359,0,NaN,NaN,NaN
addition_stress_instances,Tight,1,8301,9601002,add,2,Repair,2,1500,38,0,0,0.0029223,4293.90625809938,4293.90625809938,0,1,5260.35770335712,-0.183723522193359,0,NaN,NaN,NaN
addition_stress_instances,Tight,1,8301,9601002,add,2,Repair,2,2500,38,0,0,0.0029223,4293.90625809938,4293.90625809938,0,1,5260.35770335712,-0.183723522193359,0,NaN,NaN,NaN
addition_stress_instances,Tight,1,8301,9601002,add,2,WarmPSO,2,500,500,200,0,0.2184154,4282.33743278659,4282.33743278659,0,1,5260.35770335712,-0.185922769082103,1,230,NaN,NaN
addition_stress_instances,Tight,1,8301,9601002,add,2,WarmPSO,2,1000,980,200,0,0.2184154,4282.33743278659,4282.33743278659,0,1,5260.35770335712,-0.185922769082103,1,230,NaN,NaN
addition_stress_instances,Tight,1,8301,9601002,add,2,WarmPSO,2,1500,1490,200,0,0.2184154,4282.33743278659,4282.33743278659,0,1,5260.35770335712,-0.185922769082103,1,230,NaN,NaN
addition_stress_instances,Tight,1,8301,9601002,add,2,WarmPSO,2,2500,2480,200,0,0.2184154,4282.33743278659,4282.33743278659,0,1,5260.35770335712,-0.185922769082103,1,230,NaN,NaN
addition_stress_instances,Tight,1,8301,9601002,add,2,FB-CMPSO,2,500,482,200,162,0.2650091,4066.43126148324,4066.43126148324,0,1,5260.35770335712,-0.226966778535218,1,230,260,NaN
addition_stress_instances,Tight,1,8301,9601002,add,2,FB-CMPSO,2,1000,986,200,486,0.2650091,3791.46020602029,3791.46020602029,0,1,5260.35770335712,-0.279239089843528,1,230,260,NaN
addition_stress_instances,Tight,1,8301,9601002,add,2,FB-CMPSO,2,1500,1490,200,810,0.2650091,3704.25203462172,3704.25203462172,0,1,5260.35770335712,-0.295817462706444,1,230,260,NaN
addition_stress_instances,Tight,1,8301,9601002,add,2,FB-CMPSO,2,2500,2498,200,1458,0.2650091,3584.90238852376,3584.90238852376,0,1,5260.35770335712,-0.318505966574118,1,230,260,NaN
addition_stress_instances,Tight,1,8301,9601003,add,2,Repair,3,500,38,0,0,0.0030235,4293.90625809938,4293.90625809938,0,1,5260.35770335712,-0.183723522193359,0,NaN,NaN,NaN
addition_stress_instances,Tight,1,8301,9601003,add,2,Repair,3,1000,38,0,0,0.0030235,4293.90625809938,4293.90625809938,0,1,5260.35770335712,-0.183723522193359,0,NaN,NaN,NaN
addition_stress_instances,Tight,1,8301,9601003,add,2,Repair,3,1500,38,0,0,0.0030235,4293.90625809938,4293.90625809938,0,1,5260.35770335712,-0.183723522193359,0,NaN,NaN,NaN
addition_stress_instances,Tight,1,8301,9601003,add,2,Repair,3,2500,38,0,0,0.0030235,4293.90625809938,4293.90625809938,0,1,5260.35770335712,-0.183723522193359,0,NaN,NaN,NaN
addition_stress_instances,Tight,1,8301,9601003,add,2,WarmPSO,3,500,500,200,0,0.220338,4282.33743278659,4282.33743278659,0,1,5260.35770335712,-0.185922769082103,1,230,NaN,NaN
addition_stress_instances,Tight,1,8301,9601003,add,2,WarmPSO,3,1000,980,200,0,0.220338,4282.33743278659,4282.33743278659,0,1,5260.35770335712,-0.185922769082103,1,230,NaN,NaN
addition_stress_instances,Tight,1,8301,9601003,add,2,WarmPSO,3,1500,1490,200,0,0.220338,4282.33743278659,4282.33743278659,0,1,5260.35770335712,-0.185922769082103,1,230,NaN,NaN
addition_stress_instances,Tight,1,8301,9601003,add,2,WarmPSO,3,2500,2480,200,0,0.220338,4282.33743278659,4282.33743278659,0,1,5260.35770335712,-0.185922769082103,1,230,NaN,NaN
addition_stress_instances,Tight,1,8301,9601003,add,2,FB-CMPSO,3,500,482,200,162,0.265052,3894.78830386279,3894.78830386279,0,1,5260.35770335712,-0.259596300575307,1,230,260,NaN
addition_stress_instances,Tight,1,8301,9601003,add,2,FB-CMPSO,3,1000,986,200,486,0.265052,3660.25366965245,3660.25366965245,0,1,5260.35770335712,-0.304181602076889,1,230,260,NaN
addition_stress_instances,Tight,1,8301,9601003,add,2,FB-CMPSO,3,1500,1490,200,810,0.265052,3585.49862146836,3585.49862146836,0,1,5260.35770335712,-0.318392622011214,1,230,260,NaN
addition_stress_instances,Tight,1,8301,9601003,add,2,FB-CMPSO,3,2500,2498,200,1458,0.265052,3550.97682345576,3550.97682345576,0,1,5260.35770335712,-0.324955255193092,1,230,260,NaN
addition_stress_instances,Tight,1,8301,9601004,add,2,Repair,4,500,38,0,0,0.0031083,4293.90625809938,4293.90625809938,0,1,5260.35770335712,-0.183723522193359,0,NaN,NaN,NaN
addition_stress_instances,Tight,1,8301,9601004,add,2,Repair,4,1000,38,0,0,0.0031083,4293.90625809938,4293.90625809938,0,1,5260.35770335712,-0.183723522193359,0,NaN,NaN,NaN
addition_stress_instances,Tight,1,8301,9601004,add,2,Repair,4,1500,38,0,0,0.0031083,4293.90625809938,4293.90625809938,0,1,5260.35770335712,-0.183723522193359,0,NaN,NaN,NaN
addition_stress_instances,Tight,1,8301,9601004,add,2,Repair,4,2500,38,0,0,0.0031083,4293.90625809938,4293.90625809938,0,1,5260.35770335712,-0.183723522193359,0,NaN,NaN,NaN
addition_stress_instances,Tight,1,8301,9601004,add,2,WarmPSO,4,500,500,200,0,0.2228216,4251.83316513849,4251.83316513849,0,1,5260.35770335712,-0.191721665158816,1,230,NaN,NaN
addition_stress_instances,Tight,1,8301,9601004,add,2,WarmPSO,4,1000,980,200,0,0.2228216,4251.83316513849,4251.83316513849,0,1,5260.35770335712,-0.191721665158816,1,230,NaN,NaN
addition_stress_instances,Tight,1,8301,9601004,add,2,WarmPSO,4,1500,1490,200,0,0.2228216,4251.83316513849,4251.83316513849,0,1,5260.35770335712,-0.191721665158816,1,230,NaN,NaN
addition_stress_instances,Tight,1,8301,9601004,add,2,WarmPSO,4,2500,2480,200,0,0.2228216,4251.83316513849,4251.83316513849,0,1,5260.35770335712,-0.191721665158816,1,230,NaN,NaN
addition_stress_instances,Tight,1,8301,9601004,add,2,FB-CMPSO,4,500,482,200,162,0.2628341,3685.17418132842,3685.17418132842,0,1,5260.35770335712,-0.299444184379977,1,230,260,NaN
addition_stress_instances,Tight,1,8301,9601004,add,2,FB-CMPSO,4,1000,986,200,486,0.2628341,3438.70247717862,3438.70247717862,0,1,5260.35770335712,-0.346298736493897,1,230,260,NaN
addition_stress_instances,Tight,1,8301,9601004,add,2,FB-CMPSO,4,1500,1490,200,810,0.2628341,3438.70247717862,3438.70247717862,0,1,5260.35770335712,-0.346298736493897,1,230,260,NaN
addition_stress_instances,Tight,1,8301,9601004,add,2,FB-CMPSO,4,2500,2498,200,1458,0.2628341,3438.70247717862,3438.70247717862,0,1,5260.35770335712,-0.346298736493897,1,230,260,NaN
addition_stress_instances,Tight,1,8301,9601005,add,2,Repair,5,500,38,0,0,0.0030193,4293.90625809938,4293.90625809938,0,1,5260.35770335712,-0.183723522193359,0,NaN,NaN,NaN
addition_stress_instances,Tight,1,8301,9601005,add,2,Repair,5,1000,38,0,0,0.0030193,4293.90625809938,4293.90625809938,0,1,5260.35770335712,-0.183723522193359,0,NaN,NaN,NaN
addition_stress_instances,Tight,1,8301,9601005,add,2,Repair,5,1500,38,0,0,0.0030193,4293.90625809938,4293.90625809938,0,1,5260.35770335712,-0.183723522193359,0,NaN,NaN,NaN
addition_stress_instances,Tight,1,8301,9601005,add,2,Repair,5,2500,38,0,0,0.0030193,4293.90625809938,4293.90625809938,0,1,5260.35770335712,-0.183723522193359,0,NaN,NaN,NaN
addition_stress_instances,Tight,1,8301,9601005,add,2,WarmPSO,5,500,500,200,0,0.2317997,4282.33743278659,4282.33743278659,0,1,5260.35770335712,-0.185922769082103,1,230,NaN,NaN
addition_stress_instances,Tight,1,8301,9601005,add,2,WarmPSO,5,1000,980,200,0,0.2317997,4282.33743278659,4282.33743278659,0,1,5260.35770335712,-0.185922769082103,1,230,NaN,NaN
addition_stress_instances,Tight,1,8301,9601005,add,2,WarmPSO,5,1500,1490,200,0,0.2317997,4282.33743278659,4282.33743278659,0,1,5260.35770335712,-0.185922769082103,1,230,NaN,NaN
addition_stress_instances,Tight,1,8301,9601005,add,2,WarmPSO,5,2500,2480,200,0,0.2317997,4282.33743278659,4282.33743278659,0,1,5260.35770335712,-0.185922769082103,1,230,NaN,NaN
addition_stress_instances,Tight,1,8301,9601005,add,2,FB-CMPSO,5,500,482,200,162,0.2924538,3939.60108938195,3939.60108938195,0,1,5260.35770335712,-0.251077338929304,1,230,260,NaN
addition_stress_instances,Tight,1,8301,9601005,add,2,FB-CMPSO,5,1000,986,200,486,0.2924538,3698.54244562538,3698.54244562538,0,1,5260.35770335712,-0.296902862087687,1,230,260,NaN
addition_stress_instances,Tight,1,8301,9601005,add,2,FB-CMPSO,5,1500,1490,200,810,0.2924538,3475.37310553243,3475.37310553243,0,1,5260.35770335712,-0.339327608212941,1,230,260,NaN
addition_stress_instances,Tight,1,8301,9601005,add,2,FB-CMPSO,5,2500,2498,200,1458,0.2924538,3475.37310553243,3475.37310553243,0,1,5260.35770335712,-0.339327608212941,1,230,260,NaN
addition_stress_instances,Tight,1,8301,9601006,add,2,Repair,6,500,38,0,0,0.0029888,4293.90625809938,4293.90625809938,0,1,5260.35770335712,-0.183723522193359,0,NaN,NaN,NaN
addition_stress_instances,Tight,1,8301,9601006,add,2,Repair,6,1000,38,0,0,0.0029888,4293.90625809938,4293.90625809938,0,1,5260.35770335712,-0.183723522193359,0,NaN,NaN,NaN
addition_stress_instances,Tight,1,8301,9601006,add,2,Repair,6,1500,38,0,0,0.0029888,4293.90625809938,4293.90625809938,0,1,5260.35770335712,-0.183723522193359,0,NaN,NaN,NaN
addition_stress_instances,Tight,1,8301,9601006,add,2,Repair,6,2500,38,0,0,0.0029888,4293.90625809938,4293.90625809938,0,1,5260.35770335712,-0.183723522193359,0,NaN,NaN,NaN
addition_stress_instances,Tight,1,8301,9601006,add,2,WarmPSO,6,500,500,200,0,0.2252018,4251.83316513849,4251.83316513849,0,1,5260.35770335712,-0.191721665158816,1,230,NaN,NaN
addition_stress_instances,Tight,1,8301,9601006,add,2,WarmPSO,6,1000,980,200,0,0.2252018,4251.83316513849,4251.83316513849,0,1,5260.35770335712,-0.191721665158816,1,230,NaN,NaN
addition_stress_instances,Tight,1,8301,9601006,add,2,WarmPSO,6,1500,1490,200,0,0.2252018,4251.83316513849,4251.83316513849,0,1,5260.35770335712,-0.191721665158816,1,230,NaN,NaN
addition_stress_instances,Tight,1,8301,9601006,add,2,WarmPSO,6,2500,2480,200,0,0.2252018,4251.83316513849,4251.83316513849,0,1,5260.35770335712,-0.191721665158816,1,230,NaN,NaN
addition_stress_instances,Tight,1,8301,9601006,add,2,FB-CMPSO,6,500,482,200,162,0.2669056,3832.09213199183,3832.09213199183,0,1,5260.35770335712,-0.271514914366714,1,230,260,NaN
addition_stress_instances,Tight,1,8301,9601006,add,2,FB-CMPSO,6,1000,986,200,486,0.2669056,3537.48425780923,3537.48425780923,0,1,5260.35770335712,-0.327520207313727,1,230,260,NaN
addition_stress_instances,Tight,1,8301,9601006,add,2,FB-CMPSO,6,1500,1490,200,810,0.2669056,3537.48425780923,3537.48425780923,0,1,5260.35770335712,-0.327520207313727,1,230,260,NaN
addition_stress_instances,Tight,1,8301,9601006,add,2,FB-CMPSO,6,2500,2498,200,1458,0.2669056,3519.89298777305,3519.89298777305,0,1,5260.35770335712,-0.330864327814308,1,230,260,NaN
addition_stress_instances,Tight,1,8301,9601007,add,2,Repair,7,500,38,0,0,0.0028351,4293.90625809938,4293.90625809938,0,1,5260.35770335712,-0.183723522193359,0,NaN,NaN,NaN
addition_stress_instances,Tight,1,8301,9601007,add,2,Repair,7,1000,38,0,0,0.0028351,4293.90625809938,4293.90625809938,0,1,5260.35770335712,-0.183723522193359,0,NaN,NaN,NaN
addition_stress_instances,Tight,1,8301,9601007,add,2,Repair,7,1500,38,0,0,0.0028351,4293.90625809938,4293.90625809938,0,1,5260.35770335712,-0.183723522193359,0,NaN,NaN,NaN
addition_stress_instances,Tight,1,8301,9601007,add,2,Repair,7,2500,38,0,0,0.0028351,4293.90625809938,4293.90625809938,0,1,5260.35770335712,-0.183723522193359,0,NaN,NaN,NaN
addition_stress_instances,Tight,1,8301,9601007,add,2,WarmPSO,7,500,500,200,0,0.230268,4282.33743278659,4282.33743278659,0,1,5260.35770335712,-0.185922769082103,1,230,NaN,NaN
addition_stress_instances,Tight,1,8301,9601007,add,2,WarmPSO,7,1000,980,200,0,0.230268,4282.33743278659,4282.33743278659,0,1,5260.35770335712,-0.185922769082103,1,230,NaN,NaN
addition_stress_instances,Tight,1,8301,9601007,add,2,WarmPSO,7,1500,1490,200,0,0.230268,4282.33743278659,4282.33743278659,0,1,5260.35770335712,-0.185922769082103,1,230,NaN,NaN
addition_stress_instances,Tight,1,8301,9601007,add,2,WarmPSO,7,2500,2480,200,0,0.230268,4282.33743278659,4282.33743278659,0,1,5260.35770335712,-0.185922769082103,1,230,NaN,NaN
addition_stress_instances,Tight,1,8301,9601007,add,2,FB-CMPSO,7,500,482,200,162,0.2739849,3679.56618800093,3679.56618800093,0,1,5260.35770335712,-0.300510270308679,1,230,260,NaN
addition_stress_instances,Tight,1,8301,9601007,add,2,FB-CMPSO,7,1000,986,200,486,0.2739849,3578.05878696498,3578.05878696498,0,1,5260.35770335712,-0.319806943037069,1,230,260,NaN
addition_stress_instances,Tight,1,8301,9601007,add,2,FB-CMPSO,7,1500,1490,200,810,0.2739849,3567.31111848757,3567.31111848757,0,1,5260.35770335712,-0.321850087074698,1,230,260,NaN
addition_stress_instances,Tight,1,8301,9601007,add,2,FB-CMPSO,7,2500,2498,200,1458,0.2739849,3567.31111848757,3567.31111848757,0,1,5260.35770335712,-0.321850087074698,1,230,260,NaN
addition_stress_instances,Tight,1,8301,9601008,add,2,Repair,8,500,38,0,0,0.0030548,4293.90625809938,4293.90625809938,0,1,5260.35770335712,-0.183723522193359,0,NaN,NaN,NaN
addition_stress_instances,Tight,1,8301,9601008,add,2,Repair,8,1000,38,0,0,0.0030548,4293.90625809938,4293.90625809938,0,1,5260.35770335712,-0.183723522193359,0,NaN,NaN,NaN
addition_stress_instances,Tight,1,8301,9601008,add,2,Repair,8,1500,38,0,0,0.0030548,4293.90625809938,4293.90625809938,0,1,5260.35770335712,-0.183723522193359,0,NaN,NaN,NaN
addition_stress_instances,Tight,1,8301,9601008,add,2,Repair,8,2500,38,0,0,0.0030548,4293.90625809938,4293.90625809938,0,1,5260.35770335712,-0.183723522193359,0,NaN,NaN,NaN
addition_stress_instances,Tight,1,8301,9601008,add,2,WarmPSO,8,500,500,200,0,0.2238908,4282.33743278659,4282.33743278659,0,1,5260.35770335712,-0.185922769082103,1,230,NaN,NaN
addition_stress_instances,Tight,1,8301,9601008,add,2,WarmPSO,8,1000,980,200,0,0.2238908,4282.33743278659,4282.33743278659,0,1,5260.35770335712,-0.185922769082103,1,230,NaN,NaN
addition_stress_instances,Tight,1,8301,9601008,add,2,WarmPSO,8,1500,1490,200,0,0.2238908,4282.33743278659,4282.33743278659,0,1,5260.35770335712,-0.185922769082103,1,230,NaN,NaN
addition_stress_instances,Tight,1,8301,9601008,add,2,WarmPSO,8,2500,2480,200,0,0.2238908,4282.33743278659,4282.33743278659,0,1,5260.35770335712,-0.185922769082103,1,230,NaN,NaN
addition_stress_instances,Tight,1,8301,9601008,add,2,FB-CMPSO,8,500,482,200,162,0.2621234,3876.05611281782,3876.05611281782,0,1,5260.35770335712,-0.26315731146113,1,230,260,NaN
addition_stress_instances,Tight,1,8301,9601008,add,2,FB-CMPSO,8,1000,986,200,486,0.2621234,3694.02812419283,3694.02812419283,0,1,5260.35770335712,-0.297761039741589,1,230,260,NaN
addition_stress_instances,Tight,1,8301,9601008,add,2,FB-CMPSO,8,1500,1490,200,810,0.2621234,3519.89298777305,3519.89298777305,0,1,5260.35770335712,-0.330864327814308,1,230,260,NaN
addition_stress_instances,Tight,1,8301,9601008,add,2,FB-CMPSO,8,2500,2498,200,1458,0.2621234,3519.89298777305,3519.89298777305,0,1,5260.35770335712,-0.330864327814308,1,230,260,NaN
addition_stress_instances,Tight,1,8301,9601009,add,2,Repair,9,500,38,0,0,0.0040669,4293.90625809938,4293.90625809938,0,1,5260.35770335712,-0.183723522193359,0,NaN,NaN,NaN
addition_stress_instances,Tight,1,8301,9601009,add,2,Repair,9,1000,38,0,0,0.0040669,4293.90625809938,4293.90625809938,0,1,5260.35770335712,-0.183723522193359,0,NaN,NaN,NaN
addition_stress_instances,Tight,1,8301,9601009,add,2,Repair,9,1500,38,0,0,0.0040669,4293.90625809938,4293.90625809938,0,1,5260.35770335712,-0.183723522193359,0,NaN,NaN,NaN
addition_stress_instances,Tight,1,8301,9601009,add,2,Repair,9,2500,38,0,0,0.0040669,4293.90625809938,4293.90625809938,0,1,5260.35770335712,-0.183723522193359,0,NaN,NaN,NaN
addition_stress_instances,Tight,1,8301,9601009,add,2,WarmPSO,9,500,500,200,0,0.2363864,4251.83316513849,4251.83316513849,0,1,5260.35770335712,-0.191721665158816,1,230,NaN,NaN
addition_stress_instances,Tight,1,8301,9601009,add,2,WarmPSO,9,1000,980,200,0,0.2363864,4251.83316513849,4251.83316513849,0,1,5260.35770335712,-0.191721665158816,1,230,NaN,NaN
addition_stress_instances,Tight,1,8301,9601009,add,2,WarmPSO,9,1500,1490,200,0,0.2363864,4251.83316513849,4251.83316513849,0,1,5260.35770335712,-0.191721665158816,1,230,NaN,NaN
addition_stress_instances,Tight,1,8301,9601009,add,2,WarmPSO,9,2500,2480,200,0,0.2363864,4251.83316513849,4251.83316513849,0,1,5260.35770335712,-0.191721665158816,1,230,NaN,NaN
addition_stress_instances,Tight,1,8301,9601009,add,2,FB-CMPSO,9,500,482,200,162,0.2623805,3821.80208118329,3821.80208118329,0,1,5260.35770335712,-0.273471064763478,1,230,260,NaN
addition_stress_instances,Tight,1,8301,9601009,add,2,FB-CMPSO,9,1000,986,200,486,0.2623805,3751.37851583005,3751.37851583005,0,1,5260.35770335712,-0.286858664870652,1,230,260,NaN
addition_stress_instances,Tight,1,8301,9601009,add,2,FB-CMPSO,9,1500,1490,200,810,0.2623805,3438.70247717862,3438.70247717862,0,1,5260.35770335712,-0.346298736493897,1,230,260,NaN
addition_stress_instances,Tight,1,8301,9601009,add,2,FB-CMPSO,9,2500,2498,200,1458,0.2623805,3438.70247717862,3438.70247717862,0,1,5260.35770335712,-0.346298736493897,1,230,260,NaN
addition_stress_instances,Tight,1,8301,9601010,add,2,Repair,10,500,38,0,0,0.0030376,4293.90625809938,4293.90625809938,0,1,5260.35770335712,-0.183723522193359,0,NaN,NaN,NaN
addition_stress_instances,Tight,1,8301,9601010,add,2,Repair,10,1000,38,0,0,0.0030376,4293.90625809938,4293.90625809938,0,1,5260.35770335712,-0.183723522193359,0,NaN,NaN,NaN
addition_stress_instances,Tight,1,8301,9601010,add,2,Repair,10,1500,38,0,0,0.0030376,4293.90625809938,4293.90625809938,0,1,5260.35770335712,-0.183723522193359,0,NaN,NaN,NaN
addition_stress_instances,Tight,1,8301,9601010,add,2,Repair,10,2500,38,0,0,0.0030376,4293.90625809938,4293.90625809938,0,1,5260.35770335712,-0.183723522193359,0,NaN,NaN,NaN
addition_stress_instances,Tight,1,8301,9601010,add,2,WarmPSO,10,500,500,200,0,0.2453968,4251.83316513849,4251.83316513849,0,1,5260.35770335712,-0.191721665158816,1,230,NaN,NaN
addition_stress_instances,Tight,1,8301,9601010,add,2,WarmPSO,10,1000,980,200,0,0.2453968,4251.83316513849,4251.83316513849,0,1,5260.35770335712,-0.191721665158816,1,230,NaN,NaN
addition_stress_instances,Tight,1,8301,9601010,add,2,WarmPSO,10,1500,1490,200,0,0.2453968,4251.83316513849,4251.83316513849,0,1,5260.35770335712,-0.191721665158816,1,230,NaN,NaN
addition_stress_instances,Tight,1,8301,9601010,add,2,WarmPSO,10,2500,2480,200,0,0.2453968,4251.83316513849,4251.83316513849,0,1,5260.35770335712,-0.191721665158816,1,230,NaN,NaN
addition_stress_instances,Tight,1,8301,9601010,add,2,FB-CMPSO,10,500,482,200,162,0.2568055,4067.89511838182,4067.89511838182,0,1,5260.35770335712,-0.226688497668948,1,230,260,NaN
addition_stress_instances,Tight,1,8301,9601010,add,2,FB-CMPSO,10,1000,986,200,486,0.2568055,4042.38085313047,4042.38085313047,0,1,5260.35770335712,-0.231538788597845,1,230,260,NaN
addition_stress_instances,Tight,1,8301,9601010,add,2,FB-CMPSO,10,1500,1490,200,810,0.2568055,3897.38276103882,3897.38276103882,0,1,5260.35770335712,-0.259103091306598,1,230,260,NaN
addition_stress_instances,Tight,1,8301,9601010,add,2,FB-CMPSO,10,2500,2498,200,1458,0.2568055,3745.70587032236,3745.70587032236,0,1,5260.35770335712,-0.287937041252561,1,230,260,NaN
addition_stress_instances,Far,1,8201,9501001,add,2,Repair,1,500,38,0,0,0.0036211,4118.96025347346,4118.96025347346,0,1,5118.95536046442,-0.195351402107213,0,NaN,NaN,NaN
addition_stress_instances,Far,1,8201,9501001,add,2,Repair,1,1000,38,0,0,0.0036211,4118.96025347346,4118.96025347346,0,1,5118.95536046442,-0.195351402107213,0,NaN,NaN,NaN
addition_stress_instances,Far,1,8201,9501001,add,2,Repair,1,1500,38,0,0,0.0036211,4118.96025347346,4118.96025347346,0,1,5118.95536046442,-0.195351402107213,0,NaN,NaN,NaN
addition_stress_instances,Far,1,8201,9501001,add,2,Repair,1,2500,38,0,0,0.0036211,4118.96025347346,4118.96025347346,0,1,5118.95536046442,-0.195351402107213,0,NaN,NaN,NaN
addition_stress_instances,Far,1,8201,9501001,add,2,WarmPSO,1,500,500,200,0,0.2425682,4118.96025347346,4118.96025347346,0,1,5118.95536046442,-0.195351402107213,0,230,NaN,NaN
addition_stress_instances,Far,1,8201,9501001,add,2,WarmPSO,1,1000,980,200,0,0.2425682,4118.96025347346,4118.96025347346,0,1,5118.95536046442,-0.195351402107213,0,230,NaN,NaN
addition_stress_instances,Far,1,8201,9501001,add,2,WarmPSO,1,1500,1490,200,0,0.2425682,4118.96025347346,4118.96025347346,0,1,5118.95536046442,-0.195351402107213,0,230,NaN,NaN
addition_stress_instances,Far,1,8201,9501001,add,2,WarmPSO,1,2500,2480,200,0,0.2425682,4118.96025347346,4118.96025347346,0,1,5118.95536046442,-0.195351402107213,0,230,NaN,NaN
addition_stress_instances,Far,1,8201,9501001,add,2,FB-CMPSO,1,500,482,200,162,0.2792535,3887.28757111858,3887.28757111858,0,1,5118.95536046442,-0.240609206882026,1,230,260,NaN
addition_stress_instances,Far,1,8201,9501001,add,2,FB-CMPSO,1,1000,986,200,486,0.2792535,3734.42310996004,3734.42310996004,0,1,5118.95536046442,-0.270471639818866,1,230,260,NaN
addition_stress_instances,Far,1,8201,9501001,add,2,FB-CMPSO,1,1500,1490,200,810,0.2792535,3637.80303140267,3637.80303140267,0,1,5118.95536046442,-0.289346599992107,1,230,260,NaN
addition_stress_instances,Far,1,8201,9501001,add,2,FB-CMPSO,1,2500,2498,200,1458,0.2792535,3637.80303140267,3637.80303140267,0,1,5118.95536046442,-0.289346599992107,1,230,260,NaN
addition_stress_instances,Far,1,8201,9501002,add,2,Repair,2,500,38,0,0,0.0029575,4118.96025347346,4118.96025347346,0,1,5118.95536046442,-0.195351402107213,0,NaN,NaN,NaN
addition_stress_instances,Far,1,8201,9501002,add,2,Repair,2,1000,38,0,0,0.0029575,4118.96025347346,4118.96025347346,0,1,5118.95536046442,-0.195351402107213,0,NaN,NaN,NaN
addition_stress_instances,Far,1,8201,9501002,add,2,Repair,2,1500,38,0,0,0.0029575,4118.96025347346,4118.96025347346,0,1,5118.95536046442,-0.195351402107213,0,NaN,NaN,NaN
addition_stress_instances,Far,1,8201,9501002,add,2,Repair,2,2500,38,0,0,0.0029575,4118.96025347346,4118.96025347346,0,1,5118.95536046442,-0.195351402107213,0,NaN,NaN,NaN
addition_stress_instances,Far,1,8201,9501002,add,2,WarmPSO,2,500,500,200,0,0.2522032,4118.96025347346,4118.96025347346,0,1,5118.95536046442,-0.195351402107213,0,230,NaN,NaN
addition_stress_instances,Far,1,8201,9501002,add,2,WarmPSO,2,1000,980,200,0,0.2522032,4118.96025347346,4118.96025347346,0,1,5118.95536046442,-0.195351402107213,0,230,NaN,NaN
addition_stress_instances,Far,1,8201,9501002,add,2,WarmPSO,2,1500,1490,200,0,0.2522032,4118.96025347346,4118.96025347346,0,1,5118.95536046442,-0.195351402107213,0,230,NaN,NaN
addition_stress_instances,Far,1,8201,9501002,add,2,WarmPSO,2,2500,2480,200,0,0.2522032,4118.96025347346,4118.96025347346,0,1,5118.95536046442,-0.195351402107213,0,230,NaN,NaN
addition_stress_instances,Far,1,8201,9501002,add,2,FB-CMPSO,2,500,482,200,162,0.2674492,3991.86526586169,3991.86526586169,0,1,5118.95536046442,-0.220179707623096,1,230,260,NaN
addition_stress_instances,Far,1,8201,9501002,add,2,FB-CMPSO,2,1000,986,200,486,0.2674492,3734.42310996004,3734.42310996004,0,1,5118.95536046442,-0.270471639818866,1,230,260,NaN
addition_stress_instances,Far,1,8201,9501002,add,2,FB-CMPSO,2,1500,1490,200,810,0.2674492,3637.80303140267,3637.80303140267,0,1,5118.95536046442,-0.289346599992107,1,230,260,NaN
addition_stress_instances,Far,1,8201,9501002,add,2,FB-CMPSO,2,2500,2498,200,1458,0.2674492,3637.80303140267,3637.80303140267,0,1,5118.95536046442,-0.289346599992107,1,230,260,NaN
addition_stress_instances,Far,1,8201,9501003,add,2,Repair,3,500,38,0,0,0.0029133,4118.96025347346,4118.96025347346,0,1,5118.95536046442,-0.195351402107213,0,NaN,NaN,NaN
addition_stress_instances,Far,1,8201,9501003,add,2,Repair,3,1000,38,0,0,0.0029133,4118.96025347346,4118.96025347346,0,1,5118.95536046442,-0.195351402107213,0,NaN,NaN,NaN
addition_stress_instances,Far,1,8201,9501003,add,2,Repair,3,1500,38,0,0,0.0029133,4118.96025347346,4118.96025347346,0,1,5118.95536046442,-0.195351402107213,0,NaN,NaN,NaN
addition_stress_instances,Far,1,8201,9501003,add,2,Repair,3,2500,38,0,0,0.0029133,4118.96025347346,4118.96025347346,0,1,5118.95536046442,-0.195351402107213,0,NaN,NaN,NaN
addition_stress_instances,Far,1,8201,9501003,add,2,WarmPSO,3,500,500,200,0,0.2383665,4118.96025347346,4118.96025347346,0,1,5118.95536046442,-0.195351402107213,0,230,NaN,NaN
addition_stress_instances,Far,1,8201,9501003,add,2,WarmPSO,3,1000,980,200,0,0.2383665,4118.96025347346,4118.96025347346,0,1,5118.95536046442,-0.195351402107213,0,230,NaN,NaN
addition_stress_instances,Far,1,8201,9501003,add,2,WarmPSO,3,1500,1490,200,0,0.2383665,4118.96025347346,4118.96025347346,0,1,5118.95536046442,-0.195351402107213,0,230,NaN,NaN
addition_stress_instances,Far,1,8201,9501003,add,2,WarmPSO,3,2500,2480,200,0,0.2383665,4118.96025347346,4118.96025347346,0,1,5118.95536046442,-0.195351402107213,0,230,NaN,NaN
addition_stress_instances,Far,1,8201,9501003,add,2,FB-CMPSO,3,500,482,200,162,0.2664805,4004.83537902577,4004.83537902577,0,1,5118.95536046442,-0.21764596543338,1,230,260,NaN
addition_stress_instances,Far,1,8201,9501003,add,2,FB-CMPSO,3,1000,986,200,486,0.2664805,3737.45303679568,3737.45303679568,0,1,5118.95536046442,-0.269879736467053,1,230,260,NaN
addition_stress_instances,Far,1,8201,9501003,add,2,FB-CMPSO,3,1500,1490,200,810,0.2664805,3637.80303140267,3637.80303140267,0,1,5118.95536046442,-0.289346599992107,1,230,260,NaN
addition_stress_instances,Far,1,8201,9501003,add,2,FB-CMPSO,3,2500,2498,200,1458,0.2664805,3637.80303140267,3637.80303140267,0,1,5118.95536046442,-0.289346599992107,1,230,260,NaN
addition_stress_instances,Far,1,8201,9501004,add,2,Repair,4,500,38,0,0,0.0031987,4118.96025347346,4118.96025347346,0,1,5118.95536046442,-0.195351402107213,0,NaN,NaN,NaN
addition_stress_instances,Far,1,8201,9501004,add,2,Repair,4,1000,38,0,0,0.0031987,4118.96025347346,4118.96025347346,0,1,5118.95536046442,-0.195351402107213,0,NaN,NaN,NaN
addition_stress_instances,Far,1,8201,9501004,add,2,Repair,4,1500,38,0,0,0.0031987,4118.96025347346,4118.96025347346,0,1,5118.95536046442,-0.195351402107213,0,NaN,NaN,NaN
addition_stress_instances,Far,1,8201,9501004,add,2,Repair,4,2500,38,0,0,0.0031987,4118.96025347346,4118.96025347346,0,1,5118.95536046442,-0.195351402107213,0,NaN,NaN,NaN
addition_stress_instances,Far,1,8201,9501004,add,2,WarmPSO,4,500,500,200,0,0.2301253,4118.96025347346,4118.96025347346,0,1,5118.95536046442,-0.195351402107213,0,230,NaN,NaN
addition_stress_instances,Far,1,8201,9501004,add,2,WarmPSO,4,1000,980,200,0,0.2301253,4118.96025347346,4118.96025347346,0,1,5118.95536046442,-0.195351402107213,0,230,NaN,NaN
addition_stress_instances,Far,1,8201,9501004,add,2,WarmPSO,4,1500,1490,200,0,0.2301253,4118.96025347346,4118.96025347346,0,1,5118.95536046442,-0.195351402107213,0,230,NaN,NaN
addition_stress_instances,Far,1,8201,9501004,add,2,WarmPSO,4,2500,2480,200,0,0.2301253,4118.96025347346,4118.96025347346,0,1,5118.95536046442,-0.195351402107213,0,230,NaN,NaN
addition_stress_instances,Far,1,8201,9501004,add,2,FB-CMPSO,4,500,482,200,162,0.2648333,4004.83537902577,4004.83537902577,0,1,5118.95536046442,-0.21764596543338,1,230,260,NaN
addition_stress_instances,Far,1,8201,9501004,add,2,FB-CMPSO,4,1000,986,200,486,0.2648333,4004.83537902577,4004.83537902577,0,1,5118.95536046442,-0.21764596543338,1,230,260,NaN
addition_stress_instances,Far,1,8201,9501004,add,2,FB-CMPSO,4,1500,1490,200,810,0.2648333,3766.2394821752,3766.2394821752,0,1,5118.95536046442,-0.264256236484644,1,230,260,NaN
addition_stress_instances,Far,1,8201,9501004,add,2,FB-CMPSO,4,2500,2498,200,1458,0.2648333,3715.88665133521,3715.88665133521,0,1,5118.95536046442,-0.274092780719603,1,230,260,NaN
addition_stress_instances,Far,1,8201,9501005,add,2,Repair,5,500,38,0,0,0.0033092,4118.96025347346,4118.96025347346,0,1,5118.95536046442,-0.195351402107213,0,NaN,NaN,NaN
addition_stress_instances,Far,1,8201,9501005,add,2,Repair,5,1000,38,0,0,0.0033092,4118.96025347346,4118.96025347346,0,1,5118.95536046442,-0.195351402107213,0,NaN,NaN,NaN
addition_stress_instances,Far,1,8201,9501005,add,2,Repair,5,1500,38,0,0,0.0033092,4118.96025347346,4118.96025347346,0,1,5118.95536046442,-0.195351402107213,0,NaN,NaN,NaN
addition_stress_instances,Far,1,8201,9501005,add,2,Repair,5,2500,38,0,0,0.0033092,4118.96025347346,4118.96025347346,0,1,5118.95536046442,-0.195351402107213,0,NaN,NaN,NaN
addition_stress_instances,Far,1,8201,9501005,add,2,WarmPSO,5,500,500,200,0,0.2298701,4118.96025347346,4118.96025347346,0,1,5118.95536046442,-0.195351402107213,0,230,NaN,NaN
addition_stress_instances,Far,1,8201,9501005,add,2,WarmPSO,5,1000,980,200,0,0.2298701,4118.96025347346,4118.96025347346,0,1,5118.95536046442,-0.195351402107213,0,230,NaN,NaN
addition_stress_instances,Far,1,8201,9501005,add,2,WarmPSO,5,1500,1490,200,0,0.2298701,4118.96025347346,4118.96025347346,0,1,5118.95536046442,-0.195351402107213,0,230,NaN,NaN
addition_stress_instances,Far,1,8201,9501005,add,2,WarmPSO,5,2500,2480,200,0,0.2298701,4118.96025347346,4118.96025347346,0,1,5118.95536046442,-0.195351402107213,0,230,NaN,NaN
addition_stress_instances,Far,1,8201,9501005,add,2,FB-CMPSO,5,500,482,200,162,0.2884096,3793.38870589576,3793.38870589576,0,1,5118.95536046442,-0.258952571613831,1,230,260,NaN
addition_stress_instances,Far,1,8201,9501005,add,2,FB-CMPSO,5,1000,986,200,486,0.2884096,3793.38870589576,3793.38870589576,0,1,5118.95536046442,-0.258952571613831,1,230,260,NaN
addition_stress_instances,Far,1,8201,9501005,add,2,FB-CMPSO,5,1500,1490,200,810,0.2884096,3734.42310996004,3734.42310996004,0,1,5118.95536046442,-0.270471639818866,1,230,260,NaN
addition_stress_instances,Far,1,8201,9501005,add,2,FB-CMPSO,5,2500,2498,200,1458,0.2884096,3637.80303140267,3637.80303140267,0,1,5118.95536046442,-0.289346599992107,1,230,260,NaN
addition_stress_instances,Far,1,8201,9501006,add,2,Repair,6,500,38,0,0,0.0039212,4118.96025347346,4118.96025347346,0,1,5118.95536046442,-0.195351402107213,0,NaN,NaN,NaN
addition_stress_instances,Far,1,8201,9501006,add,2,Repair,6,1000,38,0,0,0.0039212,4118.96025347346,4118.96025347346,0,1,5118.95536046442,-0.195351402107213,0,NaN,NaN,NaN
addition_stress_instances,Far,1,8201,9501006,add,2,Repair,6,1500,38,0,0,0.0039212,4118.96025347346,4118.96025347346,0,1,5118.95536046442,-0.195351402107213,0,NaN,NaN,NaN
addition_stress_instances,Far,1,8201,9501006,add,2,Repair,6,2500,38,0,0,0.0039212,4118.96025347346,4118.96025347346,0,1,5118.95536046442,-0.195351402107213,0,NaN,NaN,NaN
addition_stress_instances,Far,1,8201,9501006,add,2,WarmPSO,6,500,500,200,0,0.2452271,4118.96025347346,4118.96025347346,0,1,5118.95536046442,-0.195351402107213,0,230,NaN,NaN
addition_stress_instances,Far,1,8201,9501006,add,2,WarmPSO,6,1000,980,200,0,0.2452271,4118.96025347346,4118.96025347346,0,1,5118.95536046442,-0.195351402107213,0,230,NaN,NaN
addition_stress_instances,Far,1,8201,9501006,add,2,WarmPSO,6,1500,1490,200,0,0.2452271,4118.96025347346,4118.96025347346,0,1,5118.95536046442,-0.195351402107213,0,230,NaN,NaN
addition_stress_instances,Far,1,8201,9501006,add,2,WarmPSO,6,2500,2480,200,0,0.2452271,4118.96025347346,4118.96025347346,0,1,5118.95536046442,-0.195351402107213,0,230,NaN,NaN
addition_stress_instances,Far,1,8201,9501006,add,2,FB-CMPSO,6,500,482,200,162,0.2744157,3856.36386393314,3856.36386393314,0,1,5118.95536046442,-0.246650225997817,1,230,260,NaN
addition_stress_instances,Far,1,8201,9501006,add,2,FB-CMPSO,6,1000,986,200,486,0.2744157,3809.14460040548,3809.14460040548,0,1,5118.95536046442,-0.25587462046946,1,230,260,NaN
addition_stress_instances,Far,1,8201,9501006,add,2,FB-CMPSO,6,1500,1490,200,810,0.2744157,3710.36281977486,3710.36281977486,0,1,5118.95536046442,-0.275171874239935,1,230,260,NaN
addition_stress_instances,Far,1,8201,9501006,add,2,FB-CMPSO,6,2500,2498,200,1458,0.2744157,3710.36281977486,3710.36281977486,0,1,5118.95536046442,-0.275171874239935,1,230,260,NaN
addition_stress_instances,Far,1,8201,9501007,add,2,Repair,7,500,38,0,0,0.0030341,4118.96025347346,4118.96025347346,0,1,5118.95536046442,-0.195351402107213,0,NaN,NaN,NaN
addition_stress_instances,Far,1,8201,9501007,add,2,Repair,7,1000,38,0,0,0.0030341,4118.96025347346,4118.96025347346,0,1,5118.95536046442,-0.195351402107213,0,NaN,NaN,NaN
addition_stress_instances,Far,1,8201,9501007,add,2,Repair,7,1500,38,0,0,0.0030341,4118.96025347346,4118.96025347346,0,1,5118.95536046442,-0.195351402107213,0,NaN,NaN,NaN
addition_stress_instances,Far,1,8201,9501007,add,2,Repair,7,2500,38,0,0,0.0030341,4118.96025347346,4118.96025347346,0,1,5118.95536046442,-0.195351402107213,0,NaN,NaN,NaN
addition_stress_instances,Far,1,8201,9501007,add,2,WarmPSO,7,500,500,200,0,0.2316712,4118.96025347346,4118.96025347346,0,1,5118.95536046442,-0.195351402107213,0,230,NaN,NaN
addition_stress_instances,Far,1,8201,9501007,add,2,WarmPSO,7,1000,980,200,0,0.2316712,4118.96025347346,4118.96025347346,0,1,5118.95536046442,-0.195351402107213,0,230,NaN,NaN
addition_stress_instances,Far,1,8201,9501007,add,2,WarmPSO,7,1500,1490,200,0,0.2316712,4118.96025347346,4118.96025347346,0,1,5118.95536046442,-0.195351402107213,0,230,NaN,NaN
addition_stress_instances,Far,1,8201,9501007,add,2,WarmPSO,7,2500,2480,200,0,0.2316712,4118.96025347346,4118.96025347346,0,1,5118.95536046442,-0.195351402107213,0,230,NaN,NaN
addition_stress_instances,Far,1,8201,9501007,add,2,FB-CMPSO,7,500,482,200,162,0.2810038,3852.33001135067,3852.33001135067,0,1,5118.95536046442,-0.247438248611497,1,230,260,NaN
addition_stress_instances,Far,1,8201,9501007,add,2,FB-CMPSO,7,1000,986,200,486,0.2810038,3753.54823072005,3753.54823072005,0,1,5118.95536046442,-0.266735502381973,1,230,260,NaN
addition_stress_instances,Far,1,8201,9501007,add,2,FB-CMPSO,7,1500,1490,200,810,0.2810038,3710.36281977486,3710.36281977486,0,1,5118.95536046442,-0.275171874239935,1,230,260,NaN
addition_stress_instances,Far,1,8201,9501007,add,2,FB-CMPSO,7,2500,2498,200,1458,0.2810038,3710.36281977486,3710.36281977486,0,1,5118.95536046442,-0.275171874239935,1,230,260,NaN
addition_stress_instances,Far,1,8201,9501008,add,2,Repair,8,500,38,0,0,0.0038147,4118.96025347346,4118.96025347346,0,1,5118.95536046442,-0.195351402107213,0,NaN,NaN,NaN
addition_stress_instances,Far,1,8201,9501008,add,2,Repair,8,1000,38,0,0,0.0038147,4118.96025347346,4118.96025347346,0,1,5118.95536046442,-0.195351402107213,0,NaN,NaN,NaN
addition_stress_instances,Far,1,8201,9501008,add,2,Repair,8,1500,38,0,0,0.0038147,4118.96025347346,4118.96025347346,0,1,5118.95536046442,-0.195351402107213,0,NaN,NaN,NaN
addition_stress_instances,Far,1,8201,9501008,add,2,Repair,8,2500,38,0,0,0.0038147,4118.96025347346,4118.96025347346,0,1,5118.95536046442,-0.195351402107213,0,NaN,NaN,NaN
addition_stress_instances,Far,1,8201,9501008,add,2,WarmPSO,8,500,500,200,0,0.2315963,4118.96025347346,4118.96025347346,0,1,5118.95536046442,-0.195351402107213,0,230,NaN,NaN
addition_stress_instances,Far,1,8201,9501008,add,2,WarmPSO,8,1000,980,200,0,0.2315963,4118.96025347346,4118.96025347346,0,1,5118.95536046442,-0.195351402107213,0,230,NaN,NaN
addition_stress_instances,Far,1,8201,9501008,add,2,WarmPSO,8,1500,1490,200,0,0.2315963,4118.96025347346,4118.96025347346,0,1,5118.95536046442,-0.195351402107213,0,230,NaN,NaN
addition_stress_instances,Far,1,8201,9501008,add,2,WarmPSO,8,2500,2480,200,0,0.2315963,4118.96025347346,4118.96025347346,0,1,5118.95536046442,-0.195351402107213,0,230,NaN,NaN
addition_stress_instances,Far,1,8201,9501008,add,2,FB-CMPSO,8,500,482,200,162,0.2737715,4059.40131149197,4059.40131149197,0,1,5118.95536046442,-0.20698638186138,1,230,260,NaN
addition_stress_instances,Far,1,8201,9501008,add,2,FB-CMPSO,8,1000,986,200,486,0.2737715,3809.14460040548,3809.14460040548,0,1,5118.95536046442,-0.25587462046946,1,230,260,NaN
addition_stress_instances,Far,1,8201,9501008,add,2,FB-CMPSO,8,1500,1490,200,810,0.2737715,3809.14460040548,3809.14460040548,0,1,5118.95536046442,-0.25587462046946,1,230,260,NaN
addition_stress_instances,Far,1,8201,9501008,add,2,FB-CMPSO,8,2500,2498,200,1458,0.2737715,3710.36281977486,3710.36281977486,0,1,5118.95536046442,-0.275171874239935,1,230,260,NaN
addition_stress_instances,Far,1,8201,9501009,add,2,Repair,9,500,38,0,0,0.0031087,4118.96025347346,4118.96025347346,0,1,5118.95536046442,-0.195351402107213,0,NaN,NaN,NaN
addition_stress_instances,Far,1,8201,9501009,add,2,Repair,9,1000,38,0,0,0.0031087,4118.96025347346,4118.96025347346,0,1,5118.95536046442,-0.195351402107213,0,NaN,NaN,NaN
addition_stress_instances,Far,1,8201,9501009,add,2,Repair,9,1500,38,0,0,0.0031087,4118.96025347346,4118.96025347346,0,1,5118.95536046442,-0.195351402107213,0,NaN,NaN,NaN
addition_stress_instances,Far,1,8201,9501009,add,2,Repair,9,2500,38,0,0,0.0031087,4118.96025347346,4118.96025347346,0,1,5118.95536046442,-0.195351402107213,0,NaN,NaN,NaN
addition_stress_instances,Far,1,8201,9501009,add,2,WarmPSO,9,500,500,200,0,0.2297255,4118.96025347346,4118.96025347346,0,1,5118.95536046442,-0.195351402107213,0,230,NaN,NaN
addition_stress_instances,Far,1,8201,9501009,add,2,WarmPSO,9,1000,980,200,0,0.2297255,4118.96025347346,4118.96025347346,0,1,5118.95536046442,-0.195351402107213,0,230,NaN,NaN
addition_stress_instances,Far,1,8201,9501009,add,2,WarmPSO,9,1500,1490,200,0,0.2297255,4118.96025347346,4118.96025347346,0,1,5118.95536046442,-0.195351402107213,0,230,NaN,NaN
addition_stress_instances,Far,1,8201,9501009,add,2,WarmPSO,9,2500,2480,200,0,0.2297255,4118.96025347346,4118.96025347346,0,1,5118.95536046442,-0.195351402107213,0,230,NaN,NaN
addition_stress_instances,Far,1,8201,9501009,add,2,FB-CMPSO,9,500,482,200,162,0.2578232,3991.86526586169,3991.86526586169,0,1,5118.95536046442,-0.220179707623096,1,230,260,NaN
addition_stress_instances,Far,1,8201,9501009,add,2,FB-CMPSO,9,1000,986,200,486,0.2578232,3766.2394821752,3766.2394821752,0,1,5118.95536046442,-0.264256236484644,1,230,260,NaN
addition_stress_instances,Far,1,8201,9501009,add,2,FB-CMPSO,9,1500,1490,200,810,0.2578232,3766.2394821752,3766.2394821752,0,1,5118.95536046442,-0.264256236484644,1,230,260,NaN
addition_stress_instances,Far,1,8201,9501009,add,2,FB-CMPSO,9,2500,2498,200,1458,0.2578232,3715.88665133521,3715.88665133521,0,1,5118.95536046442,-0.274092780719603,1,230,260,NaN
addition_stress_instances,Far,1,8201,9501010,add,2,Repair,10,500,38,0,0,0.0028611,4118.96025347346,4118.96025347346,0,1,5118.95536046442,-0.195351402107213,0,NaN,NaN,NaN
addition_stress_instances,Far,1,8201,9501010,add,2,Repair,10,1000,38,0,0,0.0028611,4118.96025347346,4118.96025347346,0,1,5118.95536046442,-0.195351402107213,0,NaN,NaN,NaN
addition_stress_instances,Far,1,8201,9501010,add,2,Repair,10,1500,38,0,0,0.0028611,4118.96025347346,4118.96025347346,0,1,5118.95536046442,-0.195351402107213,0,NaN,NaN,NaN
addition_stress_instances,Far,1,8201,9501010,add,2,Repair,10,2500,38,0,0,0.0028611,4118.96025347346,4118.96025347346,0,1,5118.95536046442,-0.195351402107213,0,NaN,NaN,NaN
addition_stress_instances,Far,1,8201,9501010,add,2,WarmPSO,10,500,500,200,0,0.2234892,4118.96025347346,4118.96025347346,0,1,5118.95536046442,-0.195351402107213,0,230,NaN,NaN
addition_stress_instances,Far,1,8201,9501010,add,2,WarmPSO,10,1000,980,200,0,0.2234892,4118.96025347346,4118.96025347346,0,1,5118.95536046442,-0.195351402107213,0,230,NaN,NaN
addition_stress_instances,Far,1,8201,9501010,add,2,WarmPSO,10,1500,1490,200,0,0.2234892,4118.96025347346,4118.96025347346,0,1,5118.95536046442,-0.195351402107213,0,230,NaN,NaN
addition_stress_instances,Far,1,8201,9501010,add,2,WarmPSO,10,2500,2480,200,0,0.2234892,4118.96025347346,4118.96025347346,0,1,5118.95536046442,-0.195351402107213,0,230,NaN,NaN
addition_stress_instances,Far,1,8201,9501010,add,2,FB-CMPSO,10,500,482,200,162,0.2531864,3974.57269401113,3974.57269401113,0,1,5118.95536046442,-0.223557852309434,1,230,260,NaN
addition_stress_instances,Far,1,8201,9501010,add,2,FB-CMPSO,10,1000,986,200,486,0.2531864,3766.2394821752,3766.2394821752,0,1,5118.95536046442,-0.264256236484644,1,230,260,NaN
addition_stress_instances,Far,1,8201,9501010,add,2,FB-CMPSO,10,1500,1490,200,810,0.2531864,3637.80303140267,3637.80303140267,0,1,5118.95536046442,-0.289346599992107,1,230,260,NaN
addition_stress_instances,Far,1,8201,9501010,add,2,FB-CMPSO,10,2500,2498,200,1458,0.2531864,3637.80303140267,3637.80303140267,0,1,5118.95536046442,-0.289346599992107,1,230,260,NaN
addition_stress_instances,Far,3,8203,9503001,add,2,Repair,1,500,38,0,0,0.0029171,4137.06127770897,4137.06127770897,0,1,4370.21624152093,-0.0533508986573199,0,NaN,NaN,NaN
addition_stress_instances,Far,3,8203,9503001,add,2,Repair,1,1000,38,0,0,0.0029171,4137.06127770897,4137.06127770897,0,1,4370.21624152093,-0.0533508986573199,0,NaN,NaN,NaN
addition_stress_instances,Far,3,8203,9503001,add,2,Repair,1,1500,38,0,0,0.0029171,4137.06127770897,4137.06127770897,0,1,4370.21624152093,-0.0533508986573199,0,NaN,NaN,NaN
addition_stress_instances,Far,3,8203,9503001,add,2,Repair,1,2500,38,0,0,0.0029171,4137.06127770897,4137.06127770897,0,1,4370.21624152093,-0.0533508986573199,0,NaN,NaN,NaN
addition_stress_instances,Far,3,8203,9503001,add,2,WarmPSO,1,500,500,200,0,0.2216276,4137.06127770897,4137.06127770897,0,1,4370.21624152093,-0.0533508986573199,0,230,NaN,NaN
addition_stress_instances,Far,3,8203,9503001,add,2,WarmPSO,1,1000,980,200,0,0.2216276,4137.06127770897,4137.06127770897,0,1,4370.21624152093,-0.0533508986573199,0,230,NaN,NaN
addition_stress_instances,Far,3,8203,9503001,add,2,WarmPSO,1,1500,1490,200,0,0.2216276,4137.06127770897,4137.06127770897,0,1,4370.21624152093,-0.0533508986573199,0,230,NaN,NaN
addition_stress_instances,Far,3,8203,9503001,add,2,WarmPSO,1,2500,2480,200,0,0.2216276,4137.06127770897,4137.06127770897,0,1,4370.21624152093,-0.0533508986573199,0,230,NaN,NaN
addition_stress_instances,Far,3,8203,9503001,add,2,FB-CMPSO,1,500,482,200,162,0.2736038,4133.56756482894,4133.56756482894,0,1,4370.21624152093,-0.0541503357302142,1,230,260,NaN
addition_stress_instances,Far,3,8203,9503001,add,2,FB-CMPSO,1,1000,986,200,486,0.2736038,4105.15491688781,4105.15491688781,0,1,4370.21624152093,-0.0606517641197712,1,230,260,NaN
addition_stress_instances,Far,3,8203,9503001,add,2,FB-CMPSO,1,1500,1490,200,810,0.2736038,3817.72551613685,3817.72551613685,0,1,4370.21624152093,-0.126421827857149,1,230,260,NaN
addition_stress_instances,Far,3,8203,9503001,add,2,FB-CMPSO,1,2500,2498,200,1458,0.2736038,3775.14157373899,3775.14157373899,0,1,4370.21624152093,-0.136165954931063,1,230,260,NaN
addition_stress_instances,Far,3,8203,9503002,add,2,Repair,2,500,38,0,0,0.0033083,4137.06127770897,4137.06127770897,0,1,4370.21624152093,-0.0533508986573199,0,NaN,NaN,NaN
addition_stress_instances,Far,3,8203,9503002,add,2,Repair,2,1000,38,0,0,0.0033083,4137.06127770897,4137.06127770897,0,1,4370.21624152093,-0.0533508986573199,0,NaN,NaN,NaN
addition_stress_instances,Far,3,8203,9503002,add,2,Repair,2,1500,38,0,0,0.0033083,4137.06127770897,4137.06127770897,0,1,4370.21624152093,-0.0533508986573199,0,NaN,NaN,NaN
addition_stress_instances,Far,3,8203,9503002,add,2,Repair,2,2500,38,0,0,0.0033083,4137.06127770897,4137.06127770897,0,1,4370.21624152093,-0.0533508986573199,0,NaN,NaN,NaN
addition_stress_instances,Far,3,8203,9503002,add,2,WarmPSO,2,500,500,200,0,0.2341225,4137.06127770897,4137.06127770897,0,1,4370.21624152093,-0.0533508986573199,0,230,NaN,NaN
addition_stress_instances,Far,3,8203,9503002,add,2,WarmPSO,2,1000,980,200,0,0.2341225,4137.06127770897,4137.06127770897,0,1,4370.21624152093,-0.0533508986573199,0,230,NaN,NaN
addition_stress_instances,Far,3,8203,9503002,add,2,WarmPSO,2,1500,1490,200,0,0.2341225,4137.06127770897,4137.06127770897,0,1,4370.21624152093,-0.0533508986573199,0,230,NaN,NaN
addition_stress_instances,Far,3,8203,9503002,add,2,WarmPSO,2,2500,2480,200,0,0.2341225,4137.06127770897,4137.06127770897,0,1,4370.21624152093,-0.0533508986573199,0,230,NaN,NaN
addition_stress_instances,Far,3,8203,9503002,add,2,FB-CMPSO,2,500,482,200,162,0.2668287,4022.93640326128,4022.93640326128,0,1,4370.21624152093,-0.0794651383517786,1,230,260,NaN
addition_stress_instances,Far,3,8203,9503002,add,2,FB-CMPSO,2,1000,986,200,486,0.2668287,3845.7913255262,3845.7913255262,0,1,4370.21624152093,-0.119999763630052,1,230,260,NaN
addition_stress_instances,Far,3,8203,9503002,add,2,FB-CMPSO,2,1500,1490,200,810,0.2668287,3715.05142791364,3715.05142791364,0,1,4370.21624152093,-0.149915879992995,1,230,260,NaN
addition_stress_instances,Far,3,8203,9503002,add,2,FB-CMPSO,2,2500,2498,200,1458,0.2668287,3715.05142791364,3715.05142791364,0,1,4370.21624152093,-0.149915879992995,1,230,260,NaN
addition_stress_instances,Far,3,8203,9503003,add,2,Repair,3,500,38,0,0,0.0029124,4137.06127770897,4137.06127770897,0,1,4370.21624152093,-0.0533508986573199,0,NaN,NaN,NaN
addition_stress_instances,Far,3,8203,9503003,add,2,Repair,3,1000,38,0,0,0.0029124,4137.06127770897,4137.06127770897,0,1,4370.21624152093,-0.0533508986573199,0,NaN,NaN,NaN
addition_stress_instances,Far,3,8203,9503003,add,2,Repair,3,1500,38,0,0,0.0029124,4137.06127770897,4137.06127770897,0,1,4370.21624152093,-0.0533508986573199,0,NaN,NaN,NaN
addition_stress_instances,Far,3,8203,9503003,add,2,Repair,3,2500,38,0,0,0.0029124,4137.06127770897,4137.06127770897,0,1,4370.21624152093,-0.0533508986573199,0,NaN,NaN,NaN
addition_stress_instances,Far,3,8203,9503003,add,2,WarmPSO,3,500,500,200,0,0.2251124,4137.06127770897,4137.06127770897,0,1,4370.21624152093,-0.0533508986573199,0,230,NaN,NaN
addition_stress_instances,Far,3,8203,9503003,add,2,WarmPSO,3,1000,980,200,0,0.2251124,4137.06127770897,4137.06127770897,0,1,4370.21624152093,-0.0533508986573199,0,230,NaN,NaN
addition_stress_instances,Far,3,8203,9503003,add,2,WarmPSO,3,1500,1490,200,0,0.2251124,4137.06127770897,4137.06127770897,0,1,4370.21624152093,-0.0533508986573199,0,230,NaN,NaN
addition_stress_instances,Far,3,8203,9503003,add,2,WarmPSO,3,2500,2480,200,0,0.2251124,4137.06127770897,4137.06127770897,0,1,4370.21624152093,-0.0533508986573199,0,230,NaN,NaN
addition_stress_instances,Far,3,8203,9503003,add,2,FB-CMPSO,3,500,482,200,162,0.2561768,4138.94717048179,4138.94717048179,0,1,4370.21624152093,-0.0529193656006949,0,230,260,NaN
addition_stress_instances,Far,3,8203,9503003,add,2,FB-CMPSO,3,1000,986,200,486,0.2561768,3855.01488998889,3855.01488998889,0,1,4370.21624152093,-0.117889212583388,1,230,260,NaN
addition_stress_instances,Far,3,8203,9503003,add,2,FB-CMPSO,3,1500,1490,200,810,0.2561768,3674.08163531942,3674.08163531942,0,1,4370.21624152093,-0.159290654679194,1,230,260,NaN
addition_stress_instances,Far,3,8203,9503003,add,2,FB-CMPSO,3,2500,2498,200,1458,0.2561768,3674.08163531942,3674.08163531942,0,1,4370.21624152093,-0.159290654679194,1,230,260,NaN
addition_stress_instances,Far,3,8203,9503004,add,2,Repair,4,500,38,0,0,0.0029985,4137.06127770897,4137.06127770897,0,1,4370.21624152093,-0.0533508986573199,0,NaN,NaN,NaN
addition_stress_instances,Far,3,8203,9503004,add,2,Repair,4,1000,38,0,0,0.0029985,4137.06127770897,4137.06127770897,0,1,4370.21624152093,-0.0533508986573199,0,NaN,NaN,NaN
addition_stress_instances,Far,3,8203,9503004,add,2,Repair,4,1500,38,0,0,0.0029985,4137.06127770897,4137.06127770897,0,1,4370.21624152093,-0.0533508986573199,0,NaN,NaN,NaN
addition_stress_instances,Far,3,8203,9503004,add,2,Repair,4,2500,38,0,0,0.0029985,4137.06127770897,4137.06127770897,0,1,4370.21624152093,-0.0533508986573199,0,NaN,NaN,NaN
addition_stress_instances,Far,3,8203,9503004,add,2,WarmPSO,4,500,500,200,0,0.2171919,4137.06127770897,4137.06127770897,0,1,4370.21624152093,-0.0533508986573199,0,230,NaN,NaN
addition_stress_instances,Far,3,8203,9503004,add,2,WarmPSO,4,1000,980,200,0,0.2171919,4137.06127770897,4137.06127770897,0,1,4370.21624152093,-0.0533508986573199,0,230,NaN,NaN
addition_stress_instances,Far,3,8203,9503004,add,2,WarmPSO,4,1500,1490,200,0,0.2171919,4137.06127770897,4137.06127770897,0,1,4370.21624152093,-0.0533508986573199,0,230,NaN,NaN
addition_stress_instances,Far,3,8203,9503004,add,2,WarmPSO,4,2500,2480,200,0,0.2171919,4137.06127770897,4137.06127770897,0,1,4370.21624152093,-0.0533508986573199,0,230,NaN,NaN
addition_stress_instances,Far,3,8203,9503004,add,2,FB-CMPSO,4,500,482,200,162,0.2628529,4097.06127770897,4097.06127770897,0,1,4370.21624152093,-0.0625037638221977,1,230,260,NaN
addition_stress_instances,Far,3,8203,9503004,add,2,FB-CMPSO,4,1000,986,200,486,0.2628529,3715.05142791364,3715.05142791364,0,1,4370.21624152093,-0.149915879992995,1,230,260,NaN
addition_stress_instances,Far,3,8203,9503004,add,2,FB-CMPSO,4,1500,1490,200,810,0.2628529,3715.05142791364,3715.05142791364,0,1,4370.21624152093,-0.149915879992995,1,230,260,NaN
addition_stress_instances,Far,3,8203,9503004,add,2,FB-CMPSO,4,2500,2498,200,1458,0.2628529,3715.05142791364,3715.05142791364,0,1,4370.21624152093,-0.149915879992995,1,230,260,NaN
addition_stress_instances,Far,3,8203,9503005,add,2,Repair,5,500,38,0,0,0.0028872,4137.06127770897,4137.06127770897,0,1,4370.21624152093,-0.0533508986573199,0,NaN,NaN,NaN
addition_stress_instances,Far,3,8203,9503005,add,2,Repair,5,1000,38,0,0,0.0028872,4137.06127770897,4137.06127770897,0,1,4370.21624152093,-0.0533508986573199,0,NaN,NaN,NaN
addition_stress_instances,Far,3,8203,9503005,add,2,Repair,5,1500,38,0,0,0.0028872,4137.06127770897,4137.06127770897,0,1,4370.21624152093,-0.0533508986573199,0,NaN,NaN,NaN
addition_stress_instances,Far,3,8203,9503005,add,2,Repair,5,2500,38,0,0,0.0028872,4137.06127770897,4137.06127770897,0,1,4370.21624152093,-0.0533508986573199,0,NaN,NaN,NaN
addition_stress_instances,Far,3,8203,9503005,add,2,WarmPSO,5,500,500,200,0,0.2190753,4137.06127770897,4137.06127770897,0,1,4370.21624152093,-0.0533508986573199,0,230,NaN,NaN
addition_stress_instances,Far,3,8203,9503005,add,2,WarmPSO,5,1000,980,200,0,0.2190753,4137.06127770897,4137.06127770897,0,1,4370.21624152093,-0.0533508986573199,0,230,NaN,NaN
addition_stress_instances,Far,3,8203,9503005,add,2,WarmPSO,5,1500,1490,200,0,0.2190753,4137.06127770897,4137.06127770897,0,1,4370.21624152093,-0.0533508986573199,0,230,NaN,NaN
addition_stress_instances,Far,3,8203,9503005,add,2,WarmPSO,5,2500,2480,200,0,0.2190753,4137.06127770897,4137.06127770897,0,1,4370.21624152093,-0.0533508986573199,0,230,NaN,NaN
addition_stress_instances,Far,3,8203,9503005,add,2,FB-CMPSO,5,500,482,200,162,0.2555246,3765.40425875363,3765.40425875363,0,1,4370.21624152093,-0.138394063209287,1,230,260,NaN
addition_stress_instances,Far,3,8203,9503005,add,2,FB-CMPSO,5,1000,986,200,486,0.2555246,3715.05142791364,3715.05142791364,0,1,4370.21624152093,-0.149915879992995,1,230,260,NaN
addition_stress_instances,Far,3,8203,9503005,add,2,FB-CMPSO,5,1500,1490,200,810,0.2555246,3715.05142791364,3715.05142791364,0,1,4370.21624152093,-0.149915879992995,1,230,260,NaN
addition_stress_instances,Far,3,8203,9503005,add,2,FB-CMPSO,5,2500,2498,200,1458,0.2555246,3715.05142791364,3715.05142791364,0,1,4370.21624152093,-0.149915879992995,1,230,260,NaN
addition_stress_instances,Far,3,8203,9503006,add,2,Repair,6,500,38,0,0,0.0031408,4137.06127770897,4137.06127770897,0,1,4370.21624152093,-0.0533508986573199,0,NaN,NaN,NaN
addition_stress_instances,Far,3,8203,9503006,add,2,Repair,6,1000,38,0,0,0.0031408,4137.06127770897,4137.06127770897,0,1,4370.21624152093,-0.0533508986573199,0,NaN,NaN,NaN
addition_stress_instances,Far,3,8203,9503006,add,2,Repair,6,1500,38,0,0,0.0031408,4137.06127770897,4137.06127770897,0,1,4370.21624152093,-0.0533508986573199,0,NaN,NaN,NaN
addition_stress_instances,Far,3,8203,9503006,add,2,Repair,6,2500,38,0,0,0.0031408,4137.06127770897,4137.06127770897,0,1,4370.21624152093,-0.0533508986573199,0,NaN,NaN,NaN
addition_stress_instances,Far,3,8203,9503006,add,2,WarmPSO,6,500,500,200,0,0.2169549,4137.06127770897,4137.06127770897,0,1,4370.21624152093,-0.0533508986573199,0,230,NaN,NaN
addition_stress_instances,Far,3,8203,9503006,add,2,WarmPSO,6,1000,980,200,0,0.2169549,4137.06127770897,4137.06127770897,0,1,4370.21624152093,-0.0533508986573199,0,230,NaN,NaN
addition_stress_instances,Far,3,8203,9503006,add,2,WarmPSO,6,1500,1490,200,0,0.2169549,4137.06127770897,4137.06127770897,0,1,4370.21624152093,-0.0533508986573199,0,230,NaN,NaN
addition_stress_instances,Far,3,8203,9503006,add,2,WarmPSO,6,2500,2480,200,0,0.2169549,4137.06127770897,4137.06127770897,0,1,4370.21624152093,-0.0533508986573199,0,230,NaN,NaN
addition_stress_instances,Far,3,8203,9503006,add,2,FB-CMPSO,6,500,482,200,162,0.2623363,4052.0147137929,4052.0147137929,0,1,4370.21624152093,-0.0728113919638187,1,230,260,NaN
addition_stress_instances,Far,3,8203,9503006,add,2,FB-CMPSO,6,1000,986,200,486,0.2623363,3715.05142791364,3715.05142791364,0,1,4370.21624152093,-0.149915879992995,1,230,260,NaN
addition_stress_instances,Far,3,8203,9503006,add,2,FB-CMPSO,6,1500,1490,200,810,0.2623363,3715.05142791364,3715.05142791364,0,1,4370.21624152093,-0.149915879992995,1,230,260,NaN
addition_stress_instances,Far,3,8203,9503006,add,2,FB-CMPSO,6,2500,2498,200,1458,0.2623363,3715.05142791364,3715.05142791364,0,1,4370.21624152093,-0.149915879992995,1,230,260,NaN
addition_stress_instances,Far,3,8203,9503007,add,2,Repair,7,500,38,0,0,0.0030453,4137.06127770897,4137.06127770897,0,1,4370.21624152093,-0.0533508986573199,0,NaN,NaN,NaN
addition_stress_instances,Far,3,8203,9503007,add,2,Repair,7,1000,38,0,0,0.0030453,4137.06127770897,4137.06127770897,0,1,4370.21624152093,-0.0533508986573199,0,NaN,NaN,NaN
addition_stress_instances,Far,3,8203,9503007,add,2,Repair,7,1500,38,0,0,0.0030453,4137.06127770897,4137.06127770897,0,1,4370.21624152093,-0.0533508986573199,0,NaN,NaN,NaN
addition_stress_instances,Far,3,8203,9503007,add,2,Repair,7,2500,38,0,0,0.0030453,4137.06127770897,4137.06127770897,0,1,4370.21624152093,-0.0533508986573199,0,NaN,NaN,NaN
addition_stress_instances,Far,3,8203,9503007,add,2,WarmPSO,7,500,500,200,0,0.2181554,4137.06127770897,4137.06127770897,0,1,4370.21624152093,-0.0533508986573199,0,230,NaN,NaN
addition_stress_instances,Far,3,8203,9503007,add,2,WarmPSO,7,1000,980,200,0,0.2181554,4137.06127770897,4137.06127770897,0,1,4370.21624152093,-0.0533508986573199,0,230,NaN,NaN
addition_stress_instances,Far,3,8203,9503007,add,2,WarmPSO,7,1500,1490,200,0,0.2181554,4137.06127770897,4137.06127770897,0,1,4370.21624152093,-0.0533508986573199,0,230,NaN,NaN
addition_stress_instances,Far,3,8203,9503007,add,2,WarmPSO,7,2500,2480,200,0,0.2181554,4137.06127770897,4137.06127770897,0,1,4370.21624152093,-0.0533508986573199,0,230,NaN,NaN
addition_stress_instances,Far,3,8203,9503007,add,2,FB-CMPSO,7,500,482,200,162,0.2538651,4000.79619341373,4000.79619341373,0,1,4370.21624152093,-0.0845312972381972,1,230,260,NaN
addition_stress_instances,Far,3,8203,9503007,add,2,FB-CMPSO,7,1000,986,200,486,0.2538651,3715.05142791364,3715.05142791364,0,1,4370.21624152093,-0.149915879992995,1,230,260,NaN
addition_stress_instances,Far,3,8203,9503007,add,2,FB-CMPSO,7,1500,1490,200,810,0.2538651,3715.05142791364,3715.05142791364,0,1,4370.21624152093,-0.149915879992995,1,230,260,NaN
addition_stress_instances,Far,3,8203,9503007,add,2,FB-CMPSO,7,2500,2498,200,1458,0.2538651,3715.05142791364,3715.05142791364,0,1,4370.21624152093,-0.149915879992995,1,230,260,NaN
addition_stress_instances,Far,3,8203,9503008,add,2,Repair,8,500,38,0,0,0.0038756,4137.06127770897,4137.06127770897,0,1,4370.21624152093,-0.0533508986573199,0,NaN,NaN,NaN
addition_stress_instances,Far,3,8203,9503008,add,2,Repair,8,1000,38,0,0,0.0038756,4137.06127770897,4137.06127770897,0,1,4370.21624152093,-0.0533508986573199,0,NaN,NaN,NaN
addition_stress_instances,Far,3,8203,9503008,add,2,Repair,8,1500,38,0,0,0.0038756,4137.06127770897,4137.06127770897,0,1,4370.21624152093,-0.0533508986573199,0,NaN,NaN,NaN
addition_stress_instances,Far,3,8203,9503008,add,2,Repair,8,2500,38,0,0,0.0038756,4137.06127770897,4137.06127770897,0,1,4370.21624152093,-0.0533508986573199,0,NaN,NaN,NaN
addition_stress_instances,Far,3,8203,9503008,add,2,WarmPSO,8,500,500,200,0,0.2272632,4137.06127770897,4137.06127770897,0,1,4370.21624152093,-0.0533508986573199,0,230,NaN,NaN
addition_stress_instances,Far,3,8203,9503008,add,2,WarmPSO,8,1000,980,200,0,0.2272632,4137.06127770897,4137.06127770897,0,1,4370.21624152093,-0.0533508986573199,0,230,NaN,NaN
addition_stress_instances,Far,3,8203,9503008,add,2,WarmPSO,8,1500,1490,200,0,0.2272632,4137.06127770897,4137.06127770897,0,1,4370.21624152093,-0.0533508986573199,0,230,NaN,NaN
addition_stress_instances,Far,3,8203,9503008,add,2,WarmPSO,8,2500,2480,200,0,0.2272632,4137.06127770897,4137.06127770897,0,1,4370.21624152093,-0.0533508986573199,0,230,NaN,NaN
addition_stress_instances,Far,3,8203,9503008,add,2,FB-CMPSO,8,500,482,200,162,0.2539297,4042.36738741354,4042.36738741354,0,1,4370.21624152093,-0.0750189089026155,1,230,260,NaN
addition_stress_instances,Far,3,8203,9503008,add,2,FB-CMPSO,8,1000,986,200,486,0.2539297,3688.44166658529,3688.44166658529,0,1,4370.21624152093,-0.156004768930695,1,230,260,NaN
addition_stress_instances,Far,3,8203,9503008,add,2,FB-CMPSO,8,1500,1490,200,810,0.2539297,3636.9678079811,3636.9678079811,0,1,4370.21624152093,-0.167783101113697,1,230,260,NaN
addition_stress_instances,Far,3,8203,9503008,add,2,FB-CMPSO,8,2500,2498,200,1458,0.2539297,3636.9678079811,3636.9678079811,0,1,4370.21624152093,-0.167783101113697,1,230,260,NaN
addition_stress_instances,Far,3,8203,9503009,add,2,Repair,9,500,38,0,0,0.0030082,4137.06127770897,4137.06127770897,0,1,4370.21624152093,-0.0533508986573199,0,NaN,NaN,NaN
addition_stress_instances,Far,3,8203,9503009,add,2,Repair,9,1000,38,0,0,0.0030082,4137.06127770897,4137.06127770897,0,1,4370.21624152093,-0.0533508986573199,0,NaN,NaN,NaN
addition_stress_instances,Far,3,8203,9503009,add,2,Repair,9,1500,38,0,0,0.0030082,4137.06127770897,4137.06127770897,0,1,4370.21624152093,-0.0533508986573199,0,NaN,NaN,NaN
addition_stress_instances,Far,3,8203,9503009,add,2,Repair,9,2500,38,0,0,0.0030082,4137.06127770897,4137.06127770897,0,1,4370.21624152093,-0.0533508986573199,0,NaN,NaN,NaN
addition_stress_instances,Far,3,8203,9503009,add,2,WarmPSO,9,500,500,200,0,0.2251933,4137.06127770897,4137.06127770897,0,1,4370.21624152093,-0.0533508986573199,0,230,NaN,NaN
addition_stress_instances,Far,3,8203,9503009,add,2,WarmPSO,9,1000,980,200,0,0.2251933,4137.06127770897,4137.06127770897,0,1,4370.21624152093,-0.0533508986573199,0,230,NaN,NaN
addition_stress_instances,Far,3,8203,9503009,add,2,WarmPSO,9,1500,1490,200,0,0.2251933,4137.06127770897,4137.06127770897,0,1,4370.21624152093,-0.0533508986573199,0,230,NaN,NaN
addition_stress_instances,Far,3,8203,9503009,add,2,WarmPSO,9,2500,2480,200,0,0.2251933,4137.06127770897,4137.06127770897,0,1,4370.21624152093,-0.0533508986573199,0,230,NaN,NaN
addition_stress_instances,Far,3,8203,9503009,add,2,FB-CMPSO,9,500,482,200,162,0.254803,4000.79619341373,4000.79619341373,0,1,4370.21624152093,-0.0845312972381972,1,230,260,NaN
addition_stress_instances,Far,3,8203,9503009,add,2,FB-CMPSO,9,1000,986,200,486,0.254803,3636.9678079811,3636.9678079811,0,1,4370.21624152093,-0.167783101113697,1,230,260,NaN
addition_stress_instances,Far,3,8203,9503009,add,2,FB-CMPSO,9,1500,1490,200,810,0.254803,3636.9678079811,3636.9678079811,0,1,4370.21624152093,-0.167783101113697,1,230,260,NaN
addition_stress_instances,Far,3,8203,9503009,add,2,FB-CMPSO,9,2500,2498,200,1458,0.254803,3636.9678079811,3636.9678079811,0,1,4370.21624152093,-0.167783101113697,1,230,260,NaN
addition_stress_instances,Far,3,8203,9503010,add,2,Repair,10,500,38,0,0,0.0029503,4137.06127770897,4137.06127770897,0,1,4370.21624152093,-0.0533508986573199,0,NaN,NaN,NaN
addition_stress_instances,Far,3,8203,9503010,add,2,Repair,10,1000,38,0,0,0.0029503,4137.06127770897,4137.06127770897,0,1,4370.21624152093,-0.0533508986573199,0,NaN,NaN,NaN
addition_stress_instances,Far,3,8203,9503010,add,2,Repair,10,1500,38,0,0,0.0029503,4137.06127770897,4137.06127770897,0,1,4370.21624152093,-0.0533508986573199,0,NaN,NaN,NaN
addition_stress_instances,Far,3,8203,9503010,add,2,Repair,10,2500,38,0,0,0.0029503,4137.06127770897,4137.06127770897,0,1,4370.21624152093,-0.0533508986573199,0,NaN,NaN,NaN
addition_stress_instances,Far,3,8203,9503010,add,2,WarmPSO,10,500,500,200,0,0.2207301,4137.06127770897,4137.06127770897,0,1,4370.21624152093,-0.0533508986573199,0,230,NaN,NaN
addition_stress_instances,Far,3,8203,9503010,add,2,WarmPSO,10,1000,980,200,0,0.2207301,4137.06127770897,4137.06127770897,0,1,4370.21624152093,-0.0533508986573199,0,230,NaN,NaN
addition_stress_instances,Far,3,8203,9503010,add,2,WarmPSO,10,1500,1490,200,0,0.2207301,4137.06127770897,4137.06127770897,0,1,4370.21624152093,-0.0533508986573199,0,230,NaN,NaN
addition_stress_instances,Far,3,8203,9503010,add,2,WarmPSO,10,2500,2480,200,0,0.2207301,4137.06127770897,4137.06127770897,0,1,4370.21624152093,-0.0533508986573199,0,230,NaN,NaN
addition_stress_instances,Far,3,8203,9503010,add,2,FB-CMPSO,10,500,482,200,162,0.2570412,4075.10373629232,4075.10373629232,0,1,4370.21624152093,-0.0675281242206699,1,230,260,NaN
addition_stress_instances,Far,3,8203,9503010,add,2,FB-CMPSO,10,1000,986,200,486,0.2570412,3950.23119336721,3950.23119336721,0,1,4370.21624152093,-0.0961016629253922,1,230,260,NaN
addition_stress_instances,Far,3,8203,9503010,add,2,FB-CMPSO,10,1500,1490,200,810,0.2570412,3949.27671015877,3949.27671015877,0,1,4370.21624152093,-0.0963200693281177,1,230,260,NaN
addition_stress_instances,Far,3,8203,9503010,add,2,FB-CMPSO,10,2500,2498,200,1458,0.2570412,3674.08163531942,3674.08163531942,0,1,4370.21624152093,-0.159290654679194,1,230,260,NaN
addition_stress_instances,Far,5,8205,9505001,add,2,Repair,1,500,38,0,0,0.0036305,4031.37481224937,4031.37481224937,0,1,5915.30049145706,-0.318483512702097,0,NaN,NaN,NaN
addition_stress_instances,Far,5,8205,9505001,add,2,Repair,1,1000,38,0,0,0.0036305,4031.37481224937,4031.37481224937,0,1,5915.30049145706,-0.318483512702097,0,NaN,NaN,NaN
addition_stress_instances,Far,5,8205,9505001,add,2,Repair,1,1500,38,0,0,0.0036305,4031.37481224937,4031.37481224937,0,1,5915.30049145706,-0.318483512702097,0,NaN,NaN,NaN
addition_stress_instances,Far,5,8205,9505001,add,2,Repair,1,2500,38,0,0,0.0036305,4031.37481224937,4031.37481224937,0,1,5915.30049145706,-0.318483512702097,0,NaN,NaN,NaN
addition_stress_instances,Far,5,8205,9505001,add,2,WarmPSO,1,500,500,200,0,0.2261196,4031.37481224937,4031.37481224937,0,1,5915.30049145706,-0.318483512702097,0,230,NaN,NaN
addition_stress_instances,Far,5,8205,9505001,add,2,WarmPSO,1,1000,980,200,0,0.2261196,4031.37481224937,4031.37481224937,0,1,5915.30049145706,-0.318483512702097,0,230,NaN,NaN
addition_stress_instances,Far,5,8205,9505001,add,2,WarmPSO,1,1500,1490,200,0,0.2261196,4031.37481224937,4031.37481224937,0,1,5915.30049145706,-0.318483512702097,0,230,NaN,NaN
addition_stress_instances,Far,5,8205,9505001,add,2,WarmPSO,1,2500,2480,200,0,0.2261196,4031.37481224937,4031.37481224937,0,1,5915.30049145706,-0.318483512702097,0,230,NaN,NaN
addition_stress_instances,Far,5,8205,9505001,add,2,FB-CMPSO,1,500,482,200,162,0.2551356,3917.24993780168,3917.24993780168,0,1,5915.30049145706,-0.33777667872342,1,230,260,NaN
addition_stress_instances,Far,5,8205,9505001,add,2,FB-CMPSO,1,1000,986,200,486,0.2551356,3906.50226932427,3906.50226932427,0,1,5915.30049145706,-0.339593605605314,1,230,260,NaN
addition_stress_instances,Far,5,8205,9505001,add,2,FB-CMPSO,1,1500,1490,200,810,0.2551356,3906.50226932427,3906.50226932427,0,1,5915.30049145706,-0.339593605605314,1,230,260,NaN
addition_stress_instances,Far,5,8205,9505001,add,2,FB-CMPSO,1,2500,2498,200,1458,0.2551356,3808.21202240494,3808.21202240494,0,1,5915.30049145706,-0.35620987844915,1,230,260,NaN
addition_stress_instances,Far,5,8205,9505002,add,2,Repair,2,500,38,0,0,0.0030377,4031.37481224937,4031.37481224937,0,1,5915.30049145706,-0.318483512702097,0,NaN,NaN,NaN
addition_stress_instances,Far,5,8205,9505002,add,2,Repair,2,1000,38,0,0,0.0030377,4031.37481224937,4031.37481224937,0,1,5915.30049145706,-0.318483512702097,0,NaN,NaN,NaN
addition_stress_instances,Far,5,8205,9505002,add,2,Repair,2,1500,38,0,0,0.0030377,4031.37481224937,4031.37481224937,0,1,5915.30049145706,-0.318483512702097,0,NaN,NaN,NaN
addition_stress_instances,Far,5,8205,9505002,add,2,Repair,2,2500,38,0,0,0.0030377,4031.37481224937,4031.37481224937,0,1,5915.30049145706,-0.318483512702097,0,NaN,NaN,NaN
addition_stress_instances,Far,5,8205,9505002,add,2,WarmPSO,2,500,500,200,0,0.2266764,4031.37481224937,4031.37481224937,0,1,5915.30049145706,-0.318483512702097,0,230,NaN,NaN
addition_stress_instances,Far,5,8205,9505002,add,2,WarmPSO,2,1000,980,200,0,0.2266764,4031.37481224937,4031.37481224937,0,1,5915.30049145706,-0.318483512702097,0,230,NaN,NaN
addition_stress_instances,Far,5,8205,9505002,add,2,WarmPSO,2,1500,1490,200,0,0.2266764,4031.37481224937,4031.37481224937,0,1,5915.30049145706,-0.318483512702097,0,230,NaN,NaN
addition_stress_instances,Far,5,8205,9505002,add,2,WarmPSO,2,2500,2480,200,0,0.2266764,4031.37481224937,4031.37481224937,0,1,5915.30049145706,-0.318483512702097,0,230,NaN,NaN
addition_stress_instances,Far,5,8205,9505002,add,2,FB-CMPSO,2,500,482,200,162,0.2703172,3978.23460915446,3978.23460915446,0,1,5915.30049145706,-0.327467029798423,1,230,260,NaN
addition_stress_instances,Far,5,8205,9505002,add,2,FB-CMPSO,2,1000,986,200,486,0.2703172,3840.06084339658,3840.06084339658,0,1,5915.30049145706,-0.350825735912751,1,230,260,NaN
addition_stress_instances,Far,5,8205,9505002,add,2,FB-CMPSO,2,1500,1490,200,810,0.2703172,3840.06084339658,3840.06084339658,0,1,5915.30049145706,-0.350825735912751,1,230,260,NaN
addition_stress_instances,Far,5,8205,9505002,add,2,FB-CMPSO,2,2500,2498,200,1458,0.2703172,3741.77059647725,3741.77059647725,0,1,5915.30049145706,-0.367442008756587,1,230,260,NaN
addition_stress_instances,Far,5,8205,9505003,add,2,Repair,3,500,38,0,0,0.0036284,4031.37481224937,4031.37481224937,0,1,5915.30049145706,-0.318483512702097,0,NaN,NaN,NaN
addition_stress_instances,Far,5,8205,9505003,add,2,Repair,3,1000,38,0,0,0.0036284,4031.37481224937,4031.37481224937,0,1,5915.30049145706,-0.318483512702097,0,NaN,NaN,NaN
addition_stress_instances,Far,5,8205,9505003,add,2,Repair,3,1500,38,0,0,0.0036284,4031.37481224937,4031.37481224937,0,1,5915.30049145706,-0.318483512702097,0,NaN,NaN,NaN
addition_stress_instances,Far,5,8205,9505003,add,2,Repair,3,2500,38,0,0,0.0036284,4031.37481224937,4031.37481224937,0,1,5915.30049145706,-0.318483512702097,0,NaN,NaN,NaN
addition_stress_instances,Far,5,8205,9505003,add,2,WarmPSO,3,500,500,200,0,0.2383901,4031.37481224937,4031.37481224937,0,1,5915.30049145706,-0.318483512702097,0,230,NaN,NaN
addition_stress_instances,Far,5,8205,9505003,add,2,WarmPSO,3,1000,980,200,0,0.2383901,4031.37481224937,4031.37481224937,0,1,5915.30049145706,-0.318483512702097,0,230,NaN,NaN
addition_stress_instances,Far,5,8205,9505003,add,2,WarmPSO,3,1500,1490,200,0,0.2383901,4031.37481224937,4031.37481224937,0,1,5915.30049145706,-0.318483512702097,0,230,NaN,NaN
addition_stress_instances,Far,5,8205,9505003,add,2,WarmPSO,3,2500,2480,200,0,0.2383901,4031.37481224937,4031.37481224937,0,1,5915.30049145706,-0.318483512702097,0,230,NaN,NaN
addition_stress_instances,Far,5,8205,9505003,add,2,FB-CMPSO,3,500,482,200,162,0.2587242,3906.50226932427,3906.50226932427,0,1,5915.30049145706,-0.339593605605314,1,230,260,NaN
addition_stress_instances,Far,5,8205,9505003,add,2,FB-CMPSO,3,1000,986,200,486,0.2587242,3906.50226932427,3906.50226932427,0,1,5915.30049145706,-0.339593605605314,1,230,260,NaN
addition_stress_instances,Far,5,8205,9505003,add,2,FB-CMPSO,3,1500,1490,200,810,0.2587242,3906.50226932427,3906.50226932427,0,1,5915.30049145706,-0.339593605605314,1,230,260,NaN
addition_stress_instances,Far,5,8205,9505003,add,2,FB-CMPSO,3,2500,2498,200,1458,0.2587242,3808.21202240494,3808.21202240494,0,1,5915.30049145706,-0.35620987844915,1,230,260,NaN
addition_stress_instances,Far,5,8205,9505004,add,2,Repair,4,500,38,0,0,0.0032339,4031.37481224937,4031.37481224937,0,1,5915.30049145706,-0.318483512702097,0,NaN,NaN,NaN
addition_stress_instances,Far,5,8205,9505004,add,2,Repair,4,1000,38,0,0,0.0032339,4031.37481224937,4031.37481224937,0,1,5915.30049145706,-0.318483512702097,0,NaN,NaN,NaN
addition_stress_instances,Far,5,8205,9505004,add,2,Repair,4,1500,38,0,0,0.0032339,4031.37481224937,4031.37481224937,0,1,5915.30049145706,-0.318483512702097,0,NaN,NaN,NaN
addition_stress_instances,Far,5,8205,9505004,add,2,Repair,4,2500,38,0,0,0.0032339,4031.37481224937,4031.37481224937,0,1,5915.30049145706,-0.318483512702097,0,NaN,NaN,NaN
addition_stress_instances,Far,5,8205,9505004,add,2,WarmPSO,4,500,500,200,0,0.2267079,4031.37481224937,4031.37481224937,0,1,5915.30049145706,-0.318483512702097,0,230,NaN,NaN
addition_stress_instances,Far,5,8205,9505004,add,2,WarmPSO,4,1000,980,200,0,0.2267079,4031.37481224937,4031.37481224937,0,1,5915.30049145706,-0.318483512702097,0,230,NaN,NaN
addition_stress_instances,Far,5,8205,9505004,add,2,WarmPSO,4,1500,1490,200,0,0.2267079,4031.37481224937,4031.37481224937,0,1,5915.30049145706,-0.318483512702097,0,230,NaN,NaN
addition_stress_instances,Far,5,8205,9505004,add,2,WarmPSO,4,2500,2480,200,0,0.2267079,4031.37481224937,4031.37481224937,0,1,5915.30049145706,-0.318483512702097,0,230,NaN,NaN
addition_stress_instances,Far,5,8205,9505004,add,2,FB-CMPSO,4,500,482,200,162,0.2602796,4031.37481224937,4031.37481224937,0,1,5915.30049145706,-0.318483512702097,0,230,260,NaN
addition_stress_instances,Far,5,8205,9505004,add,2,FB-CMPSO,4,1000,986,200,486,0.2602796,3818.95969088235,3818.95969088235,0,1,5915.30049145706,-0.354392951567256,1,230,260,NaN
addition_stress_instances,Far,5,8205,9505004,add,2,FB-CMPSO,4,1500,1490,200,810,0.2602796,3818.95969088235,3818.95969088235,0,1,5915.30049145706,-0.354392951567256,1,230,260,NaN
addition_stress_instances,Far,5,8205,9505004,add,2,FB-CMPSO,4,2500,2498,200,1458,0.2602796,3818.95969088235,3818.95969088235,0,1,5915.30049145706,-0.354392951567256,1,230,260,NaN
addition_stress_instances,Far,5,8205,9505005,add,2,Repair,5,500,38,0,0,0.0033217,4031.37481224937,4031.37481224937,0,1,5915.30049145706,-0.318483512702097,0,NaN,NaN,NaN
addition_stress_instances,Far,5,8205,9505005,add,2,Repair,5,1000,38,0,0,0.0033217,4031.37481224937,4031.37481224937,0,1,5915.30049145706,-0.318483512702097,0,NaN,NaN,NaN
addition_stress_instances,Far,5,8205,9505005,add,2,Repair,5,1500,38,0,0,0.0033217,4031.37481224937,4031.37481224937,0,1,5915.30049145706,-0.318483512702097,0,NaN,NaN,NaN
addition_stress_instances,Far,5,8205,9505005,add,2,Repair,5,2500,38,0,0,0.0033217,4031.37481224937,4031.37481224937,0,1,5915.30049145706,-0.318483512702097,0,NaN,NaN,NaN
addition_stress_instances,Far,5,8205,9505005,add,2,WarmPSO,5,500,500,200,0,0.2364831,4031.37481224937,4031.37481224937,0,1,5915.30049145706,-0.318483512702097,0,230,NaN,NaN
addition_stress_instances,Far,5,8205,9505005,add,2,WarmPSO,5,1000,980,200,0,0.2364831,4031.37481224937,4031.37481224937,0,1,5915.30049145706,-0.318483512702097,0,230,NaN,NaN
addition_stress_instances,Far,5,8205,9505005,add,2,WarmPSO,5,1500,1490,200,0,0.2364831,4031.37481224937,4031.37481224937,0,1,5915.30049145706,-0.318483512702097,0,230,NaN,NaN
addition_stress_instances,Far,5,8205,9505005,add,2,WarmPSO,5,2500,2480,200,0,0.2364831,4031.37481224937,4031.37481224937,0,1,5915.30049145706,-0.318483512702097,0,230,NaN,NaN
addition_stress_instances,Far,5,8205,9505005,add,2,FB-CMPSO,5,500,482,200,162,0.2575374,3917.24993780168,3917.24993780168,0,1,5915.30049145706,-0.33777667872342,1,230,260,NaN
addition_stress_instances,Far,5,8205,9505005,add,2,FB-CMPSO,5,1000,986,200,486,0.2575374,3906.50226932427,3906.50226932427,0,1,5915.30049145706,-0.339593605605314,1,230,260,NaN
addition_stress_instances,Far,5,8205,9505005,add,2,FB-CMPSO,5,1500,1490,200,810,0.2575374,3906.50226932427,3906.50226932427,0,1,5915.30049145706,-0.339593605605314,1,230,260,NaN
addition_stress_instances,Far,5,8205,9505005,add,2,FB-CMPSO,5,2500,2498,200,1458,0.2575374,3906.50226932427,3906.50226932427,0,1,5915.30049145706,-0.339593605605314,1,230,260,NaN
addition_stress_instances,Far,5,8205,9505006,add,2,Repair,6,500,38,0,0,0.0030078,4031.37481224937,4031.37481224937,0,1,5915.30049145706,-0.318483512702097,0,NaN,NaN,NaN
addition_stress_instances,Far,5,8205,9505006,add,2,Repair,6,1000,38,0,0,0.0030078,4031.37481224937,4031.37481224937,0,1,5915.30049145706,-0.318483512702097,0,NaN,NaN,NaN
addition_stress_instances,Far,5,8205,9505006,add,2,Repair,6,1500,38,0,0,0.0030078,4031.37481224937,4031.37481224937,0,1,5915.30049145706,-0.318483512702097,0,NaN,NaN,NaN
addition_stress_instances,Far,5,8205,9505006,add,2,Repair,6,2500,38,0,0,0.0030078,4031.37481224937,4031.37481224937,0,1,5915.30049145706,-0.318483512702097,0,NaN,NaN,NaN
addition_stress_instances,Far,5,8205,9505006,add,2,WarmPSO,6,500,500,200,0,0.2280605,4031.37481224937,4031.37481224937,0,1,5915.30049145706,-0.318483512702097,0,230,NaN,NaN
addition_stress_instances,Far,5,8205,9505006,add,2,WarmPSO,6,1000,980,200,0,0.2280605,4031.37481224937,4031.37481224937,0,1,5915.30049145706,-0.318483512702097,0,230,NaN,NaN
addition_stress_instances,Far,5,8205,9505006,add,2,WarmPSO,6,1500,1490,200,0,0.2280605,4031.37481224937,4031.37481224937,0,1,5915.30049145706,-0.318483512702097,0,230,NaN,NaN
addition_stress_instances,Far,5,8205,9505006,add,2,WarmPSO,6,2500,2480,200,0,0.2280605,4031.37481224937,4031.37481224937,0,1,5915.30049145706,-0.318483512702097,0,230,NaN,NaN
addition_stress_instances,Far,5,8205,9505006,add,2,FB-CMPSO,6,500,482,200,162,0.2613529,3917.24993780168,3917.24993780168,0,1,5915.30049145706,-0.33777667872342,1,230,260,NaN
addition_stress_instances,Far,5,8205,9505006,add,2,FB-CMPSO,6,1000,986,200,486,0.2613529,3917.24993780168,3917.24993780168,0,1,5915.30049145706,-0.33777667872342,1,230,260,NaN
addition_stress_instances,Far,5,8205,9505006,add,2,FB-CMPSO,6,1500,1490,200,810,0.2613529,3917.24993780168,3917.24993780168,0,1,5915.30049145706,-0.33777667872342,1,230,260,NaN
addition_stress_instances,Far,5,8205,9505006,add,2,FB-CMPSO,6,2500,2498,200,1458,0.2613529,3808.21202240494,3808.21202240494,0,1,5915.30049145706,-0.35620987844915,1,230,260,NaN
addition_stress_instances,Far,5,8205,9505007,add,2,Repair,7,500,38,0,0,0.0029245,4031.37481224937,4031.37481224937,0,1,5915.30049145706,-0.318483512702097,0,NaN,NaN,NaN
addition_stress_instances,Far,5,8205,9505007,add,2,Repair,7,1000,38,0,0,0.0029245,4031.37481224937,4031.37481224937,0,1,5915.30049145706,-0.318483512702097,0,NaN,NaN,NaN
addition_stress_instances,Far,5,8205,9505007,add,2,Repair,7,1500,38,0,0,0.0029245,4031.37481224937,4031.37481224937,0,1,5915.30049145706,-0.318483512702097,0,NaN,NaN,NaN
addition_stress_instances,Far,5,8205,9505007,add,2,Repair,7,2500,38,0,0,0.0029245,4031.37481224937,4031.37481224937,0,1,5915.30049145706,-0.318483512702097,0,NaN,NaN,NaN
addition_stress_instances,Far,5,8205,9505007,add,2,WarmPSO,7,500,500,200,0,0.2294736,4031.37481224937,4031.37481224937,0,1,5915.30049145706,-0.318483512702097,0,230,NaN,NaN
addition_stress_instances,Far,5,8205,9505007,add,2,WarmPSO,7,1000,980,200,0,0.2294736,4031.37481224937,4031.37481224937,0,1,5915.30049145706,-0.318483512702097,0,230,NaN,NaN
addition_stress_instances,Far,5,8205,9505007,add,2,WarmPSO,7,1500,1490,200,0,0.2294736,4031.37481224937,4031.37481224937,0,1,5915.30049145706,-0.318483512702097,0,230,NaN,NaN
addition_stress_instances,Far,5,8205,9505007,add,2,WarmPSO,7,2500,2480,200,0,0.2294736,4031.37481224937,4031.37481224937,0,1,5915.30049145706,-0.318483512702097,0,230,NaN,NaN
addition_stress_instances,Far,5,8205,9505007,add,2,FB-CMPSO,7,500,482,200,162,0.2591019,3939.71084878958,3939.71084878958,0,1,5915.30049145706,-0.333979591657371,1,230,260,NaN
addition_stress_instances,Far,5,8205,9505007,add,2,FB-CMPSO,7,1000,986,200,486,0.2591019,3906.50226932427,3906.50226932427,0,1,5915.30049145706,-0.339593605605314,1,230,260,NaN
addition_stress_instances,Far,5,8205,9505007,add,2,FB-CMPSO,7,1500,1490,200,810,0.2591019,3808.21202240494,3808.21202240494,0,1,5915.30049145706,-0.35620987844915,1,230,260,NaN
addition_stress_instances,Far,5,8205,9505007,add,2,FB-CMPSO,7,2500,2498,200,1458,0.2591019,3808.21202240494,3808.21202240494,0,1,5915.30049145706,-0.35620987844915,1,230,260,NaN
addition_stress_instances,Far,5,8205,9505008,add,2,Repair,8,500,38,0,0,0.0029169,4031.37481224937,4031.37481224937,0,1,5915.30049145706,-0.318483512702097,0,NaN,NaN,NaN
addition_stress_instances,Far,5,8205,9505008,add,2,Repair,8,1000,38,0,0,0.0029169,4031.37481224937,4031.37481224937,0,1,5915.30049145706,-0.318483512702097,0,NaN,NaN,NaN
addition_stress_instances,Far,5,8205,9505008,add,2,Repair,8,1500,38,0,0,0.0029169,4031.37481224937,4031.37481224937,0,1,5915.30049145706,-0.318483512702097,0,NaN,NaN,NaN
addition_stress_instances,Far,5,8205,9505008,add,2,Repair,8,2500,38,0,0,0.0029169,4031.37481224937,4031.37481224937,0,1,5915.30049145706,-0.318483512702097,0,NaN,NaN,NaN
addition_stress_instances,Far,5,8205,9505008,add,2,WarmPSO,8,500,500,200,0,0.2236928,4031.37481224937,4031.37481224937,0,1,5915.30049145706,-0.318483512702097,0,230,NaN,NaN
addition_stress_instances,Far,5,8205,9505008,add,2,WarmPSO,8,1000,980,200,0,0.2236928,4031.37481224937,4031.37481224937,0,1,5915.30049145706,-0.318483512702097,0,230,NaN,NaN
addition_stress_instances,Far,5,8205,9505008,add,2,WarmPSO,8,1500,1490,200,0,0.2236928,4031.37481224937,4031.37481224937,0,1,5915.30049145706,-0.318483512702097,0,230,NaN,NaN
addition_stress_instances,Far,5,8205,9505008,add,2,WarmPSO,8,2500,2480,200,0,0.2236928,4031.37481224937,4031.37481224937,0,1,5915.30049145706,-0.318483512702097,0,230,NaN,NaN
addition_stress_instances,Far,5,8205,9505008,add,2,FB-CMPSO,8,500,482,200,162,0.2630242,3917.24993780168,3917.24993780168,0,1,5915.30049145706,-0.33777667872342,1,230,260,NaN
addition_stress_instances,Far,5,8205,9505008,add,2,FB-CMPSO,8,1000,986,200,486,0.2630242,3818.95969088235,3818.95969088235,0,1,5915.30049145706,-0.354392951567256,1,230,260,NaN
addition_stress_instances,Far,5,8205,9505008,add,2,FB-CMPSO,8,1500,1490,200,810,0.2630242,3818.95969088235,3818.95969088235,0,1,5915.30049145706,-0.354392951567256,1,230,260,NaN
addition_stress_instances,Far,5,8205,9505008,add,2,FB-CMPSO,8,2500,2498,200,1458,0.2630242,3808.21202240494,3808.21202240494,0,1,5915.30049145706,-0.35620987844915,1,230,260,NaN
addition_stress_instances,Far,5,8205,9505009,add,2,Repair,9,500,38,0,0,0.0029298,4031.37481224937,4031.37481224937,0,1,5915.30049145706,-0.318483512702097,0,NaN,NaN,NaN
addition_stress_instances,Far,5,8205,9505009,add,2,Repair,9,1000,38,0,0,0.0029298,4031.37481224937,4031.37481224937,0,1,5915.30049145706,-0.318483512702097,0,NaN,NaN,NaN
addition_stress_instances,Far,5,8205,9505009,add,2,Repair,9,1500,38,0,0,0.0029298,4031.37481224937,4031.37481224937,0,1,5915.30049145706,-0.318483512702097,0,NaN,NaN,NaN
addition_stress_instances,Far,5,8205,9505009,add,2,Repair,9,2500,38,0,0,0.0029298,4031.37481224937,4031.37481224937,0,1,5915.30049145706,-0.318483512702097,0,NaN,NaN,NaN
addition_stress_instances,Far,5,8205,9505009,add,2,WarmPSO,9,500,500,200,0,0.2332431,4031.37481224937,4031.37481224937,0,1,5915.30049145706,-0.318483512702097,0,230,NaN,NaN
addition_stress_instances,Far,5,8205,9505009,add,2,WarmPSO,9,1000,980,200,0,0.2332431,4031.37481224937,4031.37481224937,0,1,5915.30049145706,-0.318483512702097,0,230,NaN,NaN
addition_stress_instances,Far,5,8205,9505009,add,2,WarmPSO,9,1500,1490,200,0,0.2332431,4031.37481224937,4031.37481224937,0,1,5915.30049145706,-0.318483512702097,0,230,NaN,NaN
addition_stress_instances,Far,5,8205,9505009,add,2,WarmPSO,9,2500,2480,200,0,0.2332431,4031.37481224937,4031.37481224937,0,1,5915.30049145706,-0.318483512702097,0,230,NaN,NaN
addition_stress_instances,Far,5,8205,9505009,add,2,FB-CMPSO,9,500,482,200,162,0.2604215,3917.24993780168,3917.24993780168,0,1,5915.30049145706,-0.33777667872342,1,230,260,NaN
addition_stress_instances,Far,5,8205,9505009,add,2,FB-CMPSO,9,1000,986,200,486,0.2604215,3906.50226932427,3906.50226932427,0,1,5915.30049145706,-0.339593605605314,1,230,260,NaN
addition_stress_instances,Far,5,8205,9505009,add,2,FB-CMPSO,9,1500,1490,200,810,0.2604215,3906.50226932427,3906.50226932427,0,1,5915.30049145706,-0.339593605605314,1,230,260,NaN
addition_stress_instances,Far,5,8205,9505009,add,2,FB-CMPSO,9,2500,2498,200,1458,0.2604215,3906.50226932427,3906.50226932427,0,1,5915.30049145706,-0.339593605605314,1,230,260,NaN
addition_stress_instances,Far,5,8205,9505010,add,2,Repair,10,500,38,0,0,0.0029435,4031.37481224937,4031.37481224937,0,1,5915.30049145706,-0.318483512702097,0,NaN,NaN,NaN
addition_stress_instances,Far,5,8205,9505010,add,2,Repair,10,1000,38,0,0,0.0029435,4031.37481224937,4031.37481224937,0,1,5915.30049145706,-0.318483512702097,0,NaN,NaN,NaN
addition_stress_instances,Far,5,8205,9505010,add,2,Repair,10,1500,38,0,0,0.0029435,4031.37481224937,4031.37481224937,0,1,5915.30049145706,-0.318483512702097,0,NaN,NaN,NaN
addition_stress_instances,Far,5,8205,9505010,add,2,Repair,10,2500,38,0,0,0.0029435,4031.37481224937,4031.37481224937,0,1,5915.30049145706,-0.318483512702097,0,NaN,NaN,NaN
addition_stress_instances,Far,5,8205,9505010,add,2,WarmPSO,10,500,500,200,0,0.2213286,4031.37481224937,4031.37481224937,0,1,5915.30049145706,-0.318483512702097,0,230,NaN,NaN
addition_stress_instances,Far,5,8205,9505010,add,2,WarmPSO,10,1000,980,200,0,0.2213286,4031.37481224937,4031.37481224937,0,1,5915.30049145706,-0.318483512702097,0,230,NaN,NaN
addition_stress_instances,Far,5,8205,9505010,add,2,WarmPSO,10,1500,1490,200,0,0.2213286,4031.37481224937,4031.37481224937,0,1,5915.30049145706,-0.318483512702097,0,230,NaN,NaN
addition_stress_instances,Far,5,8205,9505010,add,2,WarmPSO,10,2500,2480,200,0,0.2213286,4031.37481224937,4031.37481224937,0,1,5915.30049145706,-0.318483512702097,0,230,NaN,NaN
addition_stress_instances,Far,5,8205,9505010,add,2,FB-CMPSO,10,500,482,200,162,0.2852344,3906.50226932427,3906.50226932427,0,1,5915.30049145706,-0.339593605605314,1,230,260,NaN
addition_stress_instances,Far,5,8205,9505010,add,2,FB-CMPSO,10,1000,986,200,486,0.2852344,3906.50226932427,3906.50226932427,0,1,5915.30049145706,-0.339593605605314,1,230,260,NaN
addition_stress_instances,Far,5,8205,9505010,add,2,FB-CMPSO,10,1500,1490,200,810,0.2852344,3906.50226932427,3906.50226932427,0,1,5915.30049145706,-0.339593605605314,1,230,260,NaN
addition_stress_instances,Far,5,8205,9505010,add,2,FB-CMPSO,10,2500,2498,200,1458,0.2852344,3808.21202240494,3808.21202240494,0,1,5915.30049145706,-0.35620987844915,1,230,260,NaN
