dataset,level,instance,scenario_seed,algorithm_seed,event_type,event_size,strategy,seed_index,checkpoint_fe,actual_fe,warm_start_fe,local_search_fe,response_time,fitness,distance,total_late,is_feasible,reference_cost,gap_to_reference,overtake_repair,first_feasible_fe
addition_instances,M1,9,6109,6809001,add,1,Repair,1,500,19,0,0,0.0122448,6582.56131296826,6582.56131296826,0,1,3489.87731324602,0.886187026685377,0,NaN
addition_instances,M1,9,6109,6809001,add,1,Repair,1,1000,19,0,0,0.0122448,6582.56131296826,6582.56131296826,0,1,3489.87731324602,0.886187026685377,0,NaN
addition_instances,M1,9,6109,6809001,add,1,Repair,1,1500,19,0,0,0.0122448,6582.56131296826,6582.56131296826,0,1,3489.87731324602,0.886187026685377,0,NaN
addition_instances,M1,9,6109,6809001,add,1,Repair,1,2500,19,0,0,0.0122448,6582.56131296826,6582.56131296826,0,1,3489.87731324602,0.886187026685377,0,NaN
addition_instances,M1,9,6109,6809001,add,1,WarmPSO,1,500,498,78,0,0.3822177,5757.15899824967,5757.15899824967,0,1,3489.87731324602,0.649673751108114,1,79
addition_instances,M1,9,6109,6809001,add,1,WarmPSO,1,1000,978,78,0,0.3822177,5531.40714505632,5531.40714505632,0,1,3489.87731324602,0.584986132338109,1,79
addition_instances,M1,9,6109,6809001,add,1,WarmPSO,1,1500,1488,78,0,0.3822177,5431.86749469694,5431.86749469694,0,1,3489.87731324602,0.556463739879908,1,79
addition_instances,M1,9,6109,6809001,add,1,WarmPSO,1,2500,2478,78,0,0.3822177,5228.61895121847,5228.61895121847,0,1,3489.87731324602,0.498224287533824,1,79
addition_instances,M1,9,6109,6809001,add,1,WarmPSO_Relocate,1,500,493,78,175,0.4056819,4249.41337021499,4249.41337021499,0,1,3489.87731324602,0.217639758878088,1,79
addition_instances,M1,9,6109,6809001,add,1,WarmPSO_Relocate,1,1000,988,78,400,0.4056819,3664.25135962553,3664.25135962553,0,1,3489.87731324602,0.049965666620331,1,79
addition_instances,M1,9,6109,6809001,add,1,WarmPSO_Relocate,1,1500,1483,78,625,0.4056819,3418.29849187324,3418.29849187324,0,1,3489.87731324602,-0.0205104119566318,1,79
addition_instances,M1,9,6109,6809001,add,1,WarmPSO_Relocate,1,2500,2473,78,1075,0.4056819,3339.98606448171,3339.98606448171,0,1,3489.87731324602,-0.0429502917467582,1,79
addition_instances,M1,9,6109,6809002,add,1,Repair,2,500,19,0,0,0.0048893,6582.56131296826,6582.56131296826,0,1,3489.87731324602,0.886187026685377,0,NaN
addition_instances,M1,9,6109,6809002,add,1,Repair,2,1000,19,0,0,0.0048893,6582.56131296826,6582.56131296826,0,1,3489.87731324602,0.886187026685377,0,NaN
addition_instances,M1,9,6109,6809002,add,1,Repair,2,1500,19,0,0,0.0048893,6582.56131296826,6582.56131296826,0,1,3489.87731324602,0.886187026685377,0,NaN
addition_instances,M1,9,6109,6809002,add,1,Repair,2,2500,19,0,0,0.0048893,6582.56131296826,6582.56131296826,0,1,3489.87731324602,0.886187026685377,0,NaN
addition_instances,M1,9,6109,6809002,add,1,WarmPSO,2,500,496,76,0,0.3497926,5937.83259938653,5937.83259938653,0,1,3489.87731324602,0.701444511200771,1,77
addition_instances,M1,9,6109,6809002,add,1,WarmPSO,2,1000,976,76,0,0.3497926,5937.83259938653,5937.83259938653,0,1,3489.87731324602,0.701444511200771,1,77
addition_instances,M1,9,6109,6809002,add,1,WarmPSO,2,1500,1486,76,0,0.3497926,5715.88221792573,5715.88221792573,0,1,3489.87731324602,0.637846177638046,1,77
addition_instances,M1,9,6109,6809002,add,1,WarmPSO,2,2500,2476,76,0,0.3497926,5382.83994053731,5382.83994053731,0,1,3489.87731324602,0.542415236233791,1,77
addition_instances,M1,9,6109,6809002,add,1,WarmPSO_Relocate,2,500,491,76,175,0.3458038,4875.97688642144,4875.97688642144,0,1,3489.87731324602,0.397177163768594,1,77
addition_instances,M1,9,6109,6809002,add,1,WarmPSO_Relocate,2,1000,986,76,400,0.3458038,4188.59649393562,4188.59649393562,0,1,3489.87731324602,0.200213107216571,1,77
addition_instances,M1,9,6109,6809002,add,1,WarmPSO_Relocate,2,1500,1481,76,625,0.3458038,3960.84631456113,3960.84631456113,0,1,3489.87731324602,0.134952882018953,1,77
addition_instances,M1,9,6109,6809002,add,1,WarmPSO_Relocate,2,2500,2471,76,1075,0.3458038,3594.88520574415,3594.88520574415,0,1,3489.87731324602,0.0300892790985997,1,77
addition_instances,M1,9,6109,6809003,add,1,Repair,3,500,19,0,0,0.0039583,6582.56131296826,6582.56131296826,0,1,3489.87731324602,0.886187026685377,0,NaN
addition_instances,M1,9,6109,6809003,add,1,Repair,3,1000,19,0,0,0.0039583,6582.56131296826,6582.56131296826,0,1,3489.87731324602,0.886187026685377,0,NaN
addition_instances,M1,9,6109,6809003,add,1,Repair,3,1500,19,0,0,0.0039583,6582.56131296826,6582.56131296826,0,1,3489.87731324602,0.886187026685377,0,NaN
addition_instances,M1,9,6109,6809003,add,1,Repair,3,2500,19,0,0,0.0039583,6582.56131296826,6582.56131296826,0,1,3489.87731324602,0.886187026685377,0,NaN
addition_instances,M1,9,6109,6809003,add,1,WarmPSO,3,500,497,77,0,0.2959683,6045.22491744143,6045.22491744143,0,1,3489.87731324602,0.73221703080978,1,78
addition_instances,M1,9,6109,6809003,add,1,WarmPSO,3,1000,977,77,0,0.2959683,5771.34870001757,5771.34870001757,0,1,3489.87731324602,0.653739711167525,1,78
addition_instances,M1,9,6109,6809003,add,1,WarmPSO,3,1500,1487,77,0,0.2959683,5487.58890923095,5487.58890923095,0,1,3489.87731324602,0.572430322522372,1,78
addition_instances,M1,9,6109,6809003,add,1,WarmPSO,3,2500,2477,77,0,0.2959683,5478.33657770836,5478.33657770836,0,1,3489.87731324602,0.569779131465463,1,78
addition_instances,M1,9,6109,6809003,add,1,WarmPSO_Relocate,3,500,492,77,175,0.3432202,4650.27518344678,4650.27518344678,0,1,3489.87731324602,0.332503915193926,1,78
addition_instances,M1,9,6109,6809003,add,1,WarmPSO_Relocate,3,1000,987,77,400,0.3432202,3815.1442261559,3815.1442261559,0,1,3489.87731324602,0.0932029649510341,1,78
addition_instances,M1,9,6109,6809003,add,1,WarmPSO_Relocate,3,1500,1482,77,625,0.3432202,3610.77208686074,3610.77208686074,0,1,3489.87731324602,0.0346415540614741,1,78
addition_instances,M1,9,6109,6809003,add,1,WarmPSO_Relocate,3,2500,2472,77,1075,0.3432202,3540.04457015807,3540.04457015807,0,1,3489.87731324602,0.0143750775196709,1,78
addition_instances,M1,9,6109,6809004,add,1,Repair,4,500,19,0,0,0.0029587,6582.56131296826,6582.56131296826,0,1,3489.87731324602,0.886187026685377,0,NaN
addition_instances,M1,9,6109,6809004,add,1,Repair,4,1000,19,0,0,0.0029587,6582.56131296826,6582.56131296826,0,1,3489.87731324602,0.886187026685377,0,NaN
addition_instances,M1,9,6109,6809004,add,1,Repair,4,1500,19,0,0,0.0029587,6582.56131296826,6582.56131296826,0,1,3489.87731324602,0.886187026685377,0,NaN
addition_instances,M1,9,6109,6809004,add,1,Repair,4,2500,19,0,0,0.0029587,6582.56131296826,6582.56131296826,0,1,3489.87731324602,0.886187026685377,0,NaN
addition_instances,M1,9,6109,6809004,add,1,WarmPSO,4,500,498,78,0,0.3413209,5101.59254895068,5101.59254895068,0,1,3489.87731324602,0.461825758053817,1,79
addition_instances,M1,9,6109,6809004,add,1,WarmPSO,4,1000,978,78,0,0.3413209,4373.94643707536,4373.94643707536,0,1,3489.87731324602,0.253323840489696,1,79
addition_instances,M1,9,6109,6809004,add,1,WarmPSO,4,1500,1488,78,0,0.3413209,4373.94643707536,4373.94643707536,0,1,3489.87731324602,0.253323840489696,1,79
addition_instances,M1,9,6109,6809004,add,1,WarmPSO,4,2500,2478,78,0,0.3413209,4373.94643707536,4373.94643707536,0,1,3489.87731324602,0.253323840489696,1,79
addition_instances,M1,9,6109,6809004,add,1,WarmPSO_Relocate,4,500,493,78,175,0.3389625,4889.45593398944,4889.45593398944,0,1,3489.87731324602,0.401039490824289,1,79
addition_instances,M1,9,6109,6809004,add,1,WarmPSO_Relocate,4,1000,988,78,400,0.3389625,4256.674221539,4256.674221539,0,1,3489.87731324602,0.219720305175933,1,79
addition_instances,M1,9,6109,6809004,add,1,WarmPSO_Relocate,4,1500,1483,78,625,0.3389625,3982.44545304586,3982.44545304586,0,1,3489.87731324602,0.141141964484044,1,79
addition_instances,M1,9,6109,6809004,add,1,WarmPSO_Relocate,4,2500,2473,78,1075,0.3389625,3815.57620552001,3815.57620552001,0,1,3489.87731324602,0.0933267456244897,1,79
addition_instances,M1,9,6109,6809005,add,1,Repair,5,500,19,0,0,0.0055416,6582.56131296826,6582.56131296826,0,1,3489.87731324602,0.886187026685377,0,NaN
addition_instances,M1,9,6109,6809005,add,1,Repair,5,1000,19,0,0,0.0055416,6582.56131296826,6582.56131296826,0,1,3489.87731324602,0.886187026685377,0,NaN
addition_instances,M1,9,6109,6809005,add,1,Repair,5,1500,19,0,0,0.0055416,6582.56131296826,6582.56131296826,0,1,3489.87731324602,0.886187026685377,0,NaN
addition_instances,M1,9,6109,6809005,add,1,Repair,5,2500,19,0,0,0.0055416,6582.56131296826,6582.56131296826,0,1,3489.87731324602,0.886187026685377,0,NaN
addition_instances,M1,9,6109,6809005,add,1,WarmPSO,5,500,493,73,0,0.3269711,6052.68094227857,6052.68094227857,0,1,3489.87731324602,0.734353502716353,1,74
addition_instances,M1,9,6109,6809005,add,1,WarmPSO,5,1000,973,73,0,0.3269711,5918.38825538393,5918.38825538393,0,1,3489.87731324602,0.695872870063472,1,74
addition_instances,M1,9,6109,6809005,add,1,WarmPSO,5,1500,1483,73,0,0.3269711,5918.38825538393,5918.38825538393,0,1,3489.87731324602,0.695872870063472,1,74
addition_instances,M1,9,6109,6809005,add,1,WarmPSO,5,2500,2473,73,0,0.3269711,5918.38825538393,5918.38825538393,0,1,3489.87731324602,0.695872870063472,1,74
addition_instances,M1,9,6109,6809005,add,1,WarmPSO_Relocate,5,500,488,73,175,0.3753997,5050.48050506845,5050.48050506845,0,1,3489.87731324602,0.447179958418332,1,74
addition_instances,M1,9,6109,6809005,add,1,WarmPSO_Relocate,5,1000,983,73,400,0.3753997,3643.07812184648,3643.07812184648,0,1,3489.87731324602,0.0438986230315271,1,74
addition_instances,M1,9,6109,6809005,add,1,WarmPSO_Relocate,5,1500,1478,73,625,0.3753997,3489.75337928123,3489.75337928123,0,1,3489.87731324602,-3.55124130936371e-05,1,74
addition_instances,M1,9,6109,6809005,add,1,WarmPSO_Relocate,5,2500,2468,73,1075,0.3753997,3489.75337928123,3489.75337928123,0,1,3489.87731324602,-3.55124130936371e-05,1,74
addition_instances,M1,9,6109,6809006,add,1,Repair,6,500,19,0,0,0.0018271,6582.56131296826,6582.56131296826,0,1,3489.87731324602,0.886187026685377,0,NaN
addition_instances,M1,9,6109,6809006,add,1,Repair,6,1000,19,0,0,0.0018271,6582.56131296826,6582.56131296826,0,1,3489.87731324602,0.886187026685377,0,NaN
addition_instances,M1,9,6109,6809006,add,1,Repair,6,1500,19,0,0,0.0018271,6582.56131296826,6582.56131296826,0,1,3489.87731324602,0.886187026685377,0,NaN
addition_instances,M1,9,6109,6809006,add,1,Repair,6,2500,19,0,0,0.0018271,6582.56131296826,6582.56131296826,0,1,3489.87731324602,0.886187026685377,0,NaN
addition_instances,M1,9,6109,6809006,add,1,WarmPSO,6,500,498,78,0,0.3034973,5669.2555277597,5669.2555277597,0,1,3489.87731324602,0.624485624821747,1,79
addition_instances,M1,9,6109,6809006,add,1,WarmPSO,6,1000,978,78,0,0.3034973,5669.2555277597,5669.2555277597,0,1,3489.87731324602,0.624485624821747,1,79
addition_instances,M1,9,6109,6809006,add,1,WarmPSO,6,1500,1488,78,0,0.3034973,5541.22756107532,5541.22756107532,0,1,3489.87731324602,0.587800104044716,1,79
addition_instances,M1,9,6109,6809006,add,1,WarmPSO,6,2500,2478,78,0,0.3034973,5405.94892062532,5405.94892062532,0,1,3489.87731324602,0.549036953278198,1,79
addition_instances,M1,9,6109,6809006,add,1,WarmPSO_Relocate,6,500,493,78,175,0.3214665,4269.39276065358,4269.39276065358,0,1,3489.87731324602,0.223364713839328,1,79
addition_instances,M1,9,6109,6809006,add,1,WarmPSO_Relocate,6,1000,988,78,400,0.3214665,3615.16417447373,3615.16417447373,0,1,3489.87731324602,0.0359000761293745,1,79
addition_instances,M1,9,6109,6809006,add,1,WarmPSO_Relocate,6,1500,1483,78,625,0.3214665,3615.16417447373,3615.16417447373,0,1,3489.87731324602,0.0359000761293745,1,79
addition_instances,M1,9,6109,6809006,add,1,WarmPSO_Relocate,6,2500,2473,78,1075,0.3214665,3615.16417447373,3615.16417447373,0,1,3489.87731324602,0.0359000761293745,1,79
addition_instances,M1,9,6109,6809007,add,1,Repair,7,500,19,0,0,0.0015857,6582.56131296826,6582.56131296826,0,1,3489.87731324602,0.886187026685377,0,NaN
addition_instances,M1,9,6109,6809007,add,1,Repair,7,1000,19,0,0,0.0015857,6582.56131296826,6582.56131296826,0,1,3489.87731324602,0.886187026685377,0,NaN
addition_instances,M1,9,6109,6809007,add,1,Repair,7,1500,19,0,0,0.0015857,6582.56131296826,6582.56131296826,0,1,3489.87731324602,0.886187026685377,0,NaN
addition_instances,M1,9,6109,6809007,add,1,Repair,7,2500,19,0,0,0.0015857,6582.56131296826,6582.56131296826,0,1,3489.87731324602,0.886187026685377,0,NaN
addition_instances,M1,9,6109,6809007,add,1,WarmPSO,7,500,498,78,0,0.2885172,5950.27282066402,5950.27282066402,0,1,3489.87731324602,0.705009169829391,1,79
addition_instances,M1,9,6109,6809007,add,1,WarmPSO,7,1000,978,78,0,0.2885172,5950.27282066402,5950.27282066402,0,1,3489.87731324602,0.705009169829391,1,79
addition_instances,M1,9,6109,6809007,add,1,WarmPSO,7,1500,1488,78,0,0.2885172,5950.27282066402,5950.27282066402,0,1,3489.87731324602,0.705009169829391,1,79
addition_instances,M1,9,6109,6809007,add,1,WarmPSO,7,2500,2478,78,0,0.2885172,5950.27282066402,5950.27282066402,0,1,3489.87731324602,0.705009169829391,1,79
addition_instances,M1,9,6109,6809007,add,1,WarmPSO_Relocate,7,500,493,78,175,0.3316957,4873.07819357401,4873.07819357401,0,1,3489.87731324602,0.396346563553387,1,79
addition_instances,M1,9,6109,6809007,add,1,WarmPSO_Relocate,7,1000,988,78,400,0.3316957,4337.31171608202,4337.31171608202,0,1,3489.87731324602,0.242826416739498,1,79
addition_instances,M1,9,6109,6809007,add,1,WarmPSO_Relocate,7,1500,1483,78,625,0.3316957,3540.04457015807,3540.04457015807,0,1,3489.87731324602,0.0143750775196709,1,79
addition_instances,M1,9,6109,6809007,add,1,WarmPSO_Relocate,7,2500,2473,78,1075,0.3316957,3340.85031301819,3340.85031301819,0,1,3489.87731324602,-0.0427026473573109,1,79
addition_instances,M1,9,6109,6809008,add,1,Repair,8,500,19,0,0,0.0020698,6582.56131296826,6582.56131296826,0,1,3489.87731324602,0.886187026685377,0,NaN
addition_instances,M1,9,6109,6809008,add,1,Repair,8,1000,19,0,0,0.0020698,6582.56131296826,6582.56131296826,0,1,3489.87731324602,0.886187026685377,0,NaN
addition_instances,M1,9,6109,6809008,add,1,Repair,8,1500,19,0,0,0.0020698,6582.56131296826,6582.56131296826,0,1,3489.87731324602,0.886187026685377,0,NaN
addition_instances,M1,9,6109,6809008,add,1,Repair,8,2500,19,0,0,0.0020698,6582.56131296826,6582.56131296826,0,1,3489.87731324602,0.886187026685377,0,NaN
addition_instances,M1,9,6109,6809008,add,1,WarmPSO,8,500,497,77,0,0.2870451,6159.17931855439,6159.17931855439,0,1,3489.87731324602,0.76486986954438,1,78
addition_instances,M1,9,6109,6809008,add,1,WarmPSO,8,1000,977,77,0,0.2870451,5997.28346021439,5997.28346021439,0,1,3489.87731324602,0.718479740663484,1,78
addition_instances,M1,9,6109,6809008,add,1,WarmPSO,8,1500,1487,77,0,0.2870451,5997.28346021439,5997.28346021439,0,1,3489.87731324602,0.718479740663484,1,78
addition_instances,M1,9,6109,6809008,add,1,WarmPSO,8,2500,2477,77,0,0.2870451,5973.83676295941,5973.83676295941,0,1,3489.87731324602,0.711761253120671,1,78
addition_instances,M1,9,6109,6809008,add,1,WarmPSO_Relocate,8,500,492,77,175,0.3423514,4835.88118424544,4835.88118424544,0,1,3489.87731324602,0.385688020003051,1,78
addition_instances,M1,9,6109,6809008,add,1,WarmPSO_Relocate,8,1000,987,77,400,0.3423514,4322.67820404991,4322.67820404991,0,1,3489.87731324602,0.238633285944738,1,78
addition_instances,M1,9,6109,6809008,add,1,WarmPSO_Relocate,8,1500,1482,77,625,0.3423514,3532.66845439459,3532.66845439459,0,1,3489.87731324602,0.0122615030007368,1,78
addition_instances,M1,9,6109,6809008,add,1,WarmPSO_Relocate,8,2500,2472,77,1075,0.3423514,3482.67700246237,3482.67700246237,0,1,3489.87731324602,-0.00206319882831497,1,78
addition_instances,M1,9,6109,6809009,add,1,Repair,9,500,19,0,0,0.0015669,6582.56131296826,6582.56131296826,0,1,3489.87731324602,0.886187026685377,0,NaN
addition_instances,M1,9,6109,6809009,add,1,Repair,9,1000,19,0,0,0.0015669,6582.56131296826,6582.56131296826,0,1,3489.87731324602,0.886187026685377,0,NaN
addition_instances,M1,9,6109,6809009,add,1,Repair,9,1500,19,0,0,0.0015669,6582.56131296826,6582.56131296826,0,1,3489.87731324602,0.886187026685377,0,NaN
addition_instances,M1,9,6109,6809009,add,1,Repair,9,2500,19,0,0,0.0015669,6582.56131296826,6582.56131296826,0,1,3489.87731324602,0.886187026685377,0,NaN
addition_instances,M1,9,6109,6809009,add,1,WarmPSO,9,500,497,77,0,0.2913215,6369.07954153926,6369.07954153926,0,1,3489.87731324602,0.825015314253333,1,78
addition_instances,M1,9,6109,6809009,add,1,WarmPSO,9,1000,977,77,0,0.2913215,6188.10264105132,6188.10264105132,0,1,3489.87731324602,0.773157645847332,1,78
addition_instances,M1,9,6109,6809009,add,1,WarmPSO,9,1500,1487,77,0,0.2913215,6188.10264105132,6188.10264105132,0,1,3489.87731324602,0.773157645847332,1,78
addition_instances,M1,9,6109,6809009,add,1,WarmPSO,9,2500,2477,77,0,0.2913215,6096.06741923005,6096.06741923005,0,1,3489.87731324602,0.746785595038568,1,78
addition_instances,M1,9,6109,6809009,add,1,WarmPSO_Relocate,9,500,492,77,175,0.3392843,4951.09202669021,4951.09202669021,0,1,3489.87731324602,0.418700883236804,1,78
addition_instances,M1,9,6109,6809009,add,1,WarmPSO_Relocate,9,1000,987,77,400,0.3392843,4035.78339893394,4035.78339893394,0,1,3489.87731324602,0.156425580812226,1,78
addition_instances,M1,9,6109,6809009,add,1,WarmPSO_Relocate,9,1500,1482,77,625,0.3392843,3716.31063492389,3716.31063492389,0,1,3489.87731324602,0.0648828888105694,1,78
addition_instances,M1,9,6109,6809009,add,1,WarmPSO_Relocate,9,2500,2472,77,1075,0.3392843,3422.06591685578,3422.06591685578,0,1,3489.87731324602,-0.0194308826080671,1,78
addition_instances,M1,9,6109,6809010,add,1,Repair,10,500,19,0,0,0.0029096,6582.56131296826,6582.56131296826,0,1,3489.87731324602,0.886187026685377,0,NaN
addition_instances,M1,9,6109,6809010,add,1,Repair,10,1000,19,0,0,0.0029096,6582.56131296826,6582.56131296826,0,1,3489.87731324602,0.886187026685377,0,NaN
addition_instances,M1,9,6109,6809010,add,1,Repair,10,1500,19,0,0,0.0029096,6582.56131296826,6582.56131296826,0,1,3489.87731324602,0.886187026685377,0,NaN
addition_instances,M1,9,6109,6809010,add,1,Repair,10,2500,19,0,0,0.0029096,6582.56131296826,6582.56131296826,0,1,3489.87731324602,0.886187026685377,0,NaN
addition_instances,M1,9,6109,6809010,add,1,WarmPSO,10,500,497,77,0,0.3146921,5564.65733685039,5564.65733685039,0,1,3489.87731324602,0.594513742855497,1,78
addition_instances,M1,9,6109,6809010,add,1,WarmPSO,10,1000,977,77,0,0.3146921,5564.65733685039,5564.65733685039,0,1,3489.87731324602,0.594513742855497,1,78
addition_instances,M1,9,6109,6809010,add,1,WarmPSO,10,1500,1487,77,0,0.3146921,5425.61127141785,5425.61127141785,0,1,3489.87731324602,0.554671062740414,1,78
addition_instances,M1,9,6109,6809010,add,1,WarmPSO,10,2500,2477,77,0,0.3146921,5299.80248963061,5299.80248963061,0,1,3489.87731324602,0.518621433915434,1,78
addition_instances,M1,9,6109,6809010,add,1,WarmPSO_Relocate,10,500,492,77,175,0.3716713,4691.17810353631,4691.17810353631,0,1,3489.87731324602,0.344224361621736,1,78
addition_instances,M1,9,6109,6809010,add,1,WarmPSO_Relocate,10,1000,987,77,400,0.3716713,4043.64673158029,4043.64673158029,0,1,3489.87731324602,0.1586787639303,1,78
addition_instances,M1,9,6109,6809010,add,1,WarmPSO_Relocate,10,1500,1482,77,625,0.3716713,3512.48054836613,3512.48054836613,0,1,3489.87731324602,0.0064767993517483,1,78
addition_instances,M1,9,6109,6809010,add,1,WarmPSO_Relocate,10,2500,2472,77,1075,0.3716713,3434.1681209746,3434.1681209746,0,1,3489.87731324602,-0.015963080438378,1,78
addition_instances,M1,10,6110,6810001,add,1,Repair,1,500,19,0,0,0.0024815,6489.22296435837,6489.22296435837,0,1,3490.38557065644,0.859170808782006,0,NaN
addition_instances,M1,10,6110,6810001,add,1,Repair,1,1000,19,0,0,0.0024815,6489.22296435837,6489.22296435837,0,1,3490.38557065644,0.859170808782006,0,NaN
addition_instances,M1,10,6110,6810001,add,1,Repair,1,1500,19,0,0,0.0024815,6489.22296435837,6489.22296435837,0,1,3490.38557065644,0.859170808782006,0,NaN
addition_instances,M1,10,6110,6810001,add,1,Repair,1,2500,19,0,0,0.0024815,6489.22296435837,6489.22296435837,0,1,3490.38557065644,0.859170808782006,0,NaN
addition_instances,M1,10,6110,6810001,add,1,WarmPSO,1,500,496,76,0,0.3231232,5241.86365119359,5241.86365119359,0,1,3490.38557065644,0.501800745241951,1,77
addition_instances,M1,10,6110,6810001,add,1,WarmPSO,1,1000,976,76,0,0.3231232,5241.86365119359,5241.86365119359,0,1,3490.38557065644,0.501800745241951,1,77
addition_instances,M1,10,6110,6810001,add,1,WarmPSO,1,1500,1486,76,0,0.3231232,5241.86365119359,5241.86365119359,0,1,3490.38557065644,0.501800745241951,1,77
addition_instances,M1,10,6110,6810001,add,1,WarmPSO,1,2500,2476,76,0,0.3231232,5241.86365119359,5241.86365119359,0,1,3490.38557065644,0.501800745241951,1,77
addition_instances,M1,10,6110,6810001,add,1,WarmPSO_Relocate,1,500,491,76,175,0.3607933,5232.04778859996,5232.04778859996,0,1,3490.38557065644,0.498988487858083,1,77
addition_instances,M1,10,6110,6810001,add,1,WarmPSO_Relocate,1,1000,986,76,400,0.3607933,4487.25698085756,4487.25698085756,0,1,3490.38557065644,0.285604953957463,1,77
addition_instances,M1,10,6110,6810001,add,1,WarmPSO_Relocate,1,1500,1481,76,625,0.3607933,4062.86170610329,4062.86170610329,0,1,3490.38557065644,0.164015156451381,1,77
addition_instances,M1,10,6110,6810001,add,1,WarmPSO_Relocate,1,2500,2471,76,1075,0.3607933,3476.69132704038,3476.69132704038,0,1,3490.38557065644,-0.00392341858480662,1,77
addition_instances,M1,10,6110,6810002,add,1,Repair,2,500,19,0,0,0.0014734,6489.22296435837,6489.22296435837,0,1,3490.38557065644,0.859170808782006,0,NaN
addition_instances,M1,10,6110,6810002,add,1,Repair,2,1000,19,0,0,0.0014734,6489.22296435837,6489.22296435837,0,1,3490.38557065644,0.859170808782006,0,NaN
addition_instances,M1,10,6110,6810002,add,1,Repair,2,1500,19,0,0,0.0014734,6489.22296435837,6489.22296435837,0,1,3490.38557065644,0.859170808782006,0,NaN
addition_instances,M1,10,6110,6810002,add,1,Repair,2,2500,19,0,0,0.0014734,6489.22296435837,6489.22296435837,0,1,3490.38557065644,0.859170808782006,0,NaN
addition_instances,M1,10,6110,6810002,add,1,WarmPSO,2,500,498,78,0,0.3149995,6254.12083119428,6254.12083119428,0,1,3490.38557065644,0.791813742233087,1,79
addition_instances,M1,10,6110,6810002,add,1,WarmPSO,2,1000,978,78,0,0.3149995,5858.45872988323,5858.45872988323,0,1,3490.38557065644,0.678456036242847,1,79
addition_instances,M1,10,6110,6810002,add,1,WarmPSO,2,1500,1488,78,0,0.3149995,5740.17257217974,5740.17257217974,0,1,3490.38557065644,0.644566898407211,1,79
addition_instances,M1,10,6110,6810002,add,1,WarmPSO,2,2500,2478,78,0,0.3149995,5291.92431556444,5291.92431556444,0,1,3490.38557065644,0.516143190612948,1,79
addition_instances,M1,10,6110,6810002,add,1,WarmPSO_Relocate,2,500,493,78,175,0.368075,5198.15223360922,5198.15223360922,0,1,3490.38557065644,0.489277367322948,1,79
addition_instances,M1,10,6110,6810002,add,1,WarmPSO_Relocate,2,1000,988,78,400,0.368075,4676.633795949,4676.633795949,0,1,3490.38557065644,0.339861657481431,1,79
addition_instances,M1,10,6110,6810002,add,1,WarmPSO_Relocate,2,1500,1483,78,625,0.368075,3955.83032666585,3955.83032666585,0,1,3490.38557065644,0.133350527208912,1,79
addition_instances,M1,10,6110,6810002,add,1,WarmPSO_Relocate,2,2500,2473,78,1075,0.368075,3908.41219595133,3908.41219595133,0,1,3490.38557065644,0.119765171163103,1,79
addition_instances,M1,10,6110,6810003,add,1,Repair,3,500,19,0,0,0.0029133,6489.22296435837,6489.22296435837,0,1,3490.38557065644,0.859170808782006,0,NaN
addition_instances,M1,10,6110,6810003,add,1,Repair,3,1000,19,0,0,0.0029133,6489.22296435837,6489.22296435837,0,1,3490.38557065644,0.859170808782006,0,NaN
addition_instances,M1,10,6110,6810003,add,1,Repair,3,1500,19,0,0,0.0029133,6489.22296435837,6489.22296435837,0,1,3490.38557065644,0.859170808782006,0,NaN
addition_instances,M1,10,6110,6810003,add,1,Repair,3,2500,19,0,0,0.0029133,6489.22296435837,6489.22296435837,0,1,3490.38557065644,0.859170808782006,0,NaN
addition_instances,M1,10,6110,6810003,add,1,WarmPSO,3,500,497,77,0,0.3185241,5423.56172153092,5423.56172153092,0,1,3490.38557065644,0.553857478419184,1,78
addition_instances,M1,10,6110,6810003,add,1,WarmPSO,3,1000,977,77,0,0.3185241,5369.51191780076,5369.51191780076,0,1,3490.38557065644,0.538372139439862,1,78
addition_instances,M1,10,6110,6810003,add,1,WarmPSO,3,1500,1487,77,0,0.3185241,5369.51191780076,5369.51191780076,0,1,3490.38557065644,0.538372139439862,1,78
addition_instances,M1,10,6110,6810003,add,1,WarmPSO,3,2500,2477,77,0,0.3185241,5369.51191780076,5369.51191780076,0,1,3490.38557065644,0.538372139439862,1,78
addition_instances,M1,10,6110,6810003,add,1,WarmPSO_Relocate,3,500,492,77,175,0.3658575,4599.47311661918,4599.47311661918,0,1,3490.38557065644,0.317755022621801,1,78
addition_instances,M1,10,6110,6810003,add,1,WarmPSO_Relocate,3,1000,987,77,400,0.3658575,4065.08687266622,4065.08687266622,0,1,3490.38557065644,0.164652669562148,1,78
addition_instances,M1,10,6110,6810003,add,1,WarmPSO_Relocate,3,1500,1482,77,625,0.3658575,3581.88576928144,3581.88576928144,0,1,3490.38557065644,0.0262149257647189,1,78
addition_instances,M1,10,6110,6810003,add,1,WarmPSO_Relocate,3,2500,2472,77,1075,0.3658575,3452.19987097939,3452.19987097939,0,1,3490.38557065644,-0.0109402525606553,1,78
addition_instances,M1,10,6110,6810004,add,1,Repair,4,500,19,0,0,0.00236,6489.22296435837,6489.22296435837,0,1,3490.38557065644,0.859170808782006,0,NaN
addition_instances,M1,10,6110,6810004,add,1,Repair,4,1000,19,0,0,0.00236,6489.22296435837,6489.22296435837,0,1,3490.38557065644,0.859170808782006,0,NaN
addition_instances,M1,10,6110,6810004,add,1,Repair,4,1500,19,0,0,0.00236,6489.22296435837,6489.22296435837,0,1,3490.38557065644,0.859170808782006,0,NaN
addition_instances,M1,10,6110,6810004,add,1,Repair,4,2500,19,0,0,0.00236,6489.22296435837,6489.22296435837,0,1,3490.38557065644,0.859170808782006,0,NaN
addition_instances,M1,10,6110,6810004,add,1,WarmPSO,4,500,498,78,0,0.3081437,5721.61122910421,5721.61122910421,0,1,3490.38557065644,0.639249049504909,1,79
addition_instances,M1,10,6110,6810004,add,1,WarmPSO,4,1000,978,78,0,0.3081437,5721.61122910421,5721.61122910421,0,1,3490.38557065644,0.639249049504909,1,79
addition_instances,M1,10,6110,6810004,add,1,WarmPSO,4,1500,1488,78,0,0.3081437,5721.61122910421,5721.61122910421,0,1,3490.38557065644,0.639249049504909,1,79
addition_instances,M1,10,6110,6810004,add,1,WarmPSO,4,2500,2478,78,0,0.3081437,5616.44880755558,5616.44880755558,0,1,3490.38557065644,0.609119879125359,1,79
addition_instances,M1,10,6110,6810004,add,1,WarmPSO_Relocate,4,500,493,78,175,0.3563196,4834.73342671608,4834.73342671608,0,1,3490.38557065644,0.38515740706744,1,79
addition_instances,M1,10,6110,6810004,add,1,WarmPSO_Relocate,4,1000,988,78,400,0.3563196,4113.11261494731,4113.11261494731,0,1,3490.38557065644,0.178412107111065,1,79
addition_instances,M1,10,6110,6810004,add,1,WarmPSO_Relocate,4,1500,1483,78,625,0.3563196,3878.32421195232,3878.32421195232,0,1,3490.38557065644,0.111144924663128,1,79
addition_instances,M1,10,6110,6810004,add,1,WarmPSO_Relocate,4,2500,2473,78,1075,0.3563196,3337.60060846554,3337.60060846554,0,1,3490.38557065644,-0.0437730901351863,1,79
addition_instances,M1,10,6110,6810005,add,1,Repair,5,500,19,0,0,0.0026249,6489.22296435837,6489.22296435837,0,1,3490.38557065644,0.859170808782006,0,NaN
addition_instances,M1,10,6110,6810005,add,1,Repair,5,1000,19,0,0,0.0026249,6489.22296435837,6489.22296435837,0,1,3490.38557065644,0.859170808782006,0,NaN
addition_instances,M1,10,6110,6810005,add,1,Repair,5,1500,19,0,0,0.0026249,6489.22296435837,6489.22296435837,0,1,3490.38557065644,0.859170808782006,0,NaN
addition_instances,M1,10,6110,6810005,add,1,Repair,5,2500,19,0,0,0.0026249,6489.22296435837,6489.22296435837,0,1,3490.38557065644,0.859170808782006,0,NaN
addition_instances,M1,10,6110,6810005,add,1,WarmPSO,5,500,497,77,0,0.3198178,5403.33143587879,5403.33143587879,0,1,3490.38557065644,0.548061475300731,1,78
addition_instances,M1,10,6110,6810005,add,1,WarmPSO,5,1000,977,77,0,0.3198178,5403.33143587879,5403.33143587879,0,1,3490.38557065644,0.548061475300731,1,78
addition_instances,M1,10,6110,6810005,add,1,WarmPSO,5,1500,1487,77,0,0.3198178,5239.06402526522,5239.06402526522,0,1,3490.38557065644,0.500998648776762,1,78
addition_instances,M1,10,6110,6810005,add,1,WarmPSO,5,2500,2477,77,0,0.3198178,5239.06402526522,5239.06402526522,0,1,3490.38557065644,0.500998648776762,1,78
addition_instances,M1,10,6110,6810005,add,1,WarmPSO_Relocate,5,500,492,77,175,0.3693155,4982.02243241211,4982.02243241211,0,1,3490.38557065644,0.427355898527608,1,78
addition_instances,M1,10,6110,6810005,add,1,WarmPSO_Relocate,5,1000,987,77,400,0.3693155,4079.00685438281,4079.00685438281,0,1,3490.38557065644,0.168640762405991,1,78
addition_instances,M1,10,6110,6810005,add,1,WarmPSO_Relocate,5,1500,1482,77,625,0.3693155,3934.73299802287,3934.73299802287,0,1,3490.38557065644,0.127306115147291,1,78
addition_instances,M1,10,6110,6810005,add,1,WarmPSO_Relocate,5,2500,2472,77,1075,0.3693155,3653.85375472417,3653.85375472417,0,1,3490.38557065644,0.0468338470803941,1,78
addition_instances,M1,10,6110,6810006,add,1,Repair,6,500,19,0,0,0.0019478,6489.22296435837,6489.22296435837,0,1,3490.38557065644,0.859170808782006,0,NaN
addition_instances,M1,10,6110,6810006,add,1,Repair,6,1000,19,0,0,0.0019478,6489.22296435837,6489.22296435837,0,1,3490.38557065644,0.859170808782006,0,NaN
addition_instances,M1,10,6110,6810006,add,1,Repair,6,1500,19,0,0,0.0019478,6489.22296435837,6489.22296435837,0,1,3490.38557065644,0.859170808782006,0,NaN
addition_instances,M1,10,6110,6810006,add,1,Repair,6,2500,19,0,0,0.0019478,6489.22296435837,6489.22296435837,0,1,3490.38557065644,0.859170808782006,0,NaN
addition_instances,M1,10,6110,6810006,add,1,WarmPSO,6,500,497,77,0,0.3300162,5770.79919266404,5770.79919266404,0,1,3490.38557065644,0.653341464959908,1,78
addition_instances,M1,10,6110,6810006,add,1,WarmPSO,6,1000,977,77,0,0.3300162,5665.6367711154,5665.6367711154,0,1,3490.38557065644,0.623212294580357,1,78
addition_instances,M1,10,6110,6810006,add,1,WarmPSO,6,1500,1487,77,0,0.3300162,5665.6367711154,5665.6367711154,0,1,3490.38557065644,0.623212294580357,1,78
addition_instances,M1,10,6110,6810006,add,1,WarmPSO,6,2500,2477,77,0,0.3300162,5616.44880755558,5616.44880755558,0,1,3490.38557065644,0.609119879125359,1,78
addition_instances,M1,10,6110,6810006,add,1,WarmPSO_Relocate,6,500,492,77,175,0.3432383,4116.86412120106,4116.86412120106,0,1,3490.38557065644,0.179486918525968,1,78
addition_instances,M1,10,6110,6810006,add,1,WarmPSO_Relocate,6,1000,987,77,400,0.3432383,3880.3561429573,3880.3561429573,0,1,3490.38557065644,0.111727075535534,1,78
addition_instances,M1,10,6110,6810006,add,1,WarmPSO_Relocate,6,1500,1482,77,625,0.3432383,3880.3561429573,3880.3561429573,0,1,3490.38557065644,0.111727075535534,1,78
addition_instances,M1,10,6110,6810006,add,1,WarmPSO_Relocate,6,2500,2472,77,1075,0.3432383,3880.3561429573,3880.3561429573,0,1,3490.38557065644,0.111727075535534,1,78
addition_instances,M1,10,6110,6810007,add,1,Repair,7,500,19,0,0,0.0021343,6489.22296435837,6489.22296435837,0,1,3490.38557065644,0.859170808782006,0,NaN
addition_instances,M1,10,6110,6810007,add,1,Repair,7,1000,19,0,0,0.0021343,6489.22296435837,6489.22296435837,0,1,3490.38557065644,0.859170808782006,0,NaN
addition_instances,M1,10,6110,6810007,add,1,Repair,7,1500,19,0,0,0.0021343,6489.22296435837,6489.22296435837,0,1,3490.38557065644,0.859170808782006,0,NaN
addition_instances,M1,10,6110,6810007,add,1,Repair,7,2500,19,0,0,0.0021343,6489.22296435837,6489.22296435837,0,1,3490.38557065644,0.859170808782006,0,NaN
addition_instances,M1,10,6110,6810007,add,1,WarmPSO,7,500,498,78,0,0.2940258,5770.79919266404,5770.79919266404,0,1,3490.38557065644,0.653341464959908,1,79
addition_instances,M1,10,6110,6810007,add,1,WarmPSO,7,1000,978,78,0,0.2940258,5513.64715103409,5513.64715103409,0,1,3490.38557065644,0.579667070992716,1,79
addition_instances,M1,10,6110,6810007,add,1,WarmPSO,7,1500,1488,78,0,0.2940258,5513.64715103409,5513.64715103409,0,1,3490.38557065644,0.579667070992716,1,79
addition_instances,M1,10,6110,6810007,add,1,WarmPSO,7,2500,2478,78,0,0.2940258,5241.86365119359,5241.86365119359,0,1,3490.38557065644,0.501800745241951,1,79
addition_instances,M1,10,6110,6810007,add,1,WarmPSO_Relocate,7,500,493,78,175,0.3623242,5348.40068114638,5348.40068114638,0,1,3490.38557065644,0.532323742714908,1,79
addition_instances,M1,10,6110,6810007,add,1,WarmPSO_Relocate,7,1000,988,78,400,0.3623242,4639.78629891975,4639.78629891975,0,1,3490.38557065644,0.329304801717693,1,79
addition_instances,M1,10,6110,6810007,add,1,WarmPSO_Relocate,7,1500,1483,78,625,0.3623242,4172.76991516679,4172.76991516679,0,1,3490.38557065644,0.195504001118714,1,79
addition_instances,M1,10,6110,6810007,add,1,WarmPSO_Relocate,7,2500,2473,78,1075,0.3623242,3556.27233204103,3556.27233204103,0,1,3490.38557065644,0.0188766427235146,1,79
addition_instances,M1,10,6110,6810008,add,1,Repair,8,500,19,0,0,0.0021269,6489.22296435837,6489.22296435837,0,1,3490.38557065644,0.859170808782006,0,NaN
addition_instances,M1,10,6110,6810008,add,1,Repair,8,1000,19,0,0,0.0021269,6489.22296435837,6489.22296435837,0,1,3490.38557065644,0.859170808782006,0,NaN
addition_instances,M1,10,6110,6810008,add,1,Repair,8,1500,19,0,0,0.0021269,6489.22296435837,6489.22296435837,0,1,3490.38557065644,0.859170808782006,0,NaN
addition_instances,M1,10,6110,6810008,add,1,Repair,8,2500,19,0,0,0.0021269,6489.22296435837,6489.22296435837,0,1,3490.38557065644,0.859170808782006,0,NaN
addition_instances,M1,10,6110,6810008,add,1,WarmPSO,8,500,496,76,0,0.3024951,5721.61122910421,5721.61122910421,0,1,3490.38557065644,0.639249049504909,1,77
addition_instances,M1,10,6110,6810008,add,1,WarmPSO,8,1000,976,76,0,0.3024951,5721.61122910421,5721.61122910421,0,1,3490.38557065644,0.639249049504909,1,77
addition_instances,M1,10,6110,6810008,add,1,WarmPSO,8,1500,1486,76,0,0.3024951,5672.58951905906,5672.58951905906,0,1,3490.38557065644,0.625204265897827,1,77
addition_instances,M1,10,6110,6810008,add,1,WarmPSO,8,2500,2476,76,0,0.3024951,5285.3255567397,5285.3255567397,0,1,3490.38557065644,0.514252637637878,1,77
addition_instances,M1,10,6110,6810008,add,1,WarmPSO_Relocate,8,500,491,76,175,0.3286949,5188.49783920576,5188.49783920576,0,1,3490.38557065644,0.486511370785309,1,77
addition_instances,M1,10,6110,6810008,add,1,WarmPSO_Relocate,8,1000,986,76,400,0.3286949,4662.08645638223,4662.08645638223,0,1,3490.38557065644,0.335693825798574,1,77
addition_instances,M1,10,6110,6810008,add,1,WarmPSO_Relocate,8,1500,1481,76,625,0.3286949,4475.88341264382,4475.88341264382,0,1,3490.38557065644,0.282346411889974,1,77
addition_instances,M1,10,6110,6810008,add,1,WarmPSO_Relocate,8,2500,2471,76,1075,0.3286949,3897.38914193079,3897.38914193079,0,1,3490.38557065644,0.116607051867283,1,77
addition_instances,M1,10,6110,6810009,add,1,Repair,9,500,19,0,0,0.001869,6489.22296435837,6489.22296435837,0,1,3490.38557065644,0.859170808782006,0,NaN
addition_instances,M1,10,6110,6810009,add,1,Repair,9,1000,19,0,0,0.001869,6489.22296435837,6489.22296435837,0,1,3490.38557065644,0.859170808782006,0,NaN
addition_instances,M1,10,6110,6810009,add,1,Repair,9,1500,19,0,0,0.001869,6489.22296435837,6489.22296435837,0,1,3490.38557065644,0.859170808782006,0,NaN
addition_instances,M1,10,6110,6810009,add,1,Repair,9,2500,19,0,0,0.001869,6489.22296435837,6489.22296435837,0,1,3490.38557065644,0.859170808782006,0,NaN
addition_instances,M1,10,6110,6810009,add,1,WarmPSO,9,500,496,76,0,0.3039755,6012.54588275567,6012.54588275567,0,1,3490.38557065644,0.72260220569984,1,77
addition_instances,M1,10,6110,6810009,add,1,WarmPSO,9,1000,976,76,0,0.3039755,5755.21983283019,5755.21983283019,0,1,3490.38557065644,0.64887795812994,1,77
addition_instances,M1,10,6110,6810009,add,1,WarmPSO,9,1500,1486,76,0,0.3039755,5496.12139563772,5496.12139563772,0,1,3490.38557065644,0.574645919305719,1,77
addition_instances,M1,10,6110,6810009,add,1,WarmPSO,9,2500,2476,76,0,0.3039755,5320.62569538483,5320.62569538483,0,1,3490.38557065644,0.524366173214549,1,77
addition_instances,M1,10,6110,6810009,add,1,WarmPSO_Relocate,9,500,491,76,175,0.3419731,4903.21233304137,4903.21233304137,0,1,3490.38557065644,0.404776702683658,1,77
addition_instances,M1,10,6110,6810009,add,1,WarmPSO_Relocate,9,1000,986,76,400,0.3419731,3543.76418332747,3543.76418332747,0,1,3490.38557065644,0.015293041869008,1,77
addition_instances,M1,10,6110,6810009,add,1,WarmPSO_Relocate,9,1500,1481,76,625,0.3419731,3236.90438642237,3236.90438642237,0,1,3490.38557065644,-0.0726226885548321,1,77
addition_instances,M1,10,6110,6810009,add,1,WarmPSO_Relocate,9,2500,2471,76,1075,0.3419731,3236.90438642237,3236.90438642237,0,1,3490.38557065644,-0.0726226885548321,1,77
addition_instances,M1,10,6110,6810010,add,1,Repair,10,500,19,0,0,0.0025519,6489.22296435837,6489.22296435837,0,1,3490.38557065644,0.859170808782006,0,NaN
addition_instances,M1,10,6110,6810010,add,1,Repair,10,1000,19,0,0,0.0025519,6489.22296435837,6489.22296435837,0,1,3490.38557065644,0.859170808782006,0,NaN
addition_instances,M1,10,6110,6810010,add,1,Repair,10,1500,19,0,0,0.0025519,6489.22296435837,6489.22296435837,0,1,3490.38557065644,0.859170808782006,0,NaN
addition_instances,M1,10,6110,6810010,add,1,Repair,10,2500,19,0,0,0.0025519,6489.22296435837,6489.22296435837,0,1,3490.38557065644,0.859170808782006,0,NaN
addition_instances,M1,10,6110,6810010,add,1,WarmPSO,10,500,496,76,0,0.3070151,5623.53454807213,5623.53454807213,0,1,3490.38557065644,0.611149952987718,1,77
addition_instances,M1,10,6110,6810010,add,1,WarmPSO,10,1000,976,76,0,0.3070151,5578.96312396846,5578.96312396846,0,1,3490.38557065644,0.598380182083789,1,77
addition_instances,M1,10,6110,6810010,add,1,WarmPSO,10,1500,1486,76,0,0.3070151,5497.08167085042,5497.08167085042,0,1,3490.38557065644,0.574921039401554,1,77
addition_instances,M1,10,6110,6810010,add,1,WarmPSO,10,2500,2476,76,0,0.3070151,5197.29647771297,5197.29647771297,0,1,3490.38557065644,0.489032192147047,1,77
addition_instances,M1,10,6110,6810010,add,1,WarmPSO_Relocate,10,500,491,76,175,0.3194027,4859.98809590029,4859.98809590029,0,1,3490.38557065644,0.392392902594503,1,77
addition_instances,M1,10,6110,6810010,add,1,WarmPSO_Relocate,10,1000,986,76,400,0.3194027,3976.60477243823,3976.60477243823,0,1,3490.38557065644,0.139302432908681,1,77
addition_instances,M1,10,6110,6810010,add,1,WarmPSO_Relocate,10,1500,1481,76,625,0.3194027,3740.27195875098,3740.27195875098,0,1,3490.38557065644,0.071592774791224,1,77
addition_instances,M1,10,6110,6810010,add,1,WarmPSO_Relocate,10,2500,2471,76,1075,0.3194027,3645.75068215502,3645.75068215502,0,1,3490.38557065644,0.0445123062634501,1,77
addition_stress_instances,Near,2,8102,8802001,add,2,Repair,1,500,38,0,0,0.006747,5920.53733720663,5920.53733720663,0,1,5389.34801289283,0.0985628174397054,0,NaN
addition_stress_instances,Near,2,8102,8802001,add,2,Repair,1,1000,38,0,0,0.006747,5920.53733720663,5920.53733720663,0,1,5389.34801289283,0.0985628174397054,0,NaN
addition_stress_instances,Near,2,8102,8802001,add,2,Repair,1,1500,38,0,0,0.006747,5920.53733720663,5920.53733720663,0,1,5389.34801289283,0.0985628174397054,0,NaN
addition_stress_instances,Near,2,8102,8802001,add,2,Repair,1,2500,38,0,0,0.006747,5920.53733720663,5920.53733720663,0,1,5389.34801289283,0.0985628174397054,0,NaN
addition_stress_instances,Near,2,8102,8802001,add,2,WarmPSO,1,500,500,200,0,0.312004,5538.25689542542,5538.25689542542,0,1,5389.34801289283,0.0276302220929786,1,201
addition_stress_instances,Near,2,8102,8802001,add,2,WarmPSO,1,1000,980,200,0,0.312004,5469.05845257998,5469.05845257998,0,1,5389.34801289283,0.0147903678694448,1,201
addition_stress_instances,Near,2,8102,8802001,add,2,WarmPSO,1,1500,1490,200,0,0.312004,5469.05845257998,5469.05845257998,0,1,5389.34801289283,0.0147903678694448,1,201
addition_stress_instances,Near,2,8102,8802001,add,2,WarmPSO,1,2500,2480,200,0,0.312004,5469.05845257998,5469.05845257998,0,1,5389.34801289283,0.0147903678694448,1,201
addition_stress_instances,Near,2,8102,8802001,add,2,WarmPSO_Relocate,1,500,450,200,100,0.3568026,5381.61396034734,5381.61396034734,0,1,5389.34801289283,-0.00143506274358166,1,201
addition_stress_instances,Near,2,8102,8802001,add,2,WarmPSO_Relocate,1,1000,1000,200,350,0.3568026,4687.77320208048,4687.77320208048,0,1,5389.34801289283,-0.130178049206321,1,201
addition_stress_instances,Near,2,8102,8802001,add,2,WarmPSO_Relocate,1,1500,1495,200,575,0.3568026,4359.16700669963,4359.16700669963,0,1,5389.34801289283,-0.19115132363483,1,201
addition_stress_instances,Near,2,8102,8802001,add,2,WarmPSO_Relocate,1,2500,2485,200,1025,0.3568026,4251.51145863044,4251.51145863044,0,1,5389.34801289283,-0.21112693994531,1,201
addition_stress_instances,Near,2,8102,8802002,add,2,Repair,2,500,38,0,0,0.0045754,5920.53733720663,5920.53733720663,0,1,5389.34801289283,0.0985628174397054,0,NaN
addition_stress_instances,Near,2,8102,8802002,add,2,Repair,2,1000,38,0,0,0.0045754,5920.53733720663,5920.53733720663,0,1,5389.34801289283,0.0985628174397054,0,NaN
addition_stress_instances,Near,2,8102,8802002,add,2,Repair,2,1500,38,0,0,0.0045754,5920.53733720663,5920.53733720663,0,1,5389.34801289283,0.0985628174397054,0,NaN
addition_stress_instances,Near,2,8102,8802002,add,2,Repair,2,2500,38,0,0,0.0045754,5920.53733720663,5920.53733720663,0,1,5389.34801289283,0.0985628174397054,0,NaN
addition_stress_instances,Near,2,8102,8802002,add,2,WarmPSO,2,500,500,200,0,0.2899916,5657.28409845514,5657.28409845514,0,1,5389.34801289283,0.0497158626463398,1,201
addition_stress_instances,Near,2,8102,8802002,add,2,WarmPSO,2,1000,980,200,0,0.2899916,5504.25577703829,5504.25577703829,0,1,5389.34801289283,0.0213212737181875,1,201
addition_stress_instances,Near,2,8102,8802002,add,2,WarmPSO,2,1500,1490,200,0,0.2899916,5504.25577703829,5504.25577703829,0,1,5389.34801289283,0.0213212737181875,1,201
addition_stress_instances,Near,2,8102,8802002,add,2,WarmPSO,2,2500,2480,200,0,0.2899916,5504.25577703829,5504.25577703829,0,1,5389.34801289283,0.0213212737181875,1,201
addition_stress_instances,Near,2,8102,8802002,add,2,WarmPSO_Relocate,2,500,450,200,100,0.359044,5458.99049949245,5458.99049949245,0,1,5389.34801289283,0.0129222470757149,1,201
addition_stress_instances,Near,2,8102,8802002,add,2,WarmPSO_Relocate,2,1000,1000,200,350,0.359044,5097.64047297165,5097.64047297165,0,1,5389.34801289283,-0.0541266845680282,1,201
addition_stress_instances,Near,2,8102,8802002,add,2,WarmPSO_Relocate,2,1500,1495,200,575,0.359044,4673.14818547606,4673.14818547606,0,1,5389.34801289283,-0.132891738611687,1,201
addition_stress_instances,Near,2,8102,8802002,add,2,WarmPSO_Relocate,2,2500,2485,200,1025,0.359044,4051.08951279441,4051.08951279441,0,1,5389.34801289283,-0.248315472835847,1,201
addition_stress_instances,Near,2,8102,8802003,add,2,Repair,3,500,38,0,0,0.0051229,5920.53733720663,5920.53733720663,0,1,5389.34801289283,0.0985628174397054,0,NaN
addition_stress_instances,Near,2,8102,8802003,add,2,Repair,3,1000,38,0,0,0.0051229,5920.53733720663,5920.53733720663,0,1,5389.34801289283,0.0985628174397054,0,NaN
addition_stress_instances,Near,2,8102,8802003,add,2,Repair,3,1500,38,0,0,0.0051229,5920.53733720663,5920.53733720663,0,1,5389.34801289283,0.0985628174397054,0,NaN
addition_stress_instances,Near,2,8102,8802003,add,2,Repair,3,2500,38,0,0,0.0051229,5920.53733720663,5920.53733720663,0,1,5389.34801289283,0.0985628174397054,0,NaN
addition_stress_instances,Near,2,8102,8802003,add,2,WarmPSO,3,500,500,200,0,0.3208592,5793.82635986227,5793.82635986227,0,1,5389.34801289283,0.0750514433289161,1,201
addition_stress_instances,Near,2,8102,8802003,add,2,WarmPSO,3,1000,980,200,0,0.3208592,5507.45503266796,5507.45503266796,0,1,5389.34801289283,0.0219148994447164,1,201
addition_stress_instances,Near,2,8102,8802003,add,2,WarmPSO,3,1500,1490,200,0,0.3208592,5507.45503266796,5507.45503266796,0,1,5389.34801289283,0.0219148994447164,1,201
addition_stress_instances,Near,2,8102,8802003,add,2,WarmPSO,3,2500,2480,200,0,0.3208592,5469.05845257998,5469.05845257998,0,1,5389.34801289283,0.0147903678694448,1,201
addition_stress_instances,Near,2,8102,8802003,add,2,WarmPSO_Relocate,3,500,450,200,100,0.3866436,5465.55061708461,5465.55061708461,0,1,5389.34801289283,0.0141394847780244,1,201
addition_stress_instances,Near,2,8102,8802003,add,2,WarmPSO_Relocate,3,1000,1000,200,350,0.3866436,4918.23575654941,4918.23575654941,0,1,5389.34801289283,-0.0874154452851057,1,201
addition_stress_instances,Near,2,8102,8802003,add,2,WarmPSO_Relocate,3,1500,1495,200,575,0.3866436,4660.08917692931,4660.08917692931,0,1,5389.34801289283,-0.135314853340131,1,201
addition_stress_instances,Near,2,8102,8802003,add,2,WarmPSO_Relocate,3,2500,2485,200,1025,0.3866436,4251.5283139631,4251.5283139631,0,1,5389.34801289283,-0.21112381241808,1,201
addition_stress_instances,Near,2,8102,8802004,add,2,Repair,4,500,38,0,0,0.0032637,5920.53733720663,5920.53733720663,0,1,5389.34801289283,0.0985628174397054,0,NaN
addition_stress_instances,Near,2,8102,8802004,add,2,Repair,4,1000,38,0,0,0.0032637,5920.53733720663,5920.53733720663,0,1,5389.34801289283,0.0985628174397054,0,NaN
addition_stress_instances,Near,2,8102,8802004,add,2,Repair,4,1500,38,0,0,0.0032637,5920.53733720663,5920.53733720663,0,1,5389.34801289283,0.0985628174397054,0,NaN
addition_stress_instances,Near,2,8102,8802004,add,2,Repair,4,2500,38,0,0,0.0032637,5920.53733720663,5920.53733720663,0,1,5389.34801289283,0.0985628174397054,0,NaN
addition_stress_instances,Near,2,8102,8802004,add,2,WarmPSO,4,500,500,200,0,0.2944134,5597.80786350795,5597.80786350795,0,1,5389.34801289283,0.0386799757811929,1,201
addition_stress_instances,Near,2,8102,8802004,add,2,WarmPSO,4,1000,980,200,0,0.2944134,5469.05845257998,5469.05845257998,0,1,5389.34801289283,0.0147903678694448,1,201
addition_stress_instances,Near,2,8102,8802004,add,2,WarmPSO,4,1500,1490,200,0,0.2944134,5469.05845257998,5469.05845257998,0,1,5389.34801289283,0.0147903678694448,1,201
addition_stress_instances,Near,2,8102,8802004,add,2,WarmPSO,4,2500,2480,200,0,0.2944134,5469.05845257998,5469.05845257998,0,1,5389.34801289283,0.0147903678694448,1,201
addition_stress_instances,Near,2,8102,8802004,add,2,WarmPSO_Relocate,4,500,450,200,100,0.3953394,5538.7832871834,5538.7832871834,0,1,5389.34801289283,0.02772789471622,1,201
addition_stress_instances,Near,2,8102,8802004,add,2,WarmPSO_Relocate,4,1000,1000,200,350,0.3953394,4602.61658173813,4602.61658173813,0,1,5389.34801289283,-0.145978962440841,1,201
addition_stress_instances,Near,2,8102,8802004,add,2,WarmPSO_Relocate,4,1500,1495,200,575,0.3953394,4101.01743775341,4101.01743775341,0,1,5389.34801289283,-0.23905128636291,1,201
addition_stress_instances,Near,2,8102,8802004,add,2,WarmPSO_Relocate,4,2500,2485,200,1025,0.3953394,3860.92676474813,3860.92676474813,0,1,5389.34801289283,-0.28360039924835,1,201
addition_stress_instances,Near,2,8102,8802005,add,2,Repair,5,500,38,0,0,0.004269,5920.53733720663,5920.53733720663,0,1,5389.34801289283,0.0985628174397054,0,NaN
addition_stress_instances,Near,2,8102,8802005,add,2,Repair,5,1000,38,0,0,0.004269,5920.53733720663,5920.53733720663,0,1,5389.34801289283,0.0985628174397054,0,NaN
addition_stress_instances,Near,2,8102,8802005,add,2,Repair,5,1500,38,0,0,0.004269,5920.53733720663,5920.53733720663,0,1,5389.34801289283,0.0985628174397054,0,NaN
addition_stress_instances,Near,2,8102,8802005,add,2,Repair,5,2500,38,0,0,0.004269,5920.53733720663,5920.53733720663,0,1,5389.34801289283,0.0985628174397054,0,NaN
addition_stress_instances,Near,2,8102,8802005,add,2,WarmPSO,5,500,500,200,0,0.334112,5614.561284499,5614.561284499,0,1,5389.34801289283,0.0417885931781345,1,201
addition_stress_instances,Near,2,8102,8802005,add,2,WarmPSO,5,1000,980,200,0,0.334112,5558.43581541211,5558.43581541211,0,1,5389.34801289283,0.031374444944875,1,201
addition_stress_instances,Near,2,8102,8802005,add,2,WarmPSO,5,1500,1490,200,0,0.334112,5524.20845365901,5524.20845365901,0,1,5389.34801289283,0.025023516841658,1,201
addition_stress_instances,Near,2,8102,8802005,add,2,WarmPSO,5,2500,2480,200,0,0.334112,5504.25577703829,5504.25577703829,0,1,5389.34801289283,0.0213212737181875,1,201
addition_stress_instances,Near,2,8102,8802005,add,2,WarmPSO_Relocate,5,500,450,200,100,0.3661127,5317.70409851467,5317.70409851467,0,1,5389.34801289283,-0.0132936144050775,1,201
addition_stress_instances,Near,2,8102,8802005,add,2,WarmPSO_Relocate,5,1000,1000,200,350,0.3661127,4953.32290850624,4953.32290850624,0,1,5389.34801289283,-0.0809049820764028,1,201
addition_stress_instances,Near,2,8102,8802005,add,2,WarmPSO_Relocate,5,1500,1495,200,575,0.3661127,4653.435646684,4653.435646684,0,1,5389.34801289283,-0.136549423872484,1,201
addition_stress_instances,Near,2,8102,8802005,add,2,WarmPSO_Relocate,5,2500,2485,200,1025,0.3661127,3833.38901710573,3833.38901710573,0,1,5389.34801289283,-0.288710061414629,1,201
addition_stress_instances,Near,2,8102,8802006,add,2,Repair,6,500,38,0,0,0.0043987,5920.53733720663,5920.53733720663,0,1,5389.34801289283,0.0985628174397054,0,NaN
addition_stress_instances,Near,2,8102,8802006,add,2,Repair,6,1000,38,0,0,0.0043987,5920.53733720663,5920.53733720663,0,1,5389.34801289283,0.0985628174397054,0,NaN
addition_stress_instances,Near,2,8102,8802006,add,2,Repair,6,1500,38,0,0,0.0043987,5920.53733720663,5920.53733720663,0,1,5389.34801289283,0.0985628174397054,0,NaN
addition_stress_instances,Near,2,8102,8802006,add,2,Repair,6,2500,38,0,0,0.0043987,5920.53733720663,5920.53733720663,0,1,5389.34801289283,0.0985628174397054,0,NaN
addition_stress_instances,Near,2,8102,8802006,add,2,WarmPSO,6,500,500,200,0,0.3242686,5759.48992194465,5759.48992194465,0,1,5389.34801289283,0.068680276012299,1,201
addition_stress_instances,Near,2,8102,8802006,add,2,WarmPSO,6,1000,980,200,0,0.3242686,5669.01525589727,5669.01525589727,0,1,5389.34801289283,0.0518925930066854,1,201
addition_stress_instances,Near,2,8102,8802006,add,2,WarmPSO,6,1500,1490,200,0,0.3242686,5422.79999570218,5422.79999570218,0,1,5389.34801289283,0.00620705560845505,1,201
addition_stress_instances,Near,2,8102,8802006,add,2,WarmPSO,6,2500,2480,200,0,0.3242686,5038.82830718861,5038.82830718861,0,1,5389.34801289283,-0.065039352601778,1,201
addition_stress_instances,Near,2,8102,8802006,add,2,WarmPSO_Relocate,6,500,450,200,100,0.3527557,5421.20666714628,5421.20666714628,0,1,5389.34801289283,0.00591141158025593,1,201
addition_stress_instances,Near,2,8102,8802006,add,2,WarmPSO_Relocate,6,1000,1000,200,350,0.3527557,4780.75432806438,4780.75432806438,0,1,5389.34801289283,-0.112925289547554,1,201
addition_stress_instances,Near,2,8102,8802006,add,2,WarmPSO_Relocate,6,1500,1495,200,575,0.3527557,4525.17345381019,4525.17345381019,0,1,5389.34801289283,-0.160348627888809,1,201
addition_stress_instances,Near,2,8102,8802006,add,2,WarmPSO_Relocate,6,2500,2485,200,1025,0.3527557,4241.06557354047,4241.06557354047,0,1,5389.34801289283,-0.21306518647624,1,201
addition_stress_instances,Near,2,8102,8802007,add,2,Repair,7,500,38,0,0,0.0035245,5920.53733720663,5920.53733720663,0,1,5389.34801289283,0.0985628174397054,0,NaN
addition_stress_instances,Near,2,8102,8802007,add,2,Repair,7,1000,38,0,0,0.0035245,5920.53733720663,5920.53733720663,0,1,5389.34801289283,0.0985628174397054,0,NaN
addition_stress_instances,Near,2,8102,8802007,add,2,Repair,7,1500,38,0,0,0.0035245,5920.53733720663,5920.53733720663,0,1,5389.34801289283,0.0985628174397054,0,NaN
addition_stress_instances,Near,2,8102,8802007,add,2,Repair,7,2500,38,0,0,0.0035245,5920.53733720663,5920.53733720663,0,1,5389.34801289283,0.0985628174397054,0,NaN
addition_stress_instances,Near,2,8102,8802007,add,2,WarmPSO,7,500,500,200,0,0.2864109,5422.79999570218,5422.79999570218,0,1,5389.34801289283,0.00620705560845505,1,201
addition_stress_instances,Near,2,8102,8802007,add,2,WarmPSO,7,1000,980,200,0,0.2864109,5332.44716486219,5332.44716486219,0,1,5389.34801289283,-0.0105580207280216,1,201
addition_stress_instances,Near,2,8102,8802007,add,2,WarmPSO,7,1500,1490,200,0,0.2864109,5038.82830718861,5038.82830718861,0,1,5389.34801289283,-0.065039352601778,1,201
addition_stress_instances,Near,2,8102,8802007,add,2,WarmPSO,7,2500,2480,200,0,0.2864109,5038.82830718861,5038.82830718861,0,1,5389.34801289283,-0.065039352601778,1,201
addition_stress_instances,Near,2,8102,8802007,add,2,WarmPSO_Relocate,7,500,450,200,100,0.3599061,5201.2579352806,5201.2579352806,0,1,5389.34801289283,-0.0349003399228011,1,201
addition_stress_instances,Near,2,8102,8802007,add,2,WarmPSO_Relocate,7,1000,1000,200,350,0.3599061,4853.38145686463,4853.38145686463,0,1,5389.34801289283,-0.0994492385249618,1,201
addition_stress_instances,Near,2,8102,8802007,add,2,WarmPSO_Relocate,7,1500,1495,200,575,0.3599061,4496.74594175125,4496.74594175125,0,1,5389.34801289283,-0.165623386911779,1,201
addition_stress_instances,Near,2,8102,8802007,add,2,WarmPSO_Relocate,7,2500,2485,200,1025,0.3599061,3876.97848773365,3876.97848773365,0,1,5389.34801289283,-0.280621982759542,1,201
addition_stress_instances,Near,2,8102,8802008,add,2,Repair,8,500,38,0,0,0.0041066,5920.53733720663,5920.53733720663,0,1,5389.34801289283,0.0985628174397054,0,NaN
addition_stress_instances,Near,2,8102,8802008,add,2,Repair,8,1000,38,0,0,0.0041066,5920.53733720663,5920.53733720663,0,1,5389.34801289283,0.0985628174397054,0,NaN
addition_stress_instances,Near,2,8102,8802008,add,2,Repair,8,1500,38,0,0,0.0041066,5920.53733720663,5920.53733720663,0,1,5389.34801289283,0.0985628174397054,0,NaN
addition_stress_instances,Near,2,8102,8802008,add,2,Repair,8,2500,38,0,0,0.0041066,5920.53733720663,5920.53733720663,0,1,5389.34801289283,0.0985628174397054,0,NaN
addition_stress_instances,Near,2,8102,8802008,add,2,WarmPSO,8,500,500,200,0,0.3147251,5646.70816512377,5646.70816512377,0,1,5389.34801289283,0.0477534855079423,1,201
addition_stress_instances,Near,2,8102,8802008,add,2,WarmPSO,8,1000,980,200,0,0.3147251,5469.05845257998,5469.05845257998,0,1,5389.34801289283,0.0147903678694448,1,201
addition_stress_instances,Near,2,8102,8802008,add,2,WarmPSO,8,1500,1490,200,0,0.3147251,5469.05845257998,5469.05845257998,0,1,5389.34801289283,0.0147903678694448,1,201
addition_stress_instances,Near,2,8102,8802008,add,2,WarmPSO,8,2500,2480,200,0,0.3147251,5469.05845257998,5469.05845257998,0,1,5389.34801289283,0.0147903678694448,1,201
addition_stress_instances,Near,2,8102,8802008,add,2,WarmPSO_Relocate,8,500,450,200,100,0.3420774,5080.81204305753,5080.81204305753,0,1,5389.34801289283,-0.0572492199607809,1,201
addition_stress_instances,Near,2,8102,8802008,add,2,WarmPSO_Relocate,8,1000,1000,200,350,0.3420774,4869.53391468525,4869.53391468525,0,1,5389.34801289283,-0.0964521305664513,1,201
addition_stress_instances,Near,2,8102,8802008,add,2,WarmPSO_Relocate,8,1500,1495,200,575,0.3420774,4869.53391468525,4869.53391468525,0,1,5389.34801289283,-0.0964521305664513,1,201
addition_stress_instances,Near,2,8102,8802008,add,2,WarmPSO_Relocate,8,2500,2485,200,1025,0.3420774,4653.32427427157,4653.32427427157,0,1,5389.34801289283,-0.136570089157444,1,201
addition_stress_instances,Near,2,8102,8802009,add,2,Repair,9,500,38,0,0,0.003855,5920.53733720663,5920.53733720663,0,1,5389.34801289283,0.0985628174397054,0,NaN
addition_stress_instances,Near,2,8102,8802009,add,2,Repair,9,1000,38,0,0,0.003855,5920.53733720663,5920.53733720663,0,1,5389.34801289283,0.0985628174397054,0,NaN
addition_stress_instances,Near,2,8102,8802009,add,2,Repair,9,1500,38,0,0,0.003855,5920.53733720663,5920.53733720663,0,1,5389.34801289283,0.0985628174397054,0,NaN
addition_stress_instances,Near,2,8102,8802009,add,2,Repair,9,2500,38,0,0,0.003855,5920.53733720663,5920.53733720663,0,1,5389.34801289283,0.0985628174397054,0,NaN
addition_stress_instances,Near,2,8102,8802009,add,2,WarmPSO,9,500,500,200,0,0.3173945,5507.45503266796,5507.45503266796,0,1,5389.34801289283,0.0219148994447164,1,201
addition_stress_instances,Near,2,8102,8802009,add,2,WarmPSO,9,1000,980,200,0,0.3173945,5507.45503266796,5507.45503266796,0,1,5389.34801289283,0.0219148994447164,1,201
addition_stress_instances,Near,2,8102,8802009,add,2,WarmPSO,9,1500,1490,200,0,0.3173945,5507.45503266796,5507.45503266796,0,1,5389.34801289283,0.0219148994447164,1,201
addition_stress_instances,Near,2,8102,8802009,add,2,WarmPSO,9,2500,2480,200,0,0.3173945,5469.05845257998,5469.05845257998,0,1,5389.34801289283,0.0147903678694448,1,201
addition_stress_instances,Near,2,8102,8802009,add,2,WarmPSO_Relocate,9,500,450,200,100,0.3501877,5426.74812335056,5426.74812335056,0,1,5389.34801289283,0.00693963543795251,1,201
addition_stress_instances,Near,2,8102,8802009,add,2,WarmPSO_Relocate,9,1000,1000,200,350,0.3501877,4676.50840315098,4676.50840315098,0,1,5389.34801289283,-0.13226824618424,1,201
addition_stress_instances,Near,2,8102,8802009,add,2,WarmPSO_Relocate,9,1500,1495,200,575,0.3501877,4123.29311961058,4123.29311961058,0,1,5389.34801289283,-0.234918006826335,1,201
addition_stress_instances,Near,2,8102,8802009,add,2,WarmPSO_Relocate,9,2500,2485,200,1025,0.3501877,3778.01442793313,3778.01442793313,0,1,5389.34801289283,-0.298984882977484,1,201
addition_stress_instances,Near,2,8102,8802010,add,2,Repair,10,500,38,0,0,0.0032794,5920.53733720663,5920.53733720663,0,1,5389.34801289283,0.0985628174397054,0,NaN
addition_stress_instances,Near,2,8102,8802010,add,2,Repair,10,1000,38,0,0,0.0032794,5920.53733720663,5920.53733720663,0,1,5389.34801289283,0.0985628174397054,0,NaN
addition_stress_instances,Near,2,8102,8802010,add,2,Repair,10,1500,38,0,0,0.0032794,5920.53733720663,5920.53733720663,0,1,5389.34801289283,0.0985628174397054,0,NaN
addition_stress_instances,Near,2,8102,8802010,add,2,Repair,10,2500,38,0,0,0.0032794,5920.53733720663,5920.53733720663,0,1,5389.34801289283,0.0985628174397054,0,NaN
addition_stress_instances,Near,2,8102,8802010,add,2,WarmPSO,10,500,500,200,0,0.2924788,5507.45503266796,5507.45503266796,0,1,5389.34801289283,0.0219148994447164,1,201
addition_stress_instances,Near,2,8102,8802010,add,2,WarmPSO,10,1000,980,200,0,0.2924788,5507.45503266796,5507.45503266796,0,1,5389.34801289283,0.0219148994447164,1,201
addition_stress_instances,Near,2,8102,8802010,add,2,WarmPSO,10,1500,1490,200,0,0.2924788,5507.45503266796,5507.45503266796,0,1,5389.34801289283,0.0219148994447164,1,201
addition_stress_instances,Near,2,8102,8802010,add,2,WarmPSO,10,2500,2480,200,0,0.2924788,5296.66768760158,5296.66768760158,0,1,5389.34801289283,-0.0171969457287855,1,201
addition_stress_instances,Near,2,8102,8802010,add,2,WarmPSO_Relocate,10,500,450,200,100,0.341953,5321.67548540449,5321.67548540449,0,1,5389.34801289283,-0.0125567187953823,1,201
addition_stress_instances,Near,2,8102,8802010,add,2,WarmPSO_Relocate,10,1000,1000,200,350,0.341953,4553.89543026678,4553.89543026678,0,1,5389.34801289283,-0.155019230643006,1,201
addition_stress_instances,Near,2,8102,8802010,add,2,WarmPSO_Relocate,10,1500,1495,200,575,0.341953,4110.65203049277,4110.65203049277,0,1,5389.34801289283,-0.237263576102538,1,201
addition_stress_instances,Near,2,8102,8802010,add,2,WarmPSO_Relocate,10,2500,2485,200,1025,0.341953,4002.45583302162,4002.45583302162,0,1,5389.34801289283,-0.257339510559232,1,201
addition_stress_instances,Near,4,8104,8804001,add,2,Repair,1,500,38,0,0,0.0035418,5290.18380321429,5290.18380321429,0,1,4876.55252165822,0.0848204299490287,0,NaN
addition_stress_instances,Near,4,8104,8804001,add,2,Repair,1,1000,38,0,0,0.0035418,5290.18380321429,5290.18380321429,0,1,4876.55252165822,0.0848204299490287,0,NaN
addition_stress_instances,Near,4,8104,8804001,add,2,Repair,1,1500,38,0,0,0.0035418,5290.18380321429,5290.18380321429,0,1,4876.55252165822,0.0848204299490287,0,NaN
addition_stress_instances,Near,4,8104,8804001,add,2,Repair,1,2500,38,0,0,0.0035418,5290.18380321429,5290.18380321429,0,1,4876.55252165822,0.0848204299490287,0,NaN
addition_stress_instances,Near,4,8104,8804001,add,2,WarmPSO,1,500,500,200,0,0.2975411,5290.18380321429,5290.18380321429,0,1,4876.55252165822,0.0848204299490287,0,201
addition_stress_instances,Near,4,8104,8804001,add,2,WarmPSO,1,1000,980,200,0,0.2975411,5004.6061904979,5004.6061904979,0,1,4876.55252165822,0.0262590566329292,1,201
addition_stress_instances,Near,4,8104,8804001,add,2,WarmPSO,1,1500,1490,200,0,0.2975411,5004.6061904979,5004.6061904979,0,1,4876.55252165822,0.0262590566329292,1,201
addition_stress_instances,Near,4,8104,8804001,add,2,WarmPSO,1,2500,2480,200,0,0.2975411,5004.6061904979,5004.6061904979,0,1,4876.55252165822,0.0262590566329292,1,201
addition_stress_instances,Near,4,8104,8804001,add,2,WarmPSO_Relocate,1,500,450,200,100,0.3475164,4721.38916828179,4721.38916828179,0,1,4876.55252165822,-0.0318182471504815,1,201
addition_stress_instances,Near,4,8104,8804001,add,2,WarmPSO_Relocate,1,1000,1000,200,350,0.3475164,4151.11005345245,4151.11005345245,0,1,4876.55252165822,-0.148761336001995,1,201
addition_stress_instances,Near,4,8104,8804001,add,2,WarmPSO_Relocate,1,1500,1495,200,575,0.3475164,3960.05122645447,3960.05122645447,0,1,4876.55252165822,-0.187940413054774,1,201
addition_stress_instances,Near,4,8104,8804001,add,2,WarmPSO_Relocate,1,2500,2485,200,1025,0.3475164,3538.63331425118,3538.63331425118,0,1,4876.55252165822,-0.274357592062208,1,201
addition_stress_instances,Near,4,8104,8804002,add,2,Repair,2,500,38,0,0,0.0048411,5290.18380321429,5290.18380321429,0,1,4876.55252165822,0.0848204299490287,0,NaN
addition_stress_instances,Near,4,8104,8804002,add,2,Repair,2,1000,38,0,0,0.0048411,5290.18380321429,5290.18380321429,0,1,4876.55252165822,0.0848204299490287,0,NaN
addition_stress_instances,Near,4,8104,8804002,add,2,Repair,2,1500,38,0,0,0.0048411,5290.18380321429,5290.18380321429,0,1,4876.55252165822,0.0848204299490287,0,NaN
addition_stress_instances,Near,4,8104,8804002,add,2,Repair,2,2500,38,0,0,0.0048411,5290.18380321429,5290.18380321429,0,1,4876.55252165822,0.0848204299490287,0,NaN
addition_stress_instances,Near,4,8104,8804002,add,2,WarmPSO,2,500,500,200,0,0.3079054,5290.18380321429,5290.18380321429,0,1,4876.55252165822,0.0848204299490287,0,201
addition_stress_instances,Near,4,8104,8804002,add,2,WarmPSO,2,1000,980,200,0,0.3079054,5104.41257170743,5104.41257170743,0,1,4876.55252165822,0.0467256425594144,1,201
addition_stress_instances,Near,4,8104,8804002,add,2,WarmPSO,2,1500,1490,200,0,0.3079054,5013.85852202049,5013.85852202049,0,1,4876.55252165822,0.0281563665627408,1,201
addition_stress_instances,Near,4,8104,8804002,add,2,WarmPSO,2,2500,2480,200,0,0.3079054,5004.6061904979,5004.6061904979,0,1,4876.55252165822,0.0262590566329292,1,201
addition_stress_instances,Near,4,8104,8804002,add,2,WarmPSO_Relocate,2,500,450,200,100,0.3546084,4858.01733378368,4858.01733378368,0,1,4876.55252165822,-0.00380087936963967,1,201
addition_stress_instances,Near,4,8104,8804002,add,2,WarmPSO_Relocate,2,1000,1000,200,350,0.3546084,4294.0071719948,4294.0071719948,0,1,4876.55252165822,-0.119458438533403,1,201
addition_stress_instances,Near,4,8104,8804002,add,2,WarmPSO_Relocate,2,1500,1495,200,575,0.3546084,3963.45120356708,3963.45120356708,0,1,4876.55252165822,-0.18724320388959,1,201
addition_stress_instances,Near,4,8104,8804002,add,2,WarmPSO_Relocate,2,2500,2485,200,1025,0.3546084,3628.91621364337,3628.91621364337,0,1,4876.55252165822,-0.255843918931197,1,201
addition_stress_instances,Near,4,8104,8804003,add,2,Repair,3,500,38,0,0,0.0040307,5290.18380321429,5290.18380321429,0,1,4876.55252165822,0.0848204299490287,0,NaN
addition_stress_instances,Near,4,8104,8804003,add,2,Repair,3,1000,38,0,0,0.0040307,5290.18380321429,5290.18380321429,0,1,4876.55252165822,0.0848204299490287,0,NaN
addition_stress_instances,Near,4,8104,8804003,add,2,Repair,3,1500,38,0,0,0.0040307,5290.18380321429,5290.18380321429,0,1,4876.55252165822,0.0848204299490287,0,NaN
addition_stress_instances,Near,4,8104,8804003,add,2,Repair,3,2500,38,0,0,0.0040307,5290.18380321429,5290.18380321429,0,1,4876.55252165822,0.0848204299490287,0,NaN
addition_stress_instances,Near,4,8104,8804003,add,2,WarmPSO,3,500,500,200,0,0.3182655,5104.41257170743,5104.41257170743,0,1,4876.55252165822,0.0467256425594144,1,201
addition_stress_instances,Near,4,8104,8804003,add,2,WarmPSO,3,1000,980,200,0,0.3182655,5104.41257170743,5104.41257170743,0,1,4876.55252165822,0.0467256425594144,1,201
addition_stress_instances,Near,4,8104,8804003,add,2,WarmPSO,3,1500,1490,200,0,0.3182655,5104.41257170743,5104.41257170743,0,1,4876.55252165822,0.0467256425594144,1,201
addition_stress_instances,Near,4,8104,8804003,add,2,WarmPSO,3,2500,2480,200,0,0.3182655,5104.41257170743,5104.41257170743,0,1,4876.55252165822,0.0467256425594144,1,201
addition_stress_instances,Near,4,8104,8804003,add,2,WarmPSO_Relocate,3,500,450,200,100,0.3510728,4651.9768207518,4651.9768207518,0,1,4876.55252165822,-0.0460521444009915,1,201
addition_stress_instances,Near,4,8104,8804003,add,2,WarmPSO_Relocate,3,1000,1000,200,350,0.3510728,4358.91159489212,4358.91159489212,0,1,4876.55252165822,-0.106148949379116,1,201
addition_stress_instances,Near,4,8104,8804003,add,2,WarmPSO_Relocate,3,1500,1495,200,575,0.3510728,4358.56351631875,4358.56351631875,0,1,4876.55252165822,-0.106220327380649,1,201
addition_stress_instances,Near,4,8104,8804003,add,2,WarmPSO_Relocate,3,2500,2485,200,1025,0.3510728,3792.30368158574,3792.30368158574,0,1,4876.55252165822,-0.222339211001422,1,201
addition_stress_instances,Near,4,8104,8804004,add,2,Repair,4,500,38,0,0,0.0048856,5290.18380321429,5290.18380321429,0,1,4876.55252165822,0.0848204299490287,0,NaN
addition_stress_instances,Near,4,8104,8804004,add,2,Repair,4,1000,38,0,0,0.0048856,5290.18380321429,5290.18380321429,0,1,4876.55252165822,0.0848204299490287,0,NaN
addition_stress_instances,Near,4,8104,8804004,add,2,Repair,4,1500,38,0,0,0.0048856,5290.18380321429,5290.18380321429,0,1,4876.55252165822,0.0848204299490287,0,NaN
addition_stress_instances,Near,4,8104,8804004,add,2,Repair,4,2500,38,0,0,0.0048856,5290.18380321429,5290.18380321429,0,1,4876.55252165822,0.0848204299490287,0,NaN
addition_stress_instances,Near,4,8104,8804004,add,2,WarmPSO,4,500,500,200,0,0.3097418,5290.18380321429,5290.18380321429,0,1,4876.55252165822,0.0848204299490287,0,201
addition_stress_instances,Near,4,8104,8804004,add,2,WarmPSO,4,1000,980,200,0,0.3097418,5104.41257170743,5104.41257170743,0,1,4876.55252165822,0.0467256425594144,1,201
addition_stress_instances,Near,4,8104,8804004,add,2,WarmPSO,4,1500,1490,200,0,0.3097418,5104.41257170743,5104.41257170743,0,1,4876.55252165822,0.0467256425594144,1,201
addition_stress_instances,Near,4,8104,8804004,add,2,WarmPSO,4,2500,2480,200,0,0.3097418,5104.41257170743,5104.41257170743,0,1,4876.55252165822,0.0467256425594144,1,201
addition_stress_instances,Near,4,8104,8804004,add,2,WarmPSO_Relocate,4,500,450,200,100,0.3541277,4964.68333187583,4964.68333187583,0,1,4876.55252165822,0.0180723594847376,1,201
addition_stress_instances,Near,4,8104,8804004,add,2,WarmPSO_Relocate,4,1000,1000,200,350,0.3541277,4149.90909335924,4149.90909335924,0,1,4876.55252165822,-0.149007608360977,1,201
addition_stress_instances,Near,4,8104,8804004,add,2,WarmPSO_Relocate,4,1500,1495,200,575,0.3541277,3822.87258803094,3822.87258803094,0,1,4876.55252165822,-0.216070662409063,1,201
addition_stress_instances,Near,4,8104,8804004,add,2,WarmPSO_Relocate,4,2500,2485,200,1025,0.3541277,3444.45125775829,3444.45125775829,0,1,4876.55252165822,-0.293670837654172,1,201
addition_stress_instances,Near,4,8104,8804005,add,2,Repair,5,500,38,0,0,0.0037316,5290.18380321429,5290.18380321429,0,1,4876.55252165822,0.0848204299490287,0,NaN
addition_stress_instances,Near,4,8104,8804005,add,2,Repair,5,1000,38,0,0,0.0037316,5290.18380321429,5290.18380321429,0,1,4876.55252165822,0.0848204299490287,0,NaN
addition_stress_instances,Near,4,8104,8804005,add,2,Repair,5,1500,38,0,0,0.0037316,5290.18380321429,5290.18380321429,0,1,4876.55252165822,0.0848204299490287,0,NaN
addition_stress_instances,Near,4,8104,8804005,add,2,Repair,5,2500,38,0,0,0.0037316,5290.18380321429,5290.18380321429,0,1,4876.55252165822,0.0848204299490287,0,NaN
addition_stress_instances,Near,4,8104,8804005,add,2,WarmPSO,5,500,500,200,0,0.292951,4986.78188724865,4986.78188724865,0,1,4876.55252165822,0.0226039533258107,1,201
addition_stress_instances,Near,4,8104,8804005,add,2,WarmPSO,5,1000,980,200,0,0.292951,4935.30802864446,4935.30802864446,0,1,4876.55252165822,0.0120485746283448,1,201
addition_stress_instances,Near,4,8104,8804005,add,2,WarmPSO,5,1500,1490,200,0,0.292951,4782.61249484399,4782.61249484399,0,1,4876.55252165822,-0.019263614284275,1,201
addition_stress_instances,Near,4,8104,8804005,add,2,WarmPSO,5,2500,2480,200,0,0.292951,4782.61249484399,4782.61249484399,0,1,4876.55252165822,-0.019263614284275,1,201
addition_stress_instances,Near,4,8104,8804005,add,2,WarmPSO_Relocate,5,500,450,200,100,0.3332216,4778.68086064849,4778.68086064849,0,1,4876.55252165822,-0.0200698465924542,1,201
addition_stress_instances,Near,4,8104,8804005,add,2,WarmPSO_Relocate,5,1000,1000,200,350,0.3332216,4222.17716574072,4222.17716574072,0,1,4876.55252165822,-0.134188107892046,1,201
addition_stress_instances,Near,4,8104,8804005,add,2,WarmPSO_Relocate,5,1500,1495,200,575,0.3332216,4057.19915558472,4057.19915558472,0,1,4876.55252165822,-0.168018977020039,1,201
addition_stress_instances,Near,4,8104,8804005,add,2,WarmPSO_Relocate,5,2500,2485,200,1025,0.3332216,3782.22670833647,3782.22670833647,0,1,4876.55252165822,-0.224405624354812,1,201
addition_stress_instances,Near,4,8104,8804006,add,2,Repair,6,500,38,0,0,0.0047408,5290.18380321429,5290.18380321429,0,1,4876.55252165822,0.0848204299490287,0,NaN
addition_stress_instances,Near,4,8104,8804006,add,2,Repair,6,1000,38,0,0,0.0047408,5290.18380321429,5290.18380321429,0,1,4876.55252165822,0.0848204299490287,0,NaN
addition_stress_instances,Near,4,8104,8804006,add,2,Repair,6,1500,38,0,0,0.0047408,5290.18380321429,5290.18380321429,0,1,4876.55252165822,0.0848204299490287,0,NaN
addition_stress_instances,Near,4,8104,8804006,add,2,Repair,6,2500,38,0,0,0.0047408,5290.18380321429,5290.18380321429,0,1,4876.55252165822,0.0848204299490287,0,NaN
addition_stress_instances,Near,4,8104,8804006,add,2,WarmPSO,6,500,500,200,0,0.3076463,5290.18380321429,5290.18380321429,0,1,4876.55252165822,0.0848204299490287,0,201
addition_stress_instances,Near,4,8104,8804006,add,2,WarmPSO,6,1000,980,200,0,0.3076463,5290.18380321429,5290.18380321429,0,1,4876.55252165822,0.0848204299490287,0,201
addition_stress_instances,Near,4,8104,8804006,add,2,WarmPSO,6,1500,1490,200,0,0.3076463,5104.41257170743,5104.41257170743,0,1,4876.55252165822,0.0467256425594144,1,201
addition_stress_instances,Near,4,8104,8804006,add,2,WarmPSO,6,2500,2480,200,0,0.3076463,5004.6061904979,5004.6061904979,0,1,4876.55252165822,0.0262590566329292,1,201
addition_stress_instances,Near,4,8104,8804006,add,2,WarmPSO_Relocate,6,500,450,200,100,0.3595164,4989.67560067524,4989.67560067524,0,1,4876.55252165822,0.0231973465915936,1,201
addition_stress_instances,Near,4,8104,8804006,add,2,WarmPSO_Relocate,6,1000,1000,200,350,0.3595164,4309.87568206705,4309.87568206705,0,1,4876.55252165822,-0.116204395846121,1,201
addition_stress_instances,Near,4,8104,8804006,add,2,WarmPSO_Relocate,6,1500,1495,200,575,0.3595164,4303.11565050231,4303.11565050231,0,1,4876.55252165822,-0.117590627519975,1,201
addition_stress_instances,Near,4,8104,8804006,add,2,WarmPSO_Relocate,6,2500,2485,200,1025,0.3595164,3849.855357658,3849.855357658,0,1,4876.55252165822,-0.21053749743089,1,201
addition_stress_instances,Near,4,8104,8804007,add,2,Repair,7,500,38,0,0,0.0055443,5290.18380321429,5290.18380321429,0,1,4876.55252165822,0.0848204299490287,0,NaN
addition_stress_instances,Near,4,8104,8804007,add,2,Repair,7,1000,38,0,0,0.0055443,5290.18380321429,5290.18380321429,0,1,4876.55252165822,0.0848204299490287,0,NaN
addition_stress_instances,Near,4,8104,8804007,add,2,Repair,7,1500,38,0,0,0.0055443,5290.18380321429,5290.18380321429,0,1,4876.55252165822,0.0848204299490287,0,NaN
addition_stress_instances,Near,4,8104,8804007,add,2,Repair,7,2500,38,0,0,0.0055443,5290.18380321429,5290.18380321429,0,1,4876.55252165822,0.0848204299490287,0,NaN
addition_stress_instances,Near,4,8104,8804007,add,2,WarmPSO,7,500,500,200,0,0.315739,5290.18380321429,5290.18380321429,0,1,4876.55252165822,0.0848204299490287,0,201
addition_stress_instances,Near,4,8104,8804007,add,2,WarmPSO,7,1000,980,200,0,0.315739,5104.41257170743,5104.41257170743,0,1,4876.55252165822,0.0467256425594144,1,201
addition_stress_instances,Near,4,8104,8804007,add,2,WarmPSO,7,1500,1490,200,0,0.315739,5104.41257170743,5104.41257170743,0,1,4876.55252165822,0.0467256425594144,1,201
addition_stress_instances,Near,4,8104,8804007,add,2,WarmPSO,7,2500,2480,200,0,0.315739,5004.6061904979,5004.6061904979,0,1,4876.55252165822,0.0262590566329292,1,201
addition_stress_instances,Near,4,8104,8804007,add,2,WarmPSO_Relocate,7,500,450,200,100,0.3476636,4852.04339725186,4852.04339725186,0,1,4876.55252165822,-0.00502591211670672,1,201
addition_stress_instances,Near,4,8104,8804007,add,2,WarmPSO_Relocate,7,1000,1000,200,350,0.3476636,4729.96721615675,4729.96721615675,0,1,4876.55252165822,-0.0300592077805877,1,201
addition_stress_instances,Near,4,8104,8804007,add,2,WarmPSO_Relocate,7,1500,1495,200,575,0.3476636,4619.12591560597,4619.12591560597,0,1,4876.55252165822,-0.0527886462637161,1,201
addition_stress_instances,Near,4,8104,8804007,add,2,WarmPSO_Relocate,7,2500,2485,200,1025,0.3476636,4258.99574187716,4258.99574187716,0,1,4876.55252165822,-0.126637983911443,1,201
addition_stress_instances,Near,4,8104,8804008,add,2,Repair,8,500,38,0,0,0.003684,5290.18380321429,5290.18380321429,0,1,4876.55252165822,0.0848204299490287,0,NaN
addition_stress_instances,Near,4,8104,8804008,add,2,Repair,8,1000,38,0,0,0.003684,5290.18380321429,5290.18380321429,0,1,4876.55252165822,0.0848204299490287,0,NaN
addition_stress_instances,Near,4,8104,8804008,add,2,Repair,8,1500,38,0,0,0.003684,5290.18380321429,5290.18380321429,0,1,4876.55252165822,0.0848204299490287,0,NaN
addition_stress_instances,Near,4,8104,8804008,add,2,Repair,8,2500,38,0,0,0.003684,5290.18380321429,5290.18380321429,0,1,4876.55252165822,0.0848204299490287,0,NaN
addition_stress_instances,Near,4,8104,8804008,add,2,WarmPSO,8,500,500,200,0,0.3113371,5290.18380321429,5290.18380321429,0,1,4876.55252165822,0.0848204299490287,0,201
addition_stress_instances,Near,4,8104,8804008,add,2,WarmPSO,8,1000,980,200,0,0.3113371,5104.41257170743,5104.41257170743,0,1,4876.55252165822,0.0467256425594144,1,201
addition_stress_instances,Near,4,8104,8804008,add,2,WarmPSO,8,1500,1490,200,0,0.3113371,5104.41257170743,5104.41257170743,0,1,4876.55252165822,0.0467256425594144,1,201
addition_stress_instances,Near,4,8104,8804008,add,2,WarmPSO,8,2500,2480,200,0,0.3113371,5104.41257170743,5104.41257170743,0,1,4876.55252165822,0.0467256425594144,1,201
addition_stress_instances,Near,4,8104,8804008,add,2,WarmPSO_Relocate,8,500,450,200,100,0.3656351,4852.25262770247,4852.25262770247,0,1,4876.55252165822,-0.00498300671382662,1,201
addition_stress_instances,Near,4,8104,8804008,add,2,WarmPSO_Relocate,8,1000,1000,200,350,0.3656351,4247.59936023192,4247.59936023192,0,1,4876.55252165822,-0.128974958976229,1,201
addition_stress_instances,Near,4,8104,8804008,add,2,WarmPSO_Relocate,8,1500,1495,200,575,0.3656351,3984.0667194217,3984.0667194217,0,1,4876.55252165822,-0.183015726432295,1,201
addition_stress_instances,Near,4,8104,8804008,add,2,WarmPSO_Relocate,8,2500,2485,200,1025,0.3656351,3281.06378981592,3281.06378981592,0,1,4876.55252165822,-0.327175545583947,1,201
addition_stress_instances,Near,4,8104,8804009,add,2,Repair,9,500,38,0,0,0.0039197,5290.18380321429,5290.18380321429,0,1,4876.55252165822,0.0848204299490287,0,NaN
addition_stress_instances,Near,4,8104,8804009,add,2,Repair,9,1000,38,0,0,0.0039197,5290.18380321429,5290.18380321429,0,1,4876.55252165822,0.0848204299490287,0,NaN
addition_stress_instances,Near,4,8104,8804009,add,2,Repair,9,1500,38,0,0,0.0039197,5290.18380321429,5290.18380321429,0,1,4876.55252165822,0.0848204299490287,0,NaN
addition_stress_instances,Near,4,8104,8804009,add,2,Repair,9,2500,38,0,0,0.0039197,5290.18380321429,5290.18380321429,0,1,4876.55252165822,0.0848204299490287,0,NaN
addition_stress_instances,Near,4,8104,8804009,add,2,WarmPSO,9,500,500,200,0,0.293574,5178.24355652593,5178.24355652593,0,1,4876.55252165822,0.0618656383844559,1,201
addition_stress_instances,Near,4,8104,8804009,add,2,WarmPSO,9,1000,980,200,0,0.293574,5104.41257170743,5104.41257170743,0,1,4876.55252165822,0.0467256425594144,1,201
addition_stress_instances,Near,4,8104,8804009,add,2,WarmPSO,9,1500,1490,200,0,0.293574,5104.41257170743,5104.41257170743,0,1,4876.55252165822,0.0467256425594144,1,201
addition_stress_instances,Near,4,8104,8804009,add,2,WarmPSO,9,2500,2480,200,0,0.293574,5104.41257170743,5104.41257170743,0,1,4876.55252165822,0.0467256425594144,1,201
addition_stress_instances,Near,4,8104,8804009,add,2,WarmPSO_Relocate,9,500,450,200,100,0.355467,5095.31013230791,5095.31013230791,0,1,4876.55252165822,0.0448590699429819,1,201
addition_stress_instances,Near,4,8104,8804009,add,2,WarmPSO_Relocate,9,1000,1000,200,350,0.355467,4397.5616154354,4397.5616154354,0,1,4876.55252165822,-0.0982232640980435,1,201
addition_stress_instances,Near,4,8104,8804009,add,2,WarmPSO_Relocate,9,1500,1495,200,575,0.355467,4162.82607562772,4162.82607562772,0,1,4876.55252165822,-0.146358814523298,1,201
addition_stress_instances,Near,4,8104,8804009,add,2,WarmPSO_Relocate,9,2500,2485,200,1025,0.355467,3659.48512008857,3659.48512008857,0,1,4876.55252165822,-0.249575370338838,1,201
addition_stress_instances,Near,4,8104,8804010,add,2,Repair,10,500,38,0,0,0.0043536,5290.18380321429,5290.18380321429,0,1,4876.55252165822,0.0848204299490287,0,NaN
addition_stress_instances,Near,4,8104,8804010,add,2,Repair,10,1000,38,0,0,0.0043536,5290.18380321429,5290.18380321429,0,1,4876.55252165822,0.0848204299490287,0,NaN
addition_stress_instances,Near,4,8104,8804010,add,2,Repair,10,1500,38,0,0,0.0043536,5290.18380321429,5290.18380321429,0,1,4876.55252165822,0.0848204299490287,0,NaN
addition_stress_instances,Near,4,8104,8804010,add,2,Repair,10,2500,38,0,0,0.0043536,5290.18380321429,5290.18380321429,0,1,4876.55252165822,0.0848204299490287,0,NaN
addition_stress_instances,Near,4,8104,8804010,add,2,WarmPSO,10,500,500,200,0,0.2811626,5199.13870067826,5199.13870067826,0,1,4876.55252165822,0.0661504572312798,1,201
addition_stress_instances,Near,4,8104,8804010,add,2,WarmPSO,10,1000,980,200,0,0.2811626,5199.13870067826,5199.13870067826,0,1,4876.55252165822,0.0661504572312798,1,201
addition_stress_instances,Near,4,8104,8804010,add,2,WarmPSO,10,1500,1490,200,0,0.2811626,5199.13870067826,5199.13870067826,0,1,4876.55252165822,0.0661504572312798,1,201
addition_stress_instances,Near,4,8104,8804010,add,2,WarmPSO,10,2500,2480,200,0,0.2811626,5104.41257170743,5104.41257170743,0,1,4876.55252165822,0.0467256425594144,1,201
addition_stress_instances,Near,4,8104,8804010,add,2,WarmPSO_Relocate,10,500,450,200,100,0.3465509,5331.38375962084,5331.38375962084,0,1,4876.55252165822,0.0932690124719423,0,201
addition_stress_instances,Near,4,8104,8804010,add,2,WarmPSO_Relocate,10,1000,1000,200,350,0.3465509,4244.54421143078,4244.54421143078,0,1,4876.55252165822,-0.129601456648012,1,201
addition_stress_instances,Near,4,8104,8804010,add,2,WarmPSO_Relocate,10,1500,1495,200,575,0.3465509,3940.57812795227,3940.57812795227,0,1,4876.55252165822,-0.191933623097261,1,201
addition_stress_instances,Near,4,8104,8804010,add,2,WarmPSO_Relocate,10,2500,2485,200,1025,0.3465509,3895.66882425345,3895.66882425345,0,1,4876.55252165822,-0.201142855131443,1,201
addition_stress_instances,Tight,1,8301,9001001,add,2,Repair,1,500,38,0,0,0.0053469,6241.80716801765,6241.80716801765,0,1,5260.35770335712,0.18657466279036,0,NaN
addition_stress_instances,Tight,1,8301,9001001,add,2,Repair,1,1000,38,0,0,0.0053469,6241.80716801765,6241.80716801765,0,1,5260.35770335712,0.18657466279036,0,NaN
addition_stress_instances,Tight,1,8301,9001001,add,2,Repair,1,1500,38,0,0,0.0053469,6241.80716801765,6241.80716801765,0,1,5260.35770335712,0.18657466279036,0,NaN
addition_stress_instances,Tight,1,8301,9001001,add,2,Repair,1,2500,38,0,0,0.0053469,6241.80716801765,6241.80716801765,0,1,5260.35770335712,0.18657466279036,0,NaN
addition_stress_instances,Tight,1,8301,9001001,add,2,WarmPSO,1,500,500,200,0,0.3474159,4824.40843079449,4824.40843079449,0,1,5260.35770335712,-0.0828744540099263,1,201
addition_stress_instances,Tight,1,8301,9001001,add,2,WarmPSO,1,1000,980,200,0,0.3474159,4621.13214557804,4621.13214557804,0,1,5260.35770335712,-0.121517507710765,1,201
addition_stress_instances,Tight,1,8301,9001001,add,2,WarmPSO,1,1500,1490,200,0,0.3474159,4312.76181393652,4312.76181393652,0,1,5260.35770335712,-0.180139059519823,1,201
addition_stress_instances,Tight,1,8301,9001001,add,2,WarmPSO,1,2500,2480,200,0,0.3474159,4234.77428372589,4234.77428372589,0,1,5260.35770335712,-0.194964577974748,1,201
addition_stress_instances,Tight,1,8301,9001001,add,2,WarmPSO_Relocate,1,500,450,200,100,0.4476425,4768.34763367699,4768.34763367699,0,1,5260.35770335712,-0.0935316754915994,1,201
addition_stress_instances,Tight,1,8301,9001001,add,2,WarmPSO_Relocate,1,1000,1000,200,350,0.4476425,4071.05571997509,4071.05571997509,0,1,5260.35770335712,-0.226087663700708,1,201
addition_stress_instances,Tight,1,8301,9001001,add,2,WarmPSO_Relocate,1,1500,1495,200,575,0.4476425,3782.71968557085,3782.71968557085,0,1,5260.35770335712,-0.280900672751447,1,201
addition_stress_instances,Tight,1,8301,9001001,add,2,WarmPSO_Relocate,1,2500,2485,200,1025,0.4476425,3717.94139350256,3717.94139350256,0,1,5260.35770335712,-0.29321509996748,1,201
addition_stress_instances,Tight,1,8301,9001002,add,2,Repair,2,500,38,0,0,0.0041649,6241.80716801765,6241.80716801765,0,1,5260.35770335712,0.18657466279036,0,NaN
addition_stress_instances,Tight,1,8301,9001002,add,2,Repair,2,1000,38,0,0,0.0041649,6241.80716801765,6241.80716801765,0,1,5260.35770335712,0.18657466279036,0,NaN
addition_stress_instances,Tight,1,8301,9001002,add,2,Repair,2,1500,38,0,0,0.0041649,6241.80716801765,6241.80716801765,0,1,5260.35770335712,0.18657466279036,0,NaN
addition_stress_instances,Tight,1,8301,9001002,add,2,Repair,2,2500,38,0,0,0.0041649,6241.80716801765,6241.80716801765,0,1,5260.35770335712,0.18657466279036,0,NaN
addition_stress_instances,Tight,1,8301,9001002,add,2,WarmPSO,2,500,500,200,0,0.3025872,4462.06297018704,4462.06297018704,0,1,5260.35770335712,-0.151756739405881,1,201
addition_stress_instances,Tight,1,8301,9001002,add,2,WarmPSO,2,1000,980,200,0,0.3025872,4297.33380397985,4297.33380397985,0,1,5260.35770335712,-0.183071941811614,1,201
addition_stress_instances,Tight,1,8301,9001002,add,2,WarmPSO,2,1500,1490,200,0,0.3025872,4270.54257381276,4270.54257381276,0,1,5260.35770335712,-0.188164985227652,1,201
addition_stress_instances,Tight,1,8301,9001002,add,2,WarmPSO,2,2500,2480,200,0,0.3025872,4093.04125161818,4093.04125161818,0,1,5260.35770335712,-0.221908189056035,1,201
addition_stress_instances,Tight,1,8301,9001002,add,2,WarmPSO_Relocate,2,500,450,200,100,0.3592077,4599.65528499838,4599.65528499838,0,1,5260.35770335712,-0.125600283406029,1,201
addition_stress_instances,Tight,1,8301,9001002,add,2,WarmPSO_Relocate,2,1000,1000,200,350,0.3592077,3977.38837414036,3977.38837414036,0,1,5260.35770335712,-0.243893932992045,1,201
addition_stress_instances,Tight,1,8301,9001002,add,2,WarmPSO_Relocate,2,1500,1495,200,575,0.3592077,3656.71352775919,3656.71352775919,0,1,5260.35770335712,-0.304854587089106,1,201
addition_stress_instances,Tight,1,8301,9001002,add,2,WarmPSO_Relocate,2,2500,2485,200,1025,0.3592077,3656.71352775919,3656.71352775919,0,1,5260.35770335712,-0.304854587089106,1,201
addition_stress_instances,Tight,1,8301,9001003,add,2,Repair,3,500,38,0,0,0.0046224,6241.80716801765,6241.80716801765,0,1,5260.35770335712,0.18657466279036,0,NaN
addition_stress_instances,Tight,1,8301,9001003,add,2,Repair,3,1000,38,0,0,0.0046224,6241.80716801765,6241.80716801765,0,1,5260.35770335712,0.18657466279036,0,NaN
addition_stress_instances,Tight,1,8301,9001003,add,2,Repair,3,1500,38,0,0,0.0046224,6241.80716801765,6241.80716801765,0,1,5260.35770335712,0.18657466279036,0,NaN
addition_stress_instances,Tight,1,8301,9001003,add,2,Repair,3,2500,38,0,0,0.0046224,6241.80716801765,6241.80716801765,0,1,5260.35770335712,0.18657466279036,0,NaN
addition_stress_instances,Tight,1,8301,9001003,add,2,WarmPSO,3,500,500,200,0,0.316832,5962.34584214929,5962.34584214929,0,1,5260.35770335712,0.133448745955843,1,201
addition_stress_instances,Tight,1,8301,9001003,add,2,WarmPSO,3,1000,980,200,0,0.316832,4887.15650977755,4887.15650977755,0,1,5260.35770335712,-0.0709459726172987,1,201
addition_stress_instances,Tight,1,8301,9001003,add,2,WarmPSO,3,1500,1490,200,0,0.316832,4673.0336349845,4673.0336349845,0,1,5260.35770335712,-0.111650975369564,1,201
addition_stress_instances,Tight,1,8301,9001003,add,2,WarmPSO,3,2500,2480,200,0,0.316832,4323.44662588245,4323.44662588245,0,1,5260.35770335712,-0.178107864580529,1,201
addition_stress_instances,Tight,1,8301,9001003,add,2,WarmPSO_Relocate,3,500,450,200,100,0.358087,4310.82443572638,4310.82443572638,0,1,5260.35770335712,-0.180507357327575,1,201
addition_stress_instances,Tight,1,8301,9001003,add,2,WarmPSO_Relocate,3,1000,1000,200,350,0.358087,3936.45160287456,3936.45160287456,0,1,5260.35770335712,-0.25167605990704,1,201
addition_stress_instances,Tight,1,8301,9001003,add,2,WarmPSO_Relocate,3,1500,1495,200,575,0.358087,3926.74873782585,3926.74873782585,0,1,5260.35770335712,-0.253520585621044,1,201
addition_stress_instances,Tight,1,8301,9001003,add,2,WarmPSO_Relocate,3,2500,2485,200,1025,0.358087,3752.49776355446,3752.49776355446,0,1,5260.35770335712,-0.286645894601494,1,201
addition_stress_instances,Tight,1,8301,9001004,add,2,Repair,4,500,38,0,0,0.0044968,6241.80716801765,6241.80716801765,0,1,5260.35770335712,0.18657466279036,0,NaN
addition_stress_instances,Tight,1,8301,9001004,add,2,Repair,4,1000,38,0,0,0.0044968,6241.80716801765,6241.80716801765,0,1,5260.35770335712,0.18657466279036,0,NaN
addition_stress_instances,Tight,1,8301,9001004,add,2,Repair,4,1500,38,0,0,0.0044968,6241.80716801765,6241.80716801765,0,1,5260.35770335712,0.18657466279036,0,NaN
addition_stress_instances,Tight,1,8301,9001004,add,2,Repair,4,2500,38,0,0,0.0044968,6241.80716801765,6241.80716801765,0,1,5260.35770335712,0.18657466279036,0,NaN
addition_stress_instances,Tight,1,8301,9001004,add,2,WarmPSO,4,500,500,200,0,0.3315063,4947.83795083209,4947.83795083209,0,1,5260.35770335712,-0.0594103614523379,1,201
addition_stress_instances,Tight,1,8301,9001004,add,2,WarmPSO,4,1000,980,200,0,0.3315063,4779.81999738129,4779.81999738129,0,1,5260.35770335712,-0.0913507660646648,1,201
addition_stress_instances,Tight,1,8301,9001004,add,2,WarmPSO,4,1500,1490,200,0,0.3315063,4528.44725078399,4528.44725078399,0,1,5260.35770335712,-0.139137011938567,1,201
addition_stress_instances,Tight,1,8301,9001004,add,2,WarmPSO,4,2500,2480,200,0,0.3315063,4299.6405470258,4299.6405470258,0,1,5260.35770335712,-0.182633427327233,1,201
addition_stress_instances,Tight,1,8301,9001004,add,2,WarmPSO_Relocate,4,500,450,200,100,0.3535757,4524.07561706587,4524.07561706587,0,1,5260.35770335712,-0.139968064495188,1,201
addition_stress_instances,Tight,1,8301,9001004,add,2,WarmPSO_Relocate,4,1000,1000,200,350,0.3535757,4170.29083691593,4170.29083691593,0,1,5260.35770335712,-0.207222954770836,1,201
addition_stress_instances,Tight,1,8301,9001004,add,2,WarmPSO_Relocate,4,1500,1495,200,575,0.3535757,3988.35381586785,3988.35381586785,0,1,5260.35770335712,-0.241809390011157,1,201
addition_stress_instances,Tight,1,8301,9001004,add,2,WarmPSO_Relocate,4,2500,2485,200,1025,0.3535757,3988.35381586785,3988.35381586785,0,1,5260.35770335712,-0.241809390011157,1,201
addition_stress_instances,Tight,1,8301,9001005,add,2,Repair,5,500,38,0,0,0.0042625,6241.80716801765,6241.80716801765,0,1,5260.35770335712,0.18657466279036,0,NaN
addition_stress_instances,Tight,1,8301,9001005,add,2,Repair,5,1000,38,0,0,0.0042625,6241.80716801765,6241.80716801765,0,1,5260.35770335712,0.18657466279036,0,NaN
addition_stress_instances,Tight,1,8301,9001005,add,2,Repair,5,1500,38,0,0,0.0042625,6241.80716801765,6241.80716801765,0,1,5260.35770335712,0.18657466279036,0,NaN
addition_stress_instances,Tight,1,8301,9001005,add,2,Repair,5,2500,38,0,0,0.0042625,6241.80716801765,6241.80716801765,0,1,5260.35770335712,0.18657466279036,0,NaN
addition_stress_instances,Tight,1,8301,9001005,add,2,WarmPSO,5,500,500,200,0,0.3088841,5905.81729699684,5905.81729699684,0,1,5260.35770335712,0.122702605039157,1,201
addition_stress_instances,Tight,1,8301,9001005,add,2,WarmPSO,5,1000,980,200,0,0.3088841,5708.92671050431,5708.92671050431,0,1,5260.35770335712,0.0852734799500254,1,201
addition_stress_instances,Tight,1,8301,9001005,add,2,WarmPSO,5,1500,1490,200,0,0.3088841,5706.03299707772,5706.03299707772,0,1,5260.35770335712,0.084723381726716,1,201
addition_stress_instances,Tight,1,8301,9001005,add,2,WarmPSO,5,2500,2480,200,0,0.3088841,5531.42538830973,5531.42538830973,0,1,5260.35770335712,0.051530276121643,1,201
addition_stress_instances,Tight,1,8301,9001005,add,2,WarmPSO_Relocate,5,500,450,200,100,0.3574141,4566.26331582632,4566.26331582632,0,1,5260.35770335712,-0.131948134836502,1,201
addition_stress_instances,Tight,1,8301,9001005,add,2,WarmPSO_Relocate,5,1000,1000,200,350,0.3574141,3682.50873108118,3682.50873108118,0,1,5260.35770335712,-0.299950889512509,1,201
addition_stress_instances,Tight,1,8301,9001005,add,2,WarmPSO_Relocate,5,1500,1495,200,575,0.3574141,3592.52129630768,3592.52129630768,0,1,5260.35770335712,-0.317057603513358,1,201
addition_stress_instances,Tight,1,8301,9001005,add,2,WarmPSO_Relocate,5,2500,2485,200,1025,0.3574141,3406.04534082635,3406.04534082635,0,1,5260.35770335712,-0.35250689536709,1,201
addition_stress_instances,Tight,1,8301,9001006,add,2,Repair,6,500,38,0,0,0.003342,6241.80716801765,6241.80716801765,0,1,5260.35770335712,0.18657466279036,0,NaN
addition_stress_instances,Tight,1,8301,9001006,add,2,Repair,6,1000,38,0,0,0.003342,6241.80716801765,6241.80716801765,0,1,5260.35770335712,0.18657466279036,0,NaN
addition_stress_instances,Tight,1,8301,9001006,add,2,Repair,6,1500,38,0,0,0.003342,6241.80716801765,6241.80716801765,0,1,5260.35770335712,0.18657466279036,0,NaN
addition_stress_instances,Tight,1,8301,9001006,add,2,Repair,6,2500,38,0,0,0.003342,6241.80716801765,6241.80716801765,0,1,5260.35770335712,0.18657466279036,0,NaN
addition_stress_instances,Tight,1,8301,9001006,add,2,WarmPSO,6,500,500,200,0,0.3016043,5908.75357127258,5908.75357127258,0,1,5260.35770335712,0.12326079412844,1,201
addition_stress_instances,Tight,1,8301,9001006,add,2,WarmPSO,6,1000,980,200,0,0.3016043,5564.05641672168,5564.05641672168,0,1,5260.35770335712,0.0577334718456002,1,201
addition_stress_instances,Tight,1,8301,9001006,add,2,WarmPSO,6,1500,1490,200,0,0.3016043,5534.31910173632,5534.31910173632,0,1,5260.35770335712,0.0520803743449524,1,201
addition_stress_instances,Tight,1,8301,9001006,add,2,WarmPSO,6,2500,2480,200,0,0.3016043,5531.42538830973,5531.42538830973,0,1,5260.35770335712,0.051530276121643,1,201
addition_stress_instances,Tight,1,8301,9001006,add,2,WarmPSO_Relocate,6,500,450,200,100,0.3519243,4659.83000846101,4659.83000846101,0,1,5260.35770335712,-0.114160999833311,1,201
addition_stress_instances,Tight,1,8301,9001006,add,2,WarmPSO_Relocate,6,1000,1000,200,350,0.3519243,3960.19127374922,3960.19127374922,0,1,5260.35770335712,-0.247163121393464,1,201
addition_stress_instances,Tight,1,8301,9001006,add,2,WarmPSO_Relocate,6,1500,1495,200,575,0.3519243,3929.08283963678,3929.08283963678,0,1,5260.35770335712,-0.253076870204233,1,201
addition_stress_instances,Tight,1,8301,9001006,add,2,WarmPSO_Relocate,6,2500,2485,200,1025,0.3519243,3406.04534082635,3406.04534082635,0,1,5260.35770335712,-0.35250689536709,1,201
addition_stress_instances,Tight,1,8301,9001007,add,2,Repair,7,500,38,0,0,0.0044627,6241.80716801765,6241.80716801765,0,1,5260.35770335712,0.18657466279036,0,NaN
addition_stress_instances,Tight,1,8301,9001007,add,2,Repair,7,1000,38,0,0,0.0044627,6241.80716801765,6241.80716801765,0,1,5260.35770335712,0.18657466279036,0,NaN
addition_stress_instances,Tight,1,8301,9001007,add,2,Repair,7,1500,38,0,0,0.0044627,6241.80716801765,6241.80716801765,0,1,5260.35770335712,0.18657466279036,0,NaN
addition_stress_instances,Tight,1,8301,9001007,add,2,Repair,7,2500,38,0,0,0.0044627,6241.80716801765,6241.80716801765,0,1,5260.35770335712,0.18657466279036,0,NaN
addition_stress_instances,Tight,1,8301,9001007,add,2,WarmPSO,7,500,500,200,0,0.3332133,5947.58022336654,5947.58022336654,0,1,5260.35770335712,0.130641784981816,1,201
addition_stress_instances,Tight,1,8301,9001007,add,2,WarmPSO,7,1000,980,200,0,0.3332133,5871.07977468517,5871.07977468517,0,1,5260.35770335712,0.116098962421945,1,201
addition_stress_instances,Tight,1,8301,9001007,add,2,WarmPSO,7,1500,1490,200,0,0.3332133,5693.71694541958,5693.71694541958,0,1,5260.35770335712,0.0823820862573449,1,201
addition_stress_instances,Tight,1,8301,9001007,add,2,WarmPSO,7,2500,2480,200,0,0.3332133,5693.71694541958,5693.71694541958,0,1,5260.35770335712,0.0823820862573449,1,201
addition_stress_instances,Tight,1,8301,9001007,add,2,WarmPSO_Relocate,7,500,450,200,100,0.3492281,4600.44440489712,4600.44440489712,0,1,5260.35770335712,-0.125450270813114,1,201
addition_stress_instances,Tight,1,8301,9001007,add,2,WarmPSO_Relocate,7,1000,1000,200,350,0.3492281,4261.59676764644,4261.59676764644,0,1,5260.35770335712,-0.189865593184524,1,201
addition_stress_instances,Tight,1,8301,9001007,add,2,WarmPSO_Relocate,7,1500,1495,200,575,0.3492281,4113.61063885201,4113.61063885201,0,1,5260.35770335712,-0.217997925078987,1,201
addition_stress_instances,Tight,1,8301,9001007,add,2,WarmPSO_Relocate,7,2500,2485,200,1025,0.3492281,4087.93376515438,4018.59934487706,0.693344202773261,0,5260.35770335712,NaN,1,201
addition_stress_instances,Tight,1,8301,9001008,add,2,Repair,8,500,38,0,0,0.0034689,6241.80716801765,6241.80716801765,0,1,5260.35770335712,0.18657466279036,0,NaN
addition_stress_instances,Tight,1,8301,9001008,add,2,Repair,8,1000,38,0,0,0.0034689,6241.80716801765,6241.80716801765,0,1,5260.35770335712,0.18657466279036,0,NaN
addition_stress_instances,Tight,1,8301,9001008,add,2,Repair,8,1500,38,0,0,0.0034689,6241.80716801765,6241.80716801765,0,1,5260.35770335712,0.18657466279036,0,NaN
addition_stress_instances,Tight,1,8301,9001008,add,2,Repair,8,2500,38,0,0,0.0034689,6241.80716801765,6241.80716801765,0,1,5260.35770335712,0.18657466279036,0,NaN
addition_stress_instances,Tight,1,8301,9001008,add,2,WarmPSO,8,500,500,200,0,0.3091296,5738.66402548967,5738.66402548967,0,1,5260.35770335712,0.0909265774506731,1,201
addition_stress_instances,Tight,1,8301,9001008,add,2,WarmPSO,8,1000,980,200,0,0.3091296,5564.05641672168,5564.05641672168,0,1,5260.35770335712,0.0577334718456002,1,201
addition_stress_instances,Tight,1,8301,9001008,add,2,WarmPSO,8,1500,1490,200,0,0.3091296,5564.05641672168,5564.05641672168,0,1,5260.35770335712,0.0577334718456002,1,201
addition_stress_instances,Tight,1,8301,9001008,add,2,WarmPSO,8,2500,2480,200,0,0.3091296,5534.31910173632,5534.31910173632,0,1,5260.35770335712,0.0520803743449524,1,201
addition_stress_instances,Tight,1,8301,9001008,add,2,WarmPSO_Relocate,8,500,450,200,100,0.3461727,4469.43611063256,4469.43611063256,0,1,5260.35770335712,-0.150355096996503,1,201
addition_stress_instances,Tight,1,8301,9001008,add,2,WarmPSO_Relocate,8,1000,1000,200,350,0.3461727,3893.3589251291,3893.3589251291,0,1,5260.35770335712,-0.259868027103102,1,201
addition_stress_instances,Tight,1,8301,9001008,add,2,WarmPSO_Relocate,8,1500,1495,200,575,0.3461727,3754.25849754263,3754.25849754263,0,1,5260.35770335712,-0.286311177061839,1,201
addition_stress_instances,Tight,1,8301,9001008,add,2,WarmPSO_Relocate,8,2500,2485,200,1025,0.3461727,3656.71352775919,3656.71352775919,0,1,5260.35770335712,-0.304854587089106,1,201
addition_stress_instances,Tight,1,8301,9001009,add,2,Repair,9,500,38,0,0,0.0058179,6241.80716801765,6241.80716801765,0,1,5260.35770335712,0.18657466279036,0,NaN
addition_stress_instances,Tight,1,8301,9001009,add,2,Repair,9,1000,38,0,0,0.0058179,6241.80716801765,6241.80716801765,0,1,5260.35770335712,0.18657466279036,0,NaN
addition_stress_instances,Tight,1,8301,9001009,add,2,Repair,9,1500,38,0,0,0.0058179,6241.80716801765,6241.80716801765,0,1,5260.35770335712,0.18657466279036,0,NaN
addition_stress_instances,Tight,1,8301,9001009,add,2,Repair,9,2500,38,0,0,0.0058179,6241.80716801765,6241.80716801765,0,1,5260.35770335712,0.18657466279036,0,NaN
addition_stress_instances,Tight,1,8301,9001009,add,2,WarmPSO,9,500,500,200,0,0.3074483,5738.66402548967,5738.66402548967,0,1,5260.35770335712,0.0909265774506731,1,201
addition_stress_instances,Tight,1,8301,9001009,add,2,WarmPSO,9,1000,980,200,0,0.3074483,5738.66402548967,5738.66402548967,0,1,5260.35770335712,0.0909265774506731,1,201
addition_stress_instances,Tight,1,8301,9001009,add,2,WarmPSO,9,1500,1490,200,0,0.3074483,5564.05641672168,5564.05641672168,0,1,5260.35770335712,0.0577334718456002,1,201
addition_stress_instances,Tight,1,8301,9001009,add,2,WarmPSO,9,2500,2480,200,0,0.3074483,5564.05641672168,5564.05641672168,0,1,5260.35770335712,0.0577334718456002,1,201
addition_stress_instances,Tight,1,8301,9001009,add,2,WarmPSO_Relocate,9,500,450,200,100,0.3387445,4378.70931520828,4378.70931520828,0,1,5260.35770335712,-0.167602364300469,1,201
addition_stress_instances,Tight,1,8301,9001009,add,2,WarmPSO_Relocate,9,1000,1000,200,350,0.3387445,3967.95389291459,3967.95389291459,0,1,5260.35770335712,-0.245687438635159,1,201
addition_stress_instances,Tight,1,8301,9001009,add,2,WarmPSO_Relocate,9,1500,1495,200,575,0.3387445,3967.95389291459,3967.95389291459,0,1,5260.35770335712,-0.245687438635159,1,201
addition_stress_instances,Tight,1,8301,9001009,add,2,WarmPSO_Relocate,9,2500,2485,200,1025,0.3387445,3946.19253729235,3946.19253729235,0,1,5260.35770335712,-0.249824297162545,1,201
addition_stress_instances,Tight,1,8301,9001010,add,2,Repair,10,500,38,0,0,0.0037054,6241.80716801765,6241.80716801765,0,1,5260.35770335712,0.18657466279036,0,NaN
addition_stress_instances,Tight,1,8301,9001010,add,2,Repair,10,1000,38,0,0,0.0037054,6241.80716801765,6241.80716801765,0,1,5260.35770335712,0.18657466279036,0,NaN
addition_stress_instances,Tight,1,8301,9001010,add,2,Repair,10,1500,38,0,0,0.0037054,6241.80716801765,6241.80716801765,0,1,5260.35770335712,0.18657466279036,0,NaN
addition_stress_instances,Tight,1,8301,9001010,add,2,Repair,10,2500,38,0,0,0.0037054,6241.80716801765,6241.80716801765,0,1,5260.35770335712,0.18657466279036,0,NaN
addition_stress_instances,Tight,1,8301,9001010,add,2,WarmPSO,10,500,500,200,0,0.3055669,5935.5546119822,5935.5546119822,0,1,5260.35770335712,0.128355702539805,1,201
addition_stress_instances,Tight,1,8301,9001010,add,2,WarmPSO,10,1000,980,200,0,0.3055669,5765.45525565676,5765.45525565676,0,1,5260.35770335712,0.0960196208667115,1,201
addition_stress_instances,Tight,1,8301,9001010,add,2,WarmPSO,10,1500,1490,200,0,0.3055669,5738.66402548967,5738.66402548967,0,1,5260.35770335712,0.0909265774506731,1,201
addition_stress_instances,Tight,1,8301,9001010,add,2,WarmPSO,10,2500,2480,200,0,0.3055669,5564.05641672168,5564.05641672168,0,1,5260.35770335712,0.0577334718456002,1,201
addition_stress_instances,Tight,1,8301,9001010,add,2,WarmPSO_Relocate,10,500,450,200,100,0.3739033,4815.03402359415,4815.03402359415,0,1,5260.35770335712,-0.0846565395122793,1,201
addition_stress_instances,Tight,1,8301,9001010,add,2,WarmPSO_Relocate,10,1000,1000,200,350,0.3739033,4070.96284062153,4070.96284062153,0,1,5260.35770335712,-0.226105320171769,1,201
addition_stress_instances,Tight,1,8301,9001010,add,2,WarmPSO_Relocate,10,1500,1495,200,575,0.3739033,4041.22552563617,4041.22552563617,0,1,5260.35770335712,-0.231758417672417,1,201
addition_stress_instances,Tight,1,8301,9001010,add,2,WarmPSO_Relocate,10,2500,2485,200,1025,0.3739033,3933.83600967892,3933.83600967892,0,1,5260.35770335712,-0.252173287157188,1,201
addition_stress_instances,Far,1,8201,8901001,add,2,Repair,1,500,38,0,0,0.0034875,6533.2024537355,6533.2024537355,0,1,5118.95536046442,0.276276504419989,0,NaN
addition_stress_instances,Far,1,8201,8901001,add,2,Repair,1,1000,38,0,0,0.0034875,6533.2024537355,6533.2024537355,0,1,5118.95536046442,0.276276504419989,0,NaN
addition_stress_instances,Far,1,8201,8901001,add,2,Repair,1,1500,38,0,0,0.0034875,6533.2024537355,6533.2024537355,0,1,5118.95536046442,0.276276504419989,0,NaN
addition_stress_instances,Far,1,8201,8901001,add,2,Repair,1,2500,38,0,0,0.0034875,6533.2024537355,6533.2024537355,0,1,5118.95536046442,0.276276504419989,0,NaN
addition_stress_instances,Far,1,8201,8901001,add,2,WarmPSO,1,500,500,200,0,0.3071212,6007.97098272637,6007.97098272637,0,1,5118.95536046442,0.173671298079319,1,201
addition_stress_instances,Far,1,8201,8901001,add,2,WarmPSO,1,1000,980,200,0,0.3071212,5859.86913543256,5859.86913543256,0,1,5118.95536046442,0.144739252991048,1,201
addition_stress_instances,Far,1,8201,8901001,add,2,WarmPSO,1,1500,1490,200,0,0.3071212,5766.49103830942,5766.49103830942,0,1,5118.95536046442,0.126497621535471,1,201
addition_stress_instances,Far,1,8201,8901001,add,2,WarmPSO,1,2500,2480,200,0,0.3071212,5512.69640730409,5512.69640730409,0,1,5118.95536046442,0.0769182419289446,1,201
addition_stress_instances,Far,1,8201,8901001,add,2,WarmPSO_Relocate,1,500,450,200,100,0.358161,4530.06067775787,4530.06067775787,0,1,5118.95536046442,-0.115041964861582,1,201
addition_stress_instances,Far,1,8201,8901001,add,2,WarmPSO_Relocate,1,1000,1000,200,350,0.358161,4168.10618516328,4168.10618516328,0,1,5118.95536046442,-0.185750628467069,1,201
addition_stress_instances,Far,1,8201,8901001,add,2,WarmPSO_Relocate,1,1500,1495,200,575,0.358161,3873.75028771723,3873.75028771723,0,1,5118.95536046442,-0.243253747114962,1,201
addition_stress_instances,Far,1,8201,8901001,add,2,WarmPSO_Relocate,1,2500,2485,200,1025,0.358161,3873.75028771723,3873.75028771723,0,1,5118.95536046442,-0.243253747114962,1,201
addition_stress_instances,Far,1,8201,8901002,add,2,Repair,2,500,38,0,0,0.0036284,6533.2024537355,6533.2024537355,0,1,5118.95536046442,0.276276504419989,0,NaN
addition_stress_instances,Far,1,8201,8901002,add,2,Repair,2,1000,38,0,0,0.0036284,6533.2024537355,6533.2024537355,0,1,5118.95536046442,0.276276504419989,0,NaN
addition_stress_instances,Far,1,8201,8901002,add,2,Repair,2,1500,38,0,0,0.0036284,6533.2024537355,6533.2024537355,0,1,5118.95536046442,0.276276504419989,0,NaN
addition_stress_instances,Far,1,8201,8901002,add,2,Repair,2,2500,38,0,0,0.0036284,6533.2024537355,6533.2024537355,0,1,5118.95536046442,0.276276504419989,0,NaN
addition_stress_instances,Far,1,8201,8901002,add,2,WarmPSO,2,500,500,200,0,0.3123567,6082.48378765557,6082.48378765557,0,1,5118.95536046442,0.188227550221053,1,201
addition_stress_instances,Far,1,8201,8901002,add,2,WarmPSO,2,1000,980,200,0,0.3123567,6082.48378765557,6082.48378765557,0,1,5118.95536046442,0.188227550221053,1,201
addition_stress_instances,Far,1,8201,8901002,add,2,WarmPSO,2,1500,1490,200,0,0.3123567,6082.48378765557,6082.48378765557,0,1,5118.95536046442,0.188227550221053,1,201
addition_stress_instances,Far,1,8201,8901002,add,2,WarmPSO,2,2500,2480,200,0,0.3123567,6082.48378765557,6082.48378765557,0,1,5118.95536046442,0.188227550221053,1,201
addition_stress_instances,Far,1,8201,8901002,add,2,WarmPSO_Relocate,2,500,450,200,100,0.3508995,4945.97258680184,4945.97258680184,0,1,5118.95536046442,-0.0337925927228416,1,201
addition_stress_instances,Far,1,8201,8901002,add,2,WarmPSO_Relocate,2,1000,1000,200,350,0.3508995,4388.41887066866,4388.41887066866,0,1,5118.95536046442,-0.142712025863316,1,201
addition_stress_instances,Far,1,8201,8901002,add,2,WarmPSO_Relocate,2,1500,1495,200,575,0.3508995,4281.37281323296,4281.37281323296,0,1,5118.95536046442,-0.163623725594565,1,201
addition_stress_instances,Far,1,8201,8901002,add,2,WarmPSO_Relocate,2,2500,2485,200,1025,0.3508995,3809.52760036802,3809.52760036802,0,1,5118.95536046442,-0.255799800523676,1,201
addition_stress_instances,Far,1,8201,8901003,add,2,Repair,3,500,38,0,0,0.0035314,6533.2024537355,6533.2024537355,0,1,5118.95536046442,0.276276504419989,0,NaN
addition_stress_instances,Far,1,8201,8901003,add,2,Repair,3,1000,38,0,0,0.0035314,6533.2024537355,6533.2024537355,0,1,5118.95536046442,0.276276504419989,0,NaN
addition_stress_instances,Far,1,8201,8901003,add,2,Repair,3,1500,38,0,0,0.0035314,6533.2024537355,6533.2024537355,0,1,5118.95536046442,0.276276504419989,0,NaN
addition_stress_instances,Far,1,8201,8901003,add,2,Repair,3,2500,38,0,0,0.0035314,6533.2024537355,6533.2024537355,0,1,5118.95536046442,0.276276504419989,0,NaN
addition_stress_instances,Far,1,8201,8901003,add,2,WarmPSO,3,500,500,200,0,0.3231908,5175.8608670933,5175.8608670933,0,1,5118.95536046442,0.0111166249013178,1,201
addition_stress_instances,Far,1,8201,8901003,add,2,WarmPSO,3,1000,980,200,0,0.3231908,5175.8608670933,5175.8608670933,0,1,5118.95536046442,0.0111166249013178,1,201
addition_stress_instances,Far,1,8201,8901003,add,2,WarmPSO,3,1500,1490,200,0,0.3231908,4892.81843542833,4892.81843542833,0,1,5118.95536046442,-0.0441763815294478,1,201
addition_stress_instances,Far,1,8201,8901003,add,2,WarmPSO,3,2500,2480,200,0,0.3231908,4875.3830092279,4875.3830092279,0,1,5118.95536046442,-0.0475824331498813,1,201
addition_stress_instances,Far,1,8201,8901003,add,2,WarmPSO_Relocate,3,500,450,200,100,0.364703,5020.74824808071,5020.74824808071,0,1,5118.95536046442,-0.0191849909733933,1,201
addition_stress_instances,Far,1,8201,8901003,add,2,WarmPSO_Relocate,3,1000,1000,200,350,0.364703,4503.97717500019,4503.97717500019,0,1,5118.95536046442,-0.120137438629361,1,201
addition_stress_instances,Far,1,8201,8901003,add,2,WarmPSO_Relocate,3,1500,1495,200,575,0.364703,4045.91318532463,4045.91318532463,0,1,5118.95536046442,-0.209621319112741,1,201
addition_stress_instances,Far,1,8201,8901003,add,2,WarmPSO_Relocate,3,2500,2485,200,1025,0.364703,3935.07188477386,3935.07188477386,0,1,5118.95536046442,-0.231274428535583,1,201
addition_stress_instances,Far,1,8201,8901004,add,2,Repair,4,500,38,0,0,0.0042724,6533.2024537355,6533.2024537355,0,1,5118.95536046442,0.276276504419989,0,NaN
addition_stress_instances,Far,1,8201,8901004,add,2,Repair,4,1000,38,0,0,0.0042724,6533.2024537355,6533.2024537355,0,1,5118.95536046442,0.276276504419989,0,NaN
addition_stress_instances,Far,1,8201,8901004,add,2,Repair,4,1500,38,0,0,0.0042724,6533.2024537355,6533.2024537355,0,1,5118.95536046442,0.276276504419989,0,NaN
addition_stress_instances,Far,1,8201,8901004,add,2,Repair,4,2500,38,0,0,0.0042724,6533.2024537355,6533.2024537355,0,1,5118.95536046442,0.276276504419989,0,NaN
addition_stress_instances,Far,1,8201,8901004,add,2,WarmPSO,4,500,500,200,0,0.3084933,6082.48378765557,6082.48378765557,0,1,5118.95536046442,0.188227550221053,1,201
addition_stress_instances,Far,1,8201,8901004,add,2,WarmPSO,4,1000,980,200,0,0.3084933,5825.57761182672,5825.57761182672,0,1,5118.95536046442,0.13804032299633,1,201
addition_stress_instances,Far,1,8201,8901004,add,2,WarmPSO,4,1500,1490,200,0,0.3084933,5638.84871592252,5638.84871592252,0,1,5118.95536046442,0.10156239288067,1,201
addition_stress_instances,Far,1,8201,8901004,add,2,WarmPSO,4,2500,2480,200,0,0.3084933,5609.90834212714,5609.90834212714,0,1,5118.95536046442,0.095908822619265,1,201
addition_stress_instances,Far,1,8201,8901004,add,2,WarmPSO_Relocate,4,500,450,200,100,0.3504847,4231.3072351052,4231.3072351052,0,1,5118.95536046442,-0.173404154334858,1,201
addition_stress_instances,Far,1,8201,8901004,add,2,WarmPSO_Relocate,4,1000,1000,200,350,0.3504847,3715.88665133521,3715.88665133521,0,1,5118.95536046442,-0.274092780719603,1,201
addition_stress_instances,Far,1,8201,8901004,add,2,WarmPSO_Relocate,4,1500,1495,200,575,0.3504847,3715.88665133521,3715.88665133521,0,1,5118.95536046442,-0.274092780719603,1,201
addition_stress_instances,Far,1,8201,8901004,add,2,WarmPSO_Relocate,4,2500,2485,200,1025,0.3504847,3715.88665133521,3715.88665133521,0,1,5118.95536046442,-0.274092780719603,1,201
addition_stress_instances,Far,1,8201,8901005,add,2,Repair,5,500,38,0,0,0.0041215,6533.2024537355,6533.2024537355,0,1,5118.95536046442,0.276276504419989,0,NaN
addition_stress_instances,Far,1,8201,8901005,add,2,Repair,5,1000,38,0,0,0.0041215,6533.2024537355,6533.2024537355,0,1,5118.95536046442,0.276276504419989,0,NaN
addition_stress_instances,Far,1,8201,8901005,add,2,Repair,5,1500,38,0,0,0.0041215,6533.2024537355,6533.2024537355,0,1,5118.95536046442,0.276276504419989,0,NaN
addition_stress_instances,Far,1,8201,8901005,add,2,Repair,5,2500,38,0,0,0.0041215,6533.2024537355,6533.2024537355,0,1,5118.95536046442,0.276276504419989,0,NaN
addition_stress_instances,Far,1,8201,8901005,add,2,WarmPSO,5,500,500,200,0,0.3274546,4866.14039052598,4866.14039052598,0,1,5118.95536046442,-0.0493880005071002,1,201
addition_stress_instances,Far,1,8201,8901005,add,2,WarmPSO,5,1000,980,200,0,0.3274546,4395.37820963922,4395.37820963922,0,1,5118.95536046442,-0.141352502585519,1,201
addition_stress_instances,Far,1,8201,8901005,add,2,WarmPSO,5,1500,1490,200,0,0.3274546,4305.18195508276,4305.18195508276,0,1,5118.95536046442,-0.158972553593011,1,201
addition_stress_instances,Far,1,8201,8901005,add,2,WarmPSO,5,2500,2480,200,0,0.3274546,4305.18195508276,4305.18195508276,0,1,5118.95536046442,-0.158972553593011,1,201
addition_stress_instances,Far,1,8201,8901005,add,2,WarmPSO_Relocate,5,500,450,200,100,0.3635008,4843.17831851012,4843.17831851012,0,1,5118.95536046442,-0.0538736954192309,1,201
addition_stress_instances,Far,1,8201,8901005,add,2,WarmPSO_Relocate,5,1000,1000,200,350,0.3635008,4103.97850041427,4103.97850041427,0,1,5118.95536046442,-0.198278122893822,1,201
addition_stress_instances,Far,1,8201,8901005,add,2,WarmPSO_Relocate,5,1500,1495,200,575,0.3635008,4083.37336889863,4083.37336889863,0,1,5118.95536046442,-0.202303383921645,1,201
addition_stress_instances,Far,1,8201,8901005,add,2,WarmPSO_Relocate,5,2500,2485,200,1025,0.3635008,3972.53206834785,3972.53206834785,0,1,5118.95536046442,-0.223956493344486,1,201
addition_stress_instances,Far,1,8201,8901006,add,2,Repair,6,500,38,0,0,0.0043857,6533.2024537355,6533.2024537355,0,1,5118.95536046442,0.276276504419989,0,NaN
addition_stress_instances,Far,1,8201,8901006,add,2,Repair,6,1000,38,0,0,0.0043857,6533.2024537355,6533.2024537355,0,1,5118.95536046442,0.276276504419989,0,NaN
addition_stress_instances,Far,1,8201,8901006,add,2,Repair,6,1500,38,0,0,0.0043857,6533.2024537355,6533.2024537355,0,1,5118.95536046442,0.276276504419989,0,NaN
addition_stress_instances,Far,1,8201,8901006,add,2,Repair,6,2500,38,0,0,0.0043857,6533.2024537355,6533.2024537355,0,1,5118.95536046442,0.276276504419989,0,NaN
addition_stress_instances,Far,1,8201,8901006,add,2,WarmPSO,6,500,500,200,0,0.3803887,6070.51047109717,6070.51047109717,0,1,5118.95536046442,0.185888534598671,1,201
addition_stress_instances,Far,1,8201,8901006,add,2,WarmPSO,6,1000,980,200,0,0.3803887,5921.09700742755,5921.09700742755,0,1,5118.95536046442,0.156700262158636,1,201
addition_stress_instances,Far,1,8201,8901006,add,2,WarmPSO,6,1500,1490,200,0,0.3803887,5771.65407754952,5771.65407754952,0,1,5118.95536046442,0.127506233425306,1,201
addition_stress_instances,Far,1,8201,8901006,add,2,WarmPSO,6,2500,2480,200,0,0.3803887,5638.84871592252,5638.84871592252,0,1,5118.95536046442,0.10156239288067,1,201
addition_stress_instances,Far,1,8201,8901006,add,2,WarmPSO_Relocate,6,500,450,200,100,0.3735775,5263.77458723263,5263.77458723263,0,1,5118.95536046442,0.0282907774282809,1,201
addition_stress_instances,Far,1,8201,8901006,add,2,WarmPSO_Relocate,6,1000,1000,200,350,0.3735775,4461.41104299148,4461.41104299148,0,1,5118.95536046442,-0.128452832886843,1,201
addition_stress_instances,Far,1,8201,8901006,add,2,WarmPSO_Relocate,6,1500,1495,200,575,0.3735775,4141.16163310784,4141.16163310784,0,1,5118.95536046442,-0.191014310245494,1,201
addition_stress_instances,Far,1,8201,8901006,add,2,WarmPSO_Relocate,6,2500,2485,200,1025,0.3735775,3760.91844351118,3760.91844351118,0,1,5118.95536046442,-0.2652957139345,1,201
addition_stress_instances,Far,1,8201,8901007,add,2,Repair,7,500,38,0,0,0.0066743,6533.2024537355,6533.2024537355,0,1,5118.95536046442,0.276276504419989,0,NaN
addition_stress_instances,Far,1,8201,8901007,add,2,Repair,7,1000,38,0,0,0.0066743,6533.2024537355,6533.2024537355,0,1,5118.95536046442,0.276276504419989,0,NaN
addition_stress_instances,Far,1,8201,8901007,add,2,Repair,7,1500,38,0,0,0.0066743,6533.2024537355,6533.2024537355,0,1,5118.95536046442,0.276276504419989,0,NaN
addition_stress_instances,Far,1,8201,8901007,add,2,Repair,7,2500,38,0,0,0.0066743,6533.2024537355,6533.2024537355,0,1,5118.95536046442,0.276276504419989,0,NaN
addition_stress_instances,Far,1,8201,8901007,add,2,WarmPSO,7,500,500,200,0,0.3284092,5539.66631657441,5539.66631657441,0,1,5118.95536046442,0.0821868772990863,1,201
addition_stress_instances,Far,1,8201,8901007,add,2,WarmPSO,7,1000,980,200,0,0.3284092,4725.69801763269,4725.69801763269,0,1,5118.95536046442,-0.0768237492104347,1,201
addition_stress_instances,Far,1,8201,8901007,add,2,WarmPSO,7,1500,1490,200,0,0.3284092,4718.64009860459,4718.64009860459,0,1,5118.95536046442,-0.0782025303349225,1,201
addition_stress_instances,Far,1,8201,8901007,add,2,WarmPSO,7,2500,2480,200,0,0.3284092,4718.64009860459,4718.64009860459,0,1,5118.95536046442,-0.0782025303349225,1,201
addition_stress_instances,Far,1,8201,8901007,add,2,WarmPSO_Relocate,7,500,450,200,100,0.3768986,4740.82916588656,4740.82916588656,0,1,5118.95536046442,-0.0738678437202776,1,201
addition_stress_instances,Far,1,8201,8901007,add,2,WarmPSO_Relocate,7,1000,1000,200,350,0.3768986,4325.99919032774,4325.99919032774,0,1,5118.95536046442,-0.154905857601529,1,201
addition_stress_instances,Far,1,8201,8901007,add,2,WarmPSO_Relocate,7,1500,1495,200,575,0.3768986,4325.99919032774,4325.99919032774,0,1,5118.95536046442,-0.154905857601529,1,201
addition_stress_instances,Far,1,8201,8901007,add,2,WarmPSO_Relocate,7,2500,2485,200,1025,0.3768986,3998.23950570475,3998.23950570475,0,1,5118.95536046442,-0.2189344848395,1,201
addition_stress_instances,Far,1,8201,8901008,add,2,Repair,8,500,38,0,0,0.0057027,6533.2024537355,6533.2024537355,0,1,5118.95536046442,0.276276504419989,0,NaN
addition_stress_instances,Far,1,8201,8901008,add,2,Repair,8,1000,38,0,0,0.0057027,6533.2024537355,6533.2024537355,0,1,5118.95536046442,0.276276504419989,0,NaN
addition_stress_instances,Far,1,8201,8901008,add,2,Repair,8,1500,38,0,0,0.0057027,6533.2024537355,6533.2024537355,0,1,5118.95536046442,0.276276504419989,0,NaN
addition_stress_instances,Far,1,8201,8901008,add,2,Repair,8,2500,38,0,0,0.0057027,6533.2024537355,6533.2024537355,0,1,5118.95536046442,0.276276504419989,0,NaN
addition_stress_instances,Far,1,8201,8901008,add,2,WarmPSO,8,500,500,200,0,0.350639,5211.27671515949,5211.27671515949,0,1,5118.95536046442,0.0180351943304875,1,201
addition_stress_instances,Far,1,8201,8901008,add,2,WarmPSO,8,1000,980,200,0,0.350639,5211.27671515949,5211.27671515949,0,1,5118.95536046442,0.0180351943304875,1,201
addition_stress_instances,Far,1,8201,8901008,add,2,WarmPSO,8,1500,1490,200,0,0.350639,5193.84128895905,5193.84128895905,0,1,5118.95536046442,0.014629142710054,1,201
addition_stress_instances,Far,1,8201,8901008,add,2,WarmPSO,8,2500,2480,200,0,0.350639,5193.84128895905,5193.84128895905,0,1,5118.95536046442,0.014629142710054,1,201
addition_stress_instances,Far,1,8201,8901008,add,2,WarmPSO_Relocate,8,500,450,200,100,0.4467943,4691.43631296399,4691.43631296399,0,1,5118.95536046442,-0.0835168540054717,1,201
addition_stress_instances,Far,1,8201,8901008,add,2,WarmPSO_Relocate,8,1000,1000,200,350,0.4467943,4460.67779364973,4460.67779364973,0,1,5118.95536046442,-0.128596074874732,1,201
addition_stress_instances,Far,1,8201,8901008,add,2,WarmPSO_Relocate,8,1500,1495,200,575,0.4467943,4109.34092079985,4109.34092079985,0,1,5118.95536046442,-0.197230561427083,1,201
addition_stress_instances,Far,1,8201,8901008,add,2,WarmPSO_Relocate,8,2500,2485,200,1025,0.4467943,3879.87808098716,3879.87808098716,0,1,5118.95536046442,-0.24205666825054,1,201
addition_stress_instances,Far,1,8201,8901009,add,2,Repair,9,500,38,0,0,0.0050603,6533.2024537355,6533.2024537355,0,1,5118.95536046442,0.276276504419989,0,NaN
addition_stress_instances,Far,1,8201,8901009,add,2,Repair,9,1000,38,0,0,0.0050603,6533.2024537355,6533.2024537355,0,1,5118.95536046442,0.276276504419989,0,NaN
addition_stress_instances,Far,1,8201,8901009,add,2,Repair,9,1500,38,0,0,0.0050603,6533.2024537355,6533.2024537355,0,1,5118.95536046442,0.276276504419989,0,NaN
addition_stress_instances,Far,1,8201,8901009,add,2,Repair,9,2500,38,0,0,0.0050603,6533.2024537355,6533.2024537355,0,1,5118.95536046442,0.276276504419989,0,NaN
addition_stress_instances,Far,1,8201,8901009,add,2,WarmPSO,9,500,500,200,0,0.3435189,4860.25553998124,4860.25553998124,0,1,5118.95536046442,-0.050537619937306,1,201
addition_stress_instances,Far,1,8201,8901009,add,2,WarmPSO,9,1000,980,200,0,0.3435189,4757.02769885675,4757.02769885675,0,1,5118.95536046442,-0.0707034221089266,1,201
addition_stress_instances,Far,1,8201,8901009,add,2,WarmPSO,9,1500,1490,200,0,0.3435189,4583.03842863432,4583.03842863432,0,1,5118.95536046442,-0.104692636308023,1,201
addition_stress_instances,Far,1,8201,8901009,add,2,WarmPSO,9,2500,2480,200,0,0.3435189,4583.03842863432,4583.03842863432,0,1,5118.95536046442,-0.104692636308023,1,201
addition_stress_instances,Far,1,8201,8901009,add,2,WarmPSO_Relocate,9,500,450,200,100,0.3678807,5257.84782151738,5257.84782151738,0,1,5118.95536046442,0.0271329697706835,1,201
addition_stress_instances,Far,1,8201,8901009,add,2,WarmPSO_Relocate,9,1000,1000,200,350,0.3678807,4362.30104339985,4362.30104339985,0,1,5118.95536046442,-0.147814205005283,1,201
addition_stress_instances,Far,1,8201,8901009,add,2,WarmPSO_Relocate,9,1500,1495,200,575,0.3678807,4188.25006028879,4188.25006028879,0,1,5118.95536046442,-0.181815474962688,1,201
addition_stress_instances,Far,1,8201,8901009,add,2,WarmPSO_Relocate,9,2500,2485,200,1025,0.3678807,3856.05367145092,3856.05367145092,0,1,5118.95536046442,-0.246710822830642,1,201
addition_stress_instances,Far,1,8201,8901010,add,2,Repair,10,500,38,0,0,0.0036338,6533.2024537355,6533.2024537355,0,1,5118.95536046442,0.276276504419989,0,NaN
addition_stress_instances,Far,1,8201,8901010,add,2,Repair,10,1000,38,0,0,0.0036338,6533.2024537355,6533.2024537355,0,1,5118.95536046442,0.276276504419989,0,NaN
addition_stress_instances,Far,1,8201,8901010,add,2,Repair,10,1500,38,0,0,0.0036338,6533.2024537355,6533.2024537355,0,1,5118.95536046442,0.276276504419989,0,NaN
addition_stress_instances,Far,1,8201,8901010,add,2,Repair,10,2500,38,0,0,0.0036338,6533.2024537355,6533.2024537355,0,1,5118.95536046442,0.276276504419989,0,NaN
addition_stress_instances,Far,1,8201,8901010,add,2,WarmPSO,10,500,500,200,0,0.3287738,6303.33786589766,6303.33786589766,0,1,5118.95536046442,0.231371915172509,1,201
addition_stress_instances,Far,1,8201,8901010,add,2,WarmPSO,10,1000,980,200,0,0.3287738,5920.80320850191,5920.80320850191,0,1,5118.95536046442,0.156642867845742,1,201
addition_stress_instances,Far,1,8201,8901010,add,2,WarmPSO,10,1500,1490,200,0,0.3287738,5920.80320850191,5920.80320850191,0,1,5118.95536046442,0.156642867845742,1,201
addition_stress_instances,Far,1,8201,8901010,add,2,WarmPSO,10,2500,2480,200,0,0.3287738,5920.80320850191,5920.80320850191,0,1,5118.95536046442,0.156642867845742,1,201
addition_stress_instances,Far,1,8201,8901010,add,2,WarmPSO_Relocate,10,500,450,200,100,0.371254,5069.58935967139,5069.58935967139,0,1,5118.95536046442,-0.0096437646583728,1,201
addition_stress_instances,Far,1,8201,8901010,add,2,WarmPSO_Relocate,10,1000,1000,200,350,0.371254,4010.60040329113,4010.60040329113,0,1,5118.95536046442,-0.216519754349399,1,201
addition_stress_instances,Far,1,8201,8901010,add,2,WarmPSO_Relocate,10,1500,1495,200,575,0.371254,3990.11541982836,3990.11541982836,0,1,5118.95536046442,-0.220521544171788,1,201
addition_stress_instances,Far,1,8201,8901010,add,2,WarmPSO_Relocate,10,2500,2485,200,1025,0.371254,3715.88665133521,3715.88665133521,0,1,5118.95536046442,-0.274092780719603,1,201
addition_stress_instances,Far,3,8203,8903001,add,2,Repair,1,500,38,0,0,0.0034849,6115.35597077398,6115.35597077398,0,1,4370.21624152093,0.399325715893112,0,NaN
addition_stress_instances,Far,3,8203,8903001,add,2,Repair,1,1000,38,0,0,0.0034849,6115.35597077398,6115.35597077398,0,1,4370.21624152093,0.399325715893112,0,NaN
addition_stress_instances,Far,3,8203,8903001,add,2,Repair,1,1500,38,0,0,0.0034849,6115.35597077398,6115.35597077398,0,1,4370.21624152093,0.399325715893112,0,NaN
addition_stress_instances,Far,3,8203,8903001,add,2,Repair,1,2500,38,0,0,0.0034849,6115.35597077398,6115.35597077398,0,1,4370.21624152093,0.399325715893112,0,NaN
addition_stress_instances,Far,3,8203,8903001,add,2,WarmPSO,1,500,500,200,0,0.3041616,6115.35597077398,6115.35597077398,0,1,4370.21624152093,0.399325715893112,0,201
addition_stress_instances,Far,3,8203,8903001,add,2,WarmPSO,1,1000,980,200,0,0.3041616,6115.35597077398,6115.35597077398,0,1,4370.21624152093,0.399325715893112,0,201
addition_stress_instances,Far,3,8203,8903001,add,2,WarmPSO,1,1500,1490,200,0,0.3041616,6115.35597077398,6115.35597077398,0,1,4370.21624152093,0.399325715893112,0,201
addition_stress_instances,Far,3,8203,8903001,add,2,WarmPSO,1,2500,2480,200,0,0.3041616,6115.35597077398,6115.35597077398,0,1,4370.21624152093,0.399325715893112,0,201
addition_stress_instances,Far,3,8203,8903001,add,2,WarmPSO_Relocate,1,500,450,200,100,0.3673808,5923.47090301788,5923.47090301788,0,1,4370.21624152093,0.355418262084987,1,201
addition_stress_instances,Far,3,8203,8903001,add,2,WarmPSO_Relocate,1,1000,1000,200,350,0.3673808,4334.49895617789,4334.49895617789,0,1,4370.21624152093,-0.00817288742000801,1,201
addition_stress_instances,Far,3,8203,8903001,add,2,WarmPSO_Relocate,1,1500,1495,200,575,0.3673808,4257.42551887755,4257.42551887755,0,1,4370.21624152093,-0.0258089569051004,1,201
addition_stress_instances,Far,3,8203,8903001,add,2,WarmPSO_Relocate,1,2500,2485,200,1025,0.3673808,4201.56564326826,4201.56564326826,0,1,4370.21624152093,-0.038590904644567,1,201
addition_stress_instances,Far,3,8203,8903002,add,2,Repair,2,500,38,0,0,0.0042699,6115.35597077398,6115.35597077398,0,1,4370.21624152093,0.399325715893112,0,NaN
addition_stress_instances,Far,3,8203,8903002,add,2,Repair,2,1000,38,0,0,0.0042699,6115.35597077398,6115.35597077398,0,1,4370.21624152093,0.399325715893112,0,NaN
addition_stress_instances,Far,3,8203,8903002,add,2,Repair,2,1500,38,0,0,0.0042699,6115.35597077398,6115.35597077398,0,1,4370.21624152093,0.399325715893112,0,NaN
addition_stress_instances,Far,3,8203,8903002,add,2,Repair,2,2500,38,0,0,0.0042699,6115.35597077398,6115.35597077398,0,1,4370.21624152093,0.399325715893112,0,NaN
addition_stress_instances,Far,3,8203,8903002,add,2,WarmPSO,2,500,500,200,0,0.3113382,6094.87061385169,6094.87061385169,0,1,4370.21624152093,0.39463822314901,1,201
addition_stress_instances,Far,3,8203,8903002,add,2,WarmPSO,2,1000,980,200,0,0.3113382,5903.79335691274,5903.79335691274,0,1,4370.21624152093,0.350915613928087,1,201
addition_stress_instances,Far,3,8203,8903002,add,2,WarmPSO,2,1500,1490,200,0,0.3113382,5794.75895886201,5794.75895886201,0,1,4370.21624152093,0.325966185335787,1,201
addition_stress_instances,Far,3,8203,8903002,add,2,WarmPSO,2,2500,2480,200,0,0.3113382,5794.75895886201,5794.75895886201,0,1,4370.21624152093,0.325966185335787,1,201
addition_stress_instances,Far,3,8203,8903002,add,2,WarmPSO_Relocate,2,500,450,200,100,0.3453215,5637.44043305908,5637.44043305908,0,1,4370.21624152093,0.289968303970499,1,201
addition_stress_instances,Far,3,8203,8903002,add,2,WarmPSO_Relocate,2,1000,1000,200,350,0.3453215,4734.65652683582,4734.65652683582,0,1,4370.21624152093,0.0833918198034199,1,201
addition_stress_instances,Far,3,8203,8903002,add,2,WarmPSO_Relocate,2,1500,1495,200,575,0.3453215,4628.59642359768,4628.59642359768,0,1,4370.21624152093,0.0591229741956266,1,201
addition_stress_instances,Far,3,8203,8903002,add,2,WarmPSO_Relocate,2,2500,2485,200,1025,0.3453215,4140.2311314225,4140.2311314225,0,1,4370.21624152093,-0.0526255675665122,1,201
addition_stress_instances,Far,3,8203,8903003,add,2,Repair,3,500,38,0,0,0.0038588,6115.35597077398,6115.35597077398,0,1,4370.21624152093,0.399325715893112,0,NaN
addition_stress_instances,Far,3,8203,8903003,add,2,Repair,3,1000,38,0,0,0.0038588,6115.35597077398,6115.35597077398,0,1,4370.21624152093,0.399325715893112,0,NaN
addition_stress_instances,Far,3,8203,8903003,add,2,Repair,3,1500,38,0,0,0.0038588,6115.35597077398,6115.35597077398,0,1,4370.21624152093,0.399325715893112,0,NaN
addition_stress_instances,Far,3,8203,8903003,add,2,Repair,3,2500,38,0,0,0.0038588,6115.35597077398,6115.35597077398,0,1,4370.21624152093,0.399325715893112,0,NaN
addition_stress_instances,Far,3,8203,8903003,add,2,WarmPSO,3,500,500,200,0,0.3068295,6115.35597077398,6115.35597077398,0,1,4370.21624152093,0.399325715893112,0,201
addition_stress_instances,Far,3,8203,8903003,add,2,WarmPSO,3,1000,980,200,0,0.3068295,6115.35597077398,6115.35597077398,0,1,4370.21624152093,0.399325715893112,0,201
addition_stress_instances,Far,3,8203,8903003,add,2,WarmPSO,3,1500,1490,200,0,0.3068295,5993.85258501425,5993.85258501425,0,1,4370.21624152093,0.371523113219738,1,201
addition_stress_instances,Far,3,8203,8903003,add,2,WarmPSO,3,2500,2480,200,0,0.3068295,5993.85258501425,5993.85258501425,0,1,4370.21624152093,0.371523113219738,1,201
addition_stress_instances,Far,3,8203,8903003,add,2,WarmPSO_Relocate,3,500,450,200,100,0.3718053,5484.21464743179,5484.21464743179,0,1,4370.21624152093,0.254906930079773,1,201
addition_stress_instances,Far,3,8203,8903003,add,2,WarmPSO_Relocate,3,1000,1000,200,350,0.3718053,4590.19570003988,4590.19570003988,0,1,4370.21624152093,0.0503360580716683,1,201
addition_stress_instances,Far,3,8203,8903003,add,2,WarmPSO_Relocate,3,1500,1495,200,575,0.3718053,3688.44166658529,3688.44166658529,0,1,4370.21624152093,-0.156004768930695,1,201
addition_stress_instances,Far,3,8203,8903003,add,2,WarmPSO_Relocate,3,2500,2485,200,1025,0.3718053,3636.9678079811,3636.9678079811,0,1,4370.21624152093,-0.167783101113697,1,201
addition_stress_instances,Far,3,8203,8903004,add,2,Repair,4,500,38,0,0,0.0037847,6115.35597077398,6115.35597077398,0,1,4370.21624152093,0.399325715893112,0,NaN
addition_stress_instances,Far,3,8203,8903004,add,2,Repair,4,1000,38,0,0,0.0037847,6115.35597077398,6115.35597077398,0,1,4370.21624152093,0.399325715893112,0,NaN
addition_stress_instances,Far,3,8203,8903004,add,2,Repair,4,1500,38,0,0,0.0037847,6115.35597077398,6115.35597077398,0,1,4370.21624152093,0.399325715893112,0,NaN
addition_stress_instances,Far,3,8203,8903004,add,2,Repair,4,2500,38,0,0,0.0037847,6115.35597077398,6115.35597077398,0,1,4370.21624152093,0.399325715893112,0,NaN
addition_stress_instances,Far,3,8203,8903004,add,2,WarmPSO,4,500,500,200,0,0.3054755,5932.62321249475,5932.62321249475,0,1,4370.21624152093,0.357512508449712,1,201
addition_stress_instances,Far,3,8203,8903004,add,2,WarmPSO,4,1000,980,200,0,0.3054755,5932.62321249475,5932.62321249475,0,1,4370.21624152093,0.357512508449712,1,201
addition_stress_instances,Far,3,8203,8903004,add,2,WarmPSO,4,1500,1490,200,0,0.3054755,5932.62321249475,5932.62321249475,0,1,4370.21624152093,0.357512508449712,1,201
addition_stress_instances,Far,3,8203,8903004,add,2,WarmPSO,4,2500,2480,200,0,0.3054755,5797.34457204475,5797.34457204475,0,1,4370.21624152093,0.326557829556541,1,201
addition_stress_instances,Far,3,8203,8903004,add,2,WarmPSO_Relocate,4,500,450,200,100,0.3641246,5533.22684358909,5533.22684358909,0,1,4370.21624152093,0.26612198065133,1,201
addition_stress_instances,Far,3,8203,8903004,add,2,WarmPSO_Relocate,4,1000,1000,200,350,0.3641246,4594.66849702219,4594.66849702219,0,1,4370.21624152093,0.0513595307638938,1,201
addition_stress_instances,Far,3,8203,8903004,add,2,WarmPSO_Relocate,4,1500,1495,200,575,0.3641246,4131.58439076895,4131.58439076895,0,1,4370.21624152093,-0.0546041288494521,1,201
addition_stress_instances,Far,3,8203,8903004,add,2,WarmPSO_Relocate,4,2500,2485,200,1025,0.3641246,3961.69855351371,3961.69855351371,0,1,4370.21624152093,-0.0934776828949415,1,201
addition_stress_instances,Far,3,8203,8903005,add,2,Repair,5,500,38,0,0,0.0046966,6115.35597077398,6115.35597077398,0,1,4370.21624152093,0.399325715893112,0,NaN
addition_stress_instances,Far,3,8203,8903005,add,2,Repair,5,1000,38,0,0,0.0046966,6115.35597077398,6115.35597077398,0,1,4370.21624152093,0.399325715893112,0,NaN
addition_stress_instances,Far,3,8203,8903005,add,2,Repair,5,1500,38,0,0,0.0046966,6115.35597077398,6115.35597077398,0,1,4370.21624152093,0.399325715893112,0,NaN
addition_stress_instances,Far,3,8203,8903005,add,2,Repair,5,2500,38,0,0,0.0046966,6115.35597077398,6115.35597077398,0,1,4370.21624152093,0.399325715893112,0,NaN
addition_stress_instances,Far,3,8203,8903005,add,2,WarmPSO,5,500,500,200,0,0.3280063,6075.49986389175,6075.49986389175,0,1,4370.21624152093,0.390205776585861,1,201
addition_stress_instances,Far,3,8203,8903005,add,2,WarmPSO,5,1000,980,200,0,0.3280063,6008.87210869106,6008.87210869106,0,1,4370.21624152093,0.374959905096101,1,201
addition_stress_instances,Far,3,8203,8903005,add,2,WarmPSO,5,1500,1490,200,0,0.3280063,5991.97959104666,5991.97959104666,0,1,4370.21624152093,0.37109453168874,1,201
addition_stress_instances,Far,3,8203,8903005,add,2,WarmPSO,5,2500,2480,200,0,0.3280063,5551.2055995308,5551.2055995308,0,1,4370.21624152093,0.270235908875498,1,201
addition_stress_instances,Far,3,8203,8903005,add,2,WarmPSO_Relocate,5,500,450,200,100,0.3696889,5683.54844217289,5683.54844217289,0,1,4370.21624152093,0.300518813731491,1,201
addition_stress_instances,Far,3,8203,8903005,add,2,WarmPSO_Relocate,5,1000,1000,200,350,0.3696889,4522.01923645257,4522.01923645257,0,1,4370.21624152093,0.0347358086058485,1,201
addition_stress_instances,Far,3,8203,8903005,add,2,WarmPSO_Relocate,5,1500,1495,200,575,0.3696889,4243.96950901417,4243.96950901417,0,1,4370.21624152093,-0.0288879830035196,1,201
addition_stress_instances,Far,3,8203,8903005,add,2,WarmPSO_Relocate,5,2500,2485,200,1025,0.3696889,3906.40131196881,3906.40131196881,0,1,4370.21624152093,-0.106130887791195,1,201
addition_stress_instances,Far,3,8203,8903006,add,2,Repair,6,500,38,0,0,0.0055488,6115.35597077398,6115.35597077398,0,1,4370.21624152093,0.399325715893112,0,NaN
addition_stress_instances,Far,3,8203,8903006,add,2,Repair,6,1000,38,0,0,0.0055488,6115.35597077398,6115.35597077398,0,1,4370.21624152093,0.399325715893112,0,NaN
addition_stress_instances,Far,3,8203,8903006,add,2,Repair,6,1500,38,0,0,0.0055488,6115.35597077398,6115.35597077398,0,1,4370.21624152093,0.399325715893112,0,NaN
addition_stress_instances,Far,3,8203,8903006,add,2,Repair,6,2500,38,0,0,0.0055488,6115.35597077398,6115.35597077398,0,1,4370.21624152093,0.399325715893112,0,NaN
addition_stress_instances,Far,3,8203,8903006,add,2,WarmPSO,6,500,500,200,0,0.3140668,6115.35597077398,6115.35597077398,0,1,4370.21624152093,0.399325715893112,0,201
addition_stress_instances,Far,3,8203,8903006,add,2,WarmPSO,6,1000,980,200,0,0.3140668,6115.35597077398,6115.35597077398,0,1,4370.21624152093,0.399325715893112,0,201
addition_stress_instances,Far,3,8203,8903006,add,2,WarmPSO,6,1500,1490,200,0,0.3140668,6113.51558684347,6113.51558684347,0,1,4370.21624152093,0.398904596243924,1,201
addition_stress_instances,Far,3,8203,8903006,add,2,WarmPSO,6,2500,2480,200,0,0.3140668,5993.85258501425,5993.85258501425,0,1,4370.21624152093,0.371523113219738,1,201
addition_stress_instances,Far,3,8203,8903006,add,2,WarmPSO_Relocate,6,500,450,200,100,0.375971,5421.20169270075,5421.20169270075,0,1,4370.21624152093,0.240488203122427,1,201
addition_stress_instances,Far,3,8203,8903006,add,2,WarmPSO_Relocate,6,1000,1000,200,350,0.375971,4408.07773723672,4408.07773723672,0,1,4370.21624152093,0.00866352913067969,1,201
addition_stress_instances,Far,3,8203,8903006,add,2,WarmPSO_Relocate,6,1500,1495,200,575,0.375971,4063.88232438318,4063.88232438318,0,1,4370.21624152093,-0.070095825974766,1,201
addition_stress_instances,Far,3,8203,8903006,add,2,WarmPSO_Relocate,6,2500,2485,200,1025,0.375971,3688.44166658529,3688.44166658529,0,1,4370.21624152093,-0.156004768930695,1,201
addition_stress_instances,Far,3,8203,8903007,add,2,Repair,7,500,38,0,0,0.0029466,6115.35597077398,6115.35597077398,0,1,4370.21624152093,0.399325715893112,0,NaN
addition_stress_instances,Far,3,8203,8903007,add,2,Repair,7,1000,38,0,0,0.0029466,6115.35597077398,6115.35597077398,0,1,4370.21624152093,0.399325715893112,0,NaN
addition_stress_instances,Far,3,8203,8903007,add,2,Repair,7,1500,38,0,0,0.0029466,6115.35597077398,6115.35597077398,0,1,4370.21624152093,0.399325715893112,0,NaN
addition_stress_instances,Far,3,8203,8903007,add,2,Repair,7,2500,38,0,0,0.0029466,6115.35597077398,6115.35597077398,0,1,4370.21624152093,0.399325715893112,0,NaN
addition_stress_instances,Far,3,8203,8903007,add,2,WarmPSO,7,500,500,200,0,0.3091612,6115.35597077398,6115.35597077398,0,1,4370.21624152093,0.399325715893112,0,201
addition_stress_instances,Far,3,8203,8903007,add,2,WarmPSO,7,1000,980,200,0,0.3091612,5932.62321249475,5932.62321249475,0,1,4370.21624152093,0.357512508449712,1,201
addition_stress_instances,Far,3,8203,8903007,add,2,WarmPSO,7,1500,1490,200,0,0.3091612,5932.62321249475,5932.62321249475,0,1,4370.21624152093,0.357512508449712,1,201
addition_stress_instances,Far,3,8203,8903007,add,2,WarmPSO,7,2500,2480,200,0,0.3091612,5932.62321249475,5932.62321249475,0,1,4370.21624152093,0.357512508449712,1,201
addition_stress_instances,Far,3,8203,8903007,add,2,WarmPSO_Relocate,7,500,450,200,100,0.3573293,5177.04959001252,5177.04959001252,0,1,4370.21624152093,0.18462092123176,1,201
addition_stress_instances,Far,3,8203,8903007,add,2,WarmPSO_Relocate,7,1000,1000,200,350,0.3573293,4483.75877555158,4483.75877555158,0,1,4370.21624152093,0.0259809876115276,1,201
addition_stress_instances,Far,3,8203,8903007,add,2,WarmPSO_Relocate,7,1500,1495,200,575,0.3573293,4435.73875023321,4435.73875023321,0,1,4370.21624152093,0.0149929671877011,1,201
addition_stress_instances,Far,3,8203,8903007,add,2,WarmPSO_Relocate,7,2500,2485,200,1025,0.3573293,4282.38254785463,4282.38254785463,0,1,4370.21624152093,-0.0200982488765206,1,201
addition_stress_instances,Far,3,8203,8903008,add,2,Repair,8,500,38,0,0,0.0042942,6115.35597077398,6115.35597077398,0,1,4370.21624152093,0.399325715893112,0,NaN
addition_stress_instances,Far,3,8203,8903008,add,2,Repair,8,1000,38,0,0,0.0042942,6115.35597077398,6115.35597077398,0,1,4370.21624152093,0.399325715893112,0,NaN
addition_stress_instances,Far,3,8203,8903008,add,2,Repair,8,1500,38,0,0,0.0042942,6115.35597077398,6115.35597077398,0,1,4370.21624152093,0.399325715893112,0,NaN
addition_stress_instances,Far,3,8203,8903008,add,2,Repair,8,2500,38,0,0,0.0042942,6115.35597077398,6115.35597077398,0,1,4370.21624152093,0.399325715893112,0,NaN
addition_stress_instances,Far,3,8203,8903008,add,2,WarmPSO,8,500,500,200,0,0.3250754,6115.35597077398,6115.35597077398,0,1,4370.21624152093,0.399325715893112,0,201
addition_stress_instances,Far,3,8203,8903008,add,2,WarmPSO,8,1000,980,200,0,0.3250754,5993.85258501425,5993.85258501425,0,1,4370.21624152093,0.371523113219738,1,201
addition_stress_instances,Far,3,8203,8903008,add,2,WarmPSO,8,1500,1490,200,0,0.3250754,5993.85258501425,5993.85258501425,0,1,4370.21624152093,0.371523113219738,1,201
addition_stress_instances,Far,3,8203,8903008,add,2,WarmPSO,8,2500,2480,200,0,0.3250754,5993.85258501425,5993.85258501425,0,1,4370.21624152093,0.371523113219738,1,201
addition_stress_instances,Far,3,8203,8903008,add,2,WarmPSO_Relocate,8,500,450,200,100,0.3525402,5387.15966608218,5387.15966608218,0,1,4370.21624152093,0.232698651132955,1,201
addition_stress_instances,Far,3,8203,8903008,add,2,WarmPSO_Relocate,8,1000,1000,200,350,0.3525402,4331.77681814414,4331.77681814414,0,1,4370.21624152093,-0.00879577147958603,1,201
addition_stress_instances,Far,3,8203,8903008,add,2,WarmPSO_Relocate,8,1500,1495,200,575,0.3525402,3975.51827254676,3975.51827254676,0,1,4370.21624152093,-0.0903154322717925,1,201
addition_stress_instances,Far,3,8203,8903008,add,2,WarmPSO_Relocate,8,2500,2485,200,1025,0.3525402,3785.06174514265,3785.06174514265,0,1,4370.21624152093,-0.133896005149309,1,201
addition_stress_instances,Far,3,8203,8903009,add,2,Repair,9,500,38,0,0,0.0034906,6115.35597077398,6115.35597077398,0,1,4370.21624152093,0.399325715893112,0,NaN
addition_stress_instances,Far,3,8203,8903009,add,2,Repair,9,1000,38,0,0,0.0034906,6115.35597077398,6115.35597077398,0,1,4370.21624152093,0.399325715893112,0,NaN
addition_stress_instances,Far,3,8203,8903009,add,2,Repair,9,1500,38,0,0,0.0034906,6115.35597077398,6115.35597077398,0,1,4370.21624152093,0.399325715893112,0,NaN
addition_stress_instances,Far,3,8203,8903009,add,2,Repair,9,2500,38,0,0,0.0034906,6115.35597077398,6115.35597077398,0,1,4370.21624152093,0.399325715893112,0,NaN
addition_stress_instances,Far,3,8203,8903009,add,2,WarmPSO,9,500,500,200,0,0.2923273,6116.06612281129,6116.06612281129,0,1,4370.21624152093,0.399488214039213,0,201
addition_stress_instances,Far,3,8203,8903009,add,2,WarmPSO,9,1000,980,200,0,0.2923273,6113.51558684347,6113.51558684347,0,1,4370.21624152093,0.398904596243924,1,201
addition_stress_instances,Far,3,8203,8903009,add,2,WarmPSO,9,1500,1490,200,0,0.2923273,6030.77497671147,6030.77497671147,0,1,4370.21624152093,0.379971755038975,1,201
addition_stress_instances,Far,3,8203,8903009,add,2,WarmPSO,9,2500,2480,200,0,0.2923273,5897.4985458551,5897.4985458551,0,1,4370.21624152093,0.349475225006863,1,201
addition_stress_instances,Far,3,8203,8903009,add,2,WarmPSO_Relocate,9,500,450,200,100,0.3446636,5767.86682162382,5767.86682162382,0,1,4370.21624152093,0.319812682682374,1,201
addition_stress_instances,Far,3,8203,8903009,add,2,WarmPSO_Relocate,9,1000,1000,200,350,0.3446636,4769.8824622336,4769.8824622336,0,1,4370.21624152093,0.0914522757284844,1,201
addition_stress_instances,Far,3,8203,8903009,add,2,WarmPSO_Relocate,9,1500,1495,200,575,0.3446636,4289.77053117328,4289.77053117328,0,1,4370.21624152093,-0.0184077184976213,1,201
addition_stress_instances,Far,3,8203,8903009,add,2,WarmPSO_Relocate,9,2500,2485,200,1025,0.3446636,4234.09793319403,4234.09793319403,0,1,4370.21624152093,-0.0311468130646833,1,201
addition_stress_instances,Far,3,8203,8903010,add,2,Repair,10,500,38,0,0,0.0064149,6115.35597077398,6115.35597077398,0,1,4370.21624152093,0.399325715893112,0,NaN
addition_stress_instances,Far,3,8203,8903010,add,2,Repair,10,1000,38,0,0,0.0064149,6115.35597077398,6115.35597077398,0,1,4370.21624152093,0.399325715893112,0,NaN
addition_stress_instances,Far,3,8203,8903010,add,2,Repair,10,1500,38,0,0,0.0064149,6115.35597077398,6115.35597077398,0,1,4370.21624152093,0.399325715893112,0,NaN
addition_stress_instances,Far,3,8203,8903010,add,2,Repair,10,2500,38,0,0,0.0064149,6115.35597077398,6115.35597077398,0,1,4370.21624152093,0.399325715893112,0,NaN
addition_stress_instances,Far,3,8203,8903010,add,2,WarmPSO,10,500,500,200,0,0.3065911,5841.82064255836,5841.82064255836,0,1,4370.21624152093,0.336734916468409,1,201
addition_stress_instances,Far,3,8203,8903010,add,2,WarmPSO,10,1000,980,200,0,0.3065911,5710.04502183502,5710.04502183502,0,1,4370.21624152093,0.306581804255939,1,201
addition_stress_instances,Far,3,8203,8903010,add,2,WarmPSO,10,1500,1490,200,0,0.3065911,5710.04502183502,5710.04502183502,0,1,4370.21624152093,0.306581804255939,1,201
addition_stress_instances,Far,3,8203,8903010,add,2,WarmPSO,10,2500,2480,200,0,0.3065911,5689.55966491274,5689.55966491274,0,1,4370.21624152093,0.301894311511837,1,201
addition_stress_instances,Far,3,8203,8903010,add,2,WarmPSO_Relocate,10,500,450,200,100,0.3573309,5123.6951098437,5123.6951098437,0,1,4370.21624152093,0.172412262158576,1,201
addition_stress_instances,Far,3,8203,8903010,add,2,WarmPSO_Relocate,10,1000,1000,200,350,0.3573309,4603.09465764447,4603.09465764447,0,1,4370.21624152093,0.0532876185647271,1,201
addition_stress_instances,Far,3,8203,8903010,add,2,WarmPSO_Relocate,10,1500,1495,200,575,0.3573309,4551.09546648606,4551.09546648606,0,1,4370.21624152093,0.0413890789308356,1,201
addition_stress_instances,Far,3,8203,8903010,add,2,WarmPSO_Relocate,10,2500,2485,200,1025,0.3573309,4199.8188507032,4199.8188507032,0,1,4370.21624152093,-0.0389906085650417,1,201
addition_stress_instances,Far,5,8205,8905001,add,2,Repair,1,500,38,0,0,0.0072493,6462.18741238621,6143.87592477769,3.1831148760852,0,5915.30049145706,NaN,0,NaN
addition_stress_instances,Far,5,8205,8905001,add,2,Repair,1,1000,38,0,0,0.0072493,6462.18741238621,6143.87592477769,3.1831148760852,0,5915.30049145706,NaN,0,NaN
addition_stress_instances,Far,5,8205,8905001,add,2,Repair,1,1500,38,0,0,0.0072493,6462.18741238621,6143.87592477769,3.1831148760852,0,5915.30049145706,NaN,0,NaN
addition_stress_instances,Far,5,8205,8905001,add,2,Repair,1,2500,38,0,0,0.0072493,6462.18741238621,6143.87592477769,3.1831148760852,0,5915.30049145706,NaN,0,NaN
addition_stress_instances,Far,5,8205,8905001,add,2,WarmPSO,1,500,500,200,0,0.3685462,6268.05670521533,6268.05670521533,0,1,5915.30049145706,0.0596345383075173,1,201
addition_stress_instances,Far,5,8205,8905001,add,2,WarmPSO,1,1000,980,200,0,0.3685462,6268.05670521533,6268.05670521533,0,1,5915.30049145706,0.0596345383075173,1,201
addition_stress_instances,Far,5,8205,8905001,add,2,WarmPSO,1,1500,1490,200,0,0.3685462,6268.05670521533,6268.05670521533,0,1,5915.30049145706,0.0596345383075173,1,201
addition_stress_instances,Far,5,8205,8905001,add,2,WarmPSO,1,2500,2480,200,0,0.3685462,6241.04249261346,6241.04249261346,0,1,5915.30049145706,0.0550677014002661,1,201
addition_stress_instances,Far,5,8205,8905001,add,2,WarmPSO_Relocate,1,500,450,200,100,0.3915698,6054.46719525175,6054.46719525175,0,1,5915.30049145706,0.0235265653867762,1,201
addition_stress_instances,Far,5,8205,8905001,add,2,WarmPSO_Relocate,1,1000,1000,200,350,0.3915698,5110.15168952997,5110.15168952997,0,1,5915.30049145706,-0.136112916510309,1,201
addition_stress_instances,Far,5,8205,8905001,add,2,WarmPSO_Relocate,1,1500,1495,200,575,0.3915698,5023.22166456743,5023.22166456743,0,1,5915.30049145706,-0.150808708395791,1,201
addition_stress_instances,Far,5,8205,8905001,add,2,WarmPSO_Relocate,1,2500,2485,200,1025,0.3915698,4978.94280134271,4978.94280134271,0,1,5915.30049145706,-0.1582941883454,1,201
addition_stress_instances,Far,5,8205,8905002,add,2,Repair,2,500,38,0,0,0.0036939,6462.18741238621,6143.87592477769,3.1831148760852,0,5915.30049145706,NaN,0,NaN
addition_stress_instances,Far,5,8205,8905002,add,2,Repair,2,1000,38,0,0,0.0036939,6462.18741238621,6143.87592477769,3.1831148760852,0,5915.30049145706,NaN,0,NaN
addition_stress_instances,Far,5,8205,8905002,add,2,Repair,2,1500,38,0,0,0.0036939,6462.18741238621,6143.87592477769,3.1831148760852,0,5915.30049145706,NaN,0,NaN
addition_stress_instances,Far,5,8205,8905002,add,2,Repair,2,2500,38,0,0,0.0036939,6462.18741238621,6143.87592477769,3.1831148760852,0,5915.30049145706,NaN,0,NaN
addition_stress_instances,Far,5,8205,8905002,add,2,WarmPSO,2,500,500,200,0,0.3122627,6255.01327427769,6255.01327427769,0,1,5915.30049145706,0.0574295056204252,1,201
addition_stress_instances,Far,5,8205,8905002,add,2,WarmPSO,2,1000,980,200,0,0.3122627,5756.67839675428,5756.67839675428,0,1,5915.30049145706,-0.0268155599080492,1,201
addition_stress_instances,Far,5,8205,8905002,add,2,WarmPSO,2,1500,1490,200,0,0.3122627,5320.92998171914,5320.92998171914,0,1,5915.30049145706,-0.100480188723516,1,201
addition_stress_instances,Far,5,8205,8905002,add,2,WarmPSO,2,2500,2480,200,0,0.3122627,4778.52821810157,4778.52821810157,0,1,5915.30049145706,-0.192174898806447,1,201
addition_stress_instances,Far,5,8205,8905002,add,2,WarmPSO_Relocate,2,500,450,200,100,0.3564725,5666.47229275047,5666.47229275047,0,1,5915.30049145706,-0.042065183174709,1,201
addition_stress_instances,Far,5,8205,8905002,add,2,WarmPSO_Relocate,2,1000,1000,200,350,0.3564725,4808.48776465708,4808.48776465708,0,1,5915.30049145706,-0.187110144006792,1,201
addition_stress_instances,Far,5,8205,8905002,add,2,WarmPSO_Relocate,2,1500,1495,200,575,0.3564725,4147.88634211754,4147.88634211754,0,1,5915.30049145706,-0.298786875137119,1,201
addition_stress_instances,Far,5,8205,8905002,add,2,WarmPSO_Relocate,2,2500,2485,200,1025,0.3564725,3960.93447788995,3960.93447788995,0,1,5915.30049145706,-0.330391670953931,1,201
addition_stress_instances,Far,5,8205,8905003,add,2,Repair,3,500,38,0,0,0.0039691,6462.18741238621,6143.87592477769,3.1831148760852,0,5915.30049145706,NaN,0,NaN
addition_stress_instances,Far,5,8205,8905003,add,2,Repair,3,1000,38,0,0,0.0039691,6462.18741238621,6143.87592477769,3.1831148760852,0,5915.30049145706,NaN,0,NaN
addition_stress_instances,Far,5,8205,8905003,add,2,Repair,3,1500,38,0,0,0.0039691,6462.18741238621,6143.87592477769,3.1831148760852,0,5915.30049145706,NaN,0,NaN
addition_stress_instances,Far,5,8205,8905003,add,2,Repair,3,2500,38,0,0,0.0039691,6462.18741238621,6143.87592477769,3.1831148760852,0,5915.30049145706,NaN,0,NaN
addition_stress_instances,Far,5,8205,8905003,add,2,WarmPSO,3,500,500,200,0,0.3080822,6268.05670521533,6268.05670521533,0,1,5915.30049145706,0.0596345383075173,1,201
addition_stress_instances,Far,5,8205,8905003,add,2,WarmPSO,3,1000,980,200,0,0.3080822,6225.07879184186,6225.07879184186,0,1,5915.30049145706,0.0523689879883849,1,201
addition_stress_instances,Far,5,8205,8905003,add,2,WarmPSO,3,1500,1490,200,0,0.3080822,6225.07879184186,6225.07879184186,0,1,5915.30049145706,0.0523689879883849,1,201
addition_stress_instances,Far,5,8205,8905003,add,2,WarmPSO,3,2500,2480,200,0,0.3080822,6197.83478843667,6197.83478843667,0,1,5915.30049145706,0.0477633042290329,1,201
addition_stress_instances,Far,5,8205,8905003,add,2,WarmPSO_Relocate,3,500,450,200,100,0.3646126,5699.49477752215,5699.49477752215,0,1,5915.30049145706,-0.0364826291152199,1,201
addition_stress_instances,Far,5,8205,8905003,add,2,WarmPSO_Relocate,3,1000,1000,200,350,0.3646126,5228.24250048649,5228.24250048649,0,1,5915.30049145706,-0.116149296551007,1,201
addition_stress_instances,Far,5,8205,8905003,add,2,WarmPSO_Relocate,3,1500,1495,200,575,0.3646126,5001.69671202492,5001.69671202492,0,1,5915.30049145706,-0.154447568767059,1,201
addition_stress_instances,Far,5,8205,8905003,add,2,WarmPSO_Relocate,3,2500,2485,200,1025,0.3646126,4442.51792841687,4442.51792841687,0,1,5915.30049145706,-0.248978486412854,1,201
addition_stress_instances,Far,5,8205,8905004,add,2,Repair,4,500,38,0,0,0.0034238,6462.18741238621,6143.87592477769,3.1831148760852,0,5915.30049145706,NaN,0,NaN
addition_stress_instances,Far,5,8205,8905004,add,2,Repair,4,1000,38,0,0,0.0034238,6462.18741238621,6143.87592477769,3.1831148760852,0,5915.30049145706,NaN,0,NaN
addition_stress_instances,Far,5,8205,8905004,add,2,Repair,4,1500,38,0,0,0.0034238,6462.18741238621,6143.87592477769,3.1831148760852,0,5915.30049145706,NaN,0,NaN
addition_stress_instances,Far,5,8205,8905004,add,2,Repair,4,2500,38,0,0,0.0034238,6462.18741238621,6143.87592477769,3.1831148760852,0,5915.30049145706,NaN,0,NaN
addition_stress_instances,Far,5,8205,8905004,add,2,WarmPSO,4,500,500,200,0,0.3015886,6268.05670521533,6268.05670521533,0,1,5915.30049145706,0.0596345383075173,1,201
addition_stress_instances,Far,5,8205,8905004,add,2,WarmPSO,4,1000,980,200,0,0.3015886,6225.07879184186,6225.07879184186,0,1,5915.30049145706,0.0523689879883849,1,201
addition_stress_instances,Far,5,8205,8905004,add,2,WarmPSO,4,1500,1490,200,0,0.3015886,6087.08599008422,6087.08599008422,0,1,5915.30049145706,0.0290408744027898,1,201
addition_stress_instances,Far,5,8205,8905004,add,2,WarmPSO,4,2500,2480,200,0,0.3015886,5404.73977851473,5404.73977851473,0,1,5915.30049145706,-0.0863118811427559,1,201
addition_stress_instances,Far,5,8205,8905004,add,2,WarmPSO_Relocate,4,500,450,200,100,0.3567891,5549.55713805315,5549.55713805315,0,1,5915.30049145706,-0.0618300547761046,1,201
addition_stress_instances,Far,5,8205,8905004,add,2,WarmPSO_Relocate,4,1000,1000,200,350,0.3567891,4551.26342002008,4551.26342002008,0,1,5915.30049145706,-0.230594721841592,1,201
addition_stress_instances,Far,5,8205,8905004,add,2,WarmPSO_Relocate,4,1500,1495,200,575,0.3567891,4407.61953920264,4407.61953920264,0,1,5915.30049145706,-0.254878167969965,1,201
addition_stress_instances,Far,5,8205,8905004,add,2,WarmPSO_Relocate,4,2500,2485,200,1025,0.3567891,4407.61953920264,4407.61953920264,0,1,5915.30049145706,-0.254878167969965,1,201
addition_stress_instances,Far,5,8205,8905005,add,2,Repair,5,500,38,0,0,0.0031058,6462.18741238621,6143.87592477769,3.1831148760852,0,5915.30049145706,NaN,0,NaN
addition_stress_instances,Far,5,8205,8905005,add,2,Repair,5,1000,38,0,0,0.0031058,6462.18741238621,6143.87592477769,3.1831148760852,0,5915.30049145706,NaN,0,NaN
addition_stress_instances,Far,5,8205,8905005,add,2,Repair,5,1500,38,0,0,0.0031058,6462.18741238621,6143.87592477769,3.1831148760852,0,5915.30049145706,NaN,0,NaN
addition_stress_instances,Far,5,8205,8905005,add,2,Repair,5,2500,38,0,0,0.0031058,6462.18741238621,6143.87592477769,3.1831148760852,0,5915.30049145706,NaN,0,NaN
addition_stress_instances,Far,5,8205,8905005,add,2,WarmPSO,5,500,500,200,0,0.3035878,6225.30633953596,6225.30633953596,0,1,5915.30049145706,0.0524074556358748,1,201
addition_stress_instances,Far,5,8205,8905005,add,2,WarmPSO,5,1000,980,200,0,0.3035878,5802.43531345969,5802.43531345969,0,1,5915.30049145706,-0.019080210406955,1,201
addition_stress_instances,Far,5,8205,8905005,add,2,WarmPSO,5,1500,1490,200,0,0.3035878,5694.974012245,5694.974012245,0,1,5915.30049145706,-0.0372468785871908,1,201
addition_stress_instances,Far,5,8205,8905005,add,2,WarmPSO,5,2500,2480,200,0,0.3035878,5526.00215753238,5526.00215753238,0,1,5915.30049145706,-0.0658120977094744,1,201
addition_stress_instances,Far,5,8205,8905005,add,2,WarmPSO_Relocate,5,500,450,200,100,0.3412524,5578.16287111371,5578.16287111371,0,1,5915.30049145706,-0.0569941663707952,1,201
addition_stress_instances,Far,5,8205,8905005,add,2,WarmPSO_Relocate,5,1000,1000,200,350,0.3412524,4401.06642120435,4401.06642120435,0,1,5915.30049145706,-0.255985993009075,1,201
addition_stress_instances,Far,5,8205,8905005,add,2,WarmPSO_Relocate,5,1500,1495,200,575,0.3412524,4202.41569202531,4202.41569202531,0,1,5915.30049145706,-0.289568518438837,1,201
addition_stress_instances,Far,5,8205,8905005,add,2,WarmPSO_Relocate,5,2500,2485,200,1025,0.3412524,4058.11837393996,4058.11837393996,0,1,5915.30049145706,-0.313962430175653,1,201
addition_stress_instances,Far,5,8205,8905006,add,2,Repair,6,500,38,0,0,0.0037495,6462.18741238621,6143.87592477769,3.1831148760852,0,5915.30049145706,NaN,0,NaN
addition_stress_instances,Far,5,8205,8905006,add,2,Repair,6,1000,38,0,0,0.0037495,6462.18741238621,6143.87592477769,3.1831148760852,0,5915.30049145706,NaN,0,NaN
addition_stress_instances,Far,5,8205,8905006,add,2,Repair,6,1500,38,0,0,0.0037495,6462.18741238621,6143.87592477769,3.1831148760852,0,5915.30049145706,NaN,0,NaN
addition_stress_instances,Far,5,8205,8905006,add,2,Repair,6,2500,38,0,0,0.0037495,6462.18741238621,6143.87592477769,3.1831148760852,0,5915.30049145706,NaN,0,NaN
addition_stress_instances,Far,5,8205,8905006,add,2,WarmPSO,6,500,500,200,0,0.2810047,6268.05670521533,6268.05670521533,0,1,5915.30049145706,0.0596345383075173,1,201
addition_stress_instances,Far,5,8205,8905006,add,2,WarmPSO,6,1000,980,200,0,0.2810047,6268.05670521533,6268.05670521533,0,1,5915.30049145706,0.0596345383075173,1,201
addition_stress_instances,Far,5,8205,8905006,add,2,WarmPSO,6,1500,1490,200,0,0.2810047,6268.05670521533,6268.05670521533,0,1,5915.30049145706,0.0596345383075173,1,201
addition_stress_instances,Far,5,8205,8905006,add,2,WarmPSO,6,2500,2480,200,0,0.2810047,4743.67897221662,4743.67897221662,0,1,5915.30049145706,-0.198066272530449,1,201
addition_stress_instances,Far,5,8205,8905006,add,2,WarmPSO_Relocate,6,500,450,200,100,0.3321811,5836.17495823675,5836.17495823675,0,1,5915.30049145706,-0.0133764182114811,1,201
addition_stress_instances,Far,5,8205,8905006,add,2,WarmPSO_Relocate,6,1000,1000,200,350,0.3321811,4722.68871627456,4722.68871627456,0,1,5915.30049145706,-0.201614740773504,1,201
addition_stress_instances,Far,5,8205,8905006,add,2,WarmPSO_Relocate,6,1500,1495,200,575,0.3321811,3966.08069784312,3966.08069784312,0,1,5915.30049145706,-0.329521686417963,1,201
addition_stress_instances,Far,5,8205,8905006,add,2,WarmPSO_Relocate,6,2500,2485,200,1025,0.3321811,3800.21549120852,3800.21549120852,0,1,5915.30049145706,-0.35756171699192,1,201
addition_stress_instances,Far,5,8205,8905007,add,2,Repair,7,500,38,0,0,0.00379,6462.18741238621,6143.87592477769,3.1831148760852,0,5915.30049145706,NaN,0,NaN
addition_stress_instances,Far,5,8205,8905007,add,2,Repair,7,1000,38,0,0,0.00379,6462.18741238621,6143.87592477769,3.1831148760852,0,5915.30049145706,NaN,0,NaN
addition_stress_instances,Far,5,8205,8905007,add,2,Repair,7,1500,38,0,0,0.00379,6462.18741238621,6143.87592477769,3.1831148760852,0,5915.30049145706,NaN,0,NaN
addition_stress_instances,Far,5,8205,8905007,add,2,Repair,7,2500,38,0,0,0.00379,6462.18741238621,6143.87592477769,3.1831148760852,0,5915.30049145706,NaN,0,NaN
addition_stress_instances,Far,5,8205,8905007,add,2,WarmPSO,7,500,500,200,0,0.2809341,6268.05670521533,6268.05670521533,0,1,5915.30049145706,0.0596345383075173,1,201
addition_stress_instances,Far,5,8205,8905007,add,2,WarmPSO,7,1000,980,200,0,0.2809341,6268.05670521533,6268.05670521533,0,1,5915.30049145706,0.0596345383075173,1,201
addition_stress_instances,Far,5,8205,8905007,add,2,WarmPSO,7,1500,1490,200,0,0.2809341,6268.05670521533,6268.05670521533,0,1,5915.30049145706,0.0596345383075173,1,201
addition_stress_instances,Far,5,8205,8905007,add,2,WarmPSO,7,2500,2480,200,0,0.2809341,6233.20745933038,6233.20745933038,0,1,5915.30049145706,0.0537431645835157,1,201
addition_stress_instances,Far,5,8205,8905007,add,2,WarmPSO_Relocate,7,500,450,200,100,0.3311601,5579.55122177109,5579.55122177109,0,1,5915.30049145706,-0.0567594613614066,1,201
addition_stress_instances,Far,5,8205,8905007,add,2,WarmPSO_Relocate,7,1000,1000,200,350,0.3311601,4408.71963859821,4408.71963859821,0,1,5915.30049145706,-0.254692192735545,1,201
addition_stress_instances,Far,5,8205,8905007,add,2,WarmPSO_Relocate,7,1500,1495,200,575,0.3311601,3838.39067503461,3838.39067503461,0,1,5915.30049145706,-0.351108083084189,1,201
addition_stress_instances,Far,5,8205,8905007,add,2,WarmPSO_Relocate,7,2500,2485,200,1025,0.3311601,3741.77059647725,3741.77059647725,0,1,5915.30049145706,-0.367442008756587,1,201
addition_stress_instances,Far,5,8205,8905008,add,2,Repair,8,500,38,0,0,0.0030586,6462.18741238621,6143.87592477769,3.1831148760852,0,5915.30049145706,NaN,0,NaN
addition_stress_instances,Far,5,8205,8905008,add,2,Repair,8,1000,38,0,0,0.0030586,6462.18741238621,6143.87592477769,3.1831148760852,0,5915.30049145706,NaN,0,NaN
addition_stress_instances,Far,5,8205,8905008,add,2,Repair,8,1500,38,0,0,0.0030586,6462.18741238621,6143.87592477769,3.1831148760852,0,5915.30049145706,NaN,0,NaN
addition_stress_instances,Far,5,8205,8905008,add,2,Repair,8,2500,38,0,0,0.0030586,6462.18741238621,6143.87592477769,3.1831148760852,0,5915.30049145706,NaN,0,NaN
addition_stress_instances,Far,5,8205,8905008,add,2,WarmPSO,8,500,500,200,0,0.303634,6178.70467700104,6178.70467700104,0,1,5915.30049145706,0.0445292992172416,1,201
addition_stress_instances,Far,5,8205,8905008,add,2,WarmPSO,8,1000,980,200,0,0.303634,5963.73629568346,5963.73629568346,0,1,5915.30049145706,0.00818822379291712,1,201
addition_stress_instances,Far,5,8205,8905008,add,2,WarmPSO,8,1500,1490,200,0,0.303634,5391.196154948,5391.196154948,0,1,5915.30049145706,-0.0886014729540747,1,201
addition_stress_instances,Far,5,8205,8905008,add,2,WarmPSO,8,2500,2480,200,0,0.303634,5209.66472156993,5209.66472156993,0,1,5915.30049145706,-0.119289928027531,1,201
addition_stress_instances,Far,5,8205,8905008,add,2,WarmPSO_Relocate,8,500,450,200,100,0.3406855,5582.0220523942,5582.0220523942,0,1,5915.30049145706,-0.056341759737173,1,201
addition_stress_instances,Far,5,8205,8905008,add,2,WarmPSO_Relocate,8,1000,1000,200,350,0.3406855,5044.74727417843,5044.74727417843,0,1,5915.30049145706,-0.147169736945044,1,201
addition_stress_instances,Far,5,8205,8905008,add,2,WarmPSO_Relocate,8,1500,1495,200,575,0.3406855,4282.57307189003,4282.57307189003,0,1,5915.30049145706,-0.276017663333422,1,201
addition_stress_instances,Far,5,8205,8905008,add,2,WarmPSO_Relocate,8,2500,2485,200,1025,0.3406855,3962.73871061441,3962.73871061441,0,1,5915.30049145706,-0.33008665978382,1,201
addition_stress_instances,Far,5,8205,8905009,add,2,Repair,9,500,38,0,0,0.0030034,6462.18741238621,6143.87592477769,3.1831148760852,0,5915.30049145706,NaN,0,NaN
addition_stress_instances,Far,5,8205,8905009,add,2,Repair,9,1000,38,0,0,0.0030034,6462.18741238621,6143.87592477769,3.1831148760852,0,5915.30049145706,NaN,0,NaN
addition_stress_instances,Far,5,8205,8905009,add,2,Repair,9,1500,38,0,0,0.0030034,6462.18741238621,6143.87592477769,3.1831148760852,0,5915.30049145706,NaN,0,NaN
addition_stress_instances,Far,5,8205,8905009,add,2,Repair,9,2500,38,0,0,0.0030034,6462.18741238621,6143.87592477769,3.1831148760852,0,5915.30049145706,NaN,0,NaN
addition_stress_instances,Far,5,8205,8905009,add,2,WarmPSO,9,500,500,200,0,0.2843648,6154.85130397969,6154.85130397969,0,1,5915.30049145706,0.0404968121008547,1,201
addition_stress_instances,Far,5,8205,8905009,add,2,WarmPSO,9,1000,980,200,0,0.2843648,6154.85130397969,6154.85130397969,0,1,5915.30049145706,0.0404968121008547,1,201
addition_stress_instances,Far,5,8205,8905009,add,2,WarmPSO,9,1500,1490,200,0,0.2843648,6154.85130397969,6154.85130397969,0,1,5915.30049145706,0.0404968121008547,1,201
addition_stress_instances,Far,5,8205,8905009,add,2,WarmPSO,9,2500,2480,200,0,0.2843648,5392.84002990349,5392.84002990349,0,1,5915.30049145706,-0.0883235707650201,1,201
addition_stress_instances,Far,5,8205,8905009,add,2,WarmPSO_Relocate,9,500,450,200,100,0.3223164,5575.00688961253,5575.00688961253,0,1,5915.30049145706,-0.0575276948881933,1,201
addition_stress_instances,Far,5,8205,8905009,add,2,WarmPSO_Relocate,9,1000,1000,200,350,0.3223164,4692.53266903495,4692.53266903495,0,1,5915.30049145706,-0.206712714626761,1,201
addition_stress_instances,Far,5,8205,8905009,add,2,WarmPSO_Relocate,9,1500,1495,200,575,0.3223164,4422.83697943019,4422.83697943019,0,1,5915.30049145706,-0.252305612230909,1,201
addition_stress_instances,Far,5,8205,8905009,add,2,WarmPSO_Relocate,9,2500,2485,200,1025,0.3223164,4072.55941565699,4072.55941565699,0,1,5915.30049145706,-0.311521127026662,1,201
addition_stress_instances,Far,5,8205,8905010,add,2,Repair,10,500,38,0,0,0.0036198,6462.18741238621,6143.87592477769,3.1831148760852,0,5915.30049145706,NaN,0,NaN
addition_stress_instances,Far,5,8205,8905010,add,2,Repair,10,1000,38,0,0,0.0036198,6462.18741238621,6143.87592477769,3.1831148760852,0,5915.30049145706,NaN,0,NaN
addition_stress_instances,Far,5,8205,8905010,add,2,Repair,10,1500,38,0,0,0.0036198,6462.18741238621,6143.87592477769,3.1831148760852,0,5915.30049145706,NaN,0,NaN
addition_stress_instances,Far,5,8205,8905010,add,2,Repair,10,2500,38,0,0,0.0036198,6462.18741238621,6143.87592477769,3.1831148760852,0,5915.30049145706,NaN,0,NaN
addition_stress_instances,Far,5,8205,8905010,add,2,WarmPSO,10,500,500,200,0,0.3047184,6268.05670521533,6268.05670521533,0,1,5915.30049145706,0.0596345383075173,1,201
addition_stress_instances,Far,5,8205,8905010,add,2,WarmPSO,10,1000,980,200,0,0.3047184,6233.20745933038,6233.20745933038,0,1,5915.30049145706,0.0537431645835157,1,201
addition_stress_instances,Far,5,8205,8905010,add,2,WarmPSO,10,1500,1490,200,0,0.3047184,6233.20745933038,6233.20745933038,0,1,5915.30049145706,0.0537431645835157,1,201
addition_stress_instances,Far,5,8205,8905010,add,2,WarmPSO,10,2500,2480,200,0,0.3047184,6233.20745933038,6233.20745933038,0,1,5915.30049145706,0.0537431645835157,1,201
addition_stress_instances,Far,5,8205,8905010,add,2,WarmPSO_Relocate,10,500,450,200,100,0.3361192,5456.45814683498,5456.45814683498,0,1,5915.30049145706,-0.0775687296502919,1,201
addition_stress_instances,Far,5,8205,8905010,add,2,WarmPSO_Relocate,10,1000,1000,200,350,0.3361192,4398.11798709073,4398.11798709073,0,1,5915.30049145706,-0.256484434993194,1,201
addition_stress_instances,Far,5,8205,8905010,add,2,WarmPSO_Relocate,10,1500,1495,200,575,0.3361192,3962.73871061441,3962.73871061441,0,1,5915.30049145706,-0.33008665978382,1,201
addition_stress_instances,Far,5,8205,8905010,add,2,WarmPSO_Relocate,10,2500,2485,200,1025,0.3361192,3962.73871061441,3962.73871061441,0,1,5915.30049145706,-0.33008665978382,1,201
