file,nCustomers,method,seed,budget_fe,is_feasible,first_feasible_fe,phase_switch_fe,phase_gain,phase_gain_per_fe,total_late,final_cost,first_feasible_cost,gap_to_bks,restoration_relocate_fe,restoration_relocate_accept,vnd_2opt_accept,vnd_swap_accept,vnd_relocate_accept,function_evaluations
rc_201.1.txt,19,RKPSO,1301101,1900,0,NaN,NaN,NaN,NaN,1381.8648,697.4747,NaN,NaN,0,0,0,0,0,1900
rc_201.1.txt,19,LateOnly,1301101,1900,1,509,534,79.7195999999999,0.0583598828696925,0,445.3805,525.1001,0.00189071849552338,882,18,0,0,0,1900
rc_201.1.txt,19,LateTo2Opt,1301101,1900,1,509,534,80.5575999999999,0.0589733528550511,0,444.5425,525.1001,5.62379088495462e-06,234,13,7,0,0,1900
rc_201.1.txt,19,AlwaysVND,1301101,1900,1,1346,1372,12.5886,0.0238420454545454,0,452.0917,464.6803,0.01698767265038,0,0,33,4,3,1900
rc_201.1.txt,19,FB-CMPSO,1301101,1900,1,509,534,80.5575999999999,0.0589733528550511,0,444.5425,525.1001,5.62379088495462e-06,234,13,4,3,0,1900
rc_201.1.txt,19,RKPSO,1301102,1900,0,NaN,NaN,NaN,NaN,866.2683,661.4466,NaN,NaN,0,0,0,0,0,1900
rc_201.1.txt,19,LateOnly,1301102,1900,1,427,458,92.6489,0.0642502773925104,0,445.3805,538.0294,0.00189071849552338,882,15,0,0,0,1900
rc_201.1.txt,19,LateTo2Opt,1301102,1900,1,427,458,93.4869,0.0648314147018031,0,444.5425,538.0294,5.62379088495462e-06,198,11,5,0,0,1900
rc_201.1.txt,19,AlwaysVND,1301102,1900,1,903,928,80.4665,0.0827844650205761,0,444.5425,525.009,5.62379088495462e-06,0,0,22,8,1,1900
rc_201.1.txt,19,FB-CMPSO,1301102,1900,1,427,458,93.4869,0.0648314147018031,0,444.5425,538.0294,5.62379088495462e-06,198,11,3,1,1,1900
rc_201.1.txt,19,RKPSO,1301103,1900,0,NaN,NaN,NaN,NaN,408.2995,663.2467,NaN,NaN,0,0,0,0,0,1900
rc_201.1.txt,19,LateOnly,1301103,1900,1,479,496,146.7049,0.10449066951567,0,445.3805,592.0854,0.00189071849552338,882,18,0,0,0,1900
rc_201.1.txt,19,LateTo2Opt,1301103,1900,1,479,496,147.5429,0.105087535612536,0,444.5425,592.0854,5.62379088495462e-06,216,11,8,0,0,1900
rc_201.1.txt,19,AlwaysVND,1301103,1900,1,763,780,107.9405,0.0963754464285714,0,445.3805,553.321,0.00189071849552338,0,0,25,4,2,1900
rc_201.1.txt,19,FB-CMPSO,1301103,1900,1,479,496,147.5429,0.105087535612536,0,444.5425,592.0854,5.62379088495462e-06,216,11,3,3,0,1900
rc_201.1.txt,19,RKPSO,1301104,1900,0,NaN,NaN,NaN,NaN,793.5791,629.1736,NaN,NaN,0,0,0,0,0,1900
rc_201.1.txt,19,LateOnly,1301104,1900,1,460,496,97.1976000000001,0.0692290598290599,0,444.5425,541.7401,5.62379088495462e-06,882,17,0,0,0,1900
rc_201.1.txt,19,LateTo2Opt,1301104,1900,1,460,496,97.1976000000001,0.0692290598290599,0,444.5425,541.7401,5.62379088495462e-06,216,12,8,0,0,1900
rc_201.1.txt,19,AlwaysVND,1301104,1900,1,1342,1372,62.5491,0.118464204545454,0,444.5425,507.0916,5.62379088495462e-06,0,0,25,7,5,1900
rc_201.1.txt,19,FB-CMPSO,1301104,1900,1,460,496,96.3596000000001,0.0686321937321938,0,445.3805,541.7401,0.00189071849552338,216,12,5,0,2,1900
rc_201.1.txt,19,RKPSO,1301105,1900,0,NaN,NaN,NaN,NaN,430.8015,496.674,NaN,NaN,0,0,0,0,0,1900
rc_201.1.txt,19,LateOnly,1301105,1900,1,422,458,65.6237,0.0455088072122053,0,445.3805,583.173,0.00189071849552338,882,14,0,0,0,1900
rc_201.1.txt,19,LateTo2Opt,1301105,1900,1,422,458,66.4617,0.0460899445214979,0,444.5425,583.173,5.62379088495462e-06,198,11,7,0,0,1900
rc_201.1.txt,19,AlwaysVND,1301105,1900,1,861,928,38.8583,0.0399776748971193,0,444.5425,483.4008,5.62379088495462e-06,0,0,23,5,3,1900
rc_201.1.txt,19,FB-CMPSO,1301105,1900,1,422,458,66.4617,0.0460899445214979,0,444.5425,583.173,5.62379088495462e-06,198,11,2,3,1,1900
rc_201.1.txt,19,RKPSO,1301106,1900,0,NaN,NaN,NaN,NaN,307.0229,526.3384,NaN,NaN,0,0,0,0,0,1900
rc_201.1.txt,19,LateOnly,1301106,1900,1,432,458,116.1812,0.0805694868238557,0,444.5425,560.7237,5.62379088495462e-06,882,17,0,0,0,1900
rc_201.1.txt,19,LateTo2Opt,1301106,1900,1,432,458,116.1812,0.0805694868238557,0,444.5425,560.7237,5.62379088495462e-06,198,11,8,0,0,1900
rc_201.1.txt,19,AlwaysVND,1301106,1900,1,818,854,111.3842,0.106485850860421,0,444.5425,555.9267,5.62379088495462e-06,0,0,20,7,1,1900
rc_201.1.txt,19,FB-CMPSO,1301106,1900,1,432,458,116.1812,0.0805694868238557,0,444.5425,560.7237,5.62379088495462e-06,198,11,6,2,2,1900
rc_201.1.txt,19,RKPSO,1301107,1900,0,NaN,NaN,NaN,NaN,1542.026,635.488,NaN,NaN,0,0,0,0,0,1900
rc_201.1.txt,19,LateOnly,1301107,1900,1,454,458,83.0286,0.0575787794729542,0,445.3805,528.4091,0.00189071849552338,882,18,0,0,0,1900
rc_201.1.txt,19,LateTo2Opt,1301107,1900,1,454,458,82.3141999999999,0.0570833564493758,0,446.0949,528.4091,0.00349777297880963,198,11,10,0,0,1900
rc_201.1.txt,19,AlwaysVND,1301107,1900,1,1130,1150,27.0909,0.0361212,0,444.5425,471.6334,5.62379088495462e-06,0,0,33,6,1,1900
rc_201.1.txt,19,FB-CMPSO,1301107,1900,1,454,458,83.8665999999999,0.0581599167822468,0,444.5425,528.4091,5.62379088495462e-06,198,11,2,4,1,1900
rc_201.1.txt,19,RKPSO,1301108,1900,1,831,NaN,0,0,0,539.8132,567.0615,0.214318621496378,0,0,0,0,0,1900
rc_201.1.txt,19,LateOnly,1301108,1900,1,345,382,89.8502999999999,0.0591899209486166,0,444.5425,534.3928,5.62379088495462e-06,882,14,0,0,0,1900
rc_201.1.txt,19,LateTo2Opt,1301108,1900,1,345,382,89.8502999999999,0.0591899209486166,0,444.5425,534.3928,5.62379088495462e-06,162,9,6,0,0,1900
rc_201.1.txt,19,AlwaysVND,1301108,1900,1,1418,1446,113.1791,0.249293171806167,0,455.6478,568.8269,0.0249871777567823,0,0,38,6,2,1900
rc_201.1.txt,19,FB-CMPSO,1301108,1900,1,345,382,89.8502999999999,0.0591899209486166,0,444.5425,534.3928,5.62379088495462e-06,162,9,2,3,2,1900
rc_201.1.txt,19,RKPSO,1301109,1900,0,NaN,NaN,NaN,NaN,2472.9513,657.9186,NaN,NaN,0,0,0,0,0,1900
rc_201.1.txt,19,LateOnly,1301109,1900,1,423,458,97.7252000000001,0.0677705963938974,0,444.5425,555.7837,5.62379088495462e-06,882,13,0,0,0,1900
rc_201.1.txt,19,LateTo2Opt,1301109,1900,1,423,458,97.7252000000001,0.0677705963938974,0,444.5425,555.7837,5.62379088495462e-06,198,11,9,0,0,1900
rc_201.1.txt,19,AlwaysVND,1301109,1900,1,1107,1150,19.5241,0.0260321333333333,0,444.5425,468.3025,5.62379088495462e-06,0,0,27,9,2,1900
rc_201.1.txt,19,FB-CMPSO,1301109,1900,1,423,458,97.7252000000001,0.0677705963938974,0,444.5425,555.7837,5.62379088495462e-06,198,11,9,2,1,1900
rc_201.1.txt,19,RKPSO,1301110,1900,0,NaN,NaN,NaN,NaN,190.9017,545.8008,NaN,NaN,0,0,0,0,0,1900
rc_201.1.txt,19,LateOnly,1301110,1900,1,313,344,110.726,0.0711606683804627,0,445.3805,556.1065,0.00189071849552338,882,14,0,0,0,1900
rc_201.1.txt,19,LateTo2Opt,1301110,1900,1,313,344,111.564,0.0716992287917738,0,444.5425,556.1065,5.62379088495462e-06,144,8,12,0,0,1900
rc_201.1.txt,19,AlwaysVND,1301110,1900,1,1333,1372,8.37989999999991,0.0158710227272725,0,452.1472,460.9705,0.0171125208080262,0,0,26,8,1,1900
rc_201.1.txt,19,FB-CMPSO,1301110,1900,1,313,344,107.5693,0.069131940874036,0,448.5372,556.1065,0.00899176677014434,144,8,2,5,3,1900
rc_201.1.txt,19,RKPSO,1301111,1900,0,NaN,NaN,NaN,NaN,214.5599,522.0431,NaN,NaN,0,0,0,0,0,1900
rc_201.1.txt,19,LateOnly,1301111,1900,1,307,344,73.967,0.0475366323907455,0,445.3805,519.8999,0.00189071849552338,882,12,0,0,0,1900
rc_201.1.txt,19,LateTo2Opt,1301111,1900,1,307,344,74.8049999999999,0.0480751928020565,0,444.5425,519.8999,5.62379088495462e-06,144,8,5,0,0,1900
rc_201.1.txt,19,AlwaysVND,1301111,1900,1,1469,1520,0.837999999999965,0.00220526315789465,0,451.2537,452.0917,0.0151025779457416,0,0,31,6,0,1900
rc_201.1.txt,19,FB-CMPSO,1301111,1900,1,307,344,74.8049999999999,0.0480751928020565,0,444.5425,519.8999,5.62379088495462e-06,144,8,4,0,1,1900
rc_201.1.txt,19,RKPSO,1301112,1900,0,NaN,NaN,NaN,NaN,752.3864,621.6948,NaN,NaN,0,0,0,0,0,1900
rc_201.1.txt,19,LateOnly,1301112,1900,1,524,534,101.0615,0.0739835285505124,0,448.1205,549.182,0.00805439330543927,882,19,0,0,0,1900
rc_201.1.txt,19,LateTo2Opt,1301112,1900,1,524,534,104.6395,0.0766028550512444,0,444.5425,549.182,5.62379088495462e-06,234,12,10,0,0,1900
rc_201.1.txt,19,AlwaysVND,1301112,1900,1,1104,1150,143.1636,0.1908848,0,445.3805,588.5441,0.00189071849552338,0,0,30,6,1,1900
rc_201.1.txt,19,FB-CMPSO,1301112,1900,1,524,534,104.6395,0.0766028550512444,0,444.5425,549.182,5.62379088495462e-06,234,12,6,1,2,1900
rc_201.1.txt,19,RKPSO,1301113,1900,0,NaN,NaN,NaN,NaN,419.8524,526.592,NaN,NaN,0,0,0,0,0,1900
rc_201.1.txt,19,LateOnly,1301113,1900,1,608,610,113.7916,0.0882105426356589,0,444.5425,558.3341,5.62379088495462e-06,882,20,0,0,0,1900
rc_201.1.txt,19,LateTo2Opt,1301113,1900,1,608,610,112.2392,0.0870071317829457,0,446.0949,558.3341,0.00349777297880963,270,15,10,0,0,1900
rc_201.1.txt,19,AlwaysVND,1301113,1900,1,802,854,141.3116,0.135097131931166,0,446.9277,588.2393,0.0053711701984072,0,0,27,9,1,1900
rc_201.1.txt,19,FB-CMPSO,1301113,1900,1,608,610,113.7916,0.0882105426356589,0,444.5425,558.3341,5.62379088495462e-06,270,15,2,3,2,1900
rc_201.1.txt,19,RKPSO,1301114,1900,0,NaN,NaN,NaN,NaN,220.774,637.7636,NaN,NaN,0,0,0,0,0,1900
rc_201.1.txt,19,LateOnly,1301114,1900,1,387,420,107.2752,0.0724832432432433,0,445.3805,575.1445,0.00189071849552338,882,16,0,0,0,1900
rc_201.1.txt,19,LateTo2Opt,1301114,1900,1,387,420,108.1132,0.0730494594594595,0,444.5425,575.1445,5.62379088495462e-06,180,10,8,0,0,1900
rc_201.1.txt,19,AlwaysVND,1301114,1900,1,760,780,130.0708,0.116134642857143,0,445.0082,575.079,0.00105322355693519,0,0,23,6,3,1900
rc_201.1.txt,19,FB-CMPSO,1301114,1900,1,387,420,108.1132,0.0730494594594595,0,444.5425,575.1445,5.62379088495462e-06,180,10,3,2,0,1900
rc_201.1.txt,19,RKPSO,1301115,1900,0,NaN,NaN,NaN,NaN,499.6202,609.4748,NaN,NaN,0,0,0,0,0,1900
rc_201.1.txt,19,LateOnly,1301115,1900,1,346,382,89.1969999999999,0.0587595520421607,0,444.5425,540.6757,5.62379088495462e-06,882,14,0,0,0,1900
rc_201.1.txt,19,LateTo2Opt,1301115,1900,1,346,382,89.1969999999999,0.0587595520421607,0,444.5425,540.6757,5.62379088495462e-06,162,9,5,0,0,1900
rc_201.1.txt,19,AlwaysVND,1301115,1900,1,413,484,163.153,0.11522104519774,0,444.5425,612.2759,5.62379088495462e-06,0,0,15,4,2,1900
rc_201.1.txt,19,FB-CMPSO,1301115,1900,1,346,382,89.1969999999999,0.0587595520421607,0,444.5425,540.6757,5.62379088495462e-06,162,9,4,0,1,1900
rc_201.1.txt,19,RKPSO,1301116,1900,0,NaN,NaN,NaN,NaN,850.5666,614.0665,NaN,NaN,0,0,0,0,0,1900
rc_201.1.txt,19,LateOnly,1301116,1900,1,424,458,59.5096999999999,0.0412688626907073,0,444.5425,504.0522,5.62379088495462e-06,882,15,0,0,0,1900
rc_201.1.txt,19,LateTo2Opt,1301116,1900,1,424,458,59.5096999999999,0.0412688626907073,0,444.5425,504.0522,5.62379088495462e-06,198,11,4,0,0,1900
rc_201.1.txt,19,AlwaysVND,1301116,1900,1,787,854,46.8385,0.0447786806883365,0,444.5425,492.2658,5.62379088495462e-06,0,0,24,5,3,1900
rc_201.1.txt,19,FB-CMPSO,1301116,1900,1,424,458,57.9572999999999,0.0401923023578362,0,446.0949,504.0522,0.00349777297880963,198,11,4,3,2,1900
rc_201.1.txt,19,RKPSO,1301117,1900,0,NaN,NaN,NaN,NaN,381.7122,594.3145,NaN,NaN,0,0,0,0,0,1900
rc_201.1.txt,19,LateOnly,1301117,1900,1,434,458,53.6679999999999,0.0372177531206657,0,444.5425,552.8045,5.62379088495462e-06,882,15,0,0,0,1900
rc_201.1.txt,19,LateTo2Opt,1301117,1900,1,434,458,53.6679999999999,0.0372177531206657,0,444.5425,552.8045,5.62379088495462e-06,198,11,9,0,0,1900
rc_201.1.txt,19,AlwaysVND,1301117,1900,1,605,632,97.3280999999999,0.0767571766561514,0,444.5425,541.8706,5.62379088495462e-06,0,0,23,4,1,1900
rc_201.1.txt,19,FB-CMPSO,1301117,1900,1,434,458,53.6679999999999,0.0372177531206657,0,444.5425,552.8045,5.62379088495462e-06,198,11,8,2,1,1900
rc_201.1.txt,19,RKPSO,1301118,1900,0,NaN,NaN,NaN,NaN,171.9764,575.486,NaN,NaN,0,0,0,0,0,1900
rc_201.1.txt,19,LateOnly,1301118,1900,1,422,458,99.3103,0.0688698335644937,0,444.5425,547.7896,5.62379088495462e-06,882,16,0,0,0,1900
rc_201.1.txt,19,LateTo2Opt,1301118,1900,1,422,458,99.3103,0.0688698335644937,0,444.5425,547.7896,5.62379088495462e-06,198,9,9,0,0,1900
rc_201.1.txt,19,AlwaysVND,1301118,1900,1,650,706,38.6901,0.0324037688442211,0,449.055,547.202,0.0101565663382371,0,0,23,4,1,1900
rc_201.1.txt,19,FB-CMPSO,1301118,1900,1,422,458,99.3103,0.0688698335644937,0,444.5425,547.7896,5.62379088495462e-06,198,9,8,3,2,1900
rc_201.1.txt,19,RKPSO,1301119,1900,0,NaN,NaN,NaN,NaN,840.314900000001,571.9055,NaN,NaN,0,0,0,0,0,1900
rc_201.1.txt,19,LateOnly,1301119,1900,1,464,496,163.1448,0.1162,0,444.5425,607.6873,5.62379088495462e-06,882,22,0,0,0,1900
rc_201.1.txt,19,LateTo2Opt,1301119,1900,1,464,496,163.1448,0.1162,0,444.5425,607.6873,5.62379088495462e-06,216,12,8,0,0,1900
rc_201.1.txt,19,AlwaysVND,1301119,1900,1,1703,1742,86.8386000000002,0.549611392405064,0,463.6225,581.7097,0.0429263958248975,0,0,40,5,1,1900
rc_201.1.txt,19,FB-CMPSO,1301119,1900,1,464,496,163.1448,0.1162,0,444.5425,607.6873,5.62379088495462e-06,216,12,5,5,1,1900
rc_201.1.txt,19,RKPSO,1301120,1900,0,NaN,NaN,NaN,NaN,1510.0046,669.4823,NaN,NaN,0,0,0,0,0,1900
rc_201.1.txt,19,LateOnly,1301120,1900,1,435,458,140.2302,0.0972470180305132,0,445.3805,585.6107,0.00189071849552338,882,20,0,0,0,1900
rc_201.1.txt,19,LateTo2Opt,1301120,1900,1,435,458,141.0682,0.0978281553398059,0,444.5425,585.6107,5.62379088495462e-06,198,11,8,0,0,1900
rc_201.1.txt,19,AlwaysVND,1301120,1900,1,963,1002,121.6759,0.135496547884187,0,444.5425,579.8009,5.62379088495462e-06,0,0,33,6,2,1900
rc_201.1.txt,19,FB-CMPSO,1301120,1900,1,435,458,141.0682,0.0978281553398059,0,444.5425,585.6107,5.62379088495462e-06,198,11,7,2,1,1900
rc_201.1.txt,19,RKPSO,1301121,1900,0,NaN,NaN,NaN,NaN,550.5772,661.1877,NaN,NaN,0,0,0,0,0,1900
rc_201.1.txt,19,LateOnly,1301121,1900,1,368,382,68.4458,0.0450894598155467,0,444.5425,512.9883,5.62379088495462e-06,882,14,0,0,0,1900
rc_201.1.txt,19,LateTo2Opt,1301121,1900,1,368,382,68.4458,0.0450894598155467,0,444.5425,512.9883,5.62379088495462e-06,162,9,6,0,0,1900
rc_201.1.txt,19,AlwaysVND,1301121,1900,1,1352,1372,75.9450999999999,0.143835416666666,0,445.3805,521.3256,0.00189071849552338,0,0,32,5,5,1900
rc_201.1.txt,19,FB-CMPSO,1301121,1900,1,368,382,68.4458,0.0450894598155467,0,444.5425,512.9883,5.62379088495462e-06,162,9,6,0,0,1900
rc_201.1.txt,19,RKPSO,1301122,1900,0,NaN,NaN,NaN,NaN,1694.8292,643.125,NaN,NaN,0,0,0,0,0,1900
rc_201.1.txt,19,LateOnly,1301122,1900,1,690,724,151.8859,0.129154676870748,0,445.3805,604.1785,0.00189071849552338,882,18,0,0,0,1900
rc_201.1.txt,19,LateTo2Opt,1301122,1900,1,690,724,152.7239,0.129867261904762,0,444.5425,604.1785,5.62379088495462e-06,324,13,10,0,0,1900
rc_201.1.txt,19,AlwaysVND,1301122,1900,1,658,706,98.0178999999999,0.0820920435510887,0,444.5425,543.0277,5.62379088495462e-06,0,0,22,2,2,1900
rc_201.1.txt,19,FB-CMPSO,1301122,1900,1,690,724,152.7239,0.129867261904762,0,444.5425,604.1785,5.62379088495462e-06,324,13,3,1,4,1900
rc_201.1.txt,19,RKPSO,1301123,1900,0,NaN,NaN,NaN,NaN,183.021,610.4616,NaN,NaN,0,0,0,0,0,1900
rc_201.1.txt,19,LateOnly,1301123,1900,1,535,572,74.5984,0.0561734939759036,0,444.5425,519.1409,5.62379088495462e-06,882,18,0,0,0,1900
rc_201.1.txt,19,LateTo2Opt,1301123,1900,1,535,572,67.0592,0.0504963855421687,0,452.0817,519.1409,0.0169651774868402,252,14,8,0,0,1900
rc_201.1.txt,19,AlwaysVND,1301123,1900,0,NaN,NaN,NaN,NaN,35.5538,546.4938,NaN,NaN,0,0,26,8,4,1900
rc_201.1.txt,19,FB-CMPSO,1301123,1900,1,535,572,74.5984,0.0561734939759036,0,444.5425,519.1409,5.62379088495462e-06,252,14,3,2,1,1900
rc_201.1.txt,19,RKPSO,1301124,1900,0,NaN,NaN,NaN,NaN,1058.327,628.9981,NaN,NaN,0,0,0,0,0,1900
rc_201.1.txt,19,LateOnly,1301124,1900,1,460,496,121.673,0.0866616809116809,0,445.3805,572.041,0.00189071849552338,882,17,0,0,0,1900
rc_201.1.txt,19,LateTo2Opt,1301124,1900,1,460,496,122.511,0.087258547008547,0,444.5425,572.041,5.62379088495462e-06,216,12,8,0,0,1900
rc_201.1.txt,19,AlwaysVND,1301124,1900,1,1258,1298,67.6111999999999,0.112310963455149,0,444.5425,524.4685,5.62379088495462e-06,0,0,34,5,1,1900
rc_201.1.txt,19,FB-CMPSO,1301124,1900,1,460,496,122.511,0.087258547008547,0,444.5425,572.041,5.62379088495462e-06,216,12,3,5,0,1900
rc_201.1.txt,19,RKPSO,1301125,1900,0,NaN,NaN,NaN,NaN,777.38,519.3542,NaN,NaN,0,0,0,0,0,1900
rc_201.1.txt,19,LateOnly,1301125,1900,1,422,458,122.6352,0.0850452149791955,0,444.5425,573.6652,5.62379088495462e-06,882,17,0,0,0,1900
rc_201.1.txt,19,LateTo2Opt,1301125,1900,1,422,458,122.6352,0.0850452149791955,0,444.5425,573.6652,5.62379088495462e-06,198,11,7,0,0,1900
rc_201.1.txt,19,AlwaysVND,1301125,1900,1,1667,1668,40.2314,0.173411206896552,0,512.8027,553.0341,0.153558060017096,0,0,31,14,0,1900
rc_201.1.txt,19,FB-CMPSO,1301125,1900,1,422,458,122.6352,0.0850452149791955,0,444.5425,573.6652,5.62379088495462e-06,198,11,3,4,2,1900
rc_201.1.txt,19,RKPSO,1301126,1900,0,NaN,NaN,NaN,NaN,529.2828,580.4097,NaN,NaN,0,0,0,0,0,1900
rc_201.1.txt,19,LateOnly,1301126,1900,1,393,420,98.9946000000001,0.0668882432432433,0,445.3805,555.0479,0.00189071849552338,882,18,0,0,0,1900
rc_201.1.txt,19,LateTo2Opt,1301126,1900,1,393,420,99.8326000000001,0.0674544594594595,0,444.5425,555.0479,5.62379088495462e-06,180,10,7,0,0,1900
rc_201.1.txt,19,AlwaysVND,1301126,1900,1,1351,1372,63.7005999999999,0.120645075757576,0,444.5425,508.2431,5.62379088495462e-06,0,0,30,6,2,1900
rc_201.1.txt,19,FB-CMPSO,1301126,1900,1,393,420,99.8326000000001,0.0674544594594595,0,444.5425,555.0479,5.62379088495462e-06,180,10,4,2,2,1900
rc_201.1.txt,19,RKPSO,1301127,1900,0,NaN,NaN,NaN,NaN,540.6081,480.5041,NaN,NaN,0,0,0,0,0,1900
rc_201.1.txt,19,LateOnly,1301127,1900,1,472,496,38.7228,0.0275803418803419,0,444.5425,483.2653,5.62379088495462e-06,882,17,0,0,0,1900
rc_201.1.txt,19,LateTo2Opt,1301127,1900,1,472,496,38.7228,0.0275803418803419,0,444.5425,483.2653,5.62379088495462e-06,216,12,8,0,0,1900
rc_201.1.txt,19,AlwaysVND,1301127,1900,1,1566,1594,18.5547999999999,0.0606366013071892,0,501.2912,562.0905,0.127662752508211,0,0,34,12,2,1900
rc_201.1.txt,19,FB-CMPSO,1301127,1900,1,472,496,38.7228,0.0275803418803419,0,444.5425,483.2653,5.62379088495462e-06,216,12,2,3,2,1900
rc_201.1.txt,19,RKPSO,1301128,1900,0,NaN,NaN,NaN,NaN,419.6578,651.6444,NaN,NaN,0,0,0,0,0,1900
rc_201.1.txt,19,LateOnly,1301128,1900,1,459,496,54.4727999999999,0.0387982905982906,0,444.5425,499.0153,5.62379088495462e-06,882,17,0,0,0,1900
rc_201.1.txt,19,LateTo2Opt,1301128,1900,1,459,496,54.4727999999999,0.0387982905982906,0,444.5425,499.0153,5.62379088495462e-06,216,12,5,0,0,1900
rc_201.1.txt,19,AlwaysVND,1301128,1900,1,862,928,33.1283999999999,0.0340827160493827,0,444.5425,536.0928,5.62379088495462e-06,0,0,25,5,3,1900
rc_201.1.txt,19,FB-CMPSO,1301128,1900,1,459,496,54.4727999999999,0.0387982905982906,0,444.5425,499.0153,5.62379088495462e-06,216,12,5,1,1,1900
rc_201.1.txt,19,RKPSO,1301129,1900,0,NaN,NaN,NaN,NaN,155.0454,485.8421,NaN,NaN,0,0,0,0,0,1900
rc_201.1.txt,19,LateOnly,1301129,1900,1,541,572,12.4757,0.00939435240963852,0,444.5425,463.7294,5.62379088495462e-06,882,18,0,0,0,1900
rc_201.1.txt,19,LateTo2Opt,1301129,1900,1,541,572,12.4757,0.00939435240963852,0,444.5425,463.7294,5.62379088495462e-06,252,14,5,0,0,1900
rc_201.1.txt,19,AlwaysVND,1301129,1900,1,1595,1668,66.1916,0.285308620689655,0,445.3805,521.9213,0.00189071849552338,0,0,35,5,2,1900
rc_201.1.txt,19,FB-CMPSO,1301129,1900,1,541,572,12.4757,0.00939435240963852,0,444.5425,463.7294,5.62379088495462e-06,252,14,2,2,2,1900
rc_201.1.txt,19,RKPSO,1301130,1900,0,NaN,NaN,NaN,NaN,657.241,535.4051,NaN,NaN,0,0,0,0,0,1900
rc_201.1.txt,19,LateOnly,1301130,1900,1,383,420,110.0755,0.0743753378378378,0,444.5425,565.0583,5.62379088495462e-06,882,18,0,0,0,1900
rc_201.1.txt,19,LateTo2Opt,1301130,1900,1,383,420,110.0755,0.0743753378378378,0,444.5425,565.0583,5.62379088495462e-06,180,10,8,0,0,1900
rc_201.1.txt,19,AlwaysVND,1301130,1900,1,1160,1224,37.3111,0.0551939349112426,0,446.9277,583.1868,0.0053711701984072,0,0,24,6,3,1900
rc_201.1.txt,19,FB-CMPSO,1301130,1900,1,383,420,110.0755,0.0743753378378378,0,444.5425,565.0583,5.62379088495462e-06,180,10,3,1,1,1900
rc_201.2.txt,25,RKPSO,1301201,2500,0,NaN,NaN,NaN,NaN,2007.4474,861.2605,NaN,NaN,0,0,0,0,0,2500
rc_201.2.txt,25,LateOnly,1301201,2500,1,1859,1888,9.66820000000007,0.0157977124183008,0,722.365,759.9167,0.0152134806195013,1344,19,0,0,0,2500
rc_201.2.txt,25,LateTo2Opt,1301201,2500,1,1859,1888,7.84370000000013,0.0128165032679741,0,724.1895,759.9167,0.0177776372375409,1008,17,1,0,0,2500
rc_201.2.txt,25,AlwaysVND,1301201,2500,1,2486,NaN,0,0,0,774.2464,774.2464,0.0881277229670855,0,0,36,7,7,2500
rc_201.2.txt,25,FB-CMPSO,1301201,2500,1,1859,1888,20.4958000000001,0.033489869281046,0,711.5374,759.9167,-3.65404615361491e-06,1008,17,2,1,0,2500
rc_201.2.txt,25,RKPSO,1301202,2500,0,NaN,NaN,NaN,NaN,2480.2911,884.9314,NaN,NaN,0,0,0,0,0,2500
rc_201.2.txt,25,LateOnly,1301202,2500,1,1122,1140,46.5541000000001,0.034230955882353,0,711.5374,758.0915,-3.65404615361491e-06,1344,20,0,0,0,2500
rc_201.2.txt,25,LateTo2Opt,1301202,2500,1,1122,1140,46.5541000000001,0.034230955882353,0,711.5374,758.0915,-3.65404615361491e-06,600,18,5,0,0,2500
rc_201.2.txt,25,AlwaysVND,1301202,2500,0,NaN,NaN,NaN,NaN,542.8471,879.8463,NaN,NaN,0,0,44,13,0,2500
rc_201.2.txt,25,FB-CMPSO,1301202,2500,1,1122,1140,46.5541000000001,0.034230955882353,0,711.5374,758.0915,-3.65404615361491e-06,600,18,3,1,1,2500
rc_201.2.txt,25,RKPSO,1301203,2500,0,NaN,NaN,NaN,NaN,2144.0221,935.4988,NaN,NaN,0,0,0,0,0,2500
rc_201.2.txt,25,LateOnly,1301203,2500,1,1778,1800,93.5769,0.133681285714286,0,743.5698,837.1467,0.0450147567248504,1344,24,0,0,0,2500
rc_201.2.txt,25,LateTo2Opt,1301203,2500,1,1778,1800,116.1314,0.165902,0,721.0153,837.1467,0.0133166090451696,960,22,5,0,0,2500
rc_201.2.txt,25,AlwaysVND,1301203,2500,0,NaN,NaN,NaN,NaN,264.9145,817.4003,NaN,NaN,0,0,45,10,2,2500
rc_201.2.txt,25,FB-CMPSO,1301203,2500,1,1778,1800,96.5232,0.137890285714286,0,740.6235,837.1467,0.0408740197318493,960,22,3,2,1,2500
rc_201.2.txt,25,RKPSO,1301204,2500,0,NaN,NaN,NaN,NaN,1623.1511,799.2038,NaN,NaN,0,0,0,0,0,2500
rc_201.2.txt,25,LateOnly,1301204,2500,0,NaN,NaN,NaN,NaN,366.2175,776.8932,NaN,NaN,1344,14,0,0,0,2500
rc_201.2.txt,25,LateTo2Opt,1301204,2500,0,NaN,NaN,NaN,NaN,366.2175,776.8932,NaN,NaN,1344,14,0,0,0,2500
rc_201.2.txt,25,AlwaysVND,1301204,2500,0,NaN,NaN,NaN,NaN,158.2415,789.0871,NaN,NaN,0,0,31,8,4,2500
rc_201.2.txt,25,FB-CMPSO,1301204,2500,0,NaN,NaN,NaN,NaN,366.2175,776.8932,NaN,NaN,1344,14,0,0,0,2500
rc_201.2.txt,25,RKPSO,1301205,2500,0,NaN,NaN,NaN,NaN,2564.1821,790.2574,NaN,NaN,0,0,0,0,0,2500
rc_201.2.txt,25,LateOnly,1301205,2500,1,2113,2152,8.19669999999996,0.0235537356321838,0,747.0997,755.4333,0.0499756865390563,1344,21,0,0,0,2500
rc_201.2.txt,25,LateTo2Opt,1301205,2500,1,2113,2152,12.3316,0.035435632183908,0,742.9648,755.4333,0.0441644882929985,1152,21,2,0,0,2500
rc_201.2.txt,25,AlwaysVND,1301205,2500,0,NaN,NaN,NaN,NaN,553.1596,800.6531,NaN,NaN,0,0,50,8,1,2500
rc_201.2.txt,25,FB-CMPSO,1301205,2500,1,2113,2152,31.3146000000002,0.0899844827586211,0,723.9818,755.4333,0.0174857351659779,1152,21,1,1,1,2500
rc_201.2.txt,25,RKPSO,1301206,2500,0,NaN,NaN,NaN,NaN,1263.4682,866.2282,NaN,NaN,0,0,0,0,0,2500
rc_201.2.txt,25,LateOnly,1301206,2500,1,1976,1976,22.777,0.0434675572519085,0,747.5566,770.3336,0.0506178148804002,1344,22,0,0,0,2500
rc_201.2.txt,25,LateTo2Opt,1301206,2500,1,1976,1976,41.3272999999999,0.0788688931297708,0,729.0063,770.3336,0.0245471793574501,1056,21,4,0,0,2500
rc_201.2.txt,25,AlwaysVND,1301206,2500,0,NaN,NaN,NaN,NaN,197.2261,742.5062,NaN,NaN,0,0,32,12,4,2500
rc_201.2.txt,25,FB-CMPSO,1301206,2500,1,1976,1976,57.4278,0.109595038167939,0,712.9058,770.3336,0.00191949855243545,1056,21,2,3,0,2500
rc_201.2.txt,25,RKPSO,1301207,2500,0,NaN,NaN,NaN,NaN,4062.9087,891.1058,NaN,NaN,0,0,0,0,0,2500
rc_201.2.txt,25,LateOnly,1301207,2500,1,673,700,16.1005000000001,0.00894472222222229,0,711.5374,735.7222,-3.65404615361491e-06,1344,16,0,0,0,2500
rc_201.2.txt,25,LateTo2Opt,1301207,2500,1,673,700,14.6927000000001,0.00816261111111114,0,712.9452,735.7222,0.00197487140568334,360,15,1,0,0,2500
rc_201.2.txt,25,AlwaysVND,1301207,2500,0,NaN,NaN,NaN,NaN,790.3108,841.1447,NaN,NaN,0,0,35,13,0,2500
rc_201.2.txt,25,FB-CMPSO,1301207,2500,1,673,700,16.1005000000001,0.00894472222222229,0,711.5374,735.7222,-3.65404615361491e-06,360,15,1,1,0,2500
rc_201.2.txt,25,RKPSO,1301208,2500,0,NaN,NaN,NaN,NaN,2925.6079,966.7575,NaN,NaN,0,0,0,0,0,2500
rc_201.2.txt,25,LateOnly,1301208,2500,1,849,876,9.80509999999992,0.00603762315270931,0,730.9553,740.7604,0.0272863085701438,1344,21,0,0,0,2500
rc_201.2.txt,25,LateTo2Opt,1301208,2500,1,849,876,27.8546000000001,0.0171518472906405,0,712.9058,740.7604,0.00191949855243545,456,19,7,0,0,2500
rc_201.2.txt,25,AlwaysVND,1301208,2500,0,NaN,NaN,NaN,NaN,0.653899999999993,753.0077,NaN,NaN,0,0,51,7,1,2500
rc_201.2.txt,25,FB-CMPSO,1301208,2500,1,849,876,19.6579000000002,0.0121046182266011,0,721.1025,740.7604,0.0134391601315455,456,19,0,2,3,2500
rc_201.2.txt,25,RKPSO,1301209,2500,0,NaN,NaN,NaN,NaN,1861.393,868.1699,NaN,NaN,0,0,0,0,0,2500
rc_201.2.txt,25,LateOnly,1301209,2500,1,1378,1404,100.47,0.0916697080291971,0,727.6379,829.8433,0.022624026758861,1344,22,0,0,0,2500
rc_201.2.txt,25,LateTo2Opt,1301209,2500,1,1378,1404,115.2021,0.105111405109489,0,712.9058,829.8433,0.00191949855243545,744,18,5,0,0,2500
rc_201.2.txt,25,AlwaysVND,1301209,2500,0,NaN,NaN,NaN,NaN,51.1151999999999,843.1961,NaN,NaN,0,0,41,8,3,2500
rc_201.2.txt,25,FB-CMPSO,1301209,2500,1,1378,1404,115.2021,0.105111405109489,0,712.9058,829.8433,0.00191949855243545,744,18,5,2,1,2500
rc_201.2.txt,25,RKPSO,1301210,2500,0,NaN,NaN,NaN,NaN,5362.8388,849.0229,NaN,NaN,0,0,0,0,0,2500
rc_201.2.txt,25,LateOnly,1301210,2500,1,1578,1580,18.63,0.02025,0,733.7749,752.4049,0.0312489810832842,1344,17,0,0,0,2500
rc_201.2.txt,25,LateTo2Opt,1301210,2500,1,1578,1580,35.0859,0.038136847826087,0,717.319,752.4049,0.00812182027714534,840,15,5,0,0,2500
rc_201.2.txt,25,AlwaysVND,1301210,2500,0,NaN,NaN,NaN,NaN,338.129,766.3732,NaN,NaN,0,0,48,5,3,2500
rc_201.2.txt,25,FB-CMPSO,1301210,2500,1,1578,1580,40.8675000000002,0.0444211956521741,0,711.5374,752.4049,-3.65404615361491e-06,840,15,5,1,1,2500
rc_201.2.txt,25,RKPSO,1301211,2500,0,NaN,NaN,NaN,NaN,2925.9551,933.4441,NaN,NaN,0,0,0,0,0,2500
rc_201.2.txt,25,LateOnly,1301211,2500,1,1415,1448,87.9382000000001,0.0835914448669202,0,727.6379,815.5761,0.022624026758861,1344,29,0,0,0,2500
rc_201.2.txt,25,LateTo2Opt,1301211,2500,1,1415,1448,94.2773000000001,0.089617205323194,0,721.2988,815.5761,0.0137150406161283,768,23,4,0,0,2500
rc_201.2.txt,25,AlwaysVND,1301211,2500,0,NaN,NaN,NaN,NaN,209.088,740.0015,NaN,NaN,0,0,39,9,4,2500
rc_201.2.txt,25,FB-CMPSO,1301211,2500,1,1415,1448,84.6943,0.0805078897338403,0,730.8818,815.5761,0.0271830114961914,768,23,4,3,0,2500
rc_201.2.txt,25,RKPSO,1301212,2500,0,NaN,NaN,NaN,NaN,1238.4157,864.0808,NaN,NaN,0,0,0,0,0,2500
rc_201.2.txt,25,LateOnly,1301212,2500,0,NaN,NaN,NaN,NaN,19.9219000000003,773.5178,NaN,NaN,1344,13,0,0,0,2500
rc_201.2.txt,25,LateTo2Opt,1301212,2500,0,NaN,NaN,NaN,NaN,19.9219000000003,773.5178,NaN,NaN,1344,13,0,0,0,2500
rc_201.2.txt,25,AlwaysVND,1301212,2500,0,NaN,NaN,NaN,NaN,40.2587000000003,802.1782,NaN,NaN,0,0,39,8,3,2500
rc_201.2.txt,25,FB-CMPSO,1301212,2500,0,NaN,NaN,NaN,NaN,19.9219000000003,773.5178,NaN,NaN,1344,13,0,0,0,2500
rc_201.2.txt,25,RKPSO,1301213,2500,0,NaN,NaN,NaN,NaN,4746.0841,798.9313,NaN,NaN,0,0,0,0,0,2500
rc_201.2.txt,25,LateOnly,1301213,2500,1,1538,1580,40.5661000000001,0.0440935869565219,0,712.9058,763.5694,0.00191949855243545,1344,28,0,0,0,2500
rc_201.2.txt,25,LateTo2Opt,1301213,2500,1,1538,1580,31.9051999999999,0.0346795652173912,0,721.5667,763.5694,0.0140915479101668,840,21,4,0,0,2500
rc_201.2.txt,25,AlwaysVND,1301213,2500,0,NaN,NaN,NaN,NaN,539.973599999999,834.8315,NaN,NaN,0,0,44,12,1,2500
rc_201.2.txt,25,FB-CMPSO,1301213,2500,1,1538,1580,26.4552,0.028755652173913,0,727.0167,763.5694,0.0217509908086686,840,21,2,1,1,2500
rc_201.2.txt,25,RKPSO,1301214,2500,0,NaN,NaN,NaN,NaN,5383.8616,906.1004,NaN,NaN,0,0,0,0,0,2500
rc_201.2.txt,25,LateOnly,1301214,2500,1,1489,1492,66.4323000000001,0.0659050595238096,0,714.3136,780.7459,0.00389802400427241,1344,28,0,0,0,2500
rc_201.2.txt,25,LateTo2Opt,1301214,2500,1,1489,1492,69.2085000000002,0.0686592261904764,0,711.5374,780.7459,-3.65404615361491e-06,792,25,6,0,0,2500
rc_201.2.txt,25,AlwaysVND,1301214,2500,1,2495,NaN,0,0,0,731.9188,731.9188,0.0286404137504567,0,0,41,4,6,2500
rc_201.2.txt,25,FB-CMPSO,1301214,2500,1,1489,1492,67.8401000000001,0.0673016865079366,0,712.9058,780.7459,0.00191949855243545,792,25,2,3,0,2500
rc_201.2.txt,25,RKPSO,1301215,2500,0,NaN,NaN,NaN,NaN,4088.9952,860.4648,NaN,NaN,0,0,0,0,0,2500
rc_201.2.txt,25,LateOnly,1301215,2500,0,NaN,NaN,NaN,NaN,320.8171,798.9213,NaN,NaN,1344,17,0,0,0,2500
rc_201.2.txt,25,LateTo2Opt,1301215,2500,0,NaN,NaN,NaN,NaN,320.8171,798.9213,NaN,NaN,1344,17,0,0,0,2500
rc_201.2.txt,25,AlwaysVND,1301215,2500,0,NaN,NaN,NaN,NaN,281.8755,795.3479,NaN,NaN,0,0,45,15,0,2500
rc_201.2.txt,25,FB-CMPSO,1301215,2500,0,NaN,NaN,NaN,NaN,320.8171,798.9213,NaN,NaN,1344,17,0,0,0,2500
rc_201.2.txt,25,RKPSO,1301216,2500,0,NaN,NaN,NaN,NaN,2195.7235,918.0714,NaN,NaN,0,0,0,0,0,2500
rc_201.2.txt,25,LateOnly,1301216,2500,1,927,964,114.702,0.0746757812500001,0,727.398,842.1,0.0222868707310901,1344,26,0,0,0,2500
rc_201.2.txt,25,LateTo2Opt,1301216,2500,1,927,964,124.0011,0.0807298828125001,0,718.0989,842.1,0.00921789358293263,504,19,9,0,0,2500
rc_201.2.txt,25,AlwaysVND,1301216,2500,0,NaN,NaN,NaN,NaN,801.1637,885.1828,NaN,NaN,0,0,49,7,1,2500
rc_201.2.txt,25,FB-CMPSO,1301216,2500,1,927,964,124.3286,0.0809430989583334,0,717.7714,842.1,0.00875762430783919,504,19,5,4,1,2500
rc_201.2.txt,25,RKPSO,1301217,2500,0,NaN,NaN,NaN,NaN,2423.715,838.3436,NaN,NaN,0,0,0,0,0,2500
rc_201.2.txt,25,LateOnly,1301217,2500,1,1189,1228,43.9432000000002,0.0345465408805033,0,711.5374,765.5781,-3.65404615361491e-06,1344,31,0,0,0,2500
rc_201.2.txt,25,LateTo2Opt,1301217,2500,1,1189,1228,41.1033,0.0323139150943396,0,714.3773,765.5781,0.0039875481350311,648,27,5,0,0,2500
rc_201.2.txt,25,AlwaysVND,1301217,2500,0,NaN,NaN,NaN,NaN,208.897,855.978,NaN,NaN,0,0,40,5,6,2500
rc_201.2.txt,25,FB-CMPSO,1301217,2500,1,1189,1228,42.5748000000001,0.0334707547169812,0,712.9058,765.5781,0.00191949855243545,648,27,1,2,3,2500
rc_201.2.txt,25,RKPSO,1301218,2500,0,NaN,NaN,NaN,NaN,2655.6951,812.8664,NaN,NaN,0,0,0,0,0,2500
rc_201.2.txt,25,LateOnly,1301218,2500,1,2407,2416,1.73540000000003,0.0206595238095241,0,826.8327,828.5681,0.162032633442955,1344,22,0,0,0,2500
rc_201.2.txt,25,LateTo2Opt,1301218,2500,1,2407,2416,8.65689999999995,0.103058333333333,0,819.9112,828.5681,0.152305140961857,1296,21,1,0,0,2500
rc_201.2.txt,25,AlwaysVND,1301218,2500,1,2480,NaN,0,0,0,738.1528,738.1528,0.0374016921044495,0,0,32,10,2,2500
rc_201.2.txt,25,FB-CMPSO,1301218,2500,1,2407,2416,0,0,0,828.5681,828.5681,0.164471568710122,1296,21,0,0,0,2500
rc_201.2.txt,25,RKPSO,1301219,2500,0,NaN,NaN,NaN,NaN,3575.7732,771.0852,NaN,NaN,0,0,0,0,0,2500
rc_201.2.txt,25,LateOnly,1301219,2500,1,2195,2196,33.1614000000001,0.109083552631579,0,735.4379,768.5993,0.0335861652191021,1344,20,0,0,0,2500
rc_201.2.txt,25,LateTo2Opt,1301219,2500,1,2195,2196,12.4862999999999,0.0410733552631576,0,756.113,768.5993,0.0626429996908116,1176,18,3,0,0,2500
rc_201.2.txt,25,AlwaysVND,1301219,2500,0,NaN,NaN,NaN,NaN,21.6586000000001,738.9532,NaN,NaN,0,0,42,11,1,2500
rc_201.2.txt,25,FB-CMPSO,1301219,2500,1,2195,2196,39.593,0.130240131578947,0,729.0063,768.5993,0.0245471793574501,1176,18,2,0,1,2500
rc_201.2.txt,25,RKPSO,1301220,2500,0,NaN,NaN,NaN,NaN,4306.678,853.314,NaN,NaN,0,0,0,0,0,2500
rc_201.2.txt,25,LateOnly,1301220,2500,1,1473,1492,84.2526000000003,0.0835839285714288,0,711.5374,795.79,-3.65404615361491e-06,1344,26,0,0,0,2500
rc_201.2.txt,25,LateTo2Opt,1301220,2500,1,1473,1492,79.6009000000001,0.078969146825397,0,716.1891,795.79,0.00653385614301371,792,20,7,0,0,2500
rc_201.2.txt,25,AlwaysVND,1301220,2500,0,NaN,NaN,NaN,NaN,133.4066,797.1233,NaN,NaN,0,0,43,9,1,2500
rc_201.2.txt,25,FB-CMPSO,1301220,2500,1,1473,1492,82.8842000000002,0.0822263888888891,0,712.9058,795.79,0.00191949855243545,792,20,8,1,1,2500
rc_201.2.txt,25,RKPSO,1301221,2500,0,NaN,NaN,NaN,NaN,4414.1619,845.4698,NaN,NaN,0,0,0,0,0,2500
rc_201.2.txt,25,LateOnly,1301221,2500,1,892,920,53.3214000000002,0.0337477215189874,0,714.3136,767.635,0.00389802400427241,1344,26,0,0,0,2500
rc_201.2.txt,25,LateTo2Opt,1301221,2500,1,892,920,56.0976000000003,0.0355048101265825,0,711.5374,767.635,-3.65404615361491e-06,480,20,5,0,0,2500
rc_201.2.txt,25,AlwaysVND,1301221,2500,0,NaN,NaN,NaN,NaN,116.3293,795.2593,NaN,NaN,0,0,24,11,5,2500
rc_201.2.txt,25,FB-CMPSO,1301221,2500,1,892,920,56.0976000000003,0.0355048101265825,0,711.5374,767.635,-3.65404615361491e-06,480,20,3,2,0,2500
rc_201.2.txt,25,RKPSO,1301222,2500,0,NaN,NaN,NaN,NaN,3773.2381,837.6119,NaN,NaN,0,0,0,0,0,2500
rc_201.2.txt,25,LateOnly,1301222,2500,1,1750,1756,60.2591000000001,0.0809934139784948,0,724.3464,784.6055,0.0179981448688759,1344,28,0,0,0,2500
rc_201.2.txt,25,LateTo2Opt,1301222,2500,1,1750,1756,60.6237000000001,0.0814834677419356,0,723.9818,784.6055,0.0174857351659779,936,22,6,0,0,2500
rc_201.2.txt,25,AlwaysVND,1301222,2500,0,NaN,NaN,NaN,NaN,225.9547,769.1984,NaN,NaN,0,0,40,11,2,2500
rc_201.2.txt,25,FB-CMPSO,1301222,2500,1,1750,1756,64.7782000000002,0.0870674731182798,0,719.8273,784.6055,0.0116469910335327,936,22,4,1,2,2500
rc_201.2.txt,25,RKPSO,1301223,2500,0,NaN,NaN,NaN,NaN,4821.6331,932.4596,NaN,NaN,0,0,0,0,0,2500
rc_201.2.txt,25,LateOnly,1301223,2500,1,1395,1404,97.8870000000001,0.0893129562043796,0,735.1827,833.0697,0.033227506535121,1344,23,0,0,0,2500
rc_201.2.txt,25,LateTo2Opt,1301223,2500,1,1395,1404,116.8806,0.106642883211679,0,716.1891,833.0697,0.00653385614301371,744,17,7,0,0,2500
rc_201.2.txt,25,AlwaysVND,1301223,2500,0,NaN,NaN,NaN,NaN,390.6545,826.1182,NaN,NaN,0,0,42,11,1,2500
rc_201.2.txt,25,FB-CMPSO,1301223,2500,1,1395,1404,112.4584,0.10260802919708,0,720.6113,833.0697,0.0127488264890237,744,17,3,4,2,2500
rc_201.2.txt,25,RKPSO,1301224,2500,0,NaN,NaN,NaN,NaN,4612.4869,879.5769,NaN,NaN,0,0,0,0,0,2500
rc_201.2.txt,25,LateOnly,1301224,2500,1,2359,2372,6.71590000000003,0.0524679687500003,0,757.9597,791.8156,0.065238356241392,1344,25,0,0,0,2500
rc_201.2.txt,25,LateTo2Opt,1301224,2500,1,2359,2372,17.9508000000001,0.140240625000001,0,746.7248,791.8156,0.0494488011917812,1272,23,1,0,0,2500
rc_201.2.txt,25,AlwaysVND,1301224,2500,1,2490,NaN,0,0,0,722.3466,722.3466,0.0151876212159541,0,0,48,8,1,2500
rc_201.2.txt,25,FB-CMPSO,1301224,2500,1,2359,2372,29.3656000000001,0.229418750000001,0,735.31,791.8156,0.0334064142564016,1272,23,2,0,0,2500
rc_201.2.txt,25,RKPSO,1301225,2500,0,NaN,NaN,NaN,NaN,3265.5109,929.3744,NaN,NaN,0,0,0,0,0,2500
rc_201.2.txt,25,LateOnly,1301225,2500,0,NaN,NaN,NaN,NaN,92.5864999999999,747.4785,NaN,NaN,1344,20,0,0,0,2500
rc_201.2.txt,25,LateTo2Opt,1301225,2500,0,NaN,NaN,NaN,NaN,92.5864999999999,747.4785,NaN,NaN,1344,20,0,0,0,2500
rc_201.2.txt,25,AlwaysVND,1301225,2500,0,NaN,NaN,NaN,NaN,215.4307,834.9108,NaN,NaN,0,0,38,6,3,2500
rc_201.2.txt,25,FB-CMPSO,1301225,2500,0,NaN,NaN,NaN,NaN,92.5864999999999,747.4785,NaN,NaN,1344,20,0,0,0,2500
rc_201.2.txt,25,RKPSO,1301226,2500,0,NaN,NaN,NaN,NaN,1098.6215,850.0504,NaN,NaN,0,0,0,0,0,2500
rc_201.2.txt,25,LateOnly,1301226,2500,1,1678,1712,19.8674,0.0252124365482233,0,745.1507,792.2547,0.0472365573263626,1344,20,0,0,0,2500
rc_201.2.txt,25,LateTo2Opt,1301226,2500,1,1678,1712,52.1123000000001,0.0661323604060915,0,712.9058,792.2547,0.00191949855243545,912,18,8,0,0,2500
rc_201.2.txt,25,AlwaysVND,1301226,2500,0,NaN,NaN,NaN,NaN,105.6229,785.4394,NaN,NaN,0,0,50,5,2,2500
rc_201.2.txt,25,FB-CMPSO,1301226,2500,1,1678,1712,34.0627999999999,0.0432269035532994,0,730.9553,792.2547,0.0272863085701438,912,18,3,1,0,2500
rc_201.2.txt,25,RKPSO,1301227,2500,0,NaN,NaN,NaN,NaN,2685.2104,808.9495,NaN,NaN,0,0,0,0,0,2500
rc_201.2.txt,25,LateOnly,1301227,2500,0,NaN,NaN,NaN,NaN,193.3335,788.4287,NaN,NaN,1344,23,0,0,0,2500
rc_201.2.txt,25,LateTo2Opt,1301227,2500,0,NaN,NaN,NaN,NaN,193.3335,788.4287,NaN,NaN,1344,23,0,0,0,2500
rc_201.2.txt,25,AlwaysVND,1301227,2500,0,NaN,NaN,NaN,NaN,123.5554,734.4637,NaN,NaN,0,0,41,7,3,2500
rc_201.2.txt,25,FB-CMPSO,1301227,2500,0,NaN,NaN,NaN,NaN,193.3335,788.4287,NaN,NaN,1344,23,0,0,0,2500
rc_201.2.txt,25,RKPSO,1301228,2500,0,NaN,NaN,NaN,NaN,2274.9034,861.4392,NaN,NaN,0,0,0,0,0,2500
rc_201.2.txt,25,LateOnly,1301228,2500,0,NaN,NaN,NaN,NaN,19.9219000000003,758.8449,NaN,NaN,1344,21,0,0,0,2500
rc_201.2.txt,25,LateTo2Opt,1301228,2500,0,NaN,NaN,NaN,NaN,19.9219000000003,758.8449,NaN,NaN,1344,21,0,0,0,2500
rc_201.2.txt,25,AlwaysVND,1301228,2500,0,NaN,NaN,NaN,NaN,408.6829,800.6324,NaN,NaN,0,0,44,13,0,2500
rc_201.2.txt,25,FB-CMPSO,1301228,2500,0,NaN,NaN,NaN,NaN,19.9219000000003,758.8449,NaN,NaN,1344,21,0,0,0,2500
rc_201.2.txt,25,RKPSO,1301229,2500,0,NaN,NaN,NaN,NaN,3176.8542,794.9393,NaN,NaN,0,0,0,0,0,2500
rc_201.2.txt,25,LateOnly,1301229,2500,1,888,920,33.9331,0.0214766455696202,0,712.9452,746.8783,0.00197487140568334,1344,22,0,0,0,2500
rc_201.2.txt,25,LateTo2Opt,1301229,2500,1,888,920,35.3409,0.0223676582278481,0,711.5374,746.8783,-3.65404615361491e-06,480,20,4,0,0,2500
rc_201.2.txt,25,AlwaysVND,1301229,2500,0,NaN,NaN,NaN,NaN,451.9994,825.9654,NaN,NaN,0,0,36,13,2,2500
rc_201.2.txt,25,FB-CMPSO,1301229,2500,1,888,920,35.3409,0.0223676582278481,0,711.5374,746.8783,-3.65404615361491e-06,480,20,2,0,1,2500
rc_201.2.txt,25,RKPSO,1301230,2500,0,NaN,NaN,NaN,NaN,5473.3269,896.8787,NaN,NaN,0,0,0,0,0,2500
rc_201.2.txt,25,LateOnly,1301230,2500,1,1836,1844,84.0760000000001,0.128164634146342,0,716.1497,800.2257,0.00647848328976583,1344,27,0,0,0,2500
rc_201.2.txt,25,LateTo2Opt,1301230,2500,1,1836,1844,74.6352000000001,0.113773170731707,0,725.5905,800.2257,0.0197466059532845,984,22,4,0,0,2500
rc_201.2.txt,25,AlwaysVND,1301230,2500,0,NaN,NaN,NaN,NaN,257.9161,862.3738,NaN,NaN,0,0,47,5,2,2500
rc_201.2.txt,25,FB-CMPSO,1301230,2500,1,1836,1844,41.5751000000002,0.0633766768292687,0,758.6506,800.2257,0.0662093487365431,984,22,1,3,0,2500
rc_201.3.txt,31,RKPSO,1301301,3100,0,NaN,NaN,NaN,NaN,4562.3228,958.4628,NaN,NaN,0,0,0,0,0,3100
rc_201.3.txt,31,LateOnly,1301301,3100,1,1510,1540,31.8259,0.020401217948718,0,837.2336,869.0595,0.0589716800951163,1840,36,0,0,0,3100
rc_201.3.txt,31,LateTo2Opt,1301301,3100,1,1510,1540,61.5332000000001,0.039444358974359,0,807.5263,869.0595,0.0213965166137538,900,30,6,0,0,3100
rc_201.3.txt,31,AlwaysVND,1301301,3100,0,NaN,NaN,NaN,NaN,245.874,826.6983,NaN,NaN,0,0,52,10,0,3100
rc_201.3.txt,31,FB-CMPSO,1301301,3100,1,1510,1540,35.8452000000001,0.0229776923076924,0,833.2143,869.0595,0.0538878840389065,900,30,1,2,1,3100
rc_201.3.txt,31,RKPSO,1301302,3100,0,NaN,NaN,NaN,NaN,4916.678,960.4412,NaN,NaN,0,0,0,0,0,3100
rc_201.3.txt,31,LateOnly,1301302,3100,1,1107,1140,22.5132999999998,0.0114863775510203,0,804.7313,827.2446,0.0178612716763006,1840,26,0,0,0,3100
rc_201.3.txt,31,LateTo2Opt,1301302,3100,1,1107,1140,28.3442999999999,0.0144613775510203,0,798.9003,827.2446,0.01048595388371,660,22,9,0,0,3100
rc_201.3.txt,31,AlwaysVND,1301302,3100,0,NaN,NaN,NaN,NaN,1285.4015,852.0445,NaN,NaN,0,0,55,9,1,3100
rc_201.3.txt,31,FB-CMPSO,1301302,3100,1,1107,1140,23.5975999999999,0.0120395918367347,0,803.647,827.2446,0.0164897990159496,660,22,3,0,2,3100
rc_201.3.txt,31,RKPSO,1301303,3100,0,NaN,NaN,NaN,NaN,2583.8573,1006.5951,NaN,NaN,0,0,0,0,0,3100
rc_201.3.txt,31,LateOnly,1301303,3100,1,2975,2990,16.4531000000001,0.149573636363637,0,853.3031,869.7562,0.0792971250047433,1840,24,0,0,0,3100
rc_201.3.txt,31,LateTo2Opt,1301303,3100,1,2975,2990,6.99950000000013,0.0636318181818193,0,862.7567,869.7562,0.0912544743931901,1770,23,1,0,0,3100
rc_201.3.txt,31,AlwaysVND,1301303,3100,0,NaN,NaN,NaN,NaN,220.9851,875.9562,NaN,NaN,0,0,42,10,2,3100
rc_201.3.txt,31,FB-CMPSO,1301303,3100,1,2975,2990,18.3141000000002,0.16649181818182,0,851.4421,869.7562,0.076943246354081,1770,23,3,0,0,3100
rc_201.3.txt,31,RKPSO,1301304,3100,0,NaN,NaN,NaN,NaN,3766.9166,970.0052,NaN,NaN,0,0,0,0,0,3100
rc_201.3.txt,31,LateOnly,1301304,3100,1,2278,2290,72.2668000000001,0.0892182716049384,0,801.3584,873.6252,0.0135950721594717,1840,30,0,0,0,3100
rc_201.3.txt,31,LateTo2Opt,1301304,3100,1,2278,2290,29.7984000000001,0.0367881481481483,0,843.8268,873.6252,0.0673110636091118,1350,25,5,0,0,3100
rc_201.3.txt,31,AlwaysVND,1301304,3100,0,NaN,NaN,NaN,NaN,2412.5195,866.9897,NaN,NaN,0,0,45,12,0,3100
rc_201.3.txt,31,FB-CMPSO,1301304,3100,1,2278,2290,59.1856,0.0730686419753087,0,814.4396,873.6252,0.0301407773744324,1350,25,1,3,0,3100
rc_201.3.txt,31,RKPSO,1301305,3100,0,NaN,NaN,NaN,NaN,3305.8567,924.449,NaN,NaN,0,0,0,0,0,3100
rc_201.3.txt,31,LateOnly,1301305,3100,0,NaN,NaN,NaN,NaN,32.6132000000007,871.7204,NaN,NaN,1840,27,0,0,0,3100
rc_201.3.txt,31,LateTo2Opt,1301305,3100,0,NaN,NaN,NaN,NaN,32.6132000000007,871.7204,NaN,NaN,1840,27,0,0,0,3100
rc_201.3.txt,31,AlwaysVND,1301305,3100,0,NaN,NaN,NaN,NaN,15.9681,818.2556,NaN,NaN,0,0,49,10,1,3100
rc_201.3.txt,31,FB-CMPSO,1301305,3100,0,NaN,NaN,NaN,NaN,32.6132000000007,871.7204,NaN,NaN,1840,27,0,0,0,3100
rc_201.3.txt,31,RKPSO,1301306,3100,0,NaN,NaN,NaN,NaN,3544.0052,898.8515,NaN,NaN,0,0,0,0,0,3100
rc_201.3.txt,31,LateOnly,1301306,3100,0,NaN,NaN,NaN,NaN,3.63290000000001,840.1055,NaN,NaN,1840,22,0,0,0,3100
rc_201.3.txt,31,LateTo2Opt,1301306,3100,0,NaN,NaN,NaN,NaN,3.63290000000001,840.1055,NaN,NaN,1840,22,0,0,0,3100
rc_201.3.txt,31,AlwaysVND,1301306,3100,0,NaN,NaN,NaN,NaN,1092.581,843.6541,NaN,NaN,0,0,52,9,2,3100
rc_201.3.txt,31,FB-CMPSO,1301306,3100,0,NaN,NaN,NaN,NaN,3.63290000000001,840.1055,NaN,NaN,1840,22,0,0,0,3100
rc_201.3.txt,31,RKPSO,1301307,3100,0,NaN,NaN,NaN,NaN,4861.098,926.6191,NaN,NaN,0,0,0,0,0,3100
rc_201.3.txt,31,LateOnly,1301307,3100,1,2357,2390,44.1185,0.0621387323943663,0,808.6915,852.81,0.0228703153261404,1840,32,0,0,0,3100
rc_201.3.txt,31,LateTo2Opt,1301307,3100,1,2357,2390,44.7602000000001,0.0630425352112677,0,808.0498,852.81,0.0220586635635773,1410,27,5,0,0,3100
rc_201.3.txt,31,AlwaysVND,1301307,3100,0,NaN,NaN,NaN,NaN,334.5655,867.0701,NaN,NaN,0,0,44,15,0,3100
rc_201.3.txt,31,FB-CMPSO,1301307,3100,1,2357,2390,29.5728,0.0416518309859155,0,823.2372,852.81,0.0412683877006361,1410,27,2,2,1,3100
rc_201.3.txt,31,RKPSO,1301308,3100,0,NaN,NaN,NaN,NaN,4631.142,1029.1892,NaN,NaN,0,0,0,0,0,3100
rc_201.3.txt,31,LateOnly,1301308,3100,1,1695,1740,12.8787000000001,0.00946963235294125,0,790.6069,803.4856,-3.92102300757345e-06,1840,26,0,0,0,3100
rc_201.3.txt,31,LateTo2Opt,1301308,3100,1,1695,1740,8.82270000000005,0.00648727941176475,0,794.6629,803.4856,0.00512629488622712,1020,24,2,0,0,3100
rc_201.3.txt,31,AlwaysVND,1301308,3100,0,NaN,NaN,NaN,NaN,775.3989,924.726,NaN,NaN,0,0,55,10,1,3100
rc_201.3.txt,31,FB-CMPSO,1301308,3100,1,1695,1740,12.8787000000001,0.00946963235294125,0,790.6069,803.4856,-3.92102300757345e-06,1020,24,0,3,0,3100
rc_201.3.txt,31,RKPSO,1301309,3100,0,NaN,NaN,NaN,NaN,4042.5397,977.2143,NaN,NaN,0,0,0,0,0,3100
rc_201.3.txt,31,LateOnly,1301309,3100,1,1255,1290,30.8288000000001,0.0170324861878454,0,809.439,842.0726,0.0238157878094128,1840,29,0,0,0,3100
rc_201.3.txt,31,LateTo2Opt,1301309,3100,1,1255,1290,29.0074,0.0160261878453038,0,811.2604,842.0726,0.026119578553269,750,25,5,0,0,3100
rc_201.3.txt,31,AlwaysVND,1301309,3100,0,NaN,NaN,NaN,NaN,2144.4903,961.8666,NaN,NaN,0,0,48,13,1,3100
rc_201.3.txt,31,FB-CMPSO,1301309,3100,1,1255,1290,44.8299000000001,0.0247679005524862,0,795.4379,842.0726,0.00610655063811473,750,25,3,4,3,3100
rc_201.3.txt,31,RKPSO,1301310,3100,0,NaN,NaN,NaN,NaN,5968.6725,998.765,NaN,NaN,0,0,0,0,0,3100
rc_201.3.txt,31,LateOnly,1301310,3100,0,NaN,NaN,NaN,NaN,22.8589999999999,878.9573,NaN,NaN,1840,27,0,0,0,3100
rc_201.3.txt,31,LateTo2Opt,1301310,3100,0,NaN,NaN,NaN,NaN,22.8589999999999,878.9573,NaN,NaN,1840,27,0,0,0,3100
rc_201.3.txt,31,AlwaysVND,1301310,3100,0,NaN,NaN,NaN,NaN,1027.0568,868.8933,NaN,NaN,0,0,56,6,1,3100
rc_201.3.txt,31,FB-CMPSO,1301310,3100,0,NaN,NaN,NaN,NaN,22.8589999999999,878.9573,NaN,NaN,1840,27,0,0,0,3100
rc_201.3.txt,31,RKPSO,1301311,3100,0,NaN,NaN,NaN,NaN,8283.6897,1095.7074,NaN,NaN,0,0,0,0,0,3100
rc_201.3.txt,31,LateOnly,1301311,3100,0,NaN,NaN,NaN,NaN,47.6570999999999,911.7086,NaN,NaN,1840,20,0,0,0,3100
rc_201.3.txt,31,LateTo2Opt,1301311,3100,0,NaN,NaN,NaN,NaN,47.6570999999999,911.7086,NaN,NaN,1840,20,0,0,0,3100
rc_201.3.txt,31,AlwaysVND,1301311,3100,0,NaN,NaN,NaN,NaN,2352.1585,963.2758,NaN,NaN,0,0,52,11,0,3100
rc_201.3.txt,31,FB-CMPSO,1301311,3100,0,NaN,NaN,NaN,NaN,47.6570999999999,911.7086,NaN,NaN,1840,20,0,0,0,3100
rc_201.3.txt,31,RKPSO,1301312,3100,0,NaN,NaN,NaN,NaN,4492.8465,892.3531,NaN,NaN,0,0,0,0,0,3100
rc_201.3.txt,31,LateOnly,1301312,3100,1,1159,1190,54.1309,0.0283407853403141,0,801.747,855.8779,0.0140865913661602,1840,27,0,0,0,3100
rc_201.3.txt,31,LateTo2Opt,1301312,3100,1,1159,1190,40.1895,0.0210416230366492,0,815.6884,855.8779,0.0317203172234098,690,23,4,0,0,3100
rc_201.3.txt,31,AlwaysVND,1301312,3100,0,NaN,NaN,NaN,NaN,823.1013,830.152,NaN,NaN,0,0,56,9,0,3100
rc_201.3.txt,31,FB-CMPSO,1301312,3100,1,1159,1190,51.8551,0.0271492670157068,0,804.0228,855.8779,0.0169651281921554,690,23,2,2,1,3100
rc_201.3.txt,31,RKPSO,1301313,3100,0,NaN,NaN,NaN,NaN,3874.9151,970.3823,NaN,NaN,0,0,0,0,0,3100
rc_201.3.txt,31,LateOnly,1301313,3100,1,1101,1140,39.2022999999999,0.0200011734693877,0,790.6069,829.8092,-3.92102300757345e-06,1840,25,0,0,0,3100
rc_201.3.txt,31,LateTo2Opt,1301313,3100,1,1101,1140,36.0562,0.0183960204081633,0,793.753,829.8092,0.00397541139120415,660,22,2,0,0,3100
rc_201.3.txt,31,AlwaysVND,1301313,3100,0,NaN,NaN,NaN,NaN,40.3428,829.0926,NaN,NaN,0,0,50,12,0,3100
rc_201.3.txt,31,FB-CMPSO,1301313,3100,1,1101,1140,39.2022999999999,0.0200011734693877,0,790.6069,829.8092,-3.92102300757345e-06,660,22,2,1,0,3100
rc_201.3.txt,31,RKPSO,1301314,3100,0,NaN,NaN,NaN,NaN,6263.3384,977.8316,NaN,NaN,0,0,0,0,0,3100
rc_201.3.txt,31,LateOnly,1301314,3100,0,NaN,NaN,NaN,NaN,1.49160000000001,861.0658,NaN,NaN,1840,27,0,0,0,3100
rc_201.3.txt,31,LateTo2Opt,1301314,3100,0,NaN,NaN,NaN,NaN,1.49160000000001,861.0658,NaN,NaN,1840,27,0,0,0,3100
rc_201.3.txt,31,AlwaysVND,1301314,3100,0,NaN,NaN,NaN,NaN,1345.8856,860.5249,NaN,NaN,0,0,47,10,1,3100
rc_201.3.txt,31,FB-CMPSO,1301314,3100,0,NaN,NaN,NaN,NaN,1.49160000000001,861.0658,NaN,NaN,1840,27,0,0,0,3100
rc_201.3.txt,31,RKPSO,1301315,3100,0,NaN,NaN,NaN,NaN,6244.7058,1006.3127,NaN,NaN,0,0,0,0,0,3100
rc_201.3.txt,31,LateOnly,1301315,3100,0,NaN,NaN,NaN,NaN,222.5736,894.5692,NaN,NaN,1840,24,0,0,0,3100
rc_201.3.txt,31,LateTo2Opt,1301315,3100,0,NaN,NaN,NaN,NaN,222.5736,894.5692,NaN,NaN,1840,24,0,0,0,3100
rc_201.3.txt,31,AlwaysVND,1301315,3100,0,NaN,NaN,NaN,NaN,687.6354,938.8899,NaN,NaN,0,0,52,12,1,3100
rc_201.3.txt,31,FB-CMPSO,1301315,3100,0,NaN,NaN,NaN,NaN,222.5736,894.5692,NaN,NaN,1840,24,0,0,0,3100
rc_201.3.txt,31,RKPSO,1301316,3100,0,NaN,NaN,NaN,NaN,7182.3344,954.5362,NaN,NaN,0,0,0,0,0,3100
rc_201.3.txt,31,LateOnly,1301316,3100,0,NaN,NaN,NaN,NaN,74.4997999999999,880.2476,NaN,NaN,1840,30,0,0,0,3100
rc_201.3.txt,31,LateTo2Opt,1301316,3100,0,NaN,NaN,NaN,NaN,74.4997999999999,880.2476,NaN,NaN,1840,30,0,0,0,3100
rc_201.3.txt,31,AlwaysVND,1301316,3100,0,NaN,NaN,NaN,NaN,882.8686,844.9073,NaN,NaN,0,0,61,6,0,3100
rc_201.3.txt,31,FB-CMPSO,1301316,3100,0,NaN,NaN,NaN,NaN,74.4997999999999,880.2476,NaN,NaN,1840,30,0,0,0,3100
rc_201.3.txt,31,RKPSO,1301317,3100,0,NaN,NaN,NaN,NaN,4381.6233,1036.2629,NaN,NaN,0,0,0,0,0,3100
rc_201.3.txt,31,LateOnly,1301317,3100,1,1320,1340,38.4997,0.0218748295454545,0,802.049,840.5487,0.0144685748978636,1840,31,0,0,0,3100
rc_201.3.txt,31,LateTo2Opt,1301317,3100,1,1320,1340,34.4329,0.0195641477272727,0,806.1158,840.5487,0.0196124511453181,780,26,4,0,0,3100
rc_201.3.txt,31,AlwaysVND,1301317,3100,0,NaN,NaN,NaN,NaN,2317.5483,923.2503,NaN,NaN,0,0,54,9,1,3100
rc_201.3.txt,31,FB-CMPSO,1301317,3100,1,1320,1340,34.4329,0.0195641477272727,0,806.1158,840.5487,0.0196124511453181,780,26,1,3,1,3100
rc_201.3.txt,31,RKPSO,1301318,3100,0,NaN,NaN,NaN,NaN,4685.2081,971.378,NaN,NaN,0,0,0,0,0,3100
rc_201.3.txt,31,LateOnly,1301318,3100,0,NaN,NaN,NaN,NaN,3.85179999999991,878.1883,NaN,NaN,1840,25,0,0,0,3100
rc_201.3.txt,31,LateTo2Opt,1301318,3100,0,NaN,NaN,NaN,NaN,3.85179999999991,878.1883,NaN,NaN,1840,25,0,0,0,3100
rc_201.3.txt,31,AlwaysVND,1301318,3100,1,3043,NaN,0,0,0,831.3352,831.3352,0.0515111116732648,0,0,47,10,1,3100
rc_201.3.txt,31,FB-CMPSO,1301318,3100,0,NaN,NaN,NaN,NaN,3.85179999999991,878.1883,NaN,NaN,1840,25,0,0,0,3100
rc_201.3.txt,31,RKPSO,1301319,3100,0,NaN,NaN,NaN,NaN,5547.088,978.3744,NaN,NaN,0,0,0,0,0,3100
rc_201.3.txt,31,LateOnly,1301319,3100,0,NaN,NaN,NaN,NaN,26.9257999999999,814.8621,NaN,NaN,1840,31,0,0,0,3100
rc_201.3.txt,31,LateTo2Opt,1301319,3100,0,NaN,NaN,NaN,NaN,26.9257999999999,814.8621,NaN,NaN,1840,31,0,0,0,3100
rc_201.3.txt,31,AlwaysVND,1301319,3100,0,NaN,NaN,NaN,NaN,980.231000000001,882.6195,NaN,NaN,0,0,59,8,1,3100
rc_201.3.txt,31,FB-CMPSO,1301319,3100,0,NaN,NaN,NaN,NaN,26.9257999999999,814.8621,NaN,NaN,1840,31,0,0,0,3100
rc_201.3.txt,31,RKPSO,1301320,3100,0,NaN,NaN,NaN,NaN,5866.1292,1011.9894,NaN,NaN,0,0,0,0,0,3100
rc_201.3.txt,31,LateOnly,1301320,3100,0,NaN,NaN,NaN,NaN,22.5788,854.8834,NaN,NaN,1840,25,0,0,0,3100
rc_201.3.txt,31,LateTo2Opt,1301320,3100,0,NaN,NaN,NaN,NaN,22.5788,854.8834,NaN,NaN,1840,25,0,0,0,3100
rc_201.3.txt,31,AlwaysVND,1301320,3100,0,NaN,NaN,NaN,NaN,2055.6281,844.7499,NaN,NaN,0,0,51,11,0,3100
rc_201.3.txt,31,FB-CMPSO,1301320,3100,0,NaN,NaN,NaN,NaN,22.5788,854.8834,NaN,NaN,1840,25,0,0,0,3100
rc_201.3.txt,31,RKPSO,1301321,3100,0,NaN,NaN,NaN,NaN,5022.4166,1080.1156,NaN,NaN,0,0,0,0,0,3100
rc_201.3.txt,31,LateOnly,1301321,3100,0,NaN,NaN,NaN,NaN,137.1766,872.3085,NaN,NaN,1840,28,0,0,0,3100
rc_201.3.txt,31,LateTo2Opt,1301321,3100,0,NaN,NaN,NaN,NaN,137.1766,872.3085,NaN,NaN,1840,28,0,0,0,3100
rc_201.3.txt,31,AlwaysVND,1301321,3100,0,NaN,NaN,NaN,NaN,1597.2127,968.1956,NaN,NaN,0,0,52,9,2,3100
rc_201.3.txt,31,FB-CMPSO,1301321,3100,0,NaN,NaN,NaN,NaN,137.1766,872.3085,NaN,NaN,1840,28,0,0,0,3100
rc_201.3.txt,31,RKPSO,1301322,3100,0,NaN,NaN,NaN,NaN,6591.2927,1104.8067,NaN,NaN,0,0,0,0,0,3100
rc_201.3.txt,31,LateOnly,1301322,3100,1,1095,1140,38.0967999999999,0.0194371428571428,0,803.0272,851.1082,0.0157058473836658,1840,28,0,0,0,3100
rc_201.3.txt,31,LateTo2Opt,1301322,3100,1,1095,1140,28.0844999999999,0.0143288265306122,0,813.0395,851.1082,0.0283698663057639,660,22,6,0,0,3100
rc_201.3.txt,31,AlwaysVND,1301322,3100,0,NaN,NaN,NaN,NaN,935.3386,890.0865,NaN,NaN,0,0,54,12,1,3100
rc_201.3.txt,31,FB-CMPSO,1301322,3100,1,1095,1140,26.4086,0.0134737755102041,0,814.7154,851.1082,0.0304896219374912,660,22,3,2,4,3100
rc_201.3.txt,31,RKPSO,1301323,3100,0,NaN,NaN,NaN,NaN,3253.5387,942.5851,NaN,NaN,0,0,0,0,0,3100
rc_201.3.txt,31,LateOnly,1301323,3100,1,1094,1140,26.6053000000002,0.0135741326530613,0,809.6131,841.8259,0.0240359975209013,1840,26,0,0,0,3100
rc_201.3.txt,31,LateTo2Opt,1301323,3100,1,1094,1140,45.6115,0.0232711734693877,0,790.6069,841.8259,-3.92102300757345e-06,660,22,8,0,0,3100
rc_201.3.txt,31,AlwaysVND,1301323,3100,0,NaN,NaN,NaN,NaN,1203.6596,925.0088,NaN,NaN,0,0,58,10,0,3100
rc_201.3.txt,31,FB-CMPSO,1301323,3100,1,1094,1140,28.0595,0.0143160714285714,0,808.1589,841.8259,0.0221966582765207,660,22,2,1,1,3100
rc_201.3.txt,31,RKPSO,1301324,3100,0,NaN,NaN,NaN,NaN,5613.1312,991.582,NaN,NaN,0,0,0,0,0,3100
rc_201.3.txt,31,LateOnly,1301324,3100,0,NaN,NaN,NaN,NaN,74.5991,870.246,NaN,NaN,1840,25,0,0,0,3100
rc_201.3.txt,31,LateTo2Opt,1301324,3100,0,NaN,NaN,NaN,NaN,74.5991,870.246,NaN,NaN,1840,25,0,0,0,3100
rc_201.3.txt,31,AlwaysVND,1301324,3100,0,NaN,NaN,NaN,NaN,796.9773,916.8149,NaN,NaN,0,0,50,9,3,3100
rc_201.3.txt,31,FB-CMPSO,1301324,3100,0,NaN,NaN,NaN,NaN,74.5991,870.246,NaN,NaN,1840,25,0,0,0,3100
rc_201.3.txt,31,RKPSO,1301325,3100,0,NaN,NaN,NaN,NaN,6514.8255,950.6187,NaN,NaN,0,0,0,0,0,3100
rc_201.3.txt,31,LateOnly,1301325,3100,0,NaN,NaN,NaN,NaN,6.81380000000001,844.2529,NaN,NaN,1840,25,0,0,0,3100
rc_201.3.txt,31,LateTo2Opt,1301325,3100,0,NaN,NaN,NaN,NaN,6.81380000000001,844.2529,NaN,NaN,1840,25,0,0,0,3100
rc_201.3.txt,31,AlwaysVND,1301325,3100,0,NaN,NaN,NaN,NaN,658.7102,862.6392,NaN,NaN,0,0,56,6,4,3100
rc_201.3.txt,31,FB-CMPSO,1301325,3100,0,NaN,NaN,NaN,NaN,6.81380000000001,844.2529,NaN,NaN,1840,25,0,0,0,3100
rc_201.3.txt,31,RKPSO,1301326,3100,0,NaN,NaN,NaN,NaN,4549.7323,935.0914,NaN,NaN,0,0,0,0,0,3100
rc_201.3.txt,31,LateOnly,1301326,3100,1,968,990,23.1881999999999,0.0109896682464455,0,830.8737,854.0619,0.0509273851835924,1840,23,0,0,0,3100
rc_201.3.txt,31,LateTo2Opt,1301326,3100,1,968,990,48.074,0.0227838862559241,0,805.9879,854.0619,0.0194506773251033,570,19,8,0,0,3100
rc_201.3.txt,31,AlwaysVND,1301326,3100,0,NaN,NaN,NaN,NaN,857.8084,871.6548,NaN,NaN,0,0,52,11,0,3100
rc_201.3.txt,31,FB-CMPSO,1301326,3100,1,968,990,42.5826000000001,0.020181327014218,0,811.4793,854.0619,0.0263964533714472,570,19,7,5,1,3100
rc_201.3.txt,31,RKPSO,1301327,3100,0,NaN,NaN,NaN,NaN,4104.3441,849.6202,NaN,NaN,0,0,0,0,0,3100
rc_201.3.txt,31,LateOnly,1301327,3100,1,1169,1190,9.90249999999992,0.00518455497382195,0,843.6706,853.5731,0.0671134946433765,1840,25,0,0,0,3100
rc_201.3.txt,31,LateTo2Opt,1301327,3100,1,1169,1190,51.5240999999999,0.0269759685863874,0,802.049,853.5731,0.0144685748978636,690,23,6,0,0,3100
rc_201.3.txt,31,AlwaysVND,1301327,3100,0,NaN,NaN,NaN,NaN,3058.364,863.6758,NaN,NaN,0,0,43,16,0,3100
rc_201.3.txt,31,FB-CMPSO,1301327,3100,1,1169,1190,51.5240999999999,0.0269759685863874,0,802.049,853.5731,0.0144685748978636,690,23,2,2,2,3100
rc_201.3.txt,31,RKPSO,1301328,3100,0,NaN,NaN,NaN,NaN,3876.9003,1013.6232,NaN,NaN,0,0,0,0,0,3100
rc_201.3.txt,31,LateOnly,1301328,3100,1,1267,1290,20.0741,0.0110906629834254,0,795.4379,815.512,0.00610655063811473,1840,28,0,0,0,3100
rc_201.3.txt,31,LateTo2Opt,1301328,3100,1,1267,1290,20.0741,0.0110906629834254,0,795.4379,815.512,0.00610655063811473,750,25,6,0,0,3100
rc_201.3.txt,31,AlwaysVND,1301328,3100,0,NaN,NaN,NaN,NaN,575.5549,859.4895,NaN,NaN,0,0,55,11,0,3100
rc_201.3.txt,31,FB-CMPSO,1301328,3100,1,1267,1290,20.0741,0.0110906629834254,0,795.4379,815.512,0.00610655063811473,750,25,3,5,1,3100
rc_201.3.txt,31,RKPSO,1301329,3100,0,NaN,NaN,NaN,NaN,3250.128,943.3784,NaN,NaN,0,0,0,0,0,3100
rc_201.3.txt,31,LateOnly,1301329,3100,0,NaN,NaN,NaN,NaN,314.9992,888.6779,NaN,NaN,1840,23,0,0,0,3100
rc_201.3.txt,31,LateTo2Opt,1301329,3100,0,NaN,NaN,NaN,NaN,314.9992,888.6779,NaN,NaN,1840,23,0,0,0,3100
rc_201.3.txt,31,AlwaysVND,1301329,3100,0,NaN,NaN,NaN,NaN,1582.208,960.4249,NaN,NaN,0,0,50,9,1,3100
rc_201.3.txt,31,FB-CMPSO,1301329,3100,0,NaN,NaN,NaN,NaN,314.9992,888.6779,NaN,NaN,1840,23,0,0,0,3100
rc_201.3.txt,31,RKPSO,1301330,3100,0,NaN,NaN,NaN,NaN,6091.0198,1019.9026,NaN,NaN,0,0,0,0,0,3100
rc_201.3.txt,31,LateOnly,1301330,3100,1,1098,1140,11.2742,0.00575214285714283,0,793.753,805.0272,0.00397541139120415,1840,24,0,0,0,3100
rc_201.3.txt,31,LateTo2Opt,1301330,3100,1,1098,1140,14.4202999999999,0.00735729591836729,0,790.6069,805.0272,-3.92102300757345e-06,660,22,4,0,0,3100
rc_201.3.txt,31,AlwaysVND,1301330,3100,0,NaN,NaN,NaN,NaN,1830.0494,836.1236,NaN,NaN,0,0,57,9,2,3100
rc_201.3.txt,31,FB-CMPSO,1301330,3100,1,1098,1140,14.4202999999999,0.00735729591836729,0,790.6069,805.0272,-3.92102300757345e-06,660,22,2,2,0,3100
rc_201.4.txt,25,RKPSO,1301401,2500,0,NaN,NaN,NaN,NaN,3766.8951,917.7878,NaN,NaN,0,0,0,0,0,2500
rc_201.4.txt,25,LateOnly,1301401,2500,0,NaN,NaN,NaN,NaN,27.1214,793.4304,NaN,NaN,1344,17,0,0,0,2500
rc_201.4.txt,25,LateTo2Opt,1301401,2500,0,NaN,NaN,NaN,NaN,27.1214,793.4304,NaN,NaN,1344,17,0,0,0,2500
rc_201.4.txt,25,AlwaysVND,1301401,2500,0,NaN,NaN,NaN,NaN,1595.7974,804.5951,NaN,NaN,0,0,39,12,1,2500
rc_201.4.txt,25,FB-CMPSO,1301401,2500,0,NaN,NaN,NaN,NaN,27.1214,793.4304,NaN,NaN,1344,17,0,0,0,2500
rc_201.4.txt,25,RKPSO,1301402,2500,0,NaN,NaN,NaN,NaN,6553.2127,980.3818,NaN,NaN,0,0,0,0,0,2500
rc_201.4.txt,25,LateOnly,1301402,2500,1,1881,1888,7.25860000000011,0.0118604575163401,0,831.349,838.6076,0.0475139861902121,1344,16,0,0,0,2500
rc_201.4.txt,25,LateTo2Opt,1301402,2500,1,1881,1888,44.8858000000001,0.0733428104575166,0,793.7218,838.6076,0.000103069401743776,1008,14,3,0,0,2500
rc_201.4.txt,25,AlwaysVND,1301402,2500,0,NaN,NaN,NaN,NaN,1142.2108,899.7458,NaN,NaN,0,0,45,8,1,2500
rc_201.4.txt,25,FB-CMPSO,1301402,2500,1,1881,1888,44.9724000000001,0.0734843137254904,0,793.6352,838.6076,-6.04808225397618e-06,1008,14,2,2,0,2500
rc_201.4.txt,25,RKPSO,1301403,2500,0,NaN,NaN,NaN,NaN,2292.3062,1022.2322,NaN,NaN,0,0,0,0,0,2500
rc_201.4.txt,25,LateOnly,1301403,2500,1,625,656,42.1486000000001,0.02285715835141,0,793.6352,836.0394,-6.04808225397618e-06,1344,18,0,0,0,2500
rc_201.4.txt,25,LateTo2Opt,1301403,2500,1,625,656,42.1486000000001,0.02285715835141,0,793.6352,836.0394,-6.04808225397618e-06,336,14,5,0,0,2500
rc_201.4.txt,25,AlwaysVND,1301403,2500,0,NaN,NaN,NaN,NaN,400.0528,829.3173,NaN,NaN,0,0,39,10,1,2500
rc_201.4.txt,25,FB-CMPSO,1301403,2500,1,625,656,42.1486000000001,0.02285715835141,0,793.6352,836.0394,-6.04808225397618e-06,336,14,2,0,1,2500
rc_201.4.txt,25,RKPSO,1301404,2500,0,NaN,NaN,NaN,NaN,5471.3561,1127.7854,NaN,NaN,0,0,0,0,0,2500
rc_201.4.txt,25,LateOnly,1301404,2500,1,715,744,65.4770000000001,0.0372875854214124,0,803.4583,868.9353,0.0123712262486769,1344,22,0,0,0,2500
rc_201.4.txt,25,LateTo2Opt,1301404,2500,1,715,744,65.4770000000001,0.0372875854214124,0,803.4583,868.9353,0.0123712262486769,384,16,7,0,0,2500
rc_201.4.txt,25,AlwaysVND,1301404,2500,0,NaN,NaN,NaN,NaN,1862.4168,881.5444,NaN,NaN,0,0,47,6,1,2500
rc_201.4.txt,25,FB-CMPSO,1301404,2500,1,715,744,65.4770000000001,0.0372875854214124,0,803.4583,868.9353,0.0123712262486769,384,16,5,1,1,2500
rc_201.4.txt,25,RKPSO,1301405,2500,0,NaN,NaN,NaN,NaN,3349.9807,984.8245,NaN,NaN,0,0,0,0,0,2500
rc_201.4.txt,25,LateOnly,1301405,2500,0,NaN,NaN,NaN,NaN,148.1307,876.6536,NaN,NaN,1344,19,0,0,0,2500
rc_201.4.txt,25,LateTo2Opt,1301405,2500,0,NaN,NaN,NaN,NaN,148.1307,876.6536,NaN,NaN,1344,19,0,0,0,2500
rc_201.4.txt,25,AlwaysVND,1301405,2500,0,NaN,NaN,NaN,NaN,10.8334,810.9644,NaN,NaN,0,0,45,6,1,2500
rc_201.4.txt,25,FB-CMPSO,1301405,2500,0,NaN,NaN,NaN,NaN,148.1307,876.6536,NaN,NaN,1344,19,0,0,0,2500
rc_201.4.txt,25,RKPSO,1301406,2500,0,NaN,NaN,NaN,NaN,3698.1192,920.3208,NaN,NaN,0,0,0,0,0,2500
rc_201.4.txt,25,LateOnly,1301406,2500,0,NaN,NaN,NaN,NaN,5,781.4993,NaN,NaN,1344,16,0,0,0,2500
rc_201.4.txt,25,LateTo2Opt,1301406,2500,0,NaN,NaN,NaN,NaN,5,781.4993,NaN,NaN,1344,16,0,0,0,2500
rc_201.4.txt,25,AlwaysVND,1301406,2500,0,NaN,NaN,NaN,NaN,1084.3974,942.2998,NaN,NaN,0,0,38,12,2,2500
rc_201.4.txt,25,FB-CMPSO,1301406,2500,0,NaN,NaN,NaN,NaN,5,781.4993,NaN,NaN,1344,16,0,0,0,2500
rc_201.4.txt,25,RKPSO,1301407,2500,0,NaN,NaN,NaN,NaN,5495.1819,950.9547,NaN,NaN,0,0,0,0,0,2500
rc_201.4.txt,25,LateOnly,1301407,2500,0,NaN,NaN,NaN,NaN,94.6896000000003,848.6271,NaN,NaN,1344,18,0,0,0,2500
rc_201.4.txt,25,LateTo2Opt,1301407,2500,0,NaN,NaN,NaN,NaN,94.6896000000003,848.6271,NaN,NaN,1344,18,0,0,0,2500
rc_201.4.txt,25,AlwaysVND,1301407,2500,0,NaN,NaN,NaN,NaN,22.1214,777.126,NaN,NaN,0,0,45,9,2,2500
rc_201.4.txt,25,FB-CMPSO,1301407,2500,0,NaN,NaN,NaN,NaN,94.6896000000003,848.6271,NaN,NaN,1344,18,0,0,0,2500
rc_201.4.txt,25,RKPSO,1301408,2500,0,NaN,NaN,NaN,NaN,5112.0807,894.3429,NaN,NaN,0,0,0,0,0,2500
rc_201.4.txt,25,LateOnly,1301408,2500,0,NaN,NaN,NaN,NaN,19.8147999999999,820.5581,NaN,NaN,1344,19,0,0,0,2500
rc_201.4.txt,25,LateTo2Opt,1301408,2500,0,NaN,NaN,NaN,NaN,19.8147999999999,820.5581,NaN,NaN,1344,19,0,0,0,2500
rc_201.4.txt,25,AlwaysVND,1301408,2500,0,NaN,NaN,NaN,NaN,141.0455,818.2587,NaN,NaN,0,0,53,9,1,2500
rc_201.4.txt,25,FB-CMPSO,1301408,2500,0,NaN,NaN,NaN,NaN,19.8147999999999,820.5581,NaN,NaN,1344,19,0,0,0,2500
rc_201.4.txt,25,RKPSO,1301409,2500,0,NaN,NaN,NaN,NaN,4522.607,958.8755,NaN,NaN,0,0,0,0,0,2500
rc_201.4.txt,25,LateOnly,1301409,2500,0,NaN,NaN,NaN,NaN,5,847.1735,NaN,NaN,1344,16,0,0,0,2500
rc_201.4.txt,25,LateTo2Opt,1301409,2500,0,NaN,NaN,NaN,NaN,5,847.1735,NaN,NaN,1344,16,0,0,0,2500
rc_201.4.txt,25,AlwaysVND,1301409,2500,0,NaN,NaN,NaN,NaN,351.9524,856.6364,NaN,NaN,0,0,44,11,2,2500
rc_201.4.txt,25,FB-CMPSO,1301409,2500,0,NaN,NaN,NaN,NaN,5,847.1735,NaN,NaN,1344,16,0,0,0,2500
rc_201.4.txt,25,RKPSO,1301410,2500,0,NaN,NaN,NaN,NaN,3645.5165,997.9495,NaN,NaN,0,0,0,0,0,2500
rc_201.4.txt,25,LateOnly,1301410,2500,0,NaN,NaN,NaN,NaN,5,778.4456,NaN,NaN,1344,15,0,0,0,2500
rc_201.4.txt,25,LateTo2Opt,1301410,2500,0,NaN,NaN,NaN,NaN,5,778.4456,NaN,NaN,1344,15,0,0,0,2500
rc_201.4.txt,25,AlwaysVND,1301410,2500,0,NaN,NaN,NaN,NaN,524.3466,895.2293,NaN,NaN,0,0,40,11,3,2500
rc_201.4.txt,25,FB-CMPSO,1301410,2500,0,NaN,NaN,NaN,NaN,5,778.4456,NaN,NaN,1344,15,0,0,0,2500
rc_201.4.txt,25,RKPSO,1301411,2500,0,NaN,NaN,NaN,NaN,3075.5198,1070.3966,NaN,NaN,0,0,0,0,0,2500
rc_201.4.txt,25,LateOnly,1301411,2500,1,795,832,34.9761000000001,0.0209688848920864,0,817.5016,852.4777,0.0300660248979386,1344,21,0,0,0,2500
rc_201.4.txt,25,LateTo2Opt,1301411,2500,1,795,832,49.0194000000001,0.029388129496403,0,803.4583,852.4777,0.0123712262486769,432,18,4,0,0,2500
rc_201.4.txt,25,AlwaysVND,1301411,2500,0,NaN,NaN,NaN,NaN,432.6454,851.7587,NaN,NaN,0,0,34,6,3,2500
rc_201.4.txt,25,FB-CMPSO,1301411,2500,1,795,832,49.0194000000001,0.029388129496403,0,803.4583,852.4777,0.0123712262486769,432,18,2,2,0,2500
rc_201.4.txt,25,RKPSO,1301412,2500,0,NaN,NaN,NaN,NaN,5403.6725,1088.7641,NaN,NaN,0,0,0,0,0,2500
rc_201.4.txt,25,LateOnly,1301412,2500,1,1334,1360,37.6207000000001,0.0330006140350878,0,793.6352,831.2559,-6.04808225397618e-06,1344,24,0,0,0,2500
rc_201.4.txt,25,LateTo2Opt,1301412,2500,1,1334,1360,37.6207000000001,0.0330006140350878,0,793.6352,831.2559,-6.04808225397618e-06,720,21,5,0,0,2500
rc_201.4.txt,25,AlwaysVND,1301412,2500,0,NaN,NaN,NaN,NaN,11.6505999999999,836.7666,NaN,NaN,0,0,40,10,2,2500
rc_201.4.txt,25,FB-CMPSO,1301412,2500,1,1334,1360,27.7976000000001,0.0243838596491229,0,803.4583,831.2559,0.0123712262486769,720,21,0,2,2,2500
rc_201.4.txt,25,RKPSO,1301413,2500,0,NaN,NaN,NaN,NaN,2935.5936,1049.397,NaN,NaN,0,0,0,0,0,2500
rc_201.4.txt,25,LateOnly,1301413,2500,0,NaN,NaN,NaN,NaN,5,768.6225,NaN,NaN,1344,16,0,0,0,2500
rc_201.4.txt,25,LateTo2Opt,1301413,2500,0,NaN,NaN,NaN,NaN,5,768.6225,NaN,NaN,1344,16,0,0,0,2500
rc_201.4.txt,25,AlwaysVND,1301413,2500,0,NaN,NaN,NaN,NaN,1053.7458,830.4848,NaN,NaN,0,0,46,10,2,2500
rc_201.4.txt,25,FB-CMPSO,1301413,2500,0,NaN,NaN,NaN,NaN,5,768.6225,NaN,NaN,1344,16,0,0,0,2500
rc_201.4.txt,25,RKPSO,1301414,2500,0,NaN,NaN,NaN,NaN,5662.5684,980.5497,NaN,NaN,0,0,0,0,0,2500
rc_201.4.txt,25,LateOnly,1301414,2500,0,NaN,NaN,NaN,NaN,177.7206,839.0923,NaN,NaN,1344,14,0,0,0,2500
rc_201.4.txt,25,LateTo2Opt,1301414,2500,0,NaN,NaN,NaN,NaN,177.7206,839.0923,NaN,NaN,1344,14,0,0,0,2500
rc_201.4.txt,25,AlwaysVND,1301414,2500,0,NaN,NaN,NaN,NaN,102.9199,844.7826,NaN,NaN,0,0,46,9,3,2500
rc_201.4.txt,25,FB-CMPSO,1301414,2500,0,NaN,NaN,NaN,NaN,177.7206,839.0923,NaN,NaN,1344,14,0,0,0,2500
rc_201.4.txt,25,RKPSO,1301415,2500,0,NaN,NaN,NaN,NaN,3220.337,950.05,NaN,NaN,0,0,0,0,0,2500
rc_201.4.txt,25,LateOnly,1301415,2500,0,NaN,NaN,NaN,NaN,868.756899999999,890.3004,NaN,NaN,1344,11,0,0,0,2500
rc_201.4.txt,25,LateTo2Opt,1301415,2500,0,NaN,NaN,NaN,NaN,868.756899999999,890.3004,NaN,NaN,1344,11,0,0,0,2500
rc_201.4.txt,25,AlwaysVND,1301415,2500,0,NaN,NaN,NaN,NaN,5,768.7091,NaN,NaN,0,0,48,3,1,2500
rc_201.4.txt,25,FB-CMPSO,1301415,2500,0,NaN,NaN,NaN,NaN,868.756899999999,890.3004,NaN,NaN,1344,11,0,0,0,2500
rc_201.4.txt,25,RKPSO,1301416,2500,0,NaN,NaN,NaN,NaN,3533.3027,944.2887,NaN,NaN,0,0,0,0,0,2500
rc_201.4.txt,25,LateOnly,1301416,2500,0,NaN,NaN,NaN,NaN,0.330299999999966,827.9506,NaN,NaN,1344,19,0,0,0,2500
rc_201.4.txt,25,LateTo2Opt,1301416,2500,0,NaN,NaN,NaN,NaN,0.330299999999966,827.9506,NaN,NaN,1344,19,0,0,0,2500
rc_201.4.txt,25,AlwaysVND,1301416,2500,0,NaN,NaN,NaN,NaN,457.0894,894.5289,NaN,NaN,0,0,39,15,0,2500
rc_201.4.txt,25,FB-CMPSO,1301416,2500,0,NaN,NaN,NaN,NaN,0.330299999999966,827.9506,NaN,NaN,1344,19,0,0,0,2500
rc_201.4.txt,25,RKPSO,1301417,2500,0,NaN,NaN,NaN,NaN,2295.7047,863.9853,NaN,NaN,0,0,0,0,0,2500
rc_201.4.txt,25,LateOnly,1301417,2500,0,NaN,NaN,NaN,NaN,5,796.2219,NaN,NaN,1344,20,0,0,0,2500
rc_201.4.txt,25,LateTo2Opt,1301417,2500,0,NaN,NaN,NaN,NaN,5,796.2219,NaN,NaN,1344,20,0,0,0,2500
rc_201.4.txt,25,AlwaysVND,1301417,2500,0,NaN,NaN,NaN,NaN,475.6921,904.0103,NaN,NaN,0,0,53,10,0,2500
rc_201.4.txt,25,FB-CMPSO,1301417,2500,0,NaN,NaN,NaN,NaN,5,796.2219,NaN,NaN,1344,20,0,0,0,2500
rc_201.4.txt,25,RKPSO,1301418,2500,0,NaN,NaN,NaN,NaN,4682.9983,919.4459,NaN,NaN,0,0,0,0,0,2500
rc_201.4.txt,25,LateOnly,1301418,2500,0,NaN,NaN,NaN,NaN,9.65560000000005,827.956,NaN,NaN,1344,16,0,0,0,2500
rc_201.4.txt,25,LateTo2Opt,1301418,2500,0,NaN,NaN,NaN,NaN,9.65560000000005,827.956,NaN,NaN,1344,16,0,0,0,2500
rc_201.4.txt,25,AlwaysVND,1301418,2500,0,NaN,NaN,NaN,NaN,816.2805,864.4296,NaN,NaN,0,0,37,10,3,2500
rc_201.4.txt,25,FB-CMPSO,1301418,2500,0,NaN,NaN,NaN,NaN,9.65560000000005,827.956,NaN,NaN,1344,16,0,0,0,2500
rc_201.4.txt,25,RKPSO,1301419,2500,0,NaN,NaN,NaN,NaN,3415.0439,1148.0581,NaN,NaN,0,0,0,0,0,2500
rc_201.4.txt,25,LateOnly,1301419,2500,0,NaN,NaN,NaN,NaN,108.1378,875.3247,NaN,NaN,1344,19,0,0,0,2500
rc_201.4.txt,25,LateTo2Opt,1301419,2500,0,NaN,NaN,NaN,NaN,108.1378,875.3247,NaN,NaN,1344,19,0,0,0,2500
rc_201.4.txt,25,AlwaysVND,1301419,2500,0,NaN,NaN,NaN,NaN,379.4951,783.8732,NaN,NaN,0,0,29,12,3,2500
rc_201.4.txt,25,FB-CMPSO,1301419,2500,0,NaN,NaN,NaN,NaN,108.1378,875.3247,NaN,NaN,1344,19,0,0,0,2500
rc_201.4.txt,25,RKPSO,1301420,2500,0,NaN,NaN,NaN,NaN,1356.4273,920.0519,NaN,NaN,0,0,0,0,0,2500
rc_201.4.txt,25,LateOnly,1301420,2500,0,NaN,NaN,NaN,NaN,0.330299999999966,840.0091,NaN,NaN,1344,18,0,0,0,2500
rc_201.4.txt,25,LateTo2Opt,1301420,2500,0,NaN,NaN,NaN,NaN,0.330299999999966,840.0091,NaN,NaN,1344,18,0,0,0,2500
rc_201.4.txt,25,AlwaysVND,1301420,2500,0,NaN,NaN,NaN,NaN,923.6303,932.6386,NaN,NaN,0,0,33,13,1,2500
rc_201.4.txt,25,FB-CMPSO,1301420,2500,0,NaN,NaN,NaN,NaN,0.330299999999966,840.0091,NaN,NaN,1344,18,0,0,0,2500
rc_201.4.txt,25,RKPSO,1301421,2500,0,NaN,NaN,NaN,NaN,4063.1596,1019.8215,NaN,NaN,0,0,0,0,0,2500
rc_201.4.txt,25,LateOnly,1301421,2500,0,NaN,NaN,NaN,NaN,5,788.6316,NaN,NaN,1344,17,0,0,0,2500
rc_201.4.txt,25,LateTo2Opt,1301421,2500,0,NaN,NaN,NaN,NaN,5,788.6316,NaN,NaN,1344,17,0,0,0,2500
rc_201.4.txt,25,AlwaysVND,1301421,2500,0,NaN,NaN,NaN,NaN,822.0793,899.7514,NaN,NaN,0,0,40,11,3,2500
rc_201.4.txt,25,FB-CMPSO,1301421,2500,0,NaN,NaN,NaN,NaN,5,788.6316,NaN,NaN,1344,17,0,0,0,2500
rc_201.4.txt,25,RKPSO,1301422,2500,0,NaN,NaN,NaN,NaN,2127.6219,950.5999,NaN,NaN,0,0,0,0,0,2500
rc_201.4.txt,25,LateOnly,1301422,2500,0,NaN,NaN,NaN,NaN,18.3770999999999,805.6487,NaN,NaN,1344,21,0,0,0,2500
rc_201.4.txt,25,LateTo2Opt,1301422,2500,0,NaN,NaN,NaN,NaN,18.3770999999999,805.6487,NaN,NaN,1344,21,0,0,0,2500
rc_201.4.txt,25,AlwaysVND,1301422,2500,0,NaN,NaN,NaN,NaN,8.66669999999999,810.4043,NaN,NaN,0,0,50,8,1,2500
rc_201.4.txt,25,FB-CMPSO,1301422,2500,0,NaN,NaN,NaN,NaN,18.3770999999999,805.6487,NaN,NaN,1344,21,0,0,0,2500
rc_201.4.txt,25,RKPSO,1301423,2500,0,NaN,NaN,NaN,NaN,5964.3172,932.1519,NaN,NaN,0,0,0,0,0,2500
rc_201.4.txt,25,LateOnly,1301423,2500,0,NaN,NaN,NaN,NaN,15.9211,873.1135,NaN,NaN,1344,20,0,0,0,2500
rc_201.4.txt,25,LateTo2Opt,1301423,2500,0,NaN,NaN,NaN,NaN,15.9211,873.1135,NaN,NaN,1344,20,0,0,0,2500
rc_201.4.txt,25,AlwaysVND,1301423,2500,0,NaN,NaN,NaN,NaN,37.0386999999999,856.6075,NaN,NaN,0,0,48,10,2,2500
rc_201.4.txt,25,FB-CMPSO,1301423,2500,0,NaN,NaN,NaN,NaN,15.9211,873.1135,NaN,NaN,1344,20,0,0,0,2500
rc_201.4.txt,25,RKPSO,1301424,2500,0,NaN,NaN,NaN,NaN,2987.948,1032.5311,NaN,NaN,0,0,0,0,0,2500
rc_201.4.txt,25,LateOnly,1301424,2500,0,NaN,NaN,NaN,NaN,14.6556,834.095,NaN,NaN,1344,15,0,0,0,2500
rc_201.4.txt,25,LateTo2Opt,1301424,2500,0,NaN,NaN,NaN,NaN,14.6556,834.095,NaN,NaN,1344,15,0,0,0,2500
rc_201.4.txt,25,AlwaysVND,1301424,2500,0,NaN,NaN,NaN,NaN,18.3770999999999,796.7535,NaN,NaN,0,0,44,7,5,2500
rc_201.4.txt,25,FB-CMPSO,1301424,2500,0,NaN,NaN,NaN,NaN,14.6556,834.095,NaN,NaN,1344,15,0,0,0,2500
rc_201.4.txt,25,RKPSO,1301425,2500,0,NaN,NaN,NaN,NaN,3935.5697,1046.4593,NaN,NaN,0,0,0,0,0,2500
rc_201.4.txt,25,LateOnly,1301425,2500,0,NaN,NaN,NaN,NaN,121.6758,895.4635,NaN,NaN,1344,21,0,0,0,2500
rc_201.4.txt,25,LateTo2Opt,1301425,2500,0,NaN,NaN,NaN,NaN,121.6758,895.4635,NaN,NaN,1344,21,0,0,0,2500
rc_201.4.txt,25,AlwaysVND,1301425,2500,0,NaN,NaN,NaN,NaN,395.3769,845.623,NaN,NaN,0,0,40,8,3,2500
rc_201.4.txt,25,FB-CMPSO,1301425,2500,0,NaN,NaN,NaN,NaN,121.6758,895.4635,NaN,NaN,1344,21,0,0,0,2500
rc_201.4.txt,25,RKPSO,1301426,2500,0,NaN,NaN,NaN,NaN,5461.8074,951.304,NaN,NaN,0,0,0,0,0,2500
rc_201.4.txt,25,LateOnly,1301426,2500,0,NaN,NaN,NaN,NaN,135.9999,846.1268,NaN,NaN,1344,20,0,0,0,2500
rc_201.4.txt,25,LateTo2Opt,1301426,2500,0,NaN,NaN,NaN,NaN,135.9999,846.1268,NaN,NaN,1344,20,0,0,0,2500
rc_201.4.txt,25,AlwaysVND,1301426,2500,0,NaN,NaN,NaN,NaN,1315.3565,984.5013,NaN,NaN,0,0,41,14,1,2500
rc_201.4.txt,25,FB-CMPSO,1301426,2500,0,NaN,NaN,NaN,NaN,135.9999,846.1268,NaN,NaN,1344,20,0,0,0,2500
rc_201.4.txt,25,RKPSO,1301427,2500,0,NaN,NaN,NaN,NaN,4595.9697,1020.1926,NaN,NaN,0,0,0,0,0,2500
rc_201.4.txt,25,LateOnly,1301427,2500,0,NaN,NaN,NaN,NaN,5,815.6812,NaN,NaN,1344,18,0,0,0,2500
rc_201.4.txt,25,LateTo2Opt,1301427,2500,0,NaN,NaN,NaN,NaN,5,815.6812,NaN,NaN,1344,18,0,0,0,2500
rc_201.4.txt,25,AlwaysVND,1301427,2500,0,NaN,NaN,NaN,NaN,599.3787,856.4797,NaN,NaN,0,0,46,4,3,2500
rc_201.4.txt,25,FB-CMPSO,1301427,2500,0,NaN,NaN,NaN,NaN,5,815.6812,NaN,NaN,1344,18,0,0,0,2500
rc_201.4.txt,25,RKPSO,1301428,2500,0,NaN,NaN,NaN,NaN,1338.6577,903.1796,NaN,NaN,0,0,0,0,0,2500
rc_201.4.txt,25,LateOnly,1301428,2500,0,NaN,NaN,NaN,NaN,2.73869999999999,833.4395,NaN,NaN,1344,19,0,0,0,2500
rc_201.4.txt,25,LateTo2Opt,1301428,2500,0,NaN,NaN,NaN,NaN,2.73869999999999,833.4395,NaN,NaN,1344,19,0,0,0,2500
rc_201.4.txt,25,AlwaysVND,1301428,2500,0,NaN,NaN,NaN,NaN,297.8116,917.9124,NaN,NaN,0,0,39,10,3,2500
rc_201.4.txt,25,FB-CMPSO,1301428,2500,0,NaN,NaN,NaN,NaN,2.73869999999999,833.4395,NaN,NaN,1344,19,0,0,0,2500
rc_201.4.txt,25,RKPSO,1301429,2500,0,NaN,NaN,NaN,NaN,3277.7267,986.4594,NaN,NaN,0,0,0,0,0,2500
rc_201.4.txt,25,LateOnly,1301429,2500,1,1674,1712,30.8394000000001,0.0391362944162437,0,793.6352,834.8762,-6.04808225397618e-06,1344,18,0,0,0,2500
rc_201.4.txt,25,LateTo2Opt,1301429,2500,1,1674,1712,28.5174000000001,0.0361895939086295,0,795.9572,834.8762,0.00291971170807918,912,16,4,0,0,2500
rc_201.4.txt,25,AlwaysVND,1301429,2500,0,NaN,NaN,NaN,NaN,28.1250999999999,857.2064,NaN,NaN,0,0,32,12,3,2500
rc_201.4.txt,25,FB-CMPSO,1301429,2500,1,1674,1712,30.8394000000001,0.0391362944162437,0,793.6352,834.8762,-6.04808225397618e-06,912,16,2,1,0,2500
rc_201.4.txt,25,RKPSO,1301430,2500,0,NaN,NaN,NaN,NaN,5277.8087,1090.3977,NaN,NaN,0,0,0,0,0,2500
rc_201.4.txt,25,LateOnly,1301430,2500,0,NaN,NaN,NaN,NaN,5.33029999999997,799.8186,NaN,NaN,1344,17,0,0,0,2500
rc_201.4.txt,25,LateTo2Opt,1301430,2500,0,NaN,NaN,NaN,NaN,5.33029999999997,799.8186,NaN,NaN,1344,17,0,0,0,2500
rc_201.4.txt,25,AlwaysVND,1301430,2500,0,NaN,NaN,NaN,NaN,607.6005,843.4782,NaN,NaN,0,0,50,4,5,2500
rc_201.4.txt,25,FB-CMPSO,1301430,2500,0,NaN,NaN,NaN,NaN,5.33029999999997,799.8186,NaN,NaN,1344,17,0,0,0,2500
rc_202.1.txt,32,RKPSO,1301501,3200,0,NaN,NaN,NaN,NaN,986.5284,967.0489,NaN,NaN,0,0,0,0,0,3200
rc_202.1.txt,32,LateOnly,1301501,3200,0,NaN,NaN,NaN,NaN,39.9219999999999,937.2174,NaN,NaN,1922,21,0,0,0,3200
rc_202.1.txt,32,LateTo2Opt,1301501,3200,0,NaN,NaN,NaN,NaN,39.9219999999999,937.2174,NaN,NaN,1922,21,0,0,0,3200
rc_202.1.txt,32,AlwaysVND,1301501,3200,0,NaN,NaN,NaN,NaN,1257.45,965.7071,NaN,NaN,0,0,52,11,1,3200
rc_202.1.txt,32,FB-CMPSO,1301501,3200,0,NaN,NaN,NaN,NaN,39.9219999999999,937.2174,NaN,NaN,1922,21,0,0,0,3200
rc_202.1.txt,32,RKPSO,1301502,3200,0,NaN,NaN,NaN,NaN,3706.425,1050.8766,NaN,NaN,0,0,0,0,0,3200
rc_202.1.txt,32,LateOnly,1301502,3200,0,NaN,NaN,NaN,NaN,122.2932,927.1868,NaN,NaN,1922,22,0,0,0,3200
rc_202.1.txt,32,LateTo2Opt,1301502,3200,0,NaN,NaN,NaN,NaN,122.2932,927.1868,NaN,NaN,1922,22,0,0,0,3200
rc_202.1.txt,32,AlwaysVND,1301502,3200,0,NaN,NaN,NaN,NaN,24.9317,938.2639,NaN,NaN,0,0,50,10,2,3200
rc_202.1.txt,32,FB-CMPSO,1301502,3200,0,NaN,NaN,NaN,NaN,122.2932,927.1868,NaN,NaN,1922,22,0,0,0,3200
rc_202.1.txt,32,RKPSO,1301503,3200,0,NaN,NaN,NaN,NaN,2889.8496,985.4273,NaN,NaN,0,0,0,0,0,3200
rc_202.1.txt,32,LateOnly,1301503,3200,0,NaN,NaN,NaN,NaN,994.193499999999,971.394,NaN,NaN,1922,18,0,0,0,3200
rc_202.1.txt,32,LateTo2Opt,1301503,3200,0,NaN,NaN,NaN,NaN,994.193499999999,971.394,NaN,NaN,1922,18,0,0,0,3200
rc_202.1.txt,32,AlwaysVND,1301503,3200,0,NaN,NaN,NaN,NaN,15.7669,848.4992,NaN,NaN,0,0,52,8,4,3200
rc_202.1.txt,32,FB-CMPSO,1301503,3200,0,NaN,NaN,NaN,NaN,994.193499999999,971.394,NaN,NaN,1922,18,0,0,0,3200
rc_202.1.txt,32,RKPSO,1301504,3200,0,NaN,NaN,NaN,NaN,3079.2606,1073.9228,NaN,NaN,0,0,0,0,0,3200
rc_202.1.txt,32,LateOnly,1301504,3200,0,NaN,NaN,NaN,NaN,97.0340999999999,915.0214,NaN,NaN,1922,18,0,0,0,3200
rc_202.1.txt,32,LateTo2Opt,1301504,3200,0,NaN,NaN,NaN,NaN,97.0340999999999,915.0214,NaN,NaN,1922,18,0,0,0,3200
rc_202.1.txt,32,AlwaysVND,1301504,3200,0,NaN,NaN,NaN,NaN,411.661,886.6593,NaN,NaN,0,0,53,10,0,3200
rc_202.1.txt,32,FB-CMPSO,1301504,3200,0,NaN,NaN,NaN,NaN,97.0340999999999,915.0214,NaN,NaN,1922,18,0,0,0,3200
rc_202.1.txt,32,RKPSO,1301505,3200,0,NaN,NaN,NaN,NaN,2656.7026,986.0921,NaN,NaN,0,0,0,0,0,3200
rc_202.1.txt,32,LateOnly,1301505,3200,0,NaN,NaN,NaN,NaN,26.3585,862.0224,NaN,NaN,1922,24,0,0,0,3200
rc_202.1.txt,32,LateTo2Opt,1301505,3200,0,NaN,NaN,NaN,NaN,26.3585,862.0224,NaN,NaN,1922,24,0,0,0,3200
rc_202.1.txt,32,AlwaysVND,1301505,3200,0,NaN,NaN,NaN,NaN,374.9395,852.1816,NaN,NaN,0,0,48,9,3,3200
rc_202.1.txt,32,FB-CMPSO,1301505,3200,0,NaN,NaN,NaN,NaN,26.3585,862.0224,NaN,NaN,1922,24,0,0,0,3200
rc_202.1.txt,32,RKPSO,1301506,3200,0,NaN,NaN,NaN,NaN,1862.951,976.0562,NaN,NaN,0,0,0,0,0,3200
rc_202.1.txt,32,LateOnly,1301506,3200,0,NaN,NaN,NaN,NaN,84.8123999999999,942.7489,NaN,NaN,1922,20,0,0,0,3200
rc_202.1.txt,32,LateTo2Opt,1301506,3200,0,NaN,NaN,NaN,NaN,84.8123999999999,942.7489,NaN,NaN,1922,20,0,0,0,3200
rc_202.1.txt,32,AlwaysVND,1301506,3200,0,NaN,NaN,NaN,NaN,169.0881,928.0082,NaN,NaN,0,0,53,10,0,3200
rc_202.1.txt,32,FB-CMPSO,1301506,3200,0,NaN,NaN,NaN,NaN,84.8123999999999,942.7489,NaN,NaN,1922,20,0,0,0,3200
rc_202.1.txt,32,RKPSO,1301507,3200,0,NaN,NaN,NaN,NaN,2680.6577,896.2423,NaN,NaN,0,0,0,0,0,3200
rc_202.1.txt,32,LateOnly,1301507,3200,0,NaN,NaN,NaN,NaN,12.9962000000002,907.4959,NaN,NaN,1922,23,0,0,0,3200
rc_202.1.txt,32,LateTo2Opt,1301507,3200,0,NaN,NaN,NaN,NaN,12.9962000000002,907.4959,NaN,NaN,1922,23,0,0,0,3200
rc_202.1.txt,32,AlwaysVND,1301507,3200,0,NaN,NaN,NaN,NaN,463.6884,974.224,NaN,NaN,0,0,48,12,2,3200
rc_202.1.txt,32,FB-CMPSO,1301507,3200,0,NaN,NaN,NaN,NaN,12.9962000000002,907.4959,NaN,NaN,1922,23,0,0,0,3200
rc_202.1.txt,32,RKPSO,1301508,3200,0,NaN,NaN,NaN,NaN,3149.3173,1051.9633,NaN,NaN,0,0,0,0,0,3200
rc_202.1.txt,32,LateOnly,1301508,3200,0,NaN,NaN,NaN,NaN,0.0135000000000218,904.8776,NaN,NaN,1922,25,0,0,0,3200
rc_202.1.txt,32,LateTo2Opt,1301508,3200,0,NaN,NaN,NaN,NaN,0.0135000000000218,904.8776,NaN,NaN,1922,25,0,0,0,3200
rc_202.1.txt,32,AlwaysVND,1301508,3200,0,NaN,NaN,NaN,NaN,265.3232,847.4259,NaN,NaN,0,0,46,7,4,3200
rc_202.1.txt,32,FB-CMPSO,1301508,3200,0,NaN,NaN,NaN,NaN,0.0135000000000218,904.8776,NaN,NaN,1922,25,0,0,0,3200
rc_202.1.txt,32,RKPSO,1301509,3200,0,NaN,NaN,NaN,NaN,1457.0145,941.6267,NaN,NaN,0,0,0,0,0,3200
rc_202.1.txt,32,LateOnly,1301509,3200,0,NaN,NaN,NaN,NaN,143.2331,946.9121,NaN,NaN,1922,26,0,0,0,3200
rc_202.1.txt,32,LateTo2Opt,1301509,3200,0,NaN,NaN,NaN,NaN,143.2331,946.9121,NaN,NaN,1922,26,0,0,0,3200
rc_202.1.txt,32,AlwaysVND,1301509,3200,0,NaN,NaN,NaN,NaN,54.6181999999999,856.7362,NaN,NaN,0,0,35,13,5,3200
rc_202.1.txt,32,FB-CMPSO,1301509,3200,0,NaN,NaN,NaN,NaN,143.2331,946.9121,NaN,NaN,1922,26,0,0,0,3200
rc_202.1.txt,32,RKPSO,1301510,3200,0,NaN,NaN,NaN,NaN,4746.8056,989.8332,NaN,NaN,0,0,0,0,0,3200
rc_202.1.txt,32,LateOnly,1301510,3200,0,NaN,NaN,NaN,NaN,13.4522000000001,817.0212,NaN,NaN,1922,20,0,0,0,3200
rc_202.1.txt,32,LateTo2Opt,1301510,3200,0,NaN,NaN,NaN,NaN,13.4522000000001,817.0212,NaN,NaN,1922,20,0,0,0,3200
rc_202.1.txt,32,AlwaysVND,1301510,3200,0,NaN,NaN,NaN,NaN,2846.5592,931.2011,NaN,NaN,0,0,37,16,1,3200
rc_202.1.txt,32,FB-CMPSO,1301510,3200,0,NaN,NaN,NaN,NaN,13.4522000000001,817.0212,NaN,NaN,1922,20,0,0,0,3200
rc_202.1.txt,32,RKPSO,1301511,3200,0,NaN,NaN,NaN,NaN,3876.9484,1097.569,NaN,NaN,0,0,0,0,0,3200
rc_202.1.txt,32,LateOnly,1301511,3200,0,NaN,NaN,NaN,NaN,2326.4483,1089.6104,NaN,NaN,1922,11,0,0,0,3200
rc_202.1.txt,32,LateTo2Opt,1301511,3200,0,NaN,NaN,NaN,NaN,2326.4483,1089.6104,NaN,NaN,1922,11,0,0,0,3200
rc_202.1.txt,32,AlwaysVND,1301511,3200,0,NaN,NaN,NaN,NaN,155.7649,894.2211,NaN,NaN,0,0,51,12,2,3200
rc_202.1.txt,32,FB-CMPSO,1301511,3200,0,NaN,NaN,NaN,NaN,2326.4483,1089.6104,NaN,NaN,1922,11,0,0,0,3200
rc_202.1.txt,32,RKPSO,1301512,3200,0,NaN,NaN,NaN,NaN,2744.3666,1117.7339,NaN,NaN,0,0,0,0,0,3200
rc_202.1.txt,32,LateOnly,1301512,3200,0,NaN,NaN,NaN,NaN,79.4583999999999,908.0815,NaN,NaN,1922,20,0,0,0,3200
rc_202.1.txt,32,LateTo2Opt,1301512,3200,0,NaN,NaN,NaN,NaN,79.4583999999999,908.0815,NaN,NaN,1922,20,0,0,0,3200
rc_202.1.txt,32,AlwaysVND,1301512,3200,0,NaN,NaN,NaN,NaN,83.0053999999998,906.6793,NaN,NaN,0,0,45,10,3,3200
rc_202.1.txt,32,FB-CMPSO,1301512,3200,0,NaN,NaN,NaN,NaN,79.4583999999999,908.0815,NaN,NaN,1922,20,0,0,0,3200
rc_202.1.txt,32,RKPSO,1301513,3200,0,NaN,NaN,NaN,NaN,3103.7931,1019.8988,NaN,NaN,0,0,0,0,0,3200
rc_202.1.txt,32,LateOnly,1301513,3200,0,NaN,NaN,NaN,NaN,119.143,937.6896,NaN,NaN,1922,17,0,0,0,3200
rc_202.1.txt,32,LateTo2Opt,1301513,3200,0,NaN,NaN,NaN,NaN,119.143,937.6896,NaN,NaN,1922,17,0,0,0,3200
rc_202.1.txt,32,AlwaysVND,1301513,3200,0,NaN,NaN,NaN,NaN,95.2763999999999,869.7083,NaN,NaN,0,0,48,6,3,3200
rc_202.1.txt,32,FB-CMPSO,1301513,3200,0,NaN,NaN,NaN,NaN,119.143,937.6896,NaN,NaN,1922,17,0,0,0,3200
rc_202.1.txt,32,RKPSO,1301514,3200,0,NaN,NaN,NaN,NaN,3291.1848,1045.9844,NaN,NaN,0,0,0,0,0,3200
rc_202.1.txt,32,LateOnly,1301514,3200,0,NaN,NaN,NaN,NaN,236.7114,889.2182,NaN,NaN,1922,18,0,0,0,3200
rc_202.1.txt,32,LateTo2Opt,1301514,3200,0,NaN,NaN,NaN,NaN,236.7114,889.2182,NaN,NaN,1922,18,0,0,0,3200
rc_202.1.txt,32,AlwaysVND,1301514,3200,0,NaN,NaN,NaN,NaN,797.5826,860.4307,NaN,NaN,0,0,43,13,3,3200
rc_202.1.txt,32,FB-CMPSO,1301514,3200,0,NaN,NaN,NaN,NaN,236.7114,889.2182,NaN,NaN,1922,18,0,0,0,3200
rc_202.1.txt,32,RKPSO,1301515,3200,0,NaN,NaN,NaN,NaN,3577.3258,1008.531,NaN,NaN,0,0,0,0,0,3200
rc_202.1.txt,32,LateOnly,1301515,3200,0,NaN,NaN,NaN,NaN,9.44170000000008,911.3565,NaN,NaN,1922,34,0,0,0,3200
rc_202.1.txt,32,LateTo2Opt,1301515,3200,0,NaN,NaN,NaN,NaN,9.44170000000008,911.3565,NaN,NaN,1922,34,0,0,0,3200
rc_202.1.txt,32,AlwaysVND,1301515,3200,0,NaN,NaN,NaN,NaN,369.3264,802.2044,NaN,NaN,0,0,57,9,0,3200
rc_202.1.txt,32,FB-CMPSO,1301515,3200,0,NaN,NaN,NaN,NaN,9.44170000000008,911.3565,NaN,NaN,1922,34,0,0,0,3200
rc_202.1.txt,32,RKPSO,1301516,3200,0,NaN,NaN,NaN,NaN,3076.7016,998.1633,NaN,NaN,0,0,0,0,0,3200
rc_202.1.txt,32,LateOnly,1301516,3200,0,NaN,NaN,NaN,NaN,111.1292,890.1862,NaN,NaN,1922,19,0,0,0,3200
rc_202.1.txt,32,LateTo2Opt,1301516,3200,0,NaN,NaN,NaN,NaN,111.1292,890.1862,NaN,NaN,1922,19,0,0,0,3200
rc_202.1.txt,32,AlwaysVND,1301516,3200,1,3071,3091,0.98599999999999,0.00904587155963294,0,846.0604,847.0464,0.0962455622068468,0,0,47,10,1,3200
rc_202.1.txt,32,FB-CMPSO,1301516,3200,0,NaN,NaN,NaN,NaN,111.1292,890.1862,NaN,NaN,1922,19,0,0,0,3200
rc_202.1.txt,32,RKPSO,1301517,3200,0,NaN,NaN,NaN,NaN,5308.675,1155.0845,NaN,NaN,0,0,0,0,0,3200
rc_202.1.txt,32,LateOnly,1301517,3200,0,NaN,NaN,NaN,NaN,128.0986,912.8689,NaN,NaN,1922,25,0,0,0,3200
rc_202.1.txt,32,LateTo2Opt,1301517,3200,0,NaN,NaN,NaN,NaN,128.0986,912.8689,NaN,NaN,1922,25,0,0,0,3200
rc_202.1.txt,32,AlwaysVND,1301517,3200,0,NaN,NaN,NaN,NaN,104.2465,955.8515,NaN,NaN,0,0,52,10,1,3200
rc_202.1.txt,32,FB-CMPSO,1301517,3200,0,NaN,NaN,NaN,NaN,128.0986,912.8689,NaN,NaN,1922,25,0,0,0,3200
rc_202.1.txt,32,RKPSO,1301518,3200,0,NaN,NaN,NaN,NaN,3798.4677,1048.6017,NaN,NaN,0,0,0,0,0,3200
rc_202.1.txt,32,LateOnly,1301518,3200,1,2404,2437,97.4631999999999,0.127736828309305,0,849.0278,946.491,0.100090440280909,1922,35,0,0,0,3200
rc_202.1.txt,32,LateTo2Opt,1301518,3200,1,2404,2437,89.3387,0.11708872870249,0,857.1523,946.491,0.110617403923398,1457,27,4,0,0,3200
rc_202.1.txt,32,AlwaysVND,1301518,3200,0,NaN,NaN,NaN,NaN,606.7016,884.0504,NaN,NaN,0,0,56,5,2,3200
rc_202.1.txt,32,FB-CMPSO,1301518,3200,1,2404,2437,113.0816,0.148206553079948,0,833.4094,946.491,0.0798535852185858,1457,27,3,1,3,3200
rc_202.1.txt,32,RKPSO,1301519,3200,0,NaN,NaN,NaN,NaN,2733.2923,949.5968,NaN,NaN,0,0,0,0,0,3200
rc_202.1.txt,32,LateOnly,1301519,3200,0,NaN,NaN,NaN,NaN,52.6987,948.3711,NaN,NaN,1922,25,0,0,0,3200
rc_202.1.txt,32,LateTo2Opt,1301519,3200,0,NaN,NaN,NaN,NaN,52.6987,948.3711,NaN,NaN,1922,25,0,0,0,3200
rc_202.1.txt,32,AlwaysVND,1301519,3200,0,NaN,NaN,NaN,NaN,461.5405,942.6083,NaN,NaN,0,0,48,11,1,3200
rc_202.1.txt,32,FB-CMPSO,1301519,3200,0,NaN,NaN,NaN,NaN,52.6987,948.3711,NaN,NaN,1922,25,0,0,0,3200
rc_202.1.txt,32,RKPSO,1301520,3200,0,NaN,NaN,NaN,NaN,2107.4034,1061.2074,NaN,NaN,0,0,0,0,0,3200
rc_202.1.txt,32,LateOnly,1301520,3200,0,NaN,NaN,NaN,NaN,104.9101,932.1157,NaN,NaN,1922,26,0,0,0,3200
rc_202.1.txt,32,LateTo2Opt,1301520,3200,0,NaN,NaN,NaN,NaN,104.9101,932.1157,NaN,NaN,1922,26,0,0,0,3200
rc_202.1.txt,32,AlwaysVND,1301520,3200,0,NaN,NaN,NaN,NaN,390.845,881.4748,NaN,NaN,0,0,48,10,4,3200
rc_202.1.txt,32,FB-CMPSO,1301520,3200,0,NaN,NaN,NaN,NaN,104.9101,932.1157,NaN,NaN,1922,26,0,0,0,3200
rc_202.1.txt,32,RKPSO,1301521,3200,0,NaN,NaN,NaN,NaN,3245.58,1022.5378,NaN,NaN,0,0,0,0,0,3200
rc_202.1.txt,32,LateOnly,1301521,3200,0,NaN,NaN,NaN,NaN,306.5151,975.7106,NaN,NaN,1922,21,0,0,0,3200
rc_202.1.txt,32,LateTo2Opt,1301521,3200,0,NaN,NaN,NaN,NaN,306.5151,975.7106,NaN,NaN,1922,21,0,0,0,3200
rc_202.1.txt,32,AlwaysVND,1301521,3200,0,NaN,NaN,NaN,NaN,426.4872,961.305,NaN,NaN,0,0,43,8,4,3200
rc_202.1.txt,32,FB-CMPSO,1301521,3200,0,NaN,NaN,NaN,NaN,306.5151,975.7106,NaN,NaN,1922,21,0,0,0,3200
rc_202.1.txt,32,RKPSO,1301522,3200,0,NaN,NaN,NaN,NaN,2699.0475,992.8278,NaN,NaN,0,0,0,0,0,3200
rc_202.1.txt,32,LateOnly,1301522,3200,0,NaN,NaN,NaN,NaN,50.6718999999998,889.3407,NaN,NaN,1922,20,0,0,0,3200
rc_202.1.txt,32,LateTo2Opt,1301522,3200,0,NaN,NaN,NaN,NaN,50.6718999999998,889.3407,NaN,NaN,1922,20,0,0,0,3200
rc_202.1.txt,32,AlwaysVND,1301522,3200,0,NaN,NaN,NaN,NaN,57.7339999999999,873.7896,NaN,NaN,0,0,42,11,3,3200
rc_202.1.txt,32,FB-CMPSO,1301522,3200,0,NaN,NaN,NaN,NaN,50.6718999999998,889.3407,NaN,NaN,1922,20,0,0,0,3200
rc_202.1.txt,32,RKPSO,1301523,3200,0,NaN,NaN,NaN,NaN,1196.4136,861.4343,NaN,NaN,0,0,0,0,0,3200
rc_202.1.txt,32,LateOnly,1301523,3200,0,NaN,NaN,NaN,NaN,33.3451999999998,870.7534,NaN,NaN,1922,18,0,0,0,3200
rc_202.1.txt,32,LateTo2Opt,1301523,3200,0,NaN,NaN,NaN,NaN,33.3451999999998,870.7534,NaN,NaN,1922,18,0,0,0,3200
rc_202.1.txt,32,AlwaysVND,1301523,3200,0,NaN,NaN,NaN,NaN,349.7545,921.5909,NaN,NaN,0,0,44,13,3,3200
rc_202.1.txt,32,FB-CMPSO,1301523,3200,0,NaN,NaN,NaN,NaN,33.3451999999998,870.7534,NaN,NaN,1922,18,0,0,0,3200
rc_202.1.txt,32,RKPSO,1301524,3200,0,NaN,NaN,NaN,NaN,2041.3705,1033.319,NaN,NaN,0,0,0,0,0,3200
rc_202.1.txt,32,LateOnly,1301524,3200,1,3082,3100,0,0,0,955.0821,955.0821,0.237505636321232,1922,22,0,0,0,3200
rc_202.1.txt,32,LateTo2Opt,1301524,3200,1,3082,3100,3.00380000000007,0.0300380000000007,0,952.0783,955.0821,0.233613594547669,1860,22,1,0,0,3200
rc_202.1.txt,32,AlwaysVND,1301524,3200,0,NaN,NaN,NaN,NaN,6.56690000000003,809.5995,NaN,NaN,0,0,37,11,2,3200
rc_202.1.txt,32,FB-CMPSO,1301524,3200,1,3082,3100,47.2666999999999,0.472666999999999,0,907.8154,955.0821,0.176261888102828,1860,22,1,1,0,3200
rc_202.1.txt,32,RKPSO,1301525,3200,0,NaN,NaN,NaN,NaN,2786.9833,908.8985,NaN,NaN,0,0,0,0,0,3200
rc_202.1.txt,32,LateOnly,1301525,3200,0,NaN,NaN,NaN,NaN,82.1915999999999,915.9156,NaN,NaN,1922,20,0,0,0,3200
rc_202.1.txt,32,LateTo2Opt,1301525,3200,0,NaN,NaN,NaN,NaN,82.1915999999999,915.9156,NaN,NaN,1922,20,0,0,0,3200
rc_202.1.txt,32,AlwaysVND,1301525,3200,0,NaN,NaN,NaN,NaN,332.9821,869.1951,NaN,NaN,0,0,44,10,0,3200
rc_202.1.txt,32,FB-CMPSO,1301525,3200,0,NaN,NaN,NaN,NaN,82.1915999999999,915.9156,NaN,NaN,1922,20,0,0,0,3200
rc_202.1.txt,32,RKPSO,1301526,3200,0,NaN,NaN,NaN,NaN,1710.7916,922.0519,NaN,NaN,0,0,0,0,0,3200
rc_202.1.txt,32,LateOnly,1301526,3200,0,NaN,NaN,NaN,NaN,12.0508,892.9376,NaN,NaN,1922,27,0,0,0,3200
rc_202.1.txt,32,LateTo2Opt,1301526,3200,0,NaN,NaN,NaN,NaN,12.0508,892.9376,NaN,NaN,1922,27,0,0,0,3200
rc_202.1.txt,32,AlwaysVND,1301526,3200,0,NaN,NaN,NaN,NaN,736.5578,880.4447,NaN,NaN,0,0,47,9,3,3200
rc_202.1.txt,32,FB-CMPSO,1301526,3200,0,NaN,NaN,NaN,NaN,12.0508,892.9376,NaN,NaN,1922,27,0,0,0,3200
rc_202.1.txt,32,RKPSO,1301527,3200,0,NaN,NaN,NaN,NaN,5349.6592,1036.6196,NaN,NaN,0,0,0,0,0,3200
rc_202.1.txt,32,LateOnly,1301527,3200,0,NaN,NaN,NaN,NaN,61.6957,883.6685,NaN,NaN,1922,19,0,0,0,3200
rc_202.1.txt,32,LateTo2Opt,1301527,3200,0,NaN,NaN,NaN,NaN,61.6957,883.6685,NaN,NaN,1922,19,0,0,0,3200
rc_202.1.txt,32,AlwaysVND,1301527,3200,0,NaN,NaN,NaN,NaN,1339.0152,1015.5034,NaN,NaN,0,0,36,11,3,3200
rc_202.1.txt,32,FB-CMPSO,1301527,3200,0,NaN,NaN,NaN,NaN,61.6957,883.6685,NaN,NaN,1922,19,0,0,0,3200
rc_202.1.txt,32,RKPSO,1301528,3200,0,NaN,NaN,NaN,NaN,4760.9088,1058.4951,NaN,NaN,0,0,0,0,0,3200
rc_202.1.txt,32,LateOnly,1301528,3200,0,NaN,NaN,NaN,NaN,67.6908000000001,940.5684,NaN,NaN,1922,27,0,0,0,3200
rc_202.1.txt,32,LateTo2Opt,1301528,3200,0,NaN,NaN,NaN,NaN,67.6908000000001,940.5684,NaN,NaN,1922,27,0,0,0,3200
rc_202.1.txt,32,AlwaysVND,1301528,3200,0,NaN,NaN,NaN,NaN,515.4946,917.3329,NaN,NaN,0,0,49,9,4,3200
rc_202.1.txt,32,FB-CMPSO,1301528,3200,0,NaN,NaN,NaN,NaN,67.6908000000001,940.5684,NaN,NaN,1922,27,0,0,0,3200
rc_202.1.txt,32,RKPSO,1301529,3200,0,NaN,NaN,NaN,NaN,2888.1725,973.5927,NaN,NaN,0,0,0,0,0,3200
rc_202.1.txt,32,LateOnly,1301529,3200,0,NaN,NaN,NaN,NaN,39.4360000000003,935.4307,NaN,NaN,1922,16,0,0,0,3200
rc_202.1.txt,32,LateTo2Opt,1301529,3200,0,NaN,NaN,NaN,NaN,39.4360000000003,935.4307,NaN,NaN,1922,16,0,0,0,3200
rc_202.1.txt,32,AlwaysVND,1301529,3200,0,NaN,NaN,NaN,NaN,72.8747999999999,910.4438,NaN,NaN,0,0,45,11,3,3200
rc_202.1.txt,32,FB-CMPSO,1301529,3200,0,NaN,NaN,NaN,NaN,39.4360000000003,935.4307,NaN,NaN,1922,16,0,0,0,3200
rc_202.1.txt,32,RKPSO,1301530,3200,0,NaN,NaN,NaN,NaN,3622.159,1114.7176,NaN,NaN,0,0,0,0,0,3200
rc_202.1.txt,32,LateOnly,1301530,3200,0,NaN,NaN,NaN,NaN,8.01549999999997,869.091,NaN,NaN,1922,28,0,0,0,3200
rc_202.1.txt,32,LateTo2Opt,1301530,3200,0,NaN,NaN,NaN,NaN,8.01549999999997,869.091,NaN,NaN,1922,28,0,0,0,3200
rc_202.1.txt,32,AlwaysVND,1301530,3200,0,NaN,NaN,NaN,NaN,76.5731999999999,866.9932,NaN,NaN,0,0,59,7,3,3200
rc_202.1.txt,32,FB-CMPSO,1301530,3200,0,NaN,NaN,NaN,NaN,8.01549999999997,869.091,NaN,NaN,1922,28,0,0,0,3200
rc_202.2.txt,13,RKPSO,1301601,1300,1,91,NaN,0,0,0,310.5856,409.8906,0.0211928717038207,0,0,0,0,0,1300
rc_202.2.txt,13,LateOnly,1301601,1300,1,74,104,146.658,0.122623745819398,0,308.075,551.4387,0.012938120602354,480,10,0,0,0,1300
rc_202.2.txt,13,LateTo2Opt,1301601,1300,1,74,104,92.17,0.0770652173913043,0,362.563,551.4387,0.192092457420925,24,2,5,0,0,1300
rc_202.2.txt,13,AlwaysVND,1301601,1300,1,101,152,33.4163000000001,0.0291082752613241,0,308.075,431.4047,0.012938120602354,0,0,11,2,0,1300
rc_202.2.txt,13,FB-CMPSO,1301601,1300,1,74,104,146.658,0.122623745819398,0,308.075,551.4387,0.012938120602354,24,2,6,3,2,1300
rc_202.2.txt,13,RKPSO,1301602,1300,1,20,NaN,0,0,0,378.9305,558.0341,0.245908134411784,0,0,0,0,0,1300
rc_202.2.txt,13,LateOnly,1301602,1300,1,20,40,188.1929,0.149359444444444,0,369.8412,558.0341,0.216022884198067,480,10,0,0,0,1300
rc_202.2.txt,13,LateTo2Opt,1301602,1300,1,20,40,183.6892,0.145785079365079,0,374.3449,558.0341,0.230830867363714,0,0,7,0,0,1300
rc_202.2.txt,13,AlwaysVND,1301602,1300,1,20,40,194.6438,0.154479206349206,0,363.3903,558.0341,0.194812586308937,0,0,9,4,1,1300
rc_202.2.txt,13,FB-CMPSO,1301602,1300,1,20,40,194.6438,0.154479206349206,0,363.3903,558.0341,0.194812586308937,0,0,9,4,1,1300
rc_202.2.txt,13,RKPSO,1301603,1300,1,102,NaN,0,0,0,388.2761,423.3843,0.276636088643388,0,0,0,0,0,1300
rc_202.2.txt,13,LateOnly,1301603,1300,1,81,104,111.3434,0.0930964882943144,0,304.1418,442.5441,5.91832708640677e-06,480,6,0,0,0,1300
rc_202.2.txt,13,LateTo2Opt,1301603,1300,1,81,104,27.2091,0.0227500836120401,0,388.2761,442.5441,0.276636088643388,24,2,3,0,0,1300
rc_202.2.txt,13,AlwaysVND,1301603,1300,1,92,96,159.5421,0.132510049833887,0,310.3238,469.8659,0.0203320839087263,0,0,6,3,2,1300
rc_202.2.txt,13,FB-CMPSO,1301603,1300,1,81,104,52.0949,0.0435576086956522,0,363.3903,442.5441,0.194812586308937,24,2,4,1,2,1300
rc_202.2.txt,13,RKPSO,1301604,1300,1,79,NaN,0,0,0,389.3983,585.3914,0.280325836785691,0,0,0,0,0,1300
rc_202.2.txt,13,LateOnly,1301604,1300,1,49,72,160.9968,0.131104885993485,0,363.0791,524.0759,0.193789373314921,480,8,0,0,0,1300
rc_202.2.txt,13,LateTo2Opt,1301604,1300,1,49,72,158.5309,0.129096824104235,0,365.545,524.0759,0.20189715262708,12,1,6,0,0,1300
rc_202.2.txt,13,AlwaysVND,1301604,1300,1,66,96,132.0196,0.109650830564784,0,363.0791,542.4782,0.193789373314921,0,0,9,4,3,1300
rc_202.2.txt,13,FB-CMPSO,1301604,1300,1,49,72,158.5309,0.129096824104235,0,365.545,524.0759,0.20189715262708,12,1,12,1,1,1300
rc_202.2.txt,13,RKPSO,1301605,1300,1,56,NaN,0,0,0,410.8932,554.4596,0.35100019727757,0,0,0,0,0,1300
rc_202.2.txt,13,LateOnly,1301605,1300,1,89,104,141.1627,0.118029013377926,0,370.1837,511.3464,0.217149010324193,480,7,0,0,0,1300
rc_202.2.txt,13,LateTo2Opt,1301605,1300,1,89,104,117.3718,0.0981369565217391,0,393.9746,511.3464,0.295372525810482,24,2,7,0,0,1300
rc_202.2.txt,13,AlwaysVND,1301605,1300,1,65,96,139.0744,0.115510299003322,0,365.1047,504.1791,0.200449464062603,0,0,11,2,2,1300
rc_202.2.txt,13,FB-CMPSO,1301605,1300,1,89,104,206.4662,0.172630602006689,0,304.8802,511.3464,0.00243374761622942,24,2,8,6,4,1300
rc_202.2.txt,13,RKPSO,1301606,1300,1,94,NaN,0,0,0,384.7136,557.9275,0.26492273295193,0,0,0,0,0,1300
rc_202.2.txt,13,LateOnly,1301606,1300,1,44,72,200.6637,0.163406921824104,0,363.3903,564.5988,0.194812586308937,480,9,0,0,0,1300
rc_202.2.txt,13,LateTo2Opt,1301606,1300,1,44,72,192.5349,0.156787377850163,0,371.5191,564.5988,0.221539751430262,12,1,10,0,0,1300
rc_202.2.txt,13,AlwaysVND,1301606,1300,1,129,152,254.4985,0.221688588850174,0,314.864,569.3625,0.0352600775958442,0,0,14,6,2,1300
rc_202.2.txt,13,FB-CMPSO,1301606,1300,1,44,72,255.979,0.208451954397394,0,308.075,564.5988,0.012938120602354,12,1,9,4,2,1300
rc_202.2.txt,13,RKPSO,1301607,1300,1,203,NaN,0,0,0,372.8269,548.0034,0.225839744854343,0,0,0,0,0,1300
rc_202.2.txt,13,LateOnly,1301607,1300,1,112,136,13.048,0.0112096219931271,0,307.2598,320.3078,0.0102577760241994,480,5,0,0,0,1300
rc_202.2.txt,13,LateTo2Opt,1301607,1300,1,112,136,16.1659999999999,0.0138883161512027,0,304.1418,320.3078,5.91832708640677e-06,36,1,3,0,0,1300
rc_202.2.txt,13,AlwaysVND,1301607,1300,1,105,152,117.9839,0.102773432055749,0,308.075,431.0281,0.012938120602354,0,0,13,3,1,1300
rc_202.2.txt,13,FB-CMPSO,1301607,1300,1,112,136,15.4276,0.0132539518900343,0,304.8802,320.3078,0.00243374761622942,36,1,2,2,1,1300
rc_202.2.txt,13,RKPSO,1301608,1300,1,147,NaN,0,0,0,439.0262,579.9619,0.443500361675544,0,0,0,0,0,1300
rc_202.2.txt,13,LateOnly,1301608,1300,1,106,136,128.2966,0.110220446735395,0,369.8412,519.5599,0.216022884198067,480,9,0,0,0,1300
rc_202.2.txt,13,LateTo2Opt,1301608,1300,1,106,136,113.3456,0.0973759450171821,0,384.7922,519.5599,0.265181166568028,36,3,4,0,0,1300
rc_202.2.txt,13,AlwaysVND,1301608,1300,1,109,152,93.0737,0.0810746515679443,0,365.1047,522.4144,0.200449464062603,0,0,10,4,2,1300
rc_202.2.txt,13,FB-CMPSO,1301608,1300,1,106,136,135.0587,0.116029810996564,0,363.0791,519.5599,0.193789373314921,36,3,4,3,1,1300
rc_202.2.txt,13,RKPSO,1301609,1300,1,55,NaN,0,0,0,372.9317,405.9032,0.22618432300914,0,0,0,0,0,1300
rc_202.2.txt,13,LateOnly,1301609,1300,1,44,72,144.4061,0.117594543973941,0,310.5856,458.7643,0.0211928717038207,480,9,0,0,0,1300
rc_202.2.txt,13,LateTo2Opt,1301609,1300,1,44,72,81.1002999999999,0.0660425895765471,0,373.8914,458.7643,0.229339777733938,12,1,5,0,0,1300
rc_202.2.txt,13,AlwaysVND,1301609,1300,1,47,96,93.2682,0.0774652823920266,0,308.075,473.7202,0.012938120602354,0,0,11,3,3,1300
rc_202.2.txt,13,FB-CMPSO,1301609,1300,1,44,72,91.6013999999999,0.074593973941368,0,363.3903,458.7643,0.194812586308937,12,1,7,2,1,1300
rc_202.2.txt,13,RKPSO,1301610,1300,1,57,NaN,0,0,0,449.6397,513.717,0.478397119747485,0,0,0,0,0,1300
rc_202.2.txt,13,LateOnly,1301610,1300,1,69,72,123.4207,0.100505456026059,0,392.7875,516.2082,0.291469389097126,480,8,0,0,0,1300
rc_202.2.txt,13,LateTo2Opt,1301610,1300,1,69,72,128.3297,0.104503013029316,0,387.8785,516.2082,0.275328795949234,12,1,7,0,0,1300
rc_202.2.txt,13,AlwaysVND,1301610,1300,1,93,96,125.4438,0.104189202657807,0,363.0791,488.5229,0.193789373314921,0,0,9,2,1,1300
rc_202.2.txt,13,FB-CMPSO,1301610,1300,1,69,72,152.8179,0.124444543973941,0,363.3903,516.2082,0.194812586308937,12,1,5,3,3,1300
rc_202.2.txt,13,RKPSO,1301611,1300,1,122,NaN,0,0,0,365.4309,437.5369,0.201521996449004,0,0,0,0,0,1300
rc_202.2.txt,13,LateOnly,1301611,1300,1,143,168,55.9263,0.0494048586572438,0,348.7562,404.6825,0.146696258302098,480,9,0,0,0,1300
rc_202.2.txt,13,LateTo2Opt,1301611,1300,1,143,168,94.3587,0.08335574204947,0,310.3238,404.6825,0.0203320839087263,48,3,7,0,0,1300
rc_202.2.txt,13,AlwaysVND,1301611,1300,1,139,152,120.7903,0.105218031358885,0,308.075,428.8653,0.012938120602354,0,0,15,0,1,1300
rc_202.2.txt,13,FB-CMPSO,1301611,1300,1,143,168,96.6075000000001,0.0853423144876326,0,308.075,404.6825,0.012938120602354,48,3,5,4,3,1300
rc_202.2.txt,13,RKPSO,1301612,1300,1,76,NaN,0,0,0,409.1766,613.6923,0.34535608601302,0,0,0,0,0,1300
rc_202.2.txt,13,LateOnly,1301612,1300,1,80,104,93.8559,0.0784748327759197,0,363.0791,461.4816,0.193789373314921,480,9,0,0,0,1300
rc_202.2.txt,13,LateTo2Opt,1301612,1300,1,80,104,91.9922,0.0769165551839465,0,364.9428,461.4816,0.199917143420793,24,2,6,0,0,1300
rc_202.2.txt,13,AlwaysVND,1301612,1300,1,58,96,101.6968,0.084465780730897,0,304.1418,407.7773,5.91832708640677e-06,0,0,7,5,4,1300
rc_202.2.txt,13,FB-CMPSO,1301612,1300,1,80,104,148.86,0.124464882943144,0,308.075,461.4816,0.012938120602354,24,2,3,2,4,1300
rc_202.2.txt,13,RKPSO,1301613,1300,1,101,NaN,0,0,0,396.9272,504.0516,0.305080555007562,0,0,0,0,0,1300
rc_202.2.txt,13,LateOnly,1301613,1300,1,81,104,166.3358,0.139076755852843,0,365.1047,552.1585,0.200449464062603,480,9,0,0,0,1300
rc_202.2.txt,13,LateTo2Opt,1301613,1300,1,81,104,143.1644,0.119702675585284,0,388.2761,552.1585,0.276636088643388,24,2,6,0,0,1300
rc_202.2.txt,13,AlwaysVND,1301613,1300,1,73,96,167.2435,0.138906561461794,0,365.1047,532.3482,0.200449464062603,0,0,12,7,1,1300
rc_202.2.txt,13,FB-CMPSO,1301613,1300,1,81,104,223.3655,0.186760451505017,0,308.075,552.1585,0.012938120602354,24,2,12,6,4,1300
rc_202.2.txt,13,RKPSO,1301614,1300,1,101,NaN,0,0,0,408.5513,531.6869,0.343300124942461,0,0,0,0,0,1300
rc_202.2.txt,13,LateOnly,1301614,1300,1,81,104,120.3065,0.100590719063545,0,382.7752,503.0817,0.25854935227198,480,11,0,0,0,1300
rc_202.2.txt,13,LateTo2Opt,1301614,1300,1,81,104,128.7348,0.10763779264214,0,374.3469,503.0817,0.230837443282699,24,2,8,0,0,1300
rc_202.2.txt,13,AlwaysVND,1301614,1300,1,199,208,81.5791,0.0747061355311356,0,365.1047,480.3965,0.200449464062603,0,0,6,6,4,1300
rc_202.2.txt,13,FB-CMPSO,1301614,1300,1,81,104,145.9971,0.122071153846154,0,357.0846,503.0817,0.174079700138094,24,2,6,6,3,1300
rc_202.2.txt,13,RKPSO,1301615,1300,1,87,NaN,0,0,0,389.9253,483.4045,0.282058591438154,0,0,0,0,0,1300
rc_202.2.txt,13,LateOnly,1301615,1300,1,58,72,113.5041,0.0924300488599349,0,402.125,515.6291,0.322170710856842,480,6,0,0,0,1300
rc_202.2.txt,13,LateTo2Opt,1301615,1300,1,58,72,126.7961,0.103254153094463,0,388.833,515.6291,0.278467153284671,12,1,8,0,0,1300
rc_202.2.txt,13,AlwaysVND,1301615,1300,1,76,96,130.0495,0.108014534883721,0,310.4546,530.3241,0.0207621490103243,0,0,12,5,6,1300
rc_202.2.txt,13,FB-CMPSO,1301615,1300,1,58,72,207.5541,0.169017996742671,0,308.075,515.6291,0.012938120602354,12,1,8,7,2,1300
rc_202.2.txt,13,RKPSO,1301616,1300,1,70,NaN,0,0,0,374.6752,570.3815,0.231916880384034,0,0,0,0,0,1300
rc_202.2.txt,13,LateOnly,1301616,1300,1,46,72,216.6578,0.176431433224756,0,308.075,524.7328,0.012938120602354,480,7,0,0,0,1300
rc_202.2.txt,13,LateTo2Opt,1301616,1300,1,46,72,150.1427,0.122266042345277,0,374.5901,524.7328,0.231637075031236,12,1,7,0,0,1300
rc_202.2.txt,13,AlwaysVND,1301616,1300,1,49,96,97.1215,0.0806656976744186,0,360.3336,528.2153,0.184762280528704,0,0,7,3,3,1300
rc_202.2.txt,13,FB-CMPSO,1301616,1300,1,46,72,159.1878,0.129631758957655,0,365.545,524.7328,0.20189715262708,12,1,3,3,3,1300
rc_202.2.txt,13,RKPSO,1301617,1300,1,103,NaN,0,0,0,432.1254,499.6734,0.420810810810811,0,0,0,0,0,1300
rc_202.2.txt,13,LateOnly,1301617,1300,1,41,72,102.9692,0.0838511400651466,0,363.0791,502.9733,0.193789373314921,480,5,0,0,0,1300
rc_202.2.txt,13,LateTo2Opt,1301617,1300,1,41,72,102.9692,0.0838511400651466,0,363.0791,502.9733,0.193789373314921,12,1,6,0,0,1300
rc_202.2.txt,13,AlwaysVND,1301617,1300,1,56,96,149.8859,0.124489950166113,0,365.545,530.8022,0.20189715262708,0,0,11,3,2,1300
rc_202.2.txt,13,FB-CMPSO,1301617,1300,1,41,72,102.9692,0.0838511400651466,0,363.0791,502.9733,0.193789373314921,12,1,5,0,1,1300
rc_202.2.txt,13,RKPSO,1301618,1300,1,95,NaN,0,0,0,375.4663,513.5396,0.234517985138423,0,0,0,0,0,1300
rc_202.2.txt,13,LateOnly,1301618,1300,1,56,72,217.4291,0.177059527687296,0,308.075,525.5041,0.012938120602354,480,8,0,0,0,1300
rc_202.2.txt,13,LateTo2Opt,1301618,1300,1,56,72,165.1705,0.134503664495114,0,360.3336,525.5041,0.184762280528704,12,1,7,0,0,1300
rc_202.2.txt,13,AlwaysVND,1301618,1300,1,101,152,62.092,0.0540871080139373,0,360.3336,482.3083,0.184762280528704,0,0,14,0,0,1300
rc_202.2.txt,13,FB-CMPSO,1301618,1300,1,56,72,173.3041,0.141127117263844,0,352.2,525.5041,0.158019333201815,12,1,4,2,2,1300
rc_202.2.txt,13,RKPSO,1301619,1300,1,8,NaN,0,0,0,407.0743,544.7752,0.338443808772276,0,0,0,0,0,1300
rc_202.2.txt,13,LateOnly,1301619,1300,1,8,40,181.6961,0.144203253968254,0,363.0791,544.7752,0.193789373314921,480,9,0,0,0,1300
rc_202.2.txt,13,LateTo2Opt,1301619,1300,1,8,40,173.0037,0.137304523809524,0,371.7715,544.7752,0.222369632406129,0,0,9,0,0,1300
rc_202.2.txt,13,AlwaysVND,1301619,1300,1,8,40,236.7002,0.187857301587302,0,308.075,544.7752,0.012938120602354,0,0,4,1,3,1300
rc_202.2.txt,13,FB-CMPSO,1301619,1300,1,8,40,236.7002,0.187857301587302,0,308.075,544.7752,0.012938120602354,0,0,4,1,3,1300
rc_202.2.txt,13,RKPSO,1301620,1300,1,54,NaN,0,0,0,371.6112,587.3033,0.221842572499507,0,0,0,0,0,1300
rc_202.2.txt,13,LateOnly,1301620,1300,1,64,72,184.766,0.150460912052117,0,363.0791,547.8451,0.193789373314921,480,6,0,0,0,1300
rc_202.2.txt,13,LateTo2Opt,1301620,1300,1,64,72,166.7569,0.135795521172638,0,381.0882,547.8451,0.253002564608404,12,1,7,0,0,1300
rc_202.2.txt,13,AlwaysVND,1301620,1300,1,108,152,103.3602,0.0900350174216028,0,363.3903,470.7112,0.194812586308937,0,0,6,5,2,1300
rc_202.2.txt,13,FB-CMPSO,1301620,1300,1,64,72,184.766,0.150460912052117,0,363.0791,547.8451,0.193789373314921,12,1,8,5,2,1300
rc_202.2.txt,13,RKPSO,1301621,1300,1,96,NaN,0,0,0,376.6725,422.9352,0.238483921878082,0,0,0,0,0,1300
rc_202.2.txt,13,LateOnly,1301621,1300,1,44,72,85.8001,0.0698697882736156,0,365.1047,460.9711,0.200449464062603,480,9,0,0,0,1300
rc_202.2.txt,13,LateTo2Opt,1301621,1300,1,44,72,77.9696,0.0634931596091205,0,372.9352,460.9711,0.226195830867364,12,1,3,0,0,1300
rc_202.2.txt,13,AlwaysVND,1301621,1300,1,95,96,21.1709999999999,0.0175838870431893,0,365.1047,386.2757,0.200449464062603,0,0,2,0,5,1300
rc_202.2.txt,13,FB-CMPSO,1301621,1300,1,44,72,80.5170000000001,0.0655675895765473,0,370.3878,460.9711,0.217820082856579,12,1,2,1,2,1300
rc_202.2.txt,13,RKPSO,1301622,1300,1,60,NaN,0,0,0,397.4227,538.2771,0.306709738936016,0,0,0,0,0,1300
rc_202.2.txt,13,LateOnly,1301622,1300,1,77,104,146.779,0.12272491638796,0,348.951,495.73,0.147336752811205,480,8,0,0,0,1300
rc_202.2.txt,13,LateTo2Opt,1301622,1300,1,77,104,106.6503,0.0891724916387961,0,389.0797,495.73,0.279278292891432,24,2,5,0,0,1300
rc_202.2.txt,13,AlwaysVND,1301622,1300,1,65,96,60.3736999999999,0.05014426910299,0,363.3903,427.8824,0.194812586308937,0,0,7,4,3,1300
rc_202.2.txt,13,FB-CMPSO,1301622,1300,1,77,104,187.655,0.156902173913044,0,308.075,495.73,0.012938120602354,24,2,5,2,4,1300
rc_202.2.txt,13,RKPSO,1301623,1300,1,72,NaN,0,0,0,379.6825,528.7251,0.248380679950023,0,0,0,0,0,1300
rc_202.2.txt,13,LateOnly,1301623,1300,1,41,72,174.0254,0.141714495114006,0,392.7875,572.0561,0.291469389097126,480,7,0,0,0,1300
rc_202.2.txt,13,LateTo2Opt,1301623,1300,1,41,72,172.8383,0.140747801302932,0,393.9746,572.0561,0.295372525810482,12,1,6,0,0,1300
rc_202.2.txt,13,AlwaysVND,1301623,1300,1,104,152,140.5654,0.122443728222997,0,363.0791,506.1823,0.193789373314921,0,0,12,7,2,1300
rc_202.2.txt,13,FB-CMPSO,1301623,1300,1,41,72,203.4226,0.165653583061889,0,363.3903,572.0561,0.194812586308937,12,1,8,4,4,1300
rc_202.2.txt,13,RKPSO,1301624,1300,1,112,NaN,0,0,0,407.853,531.852,0.34100414282896,0,0,0,0,0,1300
rc_202.2.txt,13,LateOnly,1301624,1300,1,42,72,128.1412,0.104349511400651,0,371.2242,499.3654,0.220570132175972,480,5,0,0,0,1300
rc_202.2.txt,13,LateTo2Opt,1301624,1300,1,42,72,128.4558,0.104605700325733,0,370.9096,499.3654,0.219535740119682,12,1,7,0,0,1300
rc_202.2.txt,13,AlwaysVND,1301624,1300,1,70,96,149.1387,0.123869352159468,0,363.0791,551.2905,0.193789373314921,0,0,11,3,3,1300
rc_202.2.txt,13,FB-CMPSO,1301624,1300,1,42,72,189.6756,0.154458957654723,0,309.6898,499.3654,0.0182475175905833,12,1,8,2,5,1300
rc_202.2.txt,13,RKPSO,1301625,1300,1,133,NaN,0,0,0,431.0745,490.8948,0.417355494180312,0,0,0,0,0,1300
rc_202.2.txt,13,LateOnly,1301625,1300,1,68,72,228.3999,0.185993403908795,0,363.0791,591.479,0.193789373314921,480,9,0,0,0,1300
rc_202.2.txt,13,LateTo2Opt,1301625,1300,1,68,72,202.5126,0.164912540716612,0,388.9664,591.479,0.278905767080949,12,1,5,0,0,1300
rc_202.2.txt,13,AlwaysVND,1301625,1300,1,92,96,192.2282,0.159657973421927,0,363.3903,555.6185,0.194812586308937,0,0,8,4,3,1300
rc_202.2.txt,13,FB-CMPSO,1301625,1300,1,68,72,228.3999,0.185993403908795,0,363.0791,591.479,0.193789373314921,12,1,4,4,4,1300
rc_202.2.txt,13,RKPSO,1301626,1300,1,84,NaN,0,0,0,367.2651,625.6918,0.207552771749852,0,0,0,0,0,1300
rc_202.2.txt,13,LateOnly,1301626,1300,1,73,104,98.3669,0.0822465719063546,0,363.0791,485.4295,0.193789373314921,480,10,0,0,0,1300
rc_202.2.txt,13,LateTo2Opt,1301626,1300,1,73,104,98.0557,0.0819863712374582,0,363.3903,485.4295,0.194812586308937,24,2,7,0,0,1300
rc_202.2.txt,13,AlwaysVND,1301626,1300,1,71,96,159.1272,0.132165448504983,0,363.3903,522.5175,0.194812586308937,0,0,14,5,0,1300
rc_202.2.txt,13,FB-CMPSO,1301626,1300,1,73,104,98.3669,0.0822465719063546,0,363.0791,485.4295,0.193789373314921,24,2,3,4,2,1300
rc_202.2.txt,13,RKPSO,1301627,1300,1,185,NaN,0,0,0,392.2282,547.9432,0.289630433353061,0,0,0,0,0,1300
rc_202.2.txt,13,LateOnly,1301627,1300,1,103,104,128.3319,0.107300919732441,0,307.2598,435.5917,0.0102577760241994,480,9,0,0,0,1300
rc_202.2.txt,13,LateTo2Opt,1301627,1300,1,103,104,46.9096,0.0392220735785953,0,388.6821,435.5917,0.277971000197278,24,2,5,0,0,1300
rc_202.2.txt,13,AlwaysVND,1301627,1300,1,94,96,66.6609,0.0553661960132891,0,363.0791,429.74,0.193789373314921,0,0,7,2,2,1300
rc_202.2.txt,13,FB-CMPSO,1301627,1300,1,103,104,127.5167,0.106619314381271,0,308.075,435.5917,0.012938120602354,24,2,5,8,3,1300
rc_202.2.txt,13,RKPSO,1301628,1300,1,94,NaN,0,0,0,375.4953,595.5117,0.234613335963701,0,0,0,0,0,1300
rc_202.2.txt,13,LateOnly,1301628,1300,1,42,72,115.8627,0.0943507328990228,0,373.4327,522.0609,0.227831590714802,480,11,0,0,0,1300
rc_202.2.txt,13,LateTo2Opt,1301628,1300,1,42,72,120.9047,0.0984565960912052,0,368.3907,522.0609,0.211253698954429,12,1,7,0,0,1300
rc_202.2.txt,13,AlwaysVND,1301628,1300,1,51,96,186.7037,0.155069518272425,0,310.3238,534.5678,0.0203320839087263,0,0,7,2,3,1300
rc_202.2.txt,13,FB-CMPSO,1301628,1300,1,42,72,124.1907,0.101132491856678,0,365.1047,522.0609,0.200449464062603,12,1,6,3,3,1300
rc_202.2.txt,13,RKPSO,1301629,1300,1,128,NaN,0,0,0,395.8043,505.1903,0.301388505293615,0,0,0,0,0,1300
rc_202.2.txt,13,LateOnly,1301629,1300,1,50,72,192.4415,0.156711319218241,0,363.0791,555.5206,0.193789373314921,480,15,0,0,0,1300
rc_202.2.txt,13,LateTo2Opt,1301629,1300,1,50,72,162.8979,0.132653013029316,0,392.6227,555.5206,0.290927533372789,12,1,8,0,0,1300
rc_202.2.txt,13,AlwaysVND,1301629,1300,1,68,96,128.9149,0.107072176079734,0,363.0791,500.3688,0.193789373314921,0,0,12,2,1,1300
rc_202.2.txt,13,FB-CMPSO,1301629,1300,1,50,72,189.9756,0.15470325732899,0,365.545,555.5206,0.20189715262708,12,1,3,3,2,1300
rc_202.2.txt,13,RKPSO,1301630,1300,1,65,NaN,0,0,0,371.5655,449.6625,0.221692312750707,0,0,0,0,0,1300
rc_202.2.txt,13,LateOnly,1301630,1300,1,41,72,132.6225,0.107998778501629,0,365.1047,497.7272,0.200449464062603,480,10,0,0,0,1300
rc_202.2.txt,13,LateTo2Opt,1301630,1300,1,41,72,126.1617,0.102737540716612,0,371.5655,497.7272,0.221692312750707,12,1,6,0,0,1300
rc_202.2.txt,13,AlwaysVND,1301630,1300,1,59,96,173.4941,0.144098089700997,0,304.1418,483.962,5.91832708640677e-06,0,0,10,4,3,1300
rc_202.2.txt,13,FB-CMPSO,1301630,1300,1,41,72,189.6522,0.15443990228013,0,308.075,497.7272,0.012938120602354,12,1,5,6,2,1300
rc_202.3.txt,28,RKPSO,1301701,2800,0,NaN,NaN,NaN,NaN,8531.4204,960.4188,NaN,NaN,0,0,0,0,0,2800
rc_202.3.txt,28,LateOnly,1301701,2800,1,1493,1497,42.1292999999999,0.0323325402916346,0,856.7588,898.8881,0.0227269254643555,1593,21,0,0,0,2800
rc_202.3.txt,28,LateTo2Opt,1301701,2800,1,1493,1497,44.1494999999999,0.0338829623944742,0,854.7386,898.8881,0.0203153798405195,837,18,3,0,0,2800
rc_202.3.txt,28,AlwaysVND,1301701,2800,0,NaN,NaN,NaN,NaN,507.0332,968.548,NaN,NaN,0,0,33,9,4,2800
rc_202.3.txt,28,FB-CMPSO,1301701,2800,1,1493,1497,44.7419000000001,0.03433760552571,0,854.1462,898.8881,0.0196082223177192,837,18,3,2,2,2800
rc_202.3.txt,28,RKPSO,1301702,2800,0,NaN,NaN,NaN,NaN,4433.988,1139.1571,NaN,NaN,0,0,0,0,0,2800
rc_202.3.txt,28,LateOnly,1301702,2800,0,NaN,NaN,NaN,NaN,123.7996,907.4829,NaN,NaN,1593,22,0,0,0,2800
rc_202.3.txt,28,LateTo2Opt,1301702,2800,0,NaN,NaN,NaN,NaN,123.7996,907.4829,NaN,NaN,1593,22,0,0,0,2800
rc_202.3.txt,28,AlwaysVND,1301702,2800,0,NaN,NaN,NaN,NaN,712.665199999999,894.5895,NaN,NaN,0,0,47,10,2,2800
rc_202.3.txt,28,FB-CMPSO,1301702,2800,0,NaN,NaN,NaN,NaN,123.7996,907.4829,NaN,NaN,1593,22,0,0,0,2800
rc_202.3.txt,28,RKPSO,1301703,2800,0,NaN,NaN,NaN,NaN,2489.9729,979.5485,NaN,NaN,0,0,0,0,0,2800
rc_202.3.txt,28,LateOnly,1301703,2800,0,NaN,NaN,NaN,NaN,87.5279999999998,915.2873,NaN,NaN,1593,16,0,0,0,2800
rc_202.3.txt,28,LateTo2Opt,1301703,2800,0,NaN,NaN,NaN,NaN,87.5279999999998,915.2873,NaN,NaN,1593,16,0,0,0,2800
rc_202.3.txt,28,AlwaysVND,1301703,2800,0,NaN,NaN,NaN,NaN,873.0859,893.2481,NaN,NaN,0,0,52,5,2,2800
rc_202.3.txt,28,FB-CMPSO,1301703,2800,0,NaN,NaN,NaN,NaN,87.5279999999998,915.2873,NaN,NaN,1593,16,0,0,0,2800
rc_202.3.txt,28,RKPSO,1301704,2800,0,NaN,NaN,NaN,NaN,3247.541,1021.6832,NaN,NaN,0,0,0,0,0,2800
rc_202.3.txt,28,LateOnly,1301704,2800,0,NaN,NaN,NaN,NaN,2.63850000000002,887.0937,NaN,NaN,1593,21,0,0,0,2800
rc_202.3.txt,28,LateTo2Opt,1301704,2800,0,NaN,NaN,NaN,NaN,2.63850000000002,887.0937,NaN,NaN,1593,21,0,0,0,2800
rc_202.3.txt,28,AlwaysVND,1301704,2800,0,NaN,NaN,NaN,NaN,58.9439000000002,938.2455,NaN,NaN,0,0,43,9,2,2800
rc_202.3.txt,28,FB-CMPSO,1301704,2800,0,NaN,NaN,NaN,NaN,2.63850000000002,887.0937,NaN,NaN,1593,21,0,0,0,2800
rc_202.3.txt,28,RKPSO,1301705,2800,0,NaN,NaN,NaN,NaN,6811.3502,1111.1261,NaN,NaN,0,0,0,0,0,2800
rc_202.3.txt,28,LateOnly,1301705,2800,0,NaN,NaN,NaN,NaN,16.6325000000001,905.062,NaN,NaN,1593,21,0,0,0,2800
rc_202.3.txt,28,LateTo2Opt,1301705,2800,0,NaN,NaN,NaN,NaN,16.6325000000001,905.062,NaN,NaN,1593,21,0,0,0,2800
rc_202.3.txt,28,AlwaysVND,1301705,2800,0,NaN,NaN,NaN,NaN,212.5575,935.7114,NaN,NaN,0,0,25,11,6,2800
rc_202.3.txt,28,FB-CMPSO,1301705,2800,0,NaN,NaN,NaN,NaN,16.6325000000001,905.062,NaN,NaN,1593,21,0,0,0,2800
rc_202.3.txt,28,RKPSO,1301706,2800,0,NaN,NaN,NaN,NaN,6863.1593,1138.393,NaN,NaN,0,0,0,0,0,2800
rc_202.3.txt,28,LateOnly,1301706,2800,1,1843,1873,58.3677,0.0629640776699029,0,845.0889,903.4566,0.00879637587738126,1593,26,0,0,0,2800
rc_202.3.txt,28,LateTo2Opt,1301706,2800,1,1843,1873,43.4193,0.0468385113268609,0,860.0373,903.4566,0.0266405242801889,1053,22,3,0,0,2800
rc_202.3.txt,28,AlwaysVND,1301706,2800,0,NaN,NaN,NaN,NaN,155.2026,901.2205,NaN,NaN,0,0,49,8,3,2800
rc_202.3.txt,28,FB-CMPSO,1301706,2800,1,1843,1873,50.2520999999999,0.0542093851132685,0,853.2045,903.4566,0.0184840996991834,1053,22,1,2,1,2800
rc_202.3.txt,28,RKPSO,1301707,2800,0,NaN,NaN,NaN,NaN,2927.7892,1036.3466,NaN,NaN,0,0,0,0,0,2800
rc_202.3.txt,28,LateOnly,1301707,2800,1,1417,1450,36.5842,0.0270994074074074,0,856.2928,892.877,0.0221706536790333,1593,29,0,0,0,2800
rc_202.3.txt,28,LateTo2Opt,1301707,2800,1,1417,1450,28.3733999999999,0.0210173333333333,0,864.5036,892.877,0.0319720192904549,810,24,4,0,0,2800
rc_202.3.txt,28,AlwaysVND,1301707,2800,0,NaN,NaN,NaN,NaN,26.2906,908.2781,NaN,NaN,0,0,47,6,3,2800
rc_202.3.txt,28,FB-CMPSO,1301707,2800,1,1417,1450,47.7881,0.0353985925925926,0,845.0889,892.877,0.00879637587738126,810,24,3,1,3,2800
rc_202.3.txt,28,RKPSO,1301708,2800,0,NaN,NaN,NaN,NaN,3619.8801,1001.4952,NaN,NaN,0,0,0,0,0,2800
rc_202.3.txt,28,LateOnly,1301708,2800,0,NaN,NaN,NaN,NaN,407.170099999999,1005.4543,NaN,NaN,1593,23,0,0,0,2800
rc_202.3.txt,28,LateTo2Opt,1301708,2800,0,NaN,NaN,NaN,NaN,407.170099999999,1005.4543,NaN,NaN,1593,23,0,0,0,2800
rc_202.3.txt,28,AlwaysVND,1301708,2800,0,NaN,NaN,NaN,NaN,526.7735,938.77,NaN,NaN,0,0,46,11,0,2800
rc_202.3.txt,28,FB-CMPSO,1301708,2800,0,NaN,NaN,NaN,NaN,407.170099999999,1005.4543,NaN,NaN,1593,23,0,0,0,2800
rc_202.3.txt,28,RKPSO,1301709,2800,0,NaN,NaN,NaN,NaN,1566.9706,1030.5665,NaN,NaN,0,0,0,0,0,2800
rc_202.3.txt,28,LateOnly,1301709,2800,1,1230,1262,86.4617000000001,0.0562169700910274,0,845.005,932.0166,0.0086962230816979,1593,28,0,0,0,2800
rc_202.3.txt,28,LateTo2Opt,1301709,2800,1,1230,1262,76.7281,0.0498882314694409,0,854.7386,932.0166,0.0203153798405195,702,26,5,0,0,2800
rc_202.3.txt,28,AlwaysVND,1301709,2800,0,NaN,NaN,NaN,NaN,574.3813,847.5205,NaN,NaN,0,0,40,9,2,2800
rc_202.3.txt,28,FB-CMPSO,1301709,2800,1,1230,1262,53.9801000000001,0.0350975942782836,0,877.4866,932.0166,0.0474700377214343,702,26,0,2,4,2800
rc_202.3.txt,28,RKPSO,1301710,2800,0,NaN,NaN,NaN,NaN,4438.3622,1014.8458,NaN,NaN,0,0,0,0,0,2800
rc_202.3.txt,28,LateOnly,1301710,2800,1,1946,1967,12.6598000000001,0.0151978391356544,0,860.7116,873.3714,0.0274454471661175,1593,20,0,0,0,2800
rc_202.3.txt,28,LateTo2Opt,1301710,2800,1,1946,1967,12.6414000000002,0.0151757503001203,0,860.73,873.3714,0.0274674115456237,1107,18,1,0,0,2800
rc_202.3.txt,28,AlwaysVND,1301710,2800,0,NaN,NaN,NaN,NaN,1.95060000000001,928.0559,NaN,NaN,0,0,38,5,5,2800
rc_202.3.txt,28,FB-CMPSO,1301710,2800,1,1946,1967,12.6414000000002,0.0151757503001203,0,860.73,873.3714,0.0274674115456237,1107,18,0,1,0,2800
rc_202.3.txt,28,RKPSO,1301711,2800,0,NaN,NaN,NaN,NaN,2710.2774,987.137,NaN,NaN,0,0,0,0,0,2800
rc_202.3.txt,28,LateOnly,1301711,2800,1,1075,1121,12.1768999999999,0.00725247170935076,0,902.8171,914.994,0.0777074678890321,1593,26,0,0,0,2800
rc_202.3.txt,28,LateTo2Opt,1301711,2800,1,1075,1121,54.8750000000001,0.0326831447290054,0,860.119,914.994,0.0267380509000618,621,23,1,0,0,2800
rc_202.3.txt,28,AlwaysVND,1301711,2800,0,NaN,NaN,NaN,NaN,114.581,886.3166,NaN,NaN,0,0,39,5,5,2800
rc_202.3.txt,28,FB-CMPSO,1301711,2800,1,1075,1121,60.4343,0.0359942227516379,0,854.5597,914.994,0.0201018239984719,621,23,2,0,0,2800
rc_202.3.txt,28,RKPSO,1301712,2800,0,NaN,NaN,NaN,NaN,1161.1706,965.7712,NaN,NaN,0,0,0,0,0,2800
rc_202.3.txt,28,LateOnly,1301712,2800,0,NaN,NaN,NaN,NaN,479.799,953.6356,NaN,NaN,1593,12,0,0,0,2800
rc_202.3.txt,28,LateTo2Opt,1301712,2800,0,NaN,NaN,NaN,NaN,479.799,953.6356,NaN,NaN,1593,12,0,0,0,2800
rc_202.3.txt,28,AlwaysVND,1301712,2800,0,NaN,NaN,NaN,NaN,219.8833,958.4172,NaN,NaN,0,0,37,8,4,2800
rc_202.3.txt,28,FB-CMPSO,1301712,2800,0,NaN,NaN,NaN,NaN,479.799,953.6356,NaN,NaN,1593,12,0,0,0,2800
rc_202.3.txt,28,RKPSO,1301713,2800,0,NaN,NaN,NaN,NaN,4286.7369,990.3905,NaN,NaN,0,0,0,0,0,2800
rc_202.3.txt,28,LateOnly,1301713,2800,0,NaN,NaN,NaN,NaN,12.327,919.7581,NaN,NaN,1593,25,0,0,0,2800
rc_202.3.txt,28,LateTo2Opt,1301713,2800,0,NaN,NaN,NaN,NaN,12.327,919.7581,NaN,NaN,1593,25,0,0,0,2800
rc_202.3.txt,28,AlwaysVND,1301713,2800,0,NaN,NaN,NaN,NaN,67.2560000000003,958.8144,NaN,NaN,0,0,39,9,2,2800
rc_202.3.txt,28,FB-CMPSO,1301713,2800,0,NaN,NaN,NaN,NaN,12.327,919.7581,NaN,NaN,1593,25,0,0,0,2800
rc_202.3.txt,28,RKPSO,1301714,2800,0,NaN,NaN,NaN,NaN,2467.3417,1090.4922,NaN,NaN,0,0,0,0,0,2800
rc_202.3.txt,28,LateOnly,1301714,2800,0,NaN,NaN,NaN,NaN,70.9173999999998,950.4756,NaN,NaN,1593,15,0,0,0,2800
rc_202.3.txt,28,LateTo2Opt,1301714,2800,0,NaN,NaN,NaN,NaN,70.9173999999998,950.4756,NaN,NaN,1593,15,0,0,0,2800
rc_202.3.txt,28,AlwaysVND,1301714,2800,0,NaN,NaN,NaN,NaN,867.9207,851.9359,NaN,NaN,0,0,36,12,1,2800
rc_202.3.txt,28,FB-CMPSO,1301714,2800,0,NaN,NaN,NaN,NaN,70.9173999999998,950.4756,NaN,NaN,1593,15,0,0,0,2800
rc_202.3.txt,28,RKPSO,1301715,2800,0,NaN,NaN,NaN,NaN,1942.9907,911.4183,NaN,NaN,0,0,0,0,0,2800
rc_202.3.txt,28,LateOnly,1301715,2800,0,NaN,NaN,NaN,NaN,82.2118999999998,953.5252,NaN,NaN,1593,21,0,0,0,2800
rc_202.3.txt,28,LateTo2Opt,1301715,2800,0,NaN,NaN,NaN,NaN,82.2118999999998,953.5252,NaN,NaN,1593,21,0,0,0,2800
rc_202.3.txt,28,AlwaysVND,1301715,2800,0,NaN,NaN,NaN,NaN,94.8182,927.8908,NaN,NaN,0,0,40,9,3,2800
rc_202.3.txt,28,FB-CMPSO,1301715,2800,0,NaN,NaN,NaN,NaN,82.2118999999998,953.5252,NaN,NaN,1593,21,0,0,0,2800
rc_202.3.txt,28,RKPSO,1301716,2800,0,NaN,NaN,NaN,NaN,2245.083,1043.6622,NaN,NaN,0,0,0,0,0,2800
rc_202.3.txt,28,LateOnly,1301716,2800,1,2343,2343,30.9432,0.0677094091903721,0,885.7002,916.6434,0.0572747457384327,1593,27,0,0,0,2800
rc_202.3.txt,28,LateTo2Opt,1301716,2800,1,2343,2343,52.8313999999999,0.115604814004376,0,863.812,916.6434,0.0311464451129255,1323,24,4,0,0,2800
rc_202.3.txt,28,AlwaysVND,1301716,2800,0,NaN,NaN,NaN,NaN,1006.4413,880.169,NaN,NaN,0,0,37,10,3,2800
rc_202.3.txt,28,FB-CMPSO,1301716,2800,1,2343,2343,67.0404,0.146696717724289,0,849.603,916.6434,0.0141849305257126,1323,24,4,1,1,2800
rc_202.3.txt,28,RKPSO,1301717,2800,0,NaN,NaN,NaN,NaN,3806.0022,948.2642,NaN,NaN,0,0,0,0,0,2800
rc_202.3.txt,28,LateOnly,1301717,2800,0,NaN,NaN,NaN,NaN,53.6087000000001,858.8453,NaN,NaN,1593,17,0,0,0,2800
rc_202.3.txt,28,LateTo2Opt,1301717,2800,0,NaN,NaN,NaN,NaN,53.6087000000001,858.8453,NaN,NaN,1593,17,0,0,0,2800
rc_202.3.txt,28,AlwaysVND,1301717,2800,0,NaN,NaN,NaN,NaN,9.2764,899.2068,NaN,NaN,0,0,29,8,3,2800
rc_202.3.txt,28,FB-CMPSO,1301717,2800,0,NaN,NaN,NaN,NaN,53.6087000000001,858.8453,NaN,NaN,1593,17,0,0,0,2800
rc_202.3.txt,28,RKPSO,1301718,2800,0,NaN,NaN,NaN,NaN,5503.9795,1038.4005,NaN,NaN,0,0,0,0,0,2800
rc_202.3.txt,28,LateOnly,1301718,2800,1,1547,1591,16.3157000000001,0.0134952026468156,0,882.3017,904.5147,0.0532179009692974,1593,28,0,0,0,2800
rc_202.3.txt,28,LateTo2Opt,1301718,2800,1,1547,1591,53.5285000000001,0.0442750206782466,0,845.0889,904.5147,0.00879637587738126,891,24,3,0,0,2800
rc_202.3.txt,28,AlwaysVND,1301718,2800,0,NaN,NaN,NaN,NaN,562.878099999999,947.9312,NaN,NaN,0,0,39,8,4,2800
rc_202.3.txt,28,FB-CMPSO,1301718,2800,1,1547,1591,57.6015,0.0476439205955335,0,841.0159,904.5147,0.00393436947906217,891,24,1,2,1,2800
rc_202.3.txt,28,RKPSO,1301719,2800,0,NaN,NaN,NaN,NaN,6497.2035,1061.7457,NaN,NaN,0,0,0,0,0,2800
rc_202.3.txt,28,LateOnly,1301719,2800,0,NaN,NaN,NaN,NaN,88.1021999999997,935.0579,NaN,NaN,1593,20,0,0,0,2800
rc_202.3.txt,28,LateTo2Opt,1301719,2800,0,NaN,NaN,NaN,NaN,88.1021999999997,935.0579,NaN,NaN,1593,20,0,0,0,2800
rc_202.3.txt,28,AlwaysVND,1301719,2800,0,NaN,NaN,NaN,NaN,527.4526,881.1517,NaN,NaN,0,0,42,8,4,2800
rc_202.3.txt,28,FB-CMPSO,1301719,2800,0,NaN,NaN,NaN,NaN,88.1021999999997,935.0579,NaN,NaN,1593,20,0,0,0,2800
rc_202.3.txt,28,RKPSO,1301720,2800,0,NaN,NaN,NaN,NaN,3383.9529,1106.6254,NaN,NaN,0,0,0,0,0,2800
rc_202.3.txt,28,LateOnly,1301720,2800,0,NaN,NaN,NaN,NaN,162.443699999999,950.0195,NaN,NaN,1593,22,0,0,0,2800
rc_202.3.txt,28,LateTo2Opt,1301720,2800,0,NaN,NaN,NaN,NaN,162.443699999999,950.0195,NaN,NaN,1593,22,0,0,0,2800
rc_202.3.txt,28,AlwaysVND,1301720,2800,0,NaN,NaN,NaN,NaN,692.115899999999,926.7696,NaN,NaN,0,0,38,10,3,2800
rc_202.3.txt,28,FB-CMPSO,1301720,2800,0,NaN,NaN,NaN,NaN,162.443699999999,950.0195,NaN,NaN,1593,22,0,0,0,2800
rc_202.3.txt,28,RKPSO,1301721,2800,0,NaN,NaN,NaN,NaN,2484.6303,1094.8226,NaN,NaN,0,0,0,0,0,2800
rc_202.3.txt,28,LateOnly,1301721,2800,1,2681,2719,11.2601000000001,0.139013580246915,0,904.5717,915.8318,0.0798019624695602,1593,29,0,0,0,2800
rc_202.3.txt,28,LateTo2Opt,1301721,2800,1,2681,2719,37.4235,0.462018518518518,0,878.4083,915.8318,0.0485702860144201,1539,28,1,0,0,2800
rc_202.3.txt,28,AlwaysVND,1301721,2800,0,NaN,NaN,NaN,NaN,294.9873,922.2168,NaN,NaN,0,0,37,5,5,2800
rc_202.3.txt,28,FB-CMPSO,1301721,2800,1,2681,2719,1.63419999999996,0.0201753086419749,0,914.1976,915.8318,0.0912925559852935,1539,28,0,1,0,2800
rc_202.3.txt,28,RKPSO,1301722,2800,0,NaN,NaN,NaN,NaN,2963.427,1073.9175,NaN,NaN,0,0,0,0,0,2800
rc_202.3.txt,28,LateOnly,1301722,2800,1,1954,1967,41.4180000000002,0.0497214885954385,0,841.1134,882.5314,0.00405075681611972,1593,24,0,0,0,2800
rc_202.3.txt,28,LateTo2Opt,1301722,2800,1,1954,1967,19.6425,0.0235804321728692,0,862.8889,882.5314,0.0300445256171513,1107,21,3,0,0,2800
rc_202.3.txt,28,AlwaysVND,1301722,2800,0,NaN,NaN,NaN,NaN,208.2309,990.118,NaN,NaN,0,0,47,10,2,2800
rc_202.3.txt,28,FB-CMPSO,1301722,2800,1,1954,1967,19.9875000000003,0.023994597839136,0,862.5439,882.5314,0.0296326935014083,1107,21,0,0,2,2800
rc_202.3.txt,28,RKPSO,1301723,2800,0,NaN,NaN,NaN,NaN,5004.8872,1073.8933,NaN,NaN,0,0,0,0,0,2800
rc_202.3.txt,28,LateOnly,1301723,2800,1,1508,1544,72.0991,0.0574037420382166,0,877.4866,950.5608,0.0474700377214343,1593,25,0,0,0,2800
rc_202.3.txt,28,LateTo2Opt,1301723,2800,1,1508,1544,93.8648000000001,0.0747331210191083,0,855.7209,950.5608,0.0214879673399225,864,20,6,0,0,2800
rc_202.3.txt,28,AlwaysVND,1301723,2800,0,NaN,NaN,NaN,NaN,641.1165,886.2834,NaN,NaN,0,0,46,10,2,2800
rc_202.3.txt,28,FB-CMPSO,1301723,2800,1,1508,1544,40.2391,0.0320375,0,909.3466,950.5608,0.0855018383230673,864,20,3,0,0,2800
rc_202.3.txt,28,RKPSO,1301724,2800,0,NaN,NaN,NaN,NaN,7297.2867,1172.2427,NaN,NaN,0,0,0,0,0,2800
rc_202.3.txt,28,LateOnly,1301724,2800,1,1736,1779,12.8961000000002,0.0126308521057788,0,854.1462,867.0423,0.0196082223177192,1593,24,0,0,0,2800
rc_202.3.txt,28,LateTo2Opt,1301724,2800,1,1736,1779,12.8961000000002,0.0126308521057788,0,854.1462,867.0423,0.0196082223177192,999,23,3,0,0,2800
rc_202.3.txt,28,AlwaysVND,1301724,2800,0,NaN,NaN,NaN,NaN,467.279,898.3288,NaN,NaN,0,0,49,8,2,2800
rc_202.3.txt,28,FB-CMPSO,1301724,2800,1,1736,1779,27.4658999999999,0.0269009794319294,0,839.5764,867.0423,0.00221601489757915,999,23,0,1,2,2800
rc_202.3.txt,28,RKPSO,1301725,2800,0,NaN,NaN,NaN,NaN,1548.3753,1036.1237,NaN,NaN,0,0,0,0,0,2800
rc_202.3.txt,28,LateOnly,1301725,2800,0,NaN,NaN,NaN,NaN,44.9759000000003,923.7607,NaN,NaN,1593,17,0,0,0,2800
rc_202.3.txt,28,LateTo2Opt,1301725,2800,0,NaN,NaN,NaN,NaN,44.9759000000003,923.7607,NaN,NaN,1593,17,0,0,0,2800
rc_202.3.txt,28,AlwaysVND,1301725,2800,0,NaN,NaN,NaN,NaN,241.0365,878.9022,NaN,NaN,0,0,43,10,4,2800
rc_202.3.txt,28,FB-CMPSO,1301725,2800,0,NaN,NaN,NaN,NaN,44.9759000000003,923.7607,NaN,NaN,1593,17,0,0,0,2800
rc_202.3.txt,28,RKPSO,1301726,2800,0,NaN,NaN,NaN,NaN,4958.7739,918.894,NaN,NaN,0,0,0,0,0,2800
rc_202.3.txt,28,LateOnly,1301726,2800,1,2474,2484,19.8293000000001,0.0627509493670889,0,855.2284,875.0577,0.0209000620732462,1593,25,0,0,0,2800
rc_202.3.txt,28,LateTo2Opt,1301726,2800,1,2474,2484,19.8293000000001,0.0627509493670889,0,855.2284,875.0577,0.0209000620732462,1404,24,2,0,0,2800
rc_202.3.txt,28,AlwaysVND,1301726,2800,0,NaN,NaN,NaN,NaN,904.3047,962.0334,NaN,NaN,0,0,51,11,1,2800
rc_202.3.txt,28,FB-CMPSO,1301726,2800,1,2474,2484,16.3013000000001,0.0515863924050636,0,858.7564,875.0577,0.0251114931003197,1404,24,2,0,0,2800
rc_202.3.txt,28,RKPSO,1301727,2800,0,NaN,NaN,NaN,NaN,2345.6814,1076.3116,NaN,NaN,0,0,0,0,0,2800
rc_202.3.txt,28,LateOnly,1301727,2800,0,NaN,NaN,NaN,NaN,101.3875,880.4974,NaN,NaN,1593,20,0,0,0,2800
rc_202.3.txt,28,LateTo2Opt,1301727,2800,0,NaN,NaN,NaN,NaN,101.3875,880.4974,NaN,NaN,1593,20,0,0,0,2800
rc_202.3.txt,28,AlwaysVND,1301727,2800,0,NaN,NaN,NaN,NaN,934.825600000001,874.2594,NaN,NaN,0,0,25,8,9,2800
rc_202.3.txt,28,FB-CMPSO,1301727,2800,0,NaN,NaN,NaN,NaN,101.3875,880.4974,NaN,NaN,1593,20,0,0,0,2800
rc_202.3.txt,28,RKPSO,1301728,2800,0,NaN,NaN,NaN,NaN,2744.2319,1044.1732,NaN,NaN,0,0,0,0,0,2800
rc_202.3.txt,28,LateOnly,1301728,2800,1,2153,2155,25.0502000000001,0.0388375193798452,0,863.1185,888.1687,0.0303186028744687,1593,24,0,0,0,2800
rc_202.3.txt,28,LateTo2Opt,1301728,2800,1,2153,2155,31.4595000000002,0.0487744186046514,0,856.7092,888.1687,0.0226677171369907,1215,20,4,0,0,2800
rc_202.3.txt,28,AlwaysVND,1301728,2800,0,NaN,NaN,NaN,NaN,1150.629,1008.5693,NaN,NaN,0,0,38,14,2,2800
rc_202.3.txt,28,FB-CMPSO,1301728,2800,1,2153,2155,38.2349000000002,0.0592789147286824,0,849.9338,888.1687,0.0145798118703145,1215,20,4,1,0,2800
rc_202.3.txt,28,RKPSO,1301729,2800,0,NaN,NaN,NaN,NaN,6011.6004,1067.5477,NaN,NaN,0,0,0,0,0,2800
rc_202.3.txt,28,LateOnly,1301729,2800,1,1687,1732,8.58110000000011,0.00803473782771546,0,881.9347,890.5158,0.0527798070954494,1593,24,0,0,0,2800
rc_202.3.txt,28,LateTo2Opt,1301729,2800,1,1687,1732,45.6376,0.0427318352059925,0,844.8782,890.5158,0.00854485985770898,972,22,5,0,0,2800
rc_202.3.txt,28,AlwaysVND,1301729,2800,0,NaN,NaN,NaN,NaN,355.2369,907.0659,NaN,NaN,0,0,35,13,3,2800
rc_202.3.txt,28,FB-CMPSO,1301729,2800,1,1687,1732,13.0292000000001,0.0121996254681648,0,877.4866,890.5158,0.0474700377214343,972,22,2,1,0,2800
rc_202.3.txt,28,RKPSO,1301730,2800,0,NaN,NaN,NaN,NaN,3896.8191,1068.9232,NaN,NaN,0,0,0,0,0,2800
rc_202.3.txt,28,LateOnly,1301730,2800,1,2352,2390,4.37750000000005,0.0106768292682928,0,853.1139,889.1221,0.0183759490044405,1593,21,0,0,0,2800
rc_202.3.txt,28,LateTo2Opt,1301730,2800,1,2352,2390,7.03099999999984,0.0171487804878045,0,850.4604,889.1221,0.0152084228620543,1350,20,2,0,0,2800
rc_202.3.txt,28,AlwaysVND,1301730,2800,0,NaN,NaN,NaN,NaN,190.7697,919.0764,NaN,NaN,0,0,40,6,5,2800
rc_202.3.txt,28,FB-CMPSO,1301730,2800,1,2352,2390,7.17280000000005,0.0174946341463416,0,850.3186,889.1221,0.0150391538939024,1350,20,0,1,1,2800
rc_202.4.txt,27,RKPSO,1301801,2700,0,NaN,NaN,NaN,NaN,1615.3186,1030.3602,NaN,NaN,0,0,0,0,0,2700
rc_202.4.txt,27,LateOnly,1301801,2700,0,NaN,NaN,NaN,NaN,7.1977,904.7364,NaN,NaN,1508,17,0,0,0,2700
rc_202.4.txt,27,LateTo2Opt,1301801,2700,0,NaN,NaN,NaN,NaN,7.1977,904.7364,NaN,NaN,1508,17,0,0,0,2700
rc_202.4.txt,27,AlwaysVND,1301801,2700,0,NaN,NaN,NaN,NaN,152.8865,948.7183,NaN,NaN,0,0,30,10,4,2700
rc_202.4.txt,27,FB-CMPSO,1301801,2700,0,NaN,NaN,NaN,NaN,7.1977,904.7364,NaN,NaN,1508,17,0,0,0,2700
rc_202.4.txt,27,RKPSO,1301802,2700,0,NaN,NaN,NaN,NaN,1024.3295,990.8176,NaN,NaN,0,0,0,0,0,2700
rc_202.4.txt,27,LateOnly,1301802,2700,0,NaN,NaN,NaN,NaN,193.4821,953.8162,NaN,NaN,1508,17,0,0,0,2700
rc_202.4.txt,27,LateTo2Opt,1301802,2700,0,NaN,NaN,NaN,NaN,193.4821,953.8162,NaN,NaN,1508,17,0,0,0,2700
rc_202.4.txt,27,AlwaysVND,1301802,2700,0,NaN,NaN,NaN,NaN,18.9107,938.1315,NaN,NaN,0,0,48,10,1,2700
rc_202.4.txt,27,FB-CMPSO,1301802,2700,0,NaN,NaN,NaN,NaN,193.4821,953.8162,NaN,NaN,1508,17,0,0,0,2700
rc_202.4.txt,27,RKPSO,1301803,2700,0,NaN,NaN,NaN,NaN,1336.6581,943.2216,NaN,NaN,0,0,0,0,0,2700
rc_202.4.txt,27,LateOnly,1301803,2700,1,1287,1328,64.6787000000002,0.0471419096209914,0,881.9587,946.6374,0.1121378762468,1508,21,0,0,0,2700
rc_202.4.txt,27,LateTo2Opt,1301803,2700,1,1287,1328,78.0088999999999,0.0568577988338192,0,868.6285,946.6374,0.0953286760904382,728,15,8,0,0,2700
rc_202.4.txt,27,AlwaysVND,1301803,2700,0,NaN,NaN,NaN,NaN,8.22660000000002,858.3744,NaN,NaN,0,0,32,9,4,2700
rc_202.4.txt,27,FB-CMPSO,1301803,2700,1,1287,1328,135.4825,0.0987481778425657,0,811.1549,946.6374,0.0228552513776275,728,15,5,4,3,2700
rc_202.4.txt,27,RKPSO,1301804,2700,0,NaN,NaN,NaN,NaN,948.5567,930.7404,NaN,NaN,0,0,0,0,0,2700
rc_202.4.txt,27,LateOnly,1301804,2700,0,NaN,NaN,NaN,NaN,40.1149,897.0197,NaN,NaN,1508,21,0,0,0,2700
rc_202.4.txt,27,LateTo2Opt,1301804,2700,0,NaN,NaN,NaN,NaN,40.1149,897.0197,NaN,NaN,1508,21,0,0,0,2700
rc_202.4.txt,27,AlwaysVND,1301804,2700,0,NaN,NaN,NaN,NaN,23.4642,831.4273,NaN,NaN,0,0,37,6,3,2700
rc_202.4.txt,27,FB-CMPSO,1301804,2700,0,NaN,NaN,NaN,NaN,40.1149,897.0197,NaN,NaN,1508,21,0,0,0,2700
rc_202.4.txt,27,RKPSO,1301805,2700,0,NaN,NaN,NaN,NaN,1011.4593,1006.4507,NaN,NaN,0,0,0,0,0,2700
rc_202.4.txt,27,LateOnly,1301805,2700,0,NaN,NaN,NaN,NaN,132.1619,924.8542,NaN,NaN,1508,15,0,0,0,2700
rc_202.4.txt,27,LateTo2Opt,1301805,2700,0,NaN,NaN,NaN,NaN,132.1619,924.8542,NaN,NaN,1508,15,0,0,0,2700
rc_202.4.txt,27,AlwaysVND,1301805,2700,1,1964,2000,35.9136,0.0513051428571428,0,826.6845,862.5981,0.0424378648979234,0,0,31,5,4,2700
rc_202.4.txt,27,FB-CMPSO,1301805,2700,0,NaN,NaN,NaN,NaN,132.1619,924.8542,NaN,NaN,1508,15,0,0,0,2700
rc_202.4.txt,27,RKPSO,1301806,2700,0,NaN,NaN,NaN,NaN,1913.4333,853.9481,NaN,NaN,0,0,0,0,0,2700
rc_202.4.txt,27,LateOnly,1301806,2700,0,NaN,NaN,NaN,NaN,130.6121,903.7777,NaN,NaN,1508,17,0,0,0,2700
rc_202.4.txt,27,LateTo2Opt,1301806,2700,0,NaN,NaN,NaN,NaN,130.6121,903.7777,NaN,NaN,1508,17,0,0,0,2700
rc_202.4.txt,27,AlwaysVND,1301806,2700,0,NaN,NaN,NaN,NaN,51.3711999999999,875.8734,NaN,NaN,0,0,49,6,3,2700
rc_202.4.txt,27,FB-CMPSO,1301806,2700,0,NaN,NaN,NaN,NaN,130.6121,903.7777,NaN,NaN,1508,17,0,0,0,2700
rc_202.4.txt,27,RKPSO,1301807,2700,0,NaN,NaN,NaN,NaN,1310.0315,1057.2811,NaN,NaN,0,0,0,0,0,2700
rc_202.4.txt,27,LateOnly,1301807,2700,0,NaN,NaN,NaN,NaN,48.0852000000002,940.806,NaN,NaN,1508,16,0,0,0,2700
rc_202.4.txt,27,LateTo2Opt,1301807,2700,0,NaN,NaN,NaN,NaN,48.0852000000002,940.806,NaN,NaN,1508,16,0,0,0,2700
rc_202.4.txt,27,AlwaysVND,1301807,2700,0,NaN,NaN,NaN,NaN,450.493,971.8926,NaN,NaN,0,0,35,12,2,2700
rc_202.4.txt,27,FB-CMPSO,1301807,2700,0,NaN,NaN,NaN,NaN,48.0852000000002,940.806,NaN,NaN,1508,16,0,0,0,2700
rc_202.4.txt,27,RKPSO,1301808,2700,0,NaN,NaN,NaN,NaN,842.1683,925.0892,NaN,NaN,0,0,0,0,0,2700
rc_202.4.txt,27,LateOnly,1301808,2700,0,NaN,NaN,NaN,NaN,177.0006,898.1594,NaN,NaN,1508,15,0,0,0,2700
rc_202.4.txt,27,LateTo2Opt,1301808,2700,0,NaN,NaN,NaN,NaN,177.0006,898.1594,NaN,NaN,1508,15,0,0,0,2700
rc_202.4.txt,27,AlwaysVND,1301808,2700,0,NaN,NaN,NaN,NaN,2.98610000000002,907.9809,NaN,NaN,0,0,34,8,3,2700
rc_202.4.txt,27,FB-CMPSO,1301808,2700,0,NaN,NaN,NaN,NaN,177.0006,898.1594,NaN,NaN,1508,15,0,0,0,2700
rc_202.4.txt,27,RKPSO,1301809,2700,0,NaN,NaN,NaN,NaN,1315.9323,1003.8877,NaN,NaN,0,0,0,0,0,2700
rc_202.4.txt,27,LateOnly,1301809,2700,0,NaN,NaN,NaN,NaN,28.1636,882.8083,NaN,NaN,1508,12,0,0,0,2700
rc_202.4.txt,27,LateTo2Opt,1301809,2700,0,NaN,NaN,NaN,NaN,28.1636,882.8083,NaN,NaN,1508,12,0,0,0,2700
rc_202.4.txt,27,AlwaysVND,1301809,2700,1,2691,NaN,0,0,0,829.8043,829.8043,0.0463718900924302,0,0,41,7,2,2700
rc_202.4.txt,27,FB-CMPSO,1301809,2700,0,NaN,NaN,NaN,NaN,28.1636,882.8083,NaN,NaN,1508,12,0,0,0,2700
rc_202.4.txt,27,RKPSO,1301810,2700,0,NaN,NaN,NaN,NaN,983.9435,906.1144,NaN,NaN,0,0,0,0,0,2700
rc_202.4.txt,27,LateOnly,1301810,2700,0,NaN,NaN,NaN,NaN,85.8817,938.1406,NaN,NaN,1508,19,0,0,0,2700
rc_202.4.txt,27,LateTo2Opt,1301810,2700,0,NaN,NaN,NaN,NaN,85.8817,938.1406,NaN,NaN,1508,19,0,0,0,2700
rc_202.4.txt,27,AlwaysVND,1301810,2700,0,NaN,NaN,NaN,NaN,262.8958,938.8396,NaN,NaN,0,0,36,8,5,2700
rc_202.4.txt,27,FB-CMPSO,1301810,2700,0,NaN,NaN,NaN,NaN,85.8817,938.1406,NaN,NaN,1508,19,0,0,0,2700
rc_202.4.txt,27,RKPSO,1301811,2700,0,NaN,NaN,NaN,NaN,796.2118,935.9686,NaN,NaN,0,0,0,0,0,2700
rc_202.4.txt,27,LateOnly,1301811,2700,0,NaN,NaN,NaN,NaN,260.8188,963.0371,NaN,NaN,1508,17,0,0,0,2700
rc_202.4.txt,27,LateTo2Opt,1301811,2700,0,NaN,NaN,NaN,NaN,260.8188,963.0371,NaN,NaN,1508,17,0,0,0,2700
rc_202.4.txt,27,AlwaysVND,1301811,2700,0,NaN,NaN,NaN,NaN,0.469600000000014,889.5206,NaN,NaN,0,0,37,11,4,2700
rc_202.4.txt,27,FB-CMPSO,1301811,2700,0,NaN,NaN,NaN,NaN,260.8188,963.0371,NaN,NaN,1508,17,0,0,0,2700
rc_202.4.txt,27,RKPSO,1301812,2700,0,NaN,NaN,NaN,NaN,679.5199,974.1109,NaN,NaN,0,0,0,0,0,2700
rc_202.4.txt,27,LateOnly,1301812,2700,0,NaN,NaN,NaN,NaN,1571.1599,986.4464,NaN,NaN,1508,7,0,0,0,2700
rc_202.4.txt,27,LateTo2Opt,1301812,2700,0,NaN,NaN,NaN,NaN,1571.1599,986.4464,NaN,NaN,1508,7,0,0,0,2700
rc_202.4.txt,27,AlwaysVND,1301812,2700,0,NaN,NaN,NaN,NaN,17.4168,917.6751,NaN,NaN,0,0,36,5,7,2700
rc_202.4.txt,27,FB-CMPSO,1301812,2700,0,NaN,NaN,NaN,NaN,1571.1599,986.4464,NaN,NaN,1508,7,0,0,0,2700
rc_202.4.txt,27,RKPSO,1301813,2700,0,NaN,NaN,NaN,NaN,1316.3206,979.0329,NaN,NaN,0,0,0,0,0,2700
rc_202.4.txt,27,LateOnly,1301813,2700,0,NaN,NaN,NaN,NaN,125.1535,925.6064,NaN,NaN,1508,19,0,0,0,2700
rc_202.4.txt,27,LateTo2Opt,1301813,2700,0,NaN,NaN,NaN,NaN,125.1535,925.6064,NaN,NaN,1508,19,0,0,0,2700
rc_202.4.txt,27,AlwaysVND,1301813,2700,1,2432,2490,38.0054000000001,0.180978095238096,0,840.3228,878.3282,0.0596355749467234,0,0,37,11,3,2700
rc_202.4.txt,27,FB-CMPSO,1301813,2700,0,NaN,NaN,NaN,NaN,125.1535,925.6064,NaN,NaN,1508,19,0,0,0,2700
rc_202.4.txt,27,RKPSO,1301814,2700,0,NaN,NaN,NaN,NaN,2350.9346,973.932,NaN,NaN,0,0,0,0,0,2700
rc_202.4.txt,27,LateOnly,1301814,2700,0,NaN,NaN,NaN,NaN,150.4043,863.1391,NaN,NaN,1508,20,0,0,0,2700
rc_202.4.txt,27,LateTo2Opt,1301814,2700,0,NaN,NaN,NaN,NaN,150.4043,863.1391,NaN,NaN,1508,20,0,0,0,2700
rc_202.4.txt,27,AlwaysVND,1301814,2700,0,NaN,NaN,NaN,NaN,22.3571000000001,927.7458,NaN,NaN,0,0,42,11,3,2700
rc_202.4.txt,27,FB-CMPSO,1301814,2700,0,NaN,NaN,NaN,NaN,150.4043,863.1391,NaN,NaN,1508,20,0,0,0,2700
rc_202.4.txt,27,RKPSO,1301815,2700,0,NaN,NaN,NaN,NaN,213.4059,1005.6975,NaN,NaN,0,0,0,0,0,2700
rc_202.4.txt,27,LateOnly,1301815,2700,0,NaN,NaN,NaN,NaN,34.6667999999999,959.3822,NaN,NaN,1508,16,0,0,0,2700
rc_202.4.txt,27,LateTo2Opt,1301815,2700,0,NaN,NaN,NaN,NaN,34.6667999999999,959.3822,NaN,NaN,1508,16,0,0,0,2700
rc_202.4.txt,27,AlwaysVND,1301815,2700,0,NaN,NaN,NaN,NaN,10.105,870.2686,NaN,NaN,0,0,28,7,5,2700
rc_202.4.txt,27,FB-CMPSO,1301815,2700,0,NaN,NaN,NaN,NaN,34.6667999999999,959.3822,NaN,NaN,1508,16,0,0,0,2700
rc_202.4.txt,27,RKPSO,1301816,2700,0,NaN,NaN,NaN,NaN,1832.2105,915.9137,NaN,NaN,0,0,0,0,0,2700
rc_202.4.txt,27,LateOnly,1301816,2700,0,NaN,NaN,NaN,NaN,108.6483,969.1528,NaN,NaN,1508,19,0,0,0,2700
rc_202.4.txt,27,LateTo2Opt,1301816,2700,0,NaN,NaN,NaN,NaN,108.6483,969.1528,NaN,NaN,1508,19,0,0,0,2700
rc_202.4.txt,27,AlwaysVND,1301816,2700,1,2428,2490,38.1629000000001,0.181728095238096,0,861.3917,932.2565,0.0862031701196677,0,0,31,15,3,2700
rc_202.4.txt,27,FB-CMPSO,1301816,2700,0,NaN,NaN,NaN,NaN,108.6483,969.1528,NaN,NaN,1508,19,0,0,0,2700
rc_202.4.txt,27,RKPSO,1301817,2700,0,NaN,NaN,NaN,NaN,293.8294,1004.3594,NaN,NaN,0,0,0,0,0,2700
rc_202.4.txt,27,LateOnly,1301817,2700,0,NaN,NaN,NaN,NaN,6.69750000000005,904.8156,NaN,NaN,1508,16,0,0,0,2700
rc_202.4.txt,27,LateTo2Opt,1301817,2700,0,NaN,NaN,NaN,NaN,6.69750000000005,904.8156,NaN,NaN,1508,16,0,0,0,2700
rc_202.4.txt,27,AlwaysVND,1301817,2700,0,NaN,NaN,NaN,NaN,60.2308,890.7254,NaN,NaN,0,0,40,7,4,2700
rc_202.4.txt,27,FB-CMPSO,1301817,2700,0,NaN,NaN,NaN,NaN,6.69750000000005,904.8156,NaN,NaN,1508,16,0,0,0,2700
rc_202.4.txt,27,RKPSO,1301818,2700,0,NaN,NaN,NaN,NaN,1643.8236,973.2516,NaN,NaN,0,0,0,0,0,2700
rc_202.4.txt,27,LateOnly,1301818,2700,0,NaN,NaN,NaN,NaN,223.0452,954.4946,NaN,NaN,1508,14,0,0,0,2700
rc_202.4.txt,27,LateTo2Opt,1301818,2700,0,NaN,NaN,NaN,NaN,223.0452,954.4946,NaN,NaN,1508,14,0,0,0,2700
rc_202.4.txt,27,AlwaysVND,1301818,2700,0,NaN,NaN,NaN,NaN,8.22660000000002,894.8612,NaN,NaN,0,0,37,11,3,2700
rc_202.4.txt,27,FB-CMPSO,1301818,2700,0,NaN,NaN,NaN,NaN,223.0452,954.4946,NaN,NaN,1508,14,0,0,0,2700
rc_202.4.txt,27,RKPSO,1301819,2700,0,NaN,NaN,NaN,NaN,507.3145,941.7724,NaN,NaN,0,0,0,0,0,2700
rc_202.4.txt,27,LateOnly,1301819,2700,0,NaN,NaN,NaN,NaN,1.50510000000008,958.7309,NaN,NaN,1508,21,0,0,0,2700
rc_202.4.txt,27,LateTo2Opt,1301819,2700,0,NaN,NaN,NaN,NaN,1.50510000000008,958.7309,NaN,NaN,1508,21,0,0,0,2700
rc_202.4.txt,27,AlwaysVND,1301819,2700,0,NaN,NaN,NaN,NaN,99.6894,830.1879,NaN,NaN,0,0,22,12,2,2700
rc_202.4.txt,27,FB-CMPSO,1301819,2700,0,NaN,NaN,NaN,NaN,1.50510000000008,958.7309,NaN,NaN,1508,21,0,0,0,2700
rc_202.4.txt,27,RKPSO,1301820,2700,0,NaN,NaN,NaN,NaN,2494.5148,927.2423,NaN,NaN,0,0,0,0,0,2700
rc_202.4.txt,27,LateOnly,1301820,2700,0,NaN,NaN,NaN,NaN,888.177899999999,1026.9603,NaN,NaN,1508,12,0,0,0,2700
rc_202.4.txt,27,LateTo2Opt,1301820,2700,0,NaN,NaN,NaN,NaN,888.177899999999,1026.9603,NaN,NaN,1508,12,0,0,0,2700
rc_202.4.txt,27,AlwaysVND,1301820,2700,0,NaN,NaN,NaN,NaN,155.8511,883.0965,NaN,NaN,0,0,35,14,2,2700
rc_202.4.txt,27,FB-CMPSO,1301820,2700,0,NaN,NaN,NaN,NaN,888.177899999999,1026.9603,NaN,NaN,1508,12,0,0,0,2700
rc_202.4.txt,27,RKPSO,1301821,2700,0,NaN,NaN,NaN,NaN,2935.9701,980.7252,NaN,NaN,0,0,0,0,0,2700
rc_202.4.txt,27,LateOnly,1301821,2700,0,NaN,NaN,NaN,NaN,163.9422,987.2472,NaN,NaN,1508,16,0,0,0,2700
rc_202.4.txt,27,LateTo2Opt,1301821,2700,0,NaN,NaN,NaN,NaN,163.9422,987.2472,NaN,NaN,1508,16,0,0,0,2700
rc_202.4.txt,27,AlwaysVND,1301821,2700,0,NaN,NaN,NaN,NaN,661.3686,846.4835,NaN,NaN,0,0,43,7,5,2700
rc_202.4.txt,27,FB-CMPSO,1301821,2700,0,NaN,NaN,NaN,NaN,163.9422,987.2472,NaN,NaN,1508,16,0,0,0,2700
rc_202.4.txt,27,RKPSO,1301822,2700,0,NaN,NaN,NaN,NaN,352.4558,901.8994,NaN,NaN,0,0,0,0,0,2700
rc_202.4.txt,27,LateOnly,1301822,2700,0,NaN,NaN,NaN,NaN,145.7602,907.2531,NaN,NaN,1508,15,0,0,0,2700
rc_202.4.txt,27,LateTo2Opt,1301822,2700,0,NaN,NaN,NaN,NaN,145.7602,907.2531,NaN,NaN,1508,15,0,0,0,2700
rc_202.4.txt,27,AlwaysVND,1301822,2700,0,NaN,NaN,NaN,NaN,37.9363,870.9267,NaN,NaN,0,0,30,11,3,2700
rc_202.4.txt,27,FB-CMPSO,1301822,2700,0,NaN,NaN,NaN,NaN,145.7602,907.2531,NaN,NaN,1508,15,0,0,0,2700
rc_202.4.txt,27,RKPSO,1301823,2700,0,NaN,NaN,NaN,NaN,941.8463,864.1325,NaN,NaN,0,0,0,0,0,2700
rc_202.4.txt,27,LateOnly,1301823,2700,0,NaN,NaN,NaN,NaN,288.7529,984.4442,NaN,NaN,1508,17,0,0,0,2700
rc_202.4.txt,27,LateTo2Opt,1301823,2700,0,NaN,NaN,NaN,NaN,288.7529,984.4442,NaN,NaN,1508,17,0,0,0,2700
rc_202.4.txt,27,AlwaysVND,1301823,2700,0,NaN,NaN,NaN,NaN,33.6509,927.7198,NaN,NaN,0,0,23,13,6,2700
rc_202.4.txt,27,FB-CMPSO,1301823,2700,0,NaN,NaN,NaN,NaN,288.7529,984.4442,NaN,NaN,1508,17,0,0,0,2700
rc_202.4.txt,27,RKPSO,1301824,2700,0,NaN,NaN,NaN,NaN,773.7389,1083.5718,NaN,NaN,0,0,0,0,0,2700
rc_202.4.txt,27,LateOnly,1301824,2700,1,1963,1972,38.7296,0.0532,0,888.3242,927.0538,0.120164684816464,1508,19,0,0,0,2700
rc_202.4.txt,27,LateTo2Opt,1301824,2700,1,1963,1972,59.3404,0.0815115384615385,0,867.7134,927.0538,0.0941747474874847,1092,17,3,0,0,2700
rc_202.4.txt,27,AlwaysVND,1301824,2700,0,NaN,NaN,NaN,NaN,10.4226,876.8976,NaN,NaN,0,0,36,13,3,2700
rc_202.4.txt,27,FB-CMPSO,1301824,2700,1,1963,1972,58.7003000000001,0.0806322802197803,0,868.3535,927.0538,0.0949819048459705,1092,17,3,2,0,2700
rc_202.4.txt,27,RKPSO,1301825,2700,0,NaN,NaN,NaN,NaN,1090.2287,954.7611,NaN,NaN,0,0,0,0,0,2700
rc_202.4.txt,27,LateOnly,1301825,2700,0,NaN,NaN,NaN,NaN,28.442,931.2803,NaN,NaN,1508,16,0,0,0,2700
rc_202.4.txt,27,LateTo2Opt,1301825,2700,0,NaN,NaN,NaN,NaN,28.442,931.2803,NaN,NaN,1508,16,0,0,0,2700
rc_202.4.txt,27,AlwaysVND,1301825,2700,1,2005,2098,5.42930000000001,0.00901877076411962,0,855.9226,869.6031,0.0793067097083342,0,0,25,8,4,2700
rc_202.4.txt,27,FB-CMPSO,1301825,2700,0,NaN,NaN,NaN,NaN,28.442,931.2803,NaN,NaN,1508,16,0,0,0,2700
rc_202.4.txt,27,RKPSO,1301826,2700,0,NaN,NaN,NaN,NaN,1444.662,985.2232,NaN,NaN,0,0,0,0,0,2700
rc_202.4.txt,27,LateOnly,1301826,2700,1,1475,1512,70.2486,0.0591318181818182,0,808.6164,878.865,0.0196542375446076,1508,21,0,0,0,2700
rc_202.4.txt,27,LateTo2Opt,1301826,2700,1,1475,1512,1.04349999999999,0.000878367003366999,0,877.8215,878.865,0.106920923546398,832,17,1,0,0,2700
rc_202.4.txt,27,AlwaysVND,1301826,2700,0,NaN,NaN,NaN,NaN,112.7972,906.2672,NaN,NaN,0,0,30,6,4,2700
rc_202.4.txt,27,FB-CMPSO,1301826,2700,1,1475,1512,33.6993,0.0283664141414141,0,845.1657,878.865,0.0657424057097464,832,17,1,1,1,2700
rc_202.4.txt,27,RKPSO,1301827,2700,0,NaN,NaN,NaN,NaN,636.854,949.9852,NaN,NaN,0,0,0,0,0,2700
rc_202.4.txt,27,LateOnly,1301827,2700,0,NaN,NaN,NaN,NaN,44.5217999999999,948.2964,NaN,NaN,1508,19,0,0,0,2700
rc_202.4.txt,27,LateTo2Opt,1301827,2700,0,NaN,NaN,NaN,NaN,44.5217999999999,948.2964,NaN,NaN,1508,19,0,0,0,2700
rc_202.4.txt,27,AlwaysVND,1301827,2700,0,NaN,NaN,NaN,NaN,334.0478,858.4823,NaN,NaN,0,0,41,8,4,2700
rc_202.4.txt,27,FB-CMPSO,1301827,2700,0,NaN,NaN,NaN,NaN,44.5217999999999,948.2964,NaN,NaN,1508,19,0,0,0,2700
rc_202.4.txt,27,RKPSO,1301828,2700,0,NaN,NaN,NaN,NaN,114.2169,933.7587,NaN,NaN,0,0,0,0,0,2700
rc_202.4.txt,27,LateOnly,1301828,2700,0,NaN,NaN,NaN,NaN,86.5810000000001,912.8859,NaN,NaN,1508,15,0,0,0,2700
rc_202.4.txt,27,LateTo2Opt,1301828,2700,0,NaN,NaN,NaN,NaN,86.5810000000001,912.8859,NaN,NaN,1508,15,0,0,0,2700
rc_202.4.txt,27,AlwaysVND,1301828,2700,0,NaN,NaN,NaN,NaN,9.76819999999998,829.2969,NaN,NaN,0,0,33,5,5,2700
rc_202.4.txt,27,FB-CMPSO,1301828,2700,0,NaN,NaN,NaN,NaN,86.5810000000001,912.8859,NaN,NaN,1508,15,0,0,0,2700
rc_202.4.txt,27,RKPSO,1301829,2700,0,NaN,NaN,NaN,NaN,1352.1394,1063.358,NaN,NaN,0,0,0,0,0,2700
rc_202.4.txt,27,LateOnly,1301829,2700,0,NaN,NaN,NaN,NaN,60.1052000000002,868.7311,NaN,NaN,1508,13,0,0,0,2700
rc_202.4.txt,27,LateTo2Opt,1301829,2700,0,NaN,NaN,NaN,NaN,60.1052000000002,868.7311,NaN,NaN,1508,13,0,0,0,2700
rc_202.4.txt,27,AlwaysVND,1301829,2700,1,2690,NaN,0,0,0,884.1455,884.1455,0.114895401182805,0,0,46,8,1,2700
rc_202.4.txt,27,FB-CMPSO,1301829,2700,0,NaN,NaN,NaN,NaN,60.1052000000002,868.7311,NaN,NaN,1508,13,0,0,0,2700
rc_202.4.txt,27,RKPSO,1301830,2700,0,NaN,NaN,NaN,NaN,2664.5488,996.1482,NaN,NaN,0,0,0,0,0,2700
rc_202.4.txt,27,LateOnly,1301830,2700,0,NaN,NaN,NaN,NaN,207.5248,843.6555,NaN,NaN,1508,13,0,0,0,2700
rc_202.4.txt,27,LateTo2Opt,1301830,2700,0,NaN,NaN,NaN,NaN,207.5248,843.6555,NaN,NaN,1508,13,0,0,0,2700
rc_202.4.txt,27,AlwaysVND,1301830,2700,0,NaN,NaN,NaN,NaN,136.1321,938.3394,NaN,NaN,0,0,39,8,5,2700
rc_202.4.txt,27,FB-CMPSO,1301830,2700,0,NaN,NaN,NaN,NaN,207.5248,843.6555,NaN,NaN,1508,13,0,0,0,2700
rc_203.1.txt,18,RKPSO,1301901,1800,0,NaN,NaN,NaN,NaN,138.9917,592.17394,NaN,NaN,0,0,0,0,0,1800
rc_203.1.txt,18,LateOnly,1301901,1800,1,262,262,139.994,0.0910234070221067,0,458.2351,598.2291,0.0104857987121813,816,15,0,0,0,1800
rc_203.1.txt,18,LateTo2Opt,1301901,1800,1,262,262,92.2161,0.0599584525357608,0,506.013,598.2291,0.115844138661021,102,6,9,0,0,1800
rc_203.1.txt,18,AlwaysVND,1301901,1800,1,1003,1034,101.0614,0.131933942558747,0,487.5228,588.5842,0.0750701243715267,0,0,19,4,7,1800
rc_203.1.txt,18,FB-CMPSO,1301901,1800,1,262,262,115.7621,0.0752679453836151,0,482.467,598.2291,0.0639212313663227,102,6,6,7,3,1800
rc_203.1.txt,18,RKPSO,1301902,1800,0,NaN,NaN,NaN,NaN,88.6929,666.0812,NaN,NaN,0,0,0,0,0,1800
rc_203.1.txt,18,LateOnly,1301902,1800,1,700,706,136.3822,0.124663802559415,0,499.7479,636.1301,0.102028534885772,816,11,0,0,0,1800
rc_203.1.txt,18,LateTo2Opt,1301902,1800,1,700,706,113.7812,0.104004753199269,0,522.3489,636.1301,0.151867557554909,306,5,4,0,0,1800
rc_203.1.txt,18,AlwaysVND,1301902,1800,1,261,324,120.1004,0.0813688346883469,0,476.4322,627.0972,0.0506134779924142,0,0,19,4,3,1800
rc_203.1.txt,18,FB-CMPSO,1301902,1800,1,700,706,164.3706,0.150247349177331,0,471.7595,636.1301,0.0403093851989062,306,5,9,4,5,1800
rc_203.1.txt,18,RKPSO,1301903,1800,0,NaN,NaN,NaN,NaN,14.8442,612.1182,NaN,NaN,0,0,0,0,0,1800
rc_203.1.txt,18,LateOnly,1301903,1800,1,337,373,106.254,0.0744597056762438,0,468.5831,574.8371,0.0333048866543177,816,14,0,0,0,1800
rc_203.1.txt,18,LateTo2Opt,1301903,1800,1,337,373,73.4616,0.0514797477224947,0,501.3755,574.8371,0.105617667813354,153,6,4,0,0,1800
rc_203.1.txt,18,AlwaysVND,1301903,1800,1,340,395,130.7447,0.0930567259786477,0,482.0299,614.1576,0.0629573520331654,0,0,14,8,4,1800
rc_203.1.txt,18,FB-CMPSO,1301903,1800,1,337,373,100.24596,0.0702494463910301,0,474.59114,574.8371,0.0465536297080356,153,6,4,3,2,1800
rc_203.1.txt,18,RKPSO,1301904,1800,0,NaN,NaN,NaN,NaN,60.0247,552.2704,NaN,NaN,0,0,0,0,0,1800
rc_203.1.txt,18,LateOnly,1301904,1800,1,222,225,129.8274,0.0824300952380952,0,457.957,587.7844,0.00987254123665867,816,16,0,0,0,1800
rc_203.1.txt,18,LateTo2Opt,1301904,1800,1,222,225,84.2565999999999,0.0534962539682539,0,503.5278,587.7844,0.11036385287113,85,4,5,0,0,1800
rc_203.1.txt,18,AlwaysVND,1301904,1800,1,641,679,95.9324,0.0855775200713649,0,485.11314,606.78674,0.0697564170415454,0,0,25,4,2,1800
rc_203.1.txt,18,FB-CMPSO,1301904,1800,1,222,225,100.54826,0.0638401650793651,0,487.23614,587.7844,0.0744379906500838,85,4,4,3,4,1800
rc_203.1.txt,18,RKPSO,1301905,1800,0,NaN,NaN,NaN,NaN,15.2834,610.4207,NaN,NaN,0,0,0,0,0,1800
rc_203.1.txt,18,LateOnly,1301905,1800,1,936,965,111.824,0.133920958083832,0,469.1776,631.4997,0.0346158595748434,816,19,0,0,0,1800
rc_203.1.txt,18,LateTo2Opt,1301905,1800,1,936,965,67.4019999999999,0.0807209580838323,0,513.5996,631.4997,0.132573873158684,425,6,6,0,0,1800
rc_203.1.txt,18,AlwaysVND,1301905,1800,1,496,537,87.9882,0.0696660332541568,0,479.7634,567.7516,0.0579593366851899,0,0,25,7,2,1800
rc_203.1.txt,18,FB-CMPSO,1301905,1800,1,936,965,102.2625,0.122470059880239,0,478.7391,631.4997,0.0557005821645939,425,6,4,5,2,1800
rc_203.1.txt,18,RKPSO,1301906,1800,0,NaN,NaN,NaN,NaN,452.2499,520.6531,NaN,NaN,0,0,0,0,0,1800
rc_203.1.txt,18,LateOnly,1301906,1800,1,403,410,107.6801,0.0774676978417266,0,478.8574,586.5375,0.0559614536473493,816,13,0,0,0,1800
rc_203.1.txt,18,LateTo2Opt,1301906,1800,1,403,410,105.0779,0.0755956115107914,0,481.4596,586.5375,0.0616997442004058,170,6,5,0,0,1800
rc_203.1.txt,18,AlwaysVND,1301906,1800,1,616,679,59.1906,0.0528016057091882,0,492.5893,552.9668,0.0862426126841316,0,0,20,3,2,1800
rc_203.1.txt,18,FB-CMPSO,1301906,1800,1,403,410,103.6489,0.0745675539568346,0,482.8886,586.5375,0.0648509305812825,170,6,6,3,1,1800
rc_203.1.txt,18,RKPSO,1301907,1800,0,NaN,NaN,NaN,NaN,14.6345,595.4323,NaN,NaN,0,0,0,0,0,1800
rc_203.1.txt,18,LateOnly,1301907,1800,1,231,262,132.9412,0.0864377113133941,0,478.8574,611.7986,0.0559614536473493,816,16,0,0,0,1800
rc_203.1.txt,18,LateTo2Opt,1301907,1800,1,231,262,106.1088,0.0689914174252277,0,505.6898,611.7986,0.11513142806739,102,6,5,0,0,1800
rc_203.1.txt,18,AlwaysVND,1301907,1800,1,691,750,30.9924000000002,0.0295165714285716,0,480.2489,514.3809,0.0590299461938783,0,0,26,3,2,1800
rc_203.1.txt,18,FB-CMPSO,1301907,1800,1,231,262,132.5424,0.0861784135240573,0,479.2562,611.7986,0.0568408750110259,102,6,1,4,4,1800
rc_203.1.txt,18,RKPSO,1301908,1800,1,436,NaN,0,0,0,519.2695,595.7,0.145076960395166,0,0,0,0,0,1800
rc_203.1.txt,18,LateOnly,1301908,1800,1,307,336,141.8322,0.096879918032787,0,493.1734,635.0056,0.0875306518479315,816,20,0,0,0,1800
rc_203.1.txt,18,LateTo2Opt,1301908,1800,1,307,336,128.9926,0.0881096994535521,0,506.013,635.0056,0.115844138661021,136,8,8,0,0,1800
rc_203.1.txt,18,AlwaysVND,1301908,1800,1,496,537,128.3411,0.101616072842439,0,487.4039,615.745,0.0748079297874217,0,0,22,7,0,1800
rc_203.1.txt,18,FB-CMPSO,1301908,1800,1,307,336,177.2665,0.121083674863388,0,457.7391,635.0056,0.00939203492987548,136,8,6,7,4,1800
rc_203.1.txt,18,RKPSO,1301909,1800,1,744,NaN,0,0,0,478.7365,585.9776,0.0556948487254123,0,0,0,0,0,1800
rc_203.1.txt,18,LateOnly,1301909,1800,1,485,521,112.4452,0.087916497263487,0,474.5996,587.0448,0.0465722854370643,816,19,0,0,0,1800
rc_203.1.txt,18,LateTo2Opt,1301909,1800,1,485,521,85.4785599999999,0.066832337763878,0,501.56624,587.0448,0.106038281732381,221,9,8,0,0,1800
rc_203.1.txt,18,AlwaysVND,1301909,1800,1,445,466,71.959,0.0539422788605697,0,481.7876,553.7466,0.0624230396048338,0,0,14,7,4,1800
rc_203.1.txt,18,FB-CMPSO,1301909,1800,1,485,521,129.3057,0.101099061767005,0,457.7391,587.0448,0.00939203492987548,221,9,5,2,1,1800
rc_203.1.txt,18,RKPSO,1301910,1800,1,977,NaN,0,0,0,534.446,640.4667,0.178543706447914,0,0,0,0,0,1800
rc_203.1.txt,18,LateOnly,1301910,1800,1,212,225,137.5791,0.0873518095238096,0,476.3951,613.9742,0.050531666225633,816,14,0,0,0,1800
rc_203.1.txt,18,LateTo2Opt,1301910,1800,1,212,225,118.9007,0.075492507936508,0,495.0735,613.9742,0.0917206933051073,85,5,10,0,0,1800
rc_203.1.txt,18,AlwaysVND,1301910,1800,1,429,466,83.4216,0.0625349325337331,0,463.0548,551.4353,0.0211140513363323,0,0,15,4,3,1800
rc_203.1.txt,18,FB-CMPSO,1301910,1800,1,212,225,123.15376,0.0781928634920635,0,490.82044,613.9742,0.0823419775954838,85,5,6,4,3,1800
rc_203.1.txt,18,RKPSO,1301911,1800,1,194,NaN,0,0,0,526.7598,574.3807,0.161594337126224,0,0,0,0,0,1800
rc_203.1.txt,18,LateOnly,1301911,1800,1,690,706,92.9195599999999,0.0849356124314442,0,476.61464,569.5342,0.0510157890094381,816,18,0,0,0,1800
rc_203.1.txt,18,LateTo2Opt,1301911,1800,1,690,706,69.5437999999999,0.0635683729433272,0,499.9904,569.5342,0.102563288347887,306,8,4,0,0,1800
rc_203.1.txt,18,AlwaysVND,1301911,1800,1,764,821,104.2211,0.106456690500511,0,461.729,567.137,0.0181904383875804,0,0,18,8,3,1800
rc_203.1.txt,18,FB-CMPSO,1301911,1800,1,690,706,101.4428,0.092726508226691,0,468.0914,569.5342,0.0322206050983505,306,8,3,4,1,1800
rc_203.1.txt,18,RKPSO,1301912,1800,0,NaN,NaN,NaN,NaN,71.8764,636.1982,NaN,NaN,0,0,0,0,0,1800
rc_203.1.txt,18,LateOnly,1301912,1800,1,450,484,121.8677,0.0926046352583586,0,486.1361,608.0038,0.0720122166357943,816,15,0,0,0,1800
rc_203.1.txt,18,LateTo2Opt,1301912,1800,1,450,484,111.4204,0.0846659574468084,0,496.5834,608.0038,0.0950502778512836,204,7,6,0,0,1800
rc_203.1.txt,18,AlwaysVND,1301912,1800,1,1130,1176,21.1908,0.0339596153846153,0,490.5413,523.4461,0.0817264267442886,0,0,22,5,2,1800
rc_203.1.txt,18,FB-CMPSO,1301912,1800,1,450,484,130.7244,0.099334650455927,0,477.2794,608.0038,0.0524816970979977,204,7,9,2,2,1800
rc_203.1.txt,18,RKPSO,1301913,1800,1,508,NaN,0,0,0,528.9895,548.0995,0.166511202258093,0,0,0,0,0,1800
rc_203.1.txt,18,LateOnly,1301913,1800,1,380,410,117.82264,0.0847644892086331,0,479.2447,627.54804,0.0568155155684924,816,16,0,0,0,1800
rc_203.1.txt,18,LateTo2Opt,1301913,1800,1,380,410,102.6612,0.0738569784172661,0,494.40614,627.54804,0.0902490517773662,170,7,9,0,0,1800
rc_203.1.txt,18,AlwaysVND,1301913,1800,1,122,182,127.046,0.0785203955500618,0,482.1864,622.5782,0.0633024609685101,0,0,16,3,3,1800
rc_203.1.txt,18,FB-CMPSO,1301913,1800,1,380,410,119.18124,0.0857418992805755,0,477.8861,627.54804,0.053819573079298,170,7,8,5,3,1800
rc_203.1.txt,18,RKPSO,1301914,1800,0,NaN,NaN,NaN,NaN,71.9564,535.1112,NaN,NaN,0,0,0,0,0,1800
rc_203.1.txt,18,LateOnly,1301914,1800,1,396,410,88.74576,0.0638458705035971,0,479.83214,568.5779,0.0581109199964718,816,14,0,0,0,1800
rc_203.1.txt,18,LateTo2Opt,1301914,1800,1,396,410,72.8906,0.0524392805755396,0,495.6873,568.5779,0.0930742259857104,170,5,7,0,0,1800
rc_203.1.txt,18,AlwaysVND,1301914,1800,1,564,608,109.732,0.0920570469798659,0,458.2308,593.5282,0.0104763164858427,0,0,22,6,2,1800
rc_203.1.txt,18,FB-CMPSO,1301914,1800,1,396,410,110.3428,0.079383309352518,0,458.2351,568.5779,0.0104857987121813,170,5,2,1,3,1800
rc_203.1.txt,18,RKPSO,1301915,1800,0,NaN,NaN,NaN,NaN,287.5479,644.5956,NaN,NaN,0,0,0,0,0,1800
rc_203.1.txt,18,LateOnly,1301915,1800,1,525,558,207.5816,0.167134943639291,0,482.1436,689.7252,0.0632080797389081,816,16,0,0,0,1800
rc_203.1.txt,18,LateTo2Opt,1301915,1800,1,525,558,197.3247,0.158876570048309,0,492.4005,689.7252,0.0858262767928023,238,7,11,0,0,1800
rc_203.1.txt,18,AlwaysVND,1301915,1800,1,576,608,79.7655399999999,0.066917399328859,0,476.4493,556.21484,0.0506511863808768,0,0,19,9,2,1800
rc_203.1.txt,18,FB-CMPSO,1301915,1800,1,525,558,202.6936,0.163199355877617,0,487.0316,689.7252,0.0739869454000177,238,7,7,4,6,1800
rc_203.1.txt,18,RKPSO,1301916,1800,0,NaN,NaN,NaN,NaN,231.4461,582.2287,NaN,NaN,0,0,0,0,0,1800
rc_203.1.txt,18,LateOnly,1301916,1800,1,1662,1668,20.2515,0.153420454545454,0,535.6232,555.8747,0.181139631295757,816,13,0,0,0,1800
rc_203.1.txt,18,LateTo2Opt,1301916,1800,1,1662,1668,2.42359999999996,0.0183606060606058,0,553.4511,555.8747,0.220453162212225,748,11,1,0,0,1800
rc_203.1.txt,18,AlwaysVND,1301916,1800,1,724,750,111.1656,0.105872,0,476.8806,588.0462,0.0516022757343212,0,0,19,8,4,1800
rc_203.1.txt,18,FB-CMPSO,1301916,1800,1,1662,1668,15.9229999999999,0.120628787878787,0,539.9517,555.8747,0.190684704948399,748,11,2,0,0,1800
rc_203.1.txt,18,RKPSO,1301917,1800,1,947,NaN,0,0,0,581.4746,584.4797,0.282249713328041,0,0,0,0,0,1800
rc_203.1.txt,18,LateOnly,1301917,1800,1,201,225,104.57046,0.0663939428571428,0,479.98784,584.5583,0.0584542647966836,816,19,0,0,0,1800
rc_203.1.txt,18,LateTo2Opt,1301917,1800,1,201,225,108.34246,0.0687888634920635,0,476.21584,584.5583,0.0501363676457618,85,5,9,0,0,1800
rc_203.1.txt,18,AlwaysVND,1301917,1800,1,354,395,58.78966,0.0418431743772242,0,476.21584,535.0055,0.0501363676457618,0,0,12,3,3,1800
rc_203.1.txt,18,FB-CMPSO,1301917,1800,1,201,225,108.34246,0.0687888634920635,0,476.21584,584.5583,0.0501363676457618,85,5,7,3,1,1800
rc_203.1.txt,18,RKPSO,1301918,1800,1,874,NaN,0,0,0,570.6244,579.7204,0.25832318955632,0,0,0,0,0,1800
rc_203.1.txt,18,LateOnly,1301918,1800,1,472,484,131.7861,0.10014141337386,0,487.9341,619.7202,0.0759771103466526,816,16,0,0,0,1800
rc_203.1.txt,18,LateTo2Opt,1301918,1800,1,472,484,125.40776,0.0952946504559271,0,494.31244,619.7202,0.0900424274499425,204,8,10,0,0,1800
rc_203.1.txt,18,AlwaysVND,1301918,1800,1,442,466,135.79804,0.101797631184408,0,457.7391,593.53714,0.00939203492987548,0,0,15,5,4,1800
rc_203.1.txt,18,FB-CMPSO,1301918,1800,1,472,484,142.9263,0.108606610942249,0,476.7939,619.7202,0.0514110875893093,204,8,6,2,2,1800
rc_203.1.txt,18,RKPSO,1301919,1800,0,NaN,NaN,NaN,NaN,58.0980000000001,628.7012,NaN,NaN,0,0,0,0,0,1800
rc_203.1.txt,18,LateOnly,1301919,1800,1,604,632,98.6018600000001,0.0844194006849316,0,558.04174,656.6436,0.230576298844491,816,16,0,0,0,1800
rc_203.1.txt,18,LateTo2Opt,1301919,1800,1,604,632,91.0632000000001,0.0779650684931507,0,565.5804,656.6436,0.247200317544324,272,6,11,0,0,1800
rc_203.1.txt,18,AlwaysVND,1301919,1800,1,1363,1389,45.067,0.109652068126521,0,474.0625,519.1295,0.0453878892123136,0,0,12,8,5,1800
rc_203.1.txt,18,FB-CMPSO,1301919,1800,1,604,632,164.2431,0.140619092465753,0,492.4005,656.6436,0.0858262767928023,272,6,9,3,3,1800
rc_203.1.txt,18,RKPSO,1301920,1800,1,460,NaN,0,0,0,532.9359,644.6465,0.175213680867955,0,0,0,0,0,1800
rc_203.1.txt,18,LateOnly,1301920,1800,1,189,225,132.0031,0.083811492063492,0,479.1481,611.1512,0.0566024962512129,816,16,0,0,0,1800
rc_203.1.txt,18,LateTo2Opt,1301920,1800,1,189,225,91.2172,0.0579156825396826,0,519.934,611.1512,0.146542295139808,85,5,3,0,0,1800
rc_203.1.txt,18,AlwaysVND,1301920,1800,1,871,892,89.9243,0.0990355726872247,0,457.957,547.8813,0.00987254123665867,0,0,21,6,7,1800
rc_203.1.txt,18,FB-CMPSO,1301920,1800,1,189,225,131.31906,0.0833771809523809,0,479.83214,611.1512,0.0581109199964718,85,5,3,4,2,1800
rc_203.1.txt,18,RKPSO,1301921,1800,1,471,NaN,0,0,0,573.3113,640.5074,0.264248257916557,0,0,0,0,0,1800
rc_203.1.txt,18,LateOnly,1301921,1800,1,752,780,43.2063999999999,0.0423592156862744,0,519.904,569.6405,0.146476140072329,816,11,0,0,0,1800
rc_203.1.txt,18,LateTo2Opt,1301921,1800,1,752,780,57.7345999999999,0.0566025490196077,0,505.3758,569.6405,0.114439005027785,340,6,7,0,0,1800
rc_203.1.txt,18,AlwaysVND,1301921,1800,1,416,466,125.3182,0.0939416791604199,0,487.63494,629.24234,0.0753174120137601,0,0,14,7,2,1800
rc_203.1.txt,18,FB-CMPSO,1301921,1800,1,752,780,85.6283999999999,0.0839494117647058,0,477.482,569.6405,0.052928464320367,340,6,8,4,3,1800
rc_203.1.txt,18,RKPSO,1301922,1800,0,NaN,NaN,NaN,NaN,56.7697,561.214,NaN,NaN,0,0,0,0,0,1800
rc_203.1.txt,18,LateOnly,1301922,1800,1,1035,1039,8.99519999999995,0.0118202365308804,0,569.6987,578.6939,0.256281864690836,816,12,0,0,0,1800
rc_203.1.txt,18,LateTo2Opt,1301922,1800,1,1035,1039,18.4108,0.0241929040735874,0,560.2831,578.6939,0.235518876245921,459,7,5,0,0,1800
rc_203.1.txt,18,AlwaysVND,1301922,1800,1,506,537,48.0977,0.0380821060965954,0,476.8806,524.9783,0.0516022757343212,0,0,22,3,2,1800
rc_203.1.txt,18,FB-CMPSO,1301922,1800,1,1035,1039,16.3201,0.0214455978975033,0,562.3738,578.6939,0.240129222898474,459,7,1,3,1,1800
rc_203.1.txt,18,RKPSO,1301923,1800,0,NaN,NaN,NaN,NaN,10.1079,589.7852,NaN,NaN,0,0,0,0,0,1800
rc_203.1.txt,18,LateOnly,1301923,1800,1,124,151,81.8232000000001,0.0496198908429352,0,457.2541,539.0773,0.00832252800564505,816,11,0,0,0,1800
rc_203.1.txt,18,LateTo2Opt,1301923,1800,1,124,151,40.33626,0.0244610430563978,0,498.74104,539.0773,0.0998082385110699,51,3,6,0,0,1800
rc_203.1.txt,18,AlwaysVND,1301923,1800,1,354,395,75.7338000000001,0.0539030604982207,0,465.2826,567.2207,0.0260267266472611,0,0,13,5,2,1800
rc_203.1.txt,18,FB-CMPSO,1301923,1800,1,124,151,81.1203,0.0491936325045482,0,457.957,539.0773,0.00987254123665867,51,3,2,3,5,1800
rc_203.1.txt,18,RKPSO,1301924,1800,1,665,NaN,0,0,0,537.7262,573.7442,0.185777101525977,0,0,0,0,0,1800
rc_203.1.txt,18,LateOnly,1301924,1800,0,NaN,NaN,NaN,NaN,3.86789999999996,567.4826,NaN,NaN,816,5,0,0,0,1800
rc_203.1.txt,18,LateTo2Opt,1301924,1800,0,NaN,NaN,NaN,NaN,3.86789999999996,567.4826,NaN,NaN,816,5,0,0,0,1800
rc_203.1.txt,18,AlwaysVND,1301924,1800,1,227,253,34.8064,0.0224992889463478,0,457.957,492.7634,0.00987254123665867,0,0,10,3,3,1800
rc_203.1.txt,18,FB-CMPSO,1301924,1800,0,NaN,NaN,NaN,NaN,3.86789999999996,567.4826,NaN,NaN,816,5,0,0,0,1800
rc_203.1.txt,18,RKPSO,1301925,1800,1,316,NaN,0,0,0,520.2959,628.2874,0.147340345770486,0,0,0,0,0,1800
rc_203.1.txt,18,LateOnly,1301925,1800,1,227,262,139.78336,0.0908864499349805,0,479.98784,625.3097,0.0584542647966836,816,17,0,0,0,1800
rc_203.1.txt,18,LateTo2Opt,1301925,1800,1,227,262,123.1878,0.0800960988296489,0,496.5834,625.3097,0.0950502778512836,102,6,5,0,0,1800
rc_203.1.txt,18,AlwaysVND,1301925,1800,1,511,537,148.4009,0.11749873317498,0,476.8806,625.2815,0.0516022757343212,0,0,24,6,2,1800
rc_203.1.txt,18,FB-CMPSO,1301925,1800,1,227,262,143.55536,0.0933389856957088,0,476.21584,625.3097,0.0501363676457618,102,6,4,1,6,1800
rc_203.1.txt,18,RKPSO,1301926,1800,0,NaN,NaN,NaN,NaN,43.5620000000004,617.3659,NaN,NaN,0,0,0,0,0,1800
rc_203.1.txt,18,LateOnly,1301926,1800,1,390,410,161.727,0.11635035971223,0,457.2541,618.9811,0.00832252800564505,816,19,0,0,0,1800
rc_203.1.txt,18,LateTo2Opt,1301926,1800,1,390,410,90.7411,0.0652813669064748,0,528.24,618.9811,0.164858428155597,170,10,7,0,0,1800
rc_203.1.txt,18,AlwaysVND,1301926,1800,1,576,608,44.89576,0.0376642281879195,0,506.27104,567.5703,0.11641316044809,0,0,19,3,3,1800
rc_203.1.txt,18,FB-CMPSO,1301926,1800,1,390,410,160.7503,0.115647697841727,0,458.2308,618.9811,0.0104763164858427,170,10,8,8,1,1800
rc_203.1.txt,18,RKPSO,1301927,1800,1,1022,NaN,0,0,0,576.0488,576.2159,0.270284907823939,0,0,0,0,0,1800
rc_203.1.txt,18,LateOnly,1301927,1800,1,1147,1150,88.3961,0.135994,0,513.7438,602.1399,0.132891858516362,816,9,0,0,0,1800
rc_203.1.txt,18,LateTo2Opt,1301927,1800,1,1147,1150,96.2869000000001,0.148133692307692,0,505.853,602.1399,0.115491311634471,510,4,7,0,0,1800
rc_203.1.txt,18,AlwaysVND,1301927,1800,1,569,608,36.2105999999999,0.0303780201342281,0,477.482,513.6926,0.052928464320367,0,0,16,2,4,1800
rc_203.1.txt,18,FB-CMPSO,1301927,1800,1,1147,1150,106.3898,0.163676615384615,0,495.7501,602.1399,0.0932127105936316,510,4,5,4,0,1800
rc_203.1.txt,18,RKPSO,1301928,1800,1,166,NaN,0,0,0,522.0067,652.9074,0.151112948751875,0,0,0,0,0,1800
rc_203.1.txt,18,LateOnly,1301928,1800,1,569,595,129.1517,0.107179834024896,0,484.2351,614.5141,0.0678201905265943,816,15,0,0,0,1800
rc_203.1.txt,18,LateTo2Opt,1301928,1800,1,569,595,120.7975,0.100246887966805,0,492.5893,614.5141,0.0862426126841316,255,7,6,0,0,1800
rc_203.1.txt,18,AlwaysVND,1301928,1800,1,327,395,83.598,0.0595003558718861,0,477.8861,567.8841,0.053819573079298,0,0,14,2,5,1800
rc_203.1.txt,18,FB-CMPSO,1301928,1800,1,569,595,136.5062,0.113283153526971,0,476.8806,614.5141,0.0516022757343212,255,7,7,6,1,1800
rc_203.1.txt,18,RKPSO,1301929,1800,1,820,NaN,0,0,0,500.248,616.6976,0.103131339860633,0,0,0,0,0,1800
rc_203.1.txt,18,LateOnly,1301929,1800,1,589,595,171.4121,0.142250705394191,0,487.4902,658.9023,0.0749982358648671,816,15,0,0,0,1800
rc_203.1.txt,18,LateTo2Opt,1301929,1800,1,589,595,173.6485,0.144106639004149,0,485.2538,658.9023,0.0700665961012613,255,6,9,0,0,1800
rc_203.1.txt,18,AlwaysVND,1301929,1800,1,558,608,103.5444,0.0868661073825503,0,477.8861,582.0034,0.053819573079298,0,0,19,6,2,1800
rc_203.1.txt,18,FB-CMPSO,1301929,1800,1,589,595,174.7853,0.145050041493776,0,484.117,658.9023,0.0675597600776218,255,6,7,5,3,1800
rc_203.1.txt,18,RKPSO,1301930,1800,1,1087,NaN,0,0,0,626.2545,680.6103,0.380996956866896,0,0,0,0,0,1800
rc_203.1.txt,18,LateOnly,1301930,1800,1,276,299,163.8735,0.109176215856096,0,484.1621,648.0356,0.0676592131957308,816,19,0,0,0,1800
rc_203.1.txt,18,LateTo2Opt,1301930,1800,1,276,299,141.0015,0.0939383744170554,0,507.0341,648.0356,0.118095836641087,119,7,9,0,0,1800
rc_203.1.txt,18,AlwaysVND,1301930,1800,0,NaN,NaN,NaN,NaN,4,545.5241,NaN,NaN,0,0,14,3,3,1800
rc_203.1.txt,18,FB-CMPSO,1301930,1800,1,276,299,163.8735,0.109176215856096,0,484.1621,648.0356,0.0676592131957308,119,7,9,2,3,1800
rc_203.2.txt,32,RKPSO,1302001,3200,0,NaN,NaN,NaN,NaN,4142.9635,1139.4241,NaN,NaN,0,0,0,0,0,3200
rc_203.2.txt,32,LateOnly,1302001,3200,1,3003,3049,8.15300000000002,0.0539933774834438,0,941.7885,949.9415,0.201015736584371,1922,32,0,0,0,3200
rc_203.2.txt,32,LateTo2Opt,1302001,3200,1,3003,3049,23.1645,0.153407284768212,0,926.777,949.9415,0.181872321975107,1829,30,1,0,0,3200
rc_203.2.txt,32,AlwaysVND,1302001,3200,0,NaN,NaN,NaN,NaN,231.2296,1034.1809,NaN,NaN,0,0,50,10,2,3200
rc_203.2.txt,32,FB-CMPSO,1302001,3200,1,3003,3049,6.97220000000004,0.0461735099337751,0,942.9693,949.9415,0.202521551724138,1829,30,1,0,0,3200
rc_203.2.txt,32,RKPSO,1302002,3200,0,NaN,NaN,NaN,NaN,2817.6067,1113.5572,NaN,NaN,0,0,0,0,0,3200
rc_203.2.txt,32,LateOnly,1302002,3200,0,NaN,NaN,NaN,NaN,162.9909,1010.1589,NaN,NaN,1922,27,0,0,0,3200
rc_203.2.txt,32,LateTo2Opt,1302002,3200,0,NaN,NaN,NaN,NaN,162.9909,1010.1589,NaN,NaN,1922,27,0,0,0,3200
rc_203.2.txt,32,AlwaysVND,1302002,3200,1,3167,NaN,0,0,0,913.1324,913.1324,0.164472046521118,0,0,52,9,2,3200
rc_203.2.txt,32,FB-CMPSO,1302002,3200,0,NaN,NaN,NaN,NaN,162.9909,1010.1589,NaN,NaN,1922,27,0,0,0,3200
rc_203.2.txt,32,RKPSO,1302003,3200,0,NaN,NaN,NaN,NaN,4786.744,1079.238,NaN,NaN,0,0,0,0,0,3200
rc_203.2.txt,32,LateOnly,1302003,3200,0,NaN,NaN,NaN,NaN,167.13,1018.3086,NaN,NaN,1922,22,0,0,0,3200
rc_203.2.txt,32,LateTo2Opt,1302003,3200,0,NaN,NaN,NaN,NaN,167.13,1018.3086,NaN,NaN,1922,22,0,0,0,3200
rc_203.2.txt,32,AlwaysVND,1302003,3200,0,NaN,NaN,NaN,NaN,146.0029,1035.048,NaN,NaN,0,0,40,13,1,3200
rc_203.2.txt,32,FB-CMPSO,1302003,3200,0,NaN,NaN,NaN,NaN,167.13,1018.3086,NaN,NaN,1922,22,0,0,0,3200
rc_203.2.txt,32,RKPSO,1302004,3200,0,NaN,NaN,NaN,NaN,4514.2887,1324.8881,NaN,NaN,0,0,0,0,0,3200
rc_203.2.txt,32,LateOnly,1302004,3200,0,NaN,NaN,NaN,NaN,1111.76,1074.247,NaN,NaN,1922,20,0,0,0,3200
rc_203.2.txt,32,LateTo2Opt,1302004,3200,0,NaN,NaN,NaN,NaN,1111.76,1074.247,NaN,NaN,1922,20,0,0,0,3200
rc_203.2.txt,32,AlwaysVND,1302004,3200,0,NaN,NaN,NaN,NaN,573.0219,974.1958,NaN,NaN,0,0,47,14,2,3200
rc_203.2.txt,32,FB-CMPSO,1302004,3200,0,NaN,NaN,NaN,NaN,1111.76,1074.247,NaN,NaN,1922,20,0,0,0,3200
rc_203.2.txt,32,RKPSO,1302005,3200,0,NaN,NaN,NaN,NaN,1747.1074,1117.3696,NaN,NaN,0,0,0,0,0,3200
rc_203.2.txt,32,LateOnly,1302005,3200,0,NaN,NaN,NaN,NaN,613.4619,1057.8899,NaN,NaN,1922,22,0,0,0,3200
rc_203.2.txt,32,LateTo2Opt,1302005,3200,0,NaN,NaN,NaN,NaN,613.4619,1057.8899,NaN,NaN,1922,22,0,0,0,3200
rc_203.2.txt,32,AlwaysVND,1302005,3200,0,NaN,NaN,NaN,NaN,530.85,957.7455,NaN,NaN,0,0,36,11,2,3200
rc_203.2.txt,32,FB-CMPSO,1302005,3200,0,NaN,NaN,NaN,NaN,613.4619,1057.8899,NaN,NaN,1922,22,0,0,0,3200
rc_203.2.txt,32,RKPSO,1302006,3200,0,NaN,NaN,NaN,NaN,2534.3948,1146.3121,NaN,NaN,0,0,0,0,0,3200
rc_203.2.txt,32,LateOnly,1302006,3200,0,NaN,NaN,NaN,NaN,1417.1027,1104.9033,NaN,NaN,1922,14,0,0,0,3200
rc_203.2.txt,32,LateTo2Opt,1302006,3200,0,NaN,NaN,NaN,NaN,1417.1027,1104.9033,NaN,NaN,1922,14,0,0,0,3200
rc_203.2.txt,32,AlwaysVND,1302006,3200,1,1902,1961,45.0183,0.0363343825665859,0,868.0688,918.7952,0.107004692919812,0,0,38,5,6,3200
rc_203.2.txt,32,FB-CMPSO,1302006,3200,0,NaN,NaN,NaN,NaN,1417.1027,1104.9033,NaN,NaN,1922,14,0,0,0,3200
rc_203.2.txt,32,RKPSO,1302007,3200,0,NaN,NaN,NaN,NaN,4898.3387,1148.3076,NaN,NaN,0,0,0,0,0,3200
rc_203.2.txt,32,LateOnly,1302007,3200,0,NaN,NaN,NaN,NaN,1866.2085,1102.7266,NaN,NaN,1922,12,0,0,0,3200
rc_203.2.txt,32,LateTo2Opt,1302007,3200,0,NaN,NaN,NaN,NaN,1866.2085,1102.7266,NaN,NaN,1922,12,0,0,0,3200
rc_203.2.txt,32,AlwaysVND,1302007,3200,0,NaN,NaN,NaN,NaN,596.7033,916.0951,NaN,NaN,0,0,48,7,6,3200
rc_203.2.txt,32,FB-CMPSO,1302007,3200,0,NaN,NaN,NaN,NaN,1866.2085,1102.7266,NaN,NaN,1922,12,0,0,0,3200
rc_203.2.txt,32,RKPSO,1302008,3200,0,NaN,NaN,NaN,NaN,1270.0194,1106.5264,NaN,NaN,0,0,0,0,0,3200
rc_203.2.txt,32,LateOnly,1302008,3200,0,NaN,NaN,NaN,NaN,1927.0122,1217.7077,NaN,NaN,1922,16,0,0,0,3200
rc_203.2.txt,32,LateTo2Opt,1302008,3200,0,NaN,NaN,NaN,NaN,1927.0122,1217.7077,NaN,NaN,1922,16,0,0,0,3200
rc_203.2.txt,32,AlwaysVND,1302008,3200,1,3065,3091,0,0,0,951.2041,951.2041,0.213022980004081,0,0,44,7,2,3200
rc_203.2.txt,32,FB-CMPSO,1302008,3200,0,NaN,NaN,NaN,NaN,1927.0122,1217.7077,NaN,NaN,1922,16,0,0,0,3200
rc_203.2.txt,32,RKPSO,1302009,3200,0,NaN,NaN,NaN,NaN,3326.6537,1197.5743,NaN,NaN,0,0,0,0,0,3200
rc_203.2.txt,32,LateOnly,1302009,3200,0,NaN,NaN,NaN,NaN,180.6203,979.5088,NaN,NaN,1922,21,0,0,0,3200
rc_203.2.txt,32,LateTo2Opt,1302009,3200,0,NaN,NaN,NaN,NaN,180.6203,979.5088,NaN,NaN,1922,21,0,0,0,3200
rc_203.2.txt,32,AlwaysVND,1302009,3200,0,NaN,NaN,NaN,NaN,78.2761999999998,973.6908,NaN,NaN,0,0,50,8,1,3200
rc_203.2.txt,32,FB-CMPSO,1302009,3200,0,NaN,NaN,NaN,NaN,180.6203,979.5088,NaN,NaN,1922,21,0,0,0,3200
rc_203.2.txt,32,RKPSO,1302010,3200,0,NaN,NaN,NaN,NaN,2666.2256,1251.8694,NaN,NaN,0,0,0,0,0,3200
rc_203.2.txt,32,LateOnly,1302010,3200,0,NaN,NaN,NaN,NaN,483.1829,1091.4541,NaN,NaN,1922,16,0,0,0,3200
rc_203.2.txt,32,LateTo2Opt,1302010,3200,0,NaN,NaN,NaN,NaN,483.1829,1091.4541,NaN,NaN,1922,16,0,0,0,3200
rc_203.2.txt,32,AlwaysVND,1302010,3200,0,NaN,NaN,NaN,NaN,113.354,1007.2726,NaN,NaN,0,0,32,13,1,3200
rc_203.2.txt,32,FB-CMPSO,1302010,3200,0,NaN,NaN,NaN,NaN,483.1829,1091.4541,NaN,NaN,1922,16,0,0,0,3200
rc_203.2.txt,32,RKPSO,1302011,3200,0,NaN,NaN,NaN,NaN,3643.7549,1257.0344,NaN,NaN,0,0,0,0,0,3200
rc_203.2.txt,32,LateOnly,1302011,3200,0,NaN,NaN,NaN,NaN,317.4309,1021.1644,NaN,NaN,1922,27,0,0,0,3200
rc_203.2.txt,32,LateTo2Opt,1302011,3200,0,NaN,NaN,NaN,NaN,317.4309,1021.1644,NaN,NaN,1922,27,0,0,0,3200
rc_203.2.txt,32,AlwaysVND,1302011,3200,0,NaN,NaN,NaN,NaN,64.2718000000003,966.0454,NaN,NaN,0,0,41,9,4,3200
rc_203.2.txt,32,FB-CMPSO,1302011,3200,0,NaN,NaN,NaN,NaN,317.4309,1021.1644,NaN,NaN,1922,27,0,0,0,3200
rc_203.2.txt,32,RKPSO,1302012,3200,0,NaN,NaN,NaN,NaN,4594.8442,1348.2828,NaN,NaN,0,0,0,0,0,3200
rc_203.2.txt,32,LateOnly,1302012,3200,0,NaN,NaN,NaN,NaN,8.66820000000007,941.9618,NaN,NaN,1922,21,0,0,0,3200
rc_203.2.txt,32,LateTo2Opt,1302012,3200,0,NaN,NaN,NaN,NaN,8.66820000000007,941.9618,NaN,NaN,1922,21,0,0,0,3200
rc_203.2.txt,32,AlwaysVND,1302012,3200,0,NaN,NaN,NaN,NaN,214.858400000001,994.5304,NaN,NaN,0,0,46,7,3,3200
rc_203.2.txt,32,FB-CMPSO,1302012,3200,0,NaN,NaN,NaN,NaN,8.66820000000007,941.9618,NaN,NaN,1922,21,0,0,0,3200
rc_203.2.txt,32,RKPSO,1302013,3200,0,NaN,NaN,NaN,NaN,5320.2905,1231.2167,NaN,NaN,0,0,0,0,0,3200
rc_203.2.txt,32,LateOnly,1302013,3200,0,NaN,NaN,NaN,NaN,148.0776,1001.8507,NaN,NaN,1922,19,0,0,0,3200
rc_203.2.txt,32,LateTo2Opt,1302013,3200,0,NaN,NaN,NaN,NaN,148.0776,1001.8507,NaN,NaN,1922,19,0,0,0,3200
rc_203.2.txt,32,AlwaysVND,1302013,3200,0,NaN,NaN,NaN,NaN,191.6221,1005.2251,NaN,NaN,0,0,41,10,5,3200
rc_203.2.txt,32,FB-CMPSO,1302013,3200,0,NaN,NaN,NaN,NaN,148.0776,1001.8507,NaN,NaN,1922,19,0,0,0,3200
rc_203.2.txt,32,RKPSO,1302014,3200,0,NaN,NaN,NaN,NaN,2538.0163,1207.5257,NaN,NaN,0,0,0,0,0,3200
rc_203.2.txt,32,LateOnly,1302014,3200,0,NaN,NaN,NaN,NaN,354.0871,1001.8401,NaN,NaN,1922,17,0,0,0,3200
rc_203.2.txt,32,LateTo2Opt,1302014,3200,0,NaN,NaN,NaN,NaN,354.0871,1001.8401,NaN,NaN,1922,17,0,0,0,3200
rc_203.2.txt,32,AlwaysVND,1302014,3200,0,NaN,NaN,NaN,NaN,10.7824000000001,887.5969,NaN,NaN,0,0,38,9,4,3200
rc_203.2.txt,32,FB-CMPSO,1302014,3200,0,NaN,NaN,NaN,NaN,354.0871,1001.8401,NaN,NaN,1922,17,0,0,0,3200
rc_203.2.txt,32,RKPSO,1302015,3200,0,NaN,NaN,NaN,NaN,2912.25,1151.5766,NaN,NaN,0,0,0,0,0,3200
rc_203.2.txt,32,LateOnly,1302015,3200,0,NaN,NaN,NaN,NaN,192.3845,1025.9563,NaN,NaN,1922,22,0,0,0,3200
rc_203.2.txt,32,LateTo2Opt,1302015,3200,0,NaN,NaN,NaN,NaN,192.3845,1025.9563,NaN,NaN,1922,22,0,0,0,3200
rc_203.2.txt,32,AlwaysVND,1302015,3200,0,NaN,NaN,NaN,NaN,1051.5363,929.1293,NaN,NaN,0,0,57,8,0,3200
rc_203.2.txt,32,FB-CMPSO,1302015,3200,0,NaN,NaN,NaN,NaN,192.3845,1025.9563,NaN,NaN,1922,22,0,0,0,3200
rc_203.2.txt,32,RKPSO,1302016,3200,0,NaN,NaN,NaN,NaN,3550.3999,1052.184,NaN,NaN,0,0,0,0,0,3200
rc_203.2.txt,32,LateOnly,1302016,3200,0,NaN,NaN,NaN,NaN,664.024199999999,1014.8581,NaN,NaN,1922,12,0,0,0,3200
rc_203.2.txt,32,LateTo2Opt,1302016,3200,0,NaN,NaN,NaN,NaN,664.024199999999,1014.8581,NaN,NaN,1922,12,0,0,0,3200
rc_203.2.txt,32,AlwaysVND,1302016,3200,0,NaN,NaN,NaN,NaN,121.713600000001,957.6248,NaN,NaN,0,0,44,13,2,3200
rc_203.2.txt,32,FB-CMPSO,1302016,3200,0,NaN,NaN,NaN,NaN,664.024199999999,1014.8581,NaN,NaN,1922,12,0,0,0,3200
rc_203.2.txt,32,RKPSO,1302017,3200,0,NaN,NaN,NaN,NaN,2286.2537,1171.9982,NaN,NaN,0,0,0,0,0,3200
rc_203.2.txt,32,LateOnly,1302017,3200,0,NaN,NaN,NaN,NaN,624.320200000001,1033.4498,NaN,NaN,1922,26,0,0,0,3200
rc_203.2.txt,32,LateTo2Opt,1302017,3200,0,NaN,NaN,NaN,NaN,624.320200000001,1033.4498,NaN,NaN,1922,26,0,0,0,3200
rc_203.2.txt,32,AlwaysVND,1302017,3200,0,NaN,NaN,NaN,NaN,29.1722000000001,924.3528,NaN,NaN,0,0,43,10,1,3200
rc_203.2.txt,32,FB-CMPSO,1302017,3200,0,NaN,NaN,NaN,NaN,624.320200000001,1033.4498,NaN,NaN,1922,26,0,0,0,3200
rc_203.2.txt,32,RKPSO,1302018,3200,0,NaN,NaN,NaN,NaN,3410.4155,963.0408,NaN,NaN,0,0,0,0,0,3200
rc_203.2.txt,32,LateOnly,1302018,3200,0,NaN,NaN,NaN,NaN,958.562400000001,1080.5033,NaN,NaN,1922,18,0,0,0,3200
rc_203.2.txt,32,LateTo2Opt,1302018,3200,0,NaN,NaN,NaN,NaN,958.562400000001,1080.5033,NaN,NaN,1922,18,0,0,0,3200
rc_203.2.txt,32,AlwaysVND,1302018,3200,0,NaN,NaN,NaN,NaN,18.841,945.795,NaN,NaN,0,0,41,10,3,3200
rc_203.2.txt,32,FB-CMPSO,1302018,3200,0,NaN,NaN,NaN,NaN,958.562400000001,1080.5033,NaN,NaN,1922,18,0,0,0,3200
rc_203.2.txt,32,RKPSO,1302019,3200,0,NaN,NaN,NaN,NaN,4358.0325,1194.1006,NaN,NaN,0,0,0,0,0,3200
rc_203.2.txt,32,LateOnly,1302019,3200,0,NaN,NaN,NaN,NaN,390.1289,1020.0269,NaN,NaN,1922,18,0,0,0,3200
rc_203.2.txt,32,LateTo2Opt,1302019,3200,0,NaN,NaN,NaN,NaN,390.1289,1020.0269,NaN,NaN,1922,18,0,0,0,3200
rc_203.2.txt,32,AlwaysVND,1302019,3200,0,NaN,NaN,NaN,NaN,43.3932,973.8184,NaN,NaN,0,0,50,5,3,3200
rc_203.2.txt,32,FB-CMPSO,1302019,3200,0,NaN,NaN,NaN,NaN,390.1289,1020.0269,NaN,NaN,1922,18,0,0,0,3200
rc_203.2.txt,32,RKPSO,1302020,3200,0,NaN,NaN,NaN,NaN,4614.2455,1264.4697,NaN,NaN,0,0,0,0,0,3200
rc_203.2.txt,32,LateOnly,1302020,3200,1,3134,3151,0,0,0,933.208,935.2259,0.190073454397062,1922,25,0,0,0,3200
rc_203.2.txt,32,LateTo2Opt,1302020,3200,1,3134,3151,3.99720000000002,0.0815755102040821,0,929.2108,935.2259,0.184976025300959,1891,25,1,0,0,3200
rc_203.2.txt,32,AlwaysVND,1302020,3200,0,NaN,NaN,NaN,NaN,557.2736,900.7803,NaN,NaN,0,0,35,10,6,3200
rc_203.2.txt,32,FB-CMPSO,1302020,3200,1,3134,3151,19.6966,0.401971428571428,0,913.5114,935.2259,0.164955366251786,1891,25,2,0,0,3200
rc_203.2.txt,32,RKPSO,1302021,3200,0,NaN,NaN,NaN,NaN,1494.2656,1186.4212,NaN,NaN,0,0,0,0,0,3200
rc_203.2.txt,32,LateOnly,1302021,3200,0,NaN,NaN,NaN,NaN,1518.0406,1135.9212,NaN,NaN,1922,19,0,0,0,3200
rc_203.2.txt,32,LateTo2Opt,1302021,3200,0,NaN,NaN,NaN,NaN,1518.0406,1135.9212,NaN,NaN,1922,19,0,0,0,3200
rc_203.2.txt,32,AlwaysVND,1302021,3200,0,NaN,NaN,NaN,NaN,241.1157,1055.0386,NaN,NaN,0,0,41,13,3,3200
rc_203.2.txt,32,FB-CMPSO,1302021,3200,0,NaN,NaN,NaN,NaN,1518.0406,1135.9212,NaN,NaN,1922,19,0,0,0,3200
rc_203.2.txt,32,RKPSO,1302022,3200,0,NaN,NaN,NaN,NaN,3402.3445,1304.5115,NaN,NaN,0,0,0,0,0,3200
rc_203.2.txt,32,LateOnly,1302022,3200,0,NaN,NaN,NaN,NaN,589.771799999999,1045.3563,NaN,NaN,1922,23,0,0,0,3200
rc_203.2.txt,32,LateTo2Opt,1302022,3200,0,NaN,NaN,NaN,NaN,589.771799999999,1045.3563,NaN,NaN,1922,23,0,0,0,3200
rc_203.2.txt,32,AlwaysVND,1302022,3200,1,2250,2300,94.2729999999998,0.104747777777778,0,845.8515,940.1245,0.0786720822281172,0,0,53,7,1,3200
rc_203.2.txt,32,FB-CMPSO,1302022,3200,0,NaN,NaN,NaN,NaN,589.771799999999,1045.3563,NaN,NaN,1922,23,0,0,0,3200
rc_203.2.txt,32,RKPSO,1302023,3200,0,NaN,NaN,NaN,NaN,4627.2367,1197.4411,NaN,NaN,0,0,0,0,0,3200
rc_203.2.txt,32,LateOnly,1302023,3200,0,NaN,NaN,NaN,NaN,824.724000000001,1051.1933,NaN,NaN,1922,14,0,0,0,3200
rc_203.2.txt,32,LateTo2Opt,1302023,3200,0,NaN,NaN,NaN,NaN,824.724000000001,1051.1933,NaN,NaN,1922,14,0,0,0,3200
rc_203.2.txt,32,AlwaysVND,1302023,3200,0,NaN,NaN,NaN,NaN,546.9599,929.4533,NaN,NaN,0,0,39,12,4,3200
rc_203.2.txt,32,FB-CMPSO,1302023,3200,0,NaN,NaN,NaN,NaN,824.724000000001,1051.1933,NaN,NaN,1922,14,0,0,0,3200
rc_203.2.txt,32,RKPSO,1302024,3200,0,NaN,NaN,NaN,NaN,2228.0991,1085.0359,NaN,NaN,0,0,0,0,0,3200
rc_203.2.txt,32,LateOnly,1302024,3200,0,NaN,NaN,NaN,NaN,1647.4901,1147.8735,NaN,NaN,1922,17,0,0,0,3200
rc_203.2.txt,32,LateTo2Opt,1302024,3200,0,NaN,NaN,NaN,NaN,1647.4901,1147.8735,NaN,NaN,1922,17,0,0,0,3200
rc_203.2.txt,32,AlwaysVND,1302024,3200,0,NaN,NaN,NaN,NaN,48.0442000000002,987.8498,NaN,NaN,0,0,48,10,1,3200
rc_203.2.txt,32,FB-CMPSO,1302024,3200,0,NaN,NaN,NaN,NaN,1647.4901,1147.8735,NaN,NaN,1922,17,0,0,0,3200
rc_203.2.txt,32,RKPSO,1302025,3200,0,NaN,NaN,NaN,NaN,860.9382,1051.5413,NaN,NaN,0,0,0,0,0,3200
rc_203.2.txt,32,LateOnly,1302025,3200,0,NaN,NaN,NaN,NaN,138.653700000001,946.6318,NaN,NaN,1922,26,0,0,0,3200
rc_203.2.txt,32,LateTo2Opt,1302025,3200,0,NaN,NaN,NaN,NaN,138.653700000001,946.6318,NaN,NaN,1922,26,0,0,0,3200
rc_203.2.txt,32,AlwaysVND,1302025,3200,0,NaN,NaN,NaN,NaN,45.6624,986.9018,NaN,NaN,0,0,55,7,3,3200
rc_203.2.txt,32,FB-CMPSO,1302025,3200,0,NaN,NaN,NaN,NaN,138.653700000001,946.6318,NaN,NaN,1922,26,0,0,0,3200
rc_203.2.txt,32,RKPSO,1302026,3200,0,NaN,NaN,NaN,NaN,2379.9162,1240.0535,NaN,NaN,0,0,0,0,0,3200
rc_203.2.txt,32,LateOnly,1302026,3200,0,NaN,NaN,NaN,NaN,1758.772,1208.5593,NaN,NaN,1922,18,0,0,0,3200
rc_203.2.txt,32,LateTo2Opt,1302026,3200,0,NaN,NaN,NaN,NaN,1758.772,1208.5593,NaN,NaN,1922,18,0,0,0,3200
rc_203.2.txt,32,AlwaysVND,1302026,3200,0,NaN,NaN,NaN,NaN,213.321,1028.9354,NaN,NaN,0,0,44,10,3,3200
rc_203.2.txt,32,FB-CMPSO,1302026,3200,0,NaN,NaN,NaN,NaN,1758.772,1208.5593,NaN,NaN,1922,18,0,0,0,3200
rc_203.2.txt,32,RKPSO,1302027,3200,0,NaN,NaN,NaN,NaN,2640.894,1100.0246,NaN,NaN,0,0,0,0,0,3200
rc_203.2.txt,32,LateOnly,1302027,3200,0,NaN,NaN,NaN,NaN,517.5421,1021.9078,NaN,NaN,1922,25,0,0,0,3200
rc_203.2.txt,32,LateTo2Opt,1302027,3200,0,NaN,NaN,NaN,NaN,517.5421,1021.9078,NaN,NaN,1922,25,0,0,0,3200
rc_203.2.txt,32,AlwaysVND,1302027,3200,0,NaN,NaN,NaN,NaN,61.9117,979.0696,NaN,NaN,0,0,42,9,4,3200
rc_203.2.txt,32,FB-CMPSO,1302027,3200,0,NaN,NaN,NaN,NaN,517.5421,1021.9078,NaN,NaN,1922,25,0,0,0,3200
rc_203.2.txt,32,RKPSO,1302028,3200,0,NaN,NaN,NaN,NaN,2757.388,1132.0973,NaN,NaN,0,0,0,0,0,3200
rc_203.2.txt,32,LateOnly,1302028,3200,0,NaN,NaN,NaN,NaN,191.5435,1002.2188,NaN,NaN,1922,21,0,0,0,3200
rc_203.2.txt,32,LateTo2Opt,1302028,3200,0,NaN,NaN,NaN,NaN,191.5435,1002.2188,NaN,NaN,1922,21,0,0,0,3200
rc_203.2.txt,32,AlwaysVND,1302028,3200,0,NaN,NaN,NaN,NaN,44.5073000000003,1000.4248,NaN,NaN,0,0,44,9,2,3200
rc_203.2.txt,32,FB-CMPSO,1302028,3200,0,NaN,NaN,NaN,NaN,191.5435,1002.2188,NaN,NaN,1922,21,0,0,0,3200
rc_203.2.txt,32,RKPSO,1302029,3200,0,NaN,NaN,NaN,NaN,3446.2435,1196.802,NaN,NaN,0,0,0,0,0,3200
rc_203.2.txt,32,LateOnly,1302029,3200,0,NaN,NaN,NaN,NaN,123.5949,1007.2,NaN,NaN,1922,17,0,0,0,3200
rc_203.2.txt,32,LateTo2Opt,1302029,3200,0,NaN,NaN,NaN,NaN,123.5949,1007.2,NaN,NaN,1922,17,0,0,0,3200
rc_203.2.txt,32,AlwaysVND,1302029,3200,0,NaN,NaN,NaN,NaN,19.5626000000001,942.0693,NaN,NaN,0,0,44,8,5,3200
rc_203.2.txt,32,FB-CMPSO,1302029,3200,0,NaN,NaN,NaN,NaN,123.5949,1007.2,NaN,NaN,1922,17,0,0,0,3200
rc_203.2.txt,32,RKPSO,1302030,3200,0,NaN,NaN,NaN,NaN,1902.8546,1153.4976,NaN,NaN,0,0,0,0,0,3200
rc_203.2.txt,32,LateOnly,1302030,3200,0,NaN,NaN,NaN,NaN,91.2836,978.4654,NaN,NaN,1922,22,0,0,0,3200
rc_203.2.txt,32,LateTo2Opt,1302030,3200,0,NaN,NaN,NaN,NaN,91.2836,978.4654,NaN,NaN,1922,22,0,0,0,3200
rc_203.2.txt,32,AlwaysVND,1302030,3200,1,3142,NaN,0,0,0,893.7994,893.7994,0.139817639257294,0,0,55,11,0,3200
rc_203.2.txt,32,FB-CMPSO,1302030,3200,0,NaN,NaN,NaN,NaN,91.2836,978.4654,NaN,NaN,1922,22,0,0,0,3200
rc_203.3.txt,36,RKPSO,1302101,3600,0,NaN,NaN,NaN,NaN,2490.2396,1195.5851,NaN,NaN,0,0,0,0,0,3600
rc_203.3.txt,36,LateOnly,1302101,3600,0,NaN,NaN,NaN,NaN,587.019699999999,1026.7507,NaN,NaN,2275,29,0,0,0,3600
rc_203.3.txt,36,LateTo2Opt,1302101,3600,0,NaN,NaN,NaN,NaN,587.019699999999,1026.7507,NaN,NaN,2275,29,0,0,0,3600
rc_203.3.txt,36,AlwaysVND,1302101,3600,0,NaN,NaN,NaN,NaN,49.1673999999999,964.1137,NaN,NaN,0,0,48,11,2,3600
rc_203.3.txt,36,FB-CMPSO,1302101,3600,0,NaN,NaN,NaN,NaN,587.019699999999,1026.7507,NaN,NaN,2275,29,0,0,0,3600
rc_203.3.txt,36,RKPSO,1302102,3600,0,NaN,NaN,NaN,NaN,3340.4861,1151.537,NaN,NaN,0,0,0,0,0,3600
rc_203.3.txt,36,LateOnly,1302102,3600,0,NaN,NaN,NaN,NaN,1209.6454,1124.8587,NaN,NaN,2275,24,0,0,0,3600
rc_203.3.txt,36,LateTo2Opt,1302102,3600,0,NaN,NaN,NaN,NaN,1209.6454,1124.8587,NaN,NaN,2275,24,0,0,0,3600
rc_203.3.txt,36,AlwaysVND,1302102,3600,0,NaN,NaN,NaN,NaN,124.4797,1022.3846,NaN,NaN,0,0,44,13,1,3600
rc_203.3.txt,36,FB-CMPSO,1302102,3600,0,NaN,NaN,NaN,NaN,1209.6454,1124.8587,NaN,NaN,2275,24,0,0,0,3600
rc_203.3.txt,36,RKPSO,1302103,3600,0,NaN,NaN,NaN,NaN,4244.5441,1364.3706,NaN,NaN,0,0,0,0,0,3600
rc_203.3.txt,36,LateOnly,1302103,3600,0,NaN,NaN,NaN,NaN,603.178700000001,1053.921,NaN,NaN,2275,28,0,0,0,3600
rc_203.3.txt,36,LateTo2Opt,1302103,3600,0,NaN,NaN,NaN,NaN,603.178700000001,1053.921,NaN,NaN,2275,28,0,0,0,3600
rc_203.3.txt,36,AlwaysVND,1302103,3600,0,NaN,NaN,NaN,NaN,187.5047,1000.4176,NaN,NaN,0,0,48,12,1,3600
rc_203.3.txt,36,FB-CMPSO,1302103,3600,0,NaN,NaN,NaN,NaN,603.178700000001,1053.921,NaN,NaN,2275,28,0,0,0,3600
rc_203.3.txt,36,RKPSO,1302104,3600,0,NaN,NaN,NaN,NaN,4848.5805,1214.9614,NaN,NaN,0,0,0,0,0,3600
rc_203.3.txt,36,LateOnly,1302104,3600,0,NaN,NaN,NaN,NaN,850.1951,1083.9418,NaN,NaN,2275,26,0,0,0,3600
rc_203.3.txt,36,LateTo2Opt,1302104,3600,0,NaN,NaN,NaN,NaN,850.1951,1083.9418,NaN,NaN,2275,26,0,0,0,3600
rc_203.3.txt,36,AlwaysVND,1302104,3600,0,NaN,NaN,NaN,NaN,32.0665999999997,935.8946,NaN,NaN,0,0,43,11,3,3600
rc_203.3.txt,36,FB-CMPSO,1302104,3600,0,NaN,NaN,NaN,NaN,850.1951,1083.9418,NaN,NaN,2275,26,0,0,0,3600
rc_203.3.txt,36,RKPSO,1302105,3600,0,NaN,NaN,NaN,NaN,3976.3619,1293.9428,NaN,NaN,0,0,0,0,0,3600
rc_203.3.txt,36,LateOnly,1302105,3600,0,NaN,NaN,NaN,NaN,965.436100000001,1129.318,NaN,NaN,2275,30,0,0,0,3600
rc_203.3.txt,36,LateTo2Opt,1302105,3600,0,NaN,NaN,NaN,NaN,965.436100000001,1129.318,NaN,NaN,2275,30,0,0,0,3600
rc_203.3.txt,36,AlwaysVND,1302105,3600,0,NaN,NaN,NaN,NaN,191.6221,1089.0107,NaN,NaN,0,0,55,8,1,3600
rc_203.3.txt,36,FB-CMPSO,1302105,3600,0,NaN,NaN,NaN,NaN,965.436100000001,1129.318,NaN,NaN,2275,30,0,0,0,3600
rc_203.3.txt,36,RKPSO,1302106,3600,0,NaN,NaN,NaN,NaN,4004.044,1209.5216,NaN,NaN,0,0,0,0,0,3600
rc_203.3.txt,36,LateOnly,1302106,3600,0,NaN,NaN,NaN,NaN,1281.8205,1155.4068,NaN,NaN,2275,18,0,0,0,3600
rc_203.3.txt,36,LateTo2Opt,1302106,3600,0,NaN,NaN,NaN,NaN,1281.8205,1155.4068,NaN,NaN,2275,18,0,0,0,3600
rc_203.3.txt,36,AlwaysVND,1302106,3600,0,NaN,NaN,NaN,NaN,12.1806999999997,891.9278,NaN,NaN,0,0,53,10,2,3600
rc_203.3.txt,36,FB-CMPSO,1302106,3600,0,NaN,NaN,NaN,NaN,1281.8205,1155.4068,NaN,NaN,2275,18,0,0,0,3600
rc_203.3.txt,36,RKPSO,1302107,3600,0,NaN,NaN,NaN,NaN,5360.9138,1504.0095,NaN,NaN,0,0,0,0,0,3600
rc_203.3.txt,36,LateOnly,1302107,3600,0,NaN,NaN,NaN,NaN,475.218,1038.3693,NaN,NaN,2275,28,0,0,0,3600
rc_203.3.txt,36,LateTo2Opt,1302107,3600,0,NaN,NaN,NaN,NaN,475.218,1038.3693,NaN,NaN,2275,28,0,0,0,3600
rc_203.3.txt,36,AlwaysVND,1302107,3600,0,NaN,NaN,NaN,NaN,220.9861,1000.9414,NaN,NaN,0,0,56,9,0,3600
rc_203.3.txt,36,FB-CMPSO,1302107,3600,0,NaN,NaN,NaN,NaN,475.218,1038.3693,NaN,NaN,2275,28,0,0,0,3600
rc_203.3.txt,36,RKPSO,1302108,3600,0,NaN,NaN,NaN,NaN,6832.9924,1470.3855,NaN,NaN,0,0,0,0,0,3600
rc_203.3.txt,36,LateOnly,1302108,3600,0,NaN,NaN,NaN,NaN,1966.9153,1235.4729,NaN,NaN,2275,19,0,0,0,3600
rc_203.3.txt,36,LateTo2Opt,1302108,3600,0,NaN,NaN,NaN,NaN,1966.9153,1235.4729,NaN,NaN,2275,19,0,0,0,3600
rc_203.3.txt,36,AlwaysVND,1302108,3600,0,NaN,NaN,NaN,NaN,585.0341,982.4379,NaN,NaN,0,0,51,11,1,3600
rc_203.3.txt,36,FB-CMPSO,1302108,3600,0,NaN,NaN,NaN,NaN,1966.9153,1235.4729,NaN,NaN,2275,19,0,0,0,3600
rc_203.3.txt,36,RKPSO,1302109,3600,0,NaN,NaN,NaN,NaN,4431.9663,1300.604,NaN,NaN,0,0,0,0,0,3600
rc_203.3.txt,36,LateOnly,1302109,3600,0,NaN,NaN,NaN,NaN,1790.0094,1228.6939,NaN,NaN,2275,17,0,0,0,3600
rc_203.3.txt,36,LateTo2Opt,1302109,3600,0,NaN,NaN,NaN,NaN,1790.0094,1228.6939,NaN,NaN,2275,17,0,0,0,3600
rc_203.3.txt,36,AlwaysVND,1302109,3600,0,NaN,NaN,NaN,NaN,215.2601,1031.4164,NaN,NaN,0,0,46,14,2,3600
rc_203.3.txt,36,FB-CMPSO,1302109,3600,0,NaN,NaN,NaN,NaN,1790.0094,1228.6939,NaN,NaN,2275,17,0,0,0,3600
rc_203.3.txt,36,RKPSO,1302110,3600,0,NaN,NaN,NaN,NaN,9550.5389,1345.7442,NaN,NaN,0,0,0,0,0,3600
rc_203.3.txt,36,LateOnly,1302110,3600,0,NaN,NaN,NaN,NaN,12.5477,939.8815,NaN,NaN,2275,28,0,0,0,3600
rc_203.3.txt,36,LateTo2Opt,1302110,3600,0,NaN,NaN,NaN,NaN,12.5477,939.8815,NaN,NaN,2275,28,0,0,0,3600
rc_203.3.txt,36,AlwaysVND,1302110,3600,0,NaN,NaN,NaN,NaN,724.5426,1084.4927,NaN,NaN,0,0,52,12,0,3600
rc_203.3.txt,36,FB-CMPSO,1302110,3600,0,NaN,NaN,NaN,NaN,12.5477,939.8815,NaN,NaN,2275,28,0,0,0,3600
rc_203.3.txt,36,RKPSO,1302111,3600,0,NaN,NaN,NaN,NaN,4175.2341,1298.3225,NaN,NaN,0,0,0,0,0,3600
rc_203.3.txt,36,LateOnly,1302111,3600,0,NaN,NaN,NaN,NaN,2621.0077,1180.0801,NaN,NaN,2275,20,0,0,0,3600
rc_203.3.txt,36,LateTo2Opt,1302111,3600,0,NaN,NaN,NaN,NaN,2621.0077,1180.0801,NaN,NaN,2275,20,0,0,0,3600
rc_203.3.txt,36,AlwaysVND,1302111,3600,0,NaN,NaN,NaN,NaN,828.072,1187.2299,NaN,NaN,0,0,45,7,5,3600
rc_203.3.txt,36,FB-CMPSO,1302111,3600,0,NaN,NaN,NaN,NaN,2621.0077,1180.0801,NaN,NaN,2275,20,0,0,0,3600
rc_203.3.txt,36,RKPSO,1302112,3600,0,NaN,NaN,NaN,NaN,3126.478,1307.3623,NaN,NaN,0,0,0,0,0,3600
rc_203.3.txt,36,LateOnly,1302112,3600,0,NaN,NaN,NaN,NaN,1355.6531,1197.56,NaN,NaN,2275,27,0,0,0,3600
rc_203.3.txt,36,LateTo2Opt,1302112,3600,0,NaN,NaN,NaN,NaN,1355.6531,1197.56,NaN,NaN,2275,27,0,0,0,3600
rc_203.3.txt,36,AlwaysVND,1302112,3600,0,NaN,NaN,NaN,NaN,248.3252,962.5584,NaN,NaN,0,0,52,7,3,3600
rc_203.3.txt,36,FB-CMPSO,1302112,3600,0,NaN,NaN,NaN,NaN,1355.6531,1197.56,NaN,NaN,2275,27,0,0,0,3600
rc_203.3.txt,36,RKPSO,1302113,3600,0,NaN,NaN,NaN,NaN,4316.3707,1310.0564,NaN,NaN,0,0,0,0,0,3600
rc_203.3.txt,36,LateOnly,1302113,3600,0,NaN,NaN,NaN,NaN,1241.604,1162.7411,NaN,NaN,2275,28,0,0,0,3600
rc_203.3.txt,36,LateTo2Opt,1302113,3600,0,NaN,NaN,NaN,NaN,1241.604,1162.7411,NaN,NaN,2275,28,0,0,0,3600
rc_203.3.txt,36,AlwaysVND,1302113,3600,0,NaN,NaN,NaN,NaN,331.203299999999,1130.641,NaN,NaN,0,0,59,9,0,3600
rc_203.3.txt,36,FB-CMPSO,1302113,3600,0,NaN,NaN,NaN,NaN,1241.604,1162.7411,NaN,NaN,2275,28,0,0,0,3600
rc_203.3.txt,36,RKPSO,1302114,3600,0,NaN,NaN,NaN,NaN,2541.6202,1173.63,NaN,NaN,0,0,0,0,0,3600
rc_203.3.txt,36,LateOnly,1302114,3600,0,NaN,NaN,NaN,NaN,302.9555,1038.1259,NaN,NaN,2275,31,0,0,0,3600
rc_203.3.txt,36,LateTo2Opt,1302114,3600,0,NaN,NaN,NaN,NaN,302.9555,1038.1259,NaN,NaN,2275,31,0,0,0,3600
rc_203.3.txt,36,AlwaysVND,1302114,3600,0,NaN,NaN,NaN,NaN,153.621,977.1781,NaN,NaN,0,0,56,8,0,3600
rc_203.3.txt,36,FB-CMPSO,1302114,3600,0,NaN,NaN,NaN,NaN,302.9555,1038.1259,NaN,NaN,2275,31,0,0,0,3600
rc_203.3.txt,36,RKPSO,1302115,3600,0,NaN,NaN,NaN,NaN,5816.0635,1296.8481,NaN,NaN,0,0,0,0,0,3600
rc_203.3.txt,36,LateOnly,1302115,3600,0,NaN,NaN,NaN,NaN,93.2389999999997,998.7651,NaN,NaN,2275,28,0,0,0,3600
rc_203.3.txt,36,LateTo2Opt,1302115,3600,0,NaN,NaN,NaN,NaN,93.2389999999997,998.7651,NaN,NaN,2275,28,0,0,0,3600
rc_203.3.txt,36,AlwaysVND,1302115,3600,0,NaN,NaN,NaN,NaN,453.8624,1075.8561,NaN,NaN,0,0,46,10,2,3600
rc_203.3.txt,36,FB-CMPSO,1302115,3600,0,NaN,NaN,NaN,NaN,93.2389999999997,998.7651,NaN,NaN,2275,28,0,0,0,3600
rc_203.3.txt,36,RKPSO,1302116,3600,0,NaN,NaN,NaN,NaN,3432.203,1176.8333,NaN,NaN,0,0,0,0,0,3600
rc_203.3.txt,36,LateOnly,1302116,3600,0,NaN,NaN,NaN,NaN,1037.8029,1123.4053,NaN,NaN,2275,23,0,0,0,3600
rc_203.3.txt,36,LateTo2Opt,1302116,3600,0,NaN,NaN,NaN,NaN,1037.8029,1123.4053,NaN,NaN,2275,23,0,0,0,3600
rc_203.3.txt,36,AlwaysVND,1302116,3600,0,NaN,NaN,NaN,NaN,58.9910999999998,939.8889,NaN,NaN,0,0,58,8,2,3600
rc_203.3.txt,36,FB-CMPSO,1302116,3600,0,NaN,NaN,NaN,NaN,1037.8029,1123.4053,NaN,NaN,2275,23,0,0,0,3600
rc_203.3.txt,36,RKPSO,1302117,3600,0,NaN,NaN,NaN,NaN,4172.2256,1307.5351,NaN,NaN,0,0,0,0,0,3600
rc_203.3.txt,36,LateOnly,1302117,3600,0,NaN,NaN,NaN,NaN,1158.2184,1195.261,NaN,NaN,2275,27,0,0,0,3600
rc_203.3.txt,36,LateTo2Opt,1302117,3600,0,NaN,NaN,NaN,NaN,1158.2184,1195.261,NaN,NaN,2275,27,0,0,0,3600
rc_203.3.txt,36,AlwaysVND,1302117,3600,0,NaN,NaN,NaN,NaN,244.516,1064.8792,NaN,NaN,0,0,59,11,0,3600
rc_203.3.txt,36,FB-CMPSO,1302117,3600,0,NaN,NaN,NaN,NaN,1158.2184,1195.261,NaN,NaN,2275,27,0,0,0,3600
rc_203.3.txt,36,RKPSO,1302118,3600,0,NaN,NaN,NaN,NaN,4838.841,1375.6391,NaN,NaN,0,0,0,0,0,3600
rc_203.3.txt,36,LateOnly,1302118,3600,0,NaN,NaN,NaN,NaN,1211.7537,1124.7633,NaN,NaN,2275,33,0,0,0,3600
rc_203.3.txt,36,LateTo2Opt,1302118,3600,0,NaN,NaN,NaN,NaN,1211.7537,1124.7633,NaN,NaN,2275,33,0,0,0,3600
rc_203.3.txt,36,AlwaysVND,1302118,3600,0,NaN,NaN,NaN,NaN,1140.6088,1155.0884,NaN,NaN,0,0,45,13,1,3600
rc_203.3.txt,36,FB-CMPSO,1302118,3600,0,NaN,NaN,NaN,NaN,1211.7537,1124.7633,NaN,NaN,2275,33,0,0,0,3600
rc_203.3.txt,36,RKPSO,1302119,3600,0,NaN,NaN,NaN,NaN,1096.4553,1148.4165,NaN,NaN,0,0,0,0,0,3600
rc_203.3.txt,36,LateOnly,1302119,3600,0,NaN,NaN,NaN,NaN,551.6383,1076.4376,NaN,NaN,2275,22,0,0,0,3600
rc_203.3.txt,36,LateTo2Opt,1302119,3600,0,NaN,NaN,NaN,NaN,551.6383,1076.4376,NaN,NaN,2275,22,0,0,0,3600
rc_203.3.txt,36,AlwaysVND,1302119,3600,0,NaN,NaN,NaN,NaN,154.7634,976.9416,NaN,NaN,0,0,54,9,1,3600
rc_203.3.txt,36,FB-CMPSO,1302119,3600,0,NaN,NaN,NaN,NaN,551.6383,1076.4376,NaN,NaN,2275,22,0,0,0,3600
rc_203.3.txt,36,RKPSO,1302120,3600,0,NaN,NaN,NaN,NaN,10259.3906,1397.5346,NaN,NaN,0,0,0,0,0,3600
rc_203.3.txt,36,LateOnly,1302120,3600,0,NaN,NaN,NaN,NaN,991.040700000001,1117.3853,NaN,NaN,2275,22,0,0,0,3600
rc_203.3.txt,36,LateTo2Opt,1302120,3600,0,NaN,NaN,NaN,NaN,991.040700000001,1117.3853,NaN,NaN,2275,22,0,0,0,3600
rc_203.3.txt,36,AlwaysVND,1302120,3600,0,NaN,NaN,NaN,NaN,322.6634,1038.4511,NaN,NaN,0,0,40,10,3,3600
rc_203.3.txt,36,FB-CMPSO,1302120,3600,0,NaN,NaN,NaN,NaN,991.040700000001,1117.3853,NaN,NaN,2275,22,0,0,0,3600
rc_203.3.txt,36,RKPSO,1302121,3600,0,NaN,NaN,NaN,NaN,4181.7053,1289.3502,NaN,NaN,0,0,0,0,0,3600
rc_203.3.txt,36,LateOnly,1302121,3600,0,NaN,NaN,NaN,NaN,787.0044,1114.4103,NaN,NaN,2275,26,0,0,0,3600
rc_203.3.txt,36,LateTo2Opt,1302121,3600,0,NaN,NaN,NaN,NaN,787.0044,1114.4103,NaN,NaN,2275,26,0,0,0,3600
rc_203.3.txt,36,AlwaysVND,1302121,3600,0,NaN,NaN,NaN,NaN,309.9353,1013.1318,NaN,NaN,0,0,52,8,2,3600
rc_203.3.txt,36,FB-CMPSO,1302121,3600,0,NaN,NaN,NaN,NaN,787.0044,1114.4103,NaN,NaN,2275,26,0,0,0,3600
rc_203.3.txt,36,RKPSO,1302122,3600,0,NaN,NaN,NaN,NaN,6164.5904,1361.0939,NaN,NaN,0,0,0,0,0,3600
rc_203.3.txt,36,LateOnly,1302122,3600,0,NaN,NaN,NaN,NaN,929.4022,1099.4033,NaN,NaN,2275,36,0,0,0,3600
rc_203.3.txt,36,LateTo2Opt,1302122,3600,0,NaN,NaN,NaN,NaN,929.4022,1099.4033,NaN,NaN,2275,36,0,0,0,3600
rc_203.3.txt,36,AlwaysVND,1302122,3600,0,NaN,NaN,NaN,NaN,171.5867,943.0089,NaN,NaN,0,0,52,10,1,3600
rc_203.3.txt,36,FB-CMPSO,1302122,3600,0,NaN,NaN,NaN,NaN,929.4022,1099.4033,NaN,NaN,2275,36,0,0,0,3600
rc_203.3.txt,36,RKPSO,1302123,3600,0,NaN,NaN,NaN,NaN,2758.351,1306.3854,NaN,NaN,0,0,0,0,0,3600
rc_203.3.txt,36,LateOnly,1302123,3600,0,NaN,NaN,NaN,NaN,1073.7036,1157.2174,NaN,NaN,2275,25,0,0,0,3600
rc_203.3.txt,36,LateTo2Opt,1302123,3600,0,NaN,NaN,NaN,NaN,1073.7036,1157.2174,NaN,NaN,2275,25,0,0,0,3600
rc_203.3.txt,36,AlwaysVND,1302123,3600,0,NaN,NaN,NaN,NaN,418.4292,1042.5455,NaN,NaN,0,0,48,13,1,3600
rc_203.3.txt,36,FB-CMPSO,1302123,3600,0,NaN,NaN,NaN,NaN,1073.7036,1157.2174,NaN,NaN,2275,25,0,0,0,3600
rc_203.3.txt,36,RKPSO,1302124,3600,0,NaN,NaN,NaN,NaN,6435.1284,1509.5641,NaN,NaN,0,0,0,0,0,3600
rc_203.3.txt,36,LateOnly,1302124,3600,0,NaN,NaN,NaN,NaN,808.1048,1063.3212,NaN,NaN,2275,32,0,0,0,3600
rc_203.3.txt,36,LateTo2Opt,1302124,3600,0,NaN,NaN,NaN,NaN,808.1048,1063.3212,NaN,NaN,2275,32,0,0,0,3600
rc_203.3.txt,36,AlwaysVND,1302124,3600,0,NaN,NaN,NaN,NaN,28.0739000000002,925.0524,NaN,NaN,0,0,50,4,4,3600
rc_203.3.txt,36,FB-CMPSO,1302124,3600,0,NaN,NaN,NaN,NaN,808.1048,1063.3212,NaN,NaN,2275,32,0,0,0,3600
rc_203.3.txt,36,RKPSO,1302125,3600,0,NaN,NaN,NaN,NaN,5498.3189,1481.8152,NaN,NaN,0,0,0,0,0,3600
rc_203.3.txt,36,LateOnly,1302125,3600,0,NaN,NaN,NaN,NaN,1166.7156,1114.547,NaN,NaN,2275,21,0,0,0,3600
rc_203.3.txt,36,LateTo2Opt,1302125,3600,0,NaN,NaN,NaN,NaN,1166.7156,1114.547,NaN,NaN,2275,21,0,0,0,3600
rc_203.3.txt,36,AlwaysVND,1302125,3600,1,3187,3290,17.9869,0.0580222580645161,0,864.4528,882.4397,0.0573958142208846,0,0,63,6,0,3600
rc_203.3.txt,36,FB-CMPSO,1302125,3600,0,NaN,NaN,NaN,NaN,1166.7156,1114.547,NaN,NaN,2275,21,0,0,0,3600
rc_203.3.txt,36,RKPSO,1302126,3600,0,NaN,NaN,NaN,NaN,4405.2951,1316.3353,NaN,NaN,0,0,0,0,0,3600
rc_203.3.txt,36,LateOnly,1302126,3600,0,NaN,NaN,NaN,NaN,903.9202,1074.4904,NaN,NaN,2275,30,0,0,0,3600
rc_203.3.txt,36,LateTo2Opt,1302126,3600,0,NaN,NaN,NaN,NaN,903.9202,1074.4904,NaN,NaN,2275,30,0,0,0,3600
rc_203.3.txt,36,AlwaysVND,1302126,3600,0,NaN,NaN,NaN,NaN,289.8609,1078.5073,NaN,NaN,0,0,59,10,0,3600
rc_203.3.txt,36,FB-CMPSO,1302126,3600,0,NaN,NaN,NaN,NaN,903.9202,1074.4904,NaN,NaN,2275,30,0,0,0,3600
rc_203.3.txt,36,RKPSO,1302127,3600,0,NaN,NaN,NaN,NaN,6885.4702,1360.9856,NaN,NaN,0,0,0,0,0,3600
rc_203.3.txt,36,LateOnly,1302127,3600,0,NaN,NaN,NaN,NaN,1571.8696,1184.5512,NaN,NaN,2275,28,0,0,0,3600
rc_203.3.txt,36,LateTo2Opt,1302127,3600,0,NaN,NaN,NaN,NaN,1571.8696,1184.5512,NaN,NaN,2275,28,0,0,0,3600
rc_203.3.txt,36,AlwaysVND,1302127,3600,0,NaN,NaN,NaN,NaN,614.4511,994.9852,NaN,NaN,0,0,48,9,3,3600
rc_203.3.txt,36,FB-CMPSO,1302127,3600,0,NaN,NaN,NaN,NaN,1571.8696,1184.5512,NaN,NaN,2275,28,0,0,0,3600
rc_203.3.txt,36,RKPSO,1302128,3600,0,NaN,NaN,NaN,NaN,4173.3443,1301.5313,NaN,NaN,0,0,0,0,0,3600
rc_203.3.txt,36,LateOnly,1302128,3600,0,NaN,NaN,NaN,NaN,1403.7522,1194.0464,NaN,NaN,2275,22,0,0,0,3600
rc_203.3.txt,36,LateTo2Opt,1302128,3600,0,NaN,NaN,NaN,NaN,1403.7522,1194.0464,NaN,NaN,2275,22,0,0,0,3600
rc_203.3.txt,36,AlwaysVND,1302128,3600,0,NaN,NaN,NaN,NaN,962.598199999999,1013.9955,NaN,NaN,0,0,57,9,3,3600
rc_203.3.txt,36,FB-CMPSO,1302128,3600,0,NaN,NaN,NaN,NaN,1403.7522,1194.0464,NaN,NaN,2275,22,0,0,0,3600
rc_203.3.txt,36,RKPSO,1302129,3600,0,NaN,NaN,NaN,NaN,3585.0219,1264.064,NaN,NaN,0,0,0,0,0,3600
rc_203.3.txt,36,LateOnly,1302129,3600,0,NaN,NaN,NaN,NaN,1330.2728,1121.907,NaN,NaN,2275,25,0,0,0,3600
rc_203.3.txt,36,LateTo2Opt,1302129,3600,0,NaN,NaN,NaN,NaN,1330.2728,1121.907,NaN,NaN,2275,25,0,0,0,3600
rc_203.3.txt,36,AlwaysVND,1302129,3600,0,NaN,NaN,NaN,NaN,422.24,988.434,NaN,NaN,0,0,52,9,0,3600
rc_203.3.txt,36,FB-CMPSO,1302129,3600,0,NaN,NaN,NaN,NaN,1330.2728,1121.907,NaN,NaN,2275,25,0,0,0,3600
rc_203.3.txt,36,RKPSO,1302130,3600,0,NaN,NaN,NaN,NaN,4189.9884,1333.0568,NaN,NaN,0,0,0,0,0,3600
rc_203.3.txt,36,LateOnly,1302130,3600,0,NaN,NaN,NaN,NaN,2459.2508,1260.9501,NaN,NaN,2275,17,0,0,0,3600
rc_203.3.txt,36,LateTo2Opt,1302130,3600,0,NaN,NaN,NaN,NaN,2459.2508,1260.9501,NaN,NaN,2275,17,0,0,0,3600
rc_203.3.txt,36,AlwaysVND,1302130,3600,0,NaN,NaN,NaN,NaN,6.08650000000006,947.5516,NaN,NaN,0,0,49,9,3,3600
rc_203.3.txt,36,FB-CMPSO,1302130,3600,0,NaN,NaN,NaN,NaN,2459.2508,1260.9501,NaN,NaN,2275,17,0,0,0,3600
rc_203.4.txt,14,RKPSO,1302201,1400,1,42,NaN,0,0,0,440.4265,650.1371,0.401337936300868,0,0,0,0,0,1400
rc_203.4.txt,14,LateOnly,1302201,1400,1,41,73,114.0422,0.0859398643556896,0,396.8687,540.6475,0.262746826179643,540,11,0,0,0,1400
rc_203.4.txt,14,LateTo2Opt,1302201,1400,1,41,73,131.3418,0.0989764883195177,0,379.5691,540.6475,0.207703394953705,13,1,8,0,0,1400
rc_203.4.txt,14,AlwaysVND,1302201,1400,1,158,158,193.3086,0.155642995169082,0,314.2893,507.5979,-2.22724235613129e-06,0,0,16,3,5,1400
rc_203.4.txt,14,FB-CMPSO,1302201,1400,1,41,73,134.0712,0.101033308214017,0,376.8397,540.6475,0.199019058831016,13,1,9,1,3,1400
rc_203.4.txt,14,RKPSO,1302202,1400,1,14,NaN,0,0,0,446.1619,533.9496,0.419586687454262,0,0,0,0,0,1400
rc_203.4.txt,14,LateOnly,1302202,1400,1,14,40,137.0082,0.100741323529412,0,396.9414,533.9496,0.262978141207165,540,12,0,0,0,1400
rc_203.4.txt,14,LateTo2Opt,1302202,1400,1,14,40,150.1613,0.110412720588235,0,383.7883,533.9496,0.221127939164466,0,0,7,0,0,1400
rc_203.4.txt,14,AlwaysVND,1302202,1400,1,14,40,190.2816,0.139912941176471,0,343.668,533.9496,0.0934741798975466,0,0,6,4,6,1400
rc_203.4.txt,14,FB-CMPSO,1302202,1400,1,14,40,190.2816,0.139912941176471,0,343.668,533.9496,0.0934741798975466,0,0,6,4,6,1400
rc_203.4.txt,14,RKPSO,1302203,1400,1,63,NaN,0,0,0,463.8251,492.3303,0.475787011995291,0,0,0,0,0,1400
rc_203.4.txt,14,LateOnly,1302203,1400,1,55,73,265.663,0.200198191409194,0,380.9736,646.6366,0.21217219765185,540,18,0,0,0,1400
rc_203.4.txt,14,LateTo2Opt,1302203,1400,1,55,73,241.8006,0.182215975885456,0,404.836,646.6366,0.28809698049572,13,1,9,0,0,1400
rc_203.4.txt,14,AlwaysVND,1302203,1400,1,54,99,186.719,0.143519600307456,0,314.2893,557.4572,-2.22724235613129e-06,0,0,11,2,3,1400
rc_203.4.txt,14,FB-CMPSO,1302203,1400,1,55,73,302.9686,0.228310926902788,0,343.668,646.6366,0.0934741798975466,13,1,17,6,2,1400
rc_203.4.txt,14,RKPSO,1302204,1400,1,9,NaN,0,0,0,446.485,534.8838,0.420614718890197,0,0,0,0,0,1400
rc_203.4.txt,14,LateOnly,1302204,1400,1,9,40,220.5945,0.162201838235294,0,314.2893,534.8838,-2.22724235613129e-06,540,13,0,0,0,1400
rc_203.4.txt,14,LateTo2Opt,1302204,1400,1,9,40,176.8027,0.130001985294118,0,358.0811,534.8838,0.139333418180661,0,0,12,0,0,1400
rc_203.4.txt,14,AlwaysVND,1302204,1400,1,9,40,191.2158,0.140599852941177,0,343.668,534.8838,0.0934741798975466,0,0,15,2,4,1400
rc_203.4.txt,14,FB-CMPSO,1302204,1400,1,9,40,191.2158,0.140599852941177,0,343.668,534.8838,0.0934741798975466,0,0,15,2,4,1400
rc_203.4.txt,14,RKPSO,1302205,1400,1,55,NaN,0,0,0,415.2384,647.118,0.321195074612619,0,0,0,0,0,1400
rc_203.4.txt,14,LateOnly,1302205,1400,1,41,73,99.5248,0.0749998492840994,0,435.8629,580.5706,0.386817588851061,540,10,0,0,0,1400
rc_203.4.txt,14,LateTo2Opt,1302205,1400,1,41,73,141.8246,0.106876111529766,0,393.5631,580.5706,0.252229151420662,13,1,8,0,0,1400
rc_203.4.txt,14,AlwaysVND,1302205,1400,1,45,99,169.1358,0.130004458109147,0,382.1203,572.9314,0.215820738808107,0,0,10,2,7,1400
rc_203.4.txt,14,FB-CMPSO,1302205,1400,1,41,73,141.9191,0.106947324792766,0,393.4686,580.5706,0.251928473702631,13,1,7,0,1,1400
rc_203.4.txt,14,RKPSO,1302206,1400,1,12,NaN,0,0,0,407.0431,526.7156,0.295119475643514,0,0,0,0,0,1400
rc_203.4.txt,14,LateOnly,1302206,1400,1,12,40,139.53,0.102595588235294,0,387.1856,526.7156,0.231937382672054,540,8,0,0,0,1400
rc_203.4.txt,14,LateTo2Opt,1302206,1400,1,12,40,140.9725,0.10365625,0,385.7431,526.7156,0.227347672531738,0,0,9,0,0,1400
rc_203.4.txt,14,AlwaysVND,1302206,1400,1,12,40,144.4046,0.106179852941176,0,382.311,526.7156,0.216427503261319,0,0,7,2,3,1400
rc_203.4.txt,14,FB-CMPSO,1302206,1400,1,12,40,144.4046,0.106179852941176,0,382.311,526.7156,0.216427503261319,0,0,7,2,3,1400
rc_203.4.txt,14,RKPSO,1302207,1400,1,44,NaN,0,0,0,385.0283,531.8686,0.225073339909001,0,0,0,0,0,1400
rc_203.4.txt,14,LateOnly,1302207,1400,1,41,73,132.5355,0.0998760361718162,0,314.2893,568.5075,-2.22724235613129e-06,540,9,0,0,0,1400
rc_203.4.txt,14,LateTo2Opt,1302207,1400,1,41,73,63.9248,0.0481724189902035,0,382.9,568.5075,0.218301568614973,13,1,4,0,0,1400
rc_203.4.txt,14,AlwaysVND,1302207,1400,1,58,99,219.6157,0.168805303612606,0,314.2893,582.3764,-2.22724235613129e-06,0,0,11,2,0,1400
rc_203.4.txt,14,FB-CMPSO,1302207,1400,1,41,73,88.7437,0.066875433308214,0,358.0811,568.5075,0.139333418180661,13,1,5,3,1,1400
rc_203.4.txt,14,RKPSO,1302208,1400,1,14,NaN,0,0,0,480.2608,641.0694,0.528081707976709,0,0,0,0,0,1400
rc_203.4.txt,14,LateOnly,1302208,1400,1,14,40,220.5551,0.162172867647059,0,376.8397,641.0694,0.199019058831016,540,13,0,0,0,1400
rc_203.4.txt,14,LateTo2Opt,1302208,1400,1,14,40,213.3733,0.156892132352941,0,384.0215,641.0694,0.221869929046422,0,0,8,0,0,1400
rc_203.4.txt,14,AlwaysVND,1302208,1400,1,14,40,215.275,0.158290441176471,0,382.1198,641.0694,0.21581914792071,0,0,13,3,4,1400
rc_203.4.txt,14,FB-CMPSO,1302208,1400,1,14,40,215.275,0.158290441176471,0,382.1198,641.0694,0.21581914792071,0,0,13,3,4,1400
rc_203.4.txt,14,RKPSO,1302209,1400,1,18,NaN,0,0,0,409.964,592.567,0.30441312163925,0,0,0,0,0,1400
rc_203.4.txt,14,LateOnly,1302209,1400,1,18,40,211.6203,0.155603161764706,0,378.7399,592.567,0.205065067294537,540,11,0,0,0,1400
rc_203.4.txt,14,LateTo2Opt,1302209,1400,1,18,40,192.0531,0.141215514705882,0,398.3071,592.567,0.267323491043304,0,0,9,0,0,1400
rc_203.4.txt,14,AlwaysVND,1302209,1400,1,18,40,276.0709,0.202993308823529,0,314.2893,592.567,-2.22724235613129e-06,0,0,9,3,5,1400
rc_203.4.txt,14,FB-CMPSO,1302209,1400,1,18,40,276.0709,0.202993308823529,0,314.2893,592.567,-2.22724235613129e-06,0,0,9,3,5,1400
rc_203.4.txt,14,RKPSO,1302210,1400,1,52,NaN,0,0,0,396.7841,640.8543,0.262477648032072,0,0,0,0,0,1400
rc_203.4.txt,14,LateOnly,1302210,1400,1,41,73,147.8266,0.111399095704597,0,389.9532,537.7798,0.240743262591874,540,15,0,0,0,1400
rc_203.4.txt,14,LateTo2Opt,1302210,1400,1,41,73,132.2954,0.0996951017332329,0,405.4844,537.7798,0.290160043272137,13,1,7,0,0,1400
rc_203.4.txt,14,AlwaysVND,1302210,1400,1,50,99,139.6207,0.107317986164489,0,314.2893,549.7071,-2.22724235613129e-06,0,0,7,4,5,1400
rc_203.4.txt,14,FB-CMPSO,1302210,1400,1,41,73,157.1435,0.11842012057272,0,380.6363,537.7798,0.211098985013841,13,1,9,4,2,1400
rc_203.4.txt,14,RKPSO,1302211,1400,1,162,NaN,0,0,0,471.508,505.7213,0.50023226955996,0,0,0,0,0,1400
rc_203.4.txt,14,LateOnly,1302211,1400,1,84,106,132.614,0.102483771251932,0,437.0319,609.1225,0.390537083585224,540,19,0,0,0,1400
rc_203.4.txt,14,LateTo2Opt,1302211,1400,1,84,106,189.5321,0.146469938176198,0,380.1138,609.1225,0.209436507683986,26,2,10,0,0,1400
rc_203.4.txt,14,AlwaysVND,1302211,1400,1,113,158,167.4114,0.134791787439614,0,376.8397,557.2812,0.199019058831016,0,0,12,3,2,1400
rc_203.4.txt,14,FB-CMPSO,1302211,1400,1,84,106,211.5648,0.163496754250386,0,358.0811,609.1225,0.139333418180661,26,2,10,1,2,1400
rc_203.4.txt,14,RKPSO,1302212,1400,1,54,NaN,0,0,0,469.1507,643.1378,0.492731871838111,0,0,0,0,0,1400
rc_203.4.txt,14,LateOnly,1302212,1400,1,43,73,158.1757,0.119197965335343,0,376.8397,627.4722,0.199019058831016,540,14,0,0,0,1400
rc_203.4.txt,14,LateTo2Opt,1302212,1400,1,43,73,134.0404,0.101010097965335,0,400.975,627.4722,0.275812148016163,13,1,8,0,0,1400
rc_203.4.txt,14,AlwaysVND,1302212,1400,1,86,99,198.875,0.152863182167563,0,398.4366,666.8854,0.267735530879124,0,0,13,5,1,1400
rc_203.4.txt,14,FB-CMPSO,1302212,1400,1,43,73,138.5289,0.104392539562924,0,396.4865,627.4722,0.261530751853384,13,1,7,5,3,1400
rc_203.4.txt,14,RKPSO,1302213,1400,1,48,NaN,0,0,0,398.4962,485.1138,0.267925164656845,0,0,0,0,0,1400
rc_203.4.txt,14,LateOnly,1302213,1400,1,61,73,203.7124,0.153513489073097,0,343.668,547.3804,0.0934741798975466,540,18,0,0,0,1400
rc_203.4.txt,14,LateTo2Opt,1302213,1400,1,61,73,164.486,0.123953278070836,0,382.8944,547.3804,0.218283750676127,13,1,7,0,0,1400
rc_203.4.txt,14,AlwaysVND,1302213,1400,1,45,99,161.0088,0.123757724827056,0,377.6674,629.2741,0.201652613827993,0,0,14,1,2,1400
rc_203.4.txt,14,FB-CMPSO,1302213,1400,1,61,73,233.0911,0.175652675207234,0,314.2893,547.3804,-2.22724235613129e-06,13,1,8,4,5,1400
rc_203.4.txt,14,RKPSO,1302214,1400,1,50,NaN,0,0,0,441.0696,568.1422,0.403384135670877,0,0,0,0,0,1400
rc_203.4.txt,14,LateOnly,1302214,1400,1,51,73,141.5368,0.106659231348907,0,357.1266,498.6634,0.136296414139807,540,17,0,0,0,1400
rc_203.4.txt,14,LateTo2Opt,1302214,1400,1,51,73,140.5823,0.10593993971364,0,358.0811,498.6634,0.139333418180661,13,1,12,0,0,1400
rc_203.4.txt,14,AlwaysVND,1302214,1400,1,73,99,172.201,0.132360491929285,0,314.2893,486.4903,-2.22724235613129e-06,0,0,15,3,1,1400
rc_203.4.txt,14,FB-CMPSO,1302214,1400,1,51,73,184.3741,0.138940542577242,0,314.2893,498.6634,-2.22724235613129e-06,13,1,9,2,2,1400
rc_203.4.txt,14,RKPSO,1302215,1400,1,41,NaN,0,0,0,414.5059,662.7592,0.318864424576028,0,0,0,0,0,1400
rc_203.4.txt,14,LateOnly,1302215,1400,1,45,73,268.2925,0.202179728711379,0,363.1259,647.2923,0.155384835661332,540,12,0,0,0,1400
rc_203.4.txt,14,LateTo2Opt,1302215,1400,1,45,73,248.524,0.187282592313489,0,382.8944,647.2923,0.218283750676127,13,1,10,0,0,1400
rc_203.4.txt,14,AlwaysVND,1302215,1400,1,83,99,181.5461,0.139543504996157,0,379.5691,561.1152,0.207703394953705,0,0,10,5,0,1400
rc_203.4.txt,14,FB-CMPSO,1302215,1400,1,45,73,237.9498,0.179314091936699,0,393.4686,647.2923,0.251928473702631,13,1,8,2,1,1400
rc_203.4.txt,14,RKPSO,1302216,1400,1,37,NaN,0,0,0,409.9108,576.511,0.30424385122021,0,0,0,0,0,1400
rc_203.4.txt,14,LateOnly,1302216,1400,1,37,40,199.6713,0.146817132352941,0,376.8397,576.511,0.199019058831016,540,7,0,0,0,1400
rc_203.4.txt,14,LateTo2Opt,1302216,1400,1,37,40,178.4491,0.131212573529412,0,398.0619,576.511,0.26654331986382,0,0,7,0,0,1400
rc_203.4.txt,14,AlwaysVND,1302216,1400,1,37,40,199.6713,0.146817132352941,0,376.8397,576.511,0.199019058831016,0,0,9,2,1,1400
rc_203.4.txt,14,FB-CMPSO,1302216,1400,1,37,40,199.6713,0.146817132352941,0,376.8397,576.511,0.199019058831016,0,0,9,2,1,1400
rc_203.4.txt,14,RKPSO,1302217,1400,1,50,NaN,0,0,0,403.9316,554.8526,0.285219383372045,0,0,0,0,0,1400
rc_203.4.txt,14,LateOnly,1302217,1400,1,41,73,126.3483,0.0952134890730972,0,426.5341,579.5678,0.35713544815298,540,14,0,0,0,1400
rc_203.4.txt,14,LateTo2Opt,1302217,1400,1,41,73,209.2144,0.157659683496609,0,343.668,579.5678,0.0934741798975466,13,1,12,0,0,1400
rc_203.4.txt,14,AlwaysVND,1302217,1400,1,42,99,195.6206,0.150361721752498,0,334.8411,609.5134,0.0653889719685639,0,0,12,2,4,1400
rc_203.4.txt,14,FB-CMPSO,1302217,1400,1,41,73,238.5931,0.179798869630746,0,314.2893,579.5678,-2.22724235613129e-06,13,1,17,1,2,1400
rc_203.4.txt,14,RKPSO,1302218,1400,1,17,NaN,0,0,0,413.8153,624.0209,0.316667090903306,0,0,0,0,0,1400
rc_203.4.txt,14,LateOnly,1302218,1400,1,17,40,309.7316,0.227743823529412,0,314.2893,624.0209,-2.22724235613129e-06,540,12,0,0,0,1400
rc_203.4.txt,14,LateTo2Opt,1302218,1400,1,17,40,234.9586,0.172763676470588,0,389.0623,624.0209,0.237908619427917,0,0,10,0,0,1400
rc_203.4.txt,14,AlwaysVND,1302218,1400,1,17,40,244.1382,0.179513382352941,0,379.8827,624.0209,0.208701199529097,0,0,9,4,2,1400
rc_203.4.txt,14,FB-CMPSO,1302218,1400,1,17,40,244.1382,0.179513382352941,0,379.8827,624.0209,0.208701199529097,0,0,9,4,2,1400
rc_203.4.txt,14,RKPSO,1302219,1400,1,63,NaN,0,0,0,399.516,532.6363,0.271169938591746,0,0,0,0,0,1400
rc_203.4.txt,14,LateOnly,1302219,1400,1,44,73,186.4698,0.140519819140919,0,358.2962,583.5562,0.140017817938846,540,16,0,0,0,1400
rc_203.4.txt,14,LateTo2Opt,1302219,1400,1,44,73,141.0428,0.106286963074604,0,403.7232,583.5562,0.284556301504979,13,1,4,0,0,1400
rc_203.4.txt,14,AlwaysVND,1302219,1400,1,45,99,106.0041,0.0814789392774789,0,376.8397,571.5991,0.199019058831016,0,0,9,1,3,1400
rc_203.4.txt,14,FB-CMPSO,1302219,1400,1,44,73,201.098,0.151543330821402,0,343.668,583.5562,0.0934741798975466,13,1,9,3,3,1400
rc_203.4.txt,14,RKPSO,1302220,1400,1,37,NaN,0,0,0,384.1514,471.3934,0.22228324159216,0,0,0,0,0,1400
rc_203.4.txt,14,LateOnly,1302220,1400,1,37,40,157.1041,0.115517720588235,0,314.2893,471.3934,-2.22724235613129e-06,540,14,0,0,0,1400
rc_203.4.txt,14,LateTo2Opt,1302220,1400,1,37,40,71.3463,0.0524605147058824,0,400.0471,471.3934,0.272859779184829,0,0,7,0,0,1400
rc_203.4.txt,14,AlwaysVND,1302220,1400,1,37,40,157.1041,0.115517720588235,0,314.2893,471.3934,-2.22724235613129e-06,0,0,7,3,1,1400
rc_203.4.txt,14,FB-CMPSO,1302220,1400,1,37,40,157.1041,0.115517720588235,0,314.2893,471.3934,-2.22724235613129e-06,0,0,7,3,1,1400
rc_203.4.txt,14,RKPSO,1302221,1400,1,97,NaN,0,0,0,470.1643,577.6919,0.495956918769289,0,0,0,0,0,1400
rc_203.4.txt,14,LateOnly,1302221,1400,1,41,73,60.2249999999999,0.0453843255463451,0,424.929,492.5085,0.352028381431162,540,8,0,0,0,1400
rc_203.4.txt,14,LateTo2Opt,1302221,1400,1,41,73,94.2021,0.0709887716654107,0,390.9519,492.5085,0.243920901078621,13,1,4,0,0,1400
rc_203.4.txt,14,AlwaysVND,1302221,1400,1,43,99,141.8172,0.109006302843966,0,314.2893,456.1065,-2.22724235613129e-06,0,0,5,1,5,1400
rc_203.4.txt,14,FB-CMPSO,1302221,1400,1,41,73,105.0402,0.0791561416729465,0,380.1138,492.5085,0.209436507683986,13,1,9,5,3,1400
rc_203.4.txt,14,RKPSO,1302222,1400,1,41,NaN,0,0,0,401.5765,602.8048,0.277725985554742,0,0,0,0,0,1400
rc_203.4.txt,14,LateOnly,1302222,1400,1,76,106,204.4795,0.158021251931994,0,316.1895,620.5278,0.00604378122116495,540,14,0,0,0,1400
rc_203.4.txt,14,LateTo2Opt,1302222,1400,1,76,106,137.769,0.106467542503864,0,382.9,620.5278,0.218301568614973,26,2,11,0,0,1400
rc_203.4.txt,14,AlwaysVND,1302222,1400,1,78,99,218.7275,0.168122598001537,0,358.0811,576.8086,0.139333418180661,0,0,11,7,2,1400
rc_203.4.txt,14,FB-CMPSO,1302222,1400,1,76,106,143.8293,0.111150927357032,0,376.8397,620.5278,0.199019058831016,26,2,12,4,2,1400
rc_203.4.txt,14,RKPSO,1302223,1400,1,23,NaN,0,0,0,439.3385,522.4588,0.397876165325018,0,0,0,0,0,1400
rc_203.4.txt,14,LateOnly,1302223,1400,1,23,40,135.2732,0.0994655882352941,0,387.1856,522.4588,0.231937382672054,540,11,0,0,0,1400
rc_203.4.txt,14,LateTo2Opt,1302223,1400,1,23,40,138.4913,0.101831838235294,0,383.9675,522.4588,0.221698113207547,0,0,8,0,0,1400
rc_203.4.txt,14,AlwaysVND,1302223,1400,1,23,40,142.8897,0.105065955882353,0,379.5691,522.4588,0.207703394953705,0,0,6,2,4,1400
rc_203.4.txt,14,FB-CMPSO,1302223,1400,1,23,40,142.8897,0.105065955882353,0,379.5691,522.4588,0.207703394953705,0,0,6,2,4,1400
rc_203.4.txt,14,RKPSO,1302224,1400,1,26,NaN,0,0,0,434.0797,604.933,0.381143848038436,0,0,0,0,0,1400
rc_203.4.txt,14,LateOnly,1302224,1400,1,26,40,203.031,0.1492875,0,393.342,604.933,0.251525661013713,540,14,0,0,0,1400
rc_203.4.txt,14,LateTo2Opt,1302224,1400,1,26,40,191.4745,0.140790073529412,0,404.8985,604.933,0.288295841420344,0,0,9,0,0,1400
rc_203.4.txt,14,AlwaysVND,1302224,1400,1,26,40,202.9044,0.149194411764706,0,393.4686,604.933,0.251928473702631,0,0,13,0,0,1400
rc_203.4.txt,14,FB-CMPSO,1302224,1400,1,26,40,202.9044,0.149194411764706,0,393.4686,604.933,0.251928473702631,0,0,13,0,0,1400
rc_203.4.txt,14,RKPSO,1302225,1400,1,49,NaN,0,0,0,399.8714,594.233,0.272300741353527,0,0,0,0,0,1400
rc_203.4.txt,14,LateOnly,1302225,1400,1,42,73,196.5123,0.148087641296157,0,393.4686,614.6963,0.251928473702631,540,14,0,0,0,1400
rc_203.4.txt,14,LateTo2Opt,1302225,1400,1,42,73,194.5131,0.146581085154484,0,395.4678,614.6963,0.258289477870756,13,1,8,0,0,1400
rc_203.4.txt,14,AlwaysVND,1302225,1400,1,74,99,159.1484,0.122327747886241,0,376.8397,535.9881,0.199019058831016,0,0,5,3,3,1400
rc_203.4.txt,14,FB-CMPSO,1302225,1400,1,42,73,210.4118,0.158562019593067,0,379.5691,614.6963,0.207703394953705,13,1,7,1,2,1400
rc_203.4.txt,14,RKPSO,1302226,1400,1,73,NaN,0,0,0,418.1811,515.5312,0.330558083298864,0,0,0,0,0,1400
rc_203.4.txt,14,LateOnly,1302226,1400,1,43,73,178.1279,0.134233534287867,0,387.1856,565.3135,0.231937382672054,540,7,0,0,0,1400
rc_203.4.txt,14,LateTo2Opt,1302226,1400,1,43,73,185.7444,0.139973172569706,0,379.5691,565.3135,0.207703394953705,13,1,5,0,0,1400
rc_203.4.txt,14,AlwaysVND,1302226,1400,1,43,99,98.0525,0.0753670253651038,0,376.8397,498.9158,0.199019058831016,0,0,8,3,4,1400
rc_203.4.txt,14,FB-CMPSO,1302226,1400,1,43,73,185.7444,0.139973172569706,0,379.5691,565.3135,0.207703394953705,13,1,3,2,1,1400
rc_203.4.txt,14,RKPSO,1302227,1400,1,11,NaN,0,0,0,396.1803,605.861,0.260556492411467,0,0,0,0,0,1400
rc_203.4.txt,14,LateOnly,1302227,1400,1,11,40,273.7388,0.201278529411765,0,329.8059,605.861,0.0493680995259153,540,17,0,0,0,1400
rc_203.4.txt,14,LateTo2Opt,1302227,1400,1,11,40,208.0111,0.152949338235294,0,395.5336,605.861,0.2584988386522,0,0,10,0,0,1400
rc_203.4.txt,14,AlwaysVND,1302227,1400,1,11,40,289.2554,0.212687794117647,0,314.2893,605.861,-2.22724235613129e-06,0,0,12,4,3,1400
rc_203.4.txt,14,FB-CMPSO,1302227,1400,1,11,40,289.2554,0.212687794117647,0,314.2893,605.861,-2.22724235613129e-06,0,0,12,4,3,1400
rc_203.4.txt,14,RKPSO,1302228,1400,1,6,NaN,0,0,0,436.0078,578.0483,0.387278628018709,0,0,0,0,0,1400
rc_203.4.txt,14,LateOnly,1302228,1400,1,6,40,190.8627,0.140340220588235,0,387.1856,578.0483,0.231937382672054,540,5,0,0,0,1400
rc_203.4.txt,14,LateTo2Opt,1302228,1400,1,6,40,198.4995,0.145955514705882,0,379.5488,578.0483,0.207638804925387,0,0,7,0,0,1400
rc_203.4.txt,14,AlwaysVND,1302228,1400,1,6,40,200.3809,0.147338897058823,0,377.6674,578.0483,0.201652613827993,0,0,11,2,1,1400
rc_203.4.txt,14,FB-CMPSO,1302228,1400,1,6,40,200.3809,0.147338897058823,0,377.6674,578.0483,0.201652613827993,0,0,11,2,1,1400
rc_203.4.txt,14,RKPSO,1302229,1400,1,31,NaN,0,0,0,399.1079,553.1931,0.269871456298323,0,0,0,0,0,1400
rc_203.4.txt,14,LateOnly,1302229,1400,1,31,40,238.9038,0.175664558823529,0,314.2893,553.1931,-2.22724235613129e-06,540,10,0,0,0,1400
rc_203.4.txt,14,LateTo2Opt,1302229,1400,1,31,40,238.9038,0.175664558823529,0,314.2893,553.1931,-2.22724235613129e-06,0,0,11,0,0,1400
rc_203.4.txt,14,AlwaysVND,1302229,1400,1,31,40,238.9038,0.175664558823529,0,314.2893,553.1931,-2.22724235613129e-06,0,0,7,3,3,1400
rc_203.4.txt,14,FB-CMPSO,1302229,1400,1,31,40,238.9038,0.175664558823529,0,314.2893,553.1931,-2.22724235613129e-06,0,0,7,3,3,1400
rc_203.4.txt,14,RKPSO,1302230,1400,1,9,NaN,0,0,0,390.0655,610.1016,0.241100575901238,0,0,0,0,0,1400
rc_203.4.txt,14,LateOnly,1302230,1400,1,9,40,184.0362,0.135320735294118,0,376.8397,610.1016,0.199019058831016,540,10,0,0,0,1400
rc_203.4.txt,14,LateTo2Opt,1302230,1400,1,9,40,181.3068,0.133313823529412,0,379.5691,610.1016,0.207703394953705,0,0,8,0,0,1400
rc_203.4.txt,14,AlwaysVND,1302230,1400,1,9,40,246.5866,0.181313676470588,0,314.2893,610.1016,-2.22724235613129e-06,0,0,14,1,5,1400
rc_203.4.txt,14,FB-CMPSO,1302230,1400,1,9,40,246.5866,0.181313676470588,0,314.2893,610.1016,-2.22724235613129e-06,0,0,14,1,5,1400
rc_204.1.txt,45,RKPSO,1302301,4500,0,NaN,NaN,NaN,NaN,7208.4318,1550.9373,NaN,NaN,0,0,0,0,0,4500
rc_204.1.txt,45,LateOnly,1302301,4500,0,NaN,NaN,NaN,NaN,2170.0616,1195.9129,NaN,NaN,3080,28,0,0,0,4500
rc_204.1.txt,45,LateTo2Opt,1302301,4500,0,NaN,NaN,NaN,NaN,2170.0616,1195.9129,NaN,NaN,3080,28,0,0,0,4500
rc_204.1.txt,45,AlwaysVND,1302301,4500,0,NaN,NaN,NaN,NaN,1094.1153,1159.4946,NaN,NaN,0,0,56,7,2,4500
rc_204.1.txt,45,FB-CMPSO,1302301,4500,0,NaN,NaN,NaN,NaN,2170.0616,1195.9129,NaN,NaN,3080,28,0,0,0,4500
rc_204.1.txt,45,RKPSO,1302302,4500,0,NaN,NaN,NaN,NaN,5722.5125,1440.5822,NaN,NaN,0,0,0,0,0,4500
rc_204.1.txt,45,LateOnly,1302302,4500,0,NaN,NaN,NaN,NaN,2771.0559,1213.1486,NaN,NaN,3080,25,0,0,0,4500
rc_204.1.txt,45,LateTo2Opt,1302302,4500,0,NaN,NaN,NaN,NaN,2771.0559,1213.1486,NaN,NaN,3080,25,0,0,0,4500
rc_204.1.txt,45,AlwaysVND,1302302,4500,0,NaN,NaN,NaN,NaN,732.7475,1096.22217,NaN,NaN,0,0,54,12,2,4500
rc_204.1.txt,45,FB-CMPSO,1302302,4500,0,NaN,NaN,NaN,NaN,2771.0559,1213.1486,NaN,NaN,3080,25,0,0,0,4500
rc_204.1.txt,45,RKPSO,1302303,4500,0,NaN,NaN,NaN,NaN,5886.5933,1543.8383,NaN,NaN,0,0,0,0,0,4500
rc_204.1.txt,45,LateOnly,1302303,4500,0,NaN,NaN,NaN,NaN,1226.5744,1164.68997,NaN,NaN,3080,35,0,0,0,4500
rc_204.1.txt,45,LateTo2Opt,1302303,4500,0,NaN,NaN,NaN,NaN,1226.5744,1164.68997,NaN,NaN,3080,35,0,0,0,4500
rc_204.1.txt,45,AlwaysVND,1302303,4500,0,NaN,NaN,NaN,NaN,306.280399999999,1092.713,NaN,NaN,0,0,51,11,2,4500
rc_204.1.txt,45,FB-CMPSO,1302303,4500,0,NaN,NaN,NaN,NaN,1226.5744,1164.68997,NaN,NaN,3080,35,0,0,0,4500
rc_204.1.txt,45,RKPSO,1302304,4500,0,NaN,NaN,NaN,NaN,4651.1753,1492.97,NaN,NaN,0,0,0,0,0,4500
rc_204.1.txt,45,LateOnly,1302304,4500,0,NaN,NaN,NaN,NaN,3522.224,1346.141,NaN,NaN,3080,18,0,0,0,4500
rc_204.1.txt,45,LateTo2Opt,1302304,4500,0,NaN,NaN,NaN,NaN,3522.224,1346.141,NaN,NaN,3080,18,0,0,0,4500
rc_204.1.txt,45,AlwaysVND,1302304,4500,0,NaN,NaN,NaN,NaN,185.708199999999,1053.7753,NaN,NaN,0,0,56,10,2,4500
rc_204.1.txt,45,FB-CMPSO,1302304,4500,0,NaN,NaN,NaN,NaN,3522.224,1346.141,NaN,NaN,3080,18,0,0,0,4500
rc_204.1.txt,45,RKPSO,1302305,4500,0,NaN,NaN,NaN,NaN,5589.3333,1485.3824,NaN,NaN,0,0,0,0,0,4500
rc_204.1.txt,45,LateOnly,1302305,4500,0,NaN,NaN,NaN,NaN,3249.4017,1309.8107,NaN,NaN,3080,23,0,0,0,4500
rc_204.1.txt,45,LateTo2Opt,1302305,4500,0,NaN,NaN,NaN,NaN,3249.4017,1309.8107,NaN,NaN,3080,23,0,0,0,4500
rc_204.1.txt,45,AlwaysVND,1302305,4500,0,NaN,NaN,NaN,NaN,584.15287,1124.92157,NaN,NaN,0,0,42,10,5,4500
rc_204.1.txt,45,FB-CMPSO,1302305,4500,0,NaN,NaN,NaN,NaN,3249.4017,1309.8107,NaN,NaN,3080,23,0,0,0,4500
rc_204.1.txt,45,RKPSO,1302306,4500,0,NaN,NaN,NaN,NaN,8801.4915,1736.8178,NaN,NaN,0,0,0,0,0,4500
rc_204.1.txt,45,LateOnly,1302306,4500,0,NaN,NaN,NaN,NaN,1102.6692,1147.398,NaN,NaN,3080,35,0,0,0,4500
rc_204.1.txt,45,LateTo2Opt,1302306,4500,0,NaN,NaN,NaN,NaN,1102.6692,1147.398,NaN,NaN,3080,35,0,0,0,4500
rc_204.1.txt,45,AlwaysVND,1302306,4500,0,NaN,NaN,NaN,NaN,1203.6578,1197.2068,NaN,NaN,0,0,62,11,0,4500
rc_204.1.txt,45,FB-CMPSO,1302306,4500,0,NaN,NaN,NaN,NaN,1102.6692,1147.398,NaN,NaN,3080,35,0,0,0,4500
rc_204.1.txt,45,RKPSO,1302307,4500,0,NaN,NaN,NaN,NaN,5532.0816,1590.8933,NaN,NaN,0,0,0,0,0,4500
rc_204.1.txt,45,LateOnly,1302307,4500,0,NaN,NaN,NaN,NaN,1093.1129,1157.3394,NaN,NaN,3080,33,0,0,0,4500
rc_204.1.txt,45,LateTo2Opt,1302307,4500,0,NaN,NaN,NaN,NaN,1093.1129,1157.3394,NaN,NaN,3080,33,0,0,0,4500
rc_204.1.txt,45,AlwaysVND,1302307,4500,0,NaN,NaN,NaN,NaN,404.5741,1087.19697,NaN,NaN,0,0,55,10,1,4500
rc_204.1.txt,45,FB-CMPSO,1302307,4500,0,NaN,NaN,NaN,NaN,1093.1129,1157.3394,NaN,NaN,3080,33,0,0,0,4500
rc_204.1.txt,45,RKPSO,1302308,4500,0,NaN,NaN,NaN,NaN,8544.6939,1649.9505,NaN,NaN,0,0,0,0,0,4500
rc_204.1.txt,45,LateOnly,1302308,4500,0,NaN,NaN,NaN,NaN,1547.9899,1221.0872,NaN,NaN,3080,26,0,0,0,4500
rc_204.1.txt,45,LateTo2Opt,1302308,4500,0,NaN,NaN,NaN,NaN,1547.9899,1221.0872,NaN,NaN,3080,26,0,0,0,4500
rc_204.1.txt,45,AlwaysVND,1302308,4500,0,NaN,NaN,NaN,NaN,548.546800000001,1170.6322,NaN,NaN,0,0,46,13,3,4500
rc_204.1.txt,45,FB-CMPSO,1302308,4500,0,NaN,NaN,NaN,NaN,1547.9899,1221.0872,NaN,NaN,3080,26,0,0,0,4500
rc_204.1.txt,45,RKPSO,1302309,4500,0,NaN,NaN,NaN,NaN,5035.1896,1505.811,NaN,NaN,0,0,0,0,0,4500
rc_204.1.txt,45,LateOnly,1302309,4500,0,NaN,NaN,NaN,NaN,5940.629,1476.9717,NaN,NaN,3080,18,0,0,0,4500
rc_204.1.txt,45,LateTo2Opt,1302309,4500,0,NaN,NaN,NaN,NaN,5940.629,1476.9717,NaN,NaN,3080,18,0,0,0,4500
rc_204.1.txt,45,AlwaysVND,1302309,4500,0,NaN,NaN,NaN,NaN,614.384099999999,1144.139,NaN,NaN,0,0,52,10,2,4500
rc_204.1.txt,45,FB-CMPSO,1302309,4500,0,NaN,NaN,NaN,NaN,5940.629,1476.9717,NaN,NaN,3080,18,0,0,0,4500
rc_204.1.txt,45,RKPSO,1302310,4500,0,NaN,NaN,NaN,NaN,9052.1617,1696.8189,NaN,NaN,0,0,0,0,0,4500
rc_204.1.txt,45,LateOnly,1302310,4500,0,NaN,NaN,NaN,NaN,1593.0667,1186.4589,NaN,NaN,3080,38,0,0,0,4500
rc_204.1.txt,45,LateTo2Opt,1302310,4500,0,NaN,NaN,NaN,NaN,1593.0667,1186.4589,NaN,NaN,3080,38,0,0,0,4500
rc_204.1.txt,45,AlwaysVND,1302310,4500,0,NaN,NaN,NaN,NaN,390.3043,1091.3605,NaN,NaN,0,0,55,5,4,4500
rc_204.1.txt,45,FB-CMPSO,1302310,4500,0,NaN,NaN,NaN,NaN,1593.0667,1186.4589,NaN,NaN,3080,38,0,0,0,4500
rc_204.1.txt,45,RKPSO,1302311,4500,0,NaN,NaN,NaN,NaN,8531.6002,1584.2823,NaN,NaN,0,0,0,0,0,4500
rc_204.1.txt,45,LateOnly,1302311,4500,0,NaN,NaN,NaN,NaN,2147.8807,1287.1836,NaN,NaN,3080,27,0,0,0,4500
rc_204.1.txt,45,LateTo2Opt,1302311,4500,0,NaN,NaN,NaN,NaN,2147.8807,1287.1836,NaN,NaN,3080,27,0,0,0,4500
rc_204.1.txt,45,AlwaysVND,1302311,4500,0,NaN,NaN,NaN,NaN,96.5990999999998,1036.4041,NaN,NaN,0,0,58,9,1,4500
rc_204.1.txt,45,FB-CMPSO,1302311,4500,0,NaN,NaN,NaN,NaN,2147.8807,1287.1836,NaN,NaN,3080,27,0,0,0,4500
rc_204.1.txt,45,RKPSO,1302312,4500,0,NaN,NaN,NaN,NaN,6409.6758,1507.4473,NaN,NaN,0,0,0,0,0,4500
rc_204.1.txt,45,LateOnly,1302312,4500,0,NaN,NaN,NaN,NaN,3935.5039,1324.9273,NaN,NaN,3080,27,0,0,0,4500
rc_204.1.txt,45,LateTo2Opt,1302312,4500,0,NaN,NaN,NaN,NaN,3935.5039,1324.9273,NaN,NaN,3080,27,0,0,0,4500
rc_204.1.txt,45,AlwaysVND,1302312,4500,0,NaN,NaN,NaN,NaN,614.340099999999,1107.1421,NaN,NaN,0,0,59,9,1,4500
rc_204.1.txt,45,FB-CMPSO,1302312,4500,0,NaN,NaN,NaN,NaN,3935.5039,1324.9273,NaN,NaN,3080,27,0,0,0,4500
rc_204.1.txt,45,RKPSO,1302313,4500,0,NaN,NaN,NaN,NaN,8858.4939,1516.1722,NaN,NaN,0,0,0,0,0,4500
rc_204.1.txt,45,LateOnly,1302313,4500,0,NaN,NaN,NaN,NaN,2354.3923,1306.2642,NaN,NaN,3080,24,0,0,0,4500
rc_204.1.txt,45,LateTo2Opt,1302313,4500,0,NaN,NaN,NaN,NaN,2354.3923,1306.2642,NaN,NaN,3080,24,0,0,0,4500
rc_204.1.txt,45,AlwaysVND,1302313,4500,0,NaN,NaN,NaN,NaN,1135.2771,1189.2099,NaN,NaN,0,0,50,12,2,4500
rc_204.1.txt,45,FB-CMPSO,1302313,4500,0,NaN,NaN,NaN,NaN,2354.3923,1306.2642,NaN,NaN,3080,24,0,0,0,4500
rc_204.1.txt,45,RKPSO,1302314,4500,0,NaN,NaN,NaN,NaN,6692.4399,1575.0148,NaN,NaN,0,0,0,0,0,4500
rc_204.1.txt,45,LateOnly,1302314,4500,0,NaN,NaN,NaN,NaN,2600.94125,1239.09707,NaN,NaN,3080,24,0,0,0,4500
rc_204.1.txt,45,LateTo2Opt,1302314,4500,0,NaN,NaN,NaN,NaN,2600.94125,1239.09707,NaN,NaN,3080,24,0,0,0,4500
rc_204.1.txt,45,AlwaysVND,1302314,4500,0,NaN,NaN,NaN,NaN,599.836499999999,1047.4126,NaN,NaN,0,0,52,12,1,4500
rc_204.1.txt,45,FB-CMPSO,1302314,4500,0,NaN,NaN,NaN,NaN,2600.94125,1239.09707,NaN,NaN,3080,24,0,0,0,4500
rc_204.1.txt,45,RKPSO,1302315,4500,0,NaN,NaN,NaN,NaN,5453.79599999999,1428.0482,NaN,NaN,0,0,0,0,0,4500
rc_204.1.txt,45,LateOnly,1302315,4500,0,NaN,NaN,NaN,NaN,2807.9473,1286.9131,NaN,NaN,3080,26,0,0,0,4500
rc_204.1.txt,45,LateTo2Opt,1302315,4500,0,NaN,NaN,NaN,NaN,2807.9473,1286.9131,NaN,NaN,3080,26,0,0,0,4500
rc_204.1.txt,45,AlwaysVND,1302315,4500,0,NaN,NaN,NaN,NaN,598.0224,1070.77477,NaN,NaN,0,0,56,7,2,4500
rc_204.1.txt,45,FB-CMPSO,1302315,4500,0,NaN,NaN,NaN,NaN,2807.9473,1286.9131,NaN,NaN,3080,26,0,0,0,4500
rc_204.1.txt,45,RKPSO,1302316,4500,0,NaN,NaN,NaN,NaN,9465.3041,1754.0444,NaN,NaN,0,0,0,0,0,4500
rc_204.1.txt,45,LateOnly,1302316,4500,0,NaN,NaN,NaN,NaN,2259.26316,1277.45327,NaN,NaN,3080,25,0,0,0,4500
rc_204.1.txt,45,LateTo2Opt,1302316,4500,0,NaN,NaN,NaN,NaN,2259.26316,1277.45327,NaN,NaN,3080,25,0,0,0,4500
rc_204.1.txt,45,AlwaysVND,1302316,4500,0,NaN,NaN,NaN,NaN,971.065299999999,1164.4601,NaN,NaN,0,0,51,10,1,4500
rc_204.1.txt,45,FB-CMPSO,1302316,4500,0,NaN,NaN,NaN,NaN,2259.26316,1277.45327,NaN,NaN,3080,25,0,0,0,4500
rc_204.1.txt,45,RKPSO,1302317,4500,0,NaN,NaN,NaN,NaN,5257.1504,1433.223,NaN,NaN,0,0,0,0,0,4500
rc_204.1.txt,45,LateOnly,1302317,4500,0,NaN,NaN,NaN,NaN,2873.1255,1252.4502,NaN,NaN,3080,24,0,0,0,4500
rc_204.1.txt,45,LateTo2Opt,1302317,4500,0,NaN,NaN,NaN,NaN,2873.1255,1252.4502,NaN,NaN,3080,24,0,0,0,4500
rc_204.1.txt,45,AlwaysVND,1302317,4500,0,NaN,NaN,NaN,NaN,307.9358,1071.4988,NaN,NaN,0,0,48,7,6,4500
rc_204.1.txt,45,FB-CMPSO,1302317,4500,0,NaN,NaN,NaN,NaN,2873.1255,1252.4502,NaN,NaN,3080,24,0,0,0,4500
rc_204.1.txt,45,RKPSO,1302318,4500,0,NaN,NaN,NaN,NaN,6710.2163,1631.2133,NaN,NaN,0,0,0,0,0,4500
rc_204.1.txt,45,LateOnly,1302318,4500,0,NaN,NaN,NaN,NaN,2154.0196,1214.847,NaN,NaN,3080,30,0,0,0,4500
rc_204.1.txt,45,LateTo2Opt,1302318,4500,0,NaN,NaN,NaN,NaN,2154.0196,1214.847,NaN,NaN,3080,30,0,0,0,4500
rc_204.1.txt,45,AlwaysVND,1302318,4500,0,NaN,NaN,NaN,NaN,353.95438,1051.17917,NaN,NaN,0,0,53,11,2,4500
rc_204.1.txt,45,FB-CMPSO,1302318,4500,0,NaN,NaN,NaN,NaN,2154.0196,1214.847,NaN,NaN,3080,30,0,0,0,4500
rc_204.1.txt,45,RKPSO,1302319,4500,0,NaN,NaN,NaN,NaN,5672.6551,1545.5053,NaN,NaN,0,0,0,0,0,4500
rc_204.1.txt,45,LateOnly,1302319,4500,0,NaN,NaN,NaN,NaN,2148.8157,1201.5649,NaN,NaN,3080,30,0,0,0,4500
rc_204.1.txt,45,LateTo2Opt,1302319,4500,0,NaN,NaN,NaN,NaN,2148.8157,1201.5649,NaN,NaN,3080,30,0,0,0,4500
rc_204.1.txt,45,AlwaysVND,1302319,4500,0,NaN,NaN,NaN,NaN,1023.2209,1170.8272,NaN,NaN,0,0,60,4,2,4500
rc_204.1.txt,45,FB-CMPSO,1302319,4500,0,NaN,NaN,NaN,NaN,2148.8157,1201.5649,NaN,NaN,3080,30,0,0,0,4500
rc_204.1.txt,45,RKPSO,1302320,4500,0,NaN,NaN,NaN,NaN,5427.177,1515.68,NaN,NaN,0,0,0,0,0,4500
rc_204.1.txt,45,LateOnly,1302320,4500,0,NaN,NaN,NaN,NaN,3133.5121,1256.9249,NaN,NaN,3080,23,0,0,0,4500
rc_204.1.txt,45,LateTo2Opt,1302320,4500,0,NaN,NaN,NaN,NaN,3133.5121,1256.9249,NaN,NaN,3080,23,0,0,0,4500
rc_204.1.txt,45,AlwaysVND,1302320,4500,0,NaN,NaN,NaN,NaN,1113.446,1176.3545,NaN,NaN,0,0,48,13,1,4500
rc_204.1.txt,45,FB-CMPSO,1302320,4500,0,NaN,NaN,NaN,NaN,3133.5121,1256.9249,NaN,NaN,3080,23,0,0,0,4500
rc_204.1.txt,45,RKPSO,1302321,4500,0,NaN,NaN,NaN,NaN,7891.5411,1722.6453,NaN,NaN,0,0,0,0,0,4500
rc_204.1.txt,45,LateOnly,1302321,4500,0,NaN,NaN,NaN,NaN,3562.4986,1338.817,NaN,NaN,3080,28,0,0,0,4500
rc_204.1.txt,45,LateTo2Opt,1302321,4500,0,NaN,NaN,NaN,NaN,3562.4986,1338.817,NaN,NaN,3080,28,0,0,0,4500
rc_204.1.txt,45,AlwaysVND,1302321,4500,0,NaN,NaN,NaN,NaN,382.7117,1154.3069,NaN,NaN,0,0,48,11,3,4500
rc_204.1.txt,45,FB-CMPSO,1302321,4500,0,NaN,NaN,NaN,NaN,3562.4986,1338.817,NaN,NaN,3080,28,0,0,0,4500
rc_204.1.txt,45,RKPSO,1302322,4500,0,NaN,NaN,NaN,NaN,7744.2407,1495.0794,NaN,NaN,0,0,0,0,0,4500
rc_204.1.txt,45,LateOnly,1302322,4500,0,NaN,NaN,NaN,NaN,2947.9612,1381.3729,NaN,NaN,3080,23,0,0,0,4500
rc_204.1.txt,45,LateTo2Opt,1302322,4500,0,NaN,NaN,NaN,NaN,2947.9612,1381.3729,NaN,NaN,3080,23,0,0,0,4500
rc_204.1.txt,45,AlwaysVND,1302322,4500,0,NaN,NaN,NaN,NaN,486.551200000001,1097.0212,NaN,NaN,0,0,56,11,1,4500
rc_204.1.txt,45,FB-CMPSO,1302322,4500,0,NaN,NaN,NaN,NaN,2947.9612,1381.3729,NaN,NaN,3080,23,0,0,0,4500
rc_204.1.txt,45,RKPSO,1302323,4500,0,NaN,NaN,NaN,NaN,10003.4661,1664.1332,NaN,NaN,0,0,0,0,0,4500
rc_204.1.txt,45,LateOnly,1302323,4500,0,NaN,NaN,NaN,NaN,2021.3398,1202.522,NaN,NaN,3080,37,0,0,0,4500
rc_204.1.txt,45,LateTo2Opt,1302323,4500,0,NaN,NaN,NaN,NaN,2021.3398,1202.522,NaN,NaN,3080,37,0,0,0,4500
rc_204.1.txt,45,AlwaysVND,1302323,4500,0,NaN,NaN,NaN,NaN,1203.7637,1177.6159,NaN,NaN,0,0,47,12,2,4500
rc_204.1.txt,45,FB-CMPSO,1302323,4500,0,NaN,NaN,NaN,NaN,2021.3398,1202.522,NaN,NaN,3080,37,0,0,0,4500
rc_204.1.txt,45,RKPSO,1302324,4500,0,NaN,NaN,NaN,NaN,6371.25349999999,1571.7671,NaN,NaN,0,0,0,0,0,4500
rc_204.1.txt,45,LateOnly,1302324,4500,0,NaN,NaN,NaN,NaN,2054.9597,1287.3639,NaN,NaN,3080,27,0,0,0,4500
rc_204.1.txt,45,LateTo2Opt,1302324,4500,0,NaN,NaN,NaN,NaN,2054.9597,1287.3639,NaN,NaN,3080,27,0,0,0,4500
rc_204.1.txt,45,AlwaysVND,1302324,4500,0,NaN,NaN,NaN,NaN,461.4456,1081.04027,NaN,NaN,0,0,50,8,5,4500
rc_204.1.txt,45,FB-CMPSO,1302324,4500,0,NaN,NaN,NaN,NaN,2054.9597,1287.3639,NaN,NaN,3080,27,0,0,0,4500
rc_204.1.txt,45,RKPSO,1302325,4500,0,NaN,NaN,NaN,NaN,7489.3033,1595.71,NaN,NaN,0,0,0,0,0,4500
rc_204.1.txt,45,LateOnly,1302325,4500,0,NaN,NaN,NaN,NaN,2666.62975,1317.54677,NaN,NaN,3080,25,0,0,0,4500
rc_204.1.txt,45,LateTo2Opt,1302325,4500,0,NaN,NaN,NaN,NaN,2666.62975,1317.54677,NaN,NaN,3080,25,0,0,0,4500
rc_204.1.txt,45,AlwaysVND,1302325,4500,0,NaN,NaN,NaN,NaN,330.4043,1056.0368,NaN,NaN,0,0,54,8,3,4500
rc_204.1.txt,45,FB-CMPSO,1302325,4500,0,NaN,NaN,NaN,NaN,2666.62975,1317.54677,NaN,NaN,3080,25,0,0,0,4500
rc_204.1.txt,45,RKPSO,1302326,4500,0,NaN,NaN,NaN,NaN,6434.5243,1611.3663,NaN,NaN,0,0,0,0,0,4500
rc_204.1.txt,45,LateOnly,1302326,4500,0,NaN,NaN,NaN,NaN,2005.684,1227.37,NaN,NaN,3080,32,0,0,0,4500
rc_204.1.txt,45,LateTo2Opt,1302326,4500,0,NaN,NaN,NaN,NaN,2005.684,1227.37,NaN,NaN,3080,32,0,0,0,4500
rc_204.1.txt,45,AlwaysVND,1302326,4500,0,NaN,NaN,NaN,NaN,893.942490000001,1176.67057,NaN,NaN,0,0,51,8,1,4500
rc_204.1.txt,45,FB-CMPSO,1302326,4500,0,NaN,NaN,NaN,NaN,2005.684,1227.37,NaN,NaN,3080,32,0,0,0,4500
rc_204.1.txt,45,RKPSO,1302327,4500,0,NaN,NaN,NaN,NaN,9025.0509,1635.7983,NaN,NaN,0,0,0,0,0,4500
rc_204.1.txt,45,LateOnly,1302327,4500,0,NaN,NaN,NaN,NaN,733.2392,1100.7298,NaN,NaN,3080,38,0,0,0,4500
rc_204.1.txt,45,LateTo2Opt,1302327,4500,0,NaN,NaN,NaN,NaN,733.2392,1100.7298,NaN,NaN,3080,38,0,0,0,4500
rc_204.1.txt,45,AlwaysVND,1302327,4500,0,NaN,NaN,NaN,NaN,549.4086,1088.6133,NaN,NaN,0,0,59,7,0,4500
rc_204.1.txt,45,FB-CMPSO,1302327,4500,0,NaN,NaN,NaN,NaN,733.2392,1100.7298,NaN,NaN,3080,38,0,0,0,4500
rc_204.1.txt,45,RKPSO,1302328,4500,0,NaN,NaN,NaN,NaN,4946.9626,1542.7296,NaN,NaN,0,0,0,0,0,4500
rc_204.1.txt,45,LateOnly,1302328,4500,0,NaN,NaN,NaN,NaN,2919.9099,1304.3826,NaN,NaN,3080,27,0,0,0,4500
rc_204.1.txt,45,LateTo2Opt,1302328,4500,0,NaN,NaN,NaN,NaN,2919.9099,1304.3826,NaN,NaN,3080,27,0,0,0,4500
rc_204.1.txt,45,AlwaysVND,1302328,4500,0,NaN,NaN,NaN,NaN,626.975,1064.8547,NaN,NaN,0,0,51,12,1,4500
rc_204.1.txt,45,FB-CMPSO,1302328,4500,0,NaN,NaN,NaN,NaN,2919.9099,1304.3826,NaN,NaN,3080,27,0,0,0,4500
rc_204.1.txt,45,RKPSO,1302329,4500,0,NaN,NaN,NaN,NaN,8309.6686,1467.6278,NaN,NaN,0,0,0,0,0,4500
rc_204.1.txt,45,LateOnly,1302329,4500,0,NaN,NaN,NaN,NaN,1499.53,1159.4096,NaN,NaN,3080,29,0,0,0,4500
rc_204.1.txt,45,LateTo2Opt,1302329,4500,0,NaN,NaN,NaN,NaN,1499.53,1159.4096,NaN,NaN,3080,29,0,0,0,4500
rc_204.1.txt,45,AlwaysVND,1302329,4500,0,NaN,NaN,NaN,NaN,244.822,1021.4617,NaN,NaN,0,0,66,7,0,4500
rc_204.1.txt,45,FB-CMPSO,1302329,4500,0,NaN,NaN,NaN,NaN,1499.53,1159.4096,NaN,NaN,3080,29,0,0,0,4500
rc_204.1.txt,45,RKPSO,1302330,4500,0,NaN,NaN,NaN,NaN,3561.7174,1329.9765,NaN,NaN,0,0,0,0,0,4500
rc_204.1.txt,45,LateOnly,1302330,4500,0,NaN,NaN,NaN,NaN,1881.6228,1197.78867,NaN,NaN,3080,27,0,0,0,4500
rc_204.1.txt,45,LateTo2Opt,1302330,4500,0,NaN,NaN,NaN,NaN,1881.6228,1197.78867,NaN,NaN,3080,27,0,0,0,4500
rc_204.1.txt,45,AlwaysVND,1302330,4500,0,NaN,NaN,NaN,NaN,1085.97317,1145.65587,NaN,NaN,0,0,47,10,1,4500
rc_204.1.txt,45,FB-CMPSO,1302330,4500,0,NaN,NaN,NaN,NaN,1881.6228,1197.78867,NaN,NaN,3080,27,0,0,0,4500
rc_204.2.txt,32,RKPSO,1302401,3200,0,NaN,NaN,NaN,NaN,270.7242,965.3613,NaN,NaN,0,0,0,0,0,3200
rc_204.2.txt,32,LateOnly,1302401,3200,0,NaN,NaN,NaN,NaN,47.1021999999999,946.9674,NaN,NaN,1922,15,0,0,0,3200
rc_204.2.txt,32,LateTo2Opt,1302401,3200,0,NaN,NaN,NaN,NaN,47.1021999999999,946.9674,NaN,NaN,1922,15,0,0,0,3200
rc_204.2.txt,32,AlwaysVND,1302401,3200,1,1354,1396,126.6589,0.0702100332594234,0,784.1674,925.5741,0.184256675123837,0,0,33,10,4,3200
rc_204.2.txt,32,FB-CMPSO,1302401,3200,0,NaN,NaN,NaN,NaN,47.1021999999999,946.9674,NaN,NaN,1922,15,0,0,0,3200
rc_204.2.txt,32,RKPSO,1302402,3200,0,NaN,NaN,NaN,NaN,858.4754,974.7848,NaN,NaN,0,0,0,0,0,3200
rc_204.2.txt,32,LateOnly,1302402,3200,0,NaN,NaN,NaN,NaN,28.7021000000004,927.4001,NaN,NaN,1922,14,0,0,0,3200
rc_204.2.txt,32,LateTo2Opt,1302402,3200,0,NaN,NaN,NaN,NaN,28.7021000000004,927.4001,NaN,NaN,1922,14,0,0,0,3200
rc_204.2.txt,32,AlwaysVND,1302402,3200,1,1320,1396,117.8408,0.0653219512195122,0,773.9471,895.0575,0.168821885949015,0,0,34,9,2,3200
rc_204.2.txt,32,FB-CMPSO,1302402,3200,0,NaN,NaN,NaN,NaN,28.7021000000004,927.4001,NaN,NaN,1922,14,0,0,0,3200
rc_204.2.txt,32,RKPSO,1302403,3200,0,NaN,NaN,NaN,NaN,30.2103999999998,933.6143,NaN,NaN,0,0,0,0,0,3200
rc_204.2.txt,32,LateOnly,1302403,3200,0,NaN,NaN,NaN,NaN,339.967999999999,1009.1251,NaN,NaN,1922,9,0,0,0,3200
rc_204.2.txt,32,LateTo2Opt,1302403,3200,0,NaN,NaN,NaN,NaN,339.967999999999,1009.1251,NaN,NaN,1922,9,0,0,0,3200
rc_204.2.txt,32,AlwaysVND,1302403,3200,1,1071,1170,147.077,0.0724517241379311,0,777.405,946.8112,0.174044037694817,0,0,31,8,5,3200
rc_204.2.txt,32,FB-CMPSO,1302403,3200,0,NaN,NaN,NaN,NaN,339.967999999999,1009.1251,NaN,NaN,1922,9,0,0,0,3200
rc_204.2.txt,32,RKPSO,1302404,3200,0,NaN,NaN,NaN,NaN,433.5535,925.4928,NaN,NaN,0,0,0,0,0,3200
rc_204.2.txt,32,LateOnly,1302404,3200,1,2738,2743,70.0606,0.153305470459519,0,840.3549,910.4155,0.269111544037695,1922,17,0,0,0,3200
rc_204.2.txt,32,LateTo2Opt,1302404,3200,1,2738,2743,53.7058,0.117518161925602,0,856.7097,910.4155,0.29381071040232,1643,13,4,0,0,3200
rc_204.2.txt,32,AlwaysVND,1302404,3200,1,1800,1848,71.1211999999999,0.0526044378698224,0,776.8453,847.9665,0.173198773710282,0,0,41,10,3,3200
rc_204.2.txt,32,FB-CMPSO,1302404,3200,1,2738,2743,118.5057,0.259312253829322,0,791.9098,910.4155,0.195949317385526,1643,13,5,2,1,3200
rc_204.2.txt,32,RKPSO,1302405,3200,0,NaN,NaN,NaN,NaN,423.9082,927.9534,NaN,NaN,0,0,0,0,0,3200
rc_204.2.txt,32,LateOnly,1302405,3200,0,NaN,NaN,NaN,NaN,64.4069,946.85474,NaN,NaN,1922,14,0,0,0,3200
rc_204.2.txt,32,LateTo2Opt,1302405,3200,0,NaN,NaN,NaN,NaN,64.4069,946.85474,NaN,NaN,1922,14,0,0,0,3200
rc_204.2.txt,32,AlwaysVND,1302405,3200,1,1239,1283,95.0052000000003,0.0495593114241003,0,776.15734,871.16254,0.172159810317748,0,0,39,9,3,3200
rc_204.2.txt,32,FB-CMPSO,1302405,3200,0,NaN,NaN,NaN,NaN,64.4069,946.85474,NaN,NaN,1922,14,0,0,0,3200
rc_204.2.txt,32,RKPSO,1302406,3200,0,NaN,NaN,NaN,NaN,503.9229,877.9246,NaN,NaN,0,0,0,0,0,3200
rc_204.2.txt,32,LateOnly,1302406,3200,0,NaN,NaN,NaN,NaN,36.8918,949.3285,NaN,NaN,1922,12,0,0,0,3200
rc_204.2.txt,32,LateTo2Opt,1302406,3200,0,NaN,NaN,NaN,NaN,36.8918,949.3285,NaN,NaN,1922,12,0,0,0,3200
rc_204.2.txt,32,AlwaysVND,1302406,3200,1,1931,1961,121.8437,0.0983403551251007,0,788.852,910.6957,0.191331400265797,0,0,49,12,2,3200
rc_204.2.txt,32,FB-CMPSO,1302406,3200,0,NaN,NaN,NaN,NaN,36.8918,949.3285,NaN,NaN,1922,12,0,0,0,3200
rc_204.2.txt,32,RKPSO,1302407,3200,0,NaN,NaN,NaN,NaN,94.1802,932.3997,NaN,NaN,0,0,0,0,0,3200
rc_204.2.txt,32,LateOnly,1302407,3200,0,NaN,NaN,NaN,NaN,97.5031,932.9572,NaN,NaN,1922,9,0,0,0,3200
rc_204.2.txt,32,LateTo2Opt,1302407,3200,0,NaN,NaN,NaN,NaN,97.5031,932.9572,NaN,NaN,1922,9,0,0,0,3200
rc_204.2.txt,32,AlwaysVND,1302407,3200,1,1680,1735,160.05826,0.109254784982935,0,759.06864,924.2178,0.146352301558536,0,0,38,12,1,3200
rc_204.2.txt,32,FB-CMPSO,1302407,3200,0,NaN,NaN,NaN,NaN,97.5031,932.9572,NaN,NaN,1922,9,0,0,0,3200
rc_204.2.txt,32,RKPSO,1302408,3200,0,NaN,NaN,NaN,NaN,251.4869,918.7501,NaN,NaN,0,0,0,0,0,3200
rc_204.2.txt,32,LateOnly,1302408,3200,1,1396,1417,99.0877,0.0555735838474481,0,850.1858,949.2735,0.283958257822883,1922,22,0,0,0,3200
rc_204.2.txt,32,LateTo2Opt,1302408,3200,1,1396,1417,149.2369,0.0836998878295008,0,800.0366,949.2735,0.208222483991785,837,13,10,0,0,3200
rc_204.2.txt,32,AlwaysVND,1302408,3200,1,977,1057,128.19334,0.059819570695287,0,770.8778,928.51464,0.164186601425637,0,0,29,12,5,3200
rc_204.2.txt,32,FB-CMPSO,1302408,3200,1,1396,1417,179.40666,0.100620673022995,0,769.86684,949.2735,0.162659840521928,837,13,12,11,1,3200
rc_204.2.txt,32,RKPSO,1302409,3200,0,NaN,NaN,NaN,NaN,389.5381,915.4366,NaN,NaN,0,0,0,0,0,3200
rc_204.2.txt,32,LateOnly,1302409,3200,0,NaN,NaN,NaN,NaN,17.4532799999999,912.31084,NaN,NaN,1922,15,0,0,0,3200
rc_204.2.txt,32,LateTo2Opt,1302409,3200,0,NaN,NaN,NaN,NaN,17.4532799999999,912.31084,NaN,NaN,1922,15,0,0,0,3200
rc_204.2.txt,32,AlwaysVND,1302409,3200,1,1656,1735,95.6322999999998,0.0652780204778155,0,786.44424,887.97984,0.187695179412831,0,0,38,14,1,3200
rc_204.2.txt,32,FB-CMPSO,1302409,3200,0,NaN,NaN,NaN,NaN,17.4532799999999,912.31084,NaN,NaN,1922,15,0,0,0,3200
rc_204.2.txt,32,RKPSO,1302410,3200,0,NaN,NaN,NaN,NaN,231.0926,963.6765,NaN,NaN,0,0,0,0,0,3200
rc_204.2.txt,32,LateOnly,1302410,3200,0,NaN,NaN,NaN,NaN,30.4104,967.7461,NaN,NaN,1922,14,0,0,0,3200
rc_204.2.txt,32,LateTo2Opt,1302410,3200,0,NaN,NaN,NaN,NaN,30.4104,967.7461,NaN,NaN,1922,14,0,0,0,3200
rc_204.2.txt,32,AlwaysVND,1302410,3200,1,1061,1170,174.6229,0.0860211330049261,0,757.54904,959.6377,0.144057387942491,0,0,37,9,2,3200
rc_204.2.txt,32,FB-CMPSO,1302410,3200,0,NaN,NaN,NaN,NaN,30.4104,967.7461,NaN,NaN,1922,14,0,0,0,3200
rc_204.2.txt,32,RKPSO,1302411,3200,0,NaN,NaN,NaN,NaN,333.3857,957.7224,NaN,NaN,0,0,0,0,0,3200
rc_204.2.txt,32,LateOnly,1302411,3200,0,NaN,NaN,NaN,NaN,6.10310000000004,911.587,NaN,NaN,1922,11,0,0,0,3200
rc_204.2.txt,32,LateTo2Opt,1302411,3200,0,NaN,NaN,NaN,NaN,6.10310000000004,911.587,NaN,NaN,1922,11,0,0,0,3200
rc_204.2.txt,32,AlwaysVND,1302411,3200,1,785,831,212.0342,0.0895036724356267,0,732.2737,944.3079,0.105886341669687,0,0,27,7,3,3200
rc_204.2.txt,32,FB-CMPSO,1302411,3200,0,NaN,NaN,NaN,NaN,6.10310000000004,911.587,NaN,NaN,1922,11,0,0,0,3200
rc_204.2.txt,32,RKPSO,1302412,3200,0,NaN,NaN,NaN,NaN,474.8717,956.6348,NaN,NaN,0,0,0,0,0,3200
rc_204.2.txt,32,LateOnly,1302412,3200,1,1071,1111,155.30786,0.0743455528961224,0,797.68134,952.9892,0.204665549111997,1922,30,0,0,0,3200
rc_204.2.txt,32,LateTo2Opt,1302412,3200,1,1071,1111,160.85226,0.0769996457635232,0,792.13694,952.9892,0.196292346260722,651,12,14,0,0,3200
rc_204.2.txt,32,AlwaysVND,1302412,3200,1,1233,1283,146.9849,0.0766744392279604,0,753.67384,900.65874,0.138205025975595,0,0,35,5,4,3200
rc_204.2.txt,32,FB-CMPSO,1302412,3200,1,1071,1111,182.5355,0.087379368118717,0,770.4537,952.9892,0.163546121783255,651,12,13,10,5,3200
rc_204.2.txt,32,RKPSO,1302413,3200,0,NaN,NaN,NaN,NaN,207.5433,942.8099,NaN,NaN,0,0,0,0,0,3200
rc_204.2.txt,32,LateOnly,1302413,3200,0,NaN,NaN,NaN,NaN,18.14428,923.98214,NaN,NaN,1922,11,0,0,0,3200
rc_204.2.txt,32,LateTo2Opt,1302413,3200,0,NaN,NaN,NaN,NaN,18.14428,923.98214,NaN,NaN,1922,11,0,0,0,3200
rc_204.2.txt,32,AlwaysVND,1302413,3200,1,1440,1509,115.2696,0.0681665286812538,0,781.20554,914.50354,0.179783647456808,0,0,49,5,2,3200
rc_204.2.txt,32,FB-CMPSO,1302413,3200,0,NaN,NaN,NaN,NaN,18.14428,923.98214,NaN,NaN,1922,11,0,0,0,3200
rc_204.2.txt,32,RKPSO,1302414,3200,0,NaN,NaN,NaN,NaN,47.3397000000004,951.8487,NaN,NaN,0,0,0,0,0,3200
rc_204.2.txt,32,LateOnly,1302414,3200,1,2894,2896,47.5214000000001,0.156320394736842,0,887.0039,934.5253,0.339561284281745,1922,22,0,0,0,3200
rc_204.2.txt,32,LateTo2Opt,1302414,3200,1,2894,2896,39.0379,0.128414144736842,0,895.4874,934.5253,0.352373142442914,1736,17,3,0,0,3200
rc_204.2.txt,32,AlwaysVND,1302414,3200,1,1135,1170,183.28996,0.0902906206896553,0,775.24874,958.5387,0.170787634408602,0,0,32,10,6,3200
rc_204.2.txt,32,FB-CMPSO,1302414,3200,1,2894,2896,64.7802000000001,0.213092763157895,0,869.7451,934.5253,0.313496888969433,1736,17,3,1,1,3200
rc_204.2.txt,32,RKPSO,1302415,3200,1,1376,NaN,0,0,0,908.9057,946.5014,0.372637580041078,0,0,0,0,0,3200
rc_204.2.txt,32,LateOnly,1302415,3200,1,1868,1876,99.4607,0.0751213746223565,0,824.4383,923.899,0.245074151262535,1922,25,0,0,0,3200
rc_204.2.txt,32,LateTo2Opt,1302415,3200,1,1868,1876,126.4496,0.095505740181269,0,797.4494,923.899,0.204315271233539,1116,12,11,0,0,3200
rc_204.2.txt,32,AlwaysVND,1302415,3200,1,1409,1509,76.7920999999999,0.0454122412773506,0,785.8288,884.5605,0.186765736377915,0,0,34,12,2,3200
rc_204.2.txt,32,FB-CMPSO,1302415,3200,1,1868,1876,132.6981,0.100225151057402,0,791.2009,923.899,0.194878730216262,1116,12,16,3,1,3200
rc_204.2.txt,32,RKPSO,1302416,3200,0,NaN,NaN,NaN,NaN,93.7873,997.729,NaN,NaN,0,0,0,0,0,3200
rc_204.2.txt,32,LateOnly,1302416,3200,1,758,805,139.1028,0.0580805010438414,0,761.2905,903.2925,0.149707774555999,1922,32,0,0,0,3200
rc_204.2.txt,32,LateTo2Opt,1302416,3200,1,758,805,165.8617,0.0692533194154489,0,734.5316,903.2925,0.109296242599976,465,15,11,0,0,3200
rc_204.2.txt,32,AlwaysVND,1302416,3200,1,1405,1509,89.8098000000001,0.053110467179184,0,830.7726,936.8318,0.254640268213121,0,0,36,10,2,3200
rc_204.2.txt,32,FB-CMPSO,1302416,3200,1,758,805,201.16236,0.0839926346555324,0,699.23094,903.2925,0.0559848677056906,465,15,12,4,2,3200
rc_204.2.txt,32,RKPSO,1302417,3200,1,1400,NaN,0,0,0,898.0506,955.916,0.35624411018485,0,0,0,0,0,3200
rc_204.2.txt,32,LateOnly,1302417,3200,1,654,703,134.99514,0.0540629315178213,0,799.0272,934.02234,0.206698079014136,1922,32,0,0,0,3200
rc_204.2.txt,32,LateTo2Opt,1302417,3200,1,654,703,143.901,0.0576295554665599,0,790.12134,934.02234,0.193248368974266,403,13,15,0,0,3200
rc_204.2.txt,32,AlwaysVND,1302417,3200,1,788,831,242.4112,0.102326382439848,0,692.2519,934.6631,0.0454450585961095,0,0,37,5,4,3200
rc_204.2.txt,32,FB-CMPSO,1302417,3200,1,654,703,209.19014,0.0837765879054865,0,724.8322,934.02234,0.0946481212999882,403,13,18,8,3,3200
rc_204.2.txt,32,RKPSO,1302418,3200,0,NaN,NaN,NaN,NaN,242.9493,1003.5274,NaN,NaN,0,0,0,0,0,3200
rc_204.2.txt,32,LateOnly,1302418,3200,1,2383,2386,51.0538000000001,0.0627196560196562,0,871.4121,922.4659,0.316014407393984,1922,16,0,0,0,3200
rc_204.2.txt,32,LateTo2Opt,1302418,3200,1,2383,2386,89.6184000000003,0.110096314496315,0,832.8475,922.4659,0.257773800894044,1426,11,7,0,0,3200
rc_204.2.txt,32,AlwaysVND,1302418,3200,1,1077,1170,171.8012,0.0846311330049262,0,746.2576,932.894,0.127004953485562,0,0,43,5,5,3200
rc_204.2.txt,32,FB-CMPSO,1302418,3200,1,2383,2386,114.2221,0.14032199017199,0,808.2438,922.4659,0.220617071402682,1426,11,10,3,0,3200
rc_204.2.txt,32,RKPSO,1302419,3200,0,NaN,NaN,NaN,NaN,414.2206,916.8996,NaN,NaN,0,0,0,0,0,3200
rc_204.2.txt,32,LateOnly,1302419,3200,0,NaN,NaN,NaN,NaN,15.6853999999998,958.5092,NaN,NaN,1922,15,0,0,0,3200
rc_204.2.txt,32,LateTo2Opt,1302419,3200,0,NaN,NaN,NaN,NaN,15.6853999999998,958.5092,NaN,NaN,1922,15,0,0,0,3200
rc_204.2.txt,32,AlwaysVND,1302419,3200,1,1246,1283,185.1954,0.0966068857589984,0,743.4621,928.6575,0.122783164189924,0,0,38,8,5,3200
rc_204.2.txt,32,FB-CMPSO,1302419,3200,0,NaN,NaN,NaN,NaN,15.6853999999998,958.5092,NaN,NaN,1922,15,0,0,0,3200
rc_204.2.txt,32,RKPSO,1302420,3200,0,NaN,NaN,NaN,NaN,406.6234,861.8122,NaN,NaN,0,0,0,0,0,3200
rc_204.2.txt,32,LateOnly,1302420,3200,1,2474,2488,44.8561999999998,0.0630002808988762,0,881.7566,926.6128,0.331636764528211,1922,9,0,0,0,3200
rc_204.2.txt,32,LateTo2Opt,1302420,3200,1,2474,2488,90.9344,0.127716853932584,0,835.6784,926.6128,0.26204905158874,1488,5,6,0,0,3200
rc_204.2.txt,32,AlwaysVND,1302420,3200,1,857,944,198.51026,0.0879921365248227,0,747.77994,947.508,0.129304005074303,0,0,34,9,4,3200
rc_204.2.txt,32,FB-CMPSO,1302420,3200,1,2474,2488,108.7613,0.152754634831461,0,817.8515,926.6128,0.235126706536185,1488,5,7,3,0,3200
rc_204.2.txt,32,RKPSO,1302421,3200,0,NaN,NaN,NaN,NaN,213.2706,1053.849,NaN,NaN,0,0,0,0,0,3200
rc_204.2.txt,32,LateOnly,1302421,3200,0,NaN,NaN,NaN,NaN,139.2311,976.8943,NaN,NaN,1922,11,0,0,0,3200
rc_204.2.txt,32,LateTo2Opt,1302421,3200,0,NaN,NaN,NaN,NaN,139.2311,976.8943,NaN,NaN,1922,11,0,0,0,3200
rc_204.2.txt,32,AlwaysVND,1302421,3200,1,1229,1283,163.6251,0.0853547730829421,0,755.5082,945.668,0.140975292980548,0,0,35,10,2,3200
rc_204.2.txt,32,FB-CMPSO,1302421,3200,0,NaN,NaN,NaN,NaN,139.2311,976.8943,NaN,NaN,1922,11,0,0,0,3200
rc_204.2.txt,32,RKPSO,1302422,3200,0,NaN,NaN,NaN,NaN,476.178900000001,1012.6732,NaN,NaN,0,0,0,0,0,3200
rc_204.2.txt,32,LateOnly,1302422,3200,0,NaN,NaN,NaN,NaN,98.8460999999998,956.8518,NaN,NaN,1922,10,0,0,0,3200
rc_204.2.txt,32,LateTo2Opt,1302422,3200,0,NaN,NaN,NaN,NaN,98.8460999999998,956.8518,NaN,NaN,1922,10,0,0,0,3200
rc_204.2.txt,32,AlwaysVND,1302422,3200,1,1070,1170,126.917,0.0625206896551725,0,765.2063,934.7068,0.155621451008819,0,0,27,5,5,3200
rc_204.2.txt,32,FB-CMPSO,1302422,3200,0,NaN,NaN,NaN,NaN,98.8460999999998,956.8518,NaN,NaN,1922,10,0,0,0,3200
rc_204.2.txt,32,RKPSO,1302423,3200,1,967,NaN,0,0,0,901.4314,925.1894,0.361349824815754,0,0,0,0,0,3200
rc_204.2.txt,32,LateOnly,1302423,3200,1,2678,2692,19.3185000000001,0.0380285433070868,0,863.3618,882.6803,0.303856771777214,1922,20,0,0,0,3200
rc_204.2.txt,32,LateTo2Opt,1302423,3200,1,2678,2692,24.4241999999999,0.0480791338582676,0,858.2561,882.6803,0.296146097619911,1612,15,5,0,0,3200
rc_204.2.txt,32,AlwaysVND,1302423,3200,1,680,718,149.0504,0.0600525382755842,0,743.9287,933.1911,0.123487827715356,0,0,26,11,3,3200
rc_204.2.txt,32,FB-CMPSO,1302423,3200,1,2678,2692,52.7697000000001,0.103877362204725,0,829.9106,882.6803,0.253338468043977,1612,15,4,2,0,3200
rc_204.2.txt,32,RKPSO,1302424,3200,0,NaN,NaN,NaN,NaN,7.63590000000011,953.2998,NaN,NaN,0,0,0,0,0,3200
rc_204.2.txt,32,LateOnly,1302424,3200,1,1860,1876,115.3157,0.0870964501510574,0,842.5563,957.872,0.272436118158753,1922,27,0,0,0,3200
rc_204.2.txt,32,LateTo2Opt,1302424,3200,1,1860,1876,147.27356,0.111233806646525,0,810.59844,957.872,0.224173069952882,1116,14,12,0,0,3200
rc_204.2.txt,32,AlwaysVND,1302424,3200,1,869,944,171.5531,0.0760430407801419,0,737.76084,909.31394,0.114173069952881,0,0,36,6,4,3200
rc_204.2.txt,32,FB-CMPSO,1302424,3200,1,1860,1876,169.1773,0.127777416918429,0,788.6947,957.872,0.191093844388064,1116,14,11,4,2,3200
rc_204.2.txt,32,RKPSO,1302425,3200,0,NaN,NaN,NaN,NaN,487.5226,960.5707,NaN,NaN,0,0,0,0,0,3200
rc_204.2.txt,32,LateOnly,1302425,3200,1,1615,1621,143.4052,0.0908202659911335,0,813.8656,957.2708,0.229107164431558,1922,26,0,0,0,3200
rc_204.2.txt,32,LateTo2Opt,1302425,3200,1,1615,1621,160.1623,0.101432742241925,0,797.1085,957.2708,0.203800440981032,961,11,13,0,0,3200
rc_204.2.txt,32,AlwaysVND,1302425,3200,1,1058,1170,152.1742,0.0749626600985221,0,747.8117,924.7263,0.129351969312553,0,0,39,7,4,3200
rc_204.2.txt,32,FB-CMPSO,1302425,3200,1,1615,1621,143.2591,0.0907277390753642,0,814.0117,957.2708,0.229327805968346,961,11,13,7,0,3200
rc_204.2.txt,32,RKPSO,1302426,3200,0,NaN,NaN,NaN,NaN,197.8293,898.9208,NaN,NaN,0,0,0,0,0,3200
rc_204.2.txt,32,LateOnly,1302426,3200,0,NaN,NaN,NaN,NaN,0.75569999999999,947.6573,NaN,NaN,1922,14,0,0,0,3200
rc_204.2.txt,32,LateTo2Opt,1302426,3200,0,NaN,NaN,NaN,NaN,0.75569999999999,947.6573,NaN,NaN,1922,14,0,0,0,3200
rc_204.2.txt,32,AlwaysVND,1302426,3200,1,875,944,171.3147,0.0759373670212766,0,759.0498,943.8532,0.146323849220732,0,0,33,8,4,3200
rc_204.2.txt,32,FB-CMPSO,1302426,3200,0,NaN,NaN,NaN,NaN,0.75569999999999,947.6573,NaN,NaN,1922,14,0,0,0,3200
rc_204.2.txt,32,RKPSO,1302427,3200,0,NaN,NaN,NaN,NaN,81.5424000000006,987.8011,NaN,NaN,0,0,0,0,0,3200
rc_204.2.txt,32,LateOnly,1302427,3200,0,NaN,NaN,NaN,NaN,160.3093,1012.431,NaN,NaN,1922,10,0,0,0,3200
rc_204.2.txt,32,LateTo2Opt,1302427,3200,0,NaN,NaN,NaN,NaN,160.3093,1012.431,NaN,NaN,1922,10,0,0,0,3200
rc_204.2.txt,32,AlwaysVND,1302427,3200,1,1407,1509,130.5125,0.0771806623299824,0,775.6196,925.5567,0.171347710523137,0,0,42,11,1,3200
rc_204.2.txt,32,FB-CMPSO,1302427,3200,0,NaN,NaN,NaN,NaN,160.3093,1012.431,NaN,NaN,1922,10,0,0,0,3200
rc_204.2.txt,32,RKPSO,1302428,3200,0,NaN,NaN,NaN,NaN,588.5751,928.9588,NaN,NaN,0,0,0,0,0,3200
rc_204.2.txt,32,LateOnly,1302428,3200,0,NaN,NaN,NaN,NaN,129.008100000001,957.249,NaN,NaN,1922,9,0,0,0,3200
rc_204.2.txt,32,LateTo2Opt,1302428,3200,0,NaN,NaN,NaN,NaN,129.008100000001,957.249,NaN,NaN,1922,9,0,0,0,3200
rc_204.2.txt,32,AlwaysVND,1302428,3200,1,1583,1622,194.92936,0.12352937896071,0,750.22994,945.1593,0.133004017155974,0,0,43,10,2,3200
rc_204.2.txt,32,FB-CMPSO,1302428,3200,0,NaN,NaN,NaN,NaN,129.008100000001,957.249,NaN,NaN,1922,9,0,0,0,3200
rc_204.2.txt,32,RKPSO,1302429,3200,0,NaN,NaN,NaN,NaN,408.4185,1015.9851,NaN,NaN,0,0,0,0,0,3200
rc_204.2.txt,32,LateOnly,1302429,3200,1,2816,2845,20.0690000000001,0.0565323943661974,0,900.0079,920.0769,0.359200042285853,1922,18,0,0,0,3200
rc_204.2.txt,32,LateTo2Opt,1302429,3200,1,2816,2845,28.9063000000001,0.0814261971830989,0,891.1706,920.0769,0.345853872175909,1705,15,3,0,0,3200
rc_204.2.txt,32,AlwaysVND,1302429,3200,1,911,944,176.098,0.0780576241134754,0,758.9483,935.0463,0.14617056300592,0,0,34,10,1,3200
rc_204.2.txt,32,FB-CMPSO,1302429,3200,1,2816,2845,93.0662000000002,0.262158309859156,0,827.0107,920.0769,0.248959012927389,1705,15,4,2,0,3200
rc_204.2.txt,32,RKPSO,1302430,3200,0,NaN,NaN,NaN,NaN,1113.8825,1009.882,NaN,NaN,0,0,0,0,0,3200
rc_204.2.txt,32,LateOnly,1302430,3200,0,NaN,NaN,NaN,NaN,11.6074000000002,959.5391,NaN,NaN,1922,21,0,0,0,3200
rc_204.2.txt,32,LateTo2Opt,1302430,3200,0,NaN,NaN,NaN,NaN,11.6074000000002,959.5391,NaN,NaN,1922,21,0,0,0,3200
rc_204.2.txt,32,AlwaysVND,1302430,3200,1,1518,1622,127.6918,0.0809200253485424,0,790.8548,946.6968,0.194356046876888,0,0,32,14,2,3200
rc_204.2.txt,32,FB-CMPSO,1302430,3200,0,NaN,NaN,NaN,NaN,11.6074000000002,959.5391,NaN,NaN,1922,21,0,0,0,3200
rc_204.3.txt,23,RKPSO,1302501,2300,1,69,NaN,0,0,0,554.3558,917.2305,0.218284069182252,0,0,0,0,0,2300
rc_204.3.txt,23,LateOnly,1302501,2300,1,43,82,325.3503,0.146686339044184,0,522.5916,847.9419,0.148477243258686,1188,20,0,0,0,2300
rc_204.3.txt,23,LateTo2Opt,1302501,2300,1,43,82,346.3841,0.156169567177637,0,501.5578,847.9419,0.102252159198295,22,1,21,0,0,2300
rc_204.3.txt,23,AlwaysVND,1302501,2300,1,90,126,364.9983,0.167892502299908,0,507.1067,872.105,0.114446739775399,0,0,25,8,1,2300
rc_204.3.txt,23,FB-CMPSO,1302501,2300,1,43,82,387.471,0.174693868349865,0,460.4709,847.9419,0.0119572335889941,22,1,21,6,3,2300
rc_204.3.txt,23,RKPSO,1302502,2300,1,115,NaN,0,0,0,579.5776,792.8762,0.273712942003824,0,0,0,0,0,2300
rc_204.3.txt,23,LateOnly,1302502,2300,1,42,82,277.7722,0.125235437330929,0,522.6837,803.803,0.14867964749577,1188,30,0,0,0,2300
rc_204.3.txt,23,LateTo2Opt,1302502,2300,1,42,82,281.0159,0.12669788097385,0,519.44,803.803,0.141551106520449,22,1,16,0,0,2300
rc_204.3.txt,23,AlwaysVND,1302502,2300,1,120,126,415.6425,0.191187902483901,0,508.6571,924.2996,0.117853987649166,0,0,24,7,5,2300
rc_204.3.txt,23,FB-CMPSO,1302502,2300,1,42,82,327.0951,0.147472993688007,0,473.3608,803.803,0.040284816385733,22,1,25,6,1,2300
rc_204.3.txt,23,RKPSO,1302503,2300,1,56,NaN,0,0,0,615.4784,917.9625,0.352610597103488,0,0,0,0,0,2300
rc_204.3.txt,23,LateOnly,1302503,2300,1,88,124,287.1905,0.131980928308824,0,532.6226,893.1084,0.170521943608114,1188,29,0,0,0,2300
rc_204.3.txt,23,LateTo2Opt,1302503,2300,1,88,124,282.7866,0.129957077205882,0,537.0265,893.1084,0.180200206579786,44,2,16,0,0,2300
rc_204.3.txt,23,AlwaysVND,1302503,2300,1,111,126,263.1849,0.121060211591536,0,514.1991,777.384,0.130033404390919,0,0,20,8,5,2300
rc_204.3.txt,23,FB-CMPSO,1302503,2300,1,88,124,346.8776,0.159410661764706,0,472.9355,893.1084,0.0393501527371822,44,2,22,8,5,2300
rc_204.3.txt,23,RKPSO,1302504,2300,1,95,NaN,0,0,0,624.5771,818.9362,0.372606421554623,0,0,0,0,0,2300
rc_204.3.txt,23,LateOnly,1302504,2300,1,123,124,320.2359,0.147167233455882,0,553.2859,873.5218,0.215932795639848,1188,25,0,0,0,2300
rc_204.3.txt,23,LateTo2Opt,1302504,2300,1,123,124,347.7582,0.159815349264706,0,525.7636,873.5218,0.155448212205789,44,2,18,0,0,2300
rc_204.3.txt,23,AlwaysVND,1302504,2300,1,74,126,251.8241,0.115834452621895,0,479.6733,744.3319,0.0541575280750719,0,0,32,8,2,2300
rc_204.3.txt,23,FB-CMPSO,1302504,2300,1,123,124,374.8972,0.172287316176471,0,498.6246,873.5218,0.0958059908137925,44,2,24,6,4,2300
rc_204.3.txt,23,RKPSO,1302505,2300,1,104,NaN,0,0,0,577.2517,863.6588,0.268601410895985,0,0,0,0,0,2300
rc_204.3.txt,23,LateOnly,1302505,2300,1,42,82,280.2071,0.126333228133454,0,538.6757,818.8828,0.183824582994528,1188,27,0,0,0,2300
rc_204.3.txt,23,LateTo2Opt,1302505,2300,1,42,82,269.3924,0.12145734896303,0,549.4904,818.8828,0.207591587367866,22,1,16,0,0,2300
rc_204.3.txt,23,AlwaysVND,1302505,2300,1,46,126,239.571,0.110198252069917,0,522.5593,842.9818,0.148406258927983,0,0,15,8,3,2300
rc_204.3.txt,23,FB-CMPSO,1302505,2300,1,42,82,278.0426,0.12535734896303,0,540.8402,818.8828,0.188581412214579,22,1,11,5,3,2300
rc_204.3.txt,23,RKPSO,1302506,2300,1,70,NaN,0,0,0,646.3655,820.2269,0.420489857811573,0,0,0,0,0,2300
rc_204.3.txt,23,LateOnly,1302506,2300,1,87,124,251.7557,0.115696553308824,0,556.2147,868.619,0.222369294332242,1188,27,0,0,0,2300
rc_204.3.txt,23,LateTo2Opt,1302506,2300,1,87,124,286.5874,0.131703768382353,0,521.383,868.619,0.145821154649144,44,2,20,0,0,2300
rc_204.3.txt,23,AlwaysVND,1302506,2300,1,76,126,329.814,0.151708371665133,0,484.2077,904.6445,0.0641225853240446,0,0,23,7,3,2300
rc_204.3.txt,23,FB-CMPSO,1302506,2300,1,87,124,292.5612,0.134449080882353,0,515.4092,868.619,0.132692789486408,44,2,12,7,3,2300
rc_204.3.txt,23,RKPSO,1302507,2300,1,71,NaN,0,0,0,554.5049,827.0283,0.218611739885282,0,0,0,0,0,2300
rc_204.3.txt,23,LateOnly,1302507,2300,1,76,82,243.0413,0.109576780883679,0,524.7712,767.8125,0.153267257103927,1188,28,0,0,0,2300
rc_204.3.txt,23,LateTo2Opt,1302507,2300,1,76,82,246.2223,0.111010955816051,0,521.5902,767.8125,0.146276509241149,22,1,17,0,0,2300
rc_204.3.txt,23,AlwaysVND,1302507,2300,1,56,126,228.6122,0.105157405703772,0,512.231,769.4756,0.125708195064062,0,0,26,9,3,2300
rc_204.3.txt,23,FB-CMPSO,1302507,2300,1,76,82,247.2815,0.111488503155996,0,520.531,767.8125,0.143948750631827,22,1,17,5,5,2300
rc_204.3.txt,23,RKPSO,1302508,2300,1,104,NaN,0,0,0,655.0816,815.5149,0.439644858580753,0,0,0,0,0,2300
rc_204.3.txt,23,LateOnly,1302508,2300,1,78,82,229.3154,0.103388367899008,0,540.7073,770.0227,0.188289343559765,1188,26,0,0,0,2300
rc_204.3.txt,23,LateTo2Opt,1302508,2300,1,78,82,260.716,0.117545536519387,0,509.3067,770.0227,0.119281585829506,22,1,20,0,0,2300
rc_204.3.txt,23,AlwaysVND,1302508,2300,1,169,212,233.7866,0.111966762452107,0,465.9309,718.2069,0.0239564424323672,0,0,27,3,3,2300
rc_204.3.txt,23,FB-CMPSO,1302508,2300,1,78,82,299.4583,0.135012759242561,0,470.5644,770.0227,0.0341392875195042,22,1,23,8,1,2300
rc_204.3.txt,23,RKPSO,1302509,2300,1,55,NaN,0,0,0,639.5092,895.3001,0.405422060083951,0,0,0,0,0,2300
rc_204.3.txt,23,LateOnly,1302509,2300,1,77,82,405.513,0.182828223624887,0,460.4709,865.9839,0.0119572335889941,1188,22,0,0,0,2300
rc_204.3.txt,23,LateTo2Opt,1302509,2300,1,77,82,350.7657,0.158145040577096,0,515.2182,865.9839,0.132273036942619,22,1,19,0,0,2300
rc_204.3.txt,23,AlwaysVND,1302509,2300,1,69,126,207.8336,0.0955996320147194,0,519.3171,759.3578,0.141281014438608,0,0,18,3,7,2300
rc_204.3.txt,23,FB-CMPSO,1302509,2300,1,77,82,359.115,0.161909377817854,0,506.8689,865.9839,0.113924136870097,22,1,18,6,0,2300
rc_204.3.txt,23,RKPSO,1302510,2300,1,75,NaN,0,0,0,626.6188,815.785,0.377093378458563,0,0,0,0,0,2300
rc_204.3.txt,23,LateOnly,1302510,2300,1,44,82,214.8366,0.0968605049594231,0,586.4434,801.28,0.288801617475771,1188,19,0,0,0,2300
rc_204.3.txt,23,LateTo2Opt,1302510,2300,1,44,82,226.6242,0.102175022542831,0,574.6558,801.28,0.262896512317869,22,1,15,0,0,2300
rc_204.3.txt,23,AlwaysVND,1302510,2300,1,160,212,286.9621,0.137433955938697,0,475.1015,785.7924,0.0441102784431795,0,0,29,5,1,2300
rc_204.3.txt,23,FB-CMPSO,1302510,2300,1,44,82,263.3988,0.118755094679892,0,537.8812,801.28,0.182078544271806,22,1,17,5,4,2300
rc_204.3.txt,23,RKPSO,1302511,2300,1,22,NaN,0,0,0,586.172,840.3638,0.288205173285278,0,0,0,0,0,2300
rc_204.3.txt,23,LateOnly,1302511,2300,1,22,40,286.6732,0.126846548672566,0,526.4577,840.3638,0.156973606135859,1188,22,0,0,0,2300
rc_204.3.txt,23,LateTo2Opt,1302511,2300,1,22,40,267.0836,0.118178584070796,0,546.0473,840.3638,0.20002483352746,0,0,25,0,0,2300
rc_204.3.txt,23,AlwaysVND,1302511,2300,1,22,40,294.7935,0.130439601769911,0,518.3374,840.3638,0.139127969584423,0,0,17,9,3,2300
rc_204.3.txt,23,FB-CMPSO,1302511,2300,1,22,40,294.7935,0.130439601769911,0,518.3374,840.3638,0.139127969584423,0,0,17,9,3,2300
rc_204.3.txt,23,RKPSO,1302512,2300,1,90,NaN,0,0,0,646.5632,912.5096,0.420924334659253,0,0,0,0,0,2300
rc_204.3.txt,23,LateOnly,1302512,2300,1,122,124,341.4922,0.156935753676471,0,478.6105,820.1027,0.0518218578994792,1188,29,0,0,0,2300
rc_204.3.txt,23,LateTo2Opt,1302512,2300,1,122,124,306.6353,0.140916957720588,0,513.4674,820.1027,0.12842537854647,44,2,18,0,0,2300
rc_204.3.txt,23,AlwaysVND,1302512,2300,1,194,212,274.1116,0.131279501915709,0,512.7437,873.2185,0.126834933960398,0,0,30,4,1,2300
rc_204.3.txt,23,FB-CMPSO,1302512,2300,1,122,124,353.5003,0.162454181985294,0,466.6024,820.1027,0.0254321693075181,44,2,23,7,4,2300
rc_204.3.txt,23,RKPSO,1302513,2300,1,125,NaN,0,0,0,582.4835,811.5678,0.280099114344109,0,0,0,0,0,2300
rc_204.3.txt,23,LateOnly,1302513,2300,1,84,124,234.4392,0.107738602941176,0,554.5449,798.9835,0.218699646177175,1188,20,0,0,0,2300
rc_204.3.txt,23,LateTo2Opt,1302513,2300,1,84,124,256.1337,0.117708501838235,0,532.8504,798.9835,0.171022569940443,44,2,17,0,0,2300
rc_204.3.txt,23,AlwaysVND,1302513,2300,1,134,212,278.527,0.133394157088123,0,514.4608,802.2827,0.130608531305629,0,0,25,9,2,2300
rc_204.3.txt,23,FB-CMPSO,1302513,2300,1,84,124,324.5738,0.149160753676471,0,464.4103,798.9835,0.0206146847460606,44,2,24,5,2,2300
rc_204.3.txt,23,RKPSO,1302514,2300,1,95,NaN,0,0,0,541.1019,847.1867,0.189156539129288,0,0,0,0,0,2300
rc_204.3.txt,23,LateOnly,1302514,2300,1,43,82,173.122,0.0780532010820559,0,549.8923,737.996,0.208474825835659,1188,25,0,0,0,2300
rc_204.3.txt,23,LateTo2Opt,1302514,2300,1,43,82,178.2484,0.0803644724977457,0,544.7659,737.996,0.197208755466673,22,1,17,0,0,2300
rc_204.3.txt,23,AlwaysVND,1302514,2300,1,56,126,275.3671,0.126663799448022,0,477.2831,774.9616,0.0489046876030152,0,0,19,5,3,2300
rc_204.3.txt,23,FB-CMPSO,1302514,2300,1,43,82,231.1,0.10419296663661,0,491.9143,737.996,0.081059051051579,22,1,21,5,8,2300
rc_204.3.txt,23,RKPSO,1302515,2300,1,50,NaN,0,0,0,588.3517,822.7253,0.292995406896249,0,0,0,0,0,2300
rc_204.3.txt,23,LateOnly,1302515,2300,1,67,82,307.3814,0.138584941388638,0,522.1789,829.5603,0.147570270092082,1188,30,0,0,0,2300
rc_204.3.txt,23,LateTo2Opt,1302515,2300,1,67,82,292.7107,0.131970559062218,0,536.8496,829.5603,0.17981144100389,22,1,19,0,0,2300
rc_204.3.txt,23,AlwaysVND,1302515,2300,1,89,126,309.4083,0.142322125114995,0,478.3075,787.7158,0.0511559677383907,0,0,23,9,4,2300
rc_204.3.txt,23,FB-CMPSO,1302515,2300,1,67,82,312.4504,0.140870333633904,0,517.1099,829.5603,0.136430345251962,22,1,20,10,3,2300
rc_204.3.txt,23,RKPSO,1302516,2300,1,331,NaN,0,0,0,588.6179,814.2678,0.293580423268795,0,0,0,0,0,2300
rc_204.3.txt,23,LateOnly,1302516,2300,1,114,124,327.9636,0.150718566176471,0,534.402,862.3656,0.174432455002967,1188,20,0,0,0,2300
rc_204.3.txt,23,LateTo2Opt,1302516,2300,1,114,124,327.1097,0.150326148897059,0,535.2559,862.3656,0.17630903456915,44,2,18,0,0,2300
rc_204.3.txt,23,AlwaysVND,1302516,2300,1,133,212,318.3796,0.152480651340996,0,505.5178,854.5001,0.110954882095686,0,0,37,9,3,2300
rc_204.3.txt,23,FB-CMPSO,1302516,2300,1,114,124,344.3028,0.158227389705882,0,518.0628,862.3656,0.138524492890579,44,2,20,8,3,2300
rc_204.3.txt,23,RKPSO,1302517,2300,1,84,NaN,0,0,0,536.4093,851.8505,0.17884381249588,0,0,0,0,0,2300
rc_204.3.txt,23,LateOnly,1302517,2300,1,46,82,263.6574,0.118871686203787,0,549.3036,851.4258,0.207181064984726,1188,17,0,0,0,2300
rc_204.3.txt,23,LateTo2Opt,1302517,2300,1,46,82,275.7634,0.124329756537421,0,537.1976,851.4258,0.180576225743358,22,1,21,0,0,2300
rc_204.3.txt,23,AlwaysVND,1302517,2300,1,53,126,261.3654,0.120223275068997,0,485.75,842.8164,0.0675120321737029,0,0,20,6,11,2300
rc_204.3.txt,23,FB-CMPSO,1302517,2300,1,46,82,319.2253,0.14392484220018,0,493.7357,851.4258,0.0850618640529198,22,1,21,8,4,2300
rc_204.3.txt,23,RKPSO,1302518,2300,1,51,NaN,0,0,0,602.3453,768.196,0.323748544052041,0,0,0,0,0,2300
rc_204.3.txt,23,LateOnly,1302518,2300,1,45,82,309.8707,0.139707258791704,0,551.9005,862.1632,0.212888161220139,1188,25,0,0,0,2300
rc_204.3.txt,23,LateTo2Opt,1302518,2300,1,45,82,360.5999,0.162578854824166,0,501.1713,862.1632,0.10140276465288,22,1,24,0,0,2300
rc_204.3.txt,23,AlwaysVND,1302518,2300,1,117,126,421.0979,0.193697286108556,0,463.3744,884.4723,0.018338131551766,0,0,25,8,6,2300
rc_204.3.txt,23,FB-CMPSO,1302518,2300,1,45,82,350.2353,0.157905906221821,0,511.5359,862.1632,0.124180603476694,22,1,20,4,3,2300
rc_204.3.txt,23,RKPSO,1302519,2300,1,86,NaN,0,0,0,615.2529,871.4109,0.352115025382942,0,0,0,0,0,2300
rc_204.3.txt,23,LateOnly,1302519,2300,1,48,82,340.4349,0.153487330928765,0,483.0146,823.4495,0.0615005604026109,1188,24,0,0,0,2300
rc_204.3.txt,23,LateTo2Opt,1302519,2300,1,48,82,290.2522,0.130862128043282,0,533.1973,823.4495,0.171784937256884,22,1,18,0,0,2300
rc_204.3.txt,23,AlwaysVND,1302519,2300,1,68,126,272.668,0.125422263109476,0,501.9445,803.0383,0.103101993275169,0,0,25,8,3,2300
rc_204.3.txt,23,FB-CMPSO,1302519,2300,1,48,82,355.6529,0.160348467087466,0,467.7966,823.4495,0.0280566116519788,22,1,29,4,4,2300
rc_204.3.txt,23,RKPSO,1302520,2300,1,133,NaN,0,0,0,524.1459,783.3321,0.151893061995912,0,0,0,0,0,2300
rc_204.3.txt,23,LateOnly,1302520,2300,1,256,292,260.0581,0.129511005976096,0,561.2529,898.8856,0.233441531327605,1188,28,0,0,0,2300
rc_204.3.txt,23,LateTo2Opt,1302520,2300,1,256,292,283.1245,0.140998256972112,0,538.1865,898.8856,0.182749489044678,132,3,18,0,0,2300
rc_204.3.txt,23,AlwaysVND,1302520,2300,1,61,126,230.5405,0.106044388224471,0,521.9803,807.4276,0.147133815352834,0,0,13,4,8,2300
rc_204.3.txt,23,FB-CMPSO,1302520,2300,1,256,292,303.6578,0.151224003984064,0,517.6532,898.8856,0.137624332461596,132,3,21,5,4,2300
rc_204.3.txt,23,RKPSO,1302521,2300,1,53,NaN,0,0,0,530.2775,758.9769,0.165368217480166,0,0,0,0,0,2300
rc_204.3.txt,23,LateOnly,1302521,2300,1,41,82,279.9262,0.126206582506763,0,487.9989,769.0423,0.0724543436696482,1188,25,0,0,0,2300
rc_204.3.txt,23,LateTo2Opt,1302521,2300,1,41,82,218.9634,0.0987211000901713,0,548.9617,769.0423,0.206429685954772,22,1,12,0,0,2300
rc_204.3.txt,23,AlwaysVND,1302521,2300,1,56,126,243.5995,0.112051287948482,0,520.1726,806.6854,0.143161110256467,0,0,19,10,2,2300
rc_204.3.txt,23,FB-CMPSO,1302521,2300,1,41,82,255.2947,0.11510130748422,0,512.6304,769.0423,0.126585939388612,22,1,21,12,0,2300
rc_204.3.txt,23,RKPSO,1302522,2300,1,89,NaN,0,0,0,652.2995,817.1868,0.433530756213876,0,0,0,0,0,2300
rc_204.3.txt,23,LateOnly,1302522,2300,1,56,82,390.3834,0.176006943192065,0,517.3015,907.6849,0.136851416390128,1188,27,0,0,0,2300
rc_204.3.txt,23,LateTo2Opt,1302522,2300,1,56,82,374.881,0.169017583408476,0,532.8039,907.6849,0.170920378876118,22,1,21,0,0,2300
rc_204.3.txt,23,AlwaysVND,1302522,2300,1,64,126,273.6047,0.125853127874885,0,518.1579,847.9783,0.138733490099554,0,0,17,5,1,2300
rc_204.3.txt,23,FB-CMPSO,1302522,2300,1,56,82,390.3283,0.175982100991885,0,517.3566,907.6849,0.136972507307211,22,1,25,6,4,2300
rc_204.3.txt,23,RKPSO,1302523,2300,1,109,NaN,0,0,0,575.1932,845.5878,0.26407753334945,0,0,0,0,0,2300
rc_204.3.txt,23,LateOnly,1302523,2300,1,41,82,303.9706,0.137047159603246,0,525.4904,829.461,0.154847812232161,1188,23,0,0,0,2300
rc_204.3.txt,23,LateTo2Opt,1302523,2300,1,41,82,286.6125,0.129221145175834,0,542.8485,829.461,0.192994967364789,22,1,20,0,0,2300
rc_204.3.txt,23,AlwaysVND,1302523,2300,1,42,126,316.7174,0.145684176632935,0,492.8624,851.8893,0.0831426499351694,0,0,30,4,5,2300
rc_204.3.txt,23,FB-CMPSO,1302523,2300,1,41,82,319.9211,0.144238548241659,0,509.5399,829.461,0.119794079511241,22,1,16,6,3,2300
rc_204.3.txt,23,RKPSO,1302524,2300,1,145,NaN,0,0,0,557.4591,685.4879,0.225104059073028,0,0,0,0,0,2300
rc_204.3.txt,23,LateOnly,1302524,2300,1,123,124,253.3572,0.116432536764706,0,560.5861,813.9433,0.231976133441751,1188,17,0,0,0,2300
rc_204.3.txt,23,LateTo2Opt,1302524,2300,1,123,124,258.0585,0.118593060661765,0,555.8848,813.9433,0.221644287189856,44,2,15,0,0,2300
rc_204.3.txt,23,AlwaysVND,1302524,2300,1,144,212,274.8382,0.131627490421456,0,462.1008,770.8341,0.0155391952178978,0,0,23,4,4,2300
rc_204.3.txt,23,FB-CMPSO,1302524,2300,1,123,124,327.1399,0.150340027573529,0,486.8034,813.9433,0.0698270443707008,44,2,19,6,6,2300
rc_204.3.txt,23,RKPSO,1302525,2300,1,35,NaN,0,0,0,562.5603,822.3716,0.236314748478122,0,0,0,0,0,2300
rc_204.3.txt,23,LateOnly,1302525,2300,1,35,40,268.4368,0.118777345132743,0,553.9348,822.3716,0.21735885546008,1188,21,0,0,0,2300
rc_204.3.txt,23,LateTo2Opt,1302525,2300,1,35,40,269.3722,0.119191238938053,0,552.9994,822.3716,0.215303166824166,0,0,19,0,0,2300
rc_204.3.txt,23,AlwaysVND,1302525,2300,1,35,40,341.4006,0.151062212389381,0,480.971,822.3716,0.0570094279498053,0,0,24,9,2,2300
rc_204.3.txt,23,FB-CMPSO,1302525,2300,1,35,40,341.4006,0.151062212389381,0,480.971,822.3716,0.0570094279498053,0,0,24,9,2,2300
rc_204.3.txt,23,RKPSO,1302526,2300,1,62,NaN,0,0,0,543.1797,763.1943,0.193722831461662,0,0,0,0,0,2300
rc_204.3.txt,23,LateOnly,1302526,2300,1,46,82,290.6425,0.131038097385032,0,500.8028,831.6687,0.100592927938817,1188,24,0,0,0,2300
rc_204.3.txt,23,LateTo2Opt,1302526,2300,1,46,82,275.5011,0.124211496844004,0,515.9442,831.6687,0.133868536140474,22,1,16,0,0,2300
rc_204.3.txt,23,AlwaysVND,1302526,2300,1,44,126,260.5234,0.119835970561178,0,477.8487,779.6555,0.0501476825703801,0,0,30,6,2,2300
rc_204.3.txt,23,FB-CMPSO,1302526,2300,1,46,82,309.3526,0.139473669972949,0,482.0927,831.6687,0.0594745401402106,22,1,21,8,6,2300
rc_204.3.txt,23,RKPSO,1302527,2300,1,50,NaN,0,0,0,638.8861,886.8835,0.40405269982199,0,0,0,0,0,2300
rc_204.3.txt,23,LateOnly,1302527,2300,1,50,82,240.6756,0.108510189359784,0,553.0092,800.9729,0.215324703865679,1188,25,0,0,0,2300
rc_204.3.txt,23,LateTo2Opt,1302527,2300,1,50,82,251.495,0.113388187556357,0,542.1898,800.9729,0.191547370503044,22,1,19,0,0,2300
rc_204.3.txt,23,AlwaysVND,1302527,2300,1,58,126,205.3225,0.0944445722171113,0,509.3427,778.0957,0.119360701492209,0,0,20,6,2,2300
rc_204.3.txt,23,FB-CMPSO,1302527,2300,1,50,82,266.2517,0.12004134355275,0,527.4331,800.9729,0.159117201063666,22,1,13,5,3,2300
rc_204.3.txt,23,RKPSO,1302528,2300,1,57,NaN,0,0,0,640.8582,830.4276,0.408386699778037,0,0,0,0,0,2300
rc_204.3.txt,23,LateOnly,1302528,2300,1,92,124,304.911,0.140124540441176,0,532.091,890.6381,0.169353668988858,1188,24,0,0,0,2300
rc_204.3.txt,23,LateTo2Opt,1302528,2300,1,92,124,281.6818,0.129449356617647,0,555.3202,890.6381,0.220403489879788,44,2,16,0,0,2300
rc_204.3.txt,23,AlwaysVND,1302528,2300,1,97,126,299.5708,0.137797056117755,0,521.7499,821.3207,0.146627475111531,0,0,24,8,6,2300
rc_204.3.txt,23,FB-CMPSO,1302528,2300,1,92,124,327.6053,0.15055390625,0,509.3967,890.6381,0.119479374986265,44,2,15,7,8,2300
rc_204.3.txt,23,RKPSO,1302529,2300,1,60,NaN,0,0,0,629.4706,851.7319,0.383360657539063,0,0,0,0,0,2300
rc_204.3.txt,23,LateOnly,1302529,2300,1,47,82,356.9885,0.160950631199279,0,548.1183,926.8298,0.204576181790212,1188,25,0,0,0,2300
rc_204.3.txt,23,LateTo2Opt,1302529,2300,1,47,82,367.3345,0.16561519386835,0,537.7723,926.8298,0.181839219392128,22,1,20,0,0,2300
rc_204.3.txt,23,AlwaysVND,1302529,2300,1,42,126,349.5213,0.160773367065318,0,513.0065,939.7655,0.127412478298134,0,0,23,4,3,2300
rc_204.3.txt,23,FB-CMPSO,1302529,2300,1,47,82,381.1669,0.171851623083859,0,523.9399,926.8298,0.151440344592664,22,1,27,7,4,2300
rc_204.3.txt,23,RKPSO,1302530,2300,1,150,NaN,0,0,0,635.8179,954.3268,0.397309847702349,0,0,0,0,0,2300
rc_204.3.txt,23,LateOnly,1302530,2300,1,125,166,252.8435,0.118483364573571,0,534.4634,845.9662,0.174567391161023,1188,22,0,0,0,2300
rc_204.3.txt,23,LateTo2Opt,1302530,2300,1,125,166,243.8457,0.114266963448922,0,543.4612,845.9662,0.194341471990858,66,3,16,0,0,2300
rc_204.3.txt,23,AlwaysVND,1302530,2300,1,167,212,229.5885,0.10995617816092,0,511.9816,762.0008,0.12516009933411,0,0,30,5,5,2300
rc_204.3.txt,23,FB-CMPSO,1302530,2300,1,125,166,283.6611,0.132924601686973,0,503.6458,845.9662,0.106840867635101,66,3,20,6,2,2300
rc_205.1.txt,13,RKPSO,1302601,1300,1,98,NaN,0,0,0,370.6689,450.683,0.0800061187028349,0,0,0,0,0,1300
rc_205.1.txt,13,LateOnly,1302601,1300,1,112,136,88.4501,0.075988058419244,0,353.149,441.5991,0.0289589464176452,480,10,0,0,0,1300
rc_205.1.txt,13,LateTo2Opt,1302601,1300,1,112,136,98.3896,0.084527147766323,0,343.2095,441.5991,-1.45683400846426e-06,36,3,6,0,0,1300
rc_205.1.txt,13,AlwaysVND,1302601,1300,1,87,96,108.8511,0.0904078903654485,0,343.2095,452.0606,-1.45683400846426e-06,0,0,4,3,3,1300
rc_205.1.txt,13,FB-CMPSO,1302601,1300,1,112,136,76.1742,0.0654417525773196,0,365.4249,441.5991,0.0647268436234375,36,3,2,3,1,1300
rc_205.1.txt,13,RKPSO,1302602,1300,0,NaN,NaN,NaN,NaN,78.4311,389.0439,NaN,NaN,0,0,0,0,0,1300
rc_205.1.txt,13,LateOnly,1302602,1300,1,109,136,5.57749999999999,0.00479166666666666,0,377.8409,433.3724,0.100902945718365,480,6,0,0,0,1300
rc_205.1.txt,13,LateTo2Opt,1302602,1300,1,109,136,23.1984,0.0199298969072165,0,360.22,433.3724,0.0495614929634917,36,3,3,0,0,1300
rc_205.1.txt,13,AlwaysVND,1302602,1300,1,267,320,10.7043000000001,0.0109227551020409,0,343.2095,355.2914,-1.45683400846426e-06,0,0,11,3,0,1300
rc_205.1.txt,13,FB-CMPSO,1302602,1300,1,109,136,40.2089,0.0345437285223368,0,343.2095,433.3724,-1.45683400846426e-06,36,3,2,3,1,1300
rc_205.1.txt,13,RKPSO,1302603,1300,1,172,NaN,0,0,0,412.5382,444.3454,0.201999358993036,0,0,0,0,0,1300
rc_205.1.txt,13,LateOnly,1302603,1300,1,171,200,46.9624,0.0426930909090909,0,353.149,407.465,0.0289589464176452,480,8,0,0,0,1300
rc_205.1.txt,13,LateTo2Opt,1302603,1300,1,171,200,27.4381,0.0249437272727273,0,372.6733,407.465,0.0858462748754407,60,5,3,0,0,1300
rc_205.1.txt,13,AlwaysVND,1302603,1300,1,281,320,69.1098,0.0705202040816327,0,343.2095,412.3193,-1.45683400846426e-06,0,0,11,5,4,1300
rc_205.1.txt,13,FB-CMPSO,1302603,1300,1,171,200,46.9624,0.0426930909090909,0,353.149,407.465,0.0289589464176452,60,5,3,2,0,1300
rc_205.1.txt,13,RKPSO,1302604,1300,1,119,NaN,0,0,0,395.4655,399.018,0.1522551790449,0,0,0,0,0,1300
rc_205.1.txt,13,LateOnly,1302604,1300,1,138,168,82.4433,0.0728297703180212,0,353.9138,465.9118,0.0311873197167916,480,10,0,0,0,1300
rc_205.1.txt,13,LateTo2Opt,1302604,1300,1,138,168,77.4542,0.0684224381625441,0,358.9029,465.9118,0.0457239008187409,48,4,2,0,0,1300
rc_205.1.txt,13,AlwaysVND,1302604,1300,1,198,208,66.0084999999999,0.0604473443223442,0,360.22,426.2285,0.0495614929634917,0,0,13,1,0,1300
rc_205.1.txt,13,FB-CMPSO,1302604,1300,1,138,168,93.1476000000001,0.0822858657243817,0,343.2095,465.9118,-1.45683400846426e-06,48,4,3,2,1,1300
rc_205.1.txt,13,RKPSO,1302605,1300,0,NaN,NaN,NaN,NaN,108.6463,407.5777,NaN,NaN,0,0,0,0,0,1300
rc_205.1.txt,13,LateOnly,1302605,1300,1,172,200,10.9408,0.00994618181818184,0,353.149,364.0898,0.0289589464176452,480,7,0,0,0,1300
rc_205.1.txt,13,LateTo2Opt,1302605,1300,1,172,200,10.9408,0.00994618181818184,0,353.149,364.0898,0.0289589464176452,60,5,1,0,0,1300
rc_205.1.txt,13,AlwaysVND,1302605,1300,1,268,320,77.6599999999999,0.0792448979591836,0,353.149,436.8726,0.0289589464176452,0,0,14,4,4,1300
rc_205.1.txt,13,FB-CMPSO,1302605,1300,1,172,200,10.9408,0.00994618181818184,0,353.149,364.0898,0.0289589464176452,60,5,0,1,2,1300
rc_205.1.txt,13,RKPSO,1302606,1300,1,152,NaN,0,0,0,358.9029,489.4753,0.0457239008187409,0,0,0,0,0,1300
rc_205.1.txt,13,LateOnly,1302606,1300,1,95,104,62.5714,0.0523172240802675,0,353.149,415.7204,0.0289589464176452,480,9,0,0,0,1300
rc_205.1.txt,13,LateTo2Opt,1302606,1300,1,95,104,72.5109,0.0606278428093646,0,343.2095,415.7204,-1.45683400846426e-06,24,2,9,0,0,1300
rc_205.1.txt,13,AlwaysVND,1302606,1300,1,100,152,52.2560000000001,0.0455191637630663,0,343.2095,397.1409,-1.45683400846426e-06,0,0,6,1,6,1300
rc_205.1.txt,13,FB-CMPSO,1302606,1300,1,95,104,62.1801,0.0519900501672241,0,353.5403,415.7204,0.0300990647125667,24,2,2,3,3,1300
rc_205.1.txt,13,RKPSO,1302607,1300,1,413,NaN,0,0,0,380.5799,386.2492,0.108883482416014,0,0,0,0,0,1300
rc_205.1.txt,13,LateOnly,1302607,1300,1,118,136,59.5203000000001,0.0511342783505155,0,343.2095,460.8912,-1.45683400846426e-06,480,7,0,0,0,1300
rc_205.1.txt,13,LateTo2Opt,1302607,1300,1,118,136,42.5098,0.0365204467353952,0,360.22,460.8912,0.0495614929634917,36,2,4,0,0,1300
rc_205.1.txt,13,AlwaysVND,1302607,1300,1,251,264,69.4177000000001,0.067005501930502,0,343.2095,412.6272,-1.45683400846426e-06,0,0,11,3,0,1300
rc_205.1.txt,13,FB-CMPSO,1302607,1300,1,118,136,59.5203000000001,0.0511342783505155,0,343.2095,460.8912,-1.45683400846426e-06,36,2,6,0,2,1300
rc_205.1.txt,13,RKPSO,1302608,1300,1,512,NaN,0,0,0,380.6985,380.8544,0.10922904344279,0,0,0,0,0,1300
rc_205.1.txt,13,LateOnly,1302608,1300,1,206,232,83.7977999999999,0.0784623595505617,0,358.393,444.5779,0.0442382214970426,480,8,0,0,0,1300
rc_205.1.txt,13,LateTo2Opt,1302608,1300,1,206,232,81.9707999999999,0.0767516853932584,0,360.22,444.5779,0.0495614929634917,72,6,7,0,0,1300
rc_205.1.txt,13,AlwaysVND,1302608,1300,1,351,376,64.5119,0.0698180735930736,0,360.22,424.7319,0.0495614929634917,0,0,18,4,2,1300
rc_205.1.txt,13,FB-CMPSO,1302608,1300,1,206,232,98.9813,0.0926791198501872,0,343.2095,444.5779,-1.45683400846426e-06,72,6,6,3,1,1300
rc_205.1.txt,13,RKPSO,1302609,1300,1,163,NaN,0,0,0,375.9744,475.6711,0.0954645843652575,0,0,0,0,0,1300
rc_205.1.txt,13,LateOnly,1302609,1300,1,203,232,34.5783,0.0323766853932584,0,353.149,387.7273,0.0289589464176452,480,7,0,0,0,1300
rc_205.1.txt,13,LateTo2Opt,1302609,1300,1,203,232,34.5783,0.0323766853932584,0,353.149,387.7273,0.0289589464176452,72,6,4,0,0,1300
rc_205.1.txt,13,AlwaysVND,1302609,1300,1,240,264,98.8650000000001,0.0954295366795367,0,343.2095,442.0745,-1.45683400846426e-06,0,0,17,4,0,1300
rc_205.1.txt,13,FB-CMPSO,1302609,1300,1,203,232,34.5783,0.0323766853932584,0,353.149,387.7273,0.0289589464176452,72,6,1,1,1,1300
rc_205.1.txt,13,RKPSO,1302610,1300,1,285,NaN,0,0,0,368.6849,445.3973,0.0742254013577694,0,0,0,0,0,1300
rc_205.1.txt,13,LateOnly,1302610,1300,1,218,232,79.348,0.0742958801498127,0,359.8443,439.1923,0.0484668278896302,480,13,0,0,0,1300
rc_205.1.txt,13,LateTo2Opt,1302610,1300,1,218,232,78.9723,0.0739441011235955,0,360.22,439.1923,0.0495614929634917,72,6,7,0,0,1300
rc_205.1.txt,13,AlwaysVND,1302610,1300,1,240,264,90.6126,0.0874638996138997,0,343.2095,433.8221,-1.45683400846426e-06,0,0,16,3,1,1300
rc_205.1.txt,13,FB-CMPSO,1302610,1300,1,218,232,95.9828000000001,0.0898715355805244,0,343.2095,439.1923,-1.45683400846426e-06,72,6,5,0,3,1300
rc_205.1.txt,13,RKPSO,1302611,1300,0,NaN,NaN,NaN,NaN,535.5444,418.9423,NaN,NaN,0,0,0,0,0,1300
rc_205.1.txt,13,LateOnly,1302611,1300,1,139,168,54.8598,0.0484627208480565,0,365.4249,455.5632,0.0647268436234375,480,8,0,0,0,1300
rc_205.1.txt,13,LateTo2Opt,1302611,1300,1,139,168,37.6819,0.0332878975265018,0,382.6028,455.5632,0.114777541446928,48,4,4,0,0,1300
rc_205.1.txt,13,AlwaysVND,1302611,1300,1,286,320,10.2351,0.0104439795918368,0,365.4249,375.66,0.0647268436234375,0,0,15,1,1,1300
rc_205.1.txt,13,FB-CMPSO,1302611,1300,1,139,168,67.1357,0.0593071554770318,0,353.149,455.5632,0.0289589464176452,48,4,0,0,4,1300
rc_205.1.txt,13,RKPSO,1302612,1300,1,178,NaN,0,0,0,372.6733,468.9661,0.0858462748754407,0,0,0,0,0,1300
rc_205.1.txt,13,LateOnly,1302612,1300,1,111,136,76.7303999999999,0.0659195876288659,0,360.7947,437.5251,0.05123597797267,480,4,0,0,0,1300
rc_205.1.txt,13,LateTo2Opt,1302612,1300,1,111,136,76.7303999999999,0.0659195876288659,0,360.7947,437.5251,0.05123597797267,36,3,5,0,0,1300
rc_205.1.txt,13,AlwaysVND,1302612,1300,1,104,152,59.9660999999999,0.0522352787456445,0,358.9029,418.869,0.0457239008187409,0,0,3,3,1,1300
rc_205.1.txt,13,FB-CMPSO,1302612,1300,1,111,136,94.3156,0.081027147766323,0,343.2095,437.5251,-1.45683400846426e-06,36,3,4,4,2,1300
rc_205.1.txt,13,RKPSO,1302613,1300,1,840,NaN,0,0,0,358.393,408.167,0.0442382214970426,0,0,0,0,0,1300
rc_205.1.txt,13,LateOnly,1302613,1300,1,172,200,71.7052000000001,0.0651865454545456,0,343.2095,414.9147,-1.45683400846426e-06,480,9,0,0,0,1300
rc_205.1.txt,13,LateTo2Opt,1302613,1300,1,172,200,31.3085,0.0284622727272727,0,383.6062,414.9147,0.117701115934851,60,5,5,0,0,1300
rc_205.1.txt,13,AlwaysVND,1302613,1300,1,316,320,72.0532,0.0735236734693878,0,344.7419,416.7951,0.00446344803473094,0,0,13,4,2,1300
rc_205.1.txt,13,FB-CMPSO,1302613,1300,1,172,200,71.7052000000001,0.0651865454545456,0,343.2095,414.9147,-1.45683400846426e-06,60,5,7,2,2,1300
rc_205.1.txt,13,RKPSO,1302614,1300,1,167,NaN,0,0,0,365.0883,453.7883,0.0637461029690278,0,0,0,0,0,1300
rc_205.1.txt,13,LateOnly,1302614,1300,1,42,72,125.7014,0.102362703583062,0,343.2095,468.9109,-1.45683400846426e-06,480,9,0,0,0,1300
rc_205.1.txt,13,LateTo2Opt,1302614,1300,1,42,72,108.6909,0.0885105048859935,0,360.22,468.9109,0.0495614929634917,12,1,7,0,0,1300
rc_205.1.txt,13,AlwaysVND,1302614,1300,1,212,264,82.4122,0.0795484555984556,0,343.2095,449.975,-1.45683400846426e-06,0,0,10,4,4,1300
rc_205.1.txt,13,FB-CMPSO,1302614,1300,1,42,72,125.7014,0.102362703583062,0,343.2095,468.9109,-1.45683400846426e-06,12,1,3,4,3,1300
rc_205.1.txt,13,RKPSO,1302615,1300,0,NaN,NaN,NaN,NaN,6.595,426.7229,NaN,NaN,0,0,0,0,0,1300
rc_205.1.txt,13,LateOnly,1302615,1300,1,110,136,118.0662,0.101431443298969,0,358.9029,476.9691,0.0457239008187409,480,7,0,0,0,1300
rc_205.1.txt,13,LateTo2Opt,1302615,1300,1,110,136,108.2842,0.0930276632302405,0,368.6849,476.9691,0.0742254013577694,36,3,6,0,0,1300
rc_205.1.txt,13,AlwaysVND,1302615,1300,1,170,208,107.54,0.0984798534798534,0,353.149,493.4373,0.0289589464176452,0,0,12,4,2,1300
rc_205.1.txt,13,FB-CMPSO,1302615,1300,1,110,136,118.0662,0.101431443298969,0,358.9029,476.9691,0.0457239008187409,36,3,5,1,2,1300
rc_205.1.txt,13,RKPSO,1302616,1300,1,375,NaN,0,0,0,392.4921,455.5998,0.143591678564144,0,0,0,0,0,1300
rc_205.1.txt,13,LateOnly,1302616,1300,1,266,296,45.3609,0.0451801792828685,0,377.8409,423.2018,0.100902945718365,480,6,0,0,0,1300
rc_205.1.txt,13,LateTo2Opt,1302616,1300,1,266,296,62.4071,0.0621584661354581,0,360.7947,423.2018,0.05123597797267,96,4,4,0,0,1300
rc_205.1.txt,13,AlwaysVND,1302616,1300,1,387,432,41.6076,0.0479350230414747,0,343.2095,387.4002,-1.45683400846426e-06,0,0,12,3,1,1300
rc_205.1.txt,13,FB-CMPSO,1302616,1300,1,266,296,79.9923000000001,0.0796736055776893,0,343.2095,423.2018,-1.45683400846426e-06,96,4,6,2,1,1300
rc_205.1.txt,13,RKPSO,1302617,1300,1,146,NaN,0,0,0,360.7947,439.4956,0.05123597797267,0,0,0,0,0,1300
rc_205.1.txt,13,LateOnly,1302617,1300,1,190,200,9.12049999999999,0.00829136363636363,0,353.149,362.2695,0.0289589464176452,480,7,0,0,0,1300
rc_205.1.txt,13,LateTo2Opt,1302617,1300,1,190,200,9.12049999999999,0.00829136363636363,0,353.149,362.2695,0.0289589464176452,60,4,4,0,0,1300
rc_205.1.txt,13,AlwaysVND,1302617,1300,1,84,96,62.7988000000001,0.0521584717607974,0,343.2095,406.0083,-1.45683400846426e-06,0,0,8,5,0,1300
rc_205.1.txt,13,FB-CMPSO,1302617,1300,1,190,200,9.12049999999999,0.00829136363636363,0,353.149,362.2695,0.0289589464176452,60,4,1,1,0,1300
rc_205.1.txt,13,RKPSO,1302618,1300,0,NaN,NaN,NaN,NaN,6.595,434.9618,NaN,NaN,0,0,0,0,0,1300
rc_205.1.txt,13,LateOnly,1302618,1300,1,177,200,46.1148999999999,0.0419226363636363,0,377.8409,423.9558,0.100902945718365,480,11,0,0,0,1300
rc_205.1.txt,13,LateTo2Opt,1302618,1300,1,177,200,54.8340999999999,0.0498491818181817,0,369.1217,423.9558,0.0754980915474491,60,5,5,0,0,1300
rc_205.1.txt,13,AlwaysVND,1302618,1300,1,387,432,32.6376,0.0376009216589862,0,353.149,401.0483,0.0289589464176452,0,0,15,5,2,1300
rc_205.1.txt,13,FB-CMPSO,1302618,1300,1,177,200,80.7463,0.0734057272727272,0,343.2095,423.9558,-1.45683400846426e-06,60,5,7,2,5,1300
rc_205.1.txt,13,RKPSO,1302619,1300,1,241,NaN,0,0,0,353.149,437.1284,0.0289589464176452,0,0,0,0,0,1300
rc_205.1.txt,13,LateOnly,1302619,1300,1,89,104,121.5995,0.101671822742475,0,343.2095,464.809,-1.45683400846426e-06,480,7,0,0,0,1300
rc_205.1.txt,13,LateTo2Opt,1302619,1300,1,89,104,99.3841,0.0830970735785953,0,365.4249,464.809,0.0647268436234375,24,2,6,0,0,1300
rc_205.1.txt,13,AlwaysVND,1302619,1300,1,190,208,51.4262,0.0470935897435897,0,353.149,450.9327,0.0289589464176452,0,0,8,5,1,1300
rc_205.1.txt,13,FB-CMPSO,1302619,1300,1,89,104,111.66,0.0933612040133779,0,353.149,464.809,0.0289589464176452,24,2,2,1,3,1300
rc_205.1.txt,13,RKPSO,1302620,1300,1,117,NaN,0,0,0,360.7947,391.3873,0.05123597797267,0,0,0,0,0,1300
rc_205.1.txt,13,LateOnly,1302620,1300,1,138,168,35.9757,0.0317806537102474,0,353.9138,417.6705,0.0311873197167916,480,9,0,0,0,1300
rc_205.1.txt,13,LateTo2Opt,1302620,1300,1,138,168,18.292,0.0161590106007067,0,371.5975,417.6705,0.0827117508231114,48,4,4,0,0,1300
rc_205.1.txt,13,AlwaysVND,1302620,1300,1,177,208,69.7889,0.0639092490842491,0,360.22,430.0089,0.0495614929634917,0,0,7,2,4,1300
rc_205.1.txt,13,FB-CMPSO,1302620,1300,1,138,168,46.6800000000001,0.0412367491166079,0,343.2095,417.6705,-1.45683400846426e-06,48,4,4,2,3,1300
rc_205.1.txt,13,RKPSO,1302621,1300,1,103,NaN,0,0,0,343.2095,442.5019,-1.45683400846426e-06,0,0,0,0,0,1300
rc_205.1.txt,13,LateOnly,1302621,1300,1,141,168,81.5535,0.0720437279151944,0,353.9138,435.4673,0.0311873197167916,480,8,0,0,0,1300
rc_205.1.txt,13,LateTo2Opt,1302621,1300,1,141,168,51.8611,0.0458136925795053,0,383.6062,435.4673,0.117701115934851,48,4,6,0,0,1300
rc_205.1.txt,13,AlwaysVND,1302621,1300,1,210,264,77.4087,0.0747188223938224,0,353.9138,455.5362,0.0311873197167916,0,0,19,4,2,1300
rc_205.1.txt,13,FB-CMPSO,1302621,1300,1,141,168,92.2578000000001,0.0814998233215549,0,343.2095,435.4673,-1.45683400846426e-06,48,4,5,3,2,1300
rc_205.1.txt,13,RKPSO,1302622,1300,1,351,NaN,0,0,0,393.0654,479.6666,0.145262084438099,0,0,0,0,0,1300
rc_205.1.txt,13,LateOnly,1302622,1300,1,143,168,61.8835,0.0546674028268551,0,343.2095,452.9444,-1.45683400846426e-06,480,12,0,0,0,1300
rc_205.1.txt,13,LateTo2Opt,1302622,1300,1,143,168,35.9713,0.0317767667844523,0,369.1217,452.9444,0.0754980915474491,48,4,3,0,0,1300
rc_205.1.txt,13,AlwaysVND,1302622,1300,1,166,208,88.1707999999999,0.0807424908424908,0,353.149,444.1506,0.0289589464176452,0,0,10,3,3,1300
rc_205.1.txt,13,FB-CMPSO,1302622,1300,1,143,168,51.944,0.045886925795053,0,353.149,452.9444,0.0289589464176452,48,4,1,1,3,1300
rc_205.1.txt,13,RKPSO,1302623,1300,1,121,NaN,0,0,0,359.1578,448.4239,0.0464665947961888,0,0,0,0,0,1300
rc_205.1.txt,13,LateOnly,1302623,1300,1,107,136,39.5081000000001,0.0339416666666667,0,343.2095,382.7176,-1.45683400846426e-06,480,6,0,0,0,1300
rc_205.1.txt,13,LateTo2Opt,1302623,1300,1,107,136,22.4976,0.0193278350515464,0,360.22,382.7176,0.0495614929634917,36,3,3,0,0,1300
rc_205.1.txt,13,AlwaysVND,1302623,1300,1,188,208,70.2483,0.0643299450549451,0,343.2095,413.4578,-1.45683400846426e-06,0,0,16,6,2,1300
rc_205.1.txt,13,FB-CMPSO,1302623,1300,1,107,136,39.5081000000001,0.0339416666666667,0,343.2095,382.7176,-1.45683400846426e-06,36,3,7,0,1,1300
rc_205.1.txt,13,RKPSO,1302624,1300,1,174,NaN,0,0,0,387.1587,452.0272,0.128051921564057,0,0,0,0,0,1300
rc_205.1.txt,13,LateOnly,1302624,1300,1,73,104,68.9044000000002,0.0576123745819399,0,343.2095,413.0037,-1.45683400846426e-06,480,9,0,0,0,1300
rc_205.1.txt,13,LateTo2Opt,1302624,1300,1,73,104,43.4290000000001,0.0363118729096991,0,368.6849,413.0037,0.0742254013577694,24,2,7,0,0,1300
rc_205.1.txt,13,AlwaysVND,1302624,1300,1,140,152,92.6645000000001,0.080718205574913,0,343.2095,435.874,-1.45683400846426e-06,0,0,7,4,3,1300
rc_205.1.txt,13,FB-CMPSO,1302624,1300,1,73,104,68.9044000000002,0.0576123745819399,0,343.2095,413.0037,-1.45683400846426e-06,24,2,5,5,0,1300
rc_205.1.txt,13,RKPSO,1302625,1300,0,NaN,NaN,NaN,NaN,20.7071,414.1497,NaN,NaN,0,0,0,0,0,1300
rc_205.1.txt,13,LateOnly,1302625,1300,1,236,264,19.4817,0.0188047297297298,0,343.2095,362.6912,-1.45683400846426e-06,480,9,0,0,0,1300
rc_205.1.txt,13,LateTo2Opt,1302625,1300,1,236,264,19.4817,0.0188047297297298,0,343.2095,362.6912,-1.45683400846426e-06,84,4,4,0,0,1300
rc_205.1.txt,13,AlwaysVND,1302625,1300,1,176,208,133.8291,0.122554120879121,0,353.149,486.9781,0.0289589464176452,0,0,11,2,1,1300
rc_205.1.txt,13,FB-CMPSO,1302625,1300,1,236,264,19.4817,0.0188047297297298,0,343.2095,362.6912,-1.45683400846426e-06,84,4,2,0,2,1300
rc_205.1.txt,13,RKPSO,1302626,1300,1,172,NaN,0,0,0,405.2475,412.1128,0.180756679583928,0,0,0,0,0,1300
rc_205.1.txt,13,LateOnly,1302626,1300,1,122,136,130.207,0.111861683848797,0,343.2095,473.4165,-1.45683400846426e-06,480,6,0,0,0,1300
rc_205.1.txt,13,LateTo2Opt,1302626,1300,1,122,136,104.7316,0.0899756013745704,0,368.6849,473.4165,0.0742254013577694,36,3,8,0,0,1300
rc_205.1.txt,13,AlwaysVND,1302626,1300,1,158,208,15.9483,0.0146046703296703,0,343.2095,388.6444,-1.45683400846426e-06,0,0,8,3,1,1300
rc_205.1.txt,13,FB-CMPSO,1302626,1300,1,122,136,119.5027,0.102665549828179,0,353.9138,473.4165,0.0311873197167916,36,3,5,3,2,1300
rc_205.1.txt,13,RKPSO,1302627,1300,0,NaN,NaN,NaN,NaN,331.7827,455.0099,NaN,NaN,0,0,0,0,0,1300
rc_205.1.txt,13,LateOnly,1302627,1300,1,141,168,46.0904000000001,0.0407159010600708,0,343.3643,401.1603,0.000449578974971527,480,8,0,0,0,1300
rc_205.1.txt,13,LateTo2Opt,1302627,1300,1,141,168,30.5518,0.026989222614841,0,358.9029,401.1603,0.0457239008187409,48,4,2,0,0,1300
rc_205.1.txt,13,AlwaysVND,1302627,1300,1,172,208,16.6348,0.0152333333333334,0,343.2095,391.5169,-1.45683400846426e-06,0,0,11,2,0,1300
rc_205.1.txt,13,FB-CMPSO,1302627,1300,1,141,168,30.5518,0.026989222614841,0,358.9029,401.1603,0.0457239008187409,48,4,1,1,0,1300
rc_205.1.txt,13,RKPSO,1302628,1300,1,197,NaN,0,0,0,354.7194,392.0233,0.033534570671018,0,0,0,0,0,1300
rc_205.1.txt,13,LateOnly,1302628,1300,1,122,136,61.4199,0.052766237113402,0,343.2095,404.6294,-1.45683400846426e-06,480,10,0,0,0,1300
rc_205.1.txt,13,LateTo2Opt,1302628,1300,1,122,136,61.4199,0.052766237113402,0,343.2095,404.6294,-1.45683400846426e-06,36,3,10,0,0,1300
rc_205.1.txt,13,AlwaysVND,1302628,1300,1,357,376,70.7575000000001,0.076577380952381,0,343.2095,413.967,-1.45683400846426e-06,0,0,17,1,2,1300
rc_205.1.txt,13,FB-CMPSO,1302628,1300,1,122,136,51.4803999999999,0.044227147766323,0,353.149,404.6294,0.0289589464176452,36,3,4,3,0,1300
rc_205.1.txt,13,RKPSO,1302629,1300,1,436,NaN,0,0,0,376.8415,404.9852,0.0979910259025087,0,0,0,0,0,1300
rc_205.1.txt,13,LateOnly,1302629,1300,1,227,232,97.7551999999999,0.091531086142322,0,360.7947,458.5499,0.05123597797267,480,8,0,0,0,1300
rc_205.1.txt,13,LateTo2Opt,1302629,1300,1,227,232,75.9471,0.0711115168539326,0,382.6028,458.5499,0.114777541446928,72,4,7,0,0,1300
rc_205.1.txt,13,AlwaysVND,1302629,1300,1,187,208,62.9030000000001,0.0576034798534799,0,343.2095,406.1125,-1.45683400846426e-06,0,0,12,1,2,1300
rc_205.1.txt,13,FB-CMPSO,1302629,1300,1,227,232,98.3299,0.0920691947565543,0,360.22,458.5499,0.0495614929634917,72,4,3,4,3,1300
rc_205.1.txt,13,RKPSO,1302630,1300,1,202,NaN,0,0,0,379.4847,379.7954,0.105692433204161,0,0,0,0,0,1300
rc_205.1.txt,13,LateOnly,1302630,1300,1,74,104,38.4486000000001,0.0321476588628763,0,343.2095,409.6669,-1.45683400846426e-06,480,5,0,0,0,1300
rc_205.1.txt,13,LateTo2Opt,1302630,1300,1,74,104,38.4486000000001,0.0321476588628763,0,343.2095,409.6669,-1.45683400846426e-06,24,2,4,0,0,1300
rc_205.1.txt,13,AlwaysVND,1302630,1300,1,515,544,47.1345000000001,0.0623472222222223,0,343.2095,390.344,-1.45683400846426e-06,0,0,10,4,1,1300
rc_205.1.txt,13,FB-CMPSO,1302630,1300,1,74,104,38.4486000000001,0.0321476588628763,0,343.2095,409.6669,-1.45683400846426e-06,24,2,2,0,2,1300
rc_205.2.txt,26,RKPSO,1302701,2600,0,NaN,NaN,NaN,NaN,2917.4584,923.3528,NaN,NaN,0,0,0,0,0,2600
rc_205.2.txt,26,LateOnly,1302701,2600,0,NaN,NaN,NaN,NaN,31.1975,823.4725,NaN,NaN,1425,17,0,0,0,2600
rc_205.2.txt,26,LateTo2Opt,1302701,2600,0,NaN,NaN,NaN,NaN,31.1975,823.4725,NaN,NaN,1425,17,0,0,0,2600
rc_205.2.txt,26,AlwaysVND,1302701,2600,0,NaN,NaN,NaN,NaN,811.645,794.2693,NaN,NaN,0,0,40,9,3,2600
rc_205.2.txt,26,FB-CMPSO,1302701,2600,0,NaN,NaN,NaN,NaN,31.1975,823.4725,NaN,NaN,1425,17,0,0,0,2600
rc_205.2.txt,26,RKPSO,1302702,2600,0,NaN,NaN,NaN,NaN,1978.6186,916.8994,NaN,NaN,0,0,0,0,0,2600
rc_205.2.txt,26,LateOnly,1302702,2600,0,NaN,NaN,NaN,NaN,532.903100000001,845.4682,NaN,NaN,1425,15,0,0,0,2600
rc_205.2.txt,26,LateTo2Opt,1302702,2600,0,NaN,NaN,NaN,NaN,532.903100000001,845.4682,NaN,NaN,1425,15,0,0,0,2600
rc_205.2.txt,26,AlwaysVND,1302702,2600,0,NaN,NaN,NaN,NaN,37.5850999999999,822.3885,NaN,NaN,0,0,36,5,4,2600
rc_205.2.txt,26,FB-CMPSO,1302702,2600,0,NaN,NaN,NaN,NaN,532.903100000001,845.4682,NaN,NaN,1425,15,0,0,0,2600
rc_205.2.txt,26,RKPSO,1302703,2600,0,NaN,NaN,NaN,NaN,542.0441,913.3003,NaN,NaN,0,0,0,0,0,2600
rc_205.2.txt,26,LateOnly,1302703,2600,1,1870,1885,32.7929,0.0458641958041958,0,788.299,848.3484,0.042820102390433,1425,21,0,0,0,2600
rc_205.2.txt,26,LateTo2Opt,1302703,2600,1,1870,1885,30.2769000000001,0.0423453146853148,0,790.815,848.3484,0.046148452899078,1025,19,2,0,0,2600
rc_205.2.txt,26,AlwaysVND,1302703,2600,0,NaN,NaN,NaN,NaN,14.1833,804.1213,NaN,NaN,0,0,36,9,4,2600
rc_205.2.txt,26,FB-CMPSO,1302703,2600,1,1870,1885,1.77300000000002,0.00247972027972031,0,819.3189,848.3484,0.0838555157223553,1025,19,1,0,0,2600
rc_205.2.txt,26,RKPSO,1302704,2600,0,NaN,NaN,NaN,NaN,2743.5002,798.5879,NaN,NaN,0,0,0,0,0,2600
rc_205.2.txt,26,LateOnly,1302704,2600,0,NaN,NaN,NaN,NaN,23.5607,858.7761,NaN,NaN,1425,19,0,0,0,2600
rc_205.2.txt,26,LateTo2Opt,1302704,2600,0,NaN,NaN,NaN,NaN,23.5607,858.7761,NaN,NaN,1425,19,0,0,0,2600
rc_205.2.txt,26,AlwaysVND,1302704,2600,0,NaN,NaN,NaN,NaN,54.7077,845.7028,NaN,NaN,0,0,34,9,3,2600
rc_205.2.txt,26,FB-CMPSO,1302704,2600,0,NaN,NaN,NaN,NaN,23.5607,858.7761,NaN,NaN,1425,19,0,0,0,2600
rc_205.2.txt,26,RKPSO,1302705,2600,0,NaN,NaN,NaN,NaN,3369.068,904.1632,NaN,NaN,0,0,0,0,0,2600
rc_205.2.txt,26,LateOnly,1302705,2600,0,NaN,NaN,NaN,NaN,191.1782,835.9554,NaN,NaN,1425,15,0,0,0,2600
rc_205.2.txt,26,LateTo2Opt,1302705,2600,0,NaN,NaN,NaN,NaN,191.1782,835.9554,NaN,NaN,1425,15,0,0,0,2600
rc_205.2.txt,26,AlwaysVND,1302705,2600,0,NaN,NaN,NaN,NaN,176.7884,873.0438,NaN,NaN,0,0,37,9,4,2600
rc_205.2.txt,26,FB-CMPSO,1302705,2600,0,NaN,NaN,NaN,NaN,191.1782,835.9554,NaN,NaN,1425,15,0,0,0,2600
rc_205.2.txt,26,RKPSO,1302706,2600,0,NaN,NaN,NaN,NaN,1761.028,997.2617,NaN,NaN,0,0,0,0,0,2600
rc_205.2.txt,26,LateOnly,1302706,2600,0,NaN,NaN,NaN,NaN,247.6098,836.5375,NaN,NaN,1425,13,0,0,0,2600
rc_205.2.txt,26,LateTo2Opt,1302706,2600,0,NaN,NaN,NaN,NaN,247.6098,836.5375,NaN,NaN,1425,13,0,0,0,2600
rc_205.2.txt,26,AlwaysVND,1302706,2600,0,NaN,NaN,NaN,NaN,305.008400000001,890.768,NaN,NaN,0,0,42,11,2,2600
rc_205.2.txt,26,FB-CMPSO,1302706,2600,0,NaN,NaN,NaN,NaN,247.6098,836.5375,NaN,NaN,1425,13,0,0,0,2600
rc_205.2.txt,26,RKPSO,1302707,2600,0,NaN,NaN,NaN,NaN,1357.2208,915.4726,NaN,NaN,0,0,0,0,0,2600
rc_205.2.txt,26,LateOnly,1302707,2600,0,NaN,NaN,NaN,NaN,45.1643999999999,824.614,NaN,NaN,1425,20,0,0,0,2600
rc_205.2.txt,26,LateTo2Opt,1302707,2600,0,NaN,NaN,NaN,NaN,45.1643999999999,824.614,NaN,NaN,1425,20,0,0,0,2600
rc_205.2.txt,26,AlwaysVND,1302707,2600,1,2236,2320,0,0,0,777.7156,777.7156,0.0288195996983848,0,0,43,2,3,2600
rc_205.2.txt,26,FB-CMPSO,1302707,2600,0,NaN,NaN,NaN,NaN,45.1643999999999,824.614,NaN,NaN,1425,20,0,0,0,2600
rc_205.2.txt,26,RKPSO,1302708,2600,0,NaN,NaN,NaN,NaN,2228.8001,834.0163,NaN,NaN,0,0,0,0,0,2600
rc_205.2.txt,26,LateOnly,1302708,2600,0,NaN,NaN,NaN,NaN,244.656000000001,918.2152,NaN,NaN,1425,17,0,0,0,2600
rc_205.2.txt,26,LateTo2Opt,1302708,2600,0,NaN,NaN,NaN,NaN,244.656000000001,918.2152,NaN,NaN,1425,17,0,0,0,2600
rc_205.2.txt,26,AlwaysVND,1302708,2600,0,NaN,NaN,NaN,NaN,1161.2712,865.7859,NaN,NaN,0,0,34,7,5,2600
rc_205.2.txt,26,FB-CMPSO,1302708,2600,0,NaN,NaN,NaN,NaN,244.656000000001,918.2152,NaN,NaN,1425,17,0,0,0,2600
rc_205.2.txt,26,RKPSO,1302709,2600,0,NaN,NaN,NaN,NaN,3286.5533,857.8997,NaN,NaN,0,0,0,0,0,2600
rc_205.2.txt,26,LateOnly,1302709,2600,0,NaN,NaN,NaN,NaN,31.0819999999999,847.2131,NaN,NaN,1425,23,0,0,0,2600
rc_205.2.txt,26,LateTo2Opt,1302709,2600,0,NaN,NaN,NaN,NaN,31.0819999999999,847.2131,NaN,NaN,1425,23,0,0,0,2600
rc_205.2.txt,26,AlwaysVND,1302709,2600,0,NaN,NaN,NaN,NaN,4.12450000000001,792.9059,NaN,NaN,0,0,40,7,3,2600
rc_205.2.txt,26,FB-CMPSO,1302709,2600,0,NaN,NaN,NaN,NaN,31.0819999999999,847.2131,NaN,NaN,1425,23,0,0,0,2600
rc_205.2.txt,26,RKPSO,1302710,2600,0,NaN,NaN,NaN,NaN,4655.4558,938.8202,NaN,NaN,0,0,0,0,0,2600
rc_205.2.txt,26,LateOnly,1302710,2600,0,NaN,NaN,NaN,NaN,3.33569999999997,863.2488,NaN,NaN,1425,15,0,0,0,2600
rc_205.2.txt,26,LateTo2Opt,1302710,2600,0,NaN,NaN,NaN,NaN,3.33569999999997,863.2488,NaN,NaN,1425,15,0,0,0,2600
rc_205.2.txt,26,AlwaysVND,1302710,2600,0,NaN,NaN,NaN,NaN,76.2191999999998,881.625,NaN,NaN,0,0,35,7,5,2600
rc_205.2.txt,26,FB-CMPSO,1302710,2600,0,NaN,NaN,NaN,NaN,3.33569999999997,863.2488,NaN,NaN,1425,15,0,0,0,2600
rc_205.2.txt,26,RKPSO,1302711,2600,0,NaN,NaN,NaN,NaN,4081.7789,911.9505,NaN,NaN,0,0,0,0,0,2600
rc_205.2.txt,26,LateOnly,1302711,2600,0,NaN,NaN,NaN,NaN,130.805,854.148,NaN,NaN,1425,18,0,0,0,2600
rc_205.2.txt,26,LateTo2Opt,1302711,2600,0,NaN,NaN,NaN,NaN,130.805,854.148,NaN,NaN,1425,18,0,0,0,2600
rc_205.2.txt,26,AlwaysVND,1302711,2600,0,NaN,NaN,NaN,NaN,316.5553,846.7523,NaN,NaN,0,0,38,10,4,2600
rc_205.2.txt,26,FB-CMPSO,1302711,2600,0,NaN,NaN,NaN,NaN,130.805,854.148,NaN,NaN,1425,18,0,0,0,2600
rc_205.2.txt,26,RKPSO,1302712,2600,0,NaN,NaN,NaN,NaN,3969.383,907.7192,NaN,NaN,0,0,0,0,0,2600
rc_205.2.txt,26,LateOnly,1302712,2600,0,NaN,NaN,NaN,NaN,23.5856,852.2602,NaN,NaN,1425,17,0,0,0,2600
rc_205.2.txt,26,LateTo2Opt,1302712,2600,0,NaN,NaN,NaN,NaN,23.5856,852.2602,NaN,NaN,1425,17,0,0,0,2600
rc_205.2.txt,26,AlwaysVND,1302712,2600,0,NaN,NaN,NaN,NaN,1169.9798,890.6111,NaN,NaN,0,0,48,7,2,2600
rc_205.2.txt,26,FB-CMPSO,1302712,2600,0,NaN,NaN,NaN,NaN,23.5856,852.2602,NaN,NaN,1425,17,0,0,0,2600
rc_205.2.txt,26,RKPSO,1302713,2600,0,NaN,NaN,NaN,NaN,1351.108,882.5014,NaN,NaN,0,0,0,0,0,2600
rc_205.2.txt,26,LateOnly,1302713,2600,0,NaN,NaN,NaN,NaN,60.7526,812.3124,NaN,NaN,1425,19,0,0,0,2600
rc_205.2.txt,26,LateTo2Opt,1302713,2600,0,NaN,NaN,NaN,NaN,60.7526,812.3124,NaN,NaN,1425,19,0,0,0,2600
rc_205.2.txt,26,AlwaysVND,1302713,2600,0,NaN,NaN,NaN,NaN,413.1728,856.3095,NaN,NaN,0,0,29,13,4,2600
rc_205.2.txt,26,FB-CMPSO,1302713,2600,0,NaN,NaN,NaN,NaN,60.7526,812.3124,NaN,NaN,1425,19,0,0,0,2600
rc_205.2.txt,26,RKPSO,1302714,2600,0,NaN,NaN,NaN,NaN,3409.6773,815.6184,NaN,NaN,0,0,0,0,0,2600
rc_205.2.txt,26,LateOnly,1302714,2600,1,1097,1120,20.3718999999999,0.0137647972972972,0,790.4627,810.8346,0.0456824044554391,1425,23,0,0,0,2600
rc_205.2.txt,26,LateTo2Opt,1302714,2600,1,1097,1120,30.1734999999998,0.0203874999999998,0,780.6611,810.8346,0.0327161245088834,600,19,3,0,0,2600
rc_205.2.txt,26,AlwaysVND,1302714,2600,0,NaN,NaN,NaN,NaN,462.2037,758.3585,NaN,NaN,0,0,33,13,1,2600
rc_205.2.txt,26,FB-CMPSO,1302714,2600,1,1097,1120,36.0856999999999,0.0243822297297296,0,774.7489,810.8346,0.024895029963092,600,19,1,2,1,2600
rc_205.2.txt,26,RKPSO,1302715,2600,0,NaN,NaN,NaN,NaN,652.6411,877.454,NaN,NaN,0,0,0,0,0,2600
rc_205.2.txt,26,LateOnly,1302715,2600,0,NaN,NaN,NaN,NaN,61.5816999999999,873.0749,NaN,NaN,1425,18,0,0,0,2600
rc_205.2.txt,26,LateTo2Opt,1302715,2600,0,NaN,NaN,NaN,NaN,61.5816999999999,873.0749,NaN,NaN,1425,18,0,0,0,2600
rc_205.2.txt,26,AlwaysVND,1302715,2600,0,NaN,NaN,NaN,NaN,216.5045,851.3148,NaN,NaN,0,0,46,6,3,2600
rc_205.2.txt,26,FB-CMPSO,1302715,2600,0,NaN,NaN,NaN,NaN,61.5816999999999,873.0749,NaN,NaN,1425,18,0,0,0,2600
rc_205.2.txt,26,RKPSO,1302716,2600,0,NaN,NaN,NaN,NaN,2302.7833,857.9112,NaN,NaN,0,0,0,0,0,2600
rc_205.2.txt,26,LateOnly,1302716,2600,0,NaN,NaN,NaN,NaN,38.3378,828.8125,NaN,NaN,1425,13,0,0,0,2600
rc_205.2.txt,26,LateTo2Opt,1302716,2600,0,NaN,NaN,NaN,NaN,38.3378,828.8125,NaN,NaN,1425,13,0,0,0,2600
rc_205.2.txt,26,AlwaysVND,1302716,2600,0,NaN,NaN,NaN,NaN,1097.0523,855.8059,NaN,NaN,0,0,31,14,3,2600
rc_205.2.txt,26,FB-CMPSO,1302716,2600,0,NaN,NaN,NaN,NaN,38.3378,828.8125,NaN,NaN,1425,13,0,0,0,2600
rc_205.2.txt,26,RKPSO,1302717,2600,0,NaN,NaN,NaN,NaN,3493.7071,887.9011,NaN,NaN,0,0,0,0,0,2600
rc_205.2.txt,26,LateOnly,1302717,2600,0,NaN,NaN,NaN,NaN,61.4407,840.0904,NaN,NaN,1425,15,0,0,0,2600
rc_205.2.txt,26,LateTo2Opt,1302717,2600,0,NaN,NaN,NaN,NaN,61.4407,840.0904,NaN,NaN,1425,15,0,0,0,2600
rc_205.2.txt,26,AlwaysVND,1302717,2600,0,NaN,NaN,NaN,NaN,1195.1265,745.6541,NaN,NaN,0,0,40,8,4,2600
rc_205.2.txt,26,FB-CMPSO,1302717,2600,0,NaN,NaN,NaN,NaN,61.4407,840.0904,NaN,NaN,1425,15,0,0,0,2600
rc_205.2.txt,26,RKPSO,1302718,2600,0,NaN,NaN,NaN,NaN,491.0051,930.0257,NaN,NaN,0,0,0,0,0,2600
rc_205.2.txt,26,LateOnly,1302718,2600,0,NaN,NaN,NaN,NaN,93.7529,842.5777,NaN,NaN,1425,22,0,0,0,2600
rc_205.2.txt,26,LateTo2Opt,1302718,2600,0,NaN,NaN,NaN,NaN,93.7529,842.5777,NaN,NaN,1425,22,0,0,0,2600
rc_205.2.txt,26,AlwaysVND,1302718,2600,0,NaN,NaN,NaN,NaN,52.1652,801.1918,NaN,NaN,0,0,33,8,4,2600
rc_205.2.txt,26,FB-CMPSO,1302718,2600,0,NaN,NaN,NaN,NaN,93.7529,842.5777,NaN,NaN,1425,22,0,0,0,2600
rc_205.2.txt,26,RKPSO,1302719,2600,0,NaN,NaN,NaN,NaN,5764.6371,858.6185,NaN,NaN,0,0,0,0,0,2600
rc_205.2.txt,26,LateOnly,1302719,2600,0,NaN,NaN,NaN,NaN,213.6854,867.3393,NaN,NaN,1425,16,0,0,0,2600
rc_205.2.txt,26,LateTo2Opt,1302719,2600,0,NaN,NaN,NaN,NaN,213.6854,867.3393,NaN,NaN,1425,16,0,0,0,2600
rc_205.2.txt,26,AlwaysVND,1302719,2600,0,NaN,NaN,NaN,NaN,14.4658000000002,793.5392,NaN,NaN,0,0,39,9,4,2600
rc_205.2.txt,26,FB-CMPSO,1302719,2600,0,NaN,NaN,NaN,NaN,213.6854,867.3393,NaN,NaN,1425,16,0,0,0,2600
rc_205.2.txt,26,RKPSO,1302720,2600,0,NaN,NaN,NaN,NaN,3835.6941,953.1704,NaN,NaN,0,0,0,0,0,2600
rc_205.2.txt,26,LateOnly,1302720,2600,0,NaN,NaN,NaN,NaN,174.6091,863.6404,NaN,NaN,1425,17,0,0,0,2600
rc_205.2.txt,26,LateTo2Opt,1302720,2600,0,NaN,NaN,NaN,NaN,174.6091,863.6404,NaN,NaN,1425,17,0,0,0,2600
rc_205.2.txt,26,AlwaysVND,1302720,2600,0,NaN,NaN,NaN,NaN,861.3365,748.1651,NaN,NaN,0,0,36,10,3,2600
rc_205.2.txt,26,FB-CMPSO,1302720,2600,0,NaN,NaN,NaN,NaN,174.6091,863.6404,NaN,NaN,1425,17,0,0,0,2600
rc_205.2.txt,26,RKPSO,1302721,2600,0,NaN,NaN,NaN,NaN,1036.7492,932.2749,NaN,NaN,0,0,0,0,0,2600
rc_205.2.txt,26,LateOnly,1302721,2600,0,NaN,NaN,NaN,NaN,35.7705,878.466,NaN,NaN,1425,17,0,0,0,2600
rc_205.2.txt,26,LateTo2Opt,1302721,2600,0,NaN,NaN,NaN,NaN,35.7705,878.466,NaN,NaN,1425,17,0,0,0,2600
rc_205.2.txt,26,AlwaysVND,1302721,2600,0,NaN,NaN,NaN,NaN,23.8785000000003,766.994,NaN,NaN,0,0,33,10,4,2600
rc_205.2.txt,26,FB-CMPSO,1302721,2600,0,NaN,NaN,NaN,NaN,35.7705,878.466,NaN,NaN,1425,17,0,0,0,2600
rc_205.2.txt,26,RKPSO,1302722,2600,0,NaN,NaN,NaN,NaN,4371.7919,935.9608,NaN,NaN,0,0,0,0,0,2600
rc_205.2.txt,26,LateOnly,1302722,2600,0,NaN,NaN,NaN,NaN,162.6785,898.0963,NaN,NaN,1425,19,0,0,0,2600
rc_205.2.txt,26,LateTo2Opt,1302722,2600,0,NaN,NaN,NaN,NaN,162.6785,898.0963,NaN,NaN,1425,19,0,0,0,2600
rc_205.2.txt,26,AlwaysVND,1302722,2600,0,NaN,NaN,NaN,NaN,905.6222,755.3074,NaN,NaN,0,0,47,6,3,2600
rc_205.2.txt,26,FB-CMPSO,1302722,2600,0,NaN,NaN,NaN,NaN,162.6785,898.0963,NaN,NaN,1425,19,0,0,0,2600
rc_205.2.txt,26,RKPSO,1302723,2600,0,NaN,NaN,NaN,NaN,2903.9201,849.8529,NaN,NaN,0,0,0,0,0,2600
rc_205.2.txt,26,LateOnly,1302723,2600,0,NaN,NaN,NaN,NaN,121.568000000001,849.369,NaN,NaN,1425,15,0,0,0,2600
rc_205.2.txt,26,LateTo2Opt,1302723,2600,0,NaN,NaN,NaN,NaN,121.568000000001,849.369,NaN,NaN,1425,15,0,0,0,2600
rc_205.2.txt,26,AlwaysVND,1302723,2600,0,NaN,NaN,NaN,NaN,126.2004,756.0516,NaN,NaN,0,0,41,9,4,2600
rc_205.2.txt,26,FB-CMPSO,1302723,2600,0,NaN,NaN,NaN,NaN,121.568000000001,849.369,NaN,NaN,1425,15,0,0,0,2600
rc_205.2.txt,26,RKPSO,1302724,2600,0,NaN,NaN,NaN,NaN,2187.7492,864.0196,NaN,NaN,0,0,0,0,0,2600
rc_205.2.txt,26,LateOnly,1302724,2600,0,NaN,NaN,NaN,NaN,382.6836,895.4819,NaN,NaN,1425,15,0,0,0,2600
rc_205.2.txt,26,LateTo2Opt,1302724,2600,0,NaN,NaN,NaN,NaN,382.6836,895.4819,NaN,NaN,1425,15,0,0,0,2600
rc_205.2.txt,26,AlwaysVND,1302724,2600,0,NaN,NaN,NaN,NaN,353.0225,814.5533,NaN,NaN,0,0,39,7,2,2600
rc_205.2.txt,26,FB-CMPSO,1302724,2600,0,NaN,NaN,NaN,NaN,382.6836,895.4819,NaN,NaN,1425,15,0,0,0,2600
rc_205.2.txt,26,RKPSO,1302725,2600,0,NaN,NaN,NaN,NaN,1601.019,823.8106,NaN,NaN,0,0,0,0,0,2600
rc_205.2.txt,26,LateOnly,1302725,2600,0,NaN,NaN,NaN,NaN,278.1703,913.1613,NaN,NaN,1425,18,0,0,0,2600
rc_205.2.txt,26,LateTo2Opt,1302725,2600,0,NaN,NaN,NaN,NaN,278.1703,913.1613,NaN,NaN,1425,18,0,0,0,2600
rc_205.2.txt,26,AlwaysVND,1302725,2600,0,NaN,NaN,NaN,NaN,1016.5079,811.4699,NaN,NaN,0,0,31,11,3,2600
rc_205.2.txt,26,FB-CMPSO,1302725,2600,0,NaN,NaN,NaN,NaN,278.1703,913.1613,NaN,NaN,1425,18,0,0,0,2600
rc_205.2.txt,26,RKPSO,1302726,2600,0,NaN,NaN,NaN,NaN,2354.7175,910.43,NaN,NaN,0,0,0,0,0,2600
rc_205.2.txt,26,LateOnly,1302726,2600,0,NaN,NaN,NaN,NaN,97.8944999999998,804.2423,NaN,NaN,1425,17,0,0,0,2600
rc_205.2.txt,26,LateTo2Opt,1302726,2600,0,NaN,NaN,NaN,NaN,97.8944999999998,804.2423,NaN,NaN,1425,17,0,0,0,2600
rc_205.2.txt,26,AlwaysVND,1302726,2600,0,NaN,NaN,NaN,NaN,128.4848,802.2217,NaN,NaN,0,0,37,8,2,2600
rc_205.2.txt,26,FB-CMPSO,1302726,2600,0,NaN,NaN,NaN,NaN,97.8944999999998,804.2423,NaN,NaN,1425,17,0,0,0,2600
rc_205.2.txt,26,RKPSO,1302727,2600,0,NaN,NaN,NaN,NaN,3002.9214,961.7219,NaN,NaN,0,0,0,0,0,2600
rc_205.2.txt,26,LateOnly,1302727,2600,0,NaN,NaN,NaN,NaN,539.1385,870.0644,NaN,NaN,1425,22,0,0,0,2600
rc_205.2.txt,26,LateTo2Opt,1302727,2600,0,NaN,NaN,NaN,NaN,539.1385,870.0644,NaN,NaN,1425,22,0,0,0,2600
rc_205.2.txt,26,AlwaysVND,1302727,2600,0,NaN,NaN,NaN,NaN,30.5945,841.4413,NaN,NaN,0,0,38,5,3,2600
rc_205.2.txt,26,FB-CMPSO,1302727,2600,0,NaN,NaN,NaN,NaN,539.1385,870.0644,NaN,NaN,1425,22,0,0,0,2600
rc_205.2.txt,26,RKPSO,1302728,2600,0,NaN,NaN,NaN,NaN,2534.1009,874.0917,NaN,NaN,0,0,0,0,0,2600
rc_205.2.txt,26,LateOnly,1302728,2600,0,NaN,NaN,NaN,NaN,112.9306,831.3495,NaN,NaN,1425,19,0,0,0,2600
rc_205.2.txt,26,LateTo2Opt,1302728,2600,0,NaN,NaN,NaN,NaN,112.9306,831.3495,NaN,NaN,1425,19,0,0,0,2600
rc_205.2.txt,26,AlwaysVND,1302728,2600,0,NaN,NaN,NaN,NaN,1165.1592,745.6037,NaN,NaN,0,0,40,11,0,2600
rc_205.2.txt,26,FB-CMPSO,1302728,2600,0,NaN,NaN,NaN,NaN,112.9306,831.3495,NaN,NaN,1425,19,0,0,0,2600
rc_205.2.txt,26,RKPSO,1302729,2600,0,NaN,NaN,NaN,NaN,3380.0026,992.4914,NaN,NaN,0,0,0,0,0,2600
rc_205.2.txt,26,LateOnly,1302729,2600,0,NaN,NaN,NaN,NaN,457.302100000001,891.9836,NaN,NaN,1425,16,0,0,0,2600
rc_205.2.txt,26,LateTo2Opt,1302729,2600,0,NaN,NaN,NaN,NaN,457.302100000001,891.9836,NaN,NaN,1425,16,0,0,0,2600
rc_205.2.txt,26,AlwaysVND,1302729,2600,0,NaN,NaN,NaN,NaN,615.6672,856.1014,NaN,NaN,0,0,38,13,1,2600
rc_205.2.txt,26,FB-CMPSO,1302729,2600,0,NaN,NaN,NaN,NaN,457.302100000001,891.9836,NaN,NaN,1425,16,0,0,0,2600
rc_205.2.txt,26,RKPSO,1302730,2600,0,NaN,NaN,NaN,NaN,970.830300000001,909.3683,NaN,NaN,0,0,0,0,0,2600
rc_205.2.txt,26,LateOnly,1302730,2600,0,NaN,NaN,NaN,NaN,207.7602,843.6858,NaN,NaN,1425,14,0,0,0,2600
rc_205.2.txt,26,LateTo2Opt,1302730,2600,0,NaN,NaN,NaN,NaN,207.7602,843.6858,NaN,NaN,1425,14,0,0,0,2600
rc_205.2.txt,26,AlwaysVND,1302730,2600,1,2380,2415,20.5149999999999,0.110891891891891,0,781.8516,802.3666,0.0342910057809586,0,0,42,10,3,2600
rc_205.2.txt,26,FB-CMPSO,1302730,2600,0,NaN,NaN,NaN,NaN,207.7602,843.6858,NaN,NaN,1425,14,0,0,0,2600
rc_205.3.txt,34,RKPSO,1302801,3400,0,NaN,NaN,NaN,NaN,5173.6964,1432.643,NaN,NaN,0,0,0,0,0,3400
rc_205.3.txt,34,LateOnly,1302801,3400,0,NaN,NaN,NaN,NaN,1153.2843,1111.9334,NaN,NaN,2100,19,0,0,0,3400
rc_205.3.txt,34,LateTo2Opt,1302801,3400,0,NaN,NaN,NaN,NaN,1153.2843,1111.9334,NaN,NaN,2100,19,0,0,0,3400
rc_205.3.txt,34,AlwaysVND,1302801,3400,0,NaN,NaN,NaN,NaN,1026.7953,961.1225,NaN,NaN,0,0,54,8,2,3400
rc_205.3.txt,34,FB-CMPSO,1302801,3400,0,NaN,NaN,NaN,NaN,1153.2843,1111.9334,NaN,NaN,2100,19,0,0,0,3400
rc_205.3.txt,34,RKPSO,1302802,3400,0,NaN,NaN,NaN,NaN,7123.8505,1250.9124,NaN,NaN,0,0,0,0,0,3400
rc_205.3.txt,34,LateOnly,1302802,3400,0,NaN,NaN,NaN,NaN,2838.6378,1111.0533,NaN,NaN,2100,25,0,0,0,3400
rc_205.3.txt,34,LateTo2Opt,1302802,3400,0,NaN,NaN,NaN,NaN,2838.6378,1111.0533,NaN,NaN,2100,25,0,0,0,3400
rc_205.3.txt,34,AlwaysVND,1302802,3400,0,NaN,NaN,NaN,NaN,852.0719,1067.9417,NaN,NaN,0,0,60,5,2,3400
rc_205.3.txt,34,FB-CMPSO,1302802,3400,0,NaN,NaN,NaN,NaN,2838.6378,1111.0533,NaN,NaN,2100,25,0,0,0,3400
rc_205.3.txt,34,RKPSO,1302803,3400,0,NaN,NaN,NaN,NaN,7258.3534,1236.7129,NaN,NaN,0,0,0,0,0,3400
rc_205.3.txt,34,LateOnly,1302803,3400,0,NaN,NaN,NaN,NaN,302.9728,1039.5837,NaN,NaN,2100,27,0,0,0,3400
rc_205.3.txt,34,LateTo2Opt,1302803,3400,0,NaN,NaN,NaN,NaN,302.9728,1039.5837,NaN,NaN,2100,27,0,0,0,3400
rc_205.3.txt,34,AlwaysVND,1302803,3400,0,NaN,NaN,NaN,NaN,926.7605,1146.3349,NaN,NaN,0,0,50,11,1,3400
rc_205.3.txt,34,FB-CMPSO,1302803,3400,0,NaN,NaN,NaN,NaN,302.9728,1039.5837,NaN,NaN,2100,27,0,0,0,3400
rc_205.3.txt,34,RKPSO,1302804,3400,0,NaN,NaN,NaN,NaN,4571.3236,1415.7382,NaN,NaN,0,0,0,0,0,3400
rc_205.3.txt,34,LateOnly,1302804,3400,0,NaN,NaN,NaN,NaN,1611.4947,1141.1865,NaN,NaN,2100,31,0,0,0,3400
rc_205.3.txt,34,LateTo2Opt,1302804,3400,0,NaN,NaN,NaN,NaN,1611.4947,1141.1865,NaN,NaN,2100,31,0,0,0,3400
rc_205.3.txt,34,AlwaysVND,1302804,3400,0,NaN,NaN,NaN,NaN,325.8686,1132.7023,NaN,NaN,0,0,64,8,0,3400
rc_205.3.txt,34,FB-CMPSO,1302804,3400,0,NaN,NaN,NaN,NaN,1611.4947,1141.1865,NaN,NaN,2100,31,0,0,0,3400
rc_205.3.txt,34,RKPSO,1302805,3400,0,NaN,NaN,NaN,NaN,6942.1371,1443.339,NaN,NaN,0,0,0,0,0,3400
rc_205.3.txt,34,LateOnly,1302805,3400,0,NaN,NaN,NaN,NaN,1214.856,1107.6428,NaN,NaN,2100,28,0,0,0,3400
rc_205.3.txt,34,LateTo2Opt,1302805,3400,0,NaN,NaN,NaN,NaN,1214.856,1107.6428,NaN,NaN,2100,28,0,0,0,3400
rc_205.3.txt,34,AlwaysVND,1302805,3400,0,NaN,NaN,NaN,NaN,388.33,1003.4084,NaN,NaN,0,0,53,10,1,3400
rc_205.3.txt,34,FB-CMPSO,1302805,3400,0,NaN,NaN,NaN,NaN,1214.856,1107.6428,NaN,NaN,2100,28,0,0,0,3400
rc_205.3.txt,34,RKPSO,1302806,3400,0,NaN,NaN,NaN,NaN,5751.02990000001,1295.6264,NaN,NaN,0,0,0,0,0,3400
rc_205.3.txt,34,LateOnly,1302806,3400,0,NaN,NaN,NaN,NaN,1014.3986,1114.5676,NaN,NaN,2100,20,0,0,0,3400
rc_205.3.txt,34,LateTo2Opt,1302806,3400,0,NaN,NaN,NaN,NaN,1014.3986,1114.5676,NaN,NaN,2100,20,0,0,0,3400
rc_205.3.txt,34,AlwaysVND,1302806,3400,0,NaN,NaN,NaN,NaN,512.9278,1123.0201,NaN,NaN,0,0,46,12,1,3400
rc_205.3.txt,34,FB-CMPSO,1302806,3400,0,NaN,NaN,NaN,NaN,1014.3986,1114.5676,NaN,NaN,2100,20,0,0,0,3400
rc_205.3.txt,34,RKPSO,1302807,3400,0,NaN,NaN,NaN,NaN,7723.728,1357.5656,NaN,NaN,0,0,0,0,0,3400
rc_205.3.txt,34,LateOnly,1302807,3400,0,NaN,NaN,NaN,NaN,1594.0051,1149.106,NaN,NaN,2100,19,0,0,0,3400
rc_205.3.txt,34,LateTo2Opt,1302807,3400,0,NaN,NaN,NaN,NaN,1594.0051,1149.106,NaN,NaN,2100,19,0,0,0,3400
rc_205.3.txt,34,AlwaysVND,1302807,3400,0,NaN,NaN,NaN,NaN,1306.1,1003.937,NaN,NaN,0,0,54,11,0,3400
rc_205.3.txt,34,FB-CMPSO,1302807,3400,0,NaN,NaN,NaN,NaN,1594.0051,1149.106,NaN,NaN,2100,19,0,0,0,3400
rc_205.3.txt,34,RKPSO,1302808,3400,0,NaN,NaN,NaN,NaN,5162.6154,1249.181,NaN,NaN,0,0,0,0,0,3400
rc_205.3.txt,34,LateOnly,1302808,3400,0,NaN,NaN,NaN,NaN,15.5916000000001,960.1359,NaN,NaN,2100,22,0,0,0,3400
rc_205.3.txt,34,LateTo2Opt,1302808,3400,0,NaN,NaN,NaN,NaN,15.5916000000001,960.1359,NaN,NaN,2100,22,0,0,0,3400
rc_205.3.txt,34,AlwaysVND,1302808,3400,0,NaN,NaN,NaN,NaN,124.8255,972.8511,NaN,NaN,0,0,54,9,1,3400
rc_205.3.txt,34,FB-CMPSO,1302808,3400,0,NaN,NaN,NaN,NaN,15.5916000000001,960.1359,NaN,NaN,2100,22,0,0,0,3400
rc_205.3.txt,34,RKPSO,1302809,3400,0,NaN,NaN,NaN,NaN,4627.6501,1257.7187,NaN,NaN,0,0,0,0,0,3400
rc_205.3.txt,34,LateOnly,1302809,3400,0,NaN,NaN,NaN,NaN,718.055899999999,1097.9272,NaN,NaN,2100,14,0,0,0,3400
rc_205.3.txt,34,LateTo2Opt,1302809,3400,0,NaN,NaN,NaN,NaN,718.055899999999,1097.9272,NaN,NaN,2100,14,0,0,0,3400
rc_205.3.txt,34,AlwaysVND,1302809,3400,0,NaN,NaN,NaN,NaN,1218.3295,1058.5643,NaN,NaN,0,0,42,14,3,3400
rc_205.3.txt,34,FB-CMPSO,1302809,3400,0,NaN,NaN,NaN,NaN,718.055899999999,1097.9272,NaN,NaN,2100,14,0,0,0,3400
rc_205.3.txt,34,RKPSO,1302810,3400,0,NaN,NaN,NaN,NaN,4922.3346,1241.1379,NaN,NaN,0,0,0,0,0,3400
rc_205.3.txt,34,LateOnly,1302810,3400,0,NaN,NaN,NaN,NaN,2644.2636,1183.6478,NaN,NaN,2100,16,0,0,0,3400
rc_205.3.txt,34,LateTo2Opt,1302810,3400,0,NaN,NaN,NaN,NaN,2644.2636,1183.6478,NaN,NaN,2100,16,0,0,0,3400
rc_205.3.txt,34,AlwaysVND,1302810,3400,0,NaN,NaN,NaN,NaN,106.7646,924.2451,NaN,NaN,0,0,44,11,2,3400
rc_205.3.txt,34,FB-CMPSO,1302810,3400,0,NaN,NaN,NaN,NaN,2644.2636,1183.6478,NaN,NaN,2100,16,0,0,0,3400
rc_205.3.txt,34,RKPSO,1302811,3400,0,NaN,NaN,NaN,NaN,9443.6982,1320.2349,NaN,NaN,0,0,0,0,0,3400
rc_205.3.txt,34,LateOnly,1302811,3400,0,NaN,NaN,NaN,NaN,308.3392,1001.3392,NaN,NaN,2100,24,0,0,0,3400
rc_205.3.txt,34,LateTo2Opt,1302811,3400,0,NaN,NaN,NaN,NaN,308.3392,1001.3392,NaN,NaN,2100,24,0,0,0,3400
rc_205.3.txt,34,AlwaysVND,1302811,3400,0,NaN,NaN,NaN,NaN,538.3924,923.4592,NaN,NaN,0,0,43,7,2,3400
rc_205.3.txt,34,FB-CMPSO,1302811,3400,0,NaN,NaN,NaN,NaN,308.3392,1001.3392,NaN,NaN,2100,24,0,0,0,3400
rc_205.3.txt,34,RKPSO,1302812,3400,0,NaN,NaN,NaN,NaN,7599.1939,1335.1128,NaN,NaN,0,0,0,0,0,3400
rc_205.3.txt,34,LateOnly,1302812,3400,0,NaN,NaN,NaN,NaN,1316.804,1186.5787,NaN,NaN,2100,23,0,0,0,3400
rc_205.3.txt,34,LateTo2Opt,1302812,3400,0,NaN,NaN,NaN,NaN,1316.804,1186.5787,NaN,NaN,2100,23,0,0,0,3400
rc_205.3.txt,34,AlwaysVND,1302812,3400,0,NaN,NaN,NaN,NaN,155.8882,1046.6198,NaN,NaN,0,0,60,9,0,3400
rc_205.3.txt,34,FB-CMPSO,1302812,3400,0,NaN,NaN,NaN,NaN,1316.804,1186.5787,NaN,NaN,2100,23,0,0,0,3400
rc_205.3.txt,34,RKPSO,1302813,3400,0,NaN,NaN,NaN,NaN,6195.4018,1242.3147,NaN,NaN,0,0,0,0,0,3400
rc_205.3.txt,34,LateOnly,1302813,3400,0,NaN,NaN,NaN,NaN,342.889899999999,997.6168,NaN,NaN,2100,28,0,0,0,3400
rc_205.3.txt,34,LateTo2Opt,1302813,3400,0,NaN,NaN,NaN,NaN,342.889899999999,997.6168,NaN,NaN,2100,28,0,0,0,3400
rc_205.3.txt,34,AlwaysVND,1302813,3400,0,NaN,NaN,NaN,NaN,623.6177,924.6851,NaN,NaN,0,0,57,7,1,3400
rc_205.3.txt,34,FB-CMPSO,1302813,3400,0,NaN,NaN,NaN,NaN,342.889899999999,997.6168,NaN,NaN,2100,28,0,0,0,3400
rc_205.3.txt,34,RKPSO,1302814,3400,0,NaN,NaN,NaN,NaN,9725.7235,1458.9038,NaN,NaN,0,0,0,0,0,3400
rc_205.3.txt,34,LateOnly,1302814,3400,0,NaN,NaN,NaN,NaN,127.5353,1027.0697,NaN,NaN,2100,22,0,0,0,3400
rc_205.3.txt,34,LateTo2Opt,1302814,3400,0,NaN,NaN,NaN,NaN,127.5353,1027.0697,NaN,NaN,2100,22,0,0,0,3400
rc_205.3.txt,34,AlwaysVND,1302814,3400,1,2832,2896,4.00969999999995,0.00795575396825387,0,898.94,902.9497,0.089545002787676,0,0,44,9,2,3400
rc_205.3.txt,34,FB-CMPSO,1302814,3400,0,NaN,NaN,NaN,NaN,127.5353,1027.0697,NaN,NaN,2100,22,0,0,0,3400
rc_205.3.txt,34,RKPSO,1302815,3400,0,NaN,NaN,NaN,NaN,7470.0184,1227.3378,NaN,NaN,0,0,0,0,0,3400
rc_205.3.txt,34,LateOnly,1302815,3400,0,NaN,NaN,NaN,NaN,1141.9972,1144.5793,NaN,NaN,2100,21,0,0,0,3400
rc_205.3.txt,34,LateTo2Opt,1302815,3400,0,NaN,NaN,NaN,NaN,1141.9972,1144.5793,NaN,NaN,2100,21,0,0,0,3400
rc_205.3.txt,34,AlwaysVND,1302815,3400,0,NaN,NaN,NaN,NaN,272.642799999999,966.226,NaN,NaN,0,0,60,5,1,3400
rc_205.3.txt,34,FB-CMPSO,1302815,3400,0,NaN,NaN,NaN,NaN,1141.9972,1144.5793,NaN,NaN,2100,21,0,0,0,3400
rc_205.3.txt,34,RKPSO,1302816,3400,0,NaN,NaN,NaN,NaN,8558.5142,1370.4241,NaN,NaN,0,0,0,0,0,3400
rc_205.3.txt,34,LateOnly,1302816,3400,0,NaN,NaN,NaN,NaN,1447.3855,1143.7742,NaN,NaN,2100,25,0,0,0,3400
rc_205.3.txt,34,LateTo2Opt,1302816,3400,0,NaN,NaN,NaN,NaN,1447.3855,1143.7742,NaN,NaN,2100,25,0,0,0,3400
rc_205.3.txt,34,AlwaysVND,1302816,3400,0,NaN,NaN,NaN,NaN,506.7205,887.4346,NaN,NaN,0,0,52,8,3,3400
rc_205.3.txt,34,FB-CMPSO,1302816,3400,0,NaN,NaN,NaN,NaN,1447.3855,1143.7742,NaN,NaN,2100,25,0,0,0,3400
rc_205.3.txt,34,RKPSO,1302817,3400,0,NaN,NaN,NaN,NaN,4073.529,1184.8253,NaN,NaN,0,0,0,0,0,3400
rc_205.3.txt,34,LateOnly,1302817,3400,0,NaN,NaN,NaN,NaN,95.7312999999992,1010.9034,NaN,NaN,2100,21,0,0,0,3400
rc_205.3.txt,34,LateTo2Opt,1302817,3400,0,NaN,NaN,NaN,NaN,95.7312999999992,1010.9034,NaN,NaN,2100,21,0,0,0,3400
rc_205.3.txt,34,AlwaysVND,1302817,3400,0,NaN,NaN,NaN,NaN,134.5408,1050.7393,NaN,NaN,0,0,53,9,2,3400
rc_205.3.txt,34,FB-CMPSO,1302817,3400,0,NaN,NaN,NaN,NaN,95.7312999999992,1010.9034,NaN,NaN,2100,21,0,0,0,3400
rc_205.3.txt,34,RKPSO,1302818,3400,0,NaN,NaN,NaN,NaN,6865.7107,1186.1645,NaN,NaN,0,0,0,0,0,3400
rc_205.3.txt,34,LateOnly,1302818,3400,0,NaN,NaN,NaN,NaN,2679.5585,1190.2815,NaN,NaN,2100,21,0,0,0,3400
rc_205.3.txt,34,LateTo2Opt,1302818,3400,0,NaN,NaN,NaN,NaN,2679.5585,1190.2815,NaN,NaN,2100,21,0,0,0,3400
rc_205.3.txt,34,AlwaysVND,1302818,3400,0,NaN,NaN,NaN,NaN,430.4718,1001.9655,NaN,NaN,0,0,52,10,2,3400
rc_205.3.txt,34,FB-CMPSO,1302818,3400,0,NaN,NaN,NaN,NaN,2679.5585,1190.2815,NaN,NaN,2100,21,0,0,0,3400
rc_205.3.txt,34,RKPSO,1302819,3400,0,NaN,NaN,NaN,NaN,2493.4916,1322.7771,NaN,NaN,0,0,0,0,0,3400
rc_205.3.txt,34,LateOnly,1302819,3400,0,NaN,NaN,NaN,NaN,307.3968,1068.2758,NaN,NaN,2100,21,0,0,0,3400
rc_205.3.txt,34,LateTo2Opt,1302819,3400,0,NaN,NaN,NaN,NaN,307.3968,1068.2758,NaN,NaN,2100,21,0,0,0,3400
rc_205.3.txt,34,AlwaysVND,1302819,3400,0,NaN,NaN,NaN,NaN,1058.8526,1043.6387,NaN,NaN,0,0,50,12,1,3400
rc_205.3.txt,34,FB-CMPSO,1302819,3400,0,NaN,NaN,NaN,NaN,307.3968,1068.2758,NaN,NaN,2100,21,0,0,0,3400
rc_205.3.txt,34,RKPSO,1302820,3400,0,NaN,NaN,NaN,NaN,8754.7197,1396.1625,NaN,NaN,0,0,0,0,0,3400
rc_205.3.txt,34,LateOnly,1302820,3400,0,NaN,NaN,NaN,NaN,564.1202,997.8476,NaN,NaN,2100,26,0,0,0,3400
rc_205.3.txt,34,LateTo2Opt,1302820,3400,0,NaN,NaN,NaN,NaN,564.1202,997.8476,NaN,NaN,2100,26,0,0,0,3400
rc_205.3.txt,34,AlwaysVND,1302820,3400,0,NaN,NaN,NaN,NaN,2.9985999999999,870.466,NaN,NaN,0,0,48,8,1,3400
rc_205.3.txt,34,FB-CMPSO,1302820,3400,0,NaN,NaN,NaN,NaN,564.1202,997.8476,NaN,NaN,2100,26,0,0,0,3400
rc_205.3.txt,34,RKPSO,1302821,3400,0,NaN,NaN,NaN,NaN,5156.9969,1258.5013,NaN,NaN,0,0,0,0,0,3400
rc_205.3.txt,34,LateOnly,1302821,3400,0,NaN,NaN,NaN,NaN,2008.6743,1198.77,NaN,NaN,2100,19,0,0,0,3400
rc_205.3.txt,34,LateTo2Opt,1302821,3400,0,NaN,NaN,NaN,NaN,2008.6743,1198.77,NaN,NaN,2100,19,0,0,0,3400
rc_205.3.txt,34,AlwaysVND,1302821,3400,0,NaN,NaN,NaN,NaN,418.5496,993.8433,NaN,NaN,0,0,51,11,1,3400
rc_205.3.txt,34,FB-CMPSO,1302821,3400,0,NaN,NaN,NaN,NaN,2008.6743,1198.77,NaN,NaN,2100,19,0,0,0,3400
rc_205.3.txt,34,RKPSO,1302822,3400,0,NaN,NaN,NaN,NaN,5796.0592,1140.6852,NaN,NaN,0,0,0,0,0,3400
rc_205.3.txt,34,LateOnly,1302822,3400,0,NaN,NaN,NaN,NaN,768.438300000001,1046.9939,NaN,NaN,2100,26,0,0,0,3400
rc_205.3.txt,34,LateTo2Opt,1302822,3400,0,NaN,NaN,NaN,NaN,768.438300000001,1046.9939,NaN,NaN,2100,26,0,0,0,3400
rc_205.3.txt,34,AlwaysVND,1302822,3400,0,NaN,NaN,NaN,NaN,1480.5265,1063.9757,NaN,NaN,0,0,50,11,1,3400
rc_205.3.txt,34,FB-CMPSO,1302822,3400,0,NaN,NaN,NaN,NaN,768.438300000001,1046.9939,NaN,NaN,2100,26,0,0,0,3400
rc_205.3.txt,34,RKPSO,1302823,3400,0,NaN,NaN,NaN,NaN,4374.1676,1396.4693,NaN,NaN,0,0,0,0,0,3400
rc_205.3.txt,34,LateOnly,1302823,3400,0,NaN,NaN,NaN,NaN,1868.2253,1178.5823,NaN,NaN,2100,19,0,0,0,3400
rc_205.3.txt,34,LateTo2Opt,1302823,3400,0,NaN,NaN,NaN,NaN,1868.2253,1178.5823,NaN,NaN,2100,19,0,0,0,3400
rc_205.3.txt,34,AlwaysVND,1302823,3400,0,NaN,NaN,NaN,NaN,304.587999999999,1021.4548,NaN,NaN,0,0,42,9,4,3400
rc_205.3.txt,34,FB-CMPSO,1302823,3400,0,NaN,NaN,NaN,NaN,1868.2253,1178.5823,NaN,NaN,2100,19,0,0,0,3400
rc_205.3.txt,34,RKPSO,1302824,3400,0,NaN,NaN,NaN,NaN,5910.8278,1374.1895,NaN,NaN,0,0,0,0,0,3400
rc_205.3.txt,34,LateOnly,1302824,3400,0,NaN,NaN,NaN,NaN,1604.8766,1181.2098,NaN,NaN,2100,24,0,0,0,3400
rc_205.3.txt,34,LateTo2Opt,1302824,3400,0,NaN,NaN,NaN,NaN,1604.8766,1181.2098,NaN,NaN,2100,24,0,0,0,3400
rc_205.3.txt,34,AlwaysVND,1302824,3400,0,NaN,NaN,NaN,NaN,786.9562,1000.1945,NaN,NaN,0,0,58,7,0,3400
rc_205.3.txt,34,FB-CMPSO,1302824,3400,0,NaN,NaN,NaN,NaN,1604.8766,1181.2098,NaN,NaN,2100,24,0,0,0,3400
rc_205.3.txt,34,RKPSO,1302825,3400,0,NaN,NaN,NaN,NaN,5676.7446,1097.1295,NaN,NaN,0,0,0,0,0,3400
rc_205.3.txt,34,LateOnly,1302825,3400,0,NaN,NaN,NaN,NaN,582.200999999998,1066.1381,NaN,NaN,2100,23,0,0,0,3400
rc_205.3.txt,34,LateTo2Opt,1302825,3400,0,NaN,NaN,NaN,NaN,582.200999999998,1066.1381,NaN,NaN,2100,23,0,0,0,3400
rc_205.3.txt,34,AlwaysVND,1302825,3400,0,NaN,NaN,NaN,NaN,490.574499999999,1075.6336,NaN,NaN,0,0,39,7,6,3400
rc_205.3.txt,34,FB-CMPSO,1302825,3400,0,NaN,NaN,NaN,NaN,582.200999999998,1066.1381,NaN,NaN,2100,23,0,0,0,3400
rc_205.3.txt,34,RKPSO,1302826,3400,0,NaN,NaN,NaN,NaN,7683.9878,1280.7923,NaN,NaN,0,0,0,0,0,3400
rc_205.3.txt,34,LateOnly,1302826,3400,0,NaN,NaN,NaN,NaN,688.3792,1038.9412,NaN,NaN,2100,26,0,0,0,3400
rc_205.3.txt,34,LateTo2Opt,1302826,3400,0,NaN,NaN,NaN,NaN,688.3792,1038.9412,NaN,NaN,2100,26,0,0,0,3400
rc_205.3.txt,34,AlwaysVND,1302826,3400,0,NaN,NaN,NaN,NaN,654.276600000001,1088.81,NaN,NaN,0,0,36,10,4,3400
rc_205.3.txt,34,FB-CMPSO,1302826,3400,0,NaN,NaN,NaN,NaN,688.3792,1038.9412,NaN,NaN,2100,26,0,0,0,3400
rc_205.3.txt,34,RKPSO,1302827,3400,0,NaN,NaN,NaN,NaN,8036.2214,1303.5132,NaN,NaN,0,0,0,0,0,3400
rc_205.3.txt,34,LateOnly,1302827,3400,0,NaN,NaN,NaN,NaN,695.3393,1056.0447,NaN,NaN,2100,24,0,0,0,3400
rc_205.3.txt,34,LateTo2Opt,1302827,3400,0,NaN,NaN,NaN,NaN,695.3393,1056.0447,NaN,NaN,2100,24,0,0,0,3400
rc_205.3.txt,34,AlwaysVND,1302827,3400,0,NaN,NaN,NaN,NaN,768.9245,1030.962,NaN,NaN,0,0,52,12,1,3400
rc_205.3.txt,34,FB-CMPSO,1302827,3400,0,NaN,NaN,NaN,NaN,695.3393,1056.0447,NaN,NaN,2100,24,0,0,0,3400
rc_205.3.txt,34,RKPSO,1302828,3400,0,NaN,NaN,NaN,NaN,7049.8862,1391.0092,NaN,NaN,0,0,0,0,0,3400
rc_205.3.txt,34,LateOnly,1302828,3400,1,1266,1312,31.3301,0.015004837164751,0,889.2659,920.596,0.077819673720699,2100,30,0,0,0,3400
rc_205.3.txt,34,LateTo2Opt,1302828,3400,1,1266,1312,17.0299,0.00815608237547893,0,903.5661,920.596,0.0951519889462584,792,24,5,0,0,3400
rc_205.3.txt,34,AlwaysVND,1302828,3400,0,NaN,NaN,NaN,NaN,100.6449,965.2439,NaN,NaN,0,0,53,7,4,3400
rc_205.3.txt,34,FB-CMPSO,1302828,3400,1,1266,1312,45.3952999999999,0.0217410440613026,0,875.2007,920.596,0.0607721862652414,792,24,5,4,0,3400
rc_205.3.txt,34,RKPSO,1302829,3400,0,NaN,NaN,NaN,NaN,4658.6739,1315.5227,NaN,NaN,0,0,0,0,0,3400
rc_205.3.txt,34,LateOnly,1302829,3400,0,NaN,NaN,NaN,NaN,1373.5466,1114.6936,NaN,NaN,2100,25,0,0,0,3400
rc_205.3.txt,34,LateTo2Opt,1302829,3400,0,NaN,NaN,NaN,NaN,1373.5466,1114.6936,NaN,NaN,2100,25,0,0,0,3400
rc_205.3.txt,34,AlwaysVND,1302829,3400,0,NaN,NaN,NaN,NaN,329.4835,1039.8053,NaN,NaN,0,0,47,6,5,3400
rc_205.3.txt,34,FB-CMPSO,1302829,3400,0,NaN,NaN,NaN,NaN,1373.5466,1114.6936,NaN,NaN,2100,25,0,0,0,3400
rc_205.3.txt,34,RKPSO,1302830,3400,0,NaN,NaN,NaN,NaN,8895.2501,1383.4592,NaN,NaN,0,0,0,0,0,3400
rc_205.3.txt,34,LateOnly,1302830,3400,0,NaN,NaN,NaN,NaN,1141.6389,1118.931,NaN,NaN,2100,26,0,0,0,3400
rc_205.3.txt,34,LateTo2Opt,1302830,3400,0,NaN,NaN,NaN,NaN,1141.6389,1118.931,NaN,NaN,2100,26,0,0,0,3400
rc_205.3.txt,34,AlwaysVND,1302830,3400,0,NaN,NaN,NaN,NaN,598.598,1064.7255,NaN,NaN,0,0,48,9,4,3400
rc_205.3.txt,34,FB-CMPSO,1302830,3400,0,NaN,NaN,NaN,NaN,1141.6389,1118.931,NaN,NaN,2100,26,0,0,0,3400
rc_205.4.txt,27,RKPSO,1302901,2700,0,NaN,NaN,NaN,NaN,3367.8957,960.245,NaN,NaN,0,0,0,0,0,2700
rc_205.4.txt,27,LateOnly,1302901,2700,1,1161,1190,25.8692,0.0171319205298013,0,799.8883,827.7823,0.0518341288939737,1508,22,0,0,0,2700
rc_205.4.txt,27,LateTo2Opt,1302901,2700,1,1161,1190,42.3572,0.0280511258278146,0,783.4003,827.7823,0.0301528002419558,650,20,4,0,0,2700
rc_205.4.txt,27,AlwaysVND,1302901,2700,0,NaN,NaN,NaN,NaN,179.9948,845.6743,NaN,NaN,0,0,58,9,0,2700
rc_205.4.txt,27,FB-CMPSO,1302901,2700,1,1161,1190,37.803,0.0250350993377483,0,787.9545,827.7823,0.0361414651465543,650,20,1,2,2,2700
rc_205.4.txt,27,RKPSO,1302902,2700,0,NaN,NaN,NaN,NaN,5344.3398,1023.6403,NaN,NaN,0,0,0,0,0,2700
rc_205.4.txt,27,LateOnly,1302902,2700,0,NaN,NaN,NaN,NaN,11.3920000000001,880.3907,NaN,NaN,1508,23,0,0,0,2700
rc_205.4.txt,27,LateTo2Opt,1302902,2700,0,NaN,NaN,NaN,NaN,11.3920000000001,880.3907,NaN,NaN,1508,23,0,0,0,2700
rc_205.4.txt,27,AlwaysVND,1302902,2700,0,NaN,NaN,NaN,NaN,15.9417000000001,815.8094,NaN,NaN,0,0,38,5,5,2700
rc_205.4.txt,27,FB-CMPSO,1302902,2700,0,NaN,NaN,NaN,NaN,11.3920000000001,880.3907,NaN,NaN,1508,23,0,0,0,2700
rc_205.4.txt,27,RKPSO,1302903,2700,0,NaN,NaN,NaN,NaN,5029.9007,1073.8225,NaN,NaN,0,0,0,0,0,2700
rc_205.4.txt,27,LateOnly,1302903,2700,0,NaN,NaN,NaN,NaN,11.7459,838.601,NaN,NaN,1508,20,0,0,0,2700
rc_205.4.txt,27,LateTo2Opt,1302903,2700,0,NaN,NaN,NaN,NaN,11.7459,838.601,NaN,NaN,1508,20,0,0,0,2700
rc_205.4.txt,27,AlwaysVND,1302903,2700,1,1980,2000,8.24109999999996,0.0117729999999999,0,769.9356,778.1767,0.0124470393309401,0,0,28,8,5,2700
rc_205.4.txt,27,FB-CMPSO,1302903,2700,0,NaN,NaN,NaN,NaN,11.7459,838.601,NaN,NaN,1508,20,0,0,0,2700
rc_205.4.txt,27,RKPSO,1302904,2700,0,NaN,NaN,NaN,NaN,6043.5077,930.1392,NaN,NaN,0,0,0,0,0,2700
rc_205.4.txt,27,LateOnly,1302904,2700,0,NaN,NaN,NaN,NaN,15.9417000000001,839.1454,NaN,NaN,1508,26,0,0,0,2700
rc_205.4.txt,27,LateTo2Opt,1302904,2700,0,NaN,NaN,NaN,NaN,15.9417000000001,839.1454,NaN,NaN,1508,26,0,0,0,2700
rc_205.4.txt,27,AlwaysVND,1302904,2700,0,NaN,NaN,NaN,NaN,179.9948,824.7929,NaN,NaN,0,0,45,11,2,2700
rc_205.4.txt,27,FB-CMPSO,1302904,2700,0,NaN,NaN,NaN,NaN,15.9417000000001,839.1454,NaN,NaN,1508,26,0,0,0,2700
rc_205.4.txt,27,RKPSO,1302905,2700,0,NaN,NaN,NaN,NaN,400.2274,882.0913,NaN,NaN,0,0,0,0,0,2700
rc_205.4.txt,27,LateOnly,1302905,2700,0,NaN,NaN,NaN,NaN,1129.0491,861.4374,NaN,NaN,1508,17,0,0,0,2700
rc_205.4.txt,27,LateTo2Opt,1302905,2700,0,NaN,NaN,NaN,NaN,1129.0491,861.4374,NaN,NaN,1508,17,0,0,0,2700
rc_205.4.txt,27,AlwaysVND,1302905,2700,0,NaN,NaN,NaN,NaN,100.2688,809.5838,NaN,NaN,0,0,46,8,2,2700
rc_205.4.txt,27,FB-CMPSO,1302905,2700,0,NaN,NaN,NaN,NaN,1129.0491,861.4374,NaN,NaN,1508,17,0,0,0,2700
rc_205.4.txt,27,RKPSO,1302906,2700,0,NaN,NaN,NaN,NaN,2842.5084,876.2426,NaN,NaN,0,0,0,0,0,2700
rc_205.4.txt,27,LateOnly,1302906,2700,0,NaN,NaN,NaN,NaN,23.5669,839.4769,NaN,NaN,1508,18,0,0,0,2700
rc_205.4.txt,27,LateTo2Opt,1302906,2700,0,NaN,NaN,NaN,NaN,23.5669,839.4769,NaN,NaN,1508,18,0,0,0,2700
rc_205.4.txt,27,AlwaysVND,1302906,2700,0,NaN,NaN,NaN,NaN,29.5632000000001,825.2559,NaN,NaN,0,0,50,7,1,2700
rc_205.4.txt,27,FB-CMPSO,1302906,2700,0,NaN,NaN,NaN,NaN,23.5669,839.4769,NaN,NaN,1508,18,0,0,0,2700
rc_205.4.txt,27,RKPSO,1302907,2700,0,NaN,NaN,NaN,NaN,1797.6764,973.5456,NaN,NaN,0,0,0,0,0,2700
rc_205.4.txt,27,LateOnly,1302907,2700,1,2199,2202,25.5204999999999,0.0512459839357427,0,787.2028,812.7233,0.0351529974883955,1508,23,0,0,0,2700
rc_205.4.txt,27,LateTo2Opt,1302907,2700,1,2199,2202,24.5957999999999,0.0493891566265059,0,788.1275,812.7233,0.0363689560403435,1222,21,2,0,0,2700
rc_205.4.txt,27,AlwaysVND,1302907,2700,1,2408,2490,5.47820000000002,0.0260866666666667,0,799.7963,805.2745,0.0517131510776228,0,0,36,5,5,2700
rc_205.4.txt,27,FB-CMPSO,1302907,2700,1,2199,2202,24.5957999999999,0.0493891566265059,0,788.1275,812.7233,0.0363689560403435,1222,21,2,0,0,2700
rc_205.4.txt,27,RKPSO,1302908,2700,0,NaN,NaN,NaN,NaN,4435.9394,991.1346,NaN,NaN,0,0,0,0,0,2700
rc_205.4.txt,27,LateOnly,1302908,2700,0,NaN,NaN,NaN,NaN,34.6826000000001,857.8526,NaN,NaN,1508,19,0,0,0,2700
rc_205.4.txt,27,LateTo2Opt,1302908,2700,0,NaN,NaN,NaN,NaN,34.6826000000001,857.8526,NaN,NaN,1508,19,0,0,0,2700
rc_205.4.txt,27,AlwaysVND,1302908,2700,1,2370,2392,0,0,0,767.229,767.229,0.00888792457296148,0,0,38,5,4,2700
rc_205.4.txt,27,FB-CMPSO,1302908,2700,0,NaN,NaN,NaN,NaN,34.6826000000001,857.8526,NaN,NaN,1508,19,0,0,0,2700
rc_205.4.txt,27,RKPSO,1302909,2700,0,NaN,NaN,NaN,NaN,5532.5763,1024.1311,NaN,NaN,0,0,0,0,0,2700
rc_205.4.txt,27,LateOnly,1302909,2700,0,NaN,NaN,NaN,NaN,419.342200000001,921.8116,NaN,NaN,1508,17,0,0,0,2700
rc_205.4.txt,27,LateTo2Opt,1302909,2700,0,NaN,NaN,NaN,NaN,419.342200000001,921.8116,NaN,NaN,1508,17,0,0,0,2700
rc_205.4.txt,27,AlwaysVND,1302909,2700,0,NaN,NaN,NaN,NaN,12.1995,777.2898,NaN,NaN,0,0,47,3,3,2700
rc_205.4.txt,27,FB-CMPSO,1302909,2700,0,NaN,NaN,NaN,NaN,419.342200000001,921.8116,NaN,NaN,1508,17,0,0,0,2700
rc_205.4.txt,27,RKPSO,1302910,2700,0,NaN,NaN,NaN,NaN,3634.4195,1067.1414,NaN,NaN,0,0,0,0,0,2700
rc_205.4.txt,27,LateOnly,1302910,2700,0,NaN,NaN,NaN,NaN,33.722,751.9933,NaN,NaN,1508,23,0,0,0,2700
rc_205.4.txt,27,LateTo2Opt,1302910,2700,0,NaN,NaN,NaN,NaN,33.722,751.9933,NaN,NaN,1508,23,0,0,0,2700
rc_205.4.txt,27,AlwaysVND,1302910,2700,0,NaN,NaN,NaN,NaN,95.2857,755.95,NaN,NaN,0,0,44,8,4,2700
rc_205.4.txt,27,FB-CMPSO,1302910,2700,0,NaN,NaN,NaN,NaN,33.722,751.9933,NaN,NaN,1508,23,0,0,0,2700
rc_205.4.txt,27,RKPSO,1302911,2700,0,NaN,NaN,NaN,NaN,5340.2377,1105.2834,NaN,NaN,0,0,0,0,0,2700
rc_205.4.txt,27,LateOnly,1302911,2700,1,917,960,42.4375,0.024389367816092,0,765.3814,807.8189,0.00645837442634155,1508,23,0,0,0,2700
rc_205.4.txt,27,LateTo2Opt,1302911,2700,1,917,960,24.4185999999999,0.0140336781609195,0,783.4003,807.8189,0.0301528002419558,520,20,2,0,0,2700
rc_205.4.txt,27,AlwaysVND,1302911,2700,1,2434,2490,8.98500000000013,0.0427857142857149,0,788.2901,797.2751,0.0365827711809801,0,0,51,5,1,2700
rc_205.4.txt,27,FB-CMPSO,1302911,2700,1,917,960,42.4375,0.024389367816092,0,765.3814,807.8189,0.00645837442634155,520,20,1,1,1,2700
rc_205.4.txt,27,RKPSO,1302912,2700,0,NaN,NaN,NaN,NaN,1258.0276,888.3949,NaN,NaN,0,0,0,0,0,2700
rc_205.4.txt,27,LateOnly,1302912,2700,0,NaN,NaN,NaN,NaN,0.165700000000015,792.6653,NaN,NaN,1508,20,0,0,0,2700
rc_205.4.txt,27,LateTo2Opt,1302912,2700,0,NaN,NaN,NaN,NaN,0.165700000000015,792.6653,NaN,NaN,1508,20,0,0,0,2700
rc_205.4.txt,27,AlwaysVND,1302912,2700,0,NaN,NaN,NaN,NaN,150.5444,865.4239,NaN,NaN,0,0,42,10,0,2700
rc_205.4.txt,27,FB-CMPSO,1302912,2700,0,NaN,NaN,NaN,NaN,0.165700000000015,792.6653,NaN,NaN,1508,20,0,0,0,2700
rc_205.4.txt,27,RKPSO,1302913,2700,0,NaN,NaN,NaN,NaN,3526.9745,1008.3874,NaN,NaN,0,0,0,0,0,2700
rc_205.4.txt,27,LateOnly,1302913,2700,0,NaN,NaN,NaN,NaN,28.0036,887.968,NaN,NaN,1508,19,0,0,0,2700
rc_205.4.txt,27,LateTo2Opt,1302913,2700,0,NaN,NaN,NaN,NaN,28.0036,887.968,NaN,NaN,1508,19,0,0,0,2700
rc_205.4.txt,27,AlwaysVND,1302913,2700,1,2594,2686,0,0,0,780.5985,780.5985,0.0264684997435797,0,0,35,5,6,2700
rc_205.4.txt,27,FB-CMPSO,1302913,2700,0,NaN,NaN,NaN,NaN,28.0036,887.968,NaN,NaN,1508,19,0,0,0,2700
rc_205.4.txt,27,RKPSO,1302914,2700,0,NaN,NaN,NaN,NaN,2639.272,971.4473,NaN,NaN,0,0,0,0,0,2700
rc_205.4.txt,27,LateOnly,1302914,2700,1,1943,1972,79.8883000000001,0.109736675824176,0,789.8021,869.6904,0.0385710152931739,1508,29,0,0,0,2700
rc_205.4.txt,27,LateTo2Opt,1302914,2700,1,1943,1972,12.4671,0.0171251373626373,0,857.2233,869.6904,0.127228293029311,1092,25,3,0,0,2700
rc_205.4.txt,27,AlwaysVND,1302914,2700,0,NaN,NaN,NaN,NaN,33.1519,759.1685,NaN,NaN,0,0,31,7,2,2700
rc_205.4.txt,27,FB-CMPSO,1302914,2700,1,1943,1972,107.2765,0.14735782967033,0,762.4139,869.6904,0.00255618236090837,1092,25,5,2,1,2700
rc_205.4.txt,27,RKPSO,1302915,2700,0,NaN,NaN,NaN,NaN,2767.3354,1030.3196,NaN,NaN,0,0,0,0,0,2700
rc_205.4.txt,27,LateOnly,1302915,2700,0,NaN,NaN,NaN,NaN,96.0835999999999,854.8424,NaN,NaN,1508,17,0,0,0,2700
rc_205.4.txt,27,LateTo2Opt,1302915,2700,0,NaN,NaN,NaN,NaN,96.0835999999999,854.8424,NaN,NaN,1508,17,0,0,0,2700
rc_205.4.txt,27,AlwaysVND,1302915,2700,0,NaN,NaN,NaN,NaN,17.9564,783.7613,NaN,NaN,0,0,47,6,4,2700
rc_205.4.txt,27,FB-CMPSO,1302915,2700,0,NaN,NaN,NaN,NaN,96.0835999999999,854.8424,NaN,NaN,1508,17,0,0,0,2700
rc_205.4.txt,27,RKPSO,1302916,2700,0,NaN,NaN,NaN,NaN,3422.169,991.9734,NaN,NaN,0,0,0,0,0,2700
rc_205.4.txt,27,LateOnly,1302916,2700,0,NaN,NaN,NaN,NaN,89.2055000000002,800.6734,NaN,NaN,1508,21,0,0,0,2700
rc_205.4.txt,27,LateTo2Opt,1302916,2700,0,NaN,NaN,NaN,NaN,89.2055000000002,800.6734,NaN,NaN,1508,21,0,0,0,2700
rc_205.4.txt,27,AlwaysVND,1302916,2700,0,NaN,NaN,NaN,NaN,636.3988,868.9944,NaN,NaN,0,0,38,11,1,2700
rc_205.4.txt,27,FB-CMPSO,1302916,2700,0,NaN,NaN,NaN,NaN,89.2055000000002,800.6734,NaN,NaN,1508,21,0,0,0,2700
rc_205.4.txt,27,RKPSO,1302917,2700,0,NaN,NaN,NaN,NaN,2487.9462,904.2135,NaN,NaN,0,0,0,0,0,2700
rc_205.4.txt,27,LateOnly,1302917,2700,0,NaN,NaN,NaN,NaN,133.4293,830.4929,NaN,NaN,1508,18,0,0,0,2700
rc_205.4.txt,27,LateTo2Opt,1302917,2700,0,NaN,NaN,NaN,NaN,133.4293,830.4929,NaN,NaN,1508,18,0,0,0,2700
rc_205.4.txt,27,AlwaysVND,1302917,2700,1,2157,2196,1.84759999999994,0.0036658730158729,0,830.7966,832.6442,0.0924778097755337,0,0,38,5,4,2700
rc_205.4.txt,27,FB-CMPSO,1302917,2700,0,NaN,NaN,NaN,NaN,133.4293,830.4929,NaN,NaN,1508,18,0,0,0,2700
rc_205.4.txt,27,RKPSO,1302918,2700,0,NaN,NaN,NaN,NaN,1619.4077,918.1114,NaN,NaN,0,0,0,0,0,2700
rc_205.4.txt,27,LateOnly,1302918,2700,0,NaN,NaN,NaN,NaN,2068.4178,904.43,NaN,NaN,1508,14,0,0,0,2700
rc_205.4.txt,27,LateTo2Opt,1302918,2700,0,NaN,NaN,NaN,NaN,2068.4178,904.43,NaN,NaN,1508,14,0,0,0,2700
rc_205.4.txt,27,AlwaysVND,1302918,2700,0,NaN,NaN,NaN,NaN,59.8557000000001,847.3184,NaN,NaN,0,0,39,7,4,2700
rc_205.4.txt,27,FB-CMPSO,1302918,2700,0,NaN,NaN,NaN,NaN,2068.4178,904.43,NaN,NaN,1508,14,0,0,0,2700
rc_205.4.txt,27,RKPSO,1302919,2700,0,NaN,NaN,NaN,NaN,2331.3689,1001.6281,NaN,NaN,0,0,0,0,0,2700
rc_205.4.txt,27,LateOnly,1302919,2700,0,NaN,NaN,NaN,NaN,158.4399,848.2066,NaN,NaN,1508,20,0,0,0,2700
rc_205.4.txt,27,LateTo2Opt,1302919,2700,0,NaN,NaN,NaN,NaN,158.4399,848.2066,NaN,NaN,1508,20,0,0,0,2700
rc_205.4.txt,27,AlwaysVND,1302919,2700,0,NaN,NaN,NaN,NaN,63.8863999999999,870.3697,NaN,NaN,0,0,48,6,4,2700
rc_205.4.txt,27,FB-CMPSO,1302919,2700,0,NaN,NaN,NaN,NaN,158.4399,848.2066,NaN,NaN,1508,20,0,0,0,2700
rc_205.4.txt,27,RKPSO,1302920,2700,0,NaN,NaN,NaN,NaN,724.2039,928.6889,NaN,NaN,0,0,0,0,0,2700
rc_205.4.txt,27,LateOnly,1302920,2700,0,NaN,NaN,NaN,NaN,104.3972,862.8836,NaN,NaN,1508,19,0,0,0,2700
rc_205.4.txt,27,LateTo2Opt,1302920,2700,0,NaN,NaN,NaN,NaN,104.3972,862.8836,NaN,NaN,1508,19,0,0,0,2700
rc_205.4.txt,27,AlwaysVND,1302920,2700,0,NaN,NaN,NaN,NaN,32.9856999999998,751.1091,NaN,NaN,0,0,45,9,2,2700
rc_205.4.txt,27,FB-CMPSO,1302920,2700,0,NaN,NaN,NaN,NaN,104.3972,862.8836,NaN,NaN,1508,19,0,0,0,2700
rc_205.4.txt,27,RKPSO,1302921,2700,0,NaN,NaN,NaN,NaN,4714.0497,1021.7927,NaN,NaN,0,0,0,0,0,2700
rc_205.4.txt,27,LateOnly,1302921,2700,0,NaN,NaN,NaN,NaN,563.3027,847.5104,NaN,NaN,1508,18,0,0,0,2700
rc_205.4.txt,27,LateTo2Opt,1302921,2700,0,NaN,NaN,NaN,NaN,563.3027,847.5104,NaN,NaN,1508,18,0,0,0,2700
rc_205.4.txt,27,AlwaysVND,1302921,2700,0,NaN,NaN,NaN,NaN,7.38909999999987,845.9122,NaN,NaN,0,0,42,5,1,2700
rc_205.4.txt,27,FB-CMPSO,1302921,2700,0,NaN,NaN,NaN,NaN,563.3027,847.5104,NaN,NaN,1508,18,0,0,0,2700
rc_205.4.txt,27,RKPSO,1302922,2700,0,NaN,NaN,NaN,NaN,4149.8374,977.9952,NaN,NaN,0,0,0,0,0,2700
rc_205.4.txt,27,LateOnly,1302922,2700,0,NaN,NaN,NaN,NaN,945.104700000001,897.5035,NaN,NaN,1508,16,0,0,0,2700
rc_205.4.txt,27,LateTo2Opt,1302922,2700,0,NaN,NaN,NaN,NaN,945.104700000001,897.5035,NaN,NaN,1508,16,0,0,0,2700
rc_205.4.txt,27,AlwaysVND,1302922,2700,0,NaN,NaN,NaN,NaN,182.5907,805.5231,NaN,NaN,0,0,38,11,2,2700
rc_205.4.txt,27,FB-CMPSO,1302922,2700,0,NaN,NaN,NaN,NaN,945.104700000001,897.5035,NaN,NaN,1508,16,0,0,0,2700
rc_205.4.txt,27,RKPSO,1302923,2700,0,NaN,NaN,NaN,NaN,5855.8603,1006.3949,NaN,NaN,0,0,0,0,0,2700
rc_205.4.txt,27,LateOnly,1302923,2700,0,NaN,NaN,NaN,NaN,2.18480000000005,802.9966,NaN,NaN,1508,20,0,0,0,2700
rc_205.4.txt,27,LateTo2Opt,1302923,2700,0,NaN,NaN,NaN,NaN,2.18480000000005,802.9966,NaN,NaN,1508,20,0,0,0,2700
rc_205.4.txt,27,AlwaysVND,1302923,2700,0,NaN,NaN,NaN,NaN,71.0963000000002,823.1982,NaN,NaN,0,0,38,13,2,2700
rc_205.4.txt,27,FB-CMPSO,1302923,2700,0,NaN,NaN,NaN,NaN,2.18480000000005,802.9966,NaN,NaN,1508,20,0,0,0,2700
rc_205.4.txt,27,RKPSO,1302924,2700,0,NaN,NaN,NaN,NaN,3328.3531,1045.5438,NaN,NaN,0,0,0,0,0,2700
rc_205.4.txt,27,LateOnly,1302924,2700,0,NaN,NaN,NaN,NaN,9.04790000000025,813.9422,NaN,NaN,1508,15,0,0,0,2700
rc_205.4.txt,27,LateTo2Opt,1302924,2700,0,NaN,NaN,NaN,NaN,9.04790000000025,813.9422,NaN,NaN,1508,15,0,0,0,2700
rc_205.4.txt,27,AlwaysVND,1302924,2700,0,NaN,NaN,NaN,NaN,13.4379000000001,807.411,NaN,NaN,0,0,36,4,4,2700
rc_205.4.txt,27,FB-CMPSO,1302924,2700,0,NaN,NaN,NaN,NaN,9.04790000000025,813.9422,NaN,NaN,1508,15,0,0,0,2700
rc_205.4.txt,27,RKPSO,1302925,2700,0,NaN,NaN,NaN,NaN,5010.365,959.1583,NaN,NaN,0,0,0,0,0,2700
rc_205.4.txt,27,LateOnly,1302925,2700,0,NaN,NaN,NaN,NaN,12.0088000000001,784.261,NaN,NaN,1508,16,0,0,0,2700
rc_205.4.txt,27,LateTo2Opt,1302925,2700,0,NaN,NaN,NaN,NaN,12.0088000000001,784.261,NaN,NaN,1508,16,0,0,0,2700
rc_205.4.txt,27,AlwaysVND,1302925,2700,0,NaN,NaN,NaN,NaN,592.0648,895.1698,NaN,NaN,0,0,40,10,2,2700
rc_205.4.txt,27,FB-CMPSO,1302925,2700,0,NaN,NaN,NaN,NaN,12.0088000000001,784.261,NaN,NaN,1508,16,0,0,0,2700
rc_205.4.txt,27,RKPSO,1302926,2700,0,NaN,NaN,NaN,NaN,5368.7924,1047.6472,NaN,NaN,0,0,0,0,0,2700
rc_205.4.txt,27,LateOnly,1302926,2700,1,2323,2340,67.4463000000001,0.187350833333334,0,780.5091,847.9554,0.0263509408655173,1508,22,0,0,0,2700
rc_205.4.txt,27,LateTo2Opt,1302926,2700,1,2323,2340,58.098,0.161383333333333,0,789.8574,847.9554,0.0386437334806108,1300,20,2,0,0,2700
rc_205.4.txt,27,AlwaysVND,1302926,2700,1,2645,2686,0,0,0,796.3728,796.3728,0.0472113298354966,0,0,58,7,0,2700
rc_205.4.txt,27,FB-CMPSO,1302926,2700,1,2323,2340,54.4266,0.151185,0,793.5288,847.9554,0.0434715373387511,1300,20,1,0,0,2700
rc_205.4.txt,27,RKPSO,1302927,2700,0,NaN,NaN,NaN,NaN,4209.5061,1035.9256,NaN,NaN,0,0,0,0,0,2700
rc_205.4.txt,27,LateOnly,1302927,2700,0,NaN,NaN,NaN,NaN,257.0735,830.6677,NaN,NaN,1508,23,0,0,0,2700
rc_205.4.txt,27,LateTo2Opt,1302927,2700,0,NaN,NaN,NaN,NaN,257.0735,830.6677,NaN,NaN,1508,23,0,0,0,2700
rc_205.4.txt,27,AlwaysVND,1302927,2700,0,NaN,NaN,NaN,NaN,697.1947,950.6317,NaN,NaN,0,0,46,11,1,2700
rc_205.4.txt,27,FB-CMPSO,1302927,2700,0,NaN,NaN,NaN,NaN,257.0735,830.6677,NaN,NaN,1508,23,0,0,0,2700
rc_205.4.txt,27,RKPSO,1302928,2700,0,NaN,NaN,NaN,NaN,3354.8905,947.1529,NaN,NaN,0,0,0,0,0,2700
rc_205.4.txt,27,LateOnly,1302928,2700,0,NaN,NaN,NaN,NaN,22.6054000000002,769.5894,NaN,NaN,1508,20,0,0,0,2700
rc_205.4.txt,27,LateTo2Opt,1302928,2700,0,NaN,NaN,NaN,NaN,22.6054000000002,769.5894,NaN,NaN,1508,20,0,0,0,2700
rc_205.4.txt,27,AlwaysVND,1302928,2700,0,NaN,NaN,NaN,NaN,170.0369,842.7842,NaN,NaN,0,0,41,14,2,2700
rc_205.4.txt,27,FB-CMPSO,1302928,2700,0,NaN,NaN,NaN,NaN,22.6054000000002,769.5894,NaN,NaN,1508,20,0,0,0,2700
rc_205.4.txt,27,RKPSO,1302929,2700,0,NaN,NaN,NaN,NaN,2922.5583,954.1864,NaN,NaN,0,0,0,0,0,2700
rc_205.4.txt,27,LateOnly,1302929,2700,0,NaN,NaN,NaN,NaN,82.7184999999999,835.6507,NaN,NaN,1508,18,0,0,0,2700
rc_205.4.txt,27,LateTo2Opt,1302929,2700,0,NaN,NaN,NaN,NaN,82.7184999999999,835.6507,NaN,NaN,1508,18,0,0,0,2700
rc_205.4.txt,27,AlwaysVND,1302929,2700,0,NaN,NaN,NaN,NaN,1137.3758,868.4461,NaN,NaN,0,0,37,11,3,2700
rc_205.4.txt,27,FB-CMPSO,1302929,2700,0,NaN,NaN,NaN,NaN,82.7184999999999,835.6507,NaN,NaN,1508,18,0,0,0,2700
rc_205.4.txt,27,RKPSO,1302930,2700,0,NaN,NaN,NaN,NaN,765.1976,881.9725,NaN,NaN,0,0,0,0,0,2700
rc_205.4.txt,27,LateOnly,1302930,2700,0,NaN,NaN,NaN,NaN,87.0755999999998,824.1801,NaN,NaN,1508,15,0,0,0,2700
rc_205.4.txt,27,LateTo2Opt,1302930,2700,0,NaN,NaN,NaN,NaN,87.0755999999998,824.1801,NaN,NaN,1508,15,0,0,0,2700
rc_205.4.txt,27,AlwaysVND,1302930,2700,0,NaN,NaN,NaN,NaN,15.3038999999999,832.8595,NaN,NaN,0,0,37,8,4,2700
rc_205.4.txt,27,FB-CMPSO,1302930,2700,0,NaN,NaN,NaN,NaN,87.0755999999998,824.1801,NaN,NaN,1508,15,0,0,0,2700
rc_206.1.txt,3,RKPSO,1303001,300,1,1,NaN,0,0,0,117.8479,117.8479,-1.78192617734294e-05,0,0,0,0,0,300
rc_206.1.txt,3,LateOnly,1303001,300,1,1,40,0,0,0,117.8479,117.8479,-1.78192617734294e-05,24,0,0,0,0,300
rc_206.1.txt,3,LateTo2Opt,1303001,300,1,1,40,0,0,0,117.8479,117.8479,-1.78192617734294e-05,0,0,0,0,0,300
rc_206.1.txt,3,AlwaysVND,1303001,300,1,1,40,0,0,0,117.8479,117.8479,-1.78192617734294e-05,0,0,0,0,0,300
rc_206.1.txt,3,FB-CMPSO,1303001,300,1,1,40,0,0,0,117.8479,117.8479,-1.78192617734294e-05,0,0,0,0,0,300
rc_206.1.txt,3,RKPSO,1303002,300,1,1,NaN,0,0,0,117.8479,118.6237,-1.78192617734294e-05,0,0,0,0,0,300
rc_206.1.txt,3,LateOnly,1303002,300,1,1,40,0,0,0,117.8479,118.6237,-1.78192617734294e-05,24,0,0,0,0,300
rc_206.1.txt,3,LateTo2Opt,1303002,300,1,1,40,0,0,0,117.8479,118.6237,-1.78192617734294e-05,0,0,0,0,0,300
rc_206.1.txt,3,AlwaysVND,1303002,300,1,1,40,0,0,0,117.8479,118.6237,-1.78192617734294e-05,0,0,0,0,0,300
rc_206.1.txt,3,FB-CMPSO,1303002,300,1,1,40,0,0,0,117.8479,118.6237,-1.78192617734294e-05,0,0,0,0,0,300
rc_206.1.txt,3,RKPSO,1303003,300,1,1,NaN,0,0,0,117.8479,125.2474,-1.78192617733088e-05,0,0,0,0,0,300
rc_206.1.txt,3,LateOnly,1303003,300,1,1,40,0,0,0,117.8479,125.2474,-1.78192617733088e-05,24,0,0,0,0,300
rc_206.1.txt,3,LateTo2Opt,1303003,300,1,1,40,0,0,0,117.8479,125.2474,-1.78192617733088e-05,0,0,0,0,0,300
rc_206.1.txt,3,AlwaysVND,1303003,300,1,1,40,0,0,0,117.8479,125.2474,-1.78192617733088e-05,0,0,0,0,0,300
rc_206.1.txt,3,FB-CMPSO,1303003,300,1,1,40,0,0,0,117.8479,125.2474,-1.78192617733088e-05,0,0,0,0,0,300
rc_206.1.txt,3,RKPSO,1303004,300,1,1,NaN,0,0,0,117.8479,125.2474,-1.78192617733088e-05,0,0,0,0,0,300
rc_206.1.txt,3,LateOnly,1303004,300,1,1,40,0,0,0,117.8479,125.2474,-1.78192617733088e-05,24,0,0,0,0,300
rc_206.1.txt,3,LateTo2Opt,1303004,300,1,1,40,0,0,0,117.8479,125.2474,-1.78192617733088e-05,0,0,0,0,0,300
rc_206.1.txt,3,AlwaysVND,1303004,300,1,1,40,0,0,0,117.8479,125.2474,-1.78192617733088e-05,0,0,0,0,0,300
rc_206.1.txt,3,FB-CMPSO,1303004,300,1,1,40,0,0,0,117.8479,125.2474,-1.78192617733088e-05,0,0,0,0,0,300
rc_206.1.txt,3,RKPSO,1303005,300,1,1,NaN,0,0,0,117.8479,118.6237,-1.78192617734294e-05,0,0,0,0,0,300
rc_206.1.txt,3,LateOnly,1303005,300,1,1,40,0,0,0,117.8479,118.6237,-1.78192617734294e-05,24,0,0,0,0,300
rc_206.1.txt,3,LateTo2Opt,1303005,300,1,1,40,0,0,0,117.8479,118.6237,-1.78192617734294e-05,0,0,0,0,0,300
rc_206.1.txt,3,AlwaysVND,1303005,300,1,1,40,0,0,0,117.8479,118.6237,-1.78192617734294e-05,0,0,0,0,0,300
rc_206.1.txt,3,FB-CMPSO,1303005,300,1,1,40,0,0,0,117.8479,118.6237,-1.78192617734294e-05,0,0,0,0,0,300
rc_206.1.txt,3,RKPSO,1303006,300,1,1,NaN,0,0,0,117.8479,117.8479,-1.78192617734294e-05,0,0,0,0,0,300
rc_206.1.txt,3,LateOnly,1303006,300,1,1,40,0,0,0,117.8479,117.8479,-1.78192617734294e-05,24,0,0,0,0,300
rc_206.1.txt,3,LateTo2Opt,1303006,300,1,1,40,0,0,0,117.8479,117.8479,-1.78192617734294e-05,0,0,0,0,0,300
rc_206.1.txt,3,AlwaysVND,1303006,300,1,1,40,0,0,0,117.8479,117.8479,-1.78192617734294e-05,0,0,0,0,0,300
rc_206.1.txt,3,FB-CMPSO,1303006,300,1,1,40,0,0,0,117.8479,117.8479,-1.78192617734294e-05,0,0,0,0,0,300
rc_206.1.txt,3,RKPSO,1303007,300,1,1,NaN,0,0,0,117.8479,117.8479,-1.78192617734294e-05,0,0,0,0,0,300
rc_206.1.txt,3,LateOnly,1303007,300,1,1,40,0,0,0,117.8479,117.8479,-1.78192617734294e-05,24,0,0,0,0,300
rc_206.1.txt,3,LateTo2Opt,1303007,300,1,1,40,0,0,0,117.8479,117.8479,-1.78192617734294e-05,0,0,0,0,0,300
rc_206.1.txt,3,AlwaysVND,1303007,300,1,1,40,0,0,0,117.8479,117.8479,-1.78192617734294e-05,0,0,0,0,0,300
rc_206.1.txt,3,FB-CMPSO,1303007,300,1,1,40,0,0,0,117.8479,117.8479,-1.78192617734294e-05,0,0,0,0,0,300
rc_206.1.txt,3,RKPSO,1303008,300,1,1,NaN,0,0,0,117.8479,118.6237,-1.78192617734294e-05,0,0,0,0,0,300
rc_206.1.txt,3,LateOnly,1303008,300,1,1,40,0,0,0,117.8479,118.6237,-1.78192617734294e-05,24,0,0,0,0,300
rc_206.1.txt,3,LateTo2Opt,1303008,300,1,1,40,0,0,0,117.8479,118.6237,-1.78192617734294e-05,0,0,0,0,0,300
rc_206.1.txt,3,AlwaysVND,1303008,300,1,1,40,0,0,0,117.8479,118.6237,-1.78192617734294e-05,0,0,0,0,0,300
rc_206.1.txt,3,FB-CMPSO,1303008,300,1,1,40,0,0,0,117.8479,118.6237,-1.78192617734294e-05,0,0,0,0,0,300
rc_206.1.txt,3,RKPSO,1303009,300,1,1,NaN,0,0,0,117.8479,125.2474,-1.78192617734294e-05,0,0,0,0,0,300
rc_206.1.txt,3,LateOnly,1303009,300,1,1,40,0,0,0,117.8479,125.2474,-1.78192617734294e-05,24,0,0,0,0,300
rc_206.1.txt,3,LateTo2Opt,1303009,300,1,1,40,0,0,0,117.8479,125.2474,-1.78192617734294e-05,0,0,0,0,0,300
rc_206.1.txt,3,AlwaysVND,1303009,300,1,1,40,0,0,0,117.8479,125.2474,-1.78192617734294e-05,0,0,0,0,0,300
rc_206.1.txt,3,FB-CMPSO,1303009,300,1,1,40,0,0,0,117.8479,125.2474,-1.78192617734294e-05,0,0,0,0,0,300
rc_206.1.txt,3,RKPSO,1303010,300,1,1,NaN,0,0,0,117.8479,118.6237,-1.78192617733088e-05,0,0,0,0,0,300
rc_206.1.txt,3,LateOnly,1303010,300,1,1,40,0,0,0,117.8479,118.6237,-1.78192617733088e-05,24,0,0,0,0,300
rc_206.1.txt,3,LateTo2Opt,1303010,300,1,1,40,0,0,0,117.8479,118.6237,-1.78192617733088e-05,0,0,0,0,0,300
rc_206.1.txt,3,AlwaysVND,1303010,300,1,1,40,0,0,0,117.8479,118.6237,-1.78192617733088e-05,0,0,0,0,0,300
rc_206.1.txt,3,FB-CMPSO,1303010,300,1,1,40,0,0,0,117.8479,118.6237,-1.78192617733088e-05,0,0,0,0,0,300
rc_206.1.txt,3,RKPSO,1303011,300,1,1,NaN,0,0,0,117.8479,125.2474,-1.78192617733088e-05,0,0,0,0,0,300
rc_206.1.txt,3,LateOnly,1303011,300,1,1,40,0,0,0,117.8479,125.2474,-1.78192617733088e-05,24,0,0,0,0,300
rc_206.1.txt,3,LateTo2Opt,1303011,300,1,1,40,0,0,0,117.8479,125.2474,-1.78192617733088e-05,0,0,0,0,0,300
rc_206.1.txt,3,AlwaysVND,1303011,300,1,1,40,0,0,0,117.8479,125.2474,-1.78192617733088e-05,0,0,0,0,0,300
rc_206.1.txt,3,FB-CMPSO,1303011,300,1,1,40,0,0,0,117.8479,125.2474,-1.78192617733088e-05,0,0,0,0,0,300
rc_206.1.txt,3,RKPSO,1303012,300,1,1,NaN,0,0,0,117.8479,125.2474,-1.78192617734294e-05,0,0,0,0,0,300
rc_206.1.txt,3,LateOnly,1303012,300,1,1,40,0,0,0,117.8479,125.2474,-1.78192617734294e-05,24,0,0,0,0,300
rc_206.1.txt,3,LateTo2Opt,1303012,300,1,1,40,0,0,0,117.8479,125.2474,-1.78192617734294e-05,0,0,0,0,0,300
rc_206.1.txt,3,AlwaysVND,1303012,300,1,1,40,0,0,0,117.8479,125.2474,-1.78192617734294e-05,0,0,0,0,0,300
rc_206.1.txt,3,FB-CMPSO,1303012,300,1,1,40,0,0,0,117.8479,125.2474,-1.78192617734294e-05,0,0,0,0,0,300
rc_206.1.txt,3,RKPSO,1303013,300,1,1,NaN,0,0,0,117.8479,125.2474,-1.78192617734294e-05,0,0,0,0,0,300
rc_206.1.txt,3,LateOnly,1303013,300,1,1,40,0,0,0,117.8479,125.2474,-1.78192617734294e-05,24,0,0,0,0,300
rc_206.1.txt,3,LateTo2Opt,1303013,300,1,1,40,0,0,0,117.8479,125.2474,-1.78192617734294e-05,0,0,0,0,0,300
rc_206.1.txt,3,AlwaysVND,1303013,300,1,1,40,0,0,0,117.8479,125.2474,-1.78192617734294e-05,0,0,0,0,0,300
rc_206.1.txt,3,FB-CMPSO,1303013,300,1,1,40,0,0,0,117.8479,125.2474,-1.78192617734294e-05,0,0,0,0,0,300
rc_206.1.txt,3,RKPSO,1303014,300,1,1,NaN,0,0,0,117.8479,125.2474,-1.78192617734294e-05,0,0,0,0,0,300
rc_206.1.txt,3,LateOnly,1303014,300,1,1,40,0,0,0,117.8479,125.2474,-1.78192617734294e-05,24,0,0,0,0,300
rc_206.1.txt,3,LateTo2Opt,1303014,300,1,1,40,0,0,0,117.8479,125.2474,-1.78192617734294e-05,0,0,0,0,0,300
rc_206.1.txt,3,AlwaysVND,1303014,300,1,1,40,0,0,0,117.8479,125.2474,-1.78192617734294e-05,0,0,0,0,0,300
rc_206.1.txt,3,FB-CMPSO,1303014,300,1,1,40,0,0,0,117.8479,125.2474,-1.78192617734294e-05,0,0,0,0,0,300
rc_206.1.txt,3,RKPSO,1303015,300,1,1,NaN,0,0,0,117.8479,125.2474,-1.78192617734294e-05,0,0,0,0,0,300
rc_206.1.txt,3,LateOnly,1303015,300,1,1,40,0,0,0,117.8479,125.2474,-1.78192617734294e-05,24,0,0,0,0,300
rc_206.1.txt,3,LateTo2Opt,1303015,300,1,1,40,0,0,0,117.8479,125.2474,-1.78192617734294e-05,0,0,0,0,0,300
rc_206.1.txt,3,AlwaysVND,1303015,300,1,1,40,0,0,0,117.8479,125.2474,-1.78192617734294e-05,0,0,0,0,0,300
rc_206.1.txt,3,FB-CMPSO,1303015,300,1,1,40,0,0,0,117.8479,125.2474,-1.78192617734294e-05,0,0,0,0,0,300
rc_206.1.txt,3,RKPSO,1303016,300,1,1,NaN,0,0,0,117.8479,118.6237,-1.78192617734294e-05,0,0,0,0,0,300
rc_206.1.txt,3,LateOnly,1303016,300,1,1,40,0,0,0,117.8479,118.6237,-1.78192617734294e-05,24,0,0,0,0,300
rc_206.1.txt,3,LateTo2Opt,1303016,300,1,1,40,0,0,0,117.8479,118.6237,-1.78192617734294e-05,0,0,0,0,0,300
rc_206.1.txt,3,AlwaysVND,1303016,300,1,1,40,0,0,0,117.8479,118.6237,-1.78192617734294e-05,0,0,0,0,0,300
rc_206.1.txt,3,FB-CMPSO,1303016,300,1,1,40,0,0,0,117.8479,118.6237,-1.78192617734294e-05,0,0,0,0,0,300
rc_206.1.txt,3,RKPSO,1303017,300,1,1,NaN,0,0,0,117.8479,117.8479,-1.78192617734294e-05,0,0,0,0,0,300
rc_206.1.txt,3,LateOnly,1303017,300,1,1,40,0,0,0,117.8479,117.8479,-1.78192617734294e-05,24,0,0,0,0,300
rc_206.1.txt,3,LateTo2Opt,1303017,300,1,1,40,0,0,0,117.8479,117.8479,-1.78192617734294e-05,0,0,0,0,0,300
rc_206.1.txt,3,AlwaysVND,1303017,300,1,1,40,0,0,0,117.8479,117.8479,-1.78192617734294e-05,0,0,0,0,0,300
rc_206.1.txt,3,FB-CMPSO,1303017,300,1,1,40,0,0,0,117.8479,117.8479,-1.78192617734294e-05,0,0,0,0,0,300
rc_206.1.txt,3,RKPSO,1303018,300,1,1,NaN,0,0,0,117.8479,117.8479,-1.78192617733088e-05,0,0,0,0,0,300
rc_206.1.txt,3,LateOnly,1303018,300,1,1,40,0,0,0,117.8479,117.8479,-1.78192617733088e-05,24,0,0,0,0,300
rc_206.1.txt,3,LateTo2Opt,1303018,300,1,1,40,0,0,0,117.8479,117.8479,-1.78192617733088e-05,0,0,0,0,0,300
rc_206.1.txt,3,AlwaysVND,1303018,300,1,1,40,0,0,0,117.8479,117.8479,-1.78192617733088e-05,0,0,0,0,0,300
rc_206.1.txt,3,FB-CMPSO,1303018,300,1,1,40,0,0,0,117.8479,117.8479,-1.78192617733088e-05,0,0,0,0,0,300
rc_206.1.txt,3,RKPSO,1303019,300,1,1,NaN,0,0,0,117.8479,117.8479,-1.78192617734294e-05,0,0,0,0,0,300
rc_206.1.txt,3,LateOnly,1303019,300,1,1,40,0,0,0,117.8479,117.8479,-1.78192617734294e-05,24,0,0,0,0,300
rc_206.1.txt,3,LateTo2Opt,1303019,300,1,1,40,0,0,0,117.8479,117.8479,-1.78192617734294e-05,0,0,0,0,0,300
rc_206.1.txt,3,AlwaysVND,1303019,300,1,1,40,0,0,0,117.8479,117.8479,-1.78192617734294e-05,0,0,0,0,0,300
rc_206.1.txt,3,FB-CMPSO,1303019,300,1,1,40,0,0,0,117.8479,117.8479,-1.78192617734294e-05,0,0,0,0,0,300
rc_206.1.txt,3,RKPSO,1303020,300,1,1,NaN,0,0,0,117.8479,118.6237,-1.78192617734294e-05,0,0,0,0,0,300
rc_206.1.txt,3,LateOnly,1303020,300,1,1,40,0,0,0,117.8479,118.6237,-1.78192617734294e-05,24,0,0,0,0,300
rc_206.1.txt,3,LateTo2Opt,1303020,300,1,1,40,0,0,0,117.8479,118.6237,-1.78192617734294e-05,0,0,0,0,0,300
rc_206.1.txt,3,AlwaysVND,1303020,300,1,1,40,0,0,0,117.8479,118.6237,-1.78192617734294e-05,0,0,0,0,0,300
rc_206.1.txt,3,FB-CMPSO,1303020,300,1,1,40,0,0,0,117.8479,118.6237,-1.78192617734294e-05,0,0,0,0,0,300
rc_206.1.txt,3,RKPSO,1303021,300,1,1,NaN,0,0,0,117.8479,125.2474,-1.78192617733088e-05,0,0,0,0,0,300
rc_206.1.txt,3,LateOnly,1303021,300,1,1,40,0,0,0,117.8479,125.2474,-1.78192617733088e-05,24,0,0,0,0,300
rc_206.1.txt,3,LateTo2Opt,1303021,300,1,1,40,0,0,0,117.8479,125.2474,-1.78192617733088e-05,0,0,0,0,0,300
rc_206.1.txt,3,AlwaysVND,1303021,300,1,1,40,0,0,0,117.8479,125.2474,-1.78192617733088e-05,0,0,0,0,0,300
rc_206.1.txt,3,FB-CMPSO,1303021,300,1,1,40,0,0,0,117.8479,125.2474,-1.78192617733088e-05,0,0,0,0,0,300
rc_206.1.txt,3,RKPSO,1303022,300,1,1,NaN,0,0,0,117.8479,118.6237,-1.78192617733088e-05,0,0,0,0,0,300
rc_206.1.txt,3,LateOnly,1303022,300,1,1,40,0,0,0,117.8479,118.6237,-1.78192617733088e-05,24,0,0,0,0,300
rc_206.1.txt,3,LateTo2Opt,1303022,300,1,1,40,0,0,0,117.8479,118.6237,-1.78192617733088e-05,0,0,0,0,0,300
rc_206.1.txt,3,AlwaysVND,1303022,300,1,1,40,0,0,0,117.8479,118.6237,-1.78192617733088e-05,0,0,0,0,0,300
rc_206.1.txt,3,FB-CMPSO,1303022,300,1,1,40,0,0,0,117.8479,118.6237,-1.78192617733088e-05,0,0,0,0,0,300
rc_206.1.txt,3,RKPSO,1303023,300,1,1,NaN,0,0,0,117.8479,117.8479,-1.78192617734294e-05,0,0,0,0,0,300
rc_206.1.txt,3,LateOnly,1303023,300,1,1,40,0,0,0,117.8479,117.8479,-1.78192617734294e-05,24,0,0,0,0,300
rc_206.1.txt,3,LateTo2Opt,1303023,300,1,1,40,0,0,0,117.8479,117.8479,-1.78192617734294e-05,0,0,0,0,0,300
rc_206.1.txt,3,AlwaysVND,1303023,300,1,1,40,0,0,0,117.8479,117.8479,-1.78192617734294e-05,0,0,0,0,0,300
rc_206.1.txt,3,FB-CMPSO,1303023,300,1,1,40,0,0,0,117.8479,117.8479,-1.78192617734294e-05,0,0,0,0,0,300
rc_206.1.txt,3,RKPSO,1303024,300,1,1,NaN,0,0,0,117.8479,118.6237,-1.78192617734294e-05,0,0,0,0,0,300
rc_206.1.txt,3,LateOnly,1303024,300,1,1,40,0,0,0,117.8479,118.6237,-1.78192617734294e-05,24,0,0,0,0,300
rc_206.1.txt,3,LateTo2Opt,1303024,300,1,1,40,0,0,0,117.8479,118.6237,-1.78192617734294e-05,0,0,0,0,0,300
rc_206.1.txt,3,AlwaysVND,1303024,300,1,1,40,0,0,0,117.8479,118.6237,-1.78192617734294e-05,0,0,0,0,0,300
rc_206.1.txt,3,FB-CMPSO,1303024,300,1,1,40,0,0,0,117.8479,118.6237,-1.78192617734294e-05,0,0,0,0,0,300
rc_206.1.txt,3,RKPSO,1303025,300,1,1,NaN,0,0,0,117.8479,117.8479,-1.78192617734294e-05,0,0,0,0,0,300
rc_206.1.txt,3,LateOnly,1303025,300,1,1,40,0,0,0,117.8479,117.8479,-1.78192617734294e-05,24,0,0,0,0,300
rc_206.1.txt,3,LateTo2Opt,1303025,300,1,1,40,0,0,0,117.8479,117.8479,-1.78192617734294e-05,0,0,0,0,0,300
rc_206.1.txt,3,AlwaysVND,1303025,300,1,1,40,0,0,0,117.8479,117.8479,-1.78192617734294e-05,0,0,0,0,0,300
rc_206.1.txt,3,FB-CMPSO,1303025,300,1,1,40,0,0,0,117.8479,117.8479,-1.78192617734294e-05,0,0,0,0,0,300
rc_206.1.txt,3,RKPSO,1303026,300,1,1,NaN,0,0,0,117.8479,117.8479,-1.78192617734294e-05,0,0,0,0,0,300
rc_206.1.txt,3,LateOnly,1303026,300,1,1,40,0,0,0,117.8479,117.8479,-1.78192617734294e-05,24,0,0,0,0,300
rc_206.1.txt,3,LateTo2Opt,1303026,300,1,1,40,0,0,0,117.8479,117.8479,-1.78192617734294e-05,0,0,0,0,0,300
rc_206.1.txt,3,AlwaysVND,1303026,300,1,1,40,0,0,0,117.8479,117.8479,-1.78192617734294e-05,0,0,0,0,0,300
rc_206.1.txt,3,FB-CMPSO,1303026,300,1,1,40,0,0,0,117.8479,117.8479,-1.78192617734294e-05,0,0,0,0,0,300
rc_206.1.txt,3,RKPSO,1303027,300,1,1,NaN,0,0,0,117.8479,118.6237,-1.78192617733088e-05,0,0,0,0,0,300
rc_206.1.txt,3,LateOnly,1303027,300,1,1,40,0,0,0,117.8479,118.6237,-1.78192617733088e-05,24,0,0,0,0,300
rc_206.1.txt,3,LateTo2Opt,1303027,300,1,1,40,0,0,0,117.8479,118.6237,-1.78192617733088e-05,0,0,0,0,0,300
rc_206.1.txt,3,AlwaysVND,1303027,300,1,1,40,0,0,0,117.8479,118.6237,-1.78192617733088e-05,0,0,0,0,0,300
rc_206.1.txt,3,FB-CMPSO,1303027,300,1,1,40,0,0,0,117.8479,118.6237,-1.78192617733088e-05,0,0,0,0,0,300
rc_206.1.txt,3,RKPSO,1303028,300,1,1,NaN,0,0,0,117.8479,125.2474,-1.78192617734294e-05,0,0,0,0,0,300
rc_206.1.txt,3,LateOnly,1303028,300,1,1,40,0,0,0,117.8479,125.2474,-1.78192617734294e-05,24,0,0,0,0,300
rc_206.1.txt,3,LateTo2Opt,1303028,300,1,1,40,0,0,0,117.8479,125.2474,-1.78192617734294e-05,0,0,0,0,0,300
rc_206.1.txt,3,AlwaysVND,1303028,300,1,1,40,0,0,0,117.8479,125.2474,-1.78192617734294e-05,0,0,0,0,0,300
rc_206.1.txt,3,FB-CMPSO,1303028,300,1,1,40,0,0,0,117.8479,125.2474,-1.78192617734294e-05,0,0,0,0,0,300
rc_206.1.txt,3,RKPSO,1303029,300,1,1,NaN,0,0,0,117.8479,125.2474,-1.78192617734294e-05,0,0,0,0,0,300
rc_206.1.txt,3,LateOnly,1303029,300,1,1,40,0,0,0,117.8479,125.2474,-1.78192617734294e-05,24,0,0,0,0,300
rc_206.1.txt,3,LateTo2Opt,1303029,300,1,1,40,0,0,0,117.8479,125.2474,-1.78192617734294e-05,0,0,0,0,0,300
rc_206.1.txt,3,AlwaysVND,1303029,300,1,1,40,0,0,0,117.8479,125.2474,-1.78192617734294e-05,0,0,0,0,0,300
rc_206.1.txt,3,FB-CMPSO,1303029,300,1,1,40,0,0,0,117.8479,125.2474,-1.78192617734294e-05,0,0,0,0,0,300
rc_206.1.txt,3,RKPSO,1303030,300,1,1,NaN,0,0,0,117.8479,118.6237,-1.78192617734294e-05,0,0,0,0,0,300
rc_206.1.txt,3,LateOnly,1303030,300,1,1,40,0,0,0,117.8479,118.6237,-1.78192617734294e-05,24,0,0,0,0,300
rc_206.1.txt,3,LateTo2Opt,1303030,300,1,1,40,0,0,0,117.8479,118.6237,-1.78192617734294e-05,0,0,0,0,0,300
rc_206.1.txt,3,AlwaysVND,1303030,300,1,1,40,0,0,0,117.8479,118.6237,-1.78192617734294e-05,0,0,0,0,0,300
rc_206.1.txt,3,FB-CMPSO,1303030,300,1,1,40,0,0,0,117.8479,118.6237,-1.78192617734294e-05,0,0,0,0,0,300
rc_206.2.txt,36,RKPSO,1303101,3600,0,NaN,NaN,NaN,NaN,10449.235,1107.4941,NaN,NaN,0,0,0,0,0,3600
rc_206.2.txt,36,LateOnly,1303101,3600,0,NaN,NaN,NaN,NaN,34.5442999999997,955.5187,NaN,NaN,2275,28,0,0,0,3600
rc_206.2.txt,36,LateTo2Opt,1303101,3600,0,NaN,NaN,NaN,NaN,34.5442999999997,955.5187,NaN,NaN,2275,28,0,0,0,3600
rc_206.2.txt,36,AlwaysVND,1303101,3600,0,NaN,NaN,NaN,NaN,936.129600000001,948.5056,NaN,NaN,0,0,55,7,2,3600
rc_206.2.txt,36,FB-CMPSO,1303101,3600,0,NaN,NaN,NaN,NaN,34.5442999999997,955.5187,NaN,NaN,2275,28,0,0,0,3600
rc_206.2.txt,36,RKPSO,1303102,3600,0,NaN,NaN,NaN,NaN,5238.2649,1095.5336,NaN,NaN,0,0,0,0,0,3600
rc_206.2.txt,36,LateOnly,1303102,3600,0,NaN,NaN,NaN,NaN,584.0615,976.9449,NaN,NaN,2275,29,0,0,0,3600
rc_206.2.txt,36,LateTo2Opt,1303102,3600,0,NaN,NaN,NaN,NaN,584.0615,976.9449,NaN,NaN,2275,29,0,0,0,3600
rc_206.2.txt,36,AlwaysVND,1303102,3600,0,NaN,NaN,NaN,NaN,1382.9975,1035.3782,NaN,NaN,0,0,57,12,1,3600
rc_206.2.txt,36,FB-CMPSO,1303102,3600,0,NaN,NaN,NaN,NaN,584.0615,976.9449,NaN,NaN,2275,29,0,0,0,3600
rc_206.2.txt,36,RKPSO,1303103,3600,0,NaN,NaN,NaN,NaN,4338.7731,1163.4474,NaN,NaN,0,0,0,0,0,3600
rc_206.2.txt,36,LateOnly,1303103,3600,0,NaN,NaN,NaN,NaN,422.6,1048.6005,NaN,NaN,2275,23,0,0,0,3600
rc_206.2.txt,36,LateTo2Opt,1303103,3600,0,NaN,NaN,NaN,NaN,422.6,1048.6005,NaN,NaN,2275,23,0,0,0,3600
rc_206.2.txt,36,AlwaysVND,1303103,3600,0,NaN,NaN,NaN,NaN,503.1785,878.4158,NaN,NaN,0,0,44,8,2,3600
rc_206.2.txt,36,FB-CMPSO,1303103,3600,0,NaN,NaN,NaN,NaN,422.6,1048.6005,NaN,NaN,2275,23,0,0,0,3600
rc_206.2.txt,36,RKPSO,1303104,3600,0,NaN,NaN,NaN,NaN,4590.5049,991.7929,NaN,NaN,0,0,0,0,0,3600
rc_206.2.txt,36,LateOnly,1303104,3600,0,NaN,NaN,NaN,NaN,281.867699999999,1024.0266,NaN,NaN,2275,20,0,0,0,3600
rc_206.2.txt,36,LateTo2Opt,1303104,3600,0,NaN,NaN,NaN,NaN,281.867699999999,1024.0266,NaN,NaN,2275,20,0,0,0,3600
rc_206.2.txt,36,AlwaysVND,1303104,3600,0,NaN,NaN,NaN,NaN,1446.639,943.6419,NaN,NaN,0,0,45,10,4,3600
rc_206.2.txt,36,FB-CMPSO,1303104,3600,0,NaN,NaN,NaN,NaN,281.867699999999,1024.0266,NaN,NaN,2275,20,0,0,0,3600
rc_206.2.txt,36,RKPSO,1303105,3600,0,NaN,NaN,NaN,NaN,5072.3628,1064.7571,NaN,NaN,0,0,0,0,0,3600
rc_206.2.txt,36,LateOnly,1303105,3600,0,NaN,NaN,NaN,NaN,336.9026,1023.9959,NaN,NaN,2275,26,0,0,0,3600
rc_206.2.txt,36,LateTo2Opt,1303105,3600,0,NaN,NaN,NaN,NaN,336.9026,1023.9959,NaN,NaN,2275,26,0,0,0,3600
rc_206.2.txt,36,AlwaysVND,1303105,3600,0,NaN,NaN,NaN,NaN,1682.5757,979.1881,NaN,NaN,0,0,58,7,1,3600
rc_206.2.txt,36,FB-CMPSO,1303105,3600,0,NaN,NaN,NaN,NaN,336.9026,1023.9959,NaN,NaN,2275,26,0,0,0,3600
rc_206.2.txt,36,RKPSO,1303106,3600,0,NaN,NaN,NaN,NaN,4781.4472,994.8306,NaN,NaN,0,0,0,0,0,3600
rc_206.2.txt,36,LateOnly,1303106,3600,0,NaN,NaN,NaN,NaN,539.0667,987.6103,NaN,NaN,2275,20,0,0,0,3600
rc_206.2.txt,36,LateTo2Opt,1303106,3600,0,NaN,NaN,NaN,NaN,539.0667,987.6103,NaN,NaN,2275,20,0,0,0,3600
rc_206.2.txt,36,AlwaysVND,1303106,3600,0,NaN,NaN,NaN,NaN,767.3005,959.0716,NaN,NaN,0,0,57,9,1,3600
rc_206.2.txt,36,FB-CMPSO,1303106,3600,0,NaN,NaN,NaN,NaN,539.0667,987.6103,NaN,NaN,2275,20,0,0,0,3600
rc_206.2.txt,36,RKPSO,1303107,3600,0,NaN,NaN,NaN,NaN,5608.9044,1146.3393,NaN,NaN,0,0,0,0,0,3600
rc_206.2.txt,36,LateOnly,1303107,3600,0,NaN,NaN,NaN,NaN,619.3708,1056.7668,NaN,NaN,2275,25,0,0,0,3600
rc_206.2.txt,36,LateTo2Opt,1303107,3600,0,NaN,NaN,NaN,NaN,619.3708,1056.7668,NaN,NaN,2275,25,0,0,0,3600
rc_206.2.txt,36,AlwaysVND,1303107,3600,0,NaN,NaN,NaN,NaN,85.5148999999996,914.3956,NaN,NaN,0,0,48,6,4,3600
rc_206.2.txt,36,FB-CMPSO,1303107,3600,0,NaN,NaN,NaN,NaN,619.3708,1056.7668,NaN,NaN,2275,25,0,0,0,3600
rc_206.2.txt,36,RKPSO,1303108,3600,0,NaN,NaN,NaN,NaN,3374.4375,1099.7111,NaN,NaN,0,0,0,0,0,3600
rc_206.2.txt,36,LateOnly,1303108,3600,0,NaN,NaN,NaN,NaN,433.4007,947.8821,NaN,NaN,2275,21,0,0,0,3600
rc_206.2.txt,36,LateTo2Opt,1303108,3600,0,NaN,NaN,NaN,NaN,433.4007,947.8821,NaN,NaN,2275,21,0,0,0,3600
rc_206.2.txt,36,AlwaysVND,1303108,3600,0,NaN,NaN,NaN,NaN,1660.1102,1051.4957,NaN,NaN,0,0,50,7,3,3600
rc_206.2.txt,36,FB-CMPSO,1303108,3600,0,NaN,NaN,NaN,NaN,433.4007,947.8821,NaN,NaN,2275,21,0,0,0,3600
rc_206.2.txt,36,RKPSO,1303109,3600,0,NaN,NaN,NaN,NaN,3463.0162,1057.3834,NaN,NaN,0,0,0,0,0,3600
rc_206.2.txt,36,LateOnly,1303109,3600,0,NaN,NaN,NaN,NaN,771.404500000001,1035.9095,NaN,NaN,2275,17,0,0,0,3600
rc_206.2.txt,36,LateTo2Opt,1303109,3600,0,NaN,NaN,NaN,NaN,771.404500000001,1035.9095,NaN,NaN,2275,17,0,0,0,3600
rc_206.2.txt,36,AlwaysVND,1303109,3600,0,NaN,NaN,NaN,NaN,625.833099999999,1022.9659,NaN,NaN,0,0,49,11,1,3600
rc_206.2.txt,36,FB-CMPSO,1303109,3600,0,NaN,NaN,NaN,NaN,771.404500000001,1035.9095,NaN,NaN,2275,17,0,0,0,3600
rc_206.2.txt,36,RKPSO,1303110,3600,0,NaN,NaN,NaN,NaN,4060.0806,1122.7726,NaN,NaN,0,0,0,0,0,3600
rc_206.2.txt,36,LateOnly,1303110,3600,0,NaN,NaN,NaN,NaN,114.265899999999,976.0343,NaN,NaN,2275,28,0,0,0,3600
rc_206.2.txt,36,LateTo2Opt,1303110,3600,0,NaN,NaN,NaN,NaN,114.265899999999,976.0343,NaN,NaN,2275,28,0,0,0,3600
rc_206.2.txt,36,AlwaysVND,1303110,3600,0,NaN,NaN,NaN,NaN,569.0908,954.1062,NaN,NaN,0,0,46,13,1,3600
rc_206.2.txt,36,FB-CMPSO,1303110,3600,0,NaN,NaN,NaN,NaN,114.265899999999,976.0343,NaN,NaN,2275,28,0,0,0,3600
rc_206.2.txt,36,RKPSO,1303111,3600,0,NaN,NaN,NaN,NaN,4294.9207,1055.7653,NaN,NaN,0,0,0,0,0,3600
rc_206.2.txt,36,LateOnly,1303111,3600,0,NaN,NaN,NaN,NaN,873.9055,1093.8132,NaN,NaN,2275,18,0,0,0,3600
rc_206.2.txt,36,LateTo2Opt,1303111,3600,0,NaN,NaN,NaN,NaN,873.9055,1093.8132,NaN,NaN,2275,18,0,0,0,3600
rc_206.2.txt,36,AlwaysVND,1303111,3600,0,NaN,NaN,NaN,NaN,1373.7187,1062.5041,NaN,NaN,0,0,47,11,3,3600
rc_206.2.txt,36,FB-CMPSO,1303111,3600,0,NaN,NaN,NaN,NaN,873.9055,1093.8132,NaN,NaN,2275,18,0,0,0,3600
rc_206.2.txt,36,RKPSO,1303112,3600,0,NaN,NaN,NaN,NaN,3626.8676,1207.4673,NaN,NaN,0,0,0,0,0,3600
rc_206.2.txt,36,LateOnly,1303112,3600,0,NaN,NaN,NaN,NaN,183.251599999999,945.3085,NaN,NaN,2275,22,0,0,0,3600
rc_206.2.txt,36,LateTo2Opt,1303112,3600,0,NaN,NaN,NaN,NaN,183.251599999999,945.3085,NaN,NaN,2275,22,0,0,0,3600
rc_206.2.txt,36,AlwaysVND,1303112,3600,0,NaN,NaN,NaN,NaN,491.4257,950.9125,NaN,NaN,0,0,51,6,2,3600
rc_206.2.txt,36,FB-CMPSO,1303112,3600,0,NaN,NaN,NaN,NaN,183.251599999999,945.3085,NaN,NaN,2275,22,0,0,0,3600
rc_206.2.txt,36,RKPSO,1303113,3600,0,NaN,NaN,NaN,NaN,5640.2588,1070.9624,NaN,NaN,0,0,0,0,0,3600
rc_206.2.txt,36,LateOnly,1303113,3600,0,NaN,NaN,NaN,NaN,511.2445,961.0671,NaN,NaN,2275,28,0,0,0,3600
rc_206.2.txt,36,LateTo2Opt,1303113,3600,0,NaN,NaN,NaN,NaN,511.2445,961.0671,NaN,NaN,2275,28,0,0,0,3600
rc_206.2.txt,36,AlwaysVND,1303113,3600,0,NaN,NaN,NaN,NaN,742.4318,1005.5121,NaN,NaN,0,0,63,7,1,3600
rc_206.2.txt,36,FB-CMPSO,1303113,3600,0,NaN,NaN,NaN,NaN,511.2445,961.0671,NaN,NaN,2275,28,0,0,0,3600
rc_206.2.txt,36,RKPSO,1303114,3600,0,NaN,NaN,NaN,NaN,5749.2212,1178.3958,NaN,NaN,0,0,0,0,0,3600
rc_206.2.txt,36,LateOnly,1303114,3600,0,NaN,NaN,NaN,NaN,478.903799999999,1051.4358,NaN,NaN,2275,26,0,0,0,3600
rc_206.2.txt,36,LateTo2Opt,1303114,3600,0,NaN,NaN,NaN,NaN,478.903799999999,1051.4358,NaN,NaN,2275,26,0,0,0,3600
rc_206.2.txt,36,AlwaysVND,1303114,3600,0,NaN,NaN,NaN,NaN,1234.3855,1107.3876,NaN,NaN,0,0,57,8,2,3600
rc_206.2.txt,36,FB-CMPSO,1303114,3600,0,NaN,NaN,NaN,NaN,478.903799999999,1051.4358,NaN,NaN,2275,26,0,0,0,3600
rc_206.2.txt,36,RKPSO,1303115,3600,0,NaN,NaN,NaN,NaN,8716.9682,1034.1711,NaN,NaN,0,0,0,0,0,3600
rc_206.2.txt,36,LateOnly,1303115,3600,0,NaN,NaN,NaN,NaN,571.7003,1012.8784,NaN,NaN,2275,21,0,0,0,3600
rc_206.2.txt,36,LateTo2Opt,1303115,3600,0,NaN,NaN,NaN,NaN,571.7003,1012.8784,NaN,NaN,2275,21,0,0,0,3600
rc_206.2.txt,36,AlwaysVND,1303115,3600,0,NaN,NaN,NaN,NaN,1162.4801,1004.1916,NaN,NaN,0,0,58,10,1,3600
rc_206.2.txt,36,FB-CMPSO,1303115,3600,0,NaN,NaN,NaN,NaN,571.7003,1012.8784,NaN,NaN,2275,21,0,0,0,3600
rc_206.2.txt,36,RKPSO,1303116,3600,0,NaN,NaN,NaN,NaN,6786.0952,1134.8404,NaN,NaN,0,0,0,0,0,3600
rc_206.2.txt,36,LateOnly,1303116,3600,0,NaN,NaN,NaN,NaN,277.094,995.4097,NaN,NaN,2275,32,0,0,0,3600
rc_206.2.txt,36,LateTo2Opt,1303116,3600,0,NaN,NaN,NaN,NaN,277.094,995.4097,NaN,NaN,2275,32,0,0,0,3600
rc_206.2.txt,36,AlwaysVND,1303116,3600,0,NaN,NaN,NaN,NaN,592.1807,1006.9338,NaN,NaN,0,0,60,8,0,3600
rc_206.2.txt,36,FB-CMPSO,1303116,3600,0,NaN,NaN,NaN,NaN,277.094,995.4097,NaN,NaN,2275,32,0,0,0,3600
rc_206.2.txt,36,RKPSO,1303117,3600,0,NaN,NaN,NaN,NaN,4315.1648,1164.553,NaN,NaN,0,0,0,0,0,3600
rc_206.2.txt,36,LateOnly,1303117,3600,0,NaN,NaN,NaN,NaN,231.9613,1020.8976,NaN,NaN,2275,27,0,0,0,3600
rc_206.2.txt,36,LateTo2Opt,1303117,3600,0,NaN,NaN,NaN,NaN,231.9613,1020.8976,NaN,NaN,2275,27,0,0,0,3600
rc_206.2.txt,36,AlwaysVND,1303117,3600,0,NaN,NaN,NaN,NaN,671.0377,1001.9469,NaN,NaN,0,0,72,3,1,3600
rc_206.2.txt,36,FB-CMPSO,1303117,3600,0,NaN,NaN,NaN,NaN,231.9613,1020.8976,NaN,NaN,2275,27,0,0,0,3600
rc_206.2.txt,36,RKPSO,1303118,3600,0,NaN,NaN,NaN,NaN,4871.5993,1071.867,NaN,NaN,0,0,0,0,0,3600
rc_206.2.txt,36,LateOnly,1303118,3600,0,NaN,NaN,NaN,NaN,547.055,1042.9319,NaN,NaN,2275,24,0,0,0,3600
rc_206.2.txt,36,LateTo2Opt,1303118,3600,0,NaN,NaN,NaN,NaN,547.055,1042.9319,NaN,NaN,2275,24,0,0,0,3600
rc_206.2.txt,36,AlwaysVND,1303118,3600,0,NaN,NaN,NaN,NaN,917.9511,1032.6668,NaN,NaN,0,0,63,7,1,3600
rc_206.2.txt,36,FB-CMPSO,1303118,3600,0,NaN,NaN,NaN,NaN,547.055,1042.9319,NaN,NaN,2275,24,0,0,0,3600
rc_206.2.txt,36,RKPSO,1303119,3600,0,NaN,NaN,NaN,NaN,3394.5239,1026.2645,NaN,NaN,0,0,0,0,0,3600
rc_206.2.txt,36,LateOnly,1303119,3600,0,NaN,NaN,NaN,NaN,44.4977999999999,952.6733,NaN,NaN,2275,25,0,0,0,3600
rc_206.2.txt,36,LateTo2Opt,1303119,3600,0,NaN,NaN,NaN,NaN,44.4977999999999,952.6733,NaN,NaN,2275,25,0,0,0,3600
rc_206.2.txt,36,AlwaysVND,1303119,3600,0,NaN,NaN,NaN,NaN,742.4833,943.5409,NaN,NaN,0,0,46,8,2,3600
rc_206.2.txt,36,FB-CMPSO,1303119,3600,0,NaN,NaN,NaN,NaN,44.4977999999999,952.6733,NaN,NaN,2275,25,0,0,0,3600
rc_206.2.txt,36,RKPSO,1303120,3600,0,NaN,NaN,NaN,NaN,5366.8343,1106.4724,NaN,NaN,0,0,0,0,0,3600
rc_206.2.txt,36,LateOnly,1303120,3600,0,NaN,NaN,NaN,NaN,537.4587,973.8927,NaN,NaN,2275,29,0,0,0,3600
rc_206.2.txt,36,LateTo2Opt,1303120,3600,0,NaN,NaN,NaN,NaN,537.4587,973.8927,NaN,NaN,2275,29,0,0,0,3600
rc_206.2.txt,36,AlwaysVND,1303120,3600,0,NaN,NaN,NaN,NaN,368.0528,922.8289,NaN,NaN,0,0,50,9,3,3600
rc_206.2.txt,36,FB-CMPSO,1303120,3600,0,NaN,NaN,NaN,NaN,537.4587,973.8927,NaN,NaN,2275,29,0,0,0,3600
rc_206.2.txt,36,RKPSO,1303121,3600,0,NaN,NaN,NaN,NaN,6209.0218,1123.4389,NaN,NaN,0,0,0,0,0,3600
rc_206.2.txt,36,LateOnly,1303121,3600,0,NaN,NaN,NaN,NaN,812.440200000001,1047.2611,NaN,NaN,2275,24,0,0,0,3600
rc_206.2.txt,36,LateTo2Opt,1303121,3600,0,NaN,NaN,NaN,NaN,812.440200000001,1047.2611,NaN,NaN,2275,24,0,0,0,3600
rc_206.2.txt,36,AlwaysVND,1303121,3600,0,NaN,NaN,NaN,NaN,689.5869,931.4445,NaN,NaN,0,0,56,7,2,3600
rc_206.2.txt,36,FB-CMPSO,1303121,3600,0,NaN,NaN,NaN,NaN,812.440200000001,1047.2611,NaN,NaN,2275,24,0,0,0,3600
rc_206.2.txt,36,RKPSO,1303122,3600,0,NaN,NaN,NaN,NaN,4603.8537,1120.1788,NaN,NaN,0,0,0,0,0,3600
rc_206.2.txt,36,LateOnly,1303122,3600,0,NaN,NaN,NaN,NaN,110.7889,939.1744,NaN,NaN,2275,20,0,0,0,3600
rc_206.2.txt,36,LateTo2Opt,1303122,3600,0,NaN,NaN,NaN,NaN,110.7889,939.1744,NaN,NaN,2275,20,0,0,0,3600
rc_206.2.txt,36,AlwaysVND,1303122,3600,0,NaN,NaN,NaN,NaN,394.5155,967.3408,NaN,NaN,0,0,60,4,2,3600
rc_206.2.txt,36,FB-CMPSO,1303122,3600,0,NaN,NaN,NaN,NaN,110.7889,939.1744,NaN,NaN,2275,20,0,0,0,3600
rc_206.2.txt,36,RKPSO,1303123,3600,0,NaN,NaN,NaN,NaN,3519.3931,1090.0906,NaN,NaN,0,0,0,0,0,3600
rc_206.2.txt,36,LateOnly,1303123,3600,0,NaN,NaN,NaN,NaN,157.208199999999,934.9174,NaN,NaN,2275,23,0,0,0,3600
rc_206.2.txt,36,LateTo2Opt,1303123,3600,0,NaN,NaN,NaN,NaN,157.208199999999,934.9174,NaN,NaN,2275,23,0,0,0,3600
rc_206.2.txt,36,AlwaysVND,1303123,3600,0,NaN,NaN,NaN,NaN,1257.7391,1041.8939,NaN,NaN,0,0,50,8,0,3600
rc_206.2.txt,36,FB-CMPSO,1303123,3600,0,NaN,NaN,NaN,NaN,157.208199999999,934.9174,NaN,NaN,2275,23,0,0,0,3600
rc_206.2.txt,36,RKPSO,1303124,3600,0,NaN,NaN,NaN,NaN,2147.1908,1061.7199,NaN,NaN,0,0,0,0,0,3600
rc_206.2.txt,36,LateOnly,1303124,3600,0,NaN,NaN,NaN,NaN,208.718599999998,951.8666,NaN,NaN,2275,31,0,0,0,3600
rc_206.2.txt,36,LateTo2Opt,1303124,3600,0,NaN,NaN,NaN,NaN,208.718599999998,951.8666,NaN,NaN,2275,31,0,0,0,3600
rc_206.2.txt,36,AlwaysVND,1303124,3600,0,NaN,NaN,NaN,NaN,2027.3934,988.1541,NaN,NaN,0,0,52,10,1,3600
rc_206.2.txt,36,FB-CMPSO,1303124,3600,0,NaN,NaN,NaN,NaN,208.718599999998,951.8666,NaN,NaN,2275,31,0,0,0,3600
rc_206.2.txt,36,RKPSO,1303125,3600,0,NaN,NaN,NaN,NaN,4535.3232,1128.167,NaN,NaN,0,0,0,0,0,3600
rc_206.2.txt,36,LateOnly,1303125,3600,0,NaN,NaN,NaN,NaN,556.936500000001,1084.4633,NaN,NaN,2275,26,0,0,0,3600
rc_206.2.txt,36,LateTo2Opt,1303125,3600,0,NaN,NaN,NaN,NaN,556.936500000001,1084.4633,NaN,NaN,2275,26,0,0,0,3600
rc_206.2.txt,36,AlwaysVND,1303125,3600,0,NaN,NaN,NaN,NaN,256.0468,914.0443,NaN,NaN,0,0,47,15,2,3600
rc_206.2.txt,36,FB-CMPSO,1303125,3600,0,NaN,NaN,NaN,NaN,556.936500000001,1084.4633,NaN,NaN,2275,26,0,0,0,3600
rc_206.2.txt,36,RKPSO,1303126,3600,0,NaN,NaN,NaN,NaN,7454.5045,1088.6286,NaN,NaN,0,0,0,0,0,3600
rc_206.2.txt,36,LateOnly,1303126,3600,0,NaN,NaN,NaN,NaN,33.1718999999997,914.716,NaN,NaN,2275,21,0,0,0,3600
rc_206.2.txt,36,LateTo2Opt,1303126,3600,0,NaN,NaN,NaN,NaN,33.1718999999997,914.716,NaN,NaN,2275,21,0,0,0,3600
rc_206.2.txt,36,AlwaysVND,1303126,3600,0,NaN,NaN,NaN,NaN,1215.3019,1007.111,NaN,NaN,0,0,46,10,2,3600
rc_206.2.txt,36,FB-CMPSO,1303126,3600,0,NaN,NaN,NaN,NaN,33.1718999999997,914.716,NaN,NaN,2275,21,0,0,0,3600
rc_206.2.txt,36,RKPSO,1303127,3600,0,NaN,NaN,NaN,NaN,6303.2217,1065.2167,NaN,NaN,0,0,0,0,0,3600
rc_206.2.txt,36,LateOnly,1303127,3600,0,NaN,NaN,NaN,NaN,307.4465,988.487,NaN,NaN,2275,22,0,0,0,3600
rc_206.2.txt,36,LateTo2Opt,1303127,3600,0,NaN,NaN,NaN,NaN,307.4465,988.487,NaN,NaN,2275,22,0,0,0,3600
rc_206.2.txt,36,AlwaysVND,1303127,3600,0,NaN,NaN,NaN,NaN,1496.0906,1050.6098,NaN,NaN,0,0,54,7,3,3600
rc_206.2.txt,36,FB-CMPSO,1303127,3600,0,NaN,NaN,NaN,NaN,307.4465,988.487,NaN,NaN,2275,22,0,0,0,3600
rc_206.2.txt,36,RKPSO,1303128,3600,0,NaN,NaN,NaN,NaN,3655.7982,1140.2823,NaN,NaN,0,0,0,0,0,3600
rc_206.2.txt,36,LateOnly,1303128,3600,0,NaN,NaN,NaN,NaN,1593.6331,1020.3793,NaN,NaN,2275,17,0,0,0,3600
rc_206.2.txt,36,LateTo2Opt,1303128,3600,0,NaN,NaN,NaN,NaN,1593.6331,1020.3793,NaN,NaN,2275,17,0,0,0,3600
rc_206.2.txt,36,AlwaysVND,1303128,3600,0,NaN,NaN,NaN,NaN,1614.9607,966.526,NaN,NaN,0,0,55,8,1,3600
rc_206.2.txt,36,FB-CMPSO,1303128,3600,0,NaN,NaN,NaN,NaN,1593.6331,1020.3793,NaN,NaN,2275,17,0,0,0,3600
rc_206.2.txt,36,RKPSO,1303129,3600,0,NaN,NaN,NaN,NaN,3774.5524,1143.6967,NaN,NaN,0,0,0,0,0,3600
rc_206.2.txt,36,LateOnly,1303129,3600,0,NaN,NaN,NaN,NaN,1518.5533,1165.3469,NaN,NaN,2275,16,0,0,0,3600
rc_206.2.txt,36,LateTo2Opt,1303129,3600,0,NaN,NaN,NaN,NaN,1518.5533,1165.3469,NaN,NaN,2275,16,0,0,0,3600
rc_206.2.txt,36,AlwaysVND,1303129,3600,0,NaN,NaN,NaN,NaN,835.6463,922.7029,NaN,NaN,0,0,60,8,0,3600
rc_206.2.txt,36,FB-CMPSO,1303129,3600,0,NaN,NaN,NaN,NaN,1518.5533,1165.3469,NaN,NaN,2275,16,0,0,0,3600
rc_206.2.txt,36,RKPSO,1303130,3600,0,NaN,NaN,NaN,NaN,5369.2919,1132.7956,NaN,NaN,0,0,0,0,0,3600
rc_206.2.txt,36,LateOnly,1303130,3600,0,NaN,NaN,NaN,NaN,357.9748,1023.0943,NaN,NaN,2275,23,0,0,0,3600
rc_206.2.txt,36,LateTo2Opt,1303130,3600,0,NaN,NaN,NaN,NaN,357.9748,1023.0943,NaN,NaN,2275,23,0,0,0,3600
rc_206.2.txt,36,AlwaysVND,1303130,3600,0,NaN,NaN,NaN,NaN,847.8718,945.1467,NaN,NaN,0,0,32,6,6,3600
rc_206.2.txt,36,FB-CMPSO,1303130,3600,0,NaN,NaN,NaN,NaN,357.9748,1023.0943,NaN,NaN,2275,23,0,0,0,3600
rc_206.3.txt,24,RKPSO,1303201,2400,0,NaN,NaN,NaN,NaN,1233.3732,757.8478,NaN,NaN,0,0,0,0,0,2400
rc_206.3.txt,24,LateOnly,1303201,2400,1,1315,1330,22.6681999999998,0.0211852336448597,0,675.9269,698.5951,0.17671198774416,1265,17,0,0,0,2400
rc_206.3.txt,24,LateTo2Opt,1303201,2400,1,1315,1330,49.5712999999998,0.0463283177570092,0,649.0238,698.5951,0.129876745238676,690,15,6,0,0,2400
rc_206.3.txt,24,AlwaysVND,1303201,2400,1,1760,1820,55.4309999999999,0.0955706896551723,0,629.7121,685.1431,0.0962572682009679,0,0,39,7,2,2400
rc_206.3.txt,24,FB-CMPSO,1303201,2400,1,1315,1330,57.8519999999999,0.054067289719626,0,640.7431,698.5951,0.115460986734446,690,15,2,1,3,2400
rc_206.3.txt,24,RKPSO,1303202,2400,0,NaN,NaN,NaN,NaN,207.5471,707.2914,NaN,NaN,0,0,0,0,0,2400
rc_206.3.txt,24,LateOnly,1303202,2400,1,600,642,78.5415999999999,0.0446766780432309,0,585.0232,676.8815,0.0184589673061525,1265,27,0,0,0,2400
rc_206.3.txt,24,LateTo2Opt,1303202,2400,1,600,642,89.1467,0.0507091581342435,0,574.4181,676.8815,-3.30768427279309e-06,322,14,10,0,0,2400
rc_206.3.txt,24,AlwaysVND,1303202,2400,1,1059,1108,61.7635,0.0478045665634675,0,599.1517,660.9152,0.0430550816475748,0,0,27,7,0,2400
rc_206.3.txt,24,FB-CMPSO,1303202,2400,1,600,642,89.1467,0.0507091581342435,0,574.4181,676.8815,-3.30768427279309e-06,322,14,4,3,3,2400
rc_206.3.txt,24,RKPSO,1303203,2400,0,NaN,NaN,NaN,NaN,1188.2133,710.4532,NaN,NaN,0,0,0,0,0,2400
rc_206.3.txt,24,LateOnly,1303203,2400,1,607,642,112.6973,0.0641054038680318,0,625.999,759.1018,0.0897931826886252,1265,20,0,0,0,2400
rc_206.3.txt,24,LateTo2Opt,1303203,2400,1,607,642,147.8492,0.0841007963594994,0,590.8471,759.1018,0.0285977159569655,322,14,13,0,0,2400
rc_206.3.txt,24,AlwaysVND,1303203,2400,1,1947,1998,64.0155000000001,0.159242537313433,0,650.0564,714.0719,0.131674384596637,0,0,45,8,1,2400
rc_206.3.txt,24,FB-CMPSO,1303203,2400,1,607,642,148.4877,0.0844639931740614,0,590.2086,759.1018,0.027486159952648,322,14,6,1,3,2400
rc_206.3.txt,24,RKPSO,1303204,2400,0,NaN,NaN,NaN,NaN,1426.9643,734.8239,NaN,NaN,0,0,0,0,0,2400
rc_206.3.txt,24,LateOnly,1303204,2400,1,1170,1201,123.8542,0.103297914929107,0,637.194,761.2446,0.109282406601442,1265,21,0,0,0,2400
rc_206.3.txt,24,LateTo2Opt,1303204,2400,1,1170,1201,132.7985,0.110757714762302,0,628.2497,761.2446,0.0937113958427633,621,16,9,0,0,2400
rc_206.3.txt,24,AlwaysVND,1303204,2400,0,NaN,NaN,NaN,NaN,18.1582,690.1048,NaN,NaN,0,0,36,8,4,2400
rc_206.3.txt,24,FB-CMPSO,1303204,2400,1,1170,1201,153.3646,0.127910425354462,0,607.6836,761.2446,0.0579081508304028,621,16,7,4,3,2400
rc_206.3.txt,24,RKPSO,1303205,2400,0,NaN,NaN,NaN,NaN,392.5967,733.7841,NaN,NaN,0,0,0,0,0,2400
rc_206.3.txt,24,LateOnly,1303205,2400,0,NaN,NaN,NaN,NaN,2.76249999999999,727.2782,NaN,NaN,1265,17,0,0,0,2400
rc_206.3.txt,24,LateTo2Opt,1303205,2400,0,NaN,NaN,NaN,NaN,2.76249999999999,727.2782,NaN,NaN,1265,17,0,0,0,2400
rc_206.3.txt,24,AlwaysVND,1303205,2400,1,1764,1820,30.2019,0.0520722413793104,0,608.123,638.3249,0.0586730963406568,0,0,44,5,2,2400
rc_206.3.txt,24,FB-CMPSO,1303205,2400,0,NaN,NaN,NaN,NaN,2.76249999999999,727.2782,NaN,NaN,1265,17,0,0,0,2400
rc_206.3.txt,24,RKPSO,1303206,2400,0,NaN,NaN,NaN,NaN,302.9533,793.2996,NaN,NaN,0,0,0,0,0,2400
rc_206.3.txt,24,LateOnly,1303206,2400,1,1295,1330,26.3692,0.0246441121495327,0,673.4824,733.252,0.172456390794193,1265,16,0,0,0,2400
rc_206.3.txt,24,LateTo2Opt,1303206,2400,1,1295,1330,17.6242,0.016471214953271,0,682.2274,733.252,0.187680442881516,690,14,3,0,0,2400
rc_206.3.txt,24,AlwaysVND,1303206,2400,1,1331,1375,123.0547,0.120053365853659,0,683.3419,806.3966,0.1896206608405,0,0,37,11,1,2400
rc_206.3.txt,24,FB-CMPSO,1303206,2400,1,1295,1330,27.1719000000001,0.0253942990654206,0,672.6797,733.252,0.171058981233244,690,14,3,2,1,2400
rc_206.3.txt,24,RKPSO,1303207,2400,0,NaN,NaN,NaN,NaN,1272.7561,684.3947,NaN,NaN,0,0,0,0,0,2400
rc_206.3.txt,24,LateOnly,1303207,2400,1,603,642,143.7351,0.0817605802047782,0,578.5793,722.3144,0.00724086905052058,1265,23,0,0,0,2400
rc_206.3.txt,24,LateTo2Opt,1303207,2400,1,603,642,126.3329,0.0718617178612058,0,595.9815,722.3144,0.0375361233940325,322,14,6,0,0,2400
rc_206.3.txt,24,AlwaysVND,1303207,2400,1,1065,1108,70.2206000000001,0.0543503095975233,0,592.6536,662.8742,0.0317426273458445,0,0,24,4,2,2400
rc_206.3.txt,24,FB-CMPSO,1303207,2400,1,603,642,147.8963,0.0841275881683732,0,574.4181,722.3144,-3.30768427279309e-06,322,14,7,5,2,2400
rc_206.3.txt,24,RKPSO,1303208,2400,0,NaN,NaN,NaN,NaN,1821.0759,802.9806,NaN,NaN,0,0,0,0,0,2400
rc_206.3.txt,24,LateOnly,1303208,2400,1,731,771,112.7963,0.0692426642111725,0,657.8506,776.438,0.145243201838376,1265,24,0,0,0,2400
rc_206.3.txt,24,LateTo2Opt,1303208,2400,1,731,771,155.5042,0.0954599140577041,0,615.1427,776.438,0.0708935970196026,391,17,9,0,0,2400
rc_206.3.txt,24,AlwaysVND,1303208,2400,1,874,930,80.0894,0.0544825850340136,0,633.4366,713.526,0.102741199818948,0,0,29,6,2,2400
rc_206.3.txt,24,FB-CMPSO,1303208,2400,1,731,771,95.8157,0.0588187231430325,0,674.8312,776.438,0.174804498450611,391,17,2,2,3,2400
rc_206.3.txt,24,RKPSO,1303209,2400,0,NaN,NaN,NaN,NaN,1594.9024,743.6012,NaN,NaN,0,0,0,0,0,2400
rc_206.3.txt,24,LateOnly,1303209,2400,1,493,513,201.8225,0.106954160042395,0,644.971,846.7935,0.12282128059608,1265,19,0,0,0,2400
rc_206.3.txt,24,LateTo2Opt,1303209,2400,1,493,513,266.0177,0.140973873873874,0,580.7758,846.7935,0.01106472615856,253,11,12,0,0,2400
rc_206.3.txt,24,AlwaysVND,1303209,2400,1,2094,2176,2.24429999999995,0.0100191964285712,0,684.3057,735.065,0.191298527210056,0,0,33,9,4,2400
rc_206.3.txt,24,FB-CMPSO,1303209,2400,1,493,513,263.0739,0.139413831478537,0,583.7196,846.7935,0.0161895477176979,253,11,10,5,4,2400
rc_206.3.txt,24,RKPSO,1303210,2400,0,NaN,NaN,NaN,NaN,535.0356,716.323,NaN,NaN,0,0,0,0,0,2400
rc_206.3.txt,24,LateOnly,1303210,2400,1,738,771,151.6478,0.0930925721301413,0,647.3798,799.8497,0.127014727899446,1265,29,0,0,0,2400
rc_206.3.txt,24,LateTo2Opt,1303210,2400,1,738,771,188.0941,0.11546599140577,0,610.9335,799.8497,0.0635658577347586,391,17,11,0,0,2400
rc_206.3.txt,24,AlwaysVND,1303210,2400,1,1290,1375,103.3876,0.100865951219512,0,575.7217,689.0524,0.00226611190418178,0,0,39,2,2,2400
rc_206.3.txt,24,FB-CMPSO,1303210,2400,1,738,771,207.3215,0.127269183548189,0,591.7061,799.8497,0.0300931374255772,391,17,14,3,2,2400
rc_206.3.txt,24,RKPSO,1303211,2400,0,NaN,NaN,NaN,NaN,1568.8326,722.2084,NaN,NaN,0,0,0,0,0,2400
rc_206.3.txt,24,LateOnly,1303211,2400,1,1838,1846,36.5007000000001,0.0658857400722023,0,686.2637,724.6951,0.194707182897532,1265,17,0,0,0,2400
rc_206.3.txt,24,LateTo2Opt,1303211,2400,1,1838,1846,37.3387,0.0673983754512636,0,685.4257,724.6951,0.193248320044567,966,15,4,0,0,2400
rc_206.3.txt,24,AlwaysVND,1303211,2400,1,962,1019,95.6387999999998,0.0692532947139753,0,612.4141,718.0608,0.0661434142265245,0,0,30,4,3,2400
rc_206.3.txt,24,FB-CMPSO,1303211,2400,1,1838,1846,97.9373000000002,0.176782129963899,0,624.8271,724.6951,0.0877530378468719,966,15,7,0,1,2400
rc_206.3.txt,24,RKPSO,1303212,2400,0,NaN,NaN,NaN,NaN,709.2968,743.1011,NaN,NaN,0,0,0,0,0,2400
rc_206.3.txt,24,LateOnly,1303212,2400,1,2019,2061,7.53160000000003,0.0222171091445428,0,748.8312,756.3628,0.30363009644511,1265,19,0,0,0,2400
rc_206.3.txt,24,LateTo2Opt,1303212,2400,1,2019,2061,59.8499,0.176548377581121,0,696.5129,756.3628,0.212549876397061,1081,17,4,0,0,2400
rc_206.3.txt,24,AlwaysVND,1303212,2400,1,869,930,71.5153999999999,0.048649931972789,0,602.0213,673.5367,0.0480507294314267,0,0,31,6,0,2400
rc_206.3.txt,24,FB-CMPSO,1303212,2400,1,2019,2061,82.4362,0.243174631268437,0,673.9266,756.3628,0.173229692559451,1081,17,4,0,1,2400
rc_206.3.txt,24,RKPSO,1303213,2400,0,NaN,NaN,NaN,NaN,661.7765,703.3084,NaN,NaN,0,0,0,0,0,2400
rc_206.3.txt,24,LateOnly,1303213,2400,1,567,599,126.7652,0.0703860077734591,0,666.8312,793.5964,0.16087740677553,1265,22,0,0,0,2400
rc_206.3.txt,24,LateTo2Opt,1303213,2400,1,567,599,171.5986,0.0952796224319821,0,621.9978,793.5964,0.0828275477873338,299,13,11,0,0,2400
rc_206.3.txt,24,AlwaysVND,1303213,2400,1,1558,1642,108.5256,0.143173614775726,0,577.6023,686.1279,0.00554002297970136,0,0,45,7,0,2400
rc_206.3.txt,24,FB-CMPSO,1303213,2400,1,567,599,191.6676,0.1064228761799,0,601.9288,793.5964,0.0478896974339335,299,13,5,2,8,2400
rc_206.3.txt,24,RKPSO,1303214,2400,0,NaN,NaN,NaN,NaN,945.7492,725.2766,NaN,NaN,0,0,0,0,0,2400
rc_206.3.txt,24,LateOnly,1303214,2400,1,1358,1373,51.3711000000001,0.0500205452775074,0,684.6205,738.4684,0.19184655826747,1265,22,0,0,0,2400
rc_206.3.txt,24,LateTo2Opt,1303214,2400,1,1358,1373,82.7548,0.0805791626095424,0,653.2368,738.4684,0.137211099892065,713,16,7,0,0,2400
rc_206.3.txt,24,AlwaysVND,1303214,2400,1,1430,1464,68.7842000000001,0.0734873931623932,0,628.4918,697.276,0.0941328644545802,0,0,31,8,4,2400
rc_206.3.txt,24,FB-CMPSO,1303214,2400,1,1358,1373,88.9155000000002,0.0865778967867577,0,647.0761,738.4684,0.126486020681731,713,16,11,0,1,2400
rc_206.3.txt,24,RKPSO,1303215,2400,0,NaN,NaN,NaN,NaN,690.927400000001,631.3837,NaN,NaN,0,0,0,0,0,2400
rc_206.3.txt,24,LateOnly,1303215,2400,1,1930,1932,33.5740000000001,0.0717393162393164,0,689.8124,723.3864,0.200885066675952,1265,20,0,0,0,2400
rc_206.3.txt,24,LateTo2Opt,1303215,2400,1,1930,1932,13.0787000000001,0.0279459401709405,0,710.3077,723.3864,0.236565056926987,1012,16,1,0,0,2400
rc_206.3.txt,24,AlwaysVND,1303215,2400,1,1942,1998,74.4813999999999,0.18527711442786,0,640.9922,732.1478,0.115894641551478,0,0,49,7,0,2400
rc_206.3.txt,24,FB-CMPSO,1303215,2400,1,1930,1932,37.4088000000002,0.0799333333333337,0,685.9776,723.3864,0.194209115281502,1012,16,2,2,0,2400
rc_206.3.txt,24,RKPSO,1303216,2400,0,NaN,NaN,NaN,NaN,2230.1339,786.6419,NaN,NaN,0,0,0,0,0,2400
rc_206.3.txt,24,LateOnly,1303216,2400,1,481,513,110.529,0.0585739268680446,0,619.298,729.827,0.0781275025242852,1265,17,0,0,0,2400
rc_206.3.txt,24,LateTo2Opt,1303216,2400,1,481,513,135.2266,0.0716622151563328,0,594.6004,729.827,0.0351317851049756,253,11,10,0,0,2400
rc_206.3.txt,24,AlwaysVND,1303216,2400,1,1112,1197,112.6182,0.0936144638403988,0,602.9554,724.0904,0.0496768914731385,0,0,29,9,3,2400
rc_206.3.txt,24,FB-CMPSO,1303216,2400,1,481,513,106.9969,0.0567021197668256,0,622.8301,729.827,0.0842764875874799,253,11,1,2,2,2400
rc_206.3.txt,24,RKPSO,1303217,2400,0,NaN,NaN,NaN,NaN,1071.0073,608.8601,NaN,NaN,0,0,0,0,0,2400
rc_206.3.txt,24,LateOnly,1303217,2400,1,658,685,158.1686,0.0922265889212828,0,605.6895,763.8581,0.0544366491417432,1265,25,0,0,0,2400
rc_206.3.txt,24,LateTo2Opt,1303217,2400,1,658,685,158.1686,0.0922265889212828,0,605.6895,763.8581,0.0544366491417432,345,15,15,0,0,2400
rc_206.3.txt,24,AlwaysVND,1303217,2400,0,NaN,NaN,NaN,NaN,139.1659,742.743,NaN,NaN,0,0,50,11,1,2400
rc_206.3.txt,24,FB-CMPSO,1303217,2400,1,658,685,174.8916,0.101977609329446,0,588.9665,763.8581,0.0253238048814457,345,15,13,0,2,2400
rc_206.3.txt,24,RKPSO,1303218,2400,0,NaN,NaN,NaN,NaN,1491.668,829.1338,NaN,NaN,0,0,0,0,0,2400
rc_206.3.txt,24,LateOnly,1303218,2400,1,434,470,192.752,0.0998715025906736,0,578.699,771.451,0.00744925315970912,1265,21,0,0,0,2400
rc_206.3.txt,24,LateTo2Opt,1303218,2400,1,434,470,178.7312,0.0926068393782383,0,592.7198,771.451,0.031857874029456,230,10,11,0,0,2400
rc_206.3.txt,24,AlwaysVND,1303218,2400,1,1690,1731,102.195,0.152757847533632,0,590.7856,692.9806,0.0284906514397133,0,0,26,8,3,2400
rc_206.3.txt,24,FB-CMPSO,1303218,2400,1,434,470,159.5429,0.0826647150259067,0,611.9081,771.451,0.0652625256780753,230,10,11,2,2,2400
rc_206.3.txt,24,RKPSO,1303219,2400,0,NaN,NaN,NaN,NaN,474.8567,741.276,NaN,NaN,0,0,0,0,0,2400
rc_206.3.txt,24,LateOnly,1303219,2400,1,612,642,121.8417,0.0693069965870308,0,621.3843,743.226,0.0817595139445007,1265,26,0,0,0,2400
rc_206.3.txt,24,LateTo2Opt,1303219,2400,1,612,642,168.8079,0.0960226962457339,0,574.4181,743.226,-3.30768427279309e-06,322,14,15,0,0,2400
rc_206.3.txt,24,AlwaysVND,1303219,2400,1,1485,1553,103.3573,0.122027508854782,0,589.9149,698.9809,0.0269748615995265,0,0,33,7,3,2400
rc_206.3.txt,24,FB-CMPSO,1303219,2400,1,612,642,154.8409,0.0880778725824801,0,588.3851,743.226,0.0243116534939593,322,14,14,3,0,2400
rc_206.3.txt,24,RKPSO,1303220,2400,0,NaN,NaN,NaN,NaN,1663.2955,678.1388,NaN,NaN,0,0,0,0,0,2400
rc_206.3.txt,24,LateOnly,1303220,2400,1,819,857,134.5923,0.0872276733635774,0,631.963,797.7209,0.100175829532398,1265,30,0,0,0,2400
rc_206.3.txt,24,LateTo2Opt,1303220,2400,1,819,857,150.648,0.0976331821127671,0,615.9073,797.7209,0.0722246788064487,437,19,12,0,0,2400
rc_206.3.txt,24,AlwaysVND,1303220,2400,1,1871,1909,2.59969999999998,0.00529470468431769,0,659.425,662.0247,0.147984053480032,0,0,42,7,1,2400
rc_206.3.txt,24,FB-CMPSO,1303220,2400,1,819,857,173.4906,0.112437200259235,0,593.0647,797.7209,0.032458305769298,437,19,13,4,1,2400
rc_206.3.txt,24,RKPSO,1303221,2400,0,NaN,NaN,NaN,NaN,1521.6773,736.2976,NaN,NaN,0,0,0,0,0,2400
rc_206.3.txt,24,LateOnly,1303221,2400,1,1123,1158,194.728,0.156785829307568,0,604.0868,800.1918,0.0516465304132866,1265,25,0,0,0,2400
rc_206.3.txt,24,LateTo2Opt,1303221,2400,1,1123,1158,222.5161,0.179159500805153,0,576.2987,800.1918,0.00327060339124699,598,16,11,0,0,2400
rc_206.3.txt,24,AlwaysVND,1303221,2400,1,1740,1820,36.4757000000001,0.0628891379310346,0,646.2161,708.1436,0.12498885832666,0,0,46,4,1,2400
rc_206.3.txt,24,FB-CMPSO,1303221,2400,1,1123,1158,198.5049,0.159826811594203,0,600.3099,800.1918,0.0450713763448348,598,16,9,5,1,2400
rc_206.3.txt,24,RKPSO,1303222,2400,0,NaN,NaN,NaN,NaN,2278.084,696.1804,NaN,NaN,0,0,0,0,0,2400
rc_206.3.txt,24,LateOnly,1303222,2400,1,605,642,164.5101,0.0935779863481227,0,608.919,773.4291,0.0600588419623275,1265,27,0,0,0,2400
rc_206.3.txt,24,LateTo2Opt,1303222,2400,1,605,642,175.6615,0.0999212172923776,0,597.7676,773.4291,0.0406455206991401,322,14,13,0,0,2400
rc_206.3.txt,24,AlwaysVND,1303222,2400,1,2023,2087,49.2501,0.157348562300319,0,595.829,645.0791,0.0372706382089762,0,0,55,9,0,2400
rc_206.3.txt,24,FB-CMPSO,1303222,2400,1,605,642,135.9046,0.0773063708759953,0,637.5245,773.4291,0.109857769576268,322,14,7,4,0,2400
rc_206.3.txt,24,RKPSO,1303223,2400,0,NaN,NaN,NaN,NaN,1046.0753,738.991,NaN,NaN,0,0,0,0,0,2400
rc_206.3.txt,24,LateOnly,1303223,2400,1,1125,1158,45.8375,0.0369061996779388,0,659.2548,705.0923,0.147687754604644,1265,21,0,0,0,2400
rc_206.3.txt,24,LateTo2Opt,1303223,2400,1,1125,1158,106.6031,0.0858318035426729,0,598.4892,705.0923,0.0419017443682325,598,13,8,0,0,2400
rc_206.3.txt,24,AlwaysVND,1303223,2400,1,2368,NaN,0,0,0,705.2762,705.2762,0.227805786706591,0,0,39,4,3,2400
rc_206.3.txt,24,FB-CMPSO,1303223,2400,1,1125,1158,98.8171999999997,0.0795629629629628,0,606.2751,705.0923,0.0554561122523591,598,13,9,4,1,2400
rc_206.3.txt,24,RKPSO,1303224,2400,0,NaN,NaN,NaN,NaN,834.5776,777.0083,NaN,NaN,0,0,0,0,0,2400
rc_206.3.txt,24,LateOnly,1303224,2400,1,1914,1932,14.3638,0.0306918803418803,0,704.1752,718.539,0.225889070714808,1265,15,0,0,0,2400
rc_206.3.txt,24,LateTo2Opt,1303224,2400,1,1914,1932,13.7441999999999,0.0293679487179484,0,704.7948,718.539,0.226967723965043,1012,13,2,0,0,2400
rc_206.3.txt,24,AlwaysVND,1303224,2400,1,1788,1820,43.5252,0.0750434482758621,0,664.8737,708.3989,0.157469621531284,0,0,32,10,2,2400
rc_206.3.txt,24,FB-CMPSO,1303224,2400,1,1914,1932,14.0410999999999,0.0300023504273502,0,704.4979,718.539,0.226450854775252,1012,13,0,1,1,2400
rc_206.3.txt,24,RKPSO,1303225,2400,0,NaN,NaN,NaN,NaN,300.6154,732.1444,NaN,NaN,0,0,0,0,0,2400
rc_206.3.txt,24,LateOnly,1303225,2400,1,574,599,90.2143999999997,0.0500912826207661,0,630.639,724.4395,0.0978708958601723,1265,20,0,0,0,2400
rc_206.3.txt,24,LateTo2Opt,1303225,2400,1,574,599,131.8869,0.0732298167684619,0,588.9665,724.4395,0.0253238048814457,299,13,15,0,0,2400
rc_206.3.txt,24,AlwaysVND,1303225,2400,1,2276,2354,55.3424000000001,1.20309565217392,0,660.2958,729.6357,0.149500017408865,0,0,46,8,3,2400
rc_206.3.txt,24,FB-CMPSO,1303225,2400,1,574,599,128.0756,0.0711136035535812,0,592.7778,724.4395,0.0319588454441003,299,13,5,7,3,2400
rc_206.3.txt,24,RKPSO,1303226,2400,0,NaN,NaN,NaN,NaN,1611.0944,756.3651,NaN,NaN,0,0,0,0,0,2400
rc_206.3.txt,24,LateOnly,1303226,2400,0,NaN,NaN,NaN,NaN,26.4638,723.9944,NaN,NaN,1265,12,0,0,0,2400
rc_206.3.txt,24,LateTo2Opt,1303226,2400,0,NaN,NaN,NaN,NaN,26.4638,723.9944,NaN,NaN,1265,12,0,0,0,2400
rc_206.3.txt,24,AlwaysVND,1303226,2400,1,2171,2176,46.4467,0.207351339285714,0,651.6992,698.1459,0.134534312872115,0,0,39,3,2,2400
rc_206.3.txt,24,FB-CMPSO,1303226,2400,0,NaN,NaN,NaN,NaN,26.4638,723.9944,NaN,NaN,1265,12,0,0,0,2400
rc_206.3.txt,24,RKPSO,1303227,2400,0,NaN,NaN,NaN,NaN,631.0436,718.5316,NaN,NaN,0,0,0,0,0,2400
rc_206.3.txt,24,LateOnly,1303227,2400,1,530,556,172.743,0.0936784164859003,0,577.6023,750.3453,0.00554002297970136,1265,26,0,0,0,2400
rc_206.3.txt,24,LateTo2Opt,1303227,2400,1,530,556,172.543,0.0935699566160521,0,577.8023,750.3453,0.00588820027157846,276,12,15,0,0,2400
rc_206.3.txt,24,AlwaysVND,1303227,2400,1,1419,1464,41.1038,0.0439143162393162,0,635.8328,710.168,0.106912711952927,0,0,24,6,5,2400
rc_206.3.txt,24,FB-CMPSO,1303227,2400,1,530,556,151.102,0.0819425162689805,0,599.2433,750.3453,0.0432145468472547,276,12,18,7,2,2400
rc_206.3.txt,24,RKPSO,1303228,2400,0,NaN,NaN,NaN,NaN,353.0251,690.5796,NaN,NaN,0,0,0,0,0,2400
rc_206.3.txt,24,LateOnly,1303228,2400,1,527,556,179.7162,0.097459978308026,0,588.2838,768,0.0241353016956236,1265,21,0,0,0,2400
rc_206.3.txt,24,LateTo2Opt,1303228,2400,1,527,556,191.7013,0.103959490238612,0,576.2987,768,0.00327060339124699,276,12,9,0,0,2400
rc_206.3.txt,24,AlwaysVND,1303228,2400,1,1955,1998,34.6174000000001,0.0861129353233833,0,628.488,663.1054,0.0941262490860348,0,0,52,5,1,2400
rc_206.3.txt,24,FB-CMPSO,1303228,2400,1,527,556,185.913,0.100820498915401,0,582.087,768,0.0133473764841058,276,12,11,4,2,2400
rc_206.3.txt,24,RKPSO,1303229,2400,0,NaN,NaN,NaN,NaN,1063.0566,792.0814,NaN,NaN,0,0,0,0,0,2400
rc_206.3.txt,24,LateOnly,1303229,2400,1,691,728,69.7474,0.04171495215311,0,672.5353,742.2827,0.170807597228509,1265,20,0,0,0,2400
rc_206.3.txt,24,LateTo2Opt,1303229,2400,1,691,728,95.7312999999999,0.0572555622009569,0,646.5514,742.2827,0.125572577556492,368,16,8,0,0,2400
rc_206.3.txt,24,AlwaysVND,1303229,2400,1,1852,1909,29.1065000000002,0.059280040733198,0,661.6131,690.7196,0.151793287141813,0,0,42,9,2,2400
rc_206.3.txt,24,FB-CMPSO,1303229,2400,1,691,728,158.7979,0.0949748205741628,0,583.4848,742.2827,0.0157807875770342,368,16,11,4,1,2400
rc_206.3.txt,24,RKPSO,1303230,2400,0,NaN,NaN,NaN,NaN,998.827,753.6493,NaN,NaN,0,0,0,0,0,2400
rc_206.3.txt,24,LateOnly,1303230,2400,1,644,685,127.5262,0.0743593002915451,0,585.0232,722.8089,0.0184589673061525,1265,25,0,0,0,2400
rc_206.3.txt,24,LateTo2Opt,1303230,2400,1,644,685,138.1313,0.0805430320699708,0,574.4181,722.8089,-3.30768427279309e-06,345,15,5,0,0,2400
rc_206.3.txt,24,AlwaysVND,1303230,2400,1,1827,1909,12.8079999999999,0.0260855397148674,0,687.4613,700.2693,0.196792068521291,0,0,23,7,7,2400
rc_206.3.txt,24,FB-CMPSO,1303230,2400,1,644,685,115.1897,0.0671660058309039,0,597.3597,722.8089,0.0399354131123566,345,15,10,2,0,2400
rc_206.4.txt,37,RKPSO,1303301,3700,0,NaN,NaN,NaN,NaN,5868.8581,1217.6137,NaN,NaN,0,0,0,0,0,3700
rc_206.4.txt,37,LateOnly,1303301,3700,0,NaN,NaN,NaN,NaN,387.8842,966.1882,NaN,NaN,2360,33,0,0,0,3700
rc_206.4.txt,37,LateTo2Opt,1303301,3700,0,NaN,NaN,NaN,NaN,387.8842,966.1882,NaN,NaN,2360,33,0,0,0,3700
rc_206.4.txt,37,AlwaysVND,1303301,3700,0,NaN,NaN,NaN,NaN,890.229500000002,900.1189,NaN,NaN,0,0,66,6,1,3700
rc_206.4.txt,37,FB-CMPSO,1303301,3700,0,NaN,NaN,NaN,NaN,387.8842,966.1882,NaN,NaN,2360,33,0,0,0,3700
rc_206.4.txt,37,RKPSO,1303302,3700,0,NaN,NaN,NaN,NaN,3439.3484,1041.6608,NaN,NaN,0,0,0,0,0,3700
rc_206.4.txt,37,LateOnly,1303302,3700,0,NaN,NaN,NaN,NaN,1985.7103,1049.4027,NaN,NaN,2360,19,0,0,0,3700
rc_206.4.txt,37,LateTo2Opt,1303302,3700,0,NaN,NaN,NaN,NaN,1985.7103,1049.4027,NaN,NaN,2360,19,0,0,0,3700
rc_206.4.txt,37,AlwaysVND,1303302,3700,0,NaN,NaN,NaN,NaN,321.5447,1015.7173,NaN,NaN,0,0,64,5,1,3700
rc_206.4.txt,37,FB-CMPSO,1303302,3700,0,NaN,NaN,NaN,NaN,1985.7103,1049.4027,NaN,NaN,2360,19,0,0,0,3700
rc_206.4.txt,37,RKPSO,1303303,3700,0,NaN,NaN,NaN,NaN,5065.704,1145.4189,NaN,NaN,0,0,0,0,0,3700
rc_206.4.txt,37,LateOnly,1303303,3700,0,NaN,NaN,NaN,NaN,544.4667,1071.605,NaN,NaN,2360,19,0,0,0,3700
rc_206.4.txt,37,LateTo2Opt,1303303,3700,0,NaN,NaN,NaN,NaN,544.4667,1071.605,NaN,NaN,2360,19,0,0,0,3700
rc_206.4.txt,37,AlwaysVND,1303303,3700,0,NaN,NaN,NaN,NaN,1363.2114,876.41204,NaN,NaN,0,0,47,9,3,3700
rc_206.4.txt,37,FB-CMPSO,1303303,3700,0,NaN,NaN,NaN,NaN,544.4667,1071.605,NaN,NaN,2360,19,0,0,0,3700
rc_206.4.txt,37,RKPSO,1303304,3700,0,NaN,NaN,NaN,NaN,5175.5641,1121.1344,NaN,NaN,0,0,0,0,0,3700
rc_206.4.txt,37,LateOnly,1303304,3700,0,NaN,NaN,NaN,NaN,93.4423999999999,951.747,NaN,NaN,2360,32,0,0,0,3700
rc_206.4.txt,37,LateTo2Opt,1303304,3700,0,NaN,NaN,NaN,NaN,93.4423999999999,951.747,NaN,NaN,2360,32,0,0,0,3700
rc_206.4.txt,37,AlwaysVND,1303304,3700,0,NaN,NaN,NaN,NaN,489.3524,907.4644,NaN,NaN,0,0,52,7,2,3700
rc_206.4.txt,37,FB-CMPSO,1303304,3700,0,NaN,NaN,NaN,NaN,93.4423999999999,951.747,NaN,NaN,2360,32,0,0,0,3700
rc_206.4.txt,37,RKPSO,1303305,3700,0,NaN,NaN,NaN,NaN,3321.2047,1092.6585,NaN,NaN,0,0,0,0,0,3700
rc_206.4.txt,37,LateOnly,1303305,3700,0,NaN,NaN,NaN,NaN,1032.2772,1021.1761,NaN,NaN,2360,22,0,0,0,3700
rc_206.4.txt,37,LateTo2Opt,1303305,3700,0,NaN,NaN,NaN,NaN,1032.2772,1021.1761,NaN,NaN,2360,22,0,0,0,3700
rc_206.4.txt,37,AlwaysVND,1303305,3700,0,NaN,NaN,NaN,NaN,1914.6964,889.0233,NaN,NaN,0,0,60,7,0,3700
rc_206.4.txt,37,FB-CMPSO,1303305,3700,0,NaN,NaN,NaN,NaN,1032.2772,1021.1761,NaN,NaN,2360,22,0,0,0,3700
rc_206.4.txt,37,RKPSO,1303306,3700,0,NaN,NaN,NaN,NaN,5231.7184,1148.7588,NaN,NaN,0,0,0,0,0,3700
rc_206.4.txt,37,LateOnly,1303306,3700,0,NaN,NaN,NaN,NaN,263.858800000001,926.43244,NaN,NaN,2360,29,0,0,0,3700
rc_206.4.txt,37,LateTo2Opt,1303306,3700,0,NaN,NaN,NaN,NaN,263.858800000001,926.43244,NaN,NaN,2360,29,0,0,0,3700
rc_206.4.txt,37,AlwaysVND,1303306,3700,0,NaN,NaN,NaN,NaN,743.512,957.0729,NaN,NaN,0,0,68,5,0,3700
rc_206.4.txt,37,FB-CMPSO,1303306,3700,0,NaN,NaN,NaN,NaN,263.858800000001,926.43244,NaN,NaN,2360,29,0,0,0,3700
rc_206.4.txt,37,RKPSO,1303307,3700,0,NaN,NaN,NaN,NaN,5307.4782,1050.2241,NaN,NaN,0,0,0,0,0,3700
rc_206.4.txt,37,LateOnly,1303307,3700,0,NaN,NaN,NaN,NaN,1457.8756,1033.79714,NaN,NaN,2360,24,0,0,0,3700
rc_206.4.txt,37,LateTo2Opt,1303307,3700,0,NaN,NaN,NaN,NaN,1457.8756,1033.79714,NaN,NaN,2360,24,0,0,0,3700
rc_206.4.txt,37,AlwaysVND,1303307,3700,0,NaN,NaN,NaN,NaN,815.084099999999,1026.4432,NaN,NaN,0,0,57,8,1,3700
rc_206.4.txt,37,FB-CMPSO,1303307,3700,0,NaN,NaN,NaN,NaN,1457.8756,1033.79714,NaN,NaN,2360,24,0,0,0,3700
rc_206.4.txt,37,RKPSO,1303308,3700,0,NaN,NaN,NaN,NaN,2924.7047,1162.699,NaN,NaN,0,0,0,0,0,3700
rc_206.4.txt,37,LateOnly,1303308,3700,0,NaN,NaN,NaN,NaN,1242.6874,1091.4784,NaN,NaN,2360,20,0,0,0,3700
rc_206.4.txt,37,LateTo2Opt,1303308,3700,0,NaN,NaN,NaN,NaN,1242.6874,1091.4784,NaN,NaN,2360,20,0,0,0,3700
rc_206.4.txt,37,AlwaysVND,1303308,3700,0,NaN,NaN,NaN,NaN,240.075000000001,976.3061,NaN,NaN,0,0,54,5,2,3700
rc_206.4.txt,37,FB-CMPSO,1303308,3700,0,NaN,NaN,NaN,NaN,1242.6874,1091.4784,NaN,NaN,2360,20,0,0,0,3700
rc_206.4.txt,37,RKPSO,1303309,3700,0,NaN,NaN,NaN,NaN,5453.9684,1080.7849,NaN,NaN,0,0,0,0,0,3700
rc_206.4.txt,37,LateOnly,1303309,3700,0,NaN,NaN,NaN,NaN,25.9113999999998,924.8959,NaN,NaN,2360,32,0,0,0,3700
rc_206.4.txt,37,LateTo2Opt,1303309,3700,0,NaN,NaN,NaN,NaN,25.9113999999998,924.8959,NaN,NaN,2360,32,0,0,0,3700
rc_206.4.txt,37,AlwaysVND,1303309,3700,0,NaN,NaN,NaN,NaN,424.3601,1011.4285,NaN,NaN,0,0,48,9,2,3700
rc_206.4.txt,37,FB-CMPSO,1303309,3700,0,NaN,NaN,NaN,NaN,25.9113999999998,924.8959,NaN,NaN,2360,32,0,0,0,3700
rc_206.4.txt,37,RKPSO,1303310,3700,0,NaN,NaN,NaN,NaN,7311.883,1202.3905,NaN,NaN,0,0,0,0,0,3700
rc_206.4.txt,37,LateOnly,1303310,3700,0,NaN,NaN,NaN,NaN,342.2377,1030.2414,NaN,NaN,2360,23,0,0,0,3700
rc_206.4.txt,37,LateTo2Opt,1303310,3700,0,NaN,NaN,NaN,NaN,342.2377,1030.2414,NaN,NaN,2360,23,0,0,0,3700
rc_206.4.txt,37,AlwaysVND,1303310,3700,0,NaN,NaN,NaN,NaN,1034.9814,978.22884,NaN,NaN,0,0,50,11,1,3700
rc_206.4.txt,37,FB-CMPSO,1303310,3700,0,NaN,NaN,NaN,NaN,342.2377,1030.2414,NaN,NaN,2360,23,0,0,0,3700
rc_206.4.txt,37,RKPSO,1303311,3700,0,NaN,NaN,NaN,NaN,5643.4893,1117.7209,NaN,NaN,0,0,0,0,0,3700
rc_206.4.txt,37,LateOnly,1303311,3700,0,NaN,NaN,NaN,NaN,147.2002,979.0475,NaN,NaN,2360,24,0,0,0,3700
rc_206.4.txt,37,LateTo2Opt,1303311,3700,0,NaN,NaN,NaN,NaN,147.2002,979.0475,NaN,NaN,2360,24,0,0,0,3700
rc_206.4.txt,37,AlwaysVND,1303311,3700,0,NaN,NaN,NaN,NaN,597.5113,899.4852,NaN,NaN,0,0,61,8,1,3700
rc_206.4.txt,37,FB-CMPSO,1303311,3700,0,NaN,NaN,NaN,NaN,147.2002,979.0475,NaN,NaN,2360,24,0,0,0,3700
rc_206.4.txt,37,RKPSO,1303312,3700,0,NaN,NaN,NaN,NaN,8628.3271,1127.9463,NaN,NaN,0,0,0,0,0,3700
rc_206.4.txt,37,LateOnly,1303312,3700,0,NaN,NaN,NaN,NaN,503.9545,996.0609,NaN,NaN,2360,30,0,0,0,3700
rc_206.4.txt,37,LateTo2Opt,1303312,3700,0,NaN,NaN,NaN,NaN,503.9545,996.0609,NaN,NaN,2360,30,0,0,0,3700
rc_206.4.txt,37,AlwaysVND,1303312,3700,0,NaN,NaN,NaN,NaN,247.6537,958.1758,NaN,NaN,0,0,59,6,1,3700
rc_206.4.txt,37,FB-CMPSO,1303312,3700,0,NaN,NaN,NaN,NaN,503.9545,996.0609,NaN,NaN,2360,30,0,0,0,3700
rc_206.4.txt,37,RKPSO,1303313,3700,0,NaN,NaN,NaN,NaN,3580.0524,1057.0136,NaN,NaN,0,0,0,0,0,3700
rc_206.4.txt,37,LateOnly,1303313,3700,0,NaN,NaN,NaN,NaN,1039.0799,1157.209,NaN,NaN,2360,18,0,0,0,3700
rc_206.4.txt,37,LateTo2Opt,1303313,3700,0,NaN,NaN,NaN,NaN,1039.0799,1157.209,NaN,NaN,2360,18,0,0,0,3700
rc_206.4.txt,37,AlwaysVND,1303313,3700,0,NaN,NaN,NaN,NaN,343.3118,944.4083,NaN,NaN,0,0,52,8,3,3700
rc_206.4.txt,37,FB-CMPSO,1303313,3700,0,NaN,NaN,NaN,NaN,1039.0799,1157.209,NaN,NaN,2360,18,0,0,0,3700
rc_206.4.txt,37,RKPSO,1303314,3700,0,NaN,NaN,NaN,NaN,6268.7408,1145.6925,NaN,NaN,0,0,0,0,0,3700
rc_206.4.txt,37,LateOnly,1303314,3700,0,NaN,NaN,NaN,NaN,2173.3749,1151.2086,NaN,NaN,2360,21,0,0,0,3700
rc_206.4.txt,37,LateTo2Opt,1303314,3700,0,NaN,NaN,NaN,NaN,2173.3749,1151.2086,NaN,NaN,2360,21,0,0,0,3700
rc_206.4.txt,37,AlwaysVND,1303314,3700,0,NaN,NaN,NaN,NaN,1259.8357,983.5602,NaN,NaN,0,0,65,8,1,3700
rc_206.4.txt,37,FB-CMPSO,1303314,3700,0,NaN,NaN,NaN,NaN,2173.3749,1151.2086,NaN,NaN,2360,21,0,0,0,3700
rc_206.4.txt,37,RKPSO,1303315,3700,0,NaN,NaN,NaN,NaN,3805.0448,1122.7862,NaN,NaN,0,0,0,0,0,3700
rc_206.4.txt,37,LateOnly,1303315,3700,0,NaN,NaN,NaN,NaN,309.2763,995.0183,NaN,NaN,2360,30,0,0,0,3700
rc_206.4.txt,37,LateTo2Opt,1303315,3700,0,NaN,NaN,NaN,NaN,309.2763,995.0183,NaN,NaN,2360,30,0,0,0,3700
rc_206.4.txt,37,AlwaysVND,1303315,3700,0,NaN,NaN,NaN,NaN,1432.9406,958.2594,NaN,NaN,0,0,54,9,1,3700
rc_206.4.txt,37,FB-CMPSO,1303315,3700,0,NaN,NaN,NaN,NaN,309.2763,995.0183,NaN,NaN,2360,30,0,0,0,3700
rc_206.4.txt,37,RKPSO,1303316,3700,0,NaN,NaN,NaN,NaN,3741.267,1073.2706,NaN,NaN,0,0,0,0,0,3700
rc_206.4.txt,37,LateOnly,1303316,3700,0,NaN,NaN,NaN,NaN,224.9225,1003.5506,NaN,NaN,2360,25,0,0,0,3700
rc_206.4.txt,37,LateTo2Opt,1303316,3700,0,NaN,NaN,NaN,NaN,224.9225,1003.5506,NaN,NaN,2360,25,0,0,0,3700
rc_206.4.txt,37,AlwaysVND,1303316,3700,0,NaN,NaN,NaN,NaN,129.9677,895.85524,NaN,NaN,0,0,47,10,4,3700
rc_206.4.txt,37,FB-CMPSO,1303316,3700,0,NaN,NaN,NaN,NaN,224.9225,1003.5506,NaN,NaN,2360,25,0,0,0,3700
rc_206.4.txt,37,RKPSO,1303317,3700,0,NaN,NaN,NaN,NaN,7492.8442,1243.3126,NaN,NaN,0,0,0,0,0,3700
rc_206.4.txt,37,LateOnly,1303317,3700,0,NaN,NaN,NaN,NaN,302.5955,890.5755,NaN,NaN,2360,27,0,0,0,3700
rc_206.4.txt,37,LateTo2Opt,1303317,3700,0,NaN,NaN,NaN,NaN,302.5955,890.5755,NaN,NaN,2360,27,0,0,0,3700
rc_206.4.txt,37,AlwaysVND,1303317,3700,0,NaN,NaN,NaN,NaN,486.5712,854.2539,NaN,NaN,0,0,57,3,3,3700
rc_206.4.txt,37,FB-CMPSO,1303317,3700,0,NaN,NaN,NaN,NaN,302.5955,890.5755,NaN,NaN,2360,27,0,0,0,3700
rc_206.4.txt,37,RKPSO,1303318,3700,0,NaN,NaN,NaN,NaN,5918.2709,1183.5141,NaN,NaN,0,0,0,0,0,3700
rc_206.4.txt,37,LateOnly,1303318,3700,0,NaN,NaN,NaN,NaN,199.9514,1002.8373,NaN,NaN,2360,24,0,0,0,3700
rc_206.4.txt,37,LateTo2Opt,1303318,3700,0,NaN,NaN,NaN,NaN,199.9514,1002.8373,NaN,NaN,2360,24,0,0,0,3700
rc_206.4.txt,37,AlwaysVND,1303318,3700,0,NaN,NaN,NaN,NaN,991.729699999999,959.98494,NaN,NaN,0,0,63,10,0,3700
rc_206.4.txt,37,FB-CMPSO,1303318,3700,0,NaN,NaN,NaN,NaN,199.9514,1002.8373,NaN,NaN,2360,24,0,0,0,3700
rc_206.4.txt,37,RKPSO,1303319,3700,0,NaN,NaN,NaN,NaN,4803.2927,1031.4775,NaN,NaN,0,0,0,0,0,3700
rc_206.4.txt,37,LateOnly,1303319,3700,0,NaN,NaN,NaN,NaN,365.7714,1026.1912,NaN,NaN,2360,24,0,0,0,3700
rc_206.4.txt,37,LateTo2Opt,1303319,3700,0,NaN,NaN,NaN,NaN,365.7714,1026.1912,NaN,NaN,2360,24,0,0,0,3700
rc_206.4.txt,37,AlwaysVND,1303319,3700,0,NaN,NaN,NaN,NaN,1087.708,992.7942,NaN,NaN,0,0,55,10,1,3700
rc_206.4.txt,37,FB-CMPSO,1303319,3700,0,NaN,NaN,NaN,NaN,365.7714,1026.1912,NaN,NaN,2360,24,0,0,0,3700
rc_206.4.txt,37,RKPSO,1303320,3700,0,NaN,NaN,NaN,NaN,7592.8064,1115.4807,NaN,NaN,0,0,0,0,0,3700
rc_206.4.txt,37,LateOnly,1303320,3700,0,NaN,NaN,NaN,NaN,286.6139,989.624,NaN,NaN,2360,26,0,0,0,3700
rc_206.4.txt,37,LateTo2Opt,1303320,3700,0,NaN,NaN,NaN,NaN,286.6139,989.624,NaN,NaN,2360,26,0,0,0,3700
rc_206.4.txt,37,AlwaysVND,1303320,3700,0,NaN,NaN,NaN,NaN,807.323099999999,1019.0961,NaN,NaN,0,0,65,3,2,3700
rc_206.4.txt,37,FB-CMPSO,1303320,3700,0,NaN,NaN,NaN,NaN,286.6139,989.624,NaN,NaN,2360,26,0,0,0,3700
rc_206.4.txt,37,RKPSO,1303321,3700,0,NaN,NaN,NaN,NaN,8313.4868,1210.1738,NaN,NaN,0,0,0,0,0,3700
rc_206.4.txt,37,LateOnly,1303321,3700,0,NaN,NaN,NaN,NaN,738.7074,1020.9108,NaN,NaN,2360,28,0,0,0,3700
rc_206.4.txt,37,LateTo2Opt,1303321,3700,0,NaN,NaN,NaN,NaN,738.7074,1020.9108,NaN,NaN,2360,28,0,0,0,3700
rc_206.4.txt,37,AlwaysVND,1303321,3700,0,NaN,NaN,NaN,NaN,639.534200000001,1041.2909,NaN,NaN,0,0,47,9,3,3700
rc_206.4.txt,37,FB-CMPSO,1303321,3700,0,NaN,NaN,NaN,NaN,738.7074,1020.9108,NaN,NaN,2360,28,0,0,0,3700
rc_206.4.txt,37,RKPSO,1303322,3700,0,NaN,NaN,NaN,NaN,2708.4597,1199.2228,NaN,NaN,0,0,0,0,0,3700
rc_206.4.txt,37,LateOnly,1303322,3700,0,NaN,NaN,NaN,NaN,1075.2538,1094.2212,NaN,NaN,2360,18,0,0,0,3700
rc_206.4.txt,37,LateTo2Opt,1303322,3700,0,NaN,NaN,NaN,NaN,1075.2538,1094.2212,NaN,NaN,2360,18,0,0,0,3700
rc_206.4.txt,37,AlwaysVND,1303322,3700,0,NaN,NaN,NaN,NaN,490.7659,902.1459,NaN,NaN,0,0,51,7,3,3700
rc_206.4.txt,37,FB-CMPSO,1303322,3700,0,NaN,NaN,NaN,NaN,1075.2538,1094.2212,NaN,NaN,2360,18,0,0,0,3700
rc_206.4.txt,37,RKPSO,1303323,3700,0,NaN,NaN,NaN,NaN,4604.7947,1162.8195,NaN,NaN,0,0,0,0,0,3700
rc_206.4.txt,37,LateOnly,1303323,3700,0,NaN,NaN,NaN,NaN,1041.3931,1063.8711,NaN,NaN,2360,26,0,0,0,3700
rc_206.4.txt,37,LateTo2Opt,1303323,3700,0,NaN,NaN,NaN,NaN,1041.3931,1063.8711,NaN,NaN,2360,26,0,0,0,3700
rc_206.4.txt,37,AlwaysVND,1303323,3700,0,NaN,NaN,NaN,NaN,1331.2115,953.5376,NaN,NaN,0,0,53,9,1,3700
rc_206.4.txt,37,FB-CMPSO,1303323,3700,0,NaN,NaN,NaN,NaN,1041.3931,1063.8711,NaN,NaN,2360,26,0,0,0,3700
rc_206.4.txt,37,RKPSO,1303324,3700,0,NaN,NaN,NaN,NaN,5349.236,1068.7016,NaN,NaN,0,0,0,0,0,3700
rc_206.4.txt,37,LateOnly,1303324,3700,0,NaN,NaN,NaN,NaN,461.0565,1025.892,NaN,NaN,2360,23,0,0,0,3700
rc_206.4.txt,37,LateTo2Opt,1303324,3700,0,NaN,NaN,NaN,NaN,461.0565,1025.892,NaN,NaN,2360,23,0,0,0,3700
rc_206.4.txt,37,AlwaysVND,1303324,3700,0,NaN,NaN,NaN,NaN,567.567299999999,1032.2556,NaN,NaN,0,0,46,14,2,3700
rc_206.4.txt,37,FB-CMPSO,1303324,3700,0,NaN,NaN,NaN,NaN,461.0565,1025.892,NaN,NaN,2360,23,0,0,0,3700
rc_206.4.txt,37,RKPSO,1303325,3700,0,NaN,NaN,NaN,NaN,4966.4841,1167.9068,NaN,NaN,0,0,0,0,0,3700
rc_206.4.txt,37,LateOnly,1303325,3700,0,NaN,NaN,NaN,NaN,804.820300000001,1019.3925,NaN,NaN,2360,23,0,0,0,3700
rc_206.4.txt,37,LateTo2Opt,1303325,3700,0,NaN,NaN,NaN,NaN,804.820300000001,1019.3925,NaN,NaN,2360,23,0,0,0,3700
rc_206.4.txt,37,AlwaysVND,1303325,3700,0,NaN,NaN,NaN,NaN,1516.4286,878.92374,NaN,NaN,0,0,58,8,1,3700
rc_206.4.txt,37,FB-CMPSO,1303325,3700,0,NaN,NaN,NaN,NaN,804.820300000001,1019.3925,NaN,NaN,2360,23,0,0,0,3700
rc_206.4.txt,37,RKPSO,1303326,3700,0,NaN,NaN,NaN,NaN,10028.2953,1031.0336,NaN,NaN,0,0,0,0,0,3700
rc_206.4.txt,37,LateOnly,1303326,3700,0,NaN,NaN,NaN,NaN,571.852400000001,1033.3986,NaN,NaN,2360,29,0,0,0,3700
rc_206.4.txt,37,LateTo2Opt,1303326,3700,0,NaN,NaN,NaN,NaN,571.852400000001,1033.3986,NaN,NaN,2360,29,0,0,0,3700
rc_206.4.txt,37,AlwaysVND,1303326,3700,0,NaN,NaN,NaN,NaN,383.207999999999,955.2441,NaN,NaN,0,0,46,5,6,3700
rc_206.4.txt,37,FB-CMPSO,1303326,3700,0,NaN,NaN,NaN,NaN,571.852400000001,1033.3986,NaN,NaN,2360,29,0,0,0,3700
rc_206.4.txt,37,RKPSO,1303327,3700,0,NaN,NaN,NaN,NaN,4974.5486,1248.8545,NaN,NaN,0,0,0,0,0,3700
rc_206.4.txt,37,LateOnly,1303327,3700,0,NaN,NaN,NaN,NaN,1333.6405,1038.7093,NaN,NaN,2360,26,0,0,0,3700
rc_206.4.txt,37,LateTo2Opt,1303327,3700,0,NaN,NaN,NaN,NaN,1333.6405,1038.7093,NaN,NaN,2360,26,0,0,0,3700
rc_206.4.txt,37,AlwaysVND,1303327,3700,0,NaN,NaN,NaN,NaN,146.854700000001,928.5847,NaN,NaN,0,0,47,8,1,3700
rc_206.4.txt,37,FB-CMPSO,1303327,3700,0,NaN,NaN,NaN,NaN,1333.6405,1038.7093,NaN,NaN,2360,26,0,0,0,3700
rc_206.4.txt,37,RKPSO,1303328,3700,0,NaN,NaN,NaN,NaN,6479.1054,1098.4468,NaN,NaN,0,0,0,0,0,3700
rc_206.4.txt,37,LateOnly,1303328,3700,0,NaN,NaN,NaN,NaN,1300.1416,1044.3374,NaN,NaN,2360,18,0,0,0,3700
rc_206.4.txt,37,LateTo2Opt,1303328,3700,0,NaN,NaN,NaN,NaN,1300.1416,1044.3374,NaN,NaN,2360,18,0,0,0,3700
rc_206.4.txt,37,AlwaysVND,1303328,3700,0,NaN,NaN,NaN,NaN,428.4713,1010.7378,NaN,NaN,0,0,52,11,1,3700
rc_206.4.txt,37,FB-CMPSO,1303328,3700,0,NaN,NaN,NaN,NaN,1300.1416,1044.3374,NaN,NaN,2360,18,0,0,0,3700
rc_206.4.txt,37,RKPSO,1303329,3700,0,NaN,NaN,NaN,NaN,5818.0526,1061.7801,NaN,NaN,0,0,0,0,0,3700
rc_206.4.txt,37,LateOnly,1303329,3700,0,NaN,NaN,NaN,NaN,1145.8801,1041.58614,NaN,NaN,2360,25,0,0,0,3700
rc_206.4.txt,37,LateTo2Opt,1303329,3700,0,NaN,NaN,NaN,NaN,1145.8801,1041.58614,NaN,NaN,2360,25,0,0,0,3700
rc_206.4.txt,37,AlwaysVND,1303329,3700,0,NaN,NaN,NaN,NaN,751.0893,996.8069,NaN,NaN,0,0,62,8,1,3700
rc_206.4.txt,37,FB-CMPSO,1303329,3700,0,NaN,NaN,NaN,NaN,1145.8801,1041.58614,NaN,NaN,2360,25,0,0,0,3700
rc_206.4.txt,37,RKPSO,1303330,3700,0,NaN,NaN,NaN,NaN,5790.6419,1132.5276,NaN,NaN,0,0,0,0,0,3700
rc_206.4.txt,37,LateOnly,1303330,3700,0,NaN,NaN,NaN,NaN,757.781999999999,972.5964,NaN,NaN,2360,31,0,0,0,3700
rc_206.4.txt,37,LateTo2Opt,1303330,3700,0,NaN,NaN,NaN,NaN,757.781999999999,972.5964,NaN,NaN,2360,31,0,0,0,3700
rc_206.4.txt,37,AlwaysVND,1303330,3700,0,NaN,NaN,NaN,NaN,693.2145,1066.1683,NaN,NaN,0,0,49,10,4,3700
rc_206.4.txt,37,FB-CMPSO,1303330,3700,0,NaN,NaN,NaN,NaN,757.781999999999,972.5964,NaN,NaN,2360,31,0,0,0,3700
rc_207.1.txt,33,RKPSO,1303401,3300,0,NaN,NaN,NaN,NaN,4994.7226,1143.4989,NaN,NaN,0,0,0,0,0,3300
rc_207.1.txt,33,LateOnly,1303401,3300,0,NaN,NaN,NaN,NaN,460.5296,1025.7183,NaN,NaN,2016,21,0,0,0,3300
rc_207.1.txt,33,LateTo2Opt,1303401,3300,0,NaN,NaN,NaN,NaN,460.5296,1025.7183,NaN,NaN,2016,21,0,0,0,3300
rc_207.1.txt,33,AlwaysVND,1303401,3300,0,NaN,NaN,NaN,NaN,432.8604,892.7165,NaN,NaN,0,0,49,10,1,3300
rc_207.1.txt,33,FB-CMPSO,1303401,3300,0,NaN,NaN,NaN,NaN,460.5296,1025.7183,NaN,NaN,2016,21,0,0,0,3300
rc_207.1.txt,33,RKPSO,1303402,3300,0,NaN,NaN,NaN,NaN,454.4308,908.3072,NaN,NaN,0,0,0,0,0,3300
rc_207.1.txt,33,LateOnly,1303402,3300,1,1450,1496,48.5817000000001,0.0269299889135255,0,860.4359,909.5636,0.174367936889228,2016,33,0,0,0,3300
rc_207.1.txt,33,LateTo2Opt,1303402,3300,1,1450,1496,134.6142,0.074619844789357,0,774.4034,909.5636,0.0569462794125675,896,28,11,0,0,3300
rc_207.1.txt,33,AlwaysVND,1303402,3300,1,2919,2940,22.3986,0.0622183333333333,0,842.3358,864.7344,0.149663973358083,0,0,56,6,2,3300
rc_207.1.txt,33,FB-CMPSO,1303402,3300,1,1450,1496,138.1071,0.076556042128603,0,770.9105,909.5636,0.0521789867336356,896,28,9,4,2,3300
rc_207.1.txt,33,RKPSO,1303403,3300,0,NaN,NaN,NaN,NaN,2830.1696,1022.4744,NaN,NaN,0,0,0,0,0,3300
rc_207.1.txt,33,LateOnly,1303403,3300,0,NaN,NaN,NaN,NaN,12.9834,908.5446,NaN,NaN,2016,23,0,0,0,3300
rc_207.1.txt,33,LateTo2Opt,1303403,3300,0,NaN,NaN,NaN,NaN,12.9834,908.5446,NaN,NaN,2016,23,0,0,0,3300
rc_207.1.txt,33,AlwaysVND,1303403,3300,1,2196,2244,71.0779999999999,0.067308712121212,0,770.9414,842.0194,0.0522211606704154,0,0,44,10,1,3300
rc_207.1.txt,33,FB-CMPSO,1303403,3300,0,NaN,NaN,NaN,NaN,12.9834,908.5446,NaN,NaN,2016,23,0,0,0,3300
rc_207.1.txt,33,RKPSO,1303404,3300,0,NaN,NaN,NaN,NaN,1271.6935,985.17,NaN,NaN,0,0,0,0,0,3300
rc_207.1.txt,33,LateOnly,1303404,3300,0,NaN,NaN,NaN,NaN,839.8374,1068.9976,NaN,NaN,2016,18,0,0,0,3300
rc_207.1.txt,33,LateTo2Opt,1303404,3300,0,NaN,NaN,NaN,NaN,839.8374,1068.9976,NaN,NaN,2016,18,0,0,0,3300
rc_207.1.txt,33,AlwaysVND,1303404,3300,1,2260,2360,42.1485,0.0448388297872341,0,802.0585,891.0465,0.0946914068897746,0,0,46,11,1,3300
rc_207.1.txt,33,FB-CMPSO,1303404,3300,0,NaN,NaN,NaN,NaN,839.8374,1068.9976,NaN,NaN,2016,18,0,0,0,3300
rc_207.1.txt,33,RKPSO,1303405,3300,0,NaN,NaN,NaN,NaN,947.031,1019.3678,NaN,NaN,0,0,0,0,0,3300
rc_207.1.txt,33,LateOnly,1303405,3300,0,NaN,NaN,NaN,NaN,35.5895999999997,924.3198,NaN,NaN,2016,22,0,0,0,3300
rc_207.1.txt,33,LateTo2Opt,1303405,3300,0,NaN,NaN,NaN,NaN,35.5895999999997,924.3198,NaN,NaN,2016,22,0,0,0,3300
rc_207.1.txt,33,AlwaysVND,1303405,3300,0,NaN,NaN,NaN,NaN,34.5035999999998,965.4294,NaN,NaN,0,0,39,10,6,3300
rc_207.1.txt,33,FB-CMPSO,1303405,3300,0,NaN,NaN,NaN,NaN,35.5895999999997,924.3198,NaN,NaN,2016,22,0,0,0,3300
rc_207.1.txt,33,RKPSO,1303406,3300,0,NaN,NaN,NaN,NaN,3278.1164,1181.9683,NaN,NaN,0,0,0,0,0,3300
rc_207.1.txt,33,LateOnly,1303406,3300,0,NaN,NaN,NaN,NaN,177.305499999999,1006.4454,NaN,NaN,2016,14,0,0,0,3300
rc_207.1.txt,33,LateTo2Opt,1303406,3300,0,NaN,NaN,NaN,NaN,177.305499999999,1006.4454,NaN,NaN,2016,14,0,0,0,3300
rc_207.1.txt,33,AlwaysVND,1303406,3300,0,NaN,NaN,NaN,NaN,14.7779999999998,885.945,NaN,NaN,0,0,46,8,1,3300
rc_207.1.txt,33,FB-CMPSO,1303406,3300,0,NaN,NaN,NaN,NaN,177.305499999999,1006.4454,NaN,NaN,2016,14,0,0,0,3300
rc_207.1.txt,33,RKPSO,1303407,3300,0,NaN,NaN,NaN,NaN,878.057700000001,911.5231,NaN,NaN,0,0,0,0,0,3300
rc_207.1.txt,33,LateOnly,1303407,3300,0,NaN,NaN,NaN,NaN,1.52019999999982,916.5767,NaN,NaN,2016,24,0,0,0,3300
rc_207.1.txt,33,LateTo2Opt,1303407,3300,0,NaN,NaN,NaN,NaN,1.52019999999982,916.5767,NaN,NaN,2016,24,0,0,0,3300
rc_207.1.txt,33,AlwaysVND,1303407,3300,1,2726,2824,81.2301000000002,0.170651470588236,0,819.7711,917.8599,0.118866490145766,0,0,56,7,2,3300
rc_207.1.txt,33,FB-CMPSO,1303407,3300,0,NaN,NaN,NaN,NaN,1.52019999999982,916.5767,NaN,NaN,2016,24,0,0,0,3300
rc_207.1.txt,33,RKPSO,1303408,3300,0,NaN,NaN,NaN,NaN,3389.7021,1210.5818,NaN,NaN,0,0,0,0,0,3300
rc_207.1.txt,33,LateOnly,1303408,3300,0,NaN,NaN,NaN,NaN,2.01639999999998,926.6821,NaN,NaN,2016,17,0,0,0,3300
rc_207.1.txt,33,LateTo2Opt,1303408,3300,0,NaN,NaN,NaN,NaN,2.01639999999998,926.6821,NaN,NaN,2016,17,0,0,0,3300
rc_207.1.txt,33,AlwaysVND,1303408,3300,0,NaN,NaN,NaN,NaN,7.92919999999998,833.4057,NaN,NaN,0,0,53,6,3,3300
rc_207.1.txt,33,FB-CMPSO,1303408,3300,0,NaN,NaN,NaN,NaN,2.01639999999998,926.6821,NaN,NaN,2016,17,0,0,0,3300
rc_207.1.txt,33,RKPSO,1303409,3300,0,NaN,NaN,NaN,NaN,2374.7464,1095.3856,NaN,NaN,0,0,0,0,0,3300
rc_207.1.txt,33,LateOnly,1303409,3300,1,1185,1236,90.6857000000001,0.0439368701550388,0,824.3976,918.1233,0.125180979418027,2016,33,0,0,0,3300
rc_207.1.txt,33,LateTo2Opt,1303409,3300,1,1185,1236,70.6291000000001,0.0342195251937985,0,844.4542,918.1233,0.152555276519081,736,23,9,0,0,3300
rc_207.1.txt,33,AlwaysVND,1303409,3300,1,1913,2012,32.774,0.025445652173913,0,841.7793,912.6135,0.148904433040345,0,0,38,7,4,3300
rc_207.1.txt,33,FB-CMPSO,1303409,3300,1,1185,1236,100.1936,0.0485434108527132,0,814.8897,918.1233,0.112204100016378,736,23,8,5,2,3300
rc_207.1.txt,33,RKPSO,1303410,3300,0,NaN,NaN,NaN,NaN,5188.8553,1070.3388,NaN,NaN,0,0,0,0,0,3300
rc_207.1.txt,33,LateOnly,1303410,3300,1,2104,2120,70.6933000000001,0.0599095762711866,0,886.6173,957.3106,0.210101681498062,2016,24,0,0,0,3300
rc_207.1.txt,33,LateTo2Opt,1303410,3300,1,2104,2120,97.2560000000001,0.0824203389830509,0,860.0546,957.3106,0.173847518698477,1280,20,4,0,0,3300
rc_207.1.txt,33,AlwaysVND,1303410,3300,1,2797,2824,68.5771999999999,0.14406974789916,0,783.4144,851.9916,0.0692449636949283,0,0,42,8,5,3300
rc_207.1.txt,33,FB-CMPSO,1303410,3300,1,2104,2120,145.1758,0.123030338983051,0,812.1348,957.3106,0.108444068351804,1280,20,8,2,2,3300
rc_207.1.txt,33,RKPSO,1303411,3300,0,NaN,NaN,NaN,NaN,3068.9042,1104.737,NaN,NaN,0,0,0,0,0,3300
rc_207.1.txt,33,LateOnly,1303411,3300,0,NaN,NaN,NaN,NaN,12.6931999999999,938.0186,NaN,NaN,2016,19,0,0,0,3300
rc_207.1.txt,33,LateTo2Opt,1303411,3300,0,NaN,NaN,NaN,NaN,12.6931999999999,938.0186,NaN,NaN,2016,19,0,0,0,3300
rc_207.1.txt,33,AlwaysVND,1303411,3300,0,NaN,NaN,NaN,NaN,69.2170000000001,882.6496,NaN,NaN,0,0,53,9,1,3300
rc_207.1.txt,33,FB-CMPSO,1303411,3300,0,NaN,NaN,NaN,NaN,12.6931999999999,938.0186,NaN,NaN,2016,19,0,0,0,3300
rc_207.1.txt,33,RKPSO,1303412,3300,0,NaN,NaN,NaN,NaN,1181.3527,1053.3245,NaN,NaN,0,0,0,0,0,3300
rc_207.1.txt,33,LateOnly,1303412,3300,1,2069,2120,67.5512000000001,0.057246779661017,0,782.1072,849.6584,0.0674608287383303,2016,31,0,0,0,3300
rc_207.1.txt,33,LateTo2Opt,1303412,3300,1,2069,2120,36.7932000000001,0.0311806779661018,0,812.8652,849.6584,0.109440956488508,1280,25,6,0,0,3300
rc_207.1.txt,33,AlwaysVND,1303412,3300,0,NaN,NaN,NaN,NaN,208.2256,908.2597,NaN,NaN,0,0,57,9,1,3300
rc_207.1.txt,33,FB-CMPSO,1303412,3300,1,2069,2120,70.3116,0.0595861016949153,0,779.3468,849.6584,0.0636932903859802,1280,25,7,3,0,3300
rc_207.1.txt,33,RKPSO,1303413,3300,0,NaN,NaN,NaN,NaN,1965.6031,1130.5978,NaN,NaN,0,0,0,0,0,3300
rc_207.1.txt,33,LateOnly,1303413,3300,0,NaN,NaN,NaN,NaN,624.5949,939.9617,NaN,NaN,2016,17,0,0,0,3300
rc_207.1.txt,33,LateTo2Opt,1303413,3300,0,NaN,NaN,NaN,NaN,624.5949,939.9617,NaN,NaN,2016,17,0,0,0,3300
rc_207.1.txt,33,AlwaysVND,1303413,3300,0,NaN,NaN,NaN,NaN,3.68179999999995,875.6773,NaN,NaN,0,0,48,9,3,3300
rc_207.1.txt,33,FB-CMPSO,1303413,3300,0,NaN,NaN,NaN,NaN,624.5949,939.9617,NaN,NaN,2016,17,0,0,0,3300
rc_207.1.txt,33,RKPSO,1303414,3300,0,NaN,NaN,NaN,NaN,3242.1973,1029.6114,NaN,NaN,0,0,0,0,0,3300
rc_207.1.txt,33,LateOnly,1303414,3300,0,NaN,NaN,NaN,NaN,71.3154999999998,975.0486,NaN,NaN,2016,18,0,0,0,3300
rc_207.1.txt,33,LateTo2Opt,1303414,3300,0,NaN,NaN,NaN,NaN,71.3154999999998,975.0486,NaN,NaN,2016,18,0,0,0,3300
rc_207.1.txt,33,AlwaysVND,1303414,3300,0,NaN,NaN,NaN,NaN,356.4682,928.4843,NaN,NaN,0,0,41,10,3,3300
rc_207.1.txt,33,FB-CMPSO,1303414,3300,0,NaN,NaN,NaN,NaN,71.3154999999998,975.0486,NaN,NaN,2016,18,0,0,0,3300
rc_207.1.txt,33,RKPSO,1303415,3300,0,NaN,NaN,NaN,NaN,2672.497,1077.2962,NaN,NaN,0,0,0,0,0,3300
rc_207.1.txt,33,LateOnly,1303415,3300,0,NaN,NaN,NaN,NaN,17.1967999999999,976.0964,NaN,NaN,2016,28,0,0,0,3300
rc_207.1.txt,33,LateTo2Opt,1303415,3300,0,NaN,NaN,NaN,NaN,17.1967999999999,976.0964,NaN,NaN,2016,28,0,0,0,3300
rc_207.1.txt,33,AlwaysVND,1303415,3300,1,3238,3288,0,0,0,803.0452,803.0452,0.0960381066768575,0,0,45,11,3,3300
rc_207.1.txt,33,FB-CMPSO,1303415,3300,0,NaN,NaN,NaN,NaN,17.1967999999999,976.0964,NaN,NaN,2016,28,0,0,0,3300
rc_207.1.txt,33,RKPSO,1303416,3300,0,NaN,NaN,NaN,NaN,3960.4635,1056.1489,NaN,NaN,0,0,0,0,0,3300
rc_207.1.txt,33,LateOnly,1303416,3300,1,2210,2224,38.7511,0.036014033457249,0,850.7541,889.5052,0.161153709668614,2016,31,0,0,0,3300
rc_207.1.txt,33,LateTo2Opt,1303416,3300,1,2210,2224,77.9748000000001,0.0724672862453532,0,811.5304,889.5052,0.107619151607796,1344,24,5,0,0,3300
rc_207.1.txt,33,AlwaysVND,1303416,3300,0,NaN,NaN,NaN,NaN,416.3439,982.0646,NaN,NaN,0,0,51,7,2,3300
rc_207.1.txt,33,FB-CMPSO,1303416,3300,1,2210,2224,78.1472000000001,0.0726275092936804,0,811.358,889.5052,0.107383851067315,1344,24,6,3,0,3300
rc_207.1.txt,33,RKPSO,1303417,3300,0,NaN,NaN,NaN,NaN,2536.0036,1068.272,NaN,NaN,0,0,0,0,0,3300
rc_207.1.txt,33,LateOnly,1303417,3300,0,NaN,NaN,NaN,NaN,604.7907,1024.9806,NaN,NaN,2016,17,0,0,0,3300
rc_207.1.txt,33,LateTo2Opt,1303417,3300,0,NaN,NaN,NaN,NaN,604.7907,1024.9806,NaN,NaN,2016,17,0,0,0,3300
rc_207.1.txt,33,AlwaysVND,1303417,3300,0,NaN,NaN,NaN,NaN,17.6629,877.7082,NaN,NaN,0,0,45,11,1,3300
rc_207.1.txt,33,FB-CMPSO,1303417,3300,0,NaN,NaN,NaN,NaN,604.7907,1024.9806,NaN,NaN,2016,17,0,0,0,3300
rc_207.1.txt,33,RKPSO,1303418,3300,0,NaN,NaN,NaN,NaN,3428.1337,991.5359,NaN,NaN,0,0,0,0,0,3300
rc_207.1.txt,33,LateOnly,1303418,3300,0,NaN,NaN,NaN,NaN,5.37079999999997,892.2016,NaN,NaN,2016,24,0,0,0,3300
rc_207.1.txt,33,LateTo2Opt,1303418,3300,0,NaN,NaN,NaN,NaN,5.37079999999997,892.2016,NaN,NaN,2016,24,0,0,0,3300
rc_207.1.txt,33,AlwaysVND,1303418,3300,0,NaN,NaN,NaN,NaN,173.4852,873.029,NaN,NaN,0,0,50,9,2,3300
rc_207.1.txt,33,FB-CMPSO,1303418,3300,0,NaN,NaN,NaN,NaN,5.37079999999997,892.2016,NaN,NaN,2016,24,0,0,0,3300
rc_207.1.txt,33,RKPSO,1303419,3300,0,NaN,NaN,NaN,NaN,945.9383,1061.2503,NaN,NaN,0,0,0,0,0,3300
rc_207.1.txt,33,LateOnly,1303419,3300,1,3043,3056,15.5682,0.0638040983606559,0,912.0292,927.5974,0.244785172244363,2016,21,0,0,0,3300
rc_207.1.txt,33,LateTo2Opt,1303419,3300,1,3043,3056,56.0984,0.229911475409836,0,871.499,927.5974,0.189467434623574,1856,18,2,0,0,3300
rc_207.1.txt,33,AlwaysVND,1303419,3300,0,NaN,NaN,NaN,NaN,258.6816,912.4645,NaN,NaN,0,0,51,12,1,3300
rc_207.1.txt,33,FB-CMPSO,1303419,3300,1,3043,3056,88.3632000000001,0.362144262295082,0,839.2342,927.5974,0.145430747393132,1856,18,4,0,0,3300
rc_207.1.txt,33,RKPSO,1303420,3300,0,NaN,NaN,NaN,NaN,1849.0066,986.417,NaN,NaN,0,0,0,0,0,3300
rc_207.1.txt,33,LateOnly,1303420,3300,1,2583,2588,76.5273000000001,0.107482162921348,0,837.3988,913.9261,0.142925697439537,2016,26,0,0,0,3300
rc_207.1.txt,33,LateTo2Opt,1303420,3300,1,2583,2588,69.7817999999999,0.0980081460674155,0,844.1443,913.9261,0.15213230878419,1568,21,5,0,0,3300
rc_207.1.txt,33,AlwaysVND,1303420,3300,0,NaN,NaN,NaN,NaN,211.7164,827.202,NaN,NaN,0,0,46,9,2,3300
rc_207.1.txt,33,FB-CMPSO,1303420,3300,1,2583,2588,71.0307,0.0997622191011236,0,842.8954,913.9261,0.150427744718021,1568,21,4,2,0,3300
rc_207.1.txt,33,RKPSO,1303421,3300,0,NaN,NaN,NaN,NaN,3270.4972,983.5904,NaN,NaN,0,0,0,0,0,3300
rc_207.1.txt,33,LateOnly,1303421,3300,0,NaN,NaN,NaN,NaN,351.784500000001,1034.3093,NaN,NaN,2016,22,0,0,0,3300
rc_207.1.txt,33,LateTo2Opt,1303421,3300,0,NaN,NaN,NaN,NaN,351.784500000001,1034.3093,NaN,NaN,2016,22,0,0,0,3300
rc_207.1.txt,33,AlwaysVND,1303421,3300,0,NaN,NaN,NaN,NaN,238.7614,893.631,NaN,NaN,0,0,55,6,2,3300
rc_207.1.txt,33,FB-CMPSO,1303421,3300,0,NaN,NaN,NaN,NaN,351.784500000001,1034.3093,NaN,NaN,2016,22,0,0,0,3300
rc_207.1.txt,33,RKPSO,1303422,3300,0,NaN,NaN,NaN,NaN,1786.9189,1055.0715,NaN,NaN,0,0,0,0,0,3300
rc_207.1.txt,33,LateOnly,1303422,3300,0,NaN,NaN,NaN,NaN,102.601799999999,956.4667,NaN,NaN,2016,22,0,0,0,3300
rc_207.1.txt,33,LateTo2Opt,1303422,3300,0,NaN,NaN,NaN,NaN,102.601799999999,956.4667,NaN,NaN,2016,22,0,0,0,3300
rc_207.1.txt,33,AlwaysVND,1303422,3300,1,2782,2824,54.4773999999999,0.114448319327731,0,825.5407,880.0181,0.126741142108424,0,0,53,9,2,3300
rc_207.1.txt,33,FB-CMPSO,1303422,3300,0,NaN,NaN,NaN,NaN,102.601799999999,956.4667,NaN,NaN,2016,22,0,0,0,3300
rc_207.1.txt,33,RKPSO,1303423,3300,0,NaN,NaN,NaN,NaN,3796.6776,956.4514,NaN,NaN,0,0,0,0,0,3300
rc_207.1.txt,33,LateOnly,1303423,3300,0,NaN,NaN,NaN,NaN,132.5519,961.4103,NaN,NaN,2016,23,0,0,0,3300
rc_207.1.txt,33,LateTo2Opt,1303423,3300,0,NaN,NaN,NaN,NaN,132.5519,961.4103,NaN,NaN,2016,23,0,0,0,3300
rc_207.1.txt,33,AlwaysVND,1303423,3300,1,3120,3172,0.976400000000012,0.0076281250000001,0,923.823,924.7994,0.260881967571109,0,0,57,9,0,3300
rc_207.1.txt,33,FB-CMPSO,1303423,3300,0,NaN,NaN,NaN,NaN,132.5519,961.4103,NaN,NaN,2016,23,0,0,0,3300
rc_207.1.txt,33,RKPSO,1303424,3300,0,NaN,NaN,NaN,NaN,3041.8892,1114.1152,NaN,NaN,0,0,0,0,0,3300
rc_207.1.txt,33,LateOnly,1303424,3300,0,NaN,NaN,NaN,NaN,785.781,1073.6379,NaN,NaN,2016,20,0,0,0,3300
rc_207.1.txt,33,LateTo2Opt,1303424,3300,0,NaN,NaN,NaN,NaN,785.781,1073.6379,NaN,NaN,2016,20,0,0,0,3300
rc_207.1.txt,33,AlwaysVND,1303424,3300,1,3265,3288,0,0,0,880.2616,880.2616,0.201427089588907,0,0,49,9,4,3300
rc_207.1.txt,33,FB-CMPSO,1303424,3300,0,NaN,NaN,NaN,NaN,785.781,1073.6379,NaN,NaN,2016,20,0,0,0,3300
rc_207.1.txt,33,RKPSO,1303425,3300,0,NaN,NaN,NaN,NaN,2130.3779,1077.8759,NaN,NaN,0,0,0,0,0,3300
rc_207.1.txt,33,LateOnly,1303425,3300,0,NaN,NaN,NaN,NaN,220.5938,951.9816,NaN,NaN,2016,19,0,0,0,3300
rc_207.1.txt,33,LateTo2Opt,1303425,3300,0,NaN,NaN,NaN,NaN,220.5938,951.9816,NaN,NaN,2016,19,0,0,0,3300
rc_207.1.txt,33,AlwaysVND,1303425,3300,0,NaN,NaN,NaN,NaN,206.1708,911.2113,NaN,NaN,0,0,57,9,2,3300
rc_207.1.txt,33,FB-CMPSO,1303425,3300,0,NaN,NaN,NaN,NaN,220.5938,951.9816,NaN,NaN,2016,19,0,0,0,3300
rc_207.1.txt,33,RKPSO,1303426,3300,0,NaN,NaN,NaN,NaN,3845.7283,1032.833,NaN,NaN,0,0,0,0,0,3300
rc_207.1.txt,33,LateOnly,1303426,3300,0,NaN,NaN,NaN,NaN,103.2483,1004.0819,NaN,NaN,2016,19,0,0,0,3300
rc_207.1.txt,33,LateTo2Opt,1303426,3300,0,NaN,NaN,NaN,NaN,103.2483,1004.0819,NaN,NaN,2016,19,0,0,0,3300
rc_207.1.txt,33,AlwaysVND,1303426,3300,0,NaN,NaN,NaN,NaN,612.818800000001,899.967,NaN,NaN,0,0,43,13,3,3300
rc_207.1.txt,33,FB-CMPSO,1303426,3300,0,NaN,NaN,NaN,NaN,103.2483,1004.0819,NaN,NaN,2016,19,0,0,0,3300
rc_207.1.txt,33,RKPSO,1303427,3300,0,NaN,NaN,NaN,NaN,2864.5403,1120.0896,NaN,NaN,0,0,0,0,0,3300
rc_207.1.txt,33,LateOnly,1303427,3300,0,NaN,NaN,NaN,NaN,52.1355000000001,918.7495,NaN,NaN,2016,22,0,0,0,3300
rc_207.1.txt,33,LateTo2Opt,1303427,3300,0,NaN,NaN,NaN,NaN,52.1355000000001,918.7495,NaN,NaN,2016,22,0,0,0,3300
rc_207.1.txt,33,AlwaysVND,1303427,3300,0,NaN,NaN,NaN,NaN,144.668,861.1107,NaN,NaN,0,0,45,10,2,3300
rc_207.1.txt,33,FB-CMPSO,1303427,3300,0,NaN,NaN,NaN,NaN,52.1355000000001,918.7495,NaN,NaN,2016,22,0,0,0,3300
rc_207.1.txt,33,RKPSO,1303428,3300,0,NaN,NaN,NaN,NaN,4418.0498,1050.9423,NaN,NaN,0,0,0,0,0,3300
rc_207.1.txt,33,LateOnly,1303428,3300,1,2944,2952,24.0022000000001,0.0689718390804601,0,901.6912,925.6934,0.23067532892941,2016,21,0,0,0,3300
rc_207.1.txt,33,LateTo2Opt,1303428,3300,1,2944,2952,54.2748000000003,0.155962068965518,0,871.4186,925.6934,0.189357700496806,1792,20,3,0,0,3300
rc_207.1.txt,33,AlwaysVND,1303428,3300,0,NaN,NaN,NaN,NaN,639.8325,936.4923,NaN,NaN,0,0,41,8,4,3300
rc_207.1.txt,33,FB-CMPSO,1303428,3300,1,2944,2952,24.4222000000001,0.0701787356321842,0,901.2712,925.6934,0.230102090953759,1792,20,1,2,1,3300
rc_207.1.txt,33,RKPSO,1303429,3300,0,NaN,NaN,NaN,NaN,2530.1461,1034.1226,NaN,NaN,0,0,0,0,0,3300
rc_207.1.txt,33,LateOnly,1303429,3300,0,NaN,NaN,NaN,NaN,400.4676,961.419,NaN,NaN,2016,21,0,0,0,3300
rc_207.1.txt,33,LateTo2Opt,1303429,3300,0,NaN,NaN,NaN,NaN,400.4676,961.419,NaN,NaN,2016,21,0,0,0,3300
rc_207.1.txt,33,AlwaysVND,1303429,3300,0,NaN,NaN,NaN,NaN,278.7438,946.627,NaN,NaN,0,0,46,9,4,3300
rc_207.1.txt,33,FB-CMPSO,1303429,3300,0,NaN,NaN,NaN,NaN,400.4676,961.419,NaN,NaN,2016,21,0,0,0,3300
rc_207.1.txt,33,RKPSO,1303430,3300,0,NaN,NaN,NaN,NaN,3717.8734,1101.4524,NaN,NaN,0,0,0,0,0,3300
rc_207.1.txt,33,LateOnly,1303430,3300,0,NaN,NaN,NaN,NaN,13.8326999999998,944.0903,NaN,NaN,2016,24,0,0,0,3300
rc_207.1.txt,33,LateTo2Opt,1303430,3300,0,NaN,NaN,NaN,NaN,13.8326999999998,944.0903,NaN,NaN,2016,24,0,0,0,3300
rc_207.1.txt,33,AlwaysVND,1303430,3300,0,NaN,NaN,NaN,NaN,111.9662,961.8896,NaN,NaN,0,0,55,4,4,3300
rc_207.1.txt,33,FB-CMPSO,1303430,3300,0,NaN,NaN,NaN,NaN,13.8326999999998,944.0903,NaN,NaN,2016,24,0,0,0,3300
rc_207.2.txt,30,RKPSO,1303501,3000,0,NaN,NaN,NaN,NaN,1979.6477,920.5089,NaN,NaN,0,0,0,0,0,3000
rc_207.2.txt,30,LateOnly,1303501,3000,0,NaN,NaN,NaN,NaN,105.8796,872.00984,NaN,NaN,1760,20,0,0,0,3000
rc_207.2.txt,30,LateTo2Opt,1303501,3000,0,NaN,NaN,NaN,NaN,105.8796,872.00984,NaN,NaN,1760,20,0,0,0,3000
rc_207.2.txt,30,AlwaysVND,1303501,3000,0,NaN,NaN,NaN,NaN,18.7362000000001,770.25844,NaN,NaN,0,0,35,10,5,3000
rc_207.2.txt,30,FB-CMPSO,1303501,3000,0,NaN,NaN,NaN,NaN,105.8796,872.00984,NaN,NaN,1760,20,0,0,0,3000
rc_207.2.txt,30,RKPSO,1303502,3000,0,NaN,NaN,NaN,NaN,1794.0255,956.2018,NaN,NaN,0,0,0,0,0,3000
rc_207.2.txt,30,LateOnly,1303502,3000,0,NaN,NaN,NaN,NaN,249.5858,865.22134,NaN,NaN,1760,19,0,0,0,3000
rc_207.2.txt,30,LateTo2Opt,1303502,3000,0,NaN,NaN,NaN,NaN,249.5858,865.22134,NaN,NaN,1760,19,0,0,0,3000
rc_207.2.txt,30,AlwaysVND,1303502,3000,0,NaN,NaN,NaN,NaN,195.3549,870.2961,NaN,NaN,0,0,38,10,2,3000
rc_207.2.txt,30,FB-CMPSO,1303502,3000,0,NaN,NaN,NaN,NaN,249.5858,865.22134,NaN,NaN,1760,19,0,0,0,3000
rc_207.2.txt,30,RKPSO,1303503,3000,0,NaN,NaN,NaN,NaN,1115.9326,962.4868,NaN,NaN,0,0,0,0,0,3000
rc_207.2.txt,30,LateOnly,1303503,3000,0,NaN,NaN,NaN,NaN,606.1387,987.69394,NaN,NaN,1760,16,0,0,0,3000
rc_207.2.txt,30,LateTo2Opt,1303503,3000,0,NaN,NaN,NaN,NaN,606.1387,987.69394,NaN,NaN,1760,16,0,0,0,3000
rc_207.2.txt,30,AlwaysVND,1303503,3000,0,NaN,NaN,NaN,NaN,69.492,844.40464,NaN,NaN,0,0,45,5,6,3000
rc_207.2.txt,30,FB-CMPSO,1303503,3000,0,NaN,NaN,NaN,NaN,606.1387,987.69394,NaN,NaN,1760,16,0,0,0,3000
rc_207.2.txt,30,RKPSO,1303504,3000,0,NaN,NaN,NaN,NaN,1758.6478,908.459,NaN,NaN,0,0,0,0,0,3000
rc_207.2.txt,30,LateOnly,1303504,3000,1,948,971,142.6152,0.0702884179398718,0,801.32414,951.63684,0.142708221033868,1760,28,0,0,0,3000
rc_207.2.txt,30,LateTo2Opt,1303504,3000,1,948,971,153.5161,0.0756609659931001,0,790.42324,951.63684,0.127163265597148,551,19,10,0,0,3000
rc_207.2.txt,30,AlwaysVND,1303504,3000,0,NaN,NaN,NaN,NaN,0.623199999999997,833.36254,NaN,NaN,0,0,27,9,7,3000
rc_207.2.txt,30,FB-CMPSO,1303504,3000,1,948,971,186.4458,0.0918904879250862,0,757.49354,951.63684,0.0802046916221035,551,19,6,2,7,3000
rc_207.2.txt,30,RKPSO,1303505,3000,0,NaN,NaN,NaN,NaN,1141.5683,895.9273,NaN,NaN,0,0,0,0,0,3000
rc_207.2.txt,30,LateOnly,1303505,3000,0,NaN,NaN,NaN,NaN,238.163999999999,885.8516,NaN,NaN,1760,15,0,0,0,3000
rc_207.2.txt,30,LateTo2Opt,1303505,3000,0,NaN,NaN,NaN,NaN,238.163999999999,885.8516,NaN,NaN,1760,15,0,0,0,3000
rc_207.2.txt,30,AlwaysVND,1303505,3000,0,NaN,NaN,NaN,NaN,427.3338,831.0751,NaN,NaN,0,0,45,6,1,3000
rc_207.2.txt,30,FB-CMPSO,1303505,3000,0,NaN,NaN,NaN,NaN,238.163999999999,885.8516,NaN,NaN,1760,15,0,0,0,3000
rc_207.2.txt,30,RKPSO,1303506,3000,0,NaN,NaN,NaN,NaN,786.592300000001,950.2974,NaN,NaN,0,0,0,0,0,3000
rc_207.2.txt,30,LateOnly,1303506,3000,1,1042,1069,81.3063000000001,0.0421058001035733,0,791.51794,872.82424,0.128724335115864,1760,31,0,0,0,3000
rc_207.2.txt,30,LateTo2Opt,1303506,3000,1,1042,1069,8.44500000000005,0.0043733816675298,0,864.37924,872.82424,0.232626367201426,609,21,3,0,0,3000
rc_207.2.txt,30,AlwaysVND,1303506,3000,0,NaN,NaN,NaN,NaN,277.1855,781.53144,NaN,NaN,0,0,44,7,2,3000
rc_207.2.txt,30,FB-CMPSO,1303506,3000,1,1042,1069,45.889,0.0237643707923356,0,826.93524,872.82424,0.179230288770054,609,21,0,2,7,3000
rc_207.2.txt,30,RKPSO,1303507,3000,0,NaN,NaN,NaN,NaN,1254.7051,847.7612,NaN,NaN,0,0,0,0,0,3000
rc_207.2.txt,30,LateOnly,1303507,3000,1,1746,1755,120.3744,0.096686265060241,0,830.15034,950.52474,0.183815101604278,1760,25,0,0,0,3000
rc_207.2.txt,30,LateTo2Opt,1303507,3000,1,1746,1755,111.6701,0.0896948594377509,0,838.85464,950.52474,0.196227650623886,1015,17,7,0,0,3000
rc_207.2.txt,30,AlwaysVND,1303507,3000,0,NaN,NaN,NaN,NaN,257.773899999999,870.3377,NaN,NaN,0,0,48,11,2,3000
rc_207.2.txt,30,FB-CMPSO,1303507,3000,1,1746,1755,107.0774,0.0860059437751004,0,843.44734,950.52474,0.20277695543672,1015,17,7,0,2,3000
rc_207.2.txt,30,RKPSO,1303508,3000,0,NaN,NaN,NaN,NaN,872.3521,899.7986,NaN,NaN,0,0,0,0,0,3000
rc_207.2.txt,30,LateOnly,1303508,3000,0,NaN,NaN,NaN,NaN,1015.5965,960.3044,NaN,NaN,1760,16,0,0,0,3000
rc_207.2.txt,30,LateTo2Opt,1303508,3000,0,NaN,NaN,NaN,NaN,1015.5965,960.3044,NaN,NaN,1760,16,0,0,0,3000
rc_207.2.txt,30,AlwaysVND,1303508,3000,0,NaN,NaN,NaN,NaN,83.8549,888.8702,NaN,NaN,0,0,37,12,5,3000
rc_207.2.txt,30,FB-CMPSO,1303508,3000,0,NaN,NaN,NaN,NaN,1015.5965,960.3044,NaN,NaN,1760,16,0,0,0,3000
rc_207.2.txt,30,RKPSO,1303509,3000,0,NaN,NaN,NaN,NaN,441.6469,859.6935,NaN,NaN,0,0,0,0,0,3000
rc_207.2.txt,30,LateOnly,1303509,3000,1,2732,2735,10.3507000000002,0.0390592452830196,0,879.24944,889.60014,0.253831643493761,1760,20,0,0,0,3000
rc_207.2.txt,30,LateTo2Opt,1303509,3000,1,2732,2735,40.7226000000001,0.153670188679246,0,848.87754,889.60014,0.210520556149733,1595,18,3,0,0,3000
rc_207.2.txt,30,AlwaysVND,1303509,3000,0,NaN,NaN,NaN,NaN,13.3204000000002,847.6592,NaN,NaN,0,0,44,4,5,3000
rc_207.2.txt,30,FB-CMPSO,1303509,3000,1,2732,2735,10.3035000000001,0.0388811320754721,0,879.29664,889.60014,0.253898951871658,1595,18,1,1,0,3000
rc_207.2.txt,30,RKPSO,1303510,3000,0,NaN,NaN,NaN,NaN,1246.5272,930.8321,NaN,NaN,0,0,0,0,0,3000
rc_207.2.txt,30,LateOnly,1303510,3000,0,NaN,NaN,NaN,NaN,264.851400000001,968.6558,NaN,NaN,1760,17,0,0,0,3000
rc_207.2.txt,30,LateTo2Opt,1303510,3000,0,NaN,NaN,NaN,NaN,264.851400000001,968.6558,NaN,NaN,1760,17,0,0,0,3000
rc_207.2.txt,30,AlwaysVND,1303510,3000,0,NaN,NaN,NaN,NaN,329.3434,872.8797,NaN,NaN,0,0,36,7,5,3000
rc_207.2.txt,30,FB-CMPSO,1303510,3000,0,NaN,NaN,NaN,NaN,264.851400000001,968.6558,NaN,NaN,1760,17,0,0,0,3000
rc_207.2.txt,30,RKPSO,1303511,3000,0,NaN,NaN,NaN,NaN,999.263799999999,943.7734,NaN,NaN,0,0,0,0,0,3000
rc_207.2.txt,30,LateOnly,1303511,3000,0,NaN,NaN,NaN,NaN,358.139600000001,935.2723,NaN,NaN,1760,18,0,0,0,3000
rc_207.2.txt,30,LateTo2Opt,1303511,3000,0,NaN,NaN,NaN,NaN,358.139600000001,935.2723,NaN,NaN,1760,18,0,0,0,3000
rc_207.2.txt,30,AlwaysVND,1303511,3000,0,NaN,NaN,NaN,NaN,361.643100000001,872.9181,NaN,NaN,0,0,41,12,3,3000
rc_207.2.txt,30,FB-CMPSO,1303511,3000,0,NaN,NaN,NaN,NaN,358.139600000001,935.2723,NaN,NaN,1760,18,0,0,0,3000
rc_207.2.txt,30,RKPSO,1303512,3000,0,NaN,NaN,NaN,NaN,1212.7917,902.8976,NaN,NaN,0,0,0,0,0,3000
rc_207.2.txt,30,LateOnly,1303512,3000,0,NaN,NaN,NaN,NaN,17.801,932.89844,NaN,NaN,1760,22,0,0,0,3000
rc_207.2.txt,30,LateTo2Opt,1303512,3000,0,NaN,NaN,NaN,NaN,17.801,932.89844,NaN,NaN,1760,22,0,0,0,3000
rc_207.2.txt,30,AlwaysVND,1303512,3000,0,NaN,NaN,NaN,NaN,87.8049,829.352,NaN,NaN,0,0,32,10,3,3000
rc_207.2.txt,30,FB-CMPSO,1303512,3000,0,NaN,NaN,NaN,NaN,17.801,932.89844,NaN,NaN,1760,22,0,0,0,3000
rc_207.2.txt,30,RKPSO,1303513,3000,0,NaN,NaN,NaN,NaN,1900.1033,910.3913,NaN,NaN,0,0,0,0,0,3000
rc_207.2.txt,30,LateOnly,1303513,3000,0,NaN,NaN,NaN,NaN,273.9041,838.19124,NaN,NaN,1760,20,0,0,0,3000
rc_207.2.txt,30,LateTo2Opt,1303513,3000,0,NaN,NaN,NaN,NaN,273.9041,838.19124,NaN,NaN,1760,20,0,0,0,3000
rc_207.2.txt,30,AlwaysVND,1303513,3000,1,2688,2715,14.8538,0.052118596491228,0,735.71704,750.57084,0.0491508591800356,0,0,45,9,2,3000
rc_207.2.txt,30,FB-CMPSO,1303513,3000,0,NaN,NaN,NaN,NaN,273.9041,838.19124,NaN,NaN,1760,20,0,0,0,3000
rc_207.2.txt,30,RKPSO,1303514,3000,0,NaN,NaN,NaN,NaN,1697.4759,953.7755,NaN,NaN,0,0,0,0,0,3000
rc_207.2.txt,30,LateOnly,1303514,3000,0,NaN,NaN,NaN,NaN,10.9809000000001,915.98144,NaN,NaN,1760,16,0,0,0,3000
rc_207.2.txt,30,LateTo2Opt,1303514,3000,0,NaN,NaN,NaN,NaN,10.9809000000001,915.98144,NaN,NaN,1760,16,0,0,0,3000
rc_207.2.txt,30,AlwaysVND,1303514,3000,0,NaN,NaN,NaN,NaN,52.6466000000001,896.62024,NaN,NaN,0,0,48,4,1,3000
rc_207.2.txt,30,FB-CMPSO,1303514,3000,0,NaN,NaN,NaN,NaN,10.9809000000001,915.98144,NaN,NaN,1760,16,0,0,0,3000
rc_207.2.txt,30,RKPSO,1303515,3000,0,NaN,NaN,NaN,NaN,1227.7415,925.705,NaN,NaN,0,0,0,0,0,3000
rc_207.2.txt,30,LateOnly,1303515,3000,0,NaN,NaN,NaN,NaN,170.9383,933.21244,NaN,NaN,1760,15,0,0,0,3000
rc_207.2.txt,30,LateTo2Opt,1303515,3000,0,NaN,NaN,NaN,NaN,170.9383,933.21244,NaN,NaN,1760,15,0,0,0,3000
rc_207.2.txt,30,AlwaysVND,1303515,3000,0,NaN,NaN,NaN,NaN,56.6549,863.01494,NaN,NaN,0,0,43,2,6,3000
rc_207.2.txt,30,FB-CMPSO,1303515,3000,0,NaN,NaN,NaN,NaN,170.9383,933.21244,NaN,NaN,1760,15,0,0,0,3000
rc_207.2.txt,30,RKPSO,1303516,3000,0,NaN,NaN,NaN,NaN,1454.4519,777.79874,NaN,NaN,0,0,0,0,0,3000
rc_207.2.txt,30,LateOnly,1303516,3000,0,NaN,NaN,NaN,NaN,75.6476,863.36484,NaN,NaN,1760,20,0,0,0,3000
rc_207.2.txt,30,LateTo2Opt,1303516,3000,0,NaN,NaN,NaN,NaN,75.6476,863.36484,NaN,NaN,1760,20,0,0,0,3000
rc_207.2.txt,30,AlwaysVND,1303516,3000,0,NaN,NaN,NaN,NaN,47.3033999999998,938.5233,NaN,NaN,0,0,31,12,4,3000
rc_207.2.txt,30,FB-CMPSO,1303516,3000,0,NaN,NaN,NaN,NaN,75.6476,863.36484,NaN,NaN,1760,20,0,0,0,3000
rc_207.2.txt,30,RKPSO,1303517,3000,0,NaN,NaN,NaN,NaN,1295.2221,796.6753,NaN,NaN,0,0,0,0,0,3000
rc_207.2.txt,30,LateOnly,1303517,3000,1,1911,1951,42.7804,0.0407820781696854,0,844.3525,901.0819,0.204067736185383,1760,26,0,0,0,3000
rc_207.2.txt,30,LateTo2Opt,1303517,3000,1,1911,1951,64.7299999999999,0.0617063870352716,0,822.4029,901.0819,0.172767058823529,1131,22,7,0,0,3000
rc_207.2.txt,30,AlwaysVND,1303517,3000,0,NaN,NaN,NaN,NaN,122.6633,875.51204,NaN,NaN,0,0,38,10,4,3000
rc_207.2.txt,30,FB-CMPSO,1303517,3000,1,1911,1951,62.8573,0.0599211630123928,0,824.2756,901.0819,0.175437575757576,1131,22,2,3,1,3000
rc_207.2.txt,30,RKPSO,1303518,3000,0,NaN,NaN,NaN,NaN,1500.9704,960.9639,NaN,NaN,0,0,0,0,0,3000
rc_207.2.txt,30,LateOnly,1303518,3000,0,NaN,NaN,NaN,NaN,442.5503,941.0096,NaN,NaN,1760,18,0,0,0,3000
rc_207.2.txt,30,LateTo2Opt,1303518,3000,0,NaN,NaN,NaN,NaN,442.5503,941.0096,NaN,NaN,1760,18,0,0,0,3000
rc_207.2.txt,30,AlwaysVND,1303518,3000,0,NaN,NaN,NaN,NaN,18.7362000000001,781.72984,NaN,NaN,0,0,53,10,1,3000
rc_207.2.txt,30,FB-CMPSO,1303518,3000,0,NaN,NaN,NaN,NaN,442.5503,941.0096,NaN,NaN,1760,18,0,0,0,3000
rc_207.2.txt,30,RKPSO,1303519,3000,0,NaN,NaN,NaN,NaN,1126.9118,878.7764,NaN,NaN,0,0,0,0,0,3000
rc_207.2.txt,30,LateOnly,1303519,3000,0,NaN,NaN,NaN,NaN,157.2303,875.09064,NaN,NaN,1760,23,0,0,0,3000
rc_207.2.txt,30,LateTo2Opt,1303519,3000,0,NaN,NaN,NaN,NaN,157.2303,875.09064,NaN,NaN,1760,23,0,0,0,3000
rc_207.2.txt,30,AlwaysVND,1303519,3000,0,NaN,NaN,NaN,NaN,110.5131,796.18474,NaN,NaN,0,0,42,10,4,3000
rc_207.2.txt,30,FB-CMPSO,1303519,3000,0,NaN,NaN,NaN,NaN,157.2303,875.09064,NaN,NaN,1760,23,0,0,0,3000
rc_207.2.txt,30,RKPSO,1303520,3000,0,NaN,NaN,NaN,NaN,1761.0721,904.6607,NaN,NaN,0,0,0,0,0,3000
rc_207.2.txt,30,LateOnly,1303520,3000,1,973,1020,180.4727,0.0911478282828282,0,729.38354,909.85624,0.0401191301247771,1760,29,0,0,0,3000
rc_207.2.txt,30,LateTo2Opt,1303520,3000,1,973,1020,102.7788,0.0519084848484848,0,807.07744,909.85624,0.150912570409982,580,20,9,0,0,3000
rc_207.2.txt,30,AlwaysVND,1303520,3000,0,NaN,NaN,NaN,NaN,89.4679,858.6284,NaN,NaN,0,0,36,10,3,3000
rc_207.2.txt,30,FB-CMPSO,1303520,3000,1,973,1020,100.2246,0.0506184848484848,0,809.63164,909.85624,0.154554923351158,580,20,3,1,6,3000
rc_207.2.txt,30,RKPSO,1303521,3000,0,NaN,NaN,NaN,NaN,1590.9092,908.9368,NaN,NaN,0,0,0,0,0,3000
rc_207.2.txt,30,LateOnly,1303521,3000,0,NaN,NaN,NaN,NaN,30.6904000000001,863.164,NaN,NaN,1760,20,0,0,0,3000
rc_207.2.txt,30,LateTo2Opt,1303521,3000,0,NaN,NaN,NaN,NaN,30.6904000000001,863.164,NaN,NaN,1760,20,0,0,0,3000
rc_207.2.txt,30,AlwaysVND,1303521,3000,1,2262,2287,19.2349999999999,0.026977559607293,0,805.38924,824.62424,0.148505155080214,0,0,32,8,3,3000
rc_207.2.txt,30,FB-CMPSO,1303521,3000,0,NaN,NaN,NaN,NaN,30.6904000000001,863.164,NaN,NaN,1760,20,0,0,0,3000
rc_207.2.txt,30,RKPSO,1303522,3000,0,NaN,NaN,NaN,NaN,1883.1976,800.5238,NaN,NaN,0,0,0,0,0,3000
rc_207.2.txt,30,LateOnly,1303522,3000,0,NaN,NaN,NaN,NaN,573.9458,854.07894,NaN,NaN,1760,12,0,0,0,3000
rc_207.2.txt,30,LateTo2Opt,1303522,3000,0,NaN,NaN,NaN,NaN,573.9458,854.07894,NaN,NaN,1760,12,0,0,0,3000
rc_207.2.txt,30,AlwaysVND,1303522,3000,0,NaN,NaN,NaN,NaN,374.2987,853.76084,NaN,NaN,0,0,33,9,5,3000
rc_207.2.txt,30,FB-CMPSO,1303522,3000,0,NaN,NaN,NaN,NaN,573.9458,854.07894,NaN,NaN,1760,12,0,0,0,3000
rc_207.2.txt,30,RKPSO,1303523,3000,0,NaN,NaN,NaN,NaN,894.2275,970.0386,NaN,NaN,0,0,0,0,0,3000
rc_207.2.txt,30,LateOnly,1303523,3000,1,932,971,60.4839000000001,0.0298097092163628,0,780.87374,841.35764,0.113545440285205,1760,28,0,0,0,3000
rc_207.2.txt,30,LateTo2Opt,1303523,3000,1,932,971,40.2446,0.0198346968950222,0,801.11304,841.35764,0.142407187165775,551,19,6,0,0,3000
rc_207.2.txt,30,AlwaysVND,1303523,3000,1,2947,NaN,0,0,0,870.05804,873.55764,0.24072447771836,0,0,39,8,6,3000
rc_207.2.txt,30,FB-CMPSO,1303523,3000,1,932,971,50.7229000000001,0.0249989650073929,0,790.63474,841.35764,0.127464869875223,551,19,10,3,2,3000
rc_207.2.txt,30,RKPSO,1303524,3000,0,NaN,NaN,NaN,NaN,1429.7219,899.0798,NaN,NaN,0,0,0,0,0,3000
rc_207.2.txt,30,LateOnly,1303524,3000,0,NaN,NaN,NaN,NaN,81.2291000000002,874.42434,NaN,NaN,1760,17,0,0,0,3000
rc_207.2.txt,30,LateTo2Opt,1303524,3000,0,NaN,NaN,NaN,NaN,81.2291000000002,874.42434,NaN,NaN,1760,17,0,0,0,3000
rc_207.2.txt,30,AlwaysVND,1303524,3000,0,NaN,NaN,NaN,NaN,43.4892999999999,802.16194,NaN,NaN,0,0,35,8,5,3000
rc_207.2.txt,30,FB-CMPSO,1303524,3000,0,NaN,NaN,NaN,NaN,81.2291000000002,874.42434,NaN,NaN,1760,17,0,0,0,3000
rc_207.2.txt,30,RKPSO,1303525,3000,0,NaN,NaN,NaN,NaN,1674.9131,963.1116,NaN,NaN,0,0,0,0,0,3000
rc_207.2.txt,30,LateOnly,1303525,3000,1,2628,2637,47.1337000000002,0.129844903581268,0,846.12864,915.36944,0.206600556149732,1760,17,0,0,0,3000
rc_207.2.txt,30,LateTo2Opt,1303525,3000,1,2628,2637,46.5386000000001,0.128205509641874,0,846.72374,915.36944,0.207449183600713,1537,13,4,0,0,3000
rc_207.2.txt,30,AlwaysVND,1303525,3000,1,2896,2929,0,0,0,848.18044,848.18044,0.209526474153298,0,0,50,5,4,3000
rc_207.2.txt,30,FB-CMPSO,1303525,3000,1,2628,2637,39.6153,0.10913305785124,0,853.64704,915.36944,0.217321982174688,1537,13,2,2,0,3000
rc_207.2.txt,30,RKPSO,1303526,3000,0,NaN,NaN,NaN,NaN,1332.2139,787.34524,NaN,NaN,0,0,0,0,0,3000
rc_207.2.txt,30,LateOnly,1303526,3000,0,NaN,NaN,NaN,NaN,815.6332,858.5895,NaN,NaN,1760,12,0,0,0,3000
rc_207.2.txt,30,LateTo2Opt,1303526,3000,0,NaN,NaN,NaN,NaN,815.6332,858.5895,NaN,NaN,1760,12,0,0,0,3000
rc_207.2.txt,30,AlwaysVND,1303526,3000,1,2859,2929,0.736999999999853,0.0103802816901388,0,893.53474,894.27174,0.274202837789662,0,0,44,9,3,3000
rc_207.2.txt,30,FB-CMPSO,1303526,3000,0,NaN,NaN,NaN,NaN,815.6332,858.5895,NaN,NaN,1760,12,0,0,0,3000
rc_207.2.txt,30,RKPSO,1303527,3000,0,NaN,NaN,NaN,NaN,1925.0661,949.0638,NaN,NaN,0,0,0,0,0,3000
rc_207.2.txt,30,LateOnly,1303527,3000,0,NaN,NaN,NaN,NaN,495.0152,829.93134,NaN,NaN,1760,16,0,0,0,3000
rc_207.2.txt,30,LateTo2Opt,1303527,3000,0,NaN,NaN,NaN,NaN,495.0152,829.93134,NaN,NaN,1760,16,0,0,0,3000
rc_207.2.txt,30,AlwaysVND,1303527,3000,1,2800,2822,37.8115000000003,0.212424157303372,0,893.7079,931.5194,0.274449768270944,0,0,41,8,4,3000
rc_207.2.txt,30,FB-CMPSO,1303527,3000,0,NaN,NaN,NaN,NaN,495.0152,829.93134,NaN,NaN,1760,16,0,0,0,3000
rc_207.2.txt,30,RKPSO,1303528,3000,0,NaN,NaN,NaN,NaN,2529.5936,861.158,NaN,NaN,0,0,0,0,0,3000
rc_207.2.txt,30,LateOnly,1303528,3000,0,NaN,NaN,NaN,NaN,30.9072000000001,858.3145,NaN,NaN,1760,18,0,0,0,3000
rc_207.2.txt,30,LateTo2Opt,1303528,3000,0,NaN,NaN,NaN,NaN,30.9072000000001,858.3145,NaN,NaN,1760,18,0,0,0,3000
rc_207.2.txt,30,AlwaysVND,1303528,3000,0,NaN,NaN,NaN,NaN,7.60550000000012,902.7539,NaN,NaN,0,0,43,12,2,3000
rc_207.2.txt,30,FB-CMPSO,1303528,3000,0,NaN,NaN,NaN,NaN,30.9072000000001,858.3145,NaN,NaN,1760,18,0,0,0,3000
rc_207.2.txt,30,RKPSO,1303529,3000,0,NaN,NaN,NaN,NaN,2314.1474,925.0091,NaN,NaN,0,0,0,0,0,3000
rc_207.2.txt,30,LateOnly,1303529,3000,0,NaN,NaN,NaN,NaN,42.7692000000002,844.0394,NaN,NaN,1760,21,0,0,0,3000
rc_207.2.txt,30,LateTo2Opt,1303529,3000,0,NaN,NaN,NaN,NaN,42.7692000000002,844.0394,NaN,NaN,1760,21,0,0,0,3000
rc_207.2.txt,30,AlwaysVND,1303529,3000,1,2517,2608,6.2604,0.0159704081632653,0,802.31204,809.99494,0.144116991087344,0,0,39,8,3,3000
rc_207.2.txt,30,FB-CMPSO,1303529,3000,0,NaN,NaN,NaN,NaN,42.7692000000002,844.0394,NaN,NaN,1760,21,0,0,0,3000
rc_207.2.txt,30,RKPSO,1303530,3000,0,NaN,NaN,NaN,NaN,2377.2068,888.5133,NaN,NaN,0,0,0,0,0,3000
rc_207.2.txt,30,LateOnly,1303530,3000,0,NaN,NaN,NaN,NaN,494.471199999999,961.14844,NaN,NaN,1760,14,0,0,0,3000
rc_207.2.txt,30,LateTo2Opt,1303530,3000,0,NaN,NaN,NaN,NaN,494.471199999999,961.14844,NaN,NaN,1760,14,0,0,0,3000
rc_207.2.txt,30,AlwaysVND,1303530,3000,0,NaN,NaN,NaN,NaN,84.2958000000001,812.0048,NaN,NaN,0,0,38,11,4,3000
rc_207.2.txt,30,FB-CMPSO,1303530,3000,0,NaN,NaN,NaN,NaN,494.471199999999,961.14844,NaN,NaN,1760,14,0,0,0,3000
rc_207.3.txt,32,RKPSO,1303601,3200,0,NaN,NaN,NaN,NaN,1419.7776,1000.8678,NaN,NaN,0,0,0,0,0,3200
rc_207.3.txt,32,LateOnly,1303601,3200,1,1442,1468,24.7438999999999,0.0142863163972286,0,930.7739,955.5178,0.36397113130129,1922,24,0,0,0,3200
rc_207.3.txt,32,LateTo2Opt,1303601,3200,1,1442,1468,61.1202999999999,0.035288856812933,0,894.3975,955.5178,0.310664566236812,868,19,9,0,0,3200
rc_207.3.txt,32,AlwaysVND,1303601,3200,1,3117,NaN,0,0,0,926.4843,926.4843,0.357685082063306,0,0,32,8,5,3200
rc_207.3.txt,32,FB-CMPSO,1303601,3200,1,1442,1468,130.3657,0.0752688799076213,0,825.1521,955.5178,0.209191236811254,868,19,9,4,3,3200
rc_207.3.txt,32,RKPSO,1303602,3200,0,NaN,NaN,NaN,NaN,2148.1353,824.8945,NaN,NaN,0,0,0,0,0,3200
rc_207.3.txt,32,LateOnly,1303602,3200,1,1756,1774,67.1505000000003,0.0470901122019637,0,845.7494,912.8999,0.239374853458382,1922,32,0,0,0,3200
rc_207.3.txt,32,LateTo2Opt,1303602,3200,1,1756,1774,145.6136,0.10211332398317,0,767.2863,912.8999,0.124393757327081,1054,22,13,0,0,3200
rc_207.3.txt,32,AlwaysVND,1303602,3200,0,NaN,NaN,NaN,NaN,341.9694,839.9294,NaN,NaN,0,0,39,14,3,3200
rc_207.3.txt,32,FB-CMPSO,1303602,3200,1,1756,1774,184.0119,0.129040603085554,0,728.888,912.8999,0.0681242672919108,1054,22,11,6,1,3200
rc_207.3.txt,32,RKPSO,1303603,3200,0,NaN,NaN,NaN,NaN,1424.9616,897.2886,NaN,NaN,0,0,0,0,0,3200
rc_207.3.txt,32,LateOnly,1303603,3200,0,NaN,NaN,NaN,NaN,87.4300999999998,881.6183,NaN,NaN,1922,14,0,0,0,3200
rc_207.3.txt,32,LateTo2Opt,1303603,3200,0,NaN,NaN,NaN,NaN,87.4300999999998,881.6183,NaN,NaN,1922,14,0,0,0,3200
rc_207.3.txt,32,AlwaysVND,1303603,3200,1,3172,NaN,0,0,0,832.3408,832.3408,0.219725674091442,0,0,40,8,3,3200
rc_207.3.txt,32,FB-CMPSO,1303603,3200,0,NaN,NaN,NaN,NaN,87.4300999999998,881.6183,NaN,NaN,1922,14,0,0,0,3200
rc_207.3.txt,32,RKPSO,1303604,3200,0,NaN,NaN,NaN,NaN,712.7902,974.0953,NaN,NaN,0,0,0,0,0,3200
rc_207.3.txt,32,LateOnly,1303604,3200,0,NaN,NaN,NaN,NaN,337.572900000001,937.46,NaN,NaN,1922,17,0,0,0,3200
rc_207.3.txt,32,LateTo2Opt,1303604,3200,0,NaN,NaN,NaN,NaN,337.572900000001,937.46,NaN,NaN,1922,17,0,0,0,3200
rc_207.3.txt,32,AlwaysVND,1303604,3200,0,NaN,NaN,NaN,NaN,109.0686,871.2084,NaN,NaN,0,0,36,7,5,3200
rc_207.3.txt,32,FB-CMPSO,1303604,3200,0,NaN,NaN,NaN,NaN,337.572900000001,937.46,NaN,NaN,1922,17,0,0,0,3200
rc_207.3.txt,32,RKPSO,1303605,3200,0,NaN,NaN,NaN,NaN,1887.8962,905.9445,NaN,NaN,0,0,0,0,0,3200
rc_207.3.txt,32,LateOnly,1303605,3200,1,1572,1621,108.1273,0.068478340721976,0,835.3568,943.4841,0.224145369284877,1922,33,0,0,0,3200
rc_207.3.txt,32,LateTo2Opt,1303605,3200,1,1572,1621,126.2931,0.0799829639012034,0,817.191,943.4841,0.197524912075029,961,23,13,0,0,3200
rc_207.3.txt,32,AlwaysVND,1303605,3200,0,NaN,NaN,NaN,NaN,76.6589,865.1641,NaN,NaN,0,0,29,12,5,3200
rc_207.3.txt,32,FB-CMPSO,1303605,3200,1,1572,1621,169.1615,0.10713204559848,0,774.3226,943.4841,0.134704865181711,961,23,13,3,2,3200
rc_207.3.txt,32,RKPSO,1303606,3200,0,NaN,NaN,NaN,NaN,511.6793,918.3896,NaN,NaN,0,0,0,0,0,3200
rc_207.3.txt,32,LateOnly,1303606,3200,0,NaN,NaN,NaN,NaN,5.62469999999996,933.6018,NaN,NaN,1922,24,0,0,0,3200
rc_207.3.txt,32,LateTo2Opt,1303606,3200,0,NaN,NaN,NaN,NaN,5.62469999999996,933.6018,NaN,NaN,1922,24,0,0,0,3200
rc_207.3.txt,32,AlwaysVND,1303606,3200,0,NaN,NaN,NaN,NaN,43.5029999999999,907.5514,NaN,NaN,0,0,31,9,5,3200
rc_207.3.txt,32,FB-CMPSO,1303606,3200,0,NaN,NaN,NaN,NaN,5.62469999999996,933.6018,NaN,NaN,1922,24,0,0,0,3200
rc_207.3.txt,32,RKPSO,1303607,3200,0,NaN,NaN,NaN,NaN,1838.1297,898.818,NaN,NaN,0,0,0,0,0,3200
rc_207.3.txt,32,LateOnly,1303607,3200,0,NaN,NaN,NaN,NaN,49.6172999999992,931.5598,NaN,NaN,1922,20,0,0,0,3200
rc_207.3.txt,32,LateTo2Opt,1303607,3200,0,NaN,NaN,NaN,NaN,49.6172999999992,931.5598,NaN,NaN,1922,20,0,0,0,3200
rc_207.3.txt,32,AlwaysVND,1303607,3200,0,NaN,NaN,NaN,NaN,243.8411,766.9978,NaN,NaN,0,0,46,6,4,3200
rc_207.3.txt,32,FB-CMPSO,1303607,3200,0,NaN,NaN,NaN,NaN,49.6172999999992,931.5598,NaN,NaN,1922,20,0,0,0,3200
rc_207.3.txt,32,RKPSO,1303608,3200,0,NaN,NaN,NaN,NaN,2231.0882,892.8751,NaN,NaN,0,0,0,0,0,3200
rc_207.3.txt,32,LateOnly,1303608,3200,1,2576,2590,22.9222000000002,0.0375773770491807,0,903.2691,945.4893,0.323665152403283,1922,23,0,0,0,3200
rc_207.3.txt,32,LateTo2Opt,1303608,3200,1,2576,2590,66.1219000000002,0.10839655737705,0,860.0694,945.4893,0.260359613130129,1550,19,6,0,0,3200
rc_207.3.txt,32,AlwaysVND,1303608,3200,1,2325,2413,48.9816999999999,0.0622385006353239,0,743.8113,797.8536,0.0899931125439626,0,0,47,7,2,3200
rc_207.3.txt,32,FB-CMPSO,1303608,3200,1,2576,2590,95.3973000000001,0.156389016393443,0,830.794,945.4893,0.217458968347011,1550,19,4,1,0,3200
rc_207.3.txt,32,RKPSO,1303609,3200,0,NaN,NaN,NaN,NaN,2564.6384,903.4269,NaN,NaN,0,0,0,0,0,3200
rc_207.3.txt,32,LateOnly,1303609,3200,0,NaN,NaN,NaN,NaN,589.0083,958.0524,NaN,NaN,1922,14,0,0,0,3200
rc_207.3.txt,32,LateTo2Opt,1303609,3200,0,NaN,NaN,NaN,NaN,589.0083,958.0524,NaN,NaN,1922,14,0,0,0,3200
rc_207.3.txt,32,AlwaysVND,1303609,3200,0,NaN,NaN,NaN,NaN,114.927,808.2078,NaN,NaN,0,0,37,11,4,3200
rc_207.3.txt,32,FB-CMPSO,1303609,3200,0,NaN,NaN,NaN,NaN,589.0083,958.0524,NaN,NaN,1922,14,0,0,0,3200
rc_207.3.txt,32,RKPSO,1303610,3200,0,NaN,NaN,NaN,NaN,630.3181,884.6199,NaN,NaN,0,0,0,0,0,3200
rc_207.3.txt,32,LateOnly,1303610,3200,1,2642,2692,27.7093,0.0545458661417323,0,864.346,898.8594,0.266626611957796,1922,23,0,0,0,3200
rc_207.3.txt,32,LateTo2Opt,1303610,3200,1,2642,2692,4.34780000000001,0.00855866141732285,0,887.7075,898.8594,0.300860932004689,1612,21,3,0,0,3200
rc_207.3.txt,32,AlwaysVND,1303610,3200,0,NaN,NaN,NaN,NaN,25.0038999999996,904.6645,NaN,NaN,0,0,46,8,3,3200
rc_207.3.txt,32,FB-CMPSO,1303610,3200,1,2642,2692,11.1563000000001,0.0219612204724411,0,880.899,898.8594,0.290883645955451,1612,21,4,3,1,3200
rc_207.3.txt,32,RKPSO,1303611,3200,0,NaN,NaN,NaN,NaN,1433.3451,952.2826,NaN,NaN,0,0,0,0,0,3200
rc_207.3.txt,32,LateOnly,1303611,3200,0,NaN,NaN,NaN,NaN,501.309,968.1002,NaN,NaN,1922,14,0,0,0,3200
rc_207.3.txt,32,LateTo2Opt,1303611,3200,0,NaN,NaN,NaN,NaN,501.309,968.1002,NaN,NaN,1922,14,0,0,0,3200
rc_207.3.txt,32,AlwaysVND,1303611,3200,1,2795,2865,7.30120000000011,0.021794626865672,0,844.4289,864.7571,0.237439771395076,0,0,44,13,0,3200
rc_207.3.txt,32,FB-CMPSO,1303611,3200,0,NaN,NaN,NaN,NaN,501.309,968.1002,NaN,NaN,1922,14,0,0,0,3200
rc_207.3.txt,32,RKPSO,1303612,3200,0,NaN,NaN,NaN,NaN,2673.9803,943.1785,NaN,NaN,0,0,0,0,0,3200
rc_207.3.txt,32,LateOnly,1303612,3200,0,NaN,NaN,NaN,NaN,15.1991999999999,892.0979,NaN,NaN,1922,19,0,0,0,3200
rc_207.3.txt,32,LateTo2Opt,1303612,3200,0,NaN,NaN,NaN,NaN,15.1991999999999,892.0979,NaN,NaN,1922,19,0,0,0,3200
rc_207.3.txt,32,AlwaysVND,1303612,3200,0,NaN,NaN,NaN,NaN,76.8884000000001,867.023,NaN,NaN,0,0,41,10,5,3200
rc_207.3.txt,32,FB-CMPSO,1303612,3200,0,NaN,NaN,NaN,NaN,15.1991999999999,892.0979,NaN,NaN,1922,19,0,0,0,3200
rc_207.3.txt,32,RKPSO,1303613,3200,0,NaN,NaN,NaN,NaN,3237.5793,1005.9215,NaN,NaN,0,0,0,0,0,3200
rc_207.3.txt,32,LateOnly,1303613,3200,0,NaN,NaN,NaN,NaN,672.5338,962.5214,NaN,NaN,1922,18,0,0,0,3200
rc_207.3.txt,32,LateTo2Opt,1303613,3200,0,NaN,NaN,NaN,NaN,672.5338,962.5214,NaN,NaN,1922,18,0,0,0,3200
rc_207.3.txt,32,AlwaysVND,1303613,3200,0,NaN,NaN,NaN,NaN,316.6352,853.191,NaN,NaN,0,0,48,10,4,3200
rc_207.3.txt,32,FB-CMPSO,1303613,3200,0,NaN,NaN,NaN,NaN,672.5338,962.5214,NaN,NaN,1922,18,0,0,0,3200
rc_207.3.txt,32,RKPSO,1303614,3200,0,NaN,NaN,NaN,NaN,2102.8849,972.0078,NaN,NaN,0,0,0,0,0,3200
rc_207.3.txt,32,LateOnly,1303614,3200,1,1227,1264,145.3919,0.0750991219008265,0,733.355,898.7452,0.0746702813599063,1922,36,0,0,0,3200
rc_207.3.txt,32,LateTo2Opt,1303614,3200,1,1227,1264,130.1835,0.0672435433884298,0,748.5634,898.7452,0.0969569167643611,744,24,14,0,0,3200
rc_207.3.txt,32,AlwaysVND,1303614,3200,1,2805,2865,33.1481,0.098949552238806,0,856.2495,895.1364,0.254761869871043,0,0,55,6,3,3200
rc_207.3.txt,32,FB-CMPSO,1303614,3200,1,1227,1264,134.4192,0.0694314049586777,0,744.3277,898.7452,0.0907498534583823,744,24,10,1,5,3200
rc_207.3.txt,32,RKPSO,1303615,3200,0,NaN,NaN,NaN,NaN,1629.7928,926.7413,NaN,NaN,0,0,0,0,0,3200
rc_207.3.txt,32,LateOnly,1303615,3200,0,NaN,NaN,NaN,NaN,174.073099999999,920.7721,NaN,NaN,1922,20,0,0,0,3200
rc_207.3.txt,32,LateTo2Opt,1303615,3200,0,NaN,NaN,NaN,NaN,174.073099999999,920.7721,NaN,NaN,1922,20,0,0,0,3200
rc_207.3.txt,32,AlwaysVND,1303615,3200,0,NaN,NaN,NaN,NaN,49.2442,896.2156,NaN,NaN,0,0,40,10,4,3200
rc_207.3.txt,32,FB-CMPSO,1303615,3200,0,NaN,NaN,NaN,NaN,174.073099999999,920.7721,NaN,NaN,1922,20,0,0,0,3200
rc_207.3.txt,32,RKPSO,1303616,3200,0,NaN,NaN,NaN,NaN,2090.6628,875.3234,NaN,NaN,0,0,0,0,0,3200
rc_207.3.txt,32,LateOnly,1303616,3200,0,NaN,NaN,NaN,NaN,315.7639,933.3061,NaN,NaN,1922,12,0,0,0,3200
rc_207.3.txt,32,LateTo2Opt,1303616,3200,0,NaN,NaN,NaN,NaN,315.7639,933.3061,NaN,NaN,1922,12,0,0,0,3200
rc_207.3.txt,32,AlwaysVND,1303616,3200,1,3145,NaN,0,0,0,925.4043,925.4043,0.356102432590856,0,0,32,14,3,3200
rc_207.3.txt,32,FB-CMPSO,1303616,3200,0,NaN,NaN,NaN,NaN,315.7639,933.3061,NaN,NaN,1922,12,0,0,0,3200
rc_207.3.txt,32,RKPSO,1303617,3200,0,NaN,NaN,NaN,NaN,1667.7978,953.2356,NaN,NaN,0,0,0,0,0,3200
rc_207.3.txt,32,LateOnly,1303617,3200,0,NaN,NaN,NaN,NaN,155.6286,915.349,NaN,NaN,1922,13,0,0,0,3200
rc_207.3.txt,32,LateTo2Opt,1303617,3200,0,NaN,NaN,NaN,NaN,155.6286,915.349,NaN,NaN,1922,13,0,0,0,3200
rc_207.3.txt,32,AlwaysVND,1303617,3200,0,NaN,NaN,NaN,NaN,4,874.4117,NaN,NaN,0,0,40,11,4,3200
rc_207.3.txt,32,FB-CMPSO,1303617,3200,0,NaN,NaN,NaN,NaN,155.6286,915.349,NaN,NaN,1922,13,0,0,0,3200
rc_207.3.txt,32,RKPSO,1303618,3200,0,NaN,NaN,NaN,NaN,721.9342,933.1946,NaN,NaN,0,0,0,0,0,3200
rc_207.3.txt,32,LateOnly,1303618,3200,1,1170,1213,45.9223,0.0231113739305485,0,873.4966,928.1871,0.280036049237984,1922,33,0,0,0,3200
rc_207.3.txt,32,LateTo2Opt,1303618,3200,1,1170,1213,145.6397,0.0732962757926522,0,773.7792,928.1871,0.133908558030481,713,21,13,0,0,3200
rc_207.3.txt,32,AlwaysVND,1303618,3200,0,NaN,NaN,NaN,NaN,0.910499999999956,886.4006,NaN,NaN,0,0,49,7,3,3200
rc_207.3.txt,32,FB-CMPSO,1303618,3200,1,1170,1213,156.2483,0.0786352793155511,0,763.1706,928.1871,0.118362543962485,713,21,14,6,1,3200
rc_207.3.txt,32,RKPSO,1303619,3200,0,NaN,NaN,NaN,NaN,2738.6865,992.9361,NaN,NaN,0,0,0,0,0,3200
rc_207.3.txt,32,LateOnly,1303619,3200,0,NaN,NaN,NaN,NaN,19.3661999999995,928.1312,NaN,NaN,1922,25,0,0,0,3200
rc_207.3.txt,32,LateTo2Opt,1303619,3200,0,NaN,NaN,NaN,NaN,19.3661999999995,928.1312,NaN,NaN,1922,25,0,0,0,3200
rc_207.3.txt,32,AlwaysVND,1303619,3200,0,NaN,NaN,NaN,NaN,270.3929,960.9972,NaN,NaN,0,0,45,12,2,3200
rc_207.3.txt,32,FB-CMPSO,1303619,3200,0,NaN,NaN,NaN,NaN,19.3661999999995,928.1312,NaN,NaN,1922,25,0,0,0,3200
rc_207.3.txt,32,RKPSO,1303620,3200,0,NaN,NaN,NaN,NaN,1517.7149,956.0274,NaN,NaN,0,0,0,0,0,3200
rc_207.3.txt,32,LateOnly,1303620,3200,0,NaN,NaN,NaN,NaN,180.8902,934.051,NaN,NaN,1922,19,0,0,0,3200
rc_207.3.txt,32,LateTo2Opt,1303620,3200,0,NaN,NaN,NaN,NaN,180.8902,934.051,NaN,NaN,1922,19,0,0,0,3200
rc_207.3.txt,32,AlwaysVND,1303620,3200,0,NaN,NaN,NaN,NaN,315.1578,893.7208,NaN,NaN,0,0,45,8,6,3200
rc_207.3.txt,32,FB-CMPSO,1303620,3200,0,NaN,NaN,NaN,NaN,180.8902,934.051,NaN,NaN,1922,19,0,0,0,3200
rc_207.3.txt,32,RKPSO,1303621,3200,0,NaN,NaN,NaN,NaN,750.109,910.217,NaN,NaN,0,0,0,0,0,3200
rc_207.3.txt,32,LateOnly,1303621,3200,0,NaN,NaN,NaN,NaN,46.4479000000002,946.2853,NaN,NaN,1922,17,0,0,0,3200
rc_207.3.txt,32,LateTo2Opt,1303621,3200,0,NaN,NaN,NaN,NaN,46.4479000000002,946.2853,NaN,NaN,1922,17,0,0,0,3200
rc_207.3.txt,32,AlwaysVND,1303621,3200,0,NaN,NaN,NaN,NaN,172.1722,828.0716,NaN,NaN,0,0,50,12,1,3200
rc_207.3.txt,32,FB-CMPSO,1303621,3200,0,NaN,NaN,NaN,NaN,46.4479000000002,946.2853,NaN,NaN,1922,17,0,0,0,3200
rc_207.3.txt,32,RKPSO,1303622,3200,0,NaN,NaN,NaN,NaN,1213.151,930.8284,NaN,NaN,0,0,0,0,0,3200
rc_207.3.txt,32,LateOnly,1303622,3200,0,NaN,NaN,NaN,NaN,59.6316999999998,887.842,NaN,NaN,1922,18,0,0,0,3200
rc_207.3.txt,32,LateTo2Opt,1303622,3200,0,NaN,NaN,NaN,NaN,59.6316999999998,887.842,NaN,NaN,1922,18,0,0,0,3200
rc_207.3.txt,32,AlwaysVND,1303622,3200,0,NaN,NaN,NaN,NaN,51.3228,814.9328,NaN,NaN,0,0,53,10,0,3200
rc_207.3.txt,32,FB-CMPSO,1303622,3200,0,NaN,NaN,NaN,NaN,59.6316999999998,887.842,NaN,NaN,1922,18,0,0,0,3200
rc_207.3.txt,32,RKPSO,1303623,3200,0,NaN,NaN,NaN,NaN,1152.9612,911.6554,NaN,NaN,0,0,0,0,0,3200
rc_207.3.txt,32,LateOnly,1303623,3200,1,2215,2233,59.1508,0.0611693898655636,0,886.1916,945.3424,0.298639507620164,1922,27,0,0,0,3200
rc_207.3.txt,32,LateTo2Opt,1303623,3200,1,2215,2233,117.0417,0.12103588417787,0,828.3007,945.3424,0.213805246189918,1333,22,9,0,0,3200
rc_207.3.txt,32,AlwaysVND,1303623,3200,0,NaN,NaN,NaN,NaN,159.6146,813.413,NaN,NaN,0,0,31,9,4,3200
rc_207.3.txt,32,FB-CMPSO,1303623,3200,1,2215,2233,146.9032,0.151916442605998,0,798.4392,945.3424,0.17004572098476,1333,22,13,4,0,3200
rc_207.3.txt,32,RKPSO,1303624,3200,0,NaN,NaN,NaN,NaN,3663.4237,917.9432,NaN,NaN,0,0,0,0,0,3200
rc_207.3.txt,32,LateOnly,1303624,3200,1,960,1009,127.5777,0.0582280693747147,0,763.3884,918.085,0.118681711606096,1922,30,0,0,0,3200
rc_207.3.txt,32,LateTo2Opt,1303624,3200,1,960,1009,108.0389,0.0493103149246919,0,782.9272,918.085,0.147314185228605,589,19,14,0,0,3200
rc_207.3.txt,32,AlwaysVND,1303624,3200,0,NaN,NaN,NaN,NaN,518.211,843.3374,NaN,NaN,0,0,44,13,2,3200
rc_207.3.txt,32,FB-CMPSO,1303624,3200,1,960,1009,99.9281999999999,0.0456084892743039,0,791.0379,918.085,0.159199736225088,589,19,9,3,5,3200
rc_207.3.txt,32,RKPSO,1303625,3200,0,NaN,NaN,NaN,NaN,1562.3761,956.7833,NaN,NaN,0,0,0,0,0,3200
rc_207.3.txt,32,LateOnly,1303625,3200,0,NaN,NaN,NaN,NaN,13.3196,925.693,NaN,NaN,1922,23,0,0,0,3200
rc_207.3.txt,32,LateTo2Opt,1303625,3200,0,NaN,NaN,NaN,NaN,13.3196,925.693,NaN,NaN,1922,23,0,0,0,3200
rc_207.3.txt,32,AlwaysVND,1303625,3200,0,NaN,NaN,NaN,NaN,342.516300000001,841.8158,NaN,NaN,0,0,42,10,2,3200
rc_207.3.txt,32,FB-CMPSO,1303625,3200,0,NaN,NaN,NaN,NaN,13.3196,925.693,NaN,NaN,1922,23,0,0,0,3200
rc_207.3.txt,32,RKPSO,1303626,3200,0,NaN,NaN,NaN,NaN,2066.432,956.3852,NaN,NaN,0,0,0,0,0,3200
rc_207.3.txt,32,LateOnly,1303626,3200,1,2687,2692,36.0289000000001,0.0709230314960633,0,889.1729,925.2018,0.303008352872216,1922,29,0,0,0,3200
rc_207.3.txt,32,LateTo2Opt,1303626,3200,1,2687,2692,13.9399,0.027440748031496,0,911.2619,925.2018,0.335377930832357,1612,25,3,0,0,3200
rc_207.3.txt,32,AlwaysVND,1303626,3200,1,2505,2526,100.0822,0.148489910979229,0,802.7699,902.8521,0.176391998827667,0,0,46,12,1,3200
rc_207.3.txt,32,FB-CMPSO,1303626,3200,1,2687,2692,9.06630000000018,0.0178470472440948,0,916.1355,925.2018,0.342519783118406,1612,25,1,1,0,3200
rc_207.3.txt,32,RKPSO,1303627,3200,0,NaN,NaN,NaN,NaN,2264.7037,877.7774,NaN,NaN,0,0,0,0,0,3200
rc_207.3.txt,32,LateOnly,1303627,3200,1,2985,2998,10.8822,0.0538722772277228,0,924.2945,935.1767,0.354476113716295,1922,19,0,0,0,3200
rc_207.3.txt,32,LateTo2Opt,1303627,3200,1,2985,2998,10.8328999999999,0.0536282178217816,0,924.3438,935.1767,0.354548358733881,1798,18,2,0,0,3200
rc_207.3.txt,32,AlwaysVND,1303627,3200,0,NaN,NaN,NaN,NaN,0.156600000000026,883.9614,NaN,NaN,0,0,37,8,5,3200
rc_207.3.txt,32,FB-CMPSO,1303627,3200,1,2985,2998,8.67419999999993,0.0429415841584155,0,926.5025,935.1767,0.357711752637749,1798,18,1,0,0,3200
rc_207.3.txt,32,RKPSO,1303628,3200,0,NaN,NaN,NaN,NaN,3112.6088,979.0205,NaN,NaN,0,0,0,0,0,3200
rc_207.3.txt,32,LateOnly,1303628,3200,1,1127,1162,128.3462,0.0629765456329735,0,830.5003,958.8465,0.217028575615475,1922,34,0,0,0,3200
rc_207.3.txt,32,LateTo2Opt,1303628,3200,1,1127,1162,85.6828999999999,0.0420426398429833,0,873.1636,958.8465,0.279548065650645,682,22,13,0,0,3200
rc_207.3.txt,32,AlwaysVND,1303628,3200,0,NaN,NaN,NaN,NaN,536.8856,769.1713,NaN,NaN,0,0,37,6,4,3200
rc_207.3.txt,32,FB-CMPSO,1303628,3200,1,1127,1162,100.0335,0.0490841511285574,0,858.813,958.8465,0.258518464243845,682,22,7,6,5,3200
rc_207.3.txt,32,RKPSO,1303629,3200,0,NaN,NaN,NaN,NaN,1224.9505,879.6586,NaN,NaN,0,0,0,0,0,3200
rc_207.3.txt,32,LateOnly,1303629,3200,0,NaN,NaN,NaN,NaN,287.7225,915.0446,NaN,NaN,1922,17,0,0,0,3200
rc_207.3.txt,32,LateTo2Opt,1303629,3200,0,NaN,NaN,NaN,NaN,287.7225,915.0446,NaN,NaN,1922,17,0,0,0,3200
rc_207.3.txt,32,AlwaysVND,1303629,3200,0,NaN,NaN,NaN,NaN,76.0823999999999,881.4276,NaN,NaN,0,0,47,6,4,3200
rc_207.3.txt,32,FB-CMPSO,1303629,3200,0,NaN,NaN,NaN,NaN,287.7225,915.0446,NaN,NaN,1922,17,0,0,0,3200
rc_207.3.txt,32,RKPSO,1303630,3200,0,NaN,NaN,NaN,NaN,467.0173,896.7345,NaN,NaN,0,0,0,0,0,3200
rc_207.3.txt,32,LateOnly,1303630,3200,0,NaN,NaN,NaN,NaN,27.2214999999999,944.0053,NaN,NaN,1922,20,0,0,0,3200
rc_207.3.txt,32,LateTo2Opt,1303630,3200,0,NaN,NaN,NaN,NaN,27.2214999999999,944.0053,NaN,NaN,1922,20,0,0,0,3200
rc_207.3.txt,32,AlwaysVND,1303630,3200,0,NaN,NaN,NaN,NaN,42.0720000000001,863.4218,NaN,NaN,0,0,30,13,2,3200
rc_207.3.txt,32,FB-CMPSO,1303630,3200,0,NaN,NaN,NaN,NaN,27.2214999999999,944.0053,NaN,NaN,1922,20,0,0,0,3200
rc_207.4.txt,5,RKPSO,1303701,500,1,1,NaN,0,0,0,119.6388,119.6388,-1.00300902707891e-05,0,0,0,0,0,500
rc_207.4.txt,5,LateOnly,1303701,500,1,1,40,0,0,0,119.6388,119.6388,-1.00300902707891e-05,80,0,0,0,0,500
rc_207.4.txt,5,LateTo2Opt,1303701,500,1,1,40,0,0,0,119.6388,119.6388,-1.00300902707891e-05,0,0,0,0,0,500
rc_207.4.txt,5,AlwaysVND,1303701,500,1,1,40,0,0,0,119.6388,119.6388,-1.00300902707891e-05,0,0,0,0,0,500
rc_207.4.txt,5,FB-CMPSO,1303701,500,1,1,40,0,0,0,119.6388,119.6388,-1.00300902707891e-05,0,0,0,0,0,500
rc_207.4.txt,5,RKPSO,1303702,500,1,1,NaN,0,0,0,122.2027,159.0524,0.0214200936141758,0,0,0,0,0,500
rc_207.4.txt,5,LateOnly,1303702,500,1,1,40,2.56389999999999,0.00557369565217389,0,119.6388,159.0524,-1.00300902707891e-05,80,1,0,0,0,500
rc_207.4.txt,5,LateTo2Opt,1303702,500,1,1,40,0,0,0,122.2027,159.0524,0.0214200936141758,0,0,0,0,0,500
rc_207.4.txt,5,AlwaysVND,1303702,500,1,1,40,2.56389999999999,0.00557369565217389,0,119.6388,159.0524,-1.00300902707891e-05,0,0,0,0,1,500
rc_207.4.txt,5,FB-CMPSO,1303702,500,1,1,40,2.56389999999999,0.00557369565217389,0,119.6388,159.0524,-1.00300902707891e-05,0,0,0,0,1,500
rc_207.4.txt,5,RKPSO,1303703,500,1,1,NaN,0,0,0,119.6388,146.7707,-1.00300902707891e-05,0,0,0,0,0,500
rc_207.4.txt,5,LateOnly,1303703,500,1,1,40,0,0,0,119.6388,146.7707,-1.00300902707891e-05,80,0,0,0,0,500
rc_207.4.txt,5,LateTo2Opt,1303703,500,1,1,40,0,0,0,119.6388,146.7707,-1.00300902707891e-05,0,0,0,0,0,500
rc_207.4.txt,5,AlwaysVND,1303703,500,1,1,40,0,0,0,119.6388,146.7707,-1.00300902707891e-05,0,0,0,0,0,500
rc_207.4.txt,5,FB-CMPSO,1303703,500,1,1,40,0,0,0,119.6388,146.7707,-1.00300902707891e-05,0,0,0,0,0,500
rc_207.4.txt,5,RKPSO,1303704,500,1,1,NaN,0,0,0,122.2027,134.737,0.0214200936141759,0,0,0,0,0,500
rc_207.4.txt,5,LateOnly,1303704,500,1,1,40,2.5639,0.00557369565217392,0,119.6388,134.737,-1.00300902707891e-05,80,1,0,0,0,500
rc_207.4.txt,5,LateTo2Opt,1303704,500,1,1,40,0,0,0,122.2027,134.737,0.0214200936141759,0,0,0,0,0,500
rc_207.4.txt,5,AlwaysVND,1303704,500,1,1,40,2.5639,0.00557369565217392,0,119.6388,134.737,-1.00300902707891e-05,0,0,0,0,1,500
rc_207.4.txt,5,FB-CMPSO,1303704,500,1,1,40,2.5639,0.00557369565217392,0,119.6388,134.737,-1.00300902707891e-05,0,0,0,0,1,500
rc_207.4.txt,5,RKPSO,1303705,500,1,1,NaN,0,0,0,119.6388,143.6689,-1.00300902707891e-05,0,0,0,0,0,500
rc_207.4.txt,5,LateOnly,1303705,500,1,1,40,0,0,0,119.6388,143.6689,-1.00300902707891e-05,80,0,0,0,0,500
rc_207.4.txt,5,LateTo2Opt,1303705,500,1,1,40,0,0,0,119.6388,143.6689,-1.00300902707891e-05,0,0,0,0,0,500
rc_207.4.txt,5,AlwaysVND,1303705,500,1,1,40,0,0,0,119.6388,143.6689,-1.00300902707891e-05,0,0,0,0,0,500
rc_207.4.txt,5,FB-CMPSO,1303705,500,1,1,40,0,0,0,119.6388,143.6689,-1.00300902707891e-05,0,0,0,0,0,500
rc_207.4.txt,5,RKPSO,1303706,500,1,1,NaN,0,0,0,119.6388,154.2892,-1.00300902707891e-05,0,0,0,0,0,500
rc_207.4.txt,5,LateOnly,1303706,500,1,1,40,7.0787,0.0153884782608696,0,119.6388,154.2892,-1.00300902707891e-05,80,0,0,0,0,500
rc_207.4.txt,5,LateTo2Opt,1303706,500,1,1,40,7.0787,0.0153884782608696,0,119.6388,154.2892,-1.00300902707891e-05,0,0,1,0,0,500
rc_207.4.txt,5,AlwaysVND,1303706,500,1,1,40,7.0787,0.0153884782608696,0,119.6388,154.2892,-1.00300902707891e-05,0,0,0,0,1,500
rc_207.4.txt,5,FB-CMPSO,1303706,500,1,1,40,7.0787,0.0153884782608696,0,119.6388,154.2892,-1.00300902707891e-05,0,0,0,0,1,500
rc_207.4.txt,5,RKPSO,1303707,500,1,1,NaN,0,0,0,119.6388,131.3512,-1.00300902707891e-05,0,0,0,0,0,500
rc_207.4.txt,5,LateOnly,1303707,500,1,1,40,0,0,0,119.6388,131.3512,-1.00300902707891e-05,80,0,0,0,0,500
rc_207.4.txt,5,LateTo2Opt,1303707,500,1,1,40,0,0,0,119.6388,131.3512,-1.00300902707891e-05,0,0,0,0,0,500
rc_207.4.txt,5,AlwaysVND,1303707,500,1,1,40,0,0,0,119.6388,131.3512,-1.00300902707891e-05,0,0,0,0,0,500
rc_207.4.txt,5,FB-CMPSO,1303707,500,1,1,40,0,0,0,119.6388,131.3512,-1.00300902707891e-05,0,0,0,0,0,500
rc_207.4.txt,5,RKPSO,1303708,500,1,1,NaN,0,0,0,119.6388,148.4312,-1.00300902707891e-05,0,0,0,0,0,500
rc_207.4.txt,5,LateOnly,1303708,500,1,1,40,2.56389999999999,0.00557369565217389,0,119.6388,148.4312,-1.00300902707891e-05,80,1,0,0,0,500
rc_207.4.txt,5,LateTo2Opt,1303708,500,1,1,40,0,0,0,122.2027,148.4312,0.0214200936141758,0,0,0,0,0,500
rc_207.4.txt,5,AlwaysVND,1303708,500,1,1,40,2.56389999999999,0.00557369565217389,0,119.6388,148.4312,-1.00300902707891e-05,0,0,0,0,1,500
rc_207.4.txt,5,FB-CMPSO,1303708,500,1,1,40,2.56389999999999,0.00557369565217389,0,119.6388,148.4312,-1.00300902707891e-05,0,0,0,0,1,500
rc_207.4.txt,5,RKPSO,1303709,500,1,1,NaN,0,0,0,119.6388,123.1813,-1.00300902707891e-05,0,0,0,0,0,500
rc_207.4.txt,5,LateOnly,1303709,500,1,1,40,2.56389999999999,0.00557369565217389,0,119.6388,123.1813,-1.00300902707891e-05,80,1,0,0,0,500
rc_207.4.txt,5,LateTo2Opt,1303709,500,1,1,40,0,0,0,122.2027,123.1813,0.0214200936141758,0,0,0,0,0,500
rc_207.4.txt,5,AlwaysVND,1303709,500,1,1,40,2.56389999999999,0.00557369565217389,0,119.6388,123.1813,-1.00300902707891e-05,0,0,0,0,1,500
rc_207.4.txt,5,FB-CMPSO,1303709,500,1,1,40,2.56389999999999,0.00557369565217389,0,119.6388,123.1813,-1.00300902707891e-05,0,0,0,0,1,500
rc_207.4.txt,5,RKPSO,1303710,500,1,1,NaN,0,0,0,119.6388,146.8012,-1.00300902707891e-05,0,0,0,0,0,500
rc_207.4.txt,5,LateOnly,1303710,500,1,1,40,0,0,0,119.6388,146.8012,-1.00300902707891e-05,80,0,0,0,0,500
rc_207.4.txt,5,LateTo2Opt,1303710,500,1,1,40,0,0,0,119.6388,146.8012,-1.00300902707891e-05,0,0,0,0,0,500
rc_207.4.txt,5,AlwaysVND,1303710,500,1,1,40,0,0,0,119.6388,146.8012,-1.00300902707891e-05,0,0,0,0,0,500
rc_207.4.txt,5,FB-CMPSO,1303710,500,1,1,40,0,0,0,119.6388,146.8012,-1.00300902707891e-05,0,0,0,0,0,500
rc_207.4.txt,5,RKPSO,1303711,500,1,1,NaN,0,0,0,119.6388,145.2989,-1.00300902707891e-05,0,0,0,0,0,500
rc_207.4.txt,5,LateOnly,1303711,500,1,1,40,0,0,0,119.6388,145.2989,-1.00300902707891e-05,80,0,0,0,0,500
rc_207.4.txt,5,LateTo2Opt,1303711,500,1,1,40,0,0,0,119.6388,145.2989,-1.00300902707891e-05,0,0,0,0,0,500
rc_207.4.txt,5,AlwaysVND,1303711,500,1,1,40,0,0,0,119.6388,145.2989,-1.00300902707891e-05,0,0,0,0,0,500
rc_207.4.txt,5,FB-CMPSO,1303711,500,1,1,40,0,0,0,119.6388,145.2989,-1.00300902707891e-05,0,0,0,0,0,500
rc_207.4.txt,5,RKPSO,1303712,500,1,1,NaN,0,0,0,119.6388,143.6689,-1.00300902707891e-05,0,0,0,0,0,500
rc_207.4.txt,5,LateOnly,1303712,500,1,1,40,9.89519999999999,0.0215113043478261,0,119.6388,143.6689,-1.00300902707891e-05,80,0,0,0,0,500
rc_207.4.txt,5,LateTo2Opt,1303712,500,1,1,40,9.89519999999999,0.0215113043478261,0,119.6388,143.6689,-1.00300902707891e-05,0,0,1,0,0,500
rc_207.4.txt,5,AlwaysVND,1303712,500,1,1,40,9.89519999999999,0.0215113043478261,0,119.6388,143.6689,-1.00300902707891e-05,0,0,0,0,0,500
rc_207.4.txt,5,FB-CMPSO,1303712,500,1,1,40,9.89519999999999,0.0215113043478261,0,119.6388,143.6689,-1.00300902707891e-05,0,0,0,0,0,500
rc_207.4.txt,5,RKPSO,1303713,500,1,1,NaN,0,0,0,119.6388,129.534,-1.00300902707891e-05,0,0,0,0,0,500
rc_207.4.txt,5,LateOnly,1303713,500,1,1,40,2.5639,0.00557369565217392,0,119.6388,129.534,-1.00300902707891e-05,80,0,0,0,0,500
rc_207.4.txt,5,LateTo2Opt,1303713,500,1,1,40,2.5639,0.00557369565217392,0,119.6388,129.534,-1.00300902707891e-05,0,0,0,0,0,500
rc_207.4.txt,5,AlwaysVND,1303713,500,1,1,40,2.5639,0.00557369565217392,0,119.6388,129.534,-1.00300902707891e-05,0,0,0,0,0,500
rc_207.4.txt,5,FB-CMPSO,1303713,500,1,1,40,2.5639,0.00557369565217392,0,119.6388,129.534,-1.00300902707891e-05,0,0,0,0,0,500
rc_207.4.txt,5,RKPSO,1303714,500,1,1,NaN,0,0,0,119.6388,123.8632,-1.00300902707891e-05,0,0,0,0,0,500
rc_207.4.txt,5,LateOnly,1303714,500,1,1,40,0,0,0,119.6388,123.8632,-1.00300902707891e-05,80,0,0,0,0,500
rc_207.4.txt,5,LateTo2Opt,1303714,500,1,1,40,0,0,0,119.6388,123.8632,-1.00300902707891e-05,0,0,0,0,0,500
rc_207.4.txt,5,AlwaysVND,1303714,500,1,1,40,0,0,0,119.6388,123.8632,-1.00300902707891e-05,0,0,0,0,0,500
rc_207.4.txt,5,FB-CMPSO,1303714,500,1,1,40,0,0,0,119.6388,123.8632,-1.00300902707891e-05,0,0,0,0,0,500
rc_207.4.txt,5,RKPSO,1303715,500,1,1,NaN,0,0,0,119.6388,159.4922,-1.00300902707891e-05,0,0,0,0,0,500
rc_207.4.txt,5,LateOnly,1303715,500,1,1,40,2.56389999999999,0.00557369565217389,0,119.6388,159.4922,-1.00300902707891e-05,80,1,0,0,0,500
rc_207.4.txt,5,LateTo2Opt,1303715,500,1,1,40,2.56389999999999,0.00557369565217389,0,119.6388,159.4922,-1.00300902707891e-05,0,0,0,0,0,500
rc_207.4.txt,5,AlwaysVND,1303715,500,1,1,40,2.56389999999999,0.00557369565217389,0,119.6388,159.4922,-1.00300902707891e-05,0,0,0,0,1,500
rc_207.4.txt,5,FB-CMPSO,1303715,500,1,1,40,2.56389999999999,0.00557369565217389,0,119.6388,159.4922,-1.00300902707891e-05,0,0,0,0,1,500
rc_207.4.txt,5,RKPSO,1303716,500,1,1,NaN,0,0,0,119.6388,146.9579,-1.00300902707891e-05,0,0,0,0,0,500
rc_207.4.txt,5,LateOnly,1303716,500,1,1,40,2.56389999999999,0.00557369565217389,0,119.6388,146.9579,-1.00300902707891e-05,80,0,0,0,0,500
rc_207.4.txt,5,LateTo2Opt,1303716,500,1,1,40,2.56389999999999,0.00557369565217389,0,119.6388,146.9579,-1.00300902707891e-05,0,0,0,0,0,500
rc_207.4.txt,5,AlwaysVND,1303716,500,1,1,40,2.56389999999999,0.00557369565217389,0,119.6388,146.9579,-1.00300902707891e-05,0,0,0,0,0,500
rc_207.4.txt,5,FB-CMPSO,1303716,500,1,1,40,2.56389999999999,0.00557369565217389,0,119.6388,146.9579,-1.00300902707891e-05,0,0,0,0,0,500
rc_207.4.txt,5,RKPSO,1303717,500,1,1,NaN,0,0,0,119.6388,150.3437,-1.00300902707891e-05,0,0,0,0,0,500
rc_207.4.txt,5,LateOnly,1303717,500,1,1,40,3.54249999999999,0.00770108695652172,0,119.6388,150.3437,-1.00300902707891e-05,80,1,0,0,0,500
rc_207.4.txt,5,LateTo2Opt,1303717,500,1,1,40,3.54249999999999,0.00770108695652172,0,119.6388,150.3437,-1.00300902707891e-05,0,0,1,0,0,500
rc_207.4.txt,5,AlwaysVND,1303717,500,1,1,40,3.54249999999999,0.00770108695652172,0,119.6388,150.3437,-1.00300902707891e-05,0,0,1,0,0,500
rc_207.4.txt,5,FB-CMPSO,1303717,500,1,1,40,3.54249999999999,0.00770108695652172,0,119.6388,150.3437,-1.00300902707891e-05,0,0,1,0,0,500
rc_207.4.txt,5,RKPSO,1303718,500,1,1,NaN,0,0,0,119.6388,141.5038,-1.00300902707891e-05,0,0,0,0,0,500
rc_207.4.txt,5,LateOnly,1303718,500,1,1,40,0,0,0,119.6388,141.5038,-1.00300902707891e-05,80,0,0,0,0,500
rc_207.4.txt,5,LateTo2Opt,1303718,500,1,1,40,0,0,0,119.6388,141.5038,-1.00300902707891e-05,0,0,0,0,0,500
rc_207.4.txt,5,AlwaysVND,1303718,500,1,1,40,0,0,0,119.6388,141.5038,-1.00300902707891e-05,0,0,0,0,0,500
rc_207.4.txt,5,FB-CMPSO,1303718,500,1,1,40,0,0,0,119.6388,141.5038,-1.00300902707891e-05,0,0,0,0,0,500
rc_207.4.txt,5,RKPSO,1303719,500,1,1,NaN,0,0,0,119.6388,155.9192,-1.00300902707891e-05,0,0,0,0,0,500
rc_207.4.txt,5,LateOnly,1303719,500,1,1,40,4.2244,0.00918347826086957,0,119.6388,155.9192,-1.00300902707891e-05,80,0,0,0,0,500
rc_207.4.txt,5,LateTo2Opt,1303719,500,1,1,40,4.2244,0.00918347826086957,0,119.6388,155.9192,-1.00300902707891e-05,0,0,1,0,0,500
rc_207.4.txt,5,AlwaysVND,1303719,500,1,1,40,4.2244,0.00918347826086957,0,119.6388,155.9192,-1.00300902707891e-05,0,0,0,1,0,500
rc_207.4.txt,5,FB-CMPSO,1303719,500,1,1,40,4.2244,0.00918347826086957,0,119.6388,155.9192,-1.00300902707891e-05,0,0,0,1,0,500
rc_207.4.txt,5,RKPSO,1303720,500,1,1,NaN,0,0,0,119.6388,154.2892,-1.00300902707891e-05,0,0,0,0,0,500
rc_207.4.txt,5,LateOnly,1303720,500,1,1,40,0,0,0,119.6388,154.2892,-1.00300902707891e-05,80,0,0,0,0,500
rc_207.4.txt,5,LateTo2Opt,1303720,500,1,1,40,0,0,0,119.6388,154.2892,-1.00300902707891e-05,0,0,0,0,0,500
rc_207.4.txt,5,AlwaysVND,1303720,500,1,1,40,0,0,0,119.6388,154.2892,-1.00300902707891e-05,0,0,0,0,0,500
rc_207.4.txt,5,FB-CMPSO,1303720,500,1,1,40,0,0,0,119.6388,154.2892,-1.00300902707891e-05,0,0,0,0,0,500
rc_207.4.txt,5,RKPSO,1303721,500,1,1,NaN,0,0,0,119.6388,129.534,-1.00300902707891e-05,0,0,0,0,0,500
rc_207.4.txt,5,LateOnly,1303721,500,1,1,40,0,0,0,119.6388,129.534,-1.00300902707891e-05,80,0,0,0,0,500
rc_207.4.txt,5,LateTo2Opt,1303721,500,1,1,40,0,0,0,119.6388,129.534,-1.00300902707891e-05,0,0,0,0,0,500
rc_207.4.txt,5,AlwaysVND,1303721,500,1,1,40,0,0,0,119.6388,129.534,-1.00300902707891e-05,0,0,0,0,0,500
rc_207.4.txt,5,FB-CMPSO,1303721,500,1,1,40,0,0,0,119.6388,129.534,-1.00300902707891e-05,0,0,0,0,0,500
rc_207.4.txt,5,RKPSO,1303722,500,1,1,NaN,0,0,0,119.6388,145.2989,-1.00300902707891e-05,0,0,0,0,0,500
rc_207.4.txt,5,LateOnly,1303722,500,1,1,40,2.5639,0.00557369565217392,0,119.6388,145.2989,-1.00300902707891e-05,80,0,0,0,0,500
rc_207.4.txt,5,LateTo2Opt,1303722,500,1,1,40,2.5639,0.00557369565217392,0,119.6388,145.2989,-1.00300902707891e-05,0,0,0,0,0,500
rc_207.4.txt,5,AlwaysVND,1303722,500,1,1,40,2.5639,0.00557369565217392,0,119.6388,145.2989,-1.00300902707891e-05,0,0,0,0,0,500
rc_207.4.txt,5,FB-CMPSO,1303722,500,1,1,40,2.5639,0.00557369565217392,0,119.6388,145.2989,-1.00300902707891e-05,0,0,0,0,0,500
rc_207.4.txt,5,RKPSO,1303723,500,1,1,NaN,0,0,0,119.6388,122.2027,-1.00300902707891e-05,0,0,0,0,0,500
rc_207.4.txt,5,LateOnly,1303723,500,1,1,40,0,0,0,119.6388,122.2027,-1.00300902707891e-05,80,0,0,0,0,500
rc_207.4.txt,5,LateTo2Opt,1303723,500,1,1,40,0,0,0,119.6388,122.2027,-1.00300902707891e-05,0,0,0,0,0,500
rc_207.4.txt,5,AlwaysVND,1303723,500,1,1,40,0,0,0,119.6388,122.2027,-1.00300902707891e-05,0,0,0,0,0,500
rc_207.4.txt,5,FB-CMPSO,1303723,500,1,1,40,0,0,0,119.6388,122.2027,-1.00300902707891e-05,0,0,0,0,0,500
rc_207.4.txt,5,RKPSO,1303724,500,1,1,NaN,0,0,0,119.6388,130.26,-1.00300902707891e-05,0,0,0,0,0,500
rc_207.4.txt,5,LateOnly,1303724,500,1,1,40,2.5639,0.00557369565217392,0,119.6388,130.26,-1.00300902707891e-05,80,0,0,0,0,500
rc_207.4.txt,5,LateTo2Opt,1303724,500,1,1,40,2.5639,0.00557369565217392,0,119.6388,130.26,-1.00300902707891e-05,0,0,0,0,0,500
rc_207.4.txt,5,AlwaysVND,1303724,500,1,1,40,2.5639,0.00557369565217392,0,119.6388,130.26,-1.00300902707891e-05,0,0,0,0,0,500
rc_207.4.txt,5,FB-CMPSO,1303724,500,1,1,40,2.5639,0.00557369565217392,0,119.6388,130.26,-1.00300902707891e-05,0,0,0,0,0,500
rc_207.4.txt,5,RKPSO,1303725,500,1,1,NaN,0,0,0,119.6388,149.5233,-1.00300902707891e-05,0,0,0,0,0,500
rc_207.4.txt,5,LateOnly,1303725,500,1,1,40,9.89519999999999,0.0215113043478261,0,119.6388,149.5233,-1.00300902707891e-05,80,0,0,0,0,500
rc_207.4.txt,5,LateTo2Opt,1303725,500,1,1,40,7.3313,0.0159376086956522,0,122.2027,149.5233,0.0214200936141758,0,0,1,0,0,500
rc_207.4.txt,5,AlwaysVND,1303725,500,1,1,40,9.89519999999999,0.0215113043478261,0,119.6388,149.5233,-1.00300902707891e-05,0,0,1,1,0,500
rc_207.4.txt,5,FB-CMPSO,1303725,500,1,1,40,9.89519999999999,0.0215113043478261,0,119.6388,149.5233,-1.00300902707891e-05,0,0,1,1,0,500
rc_207.4.txt,5,RKPSO,1303726,500,1,1,NaN,0,0,0,119.6388,158.7357,-1.00300902707891e-05,0,0,0,0,0,500
rc_207.4.txt,5,LateOnly,1303726,500,1,1,40,3.54249999999999,0.00770108695652172,0,119.6388,158.7357,-1.00300902707891e-05,80,0,0,0,0,500
rc_207.4.txt,5,LateTo2Opt,1303726,500,1,1,40,3.54249999999999,0.00770108695652172,0,119.6388,158.7357,-1.00300902707891e-05,0,0,1,0,0,500
rc_207.4.txt,5,AlwaysVND,1303726,500,1,1,40,3.54249999999999,0.00770108695652172,0,119.6388,158.7357,-1.00300902707891e-05,0,0,0,1,0,500
rc_207.4.txt,5,FB-CMPSO,1303726,500,1,1,40,3.54249999999999,0.00770108695652172,0,119.6388,158.7357,-1.00300902707891e-05,0,0,0,1,0,500
rc_207.4.txt,5,RKPSO,1303727,500,1,1,NaN,0,0,0,119.6388,129.534,-1.00300902707891e-05,0,0,0,0,0,500
rc_207.4.txt,5,LateOnly,1303727,500,1,1,40,0,0,0,119.6388,129.534,-1.00300902707891e-05,80,0,0,0,0,500
rc_207.4.txt,5,LateTo2Opt,1303727,500,1,1,40,0,0,0,119.6388,129.534,-1.00300902707891e-05,0,0,0,0,0,500
rc_207.4.txt,5,AlwaysVND,1303727,500,1,1,40,0,0,0,119.6388,129.534,-1.00300902707891e-05,0,0,0,0,0,500
rc_207.4.txt,5,FB-CMPSO,1303727,500,1,1,40,0,0,0,119.6388,129.534,-1.00300902707891e-05,0,0,0,0,0,500
rc_207.4.txt,5,RKPSO,1303728,500,1,1,NaN,0,0,0,119.6388,133.8016,-1.00300902707891e-05,0,0,0,0,0,500
rc_207.4.txt,5,LateOnly,1303728,500,1,1,40,2.5639,0.00557369565217392,0,119.6388,133.8016,-1.00300902707891e-05,80,1,0,0,0,500
rc_207.4.txt,5,LateTo2Opt,1303728,500,1,1,40,0,0,0,122.2027,133.8016,0.0214200936141759,0,0,0,0,0,500
rc_207.4.txt,5,AlwaysVND,1303728,500,1,1,40,2.5639,0.00557369565217392,0,119.6388,133.8016,-1.00300902707891e-05,0,0,0,0,0,500
rc_207.4.txt,5,FB-CMPSO,1303728,500,1,1,40,2.5639,0.00557369565217392,0,119.6388,133.8016,-1.00300902707891e-05,0,0,0,0,0,500
rc_207.4.txt,5,RKPSO,1303729,500,1,1,NaN,0,0,0,119.6388,150.753,-1.00300902707891e-05,0,0,0,0,0,500
rc_207.4.txt,5,LateOnly,1303729,500,1,1,40,0,0,0,119.6388,150.753,-1.00300902707891e-05,80,0,0,0,0,500
rc_207.4.txt,5,LateTo2Opt,1303729,500,1,1,40,0,0,0,119.6388,150.753,-1.00300902707891e-05,0,0,0,0,0,500
rc_207.4.txt,5,AlwaysVND,1303729,500,1,1,40,0,0,0,119.6388,150.753,-1.00300902707891e-05,0,0,0,0,0,500
rc_207.4.txt,5,FB-CMPSO,1303729,500,1,1,40,0,0,0,119.6388,150.753,-1.00300902707891e-05,0,0,0,0,0,500
rc_207.4.txt,5,RKPSO,1303730,500,1,1,NaN,0,0,0,119.6388,143.6968,-1.00300902707891e-05,0,0,0,0,0,500
rc_207.4.txt,5,LateOnly,1303730,500,1,1,40,0,0,0,119.6388,143.6968,-1.00300902707891e-05,80,0,0,0,0,500
rc_207.4.txt,5,LateTo2Opt,1303730,500,1,1,40,0,0,0,119.6388,143.6968,-1.00300902707891e-05,0,0,0,0,0,500
rc_207.4.txt,5,AlwaysVND,1303730,500,1,1,40,0,0,0,119.6388,143.6968,-1.00300902707891e-05,0,0,0,0,0,500
rc_207.4.txt,5,FB-CMPSO,1303730,500,1,1,40,0,0,0,119.6388,143.6968,-1.00300902707891e-05,0,0,0,0,0,500
rc_208.1.txt,37,RKPSO,1303801,3700,0,NaN,NaN,NaN,NaN,4180.6297,1283.7115,NaN,NaN,0,0,0,0,0,3700
rc_208.1.txt,37,LateOnly,1303801,3700,0,NaN,NaN,NaN,NaN,343.232900000003,1059.0878,NaN,NaN,2360,24,0,0,0,3700
rc_208.1.txt,37,LateTo2Opt,1303801,3700,0,NaN,NaN,NaN,NaN,343.232900000003,1059.0878,NaN,NaN,2360,24,0,0,0,3700
rc_208.1.txt,37,AlwaysVND,1303801,3700,0,NaN,NaN,NaN,NaN,262.974280000001,1037.65864,NaN,NaN,0,0,42,12,2,3700
rc_208.1.txt,37,FB-CMPSO,1303801,3700,0,NaN,NaN,NaN,NaN,343.232900000003,1059.0878,NaN,NaN,2360,24,0,0,0,3700
rc_208.1.txt,37,RKPSO,1303802,3700,0,NaN,NaN,NaN,NaN,3645.2647,1258.9123,NaN,NaN,0,0,0,0,0,3700
rc_208.1.txt,37,LateOnly,1303802,3700,0,NaN,NaN,NaN,NaN,2386.7539,1206.2431,NaN,NaN,2360,14,0,0,0,3700
rc_208.1.txt,37,LateTo2Opt,1303802,3700,0,NaN,NaN,NaN,NaN,2386.7539,1206.2431,NaN,NaN,2360,14,0,0,0,3700
rc_208.1.txt,37,AlwaysVND,1303802,3700,1,3198,3240,25.0007000000001,0.0543493478260871,0,921.6788,946.6795,0.167790687361419,0,0,54,7,2,3700
rc_208.1.txt,37,FB-CMPSO,1303802,3700,0,NaN,NaN,NaN,NaN,2386.7539,1206.2431,NaN,NaN,2360,14,0,0,0,3700
rc_208.1.txt,37,RKPSO,1303803,3700,0,NaN,NaN,NaN,NaN,4195.8358,1285.8512,NaN,NaN,0,0,0,0,0,3700
rc_208.1.txt,37,LateOnly,1303803,3700,0,NaN,NaN,NaN,NaN,235.86,1025.0233,NaN,NaN,2360,25,0,0,0,3700
rc_208.1.txt,37,LateTo2Opt,1303803,3700,0,NaN,NaN,NaN,NaN,235.86,1025.0233,NaN,NaN,2360,25,0,0,0,3700
rc_208.1.txt,37,AlwaysVND,1303803,3700,0,NaN,NaN,NaN,NaN,707.7325,956.46244,NaN,NaN,0,0,46,8,1,3700
rc_208.1.txt,37,FB-CMPSO,1303803,3700,0,NaN,NaN,NaN,NaN,235.86,1025.0233,NaN,NaN,2360,25,0,0,0,3700
rc_208.1.txt,37,RKPSO,1303804,3700,0,NaN,NaN,NaN,NaN,2695.4791,1250.78064,NaN,NaN,0,0,0,0,0,3700
rc_208.1.txt,37,LateOnly,1303804,3700,0,NaN,NaN,NaN,NaN,29.3817000000001,920.77344,NaN,NaN,2360,23,0,0,0,3700
rc_208.1.txt,37,LateTo2Opt,1303804,3700,0,NaN,NaN,NaN,NaN,29.3817000000001,920.77344,NaN,NaN,2360,23,0,0,0,3700
rc_208.1.txt,37,AlwaysVND,1303804,3700,0,NaN,NaN,NaN,NaN,73.9210000000002,1018.1371,NaN,NaN,0,0,47,9,3,3700
rc_208.1.txt,37,FB-CMPSO,1303804,3700,0,NaN,NaN,NaN,NaN,29.3817000000001,920.77344,NaN,NaN,2360,23,0,0,0,3700
rc_208.1.txt,37,RKPSO,1303805,3700,0,NaN,NaN,NaN,NaN,3911.1068,1243.5108,NaN,NaN,0,0,0,0,0,3700
rc_208.1.txt,37,LateOnly,1303805,3700,0,NaN,NaN,NaN,NaN,577.5248,1020.9925,NaN,NaN,2360,18,0,0,0,3700
rc_208.1.txt,37,LateTo2Opt,1303805,3700,0,NaN,NaN,NaN,NaN,577.5248,1020.9925,NaN,NaN,2360,18,0,0,0,3700
rc_208.1.txt,37,AlwaysVND,1303805,3700,0,NaN,NaN,NaN,NaN,54.4557999999997,990.16914,NaN,NaN,0,0,42,6,5,3700
rc_208.1.txt,37,FB-CMPSO,1303805,3700,0,NaN,NaN,NaN,NaN,577.5248,1020.9925,NaN,NaN,2360,18,0,0,0,3700
rc_208.1.txt,37,RKPSO,1303806,3700,0,NaN,NaN,NaN,NaN,2763.7901,1194.53554,NaN,NaN,0,0,0,0,0,3700
rc_208.1.txt,37,LateOnly,1303806,3700,0,NaN,NaN,NaN,NaN,18.4994399999999,947.50264,NaN,NaN,2360,33,0,0,0,3700
rc_208.1.txt,37,LateTo2Opt,1303806,3700,0,NaN,NaN,NaN,NaN,18.4994399999999,947.50264,NaN,NaN,2360,33,0,0,0,3700
rc_208.1.txt,37,AlwaysVND,1303806,3700,0,NaN,NaN,NaN,NaN,314.4042,985.3498,NaN,NaN,0,0,43,8,2,3700
rc_208.1.txt,37,FB-CMPSO,1303806,3700,0,NaN,NaN,NaN,NaN,18.4994399999999,947.50264,NaN,NaN,2360,33,0,0,0,3700
rc_208.1.txt,37,RKPSO,1303807,3700,0,NaN,NaN,NaN,NaN,3649.8305,1145.3564,NaN,NaN,0,0,0,0,0,3700
rc_208.1.txt,37,LateOnly,1303807,3700,0,NaN,NaN,NaN,NaN,734.324660000001,1091.02224,NaN,NaN,2360,20,0,0,0,3700
rc_208.1.txt,37,LateTo2Opt,1303807,3700,0,NaN,NaN,NaN,NaN,734.324660000001,1091.02224,NaN,NaN,2360,20,0,0,0,3700
rc_208.1.txt,37,AlwaysVND,1303807,3700,0,NaN,NaN,NaN,NaN,16.3837800000001,969.95724,NaN,NaN,0,0,58,8,1,3700
rc_208.1.txt,37,FB-CMPSO,1303807,3700,0,NaN,NaN,NaN,NaN,734.324660000001,1091.02224,NaN,NaN,2360,20,0,0,0,3700
rc_208.1.txt,37,RKPSO,1303808,3700,0,NaN,NaN,NaN,NaN,2795.7559,1074.3621,NaN,NaN,0,0,0,0,0,3700
rc_208.1.txt,37,LateOnly,1303808,3700,0,NaN,NaN,NaN,NaN,584.344279999999,1036.18294,NaN,NaN,2360,23,0,0,0,3700
rc_208.1.txt,37,LateTo2Opt,1303808,3700,0,NaN,NaN,NaN,NaN,584.344279999999,1036.18294,NaN,NaN,2360,23,0,0,0,3700
rc_208.1.txt,37,AlwaysVND,1303808,3700,0,NaN,NaN,NaN,NaN,277.535999999999,1013.8759,NaN,NaN,0,0,48,8,2,3700
rc_208.1.txt,37,FB-CMPSO,1303808,3700,0,NaN,NaN,NaN,NaN,584.344279999999,1036.18294,NaN,NaN,2360,23,0,0,0,3700
rc_208.1.txt,37,RKPSO,1303809,3700,0,NaN,NaN,NaN,NaN,2264.7611,1152.1269,NaN,NaN,0,0,0,0,0,3700
rc_208.1.txt,37,LateOnly,1303809,3700,0,NaN,NaN,NaN,NaN,731.102700000001,1126.7731,NaN,NaN,2360,20,0,0,0,3700
rc_208.1.txt,37,LateTo2Opt,1303809,3700,0,NaN,NaN,NaN,NaN,731.102700000001,1126.7731,NaN,NaN,2360,20,0,0,0,3700
rc_208.1.txt,37,AlwaysVND,1303809,3700,0,NaN,NaN,NaN,NaN,675.165000000001,1023.4316,NaN,NaN,0,0,46,6,4,3700
rc_208.1.txt,37,FB-CMPSO,1303809,3700,0,NaN,NaN,NaN,NaN,731.102700000001,1126.7731,NaN,NaN,2360,20,0,0,0,3700
rc_208.1.txt,37,RKPSO,1303810,3700,0,NaN,NaN,NaN,NaN,2372.6969,1122.1317,NaN,NaN,0,0,0,0,0,3700
rc_208.1.txt,37,LateOnly,1303810,3700,0,NaN,NaN,NaN,NaN,226.62866,1021.53504,NaN,NaN,2360,24,0,0,0,3700
rc_208.1.txt,37,LateTo2Opt,1303810,3700,0,NaN,NaN,NaN,NaN,226.62866,1021.53504,NaN,NaN,2360,24,0,0,0,3700
rc_208.1.txt,37,AlwaysVND,1303810,3700,0,NaN,NaN,NaN,NaN,466.4937,1060.4708,NaN,NaN,0,0,56,7,2,3700
rc_208.1.txt,37,FB-CMPSO,1303810,3700,0,NaN,NaN,NaN,NaN,226.62866,1021.53504,NaN,NaN,2360,24,0,0,0,3700
rc_208.1.txt,37,RKPSO,1303811,3700,0,NaN,NaN,NaN,NaN,4432.4509,1222.3751,NaN,NaN,0,0,0,0,0,3700
rc_208.1.txt,37,LateOnly,1303811,3700,0,NaN,NaN,NaN,NaN,519.447699999999,1064.8516,NaN,NaN,2360,27,0,0,0,3700
rc_208.1.txt,37,LateTo2Opt,1303811,3700,0,NaN,NaN,NaN,NaN,519.447699999999,1064.8516,NaN,NaN,2360,27,0,0,0,3700
rc_208.1.txt,37,AlwaysVND,1303811,3700,0,NaN,NaN,NaN,NaN,350.8098,1025.5794,NaN,NaN,0,0,43,10,3,3700
rc_208.1.txt,37,FB-CMPSO,1303811,3700,0,NaN,NaN,NaN,NaN,519.447699999999,1064.8516,NaN,NaN,2360,27,0,0,0,3700
rc_208.1.txt,37,RKPSO,1303812,3700,0,NaN,NaN,NaN,NaN,6337.5921,1299.0886,NaN,NaN,0,0,0,0,0,3700
rc_208.1.txt,37,LateOnly,1303812,3700,0,NaN,NaN,NaN,NaN,304.2633,1025.9652,NaN,NaN,2360,22,0,0,0,3700
rc_208.1.txt,37,LateTo2Opt,1303812,3700,0,NaN,NaN,NaN,NaN,304.2633,1025.9652,NaN,NaN,2360,22,0,0,0,3700
rc_208.1.txt,37,AlwaysVND,1303812,3700,0,NaN,NaN,NaN,NaN,42.3959199999999,966.63464,NaN,NaN,0,0,47,11,1,3700
rc_208.1.txt,37,FB-CMPSO,1303812,3700,0,NaN,NaN,NaN,NaN,304.2633,1025.9652,NaN,NaN,2360,22,0,0,0,3700
rc_208.1.txt,37,RKPSO,1303813,3700,0,NaN,NaN,NaN,NaN,7185.8076,1353.55854,NaN,NaN,0,0,0,0,0,3700
rc_208.1.txt,37,LateOnly,1303813,3700,1,1574,1608,28.2074999999999,0.0134835086042064,0,912.8854,941.0929,0.156649223946785,2360,32,0,0,0,3700
rc_208.1.txt,37,LateTo2Opt,1303813,3700,1,1574,1608,0.274099999999862,0.000131022944550603,0,940.8188,941.0929,0.192041558441558,1008,28,1,0,0,3700
rc_208.1.txt,37,AlwaysVND,1303813,3700,0,NaN,NaN,NaN,NaN,117.6066,1009.0367,NaN,NaN,0,0,51,2,3,3700
rc_208.1.txt,37,FB-CMPSO,1303813,3700,1,1574,1608,37.8792999999998,0.018106739961759,0,903.2136,941.0929,0.144394805194805,1008,28,4,2,3,3700
rc_208.1.txt,37,RKPSO,1303814,3700,0,NaN,NaN,NaN,NaN,3988.0267,1114.485,NaN,NaN,0,0,0,0,0,3700
rc_208.1.txt,37,LateOnly,1303814,3700,0,NaN,NaN,NaN,NaN,687.868399999999,1073.6949,NaN,NaN,2360,28,0,0,0,3700
rc_208.1.txt,37,LateTo2Opt,1303814,3700,0,NaN,NaN,NaN,NaN,687.868399999999,1073.6949,NaN,NaN,2360,28,0,0,0,3700
rc_208.1.txt,37,AlwaysVND,1303814,3700,0,NaN,NaN,NaN,NaN,13.51104,972.68094,NaN,NaN,0,0,57,10,0,3700
rc_208.1.txt,37,FB-CMPSO,1303814,3700,0,NaN,NaN,NaN,NaN,687.868399999999,1073.6949,NaN,NaN,2360,28,0,0,0,3700
rc_208.1.txt,37,RKPSO,1303815,3700,0,NaN,NaN,NaN,NaN,5063.9225,1327.1313,NaN,NaN,0,0,0,0,0,3700
rc_208.1.txt,37,LateOnly,1303815,3700,0,NaN,NaN,NaN,NaN,1371.7283,1177.5472,NaN,NaN,2360,16,0,0,0,3700
rc_208.1.txt,37,LateTo2Opt,1303815,3700,0,NaN,NaN,NaN,NaN,1371.7283,1177.5472,NaN,NaN,2360,16,0,0,0,3700
rc_208.1.txt,37,AlwaysVND,1303815,3700,0,NaN,NaN,NaN,NaN,251.8883,998.35464,NaN,NaN,0,0,41,11,4,3700
rc_208.1.txt,37,FB-CMPSO,1303815,3700,0,NaN,NaN,NaN,NaN,1371.7283,1177.5472,NaN,NaN,2360,16,0,0,0,3700
rc_208.1.txt,37,RKPSO,1303816,3700,0,NaN,NaN,NaN,NaN,3555.6059,1260.3725,NaN,NaN,0,0,0,0,0,3700
rc_208.1.txt,37,LateOnly,1303816,3700,0,NaN,NaN,NaN,NaN,549.71436,1088.55534,NaN,NaN,2360,24,0,0,0,3700
rc_208.1.txt,37,LateTo2Opt,1303816,3700,0,NaN,NaN,NaN,NaN,549.71436,1088.55534,NaN,NaN,2360,24,0,0,0,3700
rc_208.1.txt,37,AlwaysVND,1303816,3700,0,NaN,NaN,NaN,NaN,399.366300000001,1049.3764,NaN,NaN,0,0,40,10,2,3700
rc_208.1.txt,37,FB-CMPSO,1303816,3700,0,NaN,NaN,NaN,NaN,549.71436,1088.55534,NaN,NaN,2360,24,0,0,0,3700
rc_208.1.txt,37,RKPSO,1303817,3700,0,NaN,NaN,NaN,NaN,4646.7888,1274.2029,NaN,NaN,0,0,0,0,0,3700
rc_208.1.txt,37,LateOnly,1303817,3700,0,NaN,NaN,NaN,NaN,971.3668,1114.1193,NaN,NaN,2360,22,0,0,0,3700
rc_208.1.txt,37,LateTo2Opt,1303817,3700,0,NaN,NaN,NaN,NaN,971.3668,1114.1193,NaN,NaN,2360,22,0,0,0,3700
rc_208.1.txt,37,AlwaysVND,1303817,3700,0,NaN,NaN,NaN,NaN,211.836620000001,1002.50324,NaN,NaN,0,0,38,5,3,3700
rc_208.1.txt,37,FB-CMPSO,1303817,3700,0,NaN,NaN,NaN,NaN,971.3668,1114.1193,NaN,NaN,2360,22,0,0,0,3700
rc_208.1.txt,37,RKPSO,1303818,3700,0,NaN,NaN,NaN,NaN,2822.0472,1240.7287,NaN,NaN,0,0,0,0,0,3700
rc_208.1.txt,37,LateOnly,1303818,3700,0,NaN,NaN,NaN,NaN,301.794659999999,1017.93934,NaN,NaN,2360,20,0,0,0,3700
rc_208.1.txt,37,LateTo2Opt,1303818,3700,0,NaN,NaN,NaN,NaN,301.794659999999,1017.93934,NaN,NaN,2360,20,0,0,0,3700
rc_208.1.txt,37,AlwaysVND,1303818,3700,1,3332,3368,6.13409999999999,0.0184762048192771,0,951.63504,957.76914,0.205746012036744,0,0,53,6,2,3700
rc_208.1.txt,37,FB-CMPSO,1303818,3700,0,NaN,NaN,NaN,NaN,301.794659999999,1017.93934,NaN,NaN,2360,20,0,0,0,3700
rc_208.1.txt,37,RKPSO,1303819,3700,0,NaN,NaN,NaN,NaN,6184.6715,1235.33024,NaN,NaN,0,0,0,0,0,3700
rc_208.1.txt,37,LateOnly,1303819,3700,0,NaN,NaN,NaN,NaN,116.53952,1012.11804,NaN,NaN,2360,23,0,0,0,3700
rc_208.1.txt,37,LateTo2Opt,1303819,3700,0,NaN,NaN,NaN,NaN,116.53952,1012.11804,NaN,NaN,2360,23,0,0,0,3700
rc_208.1.txt,37,AlwaysVND,1303819,3700,0,NaN,NaN,NaN,NaN,263.5086,936.69184,NaN,NaN,0,0,50,8,3,3700
rc_208.1.txt,37,FB-CMPSO,1303819,3700,0,NaN,NaN,NaN,NaN,116.53952,1012.11804,NaN,NaN,2360,23,0,0,0,3700
rc_208.1.txt,37,RKPSO,1303820,3700,0,NaN,NaN,NaN,NaN,4566.6996,1106.1998,NaN,NaN,0,0,0,0,0,3700
rc_208.1.txt,37,LateOnly,1303820,3700,0,NaN,NaN,NaN,NaN,1250.6556,1171.8704,NaN,NaN,2360,20,0,0,0,3700
rc_208.1.txt,37,LateTo2Opt,1303820,3700,0,NaN,NaN,NaN,NaN,1250.6556,1171.8704,NaN,NaN,2360,20,0,0,0,3700
rc_208.1.txt,37,AlwaysVND,1303820,3700,0,NaN,NaN,NaN,NaN,70.0837000000004,961.75504,NaN,NaN,0,0,43,3,7,3700
rc_208.1.txt,37,FB-CMPSO,1303820,3700,0,NaN,NaN,NaN,NaN,1250.6556,1171.8704,NaN,NaN,2360,20,0,0,0,3700
rc_208.1.txt,37,RKPSO,1303821,3700,0,NaN,NaN,NaN,NaN,2318.764,1165.9103,NaN,NaN,0,0,0,0,0,3700
rc_208.1.txt,37,LateOnly,1303821,3700,0,NaN,NaN,NaN,NaN,1190.0846,1116.1674,NaN,NaN,2360,28,0,0,0,3700
rc_208.1.txt,37,LateTo2Opt,1303821,3700,0,NaN,NaN,NaN,NaN,1190.0846,1116.1674,NaN,NaN,2360,28,0,0,0,3700
rc_208.1.txt,37,AlwaysVND,1303821,3700,1,3574,3624,3.58510000000001,0.0471723684210528,0,955.15354,958.73864,0.210204041811846,0,0,53,4,4,3700
rc_208.1.txt,37,FB-CMPSO,1303821,3700,0,NaN,NaN,NaN,NaN,1190.0846,1116.1674,NaN,NaN,2360,28,0,0,0,3700
rc_208.1.txt,37,RKPSO,1303822,3700,0,NaN,NaN,NaN,NaN,2182.0237,1147.23854,NaN,NaN,0,0,0,0,0,3700
rc_208.1.txt,37,LateOnly,1303822,3700,0,NaN,NaN,NaN,NaN,1294.0766,1150.08744,NaN,NaN,2360,19,0,0,0,3700
rc_208.1.txt,37,LateTo2Opt,1303822,3700,0,NaN,NaN,NaN,NaN,1294.0766,1150.08744,NaN,NaN,2360,19,0,0,0,3700
rc_208.1.txt,37,AlwaysVND,1303822,3700,0,NaN,NaN,NaN,NaN,511.613799999999,991.99104,NaN,NaN,0,0,51,11,3,3700
rc_208.1.txt,37,FB-CMPSO,1303822,3700,0,NaN,NaN,NaN,NaN,1294.0766,1150.08744,NaN,NaN,2360,19,0,0,0,3700
rc_208.1.txt,37,RKPSO,1303823,3700,0,NaN,NaN,NaN,NaN,4040.47322,1221.60784,NaN,NaN,0,0,0,0,0,3700
rc_208.1.txt,37,LateOnly,1303823,3700,0,NaN,NaN,NaN,NaN,4104.4762,1358.3417,NaN,NaN,2360,15,0,0,0,3700
rc_208.1.txt,37,LateTo2Opt,1303823,3700,0,NaN,NaN,NaN,NaN,4104.4762,1358.3417,NaN,NaN,2360,15,0,0,0,3700
rc_208.1.txt,37,AlwaysVND,1303823,3700,0,NaN,NaN,NaN,NaN,194.2326,1000.1156,NaN,NaN,0,0,46,13,1,3700
rc_208.1.txt,37,FB-CMPSO,1303823,3700,0,NaN,NaN,NaN,NaN,4104.4762,1358.3417,NaN,NaN,2360,15,0,0,0,3700
rc_208.1.txt,37,RKPSO,1303824,3700,0,NaN,NaN,NaN,NaN,4239.3798,1298.4863,NaN,NaN,0,0,0,0,0,3700
rc_208.1.txt,37,LateOnly,1303824,3700,0,NaN,NaN,NaN,NaN,1569.048,1163.5145,NaN,NaN,2360,19,0,0,0,3700
rc_208.1.txt,37,LateTo2Opt,1303824,3700,0,NaN,NaN,NaN,NaN,1569.048,1163.5145,NaN,NaN,2360,19,0,0,0,3700
rc_208.1.txt,37,AlwaysVND,1303824,3700,1,3570,3624,0.0472999999999502,0.000622368421051976,0,943.23204,943.27934,0.195099195438707,0,0,54,7,1,3700
rc_208.1.txt,37,FB-CMPSO,1303824,3700,0,NaN,NaN,NaN,NaN,1569.048,1163.5145,NaN,NaN,2360,19,0,0,0,3700
rc_208.1.txt,37,RKPSO,1303825,3700,0,NaN,NaN,NaN,NaN,2754.7983,1174.0486,NaN,NaN,0,0,0,0,0,3700
rc_208.1.txt,37,LateOnly,1303825,3700,0,NaN,NaN,NaN,NaN,2077.2283,1233.1692,NaN,NaN,2360,19,0,0,0,3700
rc_208.1.txt,37,LateTo2Opt,1303825,3700,0,NaN,NaN,NaN,NaN,2077.2283,1233.1692,NaN,NaN,2360,19,0,0,0,3700
rc_208.1.txt,37,AlwaysVND,1303825,3700,0,NaN,NaN,NaN,NaN,86.9279000000002,981.5086,NaN,NaN,0,0,47,9,3,3700
rc_208.1.txt,37,FB-CMPSO,1303825,3700,0,NaN,NaN,NaN,NaN,2077.2283,1233.1692,NaN,NaN,2360,19,0,0,0,3700
rc_208.1.txt,37,RKPSO,1303826,3700,0,NaN,NaN,NaN,NaN,4625.9409,1332.7624,NaN,NaN,0,0,0,0,0,3700
rc_208.1.txt,37,LateOnly,1303826,3700,0,NaN,NaN,NaN,NaN,1397.6279,1158.1303,NaN,NaN,2360,17,0,0,0,3700
rc_208.1.txt,37,LateTo2Opt,1303826,3700,0,NaN,NaN,NaN,NaN,1397.6279,1158.1303,NaN,NaN,2360,17,0,0,0,3700
rc_208.1.txt,37,AlwaysVND,1303826,3700,0,NaN,NaN,NaN,NaN,19.428,964.8079,NaN,NaN,0,0,47,7,1,3700
rc_208.1.txt,37,FB-CMPSO,1303826,3700,0,NaN,NaN,NaN,NaN,1397.6279,1158.1303,NaN,NaN,2360,17,0,0,0,3700
rc_208.1.txt,37,RKPSO,1303827,3700,0,NaN,NaN,NaN,NaN,5999.2262,1282.9315,NaN,NaN,0,0,0,0,0,3700
rc_208.1.txt,37,LateOnly,1303827,3700,0,NaN,NaN,NaN,NaN,702.6458,1060.3283,NaN,NaN,2360,17,0,0,0,3700
rc_208.1.txt,37,LateTo2Opt,1303827,3700,0,NaN,NaN,NaN,NaN,702.6458,1060.3283,NaN,NaN,2360,17,0,0,0,3700
rc_208.1.txt,37,AlwaysVND,1303827,3700,0,NaN,NaN,NaN,NaN,258.5359,1027.1003,NaN,NaN,0,0,56,6,1,3700
rc_208.1.txt,37,FB-CMPSO,1303827,3700,0,NaN,NaN,NaN,NaN,702.6458,1060.3283,NaN,NaN,2360,17,0,0,0,3700
rc_208.1.txt,37,RKPSO,1303828,3700,0,NaN,NaN,NaN,NaN,3320.9311,1190.5439,NaN,NaN,0,0,0,0,0,3700
rc_208.1.txt,37,LateOnly,1303828,3700,0,NaN,NaN,NaN,NaN,289.080580000001,1019.20364,NaN,NaN,2360,26,0,0,0,3700
rc_208.1.txt,37,LateTo2Opt,1303828,3700,0,NaN,NaN,NaN,NaN,289.080580000001,1019.20364,NaN,NaN,2360,26,0,0,0,3700
rc_208.1.txt,37,AlwaysVND,1303828,3700,0,NaN,NaN,NaN,NaN,497.831,958.63,NaN,NaN,0,0,46,12,1,3700
rc_208.1.txt,37,FB-CMPSO,1303828,3700,0,NaN,NaN,NaN,NaN,289.080580000001,1019.20364,NaN,NaN,2360,26,0,0,0,3700
rc_208.1.txt,37,RKPSO,1303829,3700,0,NaN,NaN,NaN,NaN,3591.2704,1278.6371,NaN,NaN,0,0,0,0,0,3700
rc_208.1.txt,37,LateOnly,1303829,3700,0,NaN,NaN,NaN,NaN,1866.9079,1225.1926,NaN,NaN,2360,15,0,0,0,3700
rc_208.1.txt,37,LateTo2Opt,1303829,3700,0,NaN,NaN,NaN,NaN,1866.9079,1225.1926,NaN,NaN,2360,15,0,0,0,3700
rc_208.1.txt,37,AlwaysVND,1303829,3700,0,NaN,NaN,NaN,NaN,215.9729,1037.66784,NaN,NaN,0,0,53,8,1,3700
rc_208.1.txt,37,FB-CMPSO,1303829,3700,0,NaN,NaN,NaN,NaN,1866.9079,1225.1926,NaN,NaN,2360,15,0,0,0,3700
rc_208.1.txt,37,RKPSO,1303830,3700,0,NaN,NaN,NaN,NaN,3632.848,1259.7677,NaN,NaN,0,0,0,0,0,3700
rc_208.1.txt,37,LateOnly,1303830,3700,0,NaN,NaN,NaN,NaN,390.19486,1053.16784,NaN,NaN,2360,22,0,0,0,3700
rc_208.1.txt,37,LateTo2Opt,1303830,3700,0,NaN,NaN,NaN,NaN,390.19486,1053.16784,NaN,NaN,2360,22,0,0,0,3700
rc_208.1.txt,37,AlwaysVND,1303830,3700,0,NaN,NaN,NaN,NaN,227.0446,1010.2215,NaN,NaN,0,0,31,10,6,3700
rc_208.1.txt,37,FB-CMPSO,1303830,3700,0,NaN,NaN,NaN,NaN,390.19486,1053.16784,NaN,NaN,2360,22,0,0,0,3700
rc_208.2.txt,28,RKPSO,1303901,2800,0,NaN,NaN,NaN,NaN,36.2650999999998,722.0483,NaN,NaN,0,0,0,0,0,2800
rc_208.2.txt,28,LateOnly,1303901,2800,1,466,510,153.0049,0.0668143668122271,0,663.2121,826.3597,0.242482108733935,1593,26,0,0,0,2800
rc_208.2.txt,28,LateTo2Opt,1303901,2800,1,466,510,170.7658,0.0745702183406114,0,645.4512,826.3597,0.209208288058751,270,10,17,0,0,2800
rc_208.2.txt,28,AlwaysVND,1303901,2800,1,865,949,249.1238,0.134588762830902,0,599.6613,885.0473,0.123424069841508,0,0,43,8,1,2800
rc_208.2.txt,28,FB-CMPSO,1303901,2800,1,466,510,177.5224,0.0775206986899564,0,638.6946,826.3597,0.196550264153771,270,10,15,4,4,2800
rc_208.2.txt,28,RKPSO,1303902,2800,0,NaN,NaN,NaN,NaN,396.2357,836.5003,NaN,NaN,0,0,0,0,0,2800
rc_208.2.txt,28,LateOnly,1303902,2800,1,606,651,243.4366,0.113279013494649,0,608.8429,852.3546,0.140625163925213,1593,31,0,0,0,2800
rc_208.2.txt,28,LateTo2Opt,1303902,2800,1,606,651,271.0373,0.126122522103304,0,581.2422,852.3546,0.0889171568811122,351,13,14,0,0,2800
rc_208.2.txt,28,AlwaysVND,1303902,2800,1,1722,1757,117.93,0.113068072866731,0,624.1708,742.1008,0.16934092697366,0,0,45,10,2,2800
rc_208.2.txt,28,FB-CMPSO,1303902,2800,1,606,651,284.602,0.132434620753839,0,567.6775,852.3546,0.0635046273745739,351,13,14,2,3,2800
rc_208.2.txt,28,RKPSO,1303903,2800,0,NaN,NaN,NaN,NaN,1255.0956,773.9503,NaN,NaN,0,0,0,0,0,2800
rc_208.2.txt,28,LateOnly,1303903,2800,1,560,604,124.818,0.0568387978142076,0,583.2813,708.0993,0.0927372700363446,1593,28,0,0,0,2800
rc_208.2.txt,28,LateTo2Opt,1303903,2800,1,560,604,155.1797,0.07066470856102,0,552.9196,708.0993,0.0358567199970025,324,12,13,0,0,2800
rc_208.2.txt,28,AlwaysVND,1303903,2800,1,1600,1656,182.3426,0.159390384615384,0,617.5577,854.3473,0.156951740417401,0,0,58,4,1,2800
rc_208.2.txt,28,FB-CMPSO,1303903,2800,1,560,604,145.2342,0.0661357923497268,0,562.8651,708.0993,0.0544889280227809,324,12,12,7,1,2800
rc_208.2.txt,28,RKPSO,1303904,2800,0,NaN,NaN,NaN,NaN,650.6159,902.2561,NaN,NaN,0,0,0,0,0,2800
rc_208.2.txt,28,LateOnly,1303904,2800,1,652,698,289.7405,0.137840390104662,0,579.2399,872.5966,0.085165985986736,1593,32,0,0,0,2800
rc_208.2.txt,28,LateTo2Opt,1303904,2800,1,652,698,273.676,0.130197906755471,0,595.3044,872.5966,0.115261718310915,378,14,20,0,0,2800
rc_208.2.txt,28,AlwaysVND,1303904,2800,1,1254,1353,72.5057999999998,0.0501076710435382,0,588.9005,729.2434,0.103264453520177,0,0,41,5,3,2800
rc_208.2.txt,28,FB-CMPSO,1303904,2800,1,652,698,268.9243,0.127937345385347,0,600.0561,872.5966,0.124163700400914,378,14,18,3,2,2800
rc_208.2.txt,28,RKPSO,1303905,2800,0,NaN,NaN,NaN,NaN,209.2271,808.9678,NaN,NaN,0,0,0,0,0,2800
rc_208.2.txt,28,LateOnly,1303905,2800,1,466,510,113.9569,0.0497628384279476,0,711.7927,827.9194,0.333494510847166,1593,31,0,0,0,2800
rc_208.2.txt,28,LateTo2Opt,1303905,2800,1,466,510,237.0495,0.103515065502183,0,588.7001,827.9194,0.102889017947469,270,10,21,0,0,2800
rc_208.2.txt,28,AlwaysVND,1303905,2800,1,819,848,177.0245,0.090688780737705,0,626.5007,837.7406,0.173705833864139,0,0,27,4,4,2800
rc_208.2.txt,28,FB-CMPSO,1303905,2800,1,466,510,211.0804,0.0921748471615721,0,614.6692,827.9194,0.151540334969463,270,10,12,4,4,2800
rc_208.2.txt,28,RKPSO,1303906,2800,0,NaN,NaN,NaN,NaN,3.51030000000003,825.4319,NaN,NaN,0,0,0,0,0,2800
rc_208.2.txt,28,LateOnly,1303906,2800,1,558,604,134.1042,0.0610674863387978,0,706.3293,854.516,0.323259207913373,1593,30,0,0,0,2800
rc_208.2.txt,28,LateTo2Opt,1303906,2800,1,558,604,211.5,0.0963114754098361,0,628.9335,854.516,0.178263516804676,324,12,17,0,0,2800
rc_208.2.txt,28,AlwaysVND,1303906,2800,1,1190,1252,185.4002,0.119767571059432,0,640.3365,825.7367,0.199626250515194,0,0,36,10,4,2800
rc_208.2.txt,28,FB-CMPSO,1303906,2800,1,558,604,263.6967,0.120080464480874,0,576.7368,854.516,0.0804766008467907,324,12,19,5,5,2800
rc_208.2.txt,28,RKPSO,1303907,2800,0,NaN,NaN,NaN,NaN,1069.402,883.7021,NaN,NaN,0,0,0,0,0,2800
rc_208.2.txt,28,LateOnly,1303907,2800,1,702,745,278.9471,0.135740681265207,0,604.3999,884.5491,0.132301509985387,1593,28,0,0,0,2800
rc_208.2.txt,28,LateTo2Opt,1303907,2800,1,702,745,280.629,0.136559124087591,0,602.718,884.5491,0.129150586383903,405,15,18,0,0,2800
rc_208.2.txt,28,AlwaysVND,1303907,2800,1,761,848,82.2831000000002,0.0421532274590165,0,658.0877,759.1559,0.232881898909663,0,0,27,8,4,2800
rc_208.2.txt,28,FB-CMPSO,1303907,2800,1,702,745,263.1851,0.128070608272506,0,620.1619,884.5491,0.161830529431601,405,15,14,3,3,2800
rc_208.2.txt,28,RKPSO,1303908,2800,0,NaN,NaN,NaN,NaN,723.6397,910.1513,NaN,NaN,0,0,0,0,0,2800
rc_208.2.txt,28,LateOnly,1303908,2800,1,1011,1027,133.7272,0.075424252679075,0,625.2725,758.9997,0.171404885908052,1593,23,0,0,0,2800
rc_208.2.txt,28,LateTo2Opt,1303908,2800,1,1011,1027,168.6619,0.0951279751833052,0,590.3378,758.9997,0.105957135898685,567,10,17,0,0,2800
rc_208.2.txt,28,AlwaysVND,1303908,2800,1,1215,1252,202.6809,0.130930813953488,0,628.9571,831.638,0.178307729776312,0,0,42,7,1,2800
rc_208.2.txt,28,FB-CMPSO,1303908,2800,1,1011,1027,170.8952,0.0963875916525664,0,588.1045,758.9997,0.101773202442954,567,10,14,3,2,2800
rc_208.2.txt,28,RKPSO,1303909,2800,0,NaN,NaN,NaN,NaN,77.8811000000001,725.8052,NaN,NaN,0,0,0,0,0,2800
rc_208.2.txt,28,LateOnly,1303909,2800,1,426,463,124.7243,0.053369405220368,0,760.3054,885.0297,0.424379706995391,1593,23,0,0,0,2800
rc_208.2.txt,28,LateTo2Opt,1303909,2800,1,426,463,275.6287,0.117941249465126,0,609.401,885.0297,0.14167072576717,243,9,18,0,0,2800
rc_208.2.txt,28,AlwaysVND,1303909,2800,1,1113,1151,204.2154,0.123841964827168,0,577.7332,781.9486,0.0823432874967216,0,0,40,5,4,2800
rc_208.2.txt,28,FB-CMPSO,1303909,2800,1,426,463,291.6164,0.124782370560548,0,593.4133,885.0297,0.11171887294391,243,9,28,5,1,2800
rc_208.2.txt,28,RKPSO,1303910,2800,0,NaN,NaN,NaN,NaN,354.1939,803.3256,NaN,NaN,0,0,0,0,0,2800
rc_208.2.txt,28,LateOnly,1303910,2800,1,512,557,144.2808,0.0643249219794918,0,718.9634,872.8002,0.346928322529881,1593,21,0,0,0,2800
rc_208.2.txt,28,LateTo2Opt,1303910,2800,1,512,557,267.5061,0.119262639322336,0,595.7381,872.8002,0.116074225336281,297,11,17,0,0,2800
rc_208.2.txt,28,AlwaysVND,1303910,2800,1,1115,1151,105.0877,0.0637281382656155,0,572.7469,677.8346,0.0730017984937613,0,0,36,6,4,2800
rc_208.2.txt,28,FB-CMPSO,1303910,2800,1,512,557,296.8169,0.132330316540348,0,566.4273,872.8002,0.0611624639364532,297,11,20,3,8,2800
rc_208.2.txt,28,RKPSO,1303911,2800,0,NaN,NaN,NaN,NaN,198.6903,831.9453,NaN,NaN,0,0,0,0,0,2800
rc_208.2.txt,28,LateOnly,1303911,2800,1,434,463,160.5898,0.0687162173727,0,677.4865,838.0763,0.269224212222264,1593,25,0,0,0,2800
rc_208.2.txt,28,LateTo2Opt,1303911,2800,1,434,463,144.4708,0.0618189131364998,0,693.6055,838.0763,0.299422046536026,243,9,13,0,0,2800
rc_208.2.txt,28,AlwaysVND,1303911,2800,1,1190,1252,178.0922,0.115046640826873,0,635.0963,813.1885,0.189809097380944,0,0,32,9,1,2800
rc_208.2.txt,28,FB-CMPSO,1303911,2800,1,434,463,252.6434,0.108105862216517,0,585.4329,838.0763,0.0967681441792502,243,9,20,7,2,2800
rc_208.2.txt,28,RKPSO,1303912,2800,0,NaN,NaN,NaN,NaN,42.4842000000001,813.0124,NaN,NaN,0,0,0,0,0,2800
rc_208.2.txt,28,LateOnly,1303912,2800,1,519,557,163.9148,0.0730783771734285,0,695.8703,859.7851,0.303664993068305,1593,27,0,0,0,2800
rc_208.2.txt,28,LateTo2Opt,1303912,2800,1,519,557,267.2446,0.11914605439144,0,592.5405,859.7851,0.110083742365769,297,11,18,0,0,2800
rc_208.2.txt,28,AlwaysVND,1303912,2800,1,662,747,94.1237000000001,0.0458469069654165,0,587.6063,698.4531,0.100839859117989,0,0,28,3,3,2800
rc_208.2.txt,28,FB-CMPSO,1303912,2800,1,519,557,231.8,0.103343736067766,0,627.9851,859.7851,0.176486754842819,297,11,11,6,3,2800
rc_208.2.txt,28,RKPSO,1303913,2800,0,NaN,NaN,NaN,NaN,118.1074,758.6234,NaN,NaN,0,0,0,0,0,2800
rc_208.2.txt,28,LateOnly,1303913,2800,1,520,557,114.284,0.0509514043691483,0,684.349,808.4526,0.282080632470307,1593,23,0,0,0,2800
rc_208.2.txt,28,LateTo2Opt,1303913,2800,1,520,557,196.7776,0.0877296477931341,0,601.8554,808.4526,0.127534564801978,297,11,18,0,0,2800
rc_208.2.txt,28,AlwaysVND,1303913,2800,1,1168,1252,204.335,0.131999354005168,0,595.9596,832.1772,0.116489190303121,0,0,42,10,2,2800
rc_208.2.txt,28,FB-CMPSO,1303913,2800,1,520,557,219.5738,0.0978929112795363,0,579.0592,808.4526,0.0848274570047586,297,11,10,7,8,2800
rc_208.2.txt,28,RKPSO,1303914,2800,0,NaN,NaN,NaN,NaN,155.0397,794.8878,NaN,NaN,0,0,0,0,0,2800
rc_208.2.txt,28,LateOnly,1303914,2800,1,894,933,165.0935,0.088427155865024,0,617.8609,782.9544,0.157519764697066,1593,26,0,0,0,2800
rc_208.2.txt,28,LateTo2Opt,1303914,2800,1,894,933,115.2435,0.0617265666845205,0,667.7109,782.9544,0.250910300123647,513,19,11,0,0,2800
rc_208.2.txt,28,AlwaysVND,1303914,2800,1,1391,1454,78.0511999999999,0.0579875185735512,0,656.9854,745.0297,0.23081681591667,0,0,35,7,3,2800
rc_208.2.txt,28,FB-CMPSO,1303914,2800,1,894,933,183.6173,0.098348848419925,0,599.3371,782.9544,0.122816703510809,513,19,16,2,2,2800
rc_208.2.txt,28,RKPSO,1303915,2800,0,NaN,NaN,NaN,NaN,132.3426,749.5841,NaN,NaN,0,0,0,0,0,2800
rc_208.2.txt,28,LateOnly,1303915,2800,1,581,604,98.7173000000001,0.044953233151184,0,747.8216,846.5389,0.400992169058414,1593,25,0,0,0,2800
rc_208.2.txt,28,LateTo2Opt,1303915,2800,1,581,604,199,0.0906193078324227,0,647.5389,846.5389,0.213119449960658,324,12,20,0,0,2800
rc_208.2.txt,28,AlwaysVND,1303915,2800,1,1298,1353,147.77,0.102121630960608,0,626.0376,783.8689,0.172838247967328,0,0,38,4,4,2800
rc_208.2.txt,28,FB-CMPSO,1303915,2800,1,581,604,253.9298,0.115632877959927,0,592.6091,846.5389,0.110212259732474,324,12,15,7,3,2800
rc_208.2.txt,28,RKPSO,1303916,2800,0,NaN,NaN,NaN,NaN,415.3835,804.1436,NaN,NaN,0,0,0,0,0,2800
rc_208.2.txt,28,LateOnly,1303916,2800,1,1393,1403,165.2073,0.118258625626342,0,687.3578,852.5651,0.287717411667729,1593,28,0,0,0,2800
rc_208.2.txt,28,LateTo2Opt,1303916,2800,1,1393,1403,165.5286,0.118488618468146,0,687.0365,852.5651,0.287115478286935,783,16,14,0,0,2800
rc_208.2.txt,28,AlwaysVND,1303916,2800,1,1671,1757,73.1232,0.0701085330776606,0,687.0711,760.1943,0.287180298999588,0,0,37,6,7,2800
rc_208.2.txt,28,FB-CMPSO,1303916,2800,1,1393,1403,260.0765,0.186167859699356,0,592.4886,852.5651,0.109986511296789,783,16,22,2,3,2800
rc_208.2.txt,28,RKPSO,1303917,2800,0,NaN,NaN,NaN,NaN,138.3686,727.5916,NaN,NaN,0,0,0,0,0,2800
rc_208.2.txt,28,LateOnly,1303917,2800,1,1773,1779,64.7140000000001,0.0633829578844271,0,760.5316,825.2456,0.424803477087939,1593,20,0,0,0,2800
rc_208.2.txt,28,LateTo2Opt,1303917,2800,1,1773,1779,113.2503,0.110920959843291,0,711.9953,825.2456,0.333874067968077,999,13,8,0,0,2800
rc_208.2.txt,28,AlwaysVND,1303917,2800,1,1103,1151,188.131,0.114087932080049,0,586.4286,805.4899,0.0986335194274795,0,0,47,6,4,2800
rc_208.2.txt,28,FB-CMPSO,1303917,2800,1,1773,1779,123.6643,0.121120763956905,0,701.5813,825.2456,0.314364157518079,999,13,10,2,2,2800
rc_208.2.txt,28,RKPSO,1303918,2800,0,NaN,NaN,NaN,NaN,486.2729,818.7065,NaN,NaN,0,0,0,0,0,2800
rc_208.2.txt,28,LateOnly,1303918,2800,1,559,604,161.0832,0.0733530054644808,0,652.4451,824.9703,0.222310877140395,1593,33,0,0,0,2800
rc_208.2.txt,28,LateTo2Opt,1303918,2800,1,559,604,221.8278,0.101014480874317,0,591.7005,824.9703,0.108510060324478,324,12,16,0,0,2800
rc_208.2.txt,28,AlwaysVND,1303918,2800,1,1107,1151,185.9397,0.112759066100667,0,586.0831,824.0133,0.0979862490164487,0,0,51,6,1,2800
rc_208.2.txt,28,FB-CMPSO,1303918,2800,1,559,604,245.3312,0.111717304189435,0,568.1971,824.9703,0.064478062122972,324,12,22,8,4,2800
rc_208.2.txt,28,RKPSO,1303919,2800,0,NaN,NaN,NaN,NaN,466.355600000001,746.7945,NaN,NaN,0,0,0,0,0,2800
rc_208.2.txt,28,LateOnly,1303919,2800,1,2525,2531,42.0936000000002,0.156481784386618,0,773.2618,815.3554,0.448652628423695,1593,20,0,0,0,2800
rc_208.2.txt,28,LateTo2Opt,1303919,2800,1,2525,2531,45.7358,0.17002156133829,0,769.6196,815.3554,0.4418292180299,1431,16,3,0,0,2800
rc_208.2.txt,28,AlwaysVND,1303919,2800,1,1258,1353,105.4683,0.0728875604699378,0,642.8507,757.101,0.204336430739256,0,0,46,4,2,2800
rc_208.2.txt,28,FB-CMPSO,1303919,2800,1,2525,2531,69.5791,0.258658364312268,0,745.7763,815.3554,0.397160440630972,1431,16,3,2,0,2800
rc_208.2.txt,28,RKPSO,1303920,2800,0,NaN,NaN,NaN,NaN,280.0398,808.2182,NaN,NaN,0,0,0,0,0,2800
rc_208.2.txt,28,LateOnly,1303920,2800,1,464,510,120.2239,0.0524995196506551,0,764.2687,902.0374,0.43180467608378,1593,24,0,0,0,2800
rc_208.2.txt,28,LateTo2Opt,1303920,2800,1,464,510,292.7516,0.127839126637555,0,591.741,902.0374,0.10858593428004,270,10,22,0,0,2800
rc_208.2.txt,28,AlwaysVND,1303920,2800,1,1089,1151,173.5827,0.105265433596119,0,614.1934,787.7761,0.150648956498932,0,0,49,4,3,2800
rc_208.2.txt,28,FB-CMPSO,1303920,2800,1,464,510,315.7075,0.137863537117904,0,568.7851,902.0374,0.0655796395518752,270,10,14,5,5,2800
rc_208.2.txt,28,RKPSO,1303921,2800,0,NaN,NaN,NaN,NaN,543.3999,840.1313,NaN,NaN,0,0,0,0,0,2800
rc_208.2.txt,28,LateOnly,1303921,2800,1,464,510,133.9028,0.0584728384279476,0,646.6,873.1324,0.211360485593315,1593,27,0,0,0,2800
rc_208.2.txt,28,LateTo2Opt,1303921,2800,1,464,510,208.5803,0.0910831004366812,0,571.9225,873.1324,0.0714573419760951,270,10,18,0,0,2800
rc_208.2.txt,28,AlwaysVND,1303921,2800,1,1275,1353,155.849,0.107704906703525,0,604.703,767.0809,0.132869346921953,0,0,40,12,1,2800
rc_208.2.txt,28,FB-CMPSO,1303921,2800,1,464,510,210.5234,0.091931615720524,0,569.9794,873.1324,0.06781707819701,270,10,6,3,4,2800
rc_208.2.txt,28,RKPSO,1303922,2800,0,NaN,NaN,NaN,NaN,401.0841,796.7647,NaN,NaN,0,0,0,0,0,2800
rc_208.2.txt,28,LateOnly,1303922,2800,1,561,604,153.2495,0.0697857468123862,0,695.3324,849.8717,0.302657274532579,1593,23,0,0,0,2800
rc_208.2.txt,28,LateTo2Opt,1303922,2800,1,561,604,221.2437,0.10074849726776,0,627.3382,849.8717,0.175274832327925,324,12,11,0,0,2800
rc_208.2.txt,28,AlwaysVND,1303922,2800,1,482,545,123.6016,0.0548122394678493,0,619.3696,757.3985,0.160346210049084,0,0,27,4,2,2800
rc_208.2.txt,28,FB-CMPSO,1303922,2800,1,561,604,226.4187,0.103105054644809,0,622.1632,849.8717,0.165579826894976,324,12,15,5,2,2800
rc_208.2.txt,28,RKPSO,1303923,2800,1,1308,NaN,0,0,0,749.4887,755.8353,0.404115365881075,0,0,0,0,0,2800
rc_208.2.txt,28,LateOnly,1303923,2800,1,699,745,69.0202,0.0335864720194647,0,709.188,784.1694,0.328614785117464,1593,27,0,0,0,2800
rc_208.2.txt,28,LateTo2Opt,1303923,2800,1,699,745,157.4585,0.0766221411192214,0,620.7497,784.1694,0.162931732174304,405,15,16,0,0,2800
rc_208.2.txt,28,AlwaysVND,1303923,2800,1,812,848,192.3674,0.0985488729508197,0,593.3307,785.6981,0.111564127543183,0,0,39,4,6,2800
rc_208.2.txt,28,FB-CMPSO,1303923,2800,1,699,745,163.3552,0.0794915815085158,0,614.853,784.1694,0.151884671587545,405,15,15,3,4,2800
rc_208.2.txt,28,RKPSO,1303924,2800,0,NaN,NaN,NaN,NaN,113.9318,771.7187,NaN,NaN,0,0,0,0,0,2800
rc_208.2.txt,28,LateOnly,1303924,2800,0,NaN,NaN,NaN,NaN,13.5897,820.4425,NaN,NaN,1593,9,0,0,0,2800
rc_208.2.txt,28,LateTo2Opt,1303924,2800,0,NaN,NaN,NaN,NaN,13.5897,820.4425,NaN,NaN,1593,9,0,0,0,2800
rc_208.2.txt,28,AlwaysVND,1303924,2800,1,864,949,241.0865,0.130246623446786,0,553.0735,847.2843,0.0361450410281389,0,0,49,5,2,2800
rc_208.2.txt,28,FB-CMPSO,1303924,2800,0,NaN,NaN,NaN,NaN,13.5897,820.4425,NaN,NaN,1593,9,0,0,0,2800
rc_208.2.txt,28,RKPSO,1303925,2800,0,NaN,NaN,NaN,NaN,577.4418,844.1938,NaN,NaN,0,0,0,0,0,2800
rc_208.2.txt,28,LateOnly,1303925,2800,1,559,604,145.1424,0.0660939890710382,0,676.2436,860.3369,0.266895724830455,1593,22,0,0,0,2800
rc_208.2.txt,28,LateTo2Opt,1303925,2800,1,559,604,107.5107,0.0489575136612022,0,713.8753,860.3369,0.337396118250965,324,12,10,0,0,2800
rc_208.2.txt,28,AlwaysVND,1303925,2800,1,1059,1151,196.4528,0.119134505761067,0,610.2686,850.8748,0.143296114504103,0,0,36,9,2,2800
rc_208.2.txt,28,FB-CMPSO,1303925,2800,1,559,604,147.8639,0.0673332877959927,0,673.5221,860.3369,0.261797182359774,324,12,17,7,3,2800
rc_208.2.txt,28,RKPSO,1303926,2800,0,NaN,NaN,NaN,NaN,656.8574,830.9938,NaN,NaN,0,0,0,0,0,2800
rc_208.2.txt,28,LateOnly,1303926,2800,1,703,745,149.2877,0.0726460827250608,0,687.6897,844.6008,0.288339203417138,1593,37,0,0,0,2800
rc_208.2.txt,28,LateTo2Opt,1303926,2800,1,703,745,265.6096,0.129250413625304,0,571.3678,844.6008,0.0704181497995429,405,15,18,0,0,2800
rc_208.2.txt,28,AlwaysVND,1303926,2800,1,984,1050,183.434,0.104819428571429,0,577.6787,772.7625,0.0822411855071379,0,0,45,5,3,2800
rc_208.2.txt,28,FB-CMPSO,1303926,2800,1,703,745,235.8209,0.114754695863747,0,601.1565,844.6008,0.126225223875005,405,15,15,5,4,2800
rc_208.2.txt,28,RKPSO,1303927,2800,0,NaN,NaN,NaN,NaN,264.0667,772.4196,NaN,NaN,0,0,0,0,0,2800
rc_208.2.txt,28,LateOnly,1303927,2800,1,748,792,139.614,0.0695288844621515,0,726.7501,866.3641,0.361516167709543,1593,27,0,0,0,2800
rc_208.2.txt,28,LateTo2Opt,1303927,2800,1,748,792,232.6178,0.115845517928287,0,633.7463,866.3641,0.187279965528869,432,16,13,0,0,2800
rc_208.2.txt,28,AlwaysVND,1303927,2800,1,1313,1353,76.3210000000001,0.0527442985487216,0,624.3945,700.7155,0.169760013488703,0,0,34,5,5,2800
rc_208.2.txt,28,FB-CMPSO,1303927,2800,1,748,792,283.8506,0.141359860557769,0,582.5135,866.3641,0.0912988497133649,432,16,17,2,2,2800
rc_208.2.txt,28,RKPSO,1303928,2800,0,NaN,NaN,NaN,NaN,262.4437,805.7114,NaN,NaN,0,0,0,0,0,2800
rc_208.2.txt,28,LateOnly,1303928,2800,1,562,604,226.8363,0.103295218579235,0,655.0625,891.403,0.227214395443816,1593,29,0,0,0,2800
rc_208.2.txt,28,LateTo2Opt,1303928,2800,1,562,604,310.368,0.141333333333333,0,571.5308,891.403,0.0707235190527933,324,12,20,0,0,2800
rc_208.2.txt,28,AlwaysVND,1303928,2800,1,978,1050,254.2464,0.145283657142857,0,583.0642,854.0754,0.092330548165911,0,0,47,5,0,2800
rc_208.2.txt,28,FB-CMPSO,1303928,2800,1,562,604,304.6118,0.138712112932605,0,577.287,891.403,0.0815073625838362,324,12,20,7,2,2800
rc_208.2.txt,28,RKPSO,1303929,2800,0,NaN,NaN,NaN,NaN,386.12,858.2426,NaN,NaN,0,0,0,0,0,2800
rc_208.2.txt,28,LateOnly,1303929,2800,1,658,698,171.7285,0.0816976688867744,0,641.1948,812.9233,0.201234216343812,1593,26,0,0,0,2800
rc_208.2.txt,28,LateTo2Opt,1303929,2800,1,658,698,224.3504,0.106731874405328,0,588.5729,812.9233,0.102650717524074,378,14,16,0,0,2800
rc_208.2.txt,28,AlwaysVND,1303929,2800,1,1317,1353,136.7806,0.0945270214236353,0,598.3955,754.771,0.121052680879763,0,0,40,9,5,2800
rc_208.2.txt,28,FB-CMPSO,1303929,2800,1,658,698,228.3122,0.108616650808753,0,584.6111,812.9233,0.0952285585821876,378,14,26,9,1,2800
rc_208.2.txt,28,RKPSO,1303930,2800,0,NaN,NaN,NaN,NaN,260.4274,770.6669,NaN,NaN,0,0,0,0,0,2800
rc_208.2.txt,28,LateOnly,1303930,2800,1,2085,2108,73.2520000000001,0.10585549132948,0,789.6395,862.8915,0.479335119337555,1593,16,0,0,0,2800
rc_208.2.txt,28,LateTo2Opt,1303930,2800,1,2085,2108,128.8814,0.186244797687861,0,734.0101,862.8915,0.375117276780697,1188,11,5,0,0,2800
rc_208.2.txt,28,AlwaysVND,1303930,2800,1,779,848,229.9138,0.117783709016393,0,564.7878,797.8371,0.0580909738094348,0,0,45,5,0,2800
rc_208.2.txt,28,FB-CMPSO,1303930,2800,1,2085,2108,203.1485,0.293567196531792,0,659.743,862.8915,0.235982989246506,1188,11,9,1,2,2800
rc_208.3.txt,35,RKPSO,1304001,3500,0,NaN,NaN,NaN,NaN,342.317,871.5465,NaN,NaN,0,0,0,0,0,3500
rc_208.3.txt,35,LateOnly,1304001,3500,0,NaN,NaN,NaN,NaN,515.9464,1046.3952,NaN,NaN,2180,11,0,0,0,3500
rc_208.3.txt,35,LateTo2Opt,1304001,3500,0,NaN,NaN,NaN,NaN,515.9464,1046.3952,NaN,NaN,2180,11,0,0,0,3500
rc_208.3.txt,35,AlwaysVND,1304001,3500,1,2332,2358,74.6124000000002,0.065334851138354,0,789.1588,863.7712,0.243866717104848,0,0,42,12,2,3500
rc_208.3.txt,35,FB-CMPSO,1304001,3500,0,NaN,NaN,NaN,NaN,515.9464,1046.3952,NaN,NaN,2180,11,0,0,0,3500
rc_208.3.txt,35,RKPSO,1304002,3500,0,NaN,NaN,NaN,NaN,1153.1401,984.4711,NaN,NaN,0,0,0,0,0,3500
rc_208.3.txt,35,LateOnly,1304002,3500,0,NaN,NaN,NaN,NaN,1.45209999999997,890.1831,NaN,NaN,2180,20,0,0,0,3500
rc_208.3.txt,35,LateTo2Opt,1304002,3500,0,NaN,NaN,NaN,NaN,1.45209999999997,890.1831,NaN,NaN,2180,20,0,0,0,3500
rc_208.3.txt,35,AlwaysVND,1304002,3500,1,2060,2114,154.4454,0.111432467532468,0,766.7113,921.1567,0.208485120736397,0,0,47,5,5,3500
rc_208.3.txt,35,FB-CMPSO,1304002,3500,0,NaN,NaN,NaN,NaN,1.45209999999997,890.1831,NaN,NaN,2180,20,0,0,0,3500
rc_208.3.txt,35,RKPSO,1304003,3500,0,NaN,NaN,NaN,NaN,832.459599999999,850.0237,NaN,NaN,0,0,0,0,0,3500
rc_208.3.txt,35,LateOnly,1304003,3500,0,NaN,NaN,NaN,NaN,12.0658000000001,961.6384,NaN,NaN,2180,26,0,0,0,3500
rc_208.3.txt,35,LateTo2Opt,1304003,3500,0,NaN,NaN,NaN,NaN,12.0658000000001,961.6384,NaN,NaN,2180,26,0,0,0,3500
rc_208.3.txt,35,AlwaysVND,1304003,3500,1,2317,2358,65.9522000000001,0.0577514886164624,0,749.5184,815.4706,0.181385789042305,0,0,41,9,4,3500
rc_208.3.txt,35,FB-CMPSO,1304003,3500,0,NaN,NaN,NaN,NaN,12.0658000000001,961.6384,NaN,NaN,2180,26,0,0,0,3500
rc_208.3.txt,35,RKPSO,1304004,3500,0,NaN,NaN,NaN,NaN,97.8124999999999,939.9528,NaN,NaN,0,0,0,0,0,3500
rc_208.3.txt,35,LateOnly,1304004,3500,1,2736,2740,43.6723000000001,0.057463552631579,0,911.9293,955.6016,0.437376741693462,2180,24,0,0,0,3500
rc_208.3.txt,35,LateTo2Opt,1304004,3500,1,2736,2740,45.2222,0.0595028947368422,0,910.3794,955.6016,0.434933799886514,1700,18,7,0,0,3500
rc_208.3.txt,35,AlwaysVND,1304004,3500,1,1554,1626,76.3468,0.0407400213447172,0,735.4266,838.4518,0.15917439001324,0,0,36,10,3,3500
rc_208.3.txt,35,FB-CMPSO,1304004,3500,1,2736,2740,86.196,0.113415789473684,0,869.4056,955.6016,0.370351175840111,1700,18,5,2,2,3500
rc_208.3.txt,35,RKPSO,1304005,3500,0,NaN,NaN,NaN,NaN,1388.3171,1045.5026,NaN,NaN,0,0,0,0,0,3500
rc_208.3.txt,35,LateOnly,1304005,3500,1,2194,2200,184.2903,0.141761769230769,0,770.1501,954.4404,0.213905333837715,2180,33,0,0,0,3500
rc_208.3.txt,35,LateTo2Opt,1304005,3500,1,2194,2200,186.3254,0.143327230769231,0,768.115,954.4404,0.210697623100687,1360,19,10,0,0,3500
rc_208.3.txt,35,AlwaysVND,1304005,3500,1,1421,1504,138.1639,0.069220390781563,0,776.1075,917.8528,0.223295347077738,0,0,48,5,5,3500
rc_208.3.txt,35,FB-CMPSO,1304005,3500,1,2194,2200,164.3519,0.126424538461539,0,790.0885,954.4404,0.245332103902654,1360,19,17,2,1,3500
rc_208.3.txt,35,RKPSO,1304006,3500,0,NaN,NaN,NaN,NaN,2935.6526,1069.9416,NaN,NaN,0,0,0,0,0,3500
rc_208.3.txt,35,LateOnly,1304006,3500,1,905,958,106.2785,0.0418090086546026,0,802.6704,908.9489,0.265163608851901,2180,30,0,0,0,3500
rc_208.3.txt,35,LateTo2Opt,1304006,3500,1,905,958,76.8635999999999,0.0302374508261211,0,832.0853,908.9489,0.311527173570393,578,17,12,0,0,3500
rc_208.3.txt,35,AlwaysVND,1304006,3500,1,1340,1382,80.9181000000001,0.0382049575070822,0,781.3812,862.2993,0.2316077170418,0,0,34,7,5,3500
rc_208.3.txt,35,FB-CMPSO,1304006,3500,1,905,958,195.0988,0.0767501180173092,0,713.8501,908.9489,0.125165657903032,578,17,12,4,5,3500
rc_208.3.txt,35,RKPSO,1304007,3500,0,NaN,NaN,NaN,NaN,1340.1893,917.3076,NaN,NaN,0,0,0,0,0,3500
rc_208.3.txt,35,LateOnly,1304007,3500,1,1123,1174,157.828,0.067853826311264,0,796.9489,954.7769,0.256145419582624,2180,33,0,0,0,3500
rc_208.3.txt,35,LateTo2Opt,1304007,3500,1,1123,1174,146.3186,0.0629056749785039,0,808.4583,954.7769,0.274286457348212,714,21,16,0,0,3500
rc_208.3.txt,35,AlwaysVND,1304007,3500,1,2930,2968,42.3343999999998,0.0795759398496238,0,764.6996,835.8261,0.20531429291974,0,0,46,6,4,3500
rc_208.3.txt,35,FB-CMPSO,1304007,3500,1,1123,1174,204.7072,0.0880082545141873,0,750.0697,954.7769,0.182254744341467,714,21,16,4,1,3500
rc_208.3.txt,35,RKPSO,1304008,3500,0,NaN,NaN,NaN,NaN,1730.8878,907.6054,NaN,NaN,0,0,0,0,0,3500
rc_208.3.txt,35,LateOnly,1304008,3500,1,2027,2038,26.2398000000001,0.0179478796169631,0,836.3842,862.624,0.318303070424311,2180,24,0,0,0,3500
rc_208.3.txt,35,LateTo2Opt,1304008,3500,1,2027,2038,68.7825000000001,0.0470468536251711,0,793.8415,862.624,0.251247556900574,1258,18,9,0,0,3500
rc_208.3.txt,35,AlwaysVND,1304008,3500,1,2849,2968,48.4761999999998,0.091120676691729,0,817.6848,876.6695,0.288829203707206,0,0,56,10,0,3500
rc_208.3.txt,35,FB-CMPSO,1304008,3500,1,2027,2038,97.3584000000001,0.0665926128590972,0,765.2656,862.624,0.206206418258622,1258,18,15,3,1,3500
rc_208.3.txt,35,RKPSO,1304009,3500,0,NaN,NaN,NaN,NaN,740.5087,951.6618,NaN,NaN,0,0,0,0,0,3500
rc_208.3.txt,35,LateOnly,1304009,3500,1,591,634,221.1327,0.0771572575017446,0,715.4604,937.7405,0.127703801777946,2180,29,0,0,0,3500
rc_208.3.txt,35,LateTo2Opt,1304009,3500,1,591,634,211.0383,0.0736351360781577,0,725.5548,937.7405,0.143614526196331,374,11,21,0,0,3500
rc_208.3.txt,35,AlwaysVND,1304009,3500,1,1824,1870,36.125,0.0221625766871166,0,746.0097,782.1347,0.175855400037828,0,0,34,4,4,3500
rc_208.3.txt,35,FB-CMPSO,1304009,3500,1,591,634,221.5326,0.0772967899511514,0,715.0605,937.7405,0.127073482125969,374,11,23,8,5,3500
rc_208.3.txt,35,RKPSO,1304010,3500,0,NaN,NaN,NaN,NaN,1000.2102,978.3252,NaN,NaN,0,0,0,0,0,3500
rc_208.3.txt,35,LateOnly,1304010,3500,1,1128,1174,112.6393,0.0484261822871883,0,836.7408,949.3801,0.31886514091167,2180,38,0,0,0,3500
rc_208.3.txt,35,LateTo2Opt,1304010,3500,1,1128,1174,223.1437,0.0959345227858985,0,726.2364,949.3801,0.144688859466616,714,21,15,0,0,3500
rc_208.3.txt,35,AlwaysVND,1304010,3500,1,2162,2236,98.4683999999999,0.0779022151898733,0,806.2149,904.6833,0.270750425572158,0,0,34,9,5,3500
rc_208.3.txt,35,FB-CMPSO,1304010,3500,1,1128,1174,209.8786,0.0902315563198624,0,739.5015,949.3801,0.165597219595234,714,21,21,6,3,3500
rc_208.3.txt,35,RKPSO,1304011,3500,0,NaN,NaN,NaN,NaN,1773.5097,1001.5739,NaN,NaN,0,0,0,0,0,3500
rc_208.3.txt,35,LateOnly,1304011,3500,1,1182,1228,157.2717,0.069221698943662,0,781.1507,942.8564,0.231244404514217,2180,35,0,0,0,3500
rc_208.3.txt,35,LateTo2Opt,1304011,3500,1,1182,1228,118.8445,0.0523083186619719,0,819.5779,942.8564,0.291813095012925,748,22,15,0,0,3500
rc_208.3.txt,35,AlwaysVND,1304011,3500,1,2429,2480,75.7162999999999,0.0742316666666666,0,807.8784,883.5947,0.273372422924153,0,0,46,9,2,3500
rc_208.3.txt,35,FB-CMPSO,1304011,3500,1,1182,1228,185.509,0.081650088028169,0,752.9134,942.8564,0.186736964882416,748,22,23,4,1,3500
rc_208.3.txt,35,RKPSO,1304012,3500,0,NaN,NaN,NaN,NaN,1121.9182,991.4074,NaN,NaN,0,0,0,0,0,3500
rc_208.3.txt,35,LateOnly,1304012,3500,0,NaN,NaN,NaN,NaN,144.1148,942.5241,NaN,NaN,2180,13,0,0,0,3500
rc_208.3.txt,35,LateTo2Opt,1304012,3500,0,NaN,NaN,NaN,NaN,144.1148,942.5241,NaN,NaN,2180,13,0,0,0,3500
rc_208.3.txt,35,AlwaysVND,1304012,3500,1,2077,2114,205.5004,0.148268686868687,0,726.698,932.1984,0.14541643023769,0,0,50,10,3,3500
rc_208.3.txt,35,FB-CMPSO,1304012,3500,0,NaN,NaN,NaN,NaN,144.1148,942.5241,NaN,NaN,2180,13,0,0,0,3500
rc_208.3.txt,35,RKPSO,1304013,3500,0,NaN,NaN,NaN,NaN,2419.6079,954.9683,NaN,NaN,0,0,0,0,0,3500
rc_208.3.txt,35,LateOnly,1304013,3500,1,2093,2146,111.9376,0.082671787296898,0,795.6358,907.5734,0.254075720320283,2180,31,0,0,0,3500
rc_208.3.txt,35,LateTo2Opt,1304013,3500,1,2093,2146,147.5964,0.109007680945347,0,759.977,907.5734,0.197870563016203,1326,21,11,0,0,3500
rc_208.3.txt,35,AlwaysVND,1304013,3500,1,1756,1870,130.3512,0.0799700613496931,0,750.3612,902.5524,0.182714204652922,0,0,46,11,0,3500
rc_208.3.txt,35,FB-CMPSO,1304013,3500,1,2093,2146,132.8322,0.0981035450516988,0,774.7412,907.5734,0.221141794338314,1326,21,12,4,3,3500
rc_208.3.txt,35,RKPSO,1304014,3500,0,NaN,NaN,NaN,NaN,1910.674,1045.2198,NaN,NaN,0,0,0,0,0,3500
rc_208.3.txt,35,LateOnly,1304014,3500,1,802,850,165.1421,0.0623177735849056,0,780.2762,952.9216,0.22986602357985,2180,27,0,0,0,3500
rc_208.3.txt,35,LateTo2Opt,1304014,3500,1,802,850,229.1258,0.0864625660377358,0,716.2925,952.9216,0.129015352121556,510,15,22,0,0,3500
rc_208.3.txt,35,AlwaysVND,1304014,3500,1,2305,2358,22.2415,0.0194759194395797,0,700.5237,722.7652,0.104160677132589,0,0,43,7,1,3500
rc_208.3.txt,35,FB-CMPSO,1304014,3500,1,802,850,219.9056,0.0829832452830188,0,725.5127,952.9216,0.143548168463527,510,15,22,8,1,3500
rc_208.3.txt,35,RKPSO,1304015,3500,0,NaN,NaN,NaN,NaN,1465.9676,985.2328,NaN,NaN,0,0,0,0,0,3500
rc_208.3.txt,35,LateOnly,1304015,3500,1,854,904,54.1354999999999,0.0208534283513097,0,839.3604,894.4858,0.322994136561377,2180,32,0,0,0,3500
rc_208.3.txt,35,LateTo2Opt,1304015,3500,1,854,904,45.1490999999999,0.0173917950693374,0,848.3468,894.4858,0.337158438938276,544,16,12,0,0,3500
rc_208.3.txt,35,AlwaysVND,1304015,3500,1,2562,2602,127.397,0.141867483296214,0,751.8017,879.1987,0.184984710926171,0,0,43,7,3,3500
rc_208.3.txt,35,FB-CMPSO,1304015,3500,1,854,904,143.6188,0.0553231124807396,0,749.8771,894.4858,0.181951169535338,544,16,14,5,3,3500
rc_208.3.txt,35,RKPSO,1304016,3500,0,NaN,NaN,NaN,NaN,1678.8917,911.3403,NaN,NaN,0,0,0,0,0,3500
rc_208.3.txt,35,LateOnly,1304016,3500,1,1018,1066,116.6848,0.0479395234182416,0,835.1597,951.8445,0.316373021877561,2180,35,0,0,0,3500
rc_208.3.txt,35,LateTo2Opt,1304016,3500,1,1018,1066,188.5264,0.0774553820870995,0,763.3181,951.8445,0.203136782044007,646,19,17,0,0,3500
rc_208.3.txt,35,AlwaysVND,1304016,3500,1,1291,1382,133.9927,0.0632637865911238,0,741.7599,884.6801,0.169156894268961,0,0,35,8,5,3500
rc_208.3.txt,35,FB-CMPSO,1304016,3500,1,1018,1066,234.0884,0.0961743631881678,0,717.7561,951.8445,0.131322268457222,646,19,19,7,0,3500
rc_208.3.txt,35,RKPSO,1304017,3500,0,NaN,NaN,NaN,NaN,455.340400000001,931.916,NaN,NaN,0,0,0,0,0,3500
rc_208.3.txt,35,LateOnly,1304017,3500,1,1073,1120,163.6922,0.0687782352941177,0,793.6582,957.3504,0.250958640691003,2180,32,0,0,0,3500
rc_208.3.txt,35,LateTo2Opt,1304017,3500,1,1073,1120,207.2969,0.0870995378151261,0,750.0535,957.3504,0.182229210011979,680,20,13,0,0,3500
rc_208.3.txt,35,AlwaysVND,1304017,3500,0,NaN,NaN,NaN,NaN,42.4078000000002,830.052,NaN,NaN,0,0,46,10,3,3500
rc_208.3.txt,35,FB-CMPSO,1304017,3500,1,1073,1120,239.4189,0.100596176470588,0,717.9315,957.3504,0.131598732740685,680,20,14,6,4,3500
rc_208.3.txt,35,RKPSO,1304018,3500,0,NaN,NaN,NaN,NaN,1443.2515,931.6631,NaN,NaN,0,0,0,0,0,3500
rc_208.3.txt,35,LateOnly,1304018,3500,0,NaN,NaN,NaN,NaN,535.7471,1058.1848,NaN,NaN,2180,13,0,0,0,3500
rc_208.3.txt,35,LateTo2Opt,1304018,3500,0,NaN,NaN,NaN,NaN,535.7471,1058.1848,NaN,NaN,2180,13,0,0,0,3500
rc_208.3.txt,35,AlwaysVND,1304018,3500,1,2163,2236,85.6086,0.0677283227848101,0,800.7291,888.3715,0.262103745034991,0,0,47,9,4,3500
rc_208.3.txt,35,FB-CMPSO,1304018,3500,0,NaN,NaN,NaN,NaN,535.7471,1058.1848,NaN,NaN,2180,13,0,0,0,3500
rc_208.3.txt,35,RKPSO,1304019,3500,0,NaN,NaN,NaN,NaN,981.1332,902.5318,NaN,NaN,0,0,0,0,0,3500
rc_208.3.txt,35,LateOnly,1304019,3500,1,929,958,186.6983,0.0734454366640441,0,767.086,953.7843,0.209075720320282,2180,33,0,0,0,3500
rc_208.3.txt,35,LateTo2Opt,1304019,3500,1,929,958,150.7508,0.059304012588513,0,803.0335,953.7843,0.265735924594918,578,17,14,0,0,3500
rc_208.3.txt,35,AlwaysVND,1304019,3500,0,NaN,NaN,NaN,NaN,37.0866,810.8233,NaN,NaN,0,0,51,10,1,3500
rc_208.3.txt,35,FB-CMPSO,1304019,3500,1,929,958,208.7478,0.0821195121951219,0,745.0365,953.7843,0.174321448836769,578,17,9,5,3,3500
rc_208.3.txt,35,RKPSO,1304020,3500,0,NaN,NaN,NaN,NaN,2794.0912,1071.899,NaN,NaN,0,0,0,0,0,3500
rc_208.3.txt,35,LateOnly,1304020,3500,0,NaN,NaN,NaN,NaN,32.0022,828.6764,NaN,NaN,2180,17,0,0,0,3500
rc_208.3.txt,35,LateTo2Opt,1304020,3500,0,NaN,NaN,NaN,NaN,32.0022,828.6764,NaN,NaN,2180,17,0,0,0,3500
rc_208.3.txt,35,AlwaysVND,1304020,3500,1,2695,2724,31.4534,0.0405327319587629,0,817.6428,849.0962,0.28876300359372,0,0,47,10,2,3500
rc_208.3.txt,35,FB-CMPSO,1304020,3500,0,NaN,NaN,NaN,NaN,32.0022,828.6764,NaN,NaN,2180,17,0,0,0,3500
rc_208.3.txt,35,RKPSO,1304021,3500,0,NaN,NaN,NaN,NaN,1874.1914,979.2958,NaN,NaN,0,0,0,0,0,3500
rc_208.3.txt,35,LateOnly,1304021,3500,1,1016,1066,165.6717,0.0680656121610518,0,749.9756,935.7851,0.182106424563394,2180,37,0,0,0,3500
rc_208.3.txt,35,LateTo2Opt,1304021,3500,1,1016,1066,101.0642,0.0415218570254725,0,814.5831,935.7851,0.283940325326272,646,19,12,0,0,3500
rc_208.3.txt,35,AlwaysVND,1304021,3500,1,2751,2846,46.3900000000001,0.0709327217125384,0,798.1191,844.5091,0.257989880839795,0,0,38,12,3,3500
rc_208.3.txt,35,FB-CMPSO,1304021,3500,1,1016,1066,139.433,0.05728553820871,0,776.2143,935.7851,0.223463684509173,646,19,9,10,2,3500
rc_208.3.txt,35,RKPSO,1304022,3500,0,NaN,NaN,NaN,NaN,1251.0864,997.2228,NaN,NaN,0,0,0,0,0,3500
rc_208.3.txt,35,LateOnly,1304022,3500,1,2953,2956,63.5115000000002,0.116749080882353,0,828.7079,892.2194,0.306203738730219,2180,18,0,0,0,3500
rc_208.3.txt,35,LateTo2Opt,1304022,3500,1,2953,2956,74.0442,0.136110661764706,0,818.1752,892.2194,0.289602168841813,1836,16,5,0,0,3500
rc_208.3.txt,35,AlwaysVND,1304022,3500,1,1936,1992,113.536,0.075289124668435,0,758.7262,872.2622,0.195899060588866,0,0,61,3,2,3500
rc_208.3.txt,35,FB-CMPSO,1304022,3500,1,2953,2956,90.6228000000002,0.166586029411765,0,801.5966,892.2194,0.263471092617111,1836,16,9,2,0,3500
rc_208.3.txt,35,RKPSO,1304023,3500,0,NaN,NaN,NaN,NaN,1755.5794,980.4893,NaN,NaN,0,0,0,0,0,3500
rc_208.3.txt,35,LateOnly,1304023,3500,1,2424,2470,103.5273,0.100511941747573,0,805.624,909.1513,0.269819053023138,2180,31,0,0,0,3500
rc_208.3.txt,35,LateTo2Opt,1304023,3500,1,2424,2470,144.1419,0.13994359223301,0,765.0094,909.1513,0.205802597566357,1530,21,9,0,0,3500
rc_208.3.txt,35,AlwaysVND,1304023,3500,1,1540,1626,134.2324,0.0716288153681964,0,696.6951,830.9275,0.0981260639303953,0,0,43,9,1,3500
rc_208.3.txt,35,FB-CMPSO,1304023,3500,1,2424,2470,130.4695,0.126669417475728,0,778.6818,909.1513,0.22735294117647,1530,21,12,2,1,3500
rc_208.3.txt,35,RKPSO,1304024,3500,0,NaN,NaN,NaN,NaN,1055.7159,898.1696,NaN,NaN,0,0,0,0,0,3500
rc_208.3.txt,35,LateOnly,1304024,3500,1,2794,2794,49.8611000000001,0.0706247875354109,0,898.0822,947.9433,0.415551037135111,2180,21,0,0,0,3500
rc_208.3.txt,35,LateTo2Opt,1304024,3500,1,2794,2794,138.2847,0.195870679886686,0,809.6586,947.9433,0.276178362020049,1734,19,6,0,0,3500
rc_208.3.txt,35,AlwaysVND,1304024,3500,1,2553,2602,110.7445,0.123323496659243,0,740.9086,867.591,0.167815081016329,0,0,52,7,1,3500
rc_208.3.txt,35,FB-CMPSO,1304024,3500,1,2794,2794,57.0584000000001,0.0808192634560908,0,890.8849,947.9433,0.404206701973394,1734,19,0,1,2,3500
rc_208.3.txt,35,RKPSO,1304025,3500,0,NaN,NaN,NaN,NaN,1053.1787,958.7777,NaN,NaN,0,0,0,0,0,3500
rc_208.3.txt,35,LateOnly,1304025,3500,1,1070,1120,77.6704000000002,0.0326346218487396,0,860.1613,942.3357,0.355780373242544,2180,26,0,0,0,3500
rc_208.3.txt,35,LateTo2Opt,1304025,3500,1,1070,1120,211.9098,0.0890377310924369,0,725.9219,942.3357,0.144193146712061,680,20,16,0,0,3500
rc_208.3.txt,35,AlwaysVND,1304025,3500,1,1750,1870,137.4337,0.0843151533742332,0,739.7339,877.1676,0.165963526889855,0,0,58,4,1,3500
rc_208.3.txt,35,FB-CMPSO,1304025,3500,1,1070,1120,187.4134,0.0787451260504202,0,750.4183,942.3357,0.182804205283399,680,20,9,7,3,3500
rc_208.3.txt,35,RKPSO,1304026,3500,0,NaN,NaN,NaN,NaN,963.6974,953.9593,NaN,NaN,0,0,0,0,0,3500
rc_208.3.txt,35,LateOnly,1304026,3500,1,963,1012,103.4604,0.0415837620578777,0,785.6437,889.1041,0.238326240464031,2180,29,0,0,0,3500
rc_208.3.txt,35,LateTo2Opt,1304026,3500,1,963,1012,105.8502,0.0425442926045016,0,783.2539,889.1041,0.234559454006683,612,18,13,0,0,3500
rc_208.3.txt,35,AlwaysVND,1304026,3500,1,2644,2724,57.948,0.0746752577319587,0,833.1353,895.093,0.31318217640754,0,0,56,5,2,3500
rc_208.3.txt,35,FB-CMPSO,1304026,3500,1,963,1012,149.1614,0.0599523311897106,0,739.9427,889.1041,0.166292636025471,612,18,15,3,2,3500
rc_208.3.txt,35,RKPSO,1304027,3500,0,NaN,NaN,NaN,NaN,534.791899999999,880.6846,NaN,NaN,0,0,0,0,0,3500
rc_208.3.txt,35,LateOnly,1304027,3500,1,1018,1066,27.7488000000001,0.0114004930156122,0,913.029,940.7778,0.439110081331568,2180,24,0,0,0,3500
rc_208.3.txt,35,LateTo2Opt,1304027,3500,1,1018,1066,190.4945,0.0782639687756779,0,750.2833,940.7778,0.182591419204338,646,19,15,0,0,3500
rc_208.3.txt,35,AlwaysVND,1304027,3500,1,1997,2114,120.258,0.0867662337662337,0,763.3071,889.5232,0.203119443919047,0,0,49,9,2,3500
rc_208.3.txt,35,FB-CMPSO,1304027,3500,1,1018,1066,238.3679,0.097932580115037,0,702.4099,940.7778,0.107133692705378,646,19,22,3,1,3500
rc_208.3.txt,35,RKPSO,1304028,3500,0,NaN,NaN,NaN,NaN,792.316900000001,872.5936,NaN,NaN,0,0,0,0,0,3500
rc_208.3.txt,35,LateOnly,1304028,3500,1,1028,1066,130.6862,0.0536919474116681,0,801.8365,932.5227,0.263849221360569,2180,33,0,0,0,3500
rc_208.3.txt,35,LateTo2Opt,1304028,3500,1,1028,1066,197.5727,0.0811720213640098,0,734.95,932.5227,0.158423176344493,646,19,14,0,0,3500
rc_208.3.txt,35,AlwaysVND,1304028,3500,1,2450,2480,55.5368000000002,0.0544478431372551,0,728.3853,814.8763,0.148075940987327,0,0,44,9,1,3500
rc_208.3.txt,35,FB-CMPSO,1304028,3500,1,1028,1066,232.6047,0.0955647904683648,0,699.918,932.5227,0.103205976924532,646,19,21,5,2,3500
rc_208.3.txt,35,RKPSO,1304029,3500,0,NaN,NaN,NaN,NaN,1541.9472,1021.7301,NaN,NaN,0,0,0,0,0,3500
rc_208.3.txt,35,LateOnly,1304029,3500,1,1831,1876,118.1578,0.0727572660098522,0,831.2716,954.3411,0.310244625181262,2180,39,0,0,0,3500
rc_208.3.txt,35,LateTo2Opt,1304029,3500,1,1831,1876,99.7716,0.0614357142857143,0,849.6578,954.3411,0.339224828194943,1156,29,12,0,0,3500
rc_208.3.txt,35,AlwaysVND,1304029,3500,1,1651,1748,96.0267,0.0548097602739726,0,791.2902,900.0921,0.247226215244941,0,0,48,9,0,3500
rc_208.3.txt,35,FB-CMPSO,1304029,3500,1,1831,1876,143.6725,0.0884682881773398,0,805.7569,954.3411,0.270028529096526,1156,29,15,1,2,3500
rc_208.3.txt,35,RKPSO,1304030,3500,0,NaN,NaN,NaN,NaN,2020.4711,1018.2679,NaN,NaN,0,0,0,0,0,3500
rc_208.3.txt,35,LateOnly,1304030,3500,0,NaN,NaN,NaN,NaN,39.4882999999999,921.5853,NaN,NaN,2180,28,0,0,0,3500
rc_208.3.txt,35,LateTo2Opt,1304030,3500,0,NaN,NaN,NaN,NaN,39.4882999999999,921.5853,NaN,NaN,2180,28,0,0,0,3500
rc_208.3.txt,35,AlwaysVND,1304030,3500,1,2149,2236,89.1244999999999,0.0705098892405062,0,707.8718,801.8984,0.115742702225585,0,0,42,6,5,3500
rc_208.3.txt,35,FB-CMPSO,1304030,3500,0,NaN,NaN,NaN,NaN,39.4882999999999,921.5853,NaN,NaN,2180,28,0,0,0,3500
