dataset,level,instance,scenario_seed,algorithm_seed,method,seed_index,checkpoint_fe,actual_fe,warm_start_fe,local_search_fe,local_budget,response_time,fitness,distance,total_late,is_feasible,reference_cost,gap_to_reference
addition_instances,M1,9,6109,6829001,Fixed5,1,500,493,78,55,5,0.4063739,3489.75337928123,3489.75337928123,0,1,3489.87731324602,-3.55124130936371e-05
addition_instances,M1,9,6109,6829001,Fixed5,1,1000,983,78,125,5,0.4063739,3489.75337928123,3489.75337928123,0,1,3489.87731324602,-3.55124130936371e-05
addition_instances,M1,9,6109,6829001,Fixed5,1,1500,1473,78,195,5,0.4063739,3442.3352485667,3442.3352485667,0,1,3489.87731324602,-0.0136228469977629
addition_instances,M1,9,6109,6829001,Fixed5,1,2500,2488,78,340,5,0.4063739,3442.3352485667,3442.3352485667,0,1,3489.87731324602,-0.0136228469977629
addition_instances,M1,9,6109,6829001,Fixed15,1,500,468,78,120,15,0.3387877,3489.87731324602,3489.87731324602,0,1,3489.87731324602,0
addition_instances,M1,9,6109,6829001,Fixed15,1,1000,963,78,285,15,0.3387877,3442.3352485667,3442.3352485667,0,1,3489.87731324602,-0.0136228469977629
addition_instances,M1,9,6109,6829001,Fixed15,1,1500,1458,78,450,15,0.3387877,3442.3352485667,3442.3352485667,0,1,3489.87731324602,-0.0136228469977629
addition_instances,M1,9,6109,6829001,Fixed15,1,2500,2493,78,795,15,0.3387877,3442.3352485667,3442.3352485667,0,1,3489.87731324602,-0.0136228469977629
addition_instances,M1,9,6109,6829001,Fixed25,1,500,493,78,175,25,0.2977166,3442.3352485667,3442.3352485667,0,1,3489.87731324602,-0.0136228469977629
addition_instances,M1,9,6109,6829001,Fixed25,1,1000,988,78,400,25,0.2977166,3442.3352485667,3442.3352485667,0,1,3489.87731324602,-0.0136228469977629
addition_instances,M1,9,6109,6829001,Fixed25,1,1500,1483,78,625,25,0.2977166,3442.3352485667,3442.3352485667,0,1,3489.87731324602,-0.0136228469977629
addition_instances,M1,9,6109,6829001,Fixed25,1,2500,2473,78,1075,25,0.2977166,3442.3352485667,3442.3352485667,0,1,3489.87731324602,-0.0136228469977629
addition_instances,M1,9,6109,6829001,Fixed35,1,500,498,78,210,35,0.2714191,3442.3352485667,3442.3352485667,0,1,3489.87731324602,-0.0136228469977629
addition_instances,M1,9,6109,6829001,Fixed35,1,1000,953,78,455,35,0.2714191,3442.3352485667,3442.3352485667,0,1,3489.87731324602,-0.0136228469977629
addition_instances,M1,9,6109,6829001,Fixed35,1,1500,1473,78,735,35,0.2714191,3442.3352485667,3442.3352485667,0,1,3489.87731324602,-0.0136228469977629
addition_instances,M1,9,6109,6829001,Fixed35,1,2500,2448,78,1260,35,0.2714191,3442.3352485667,3442.3352485667,0,1,3489.87731324602,-0.0136228469977629
addition_instances,M1,9,6109,6829001,Fixed40,1,500,458,78,200,40,0.2624482,3442.3352485667,3442.3352485667,0,1,3489.87731324602,-0.0136228469977629
addition_instances,M1,9,6109,6829001,Fixed40,1,1000,948,78,480,40,0.2624482,3442.3352485667,3442.3352485667,0,1,3489.87731324602,-0.0136228469977629
addition_instances,M1,9,6109,6829001,Fixed40,1,1500,1438,78,760,40,0.2624482,3442.3352485667,3442.3352485667,0,1,3489.87731324602,-0.0136228469977629
addition_instances,M1,9,6109,6829001,Fixed40,1,2500,2488,78,1360,40,0.2624482,3442.3352485667,3442.3352485667,0,1,3489.87731324602,-0.0136228469977629
addition_instances,M1,9,6109,6829001,Adaptive,1,500,493,78,175,25,0.35458,3442.3352485667,3442.3352485667,0,1,3489.87731324602,-0.0136228469977629
addition_instances,M1,9,6109,6829001,Adaptive,1,1000,988,78,400,25,0.35458,3442.3352485667,3442.3352485667,0,1,3489.87731324602,-0.0136228469977629
addition_instances,M1,9,6109,6829001,Adaptive,1,1500,1483,78,625,25,0.35458,3442.3352485667,3442.3352485667,0,1,3489.87731324602,-0.0136228469977629
addition_instances,M1,9,6109,6829001,Adaptive,1,2500,2500,78,1075,0,0.35458,3442.3352485667,3442.3352485667,0,1,3489.87731324602,-0.0136228469977629
addition_instances,M1,9,6109,6829002,Fixed5,2,500,492,77,55,5,0.3233095,3489.75337928123,3489.75337928123,0,1,3489.87731324602,-3.55124130936371e-05
addition_instances,M1,9,6109,6829002,Fixed5,2,1000,982,77,125,5,0.3233095,3489.75337928123,3489.75337928123,0,1,3489.87731324602,-3.55124130936371e-05
addition_instances,M1,9,6109,6829002,Fixed5,2,1500,1472,77,195,5,0.3233095,3442.3352485667,3442.3352485667,0,1,3489.87731324602,-0.0136228469977629
addition_instances,M1,9,6109,6829002,Fixed5,2,2500,2487,77,340,5,0.3233095,3442.3352485667,3442.3352485667,0,1,3489.87731324602,-0.0136228469977629
addition_instances,M1,9,6109,6829002,Fixed15,2,500,467,77,120,15,0.2713267,3489.87731324602,3489.87731324602,0,1,3489.87731324602,0
addition_instances,M1,9,6109,6829002,Fixed15,2,1000,962,77,285,15,0.2713267,3442.3352485667,3442.3352485667,0,1,3489.87731324602,-0.0136228469977629
addition_instances,M1,9,6109,6829002,Fixed15,2,1500,1457,77,450,15,0.2713267,3442.3352485667,3442.3352485667,0,1,3489.87731324602,-0.0136228469977629
addition_instances,M1,9,6109,6829002,Fixed15,2,2500,2492,77,795,15,0.2713267,3442.3352485667,3442.3352485667,0,1,3489.87731324602,-0.0136228469977629
addition_instances,M1,9,6109,6829002,Fixed25,2,500,492,77,175,25,0.2595776,3442.4591825315,3442.4591825315,0,1,3489.87731324602,-0.0135873345846693
addition_instances,M1,9,6109,6829002,Fixed25,2,1000,987,77,400,25,0.2595776,3442.3352485667,3442.3352485667,0,1,3489.87731324602,-0.0136228469977629
addition_instances,M1,9,6109,6829002,Fixed25,2,1500,1482,77,625,25,0.2595776,3442.3352485667,3442.3352485667,0,1,3489.87731324602,-0.0136228469977629
addition_instances,M1,9,6109,6829002,Fixed25,2,2500,2472,77,1075,25,0.2595776,3442.3352485667,3442.3352485667,0,1,3489.87731324602,-0.0136228469977629
addition_instances,M1,9,6109,6829002,Fixed35,2,500,497,77,210,35,0.2387013,3442.4591825315,3442.4591825315,0,1,3489.87731324602,-0.0135873345846693
addition_instances,M1,9,6109,6829002,Fixed35,2,1000,952,77,455,35,0.2387013,3442.3352485667,3442.3352485667,0,1,3489.87731324602,-0.0136228469977629
addition_instances,M1,9,6109,6829002,Fixed35,2,1500,1472,77,735,35,0.2387013,3442.3352485667,3442.3352485667,0,1,3489.87731324602,-0.0136228469977629
addition_instances,M1,9,6109,6829002,Fixed35,2,2500,2447,77,1260,35,0.2387013,3442.3352485667,3442.3352485667,0,1,3489.87731324602,-0.0136228469977629
addition_instances,M1,9,6109,6829002,Fixed40,2,500,457,77,200,40,0.2501099,3442.4591825315,3442.4591825315,0,1,3489.87731324602,-0.0135873345846693
addition_instances,M1,9,6109,6829002,Fixed40,2,1000,947,77,480,40,0.2501099,3442.3352485667,3442.3352485667,0,1,3489.87731324602,-0.0136228469977629
addition_instances,M1,9,6109,6829002,Fixed40,2,1500,1437,77,760,40,0.2501099,3442.3352485667,3442.3352485667,0,1,3489.87731324602,-0.0136228469977629
addition_instances,M1,9,6109,6829002,Fixed40,2,2500,2487,77,1360,40,0.2501099,3442.3352485667,3442.3352485667,0,1,3489.87731324602,-0.0136228469977629
addition_instances,M1,9,6109,6829002,Adaptive,2,500,492,77,175,25,0.3016355,3442.4591825315,3442.4591825315,0,1,3489.87731324602,-0.0135873345846693
addition_instances,M1,9,6109,6829002,Adaptive,2,1000,987,77,400,25,0.3016355,3442.3352485667,3442.3352485667,0,1,3489.87731324602,-0.0136228469977629
addition_instances,M1,9,6109,6829002,Adaptive,2,1500,1482,77,625,25,0.3016355,3442.3352485667,3442.3352485667,0,1,3489.87731324602,-0.0136228469977629
addition_instances,M1,9,6109,6829002,Adaptive,2,2500,2500,77,1075,0,0.3016355,3442.3352485667,3442.3352485667,0,1,3489.87731324602,-0.0136228469977629
addition_instances,M1,9,6109,6829003,Fixed5,3,500,492,77,55,5,0.297434,3442.3352485667,3442.3352485667,0,1,3489.87731324602,-0.0136228469977629
addition_instances,M1,9,6109,6829003,Fixed5,3,1000,982,77,125,5,0.297434,3442.3352485667,3442.3352485667,0,1,3489.87731324602,-0.0136228469977629
addition_instances,M1,9,6109,6829003,Fixed5,3,1500,1472,77,195,5,0.297434,3442.3352485667,3442.3352485667,0,1,3489.87731324602,-0.0136228469977629
addition_instances,M1,9,6109,6829003,Fixed5,3,2500,2487,77,340,5,0.297434,3442.3352485667,3442.3352485667,0,1,3489.87731324602,-0.0136228469977629
addition_instances,M1,9,6109,6829003,Fixed15,3,500,467,77,120,15,0.2807654,3489.75337928123,3489.75337928123,0,1,3489.87731324602,-3.55124130936371e-05
addition_instances,M1,9,6109,6829003,Fixed15,3,1000,962,77,285,15,0.2807654,3442.3352485667,3442.3352485667,0,1,3489.87731324602,-0.0136228469977629
addition_instances,M1,9,6109,6829003,Fixed15,3,1500,1457,77,450,15,0.2807654,3442.3352485667,3442.3352485667,0,1,3489.87731324602,-0.0136228469977629
addition_instances,M1,9,6109,6829003,Fixed15,3,2500,2492,77,795,15,0.2807654,3442.3352485667,3442.3352485667,0,1,3489.87731324602,-0.0136228469977629
addition_instances,M1,9,6109,6829003,Fixed25,3,500,492,77,175,25,0.2634925,3489.75337928123,3489.75337928123,0,1,3489.87731324602,-3.55124130936371e-05
addition_instances,M1,9,6109,6829003,Fixed25,3,1000,987,77,400,25,0.2634925,3442.3352485667,3442.3352485667,0,1,3489.87731324602,-0.0136228469977629
addition_instances,M1,9,6109,6829003,Fixed25,3,1500,1482,77,625,25,0.2634925,3442.3352485667,3442.3352485667,0,1,3489.87731324602,-0.0136228469977629
addition_instances,M1,9,6109,6829003,Fixed25,3,2500,2472,77,1075,25,0.2634925,3442.3352485667,3442.3352485667,0,1,3489.87731324602,-0.0136228469977629
addition_instances,M1,9,6109,6829003,Fixed35,3,500,497,77,210,35,0.2534916,3489.87731324602,3489.87731324602,0,1,3489.87731324602,0
addition_instances,M1,9,6109,6829003,Fixed35,3,1000,952,77,455,35,0.2534916,3442.3352485667,3442.3352485667,0,1,3489.87731324602,-0.0136228469977629
addition_instances,M1,9,6109,6829003,Fixed35,3,1500,1472,77,735,35,0.2534916,3442.3352485667,3442.3352485667,0,1,3489.87731324602,-0.0136228469977629
addition_instances,M1,9,6109,6829003,Fixed35,3,2500,2447,77,1260,35,0.2534916,3442.3352485667,3442.3352485667,0,1,3489.87731324602,-0.0136228469977629
addition_instances,M1,9,6109,6829003,Fixed40,3,500,457,77,200,40,0.2527924,3489.87731324602,3489.87731324602,0,1,3489.87731324602,0
addition_instances,M1,9,6109,6829003,Fixed40,3,1000,947,77,480,40,0.2527924,3442.3352485667,3442.3352485667,0,1,3489.87731324602,-0.0136228469977629
addition_instances,M1,9,6109,6829003,Fixed40,3,1500,1437,77,760,40,0.2527924,3442.3352485667,3442.3352485667,0,1,3489.87731324602,-0.0136228469977629
addition_instances,M1,9,6109,6829003,Fixed40,3,2500,2487,77,1360,40,0.2527924,3442.3352485667,3442.3352485667,0,1,3489.87731324602,-0.0136228469977629
addition_instances,M1,9,6109,6829003,Adaptive,3,500,492,77,175,25,0.2775624,3489.75337928123,3489.75337928123,0,1,3489.87731324602,-3.55124130936371e-05
addition_instances,M1,9,6109,6829003,Adaptive,3,1000,987,77,400,25,0.2775624,3442.3352485667,3442.3352485667,0,1,3489.87731324602,-0.0136228469977629
addition_instances,M1,9,6109,6829003,Adaptive,3,1500,1482,77,625,25,0.2775624,3442.3352485667,3442.3352485667,0,1,3489.87731324602,-0.0136228469977629
addition_instances,M1,9,6109,6829003,Adaptive,3,2500,2500,77,1075,0,0.2775624,3442.3352485667,3442.3352485667,0,1,3489.87731324602,-0.0136228469977629
addition_instances,M1,9,6109,6829004,Fixed5,4,500,492,77,55,5,0.2949815,3489.87731324602,3489.87731324602,0,1,3489.87731324602,0
addition_instances,M1,9,6109,6829004,Fixed5,4,1000,982,77,125,5,0.2949815,3489.75337928123,3489.75337928123,0,1,3489.87731324602,-3.55124130936371e-05
addition_instances,M1,9,6109,6829004,Fixed5,4,1500,1472,77,195,5,0.2949815,3489.75337928123,3489.75337928123,0,1,3489.87731324602,-3.55124130936371e-05
addition_instances,M1,9,6109,6829004,Fixed5,4,2500,2487,77,340,5,0.2949815,3442.3352485667,3442.3352485667,0,1,3489.87731324602,-0.0136228469977629
addition_instances,M1,9,6109,6829004,Fixed15,4,500,467,77,120,15,0.2963228,3489.87731324602,3489.87731324602,0,1,3489.87731324602,0
addition_instances,M1,9,6109,6829004,Fixed15,4,1000,962,77,285,15,0.2963228,3489.75337928123,3489.75337928123,0,1,3489.87731324602,-3.55124130936371e-05
addition_instances,M1,9,6109,6829004,Fixed15,4,1500,1457,77,450,15,0.2963228,3489.75337928123,3489.75337928123,0,1,3489.87731324602,-3.55124130936371e-05
addition_instances,M1,9,6109,6829004,Fixed15,4,2500,2492,77,795,15,0.2963228,3442.3352485667,3442.3352485667,0,1,3489.87731324602,-0.0136228469977629
addition_instances,M1,9,6109,6829004,Fixed25,4,500,492,77,175,25,0.3259153,3489.87731324602,3489.87731324602,0,1,3489.87731324602,0
addition_instances,M1,9,6109,6829004,Fixed25,4,1000,987,77,400,25,0.3259153,3442.3352485667,3442.3352485667,0,1,3489.87731324602,-0.0136228469977629
addition_instances,M1,9,6109,6829004,Fixed25,4,1500,1482,77,625,25,0.3259153,3442.3352485667,3442.3352485667,0,1,3489.87731324602,-0.0136228469977629
addition_instances,M1,9,6109,6829004,Fixed25,4,2500,2472,77,1075,25,0.3259153,3442.3352485667,3442.3352485667,0,1,3489.87731324602,-0.0136228469977629
addition_instances,M1,9,6109,6829004,Fixed35,4,500,497,77,210,35,0.3248185,3489.87731324602,3489.87731324602,0,1,3489.87731324602,0
addition_instances,M1,9,6109,6829004,Fixed35,4,1000,952,77,455,35,0.3248185,3442.3352485667,3442.3352485667,0,1,3489.87731324602,-0.0136228469977629
addition_instances,M1,9,6109,6829004,Fixed35,4,1500,1472,77,735,35,0.3248185,3442.3352485667,3442.3352485667,0,1,3489.87731324602,-0.0136228469977629
addition_instances,M1,9,6109,6829004,Fixed35,4,2500,2447,77,1260,35,0.3248185,3442.3352485667,3442.3352485667,0,1,3489.87731324602,-0.0136228469977629
addition_instances,M1,9,6109,6829004,Fixed40,4,500,457,77,200,40,0.3028648,3489.87731324602,3489.87731324602,0,1,3489.87731324602,0
addition_instances,M1,9,6109,6829004,Fixed40,4,1000,947,77,480,40,0.3028648,3442.3352485667,3442.3352485667,0,1,3489.87731324602,-0.0136228469977629
addition_instances,M1,9,6109,6829004,Fixed40,4,1500,1437,77,760,40,0.3028648,3442.3352485667,3442.3352485667,0,1,3489.87731324602,-0.0136228469977629
addition_instances,M1,9,6109,6829004,Fixed40,4,2500,2487,77,1360,40,0.3028648,3442.3352485667,3442.3352485667,0,1,3489.87731324602,-0.0136228469977629
addition_instances,M1,9,6109,6829004,Adaptive,4,500,492,77,175,25,0.3219437,3489.87731324602,3489.87731324602,0,1,3489.87731324602,0
addition_instances,M1,9,6109,6829004,Adaptive,4,1000,987,77,400,25,0.3219437,3442.3352485667,3442.3352485667,0,1,3489.87731324602,-0.0136228469977629
addition_instances,M1,9,6109,6829004,Adaptive,4,1500,1482,77,625,25,0.3219437,3442.3352485667,3442.3352485667,0,1,3489.87731324602,-0.0136228469977629
addition_instances,M1,9,6109,6829004,Adaptive,4,2500,2500,77,1075,0,0.3219437,3442.3352485667,3442.3352485667,0,1,3489.87731324602,-0.0136228469977629
addition_instances,M1,9,6109,6829005,Fixed5,5,500,492,77,55,5,0.3622766,3489.87731324602,3489.87731324602,0,1,3489.87731324602,0
addition_instances,M1,9,6109,6829005,Fixed5,5,1000,982,77,125,5,0.3622766,3442.4591825315,3442.4591825315,0,1,3489.87731324602,-0.0135873345846693
addition_instances,M1,9,6109,6829005,Fixed5,5,1500,1472,77,195,5,0.3622766,3442.4591825315,3442.4591825315,0,1,3489.87731324602,-0.0135873345846693
addition_instances,M1,9,6109,6829005,Fixed5,5,2500,2487,77,340,5,0.3622766,3442.3352485667,3442.3352485667,0,1,3489.87731324602,-0.0136228469977629
addition_instances,M1,9,6109,6829005,Fixed15,5,500,467,77,120,15,0.3215178,3489.87731324602,3489.87731324602,0,1,3489.87731324602,0
addition_instances,M1,9,6109,6829005,Fixed15,5,1000,962,77,285,15,0.3215178,3489.87731324602,3489.87731324602,0,1,3489.87731324602,0
addition_instances,M1,9,6109,6829005,Fixed15,5,1500,1457,77,450,15,0.3215178,3442.4591825315,3442.4591825315,0,1,3489.87731324602,-0.0135873345846693
addition_instances,M1,9,6109,6829005,Fixed15,5,2500,2492,77,795,15,0.3215178,3442.4591825315,3442.4591825315,0,1,3489.87731324602,-0.0135873345846693
addition_instances,M1,9,6109,6829005,Fixed25,5,500,492,77,175,25,0.2969662,3489.87731324602,3489.87731324602,0,1,3489.87731324602,0
addition_instances,M1,9,6109,6829005,Fixed25,5,1000,987,77,400,25,0.2969662,3489.87731324602,3489.87731324602,0,1,3489.87731324602,0
addition_instances,M1,9,6109,6829005,Fixed25,5,1500,1482,77,625,25,0.2969662,3442.4591825315,3442.4591825315,0,1,3489.87731324602,-0.0135873345846693
addition_instances,M1,9,6109,6829005,Fixed25,5,2500,2472,77,1075,25,0.2969662,3442.4591825315,3442.4591825315,0,1,3489.87731324602,-0.0135873345846693
addition_instances,M1,9,6109,6829005,Fixed35,5,500,497,77,210,35,0.3230633,3442.4591825315,3442.4591825315,0,1,3489.87731324602,-0.0135873345846693
addition_instances,M1,9,6109,6829005,Fixed35,5,1000,952,77,455,35,0.3230633,3442.4591825315,3442.4591825315,0,1,3489.87731324602,-0.0135873345846693
addition_instances,M1,9,6109,6829005,Fixed35,5,1500,1472,77,735,35,0.3230633,3442.3352485667,3442.3352485667,0,1,3489.87731324602,-0.0136228469977629
addition_instances,M1,9,6109,6829005,Fixed35,5,2500,2447,77,1260,35,0.3230633,3442.3352485667,3442.3352485667,0,1,3489.87731324602,-0.0136228469977629
addition_instances,M1,9,6109,6829005,Fixed40,5,500,457,77,200,40,0.2697998,3442.4591825315,3442.4591825315,0,1,3489.87731324602,-0.0135873345846693
addition_instances,M1,9,6109,6829005,Fixed40,5,1000,947,77,480,40,0.2697998,3442.4591825315,3442.4591825315,0,1,3489.87731324602,-0.0135873345846693
addition_instances,M1,9,6109,6829005,Fixed40,5,1500,1437,77,760,40,0.2697998,3442.4591825315,3442.4591825315,0,1,3489.87731324602,-0.0135873345846693
addition_instances,M1,9,6109,6829005,Fixed40,5,2500,2487,77,1360,40,0.2697998,3442.3352485667,3442.3352485667,0,1,3489.87731324602,-0.0136228469977629
addition_instances,M1,9,6109,6829005,Adaptive,5,500,492,77,175,25,0.3500783,3489.87731324602,3489.87731324602,0,1,3489.87731324602,0
addition_instances,M1,9,6109,6829005,Adaptive,5,1000,987,77,400,25,0.3500783,3489.87731324602,3489.87731324602,0,1,3489.87731324602,0
addition_instances,M1,9,6109,6829005,Adaptive,5,1500,1482,77,625,25,0.3500783,3442.4591825315,3442.4591825315,0,1,3489.87731324602,-0.0135873345846693
addition_instances,M1,9,6109,6829005,Adaptive,5,2500,2500,77,1075,0,0.3500783,3442.4591825315,3442.4591825315,0,1,3489.87731324602,-0.0135873345846693
addition_instances,M1,10,6110,6830001,Fixed5,1,500,493,78,55,5,0.3729094,3490.38557065644,3490.38557065644,0,1,3490.38557065644,0
addition_instances,M1,10,6110,6830001,Fixed5,1,1000,983,78,125,5,0.3729094,3442.96743994192,3442.96743994192,0,1,3490.38557065644,-0.0135853560458086
addition_instances,M1,10,6110,6830001,Fixed5,1,1500,1473,78,195,5,0.3729094,3442.96743994192,3442.96743994192,0,1,3490.38557065644,-0.0135853560458086
addition_instances,M1,10,6110,6830001,Fixed5,1,2500,2488,78,340,5,0.3729094,3442.96743994192,3442.96743994192,0,1,3490.38557065644,-0.0135853560458086
addition_instances,M1,10,6110,6830001,Fixed15,1,500,468,78,120,15,0.3139491,3490.38557065644,3490.38557065644,0,1,3490.38557065644,0
addition_instances,M1,10,6110,6830001,Fixed15,1,1000,963,78,285,15,0.3139491,3442.84350597712,3442.84350597712,0,1,3490.38557065644,-0.0136208632877122
addition_instances,M1,10,6110,6830001,Fixed15,1,1500,1458,78,450,15,0.3139491,3442.84350597712,3442.84350597712,0,1,3490.38557065644,-0.0136208632877122
addition_instances,M1,10,6110,6830001,Fixed15,1,2500,2493,78,795,15,0.3139491,3442.84350597712,3442.84350597712,0,1,3490.38557065644,-0.0136208632877122
addition_instances,M1,10,6110,6830001,Fixed25,1,500,493,78,175,25,0.3026765,3490.38557065644,3490.38557065644,0,1,3490.38557065644,0
addition_instances,M1,10,6110,6830001,Fixed25,1,1000,988,78,400,25,0.3026765,3442.96743994192,3442.96743994192,0,1,3490.38557065644,-0.0135853560458086
addition_instances,M1,10,6110,6830001,Fixed25,1,1500,1483,78,625,25,0.3026765,3442.84350597712,3442.84350597712,0,1,3490.38557065644,-0.0136208632877122
addition_instances,M1,10,6110,6830001,Fixed25,1,2500,2473,78,1075,25,0.3026765,3442.84350597712,3442.84350597712,0,1,3490.38557065644,-0.0136208632877122
addition_instances,M1,10,6110,6830001,Fixed35,1,500,498,78,210,35,0.2842973,3490.38557065644,3490.38557065644,0,1,3490.38557065644,0
addition_instances,M1,10,6110,6830001,Fixed35,1,1000,953,78,455,35,0.2842973,3442.96743994192,3442.96743994192,0,1,3490.38557065644,-0.0135853560458086
addition_instances,M1,10,6110,6830001,Fixed35,1,1500,1473,78,735,35,0.2842973,3442.84350597712,3442.84350597712,0,1,3490.38557065644,-0.0136208632877122
addition_instances,M1,10,6110,6830001,Fixed35,1,2500,2448,78,1260,35,0.2842973,3442.84350597712,3442.84350597712,0,1,3490.38557065644,-0.0136208632877122
addition_instances,M1,10,6110,6830001,Fixed40,1,500,458,78,200,40,0.2719645,3490.26163669164,3490.26163669164,0,1,3490.38557065644,-3.5507241903592e-05
addition_instances,M1,10,6110,6830001,Fixed40,1,1000,948,78,480,40,0.2719645,3442.84350597712,3442.84350597712,0,1,3490.38557065644,-0.0136208632877122
addition_instances,M1,10,6110,6830001,Fixed40,1,1500,1438,78,760,40,0.2719645,3442.84350597712,3442.84350597712,0,1,3490.38557065644,-0.0136208632877122
addition_instances,M1,10,6110,6830001,Fixed40,1,2500,2488,78,1360,40,0.2719645,3442.84350597712,3442.84350597712,0,1,3490.38557065644,-0.0136208632877122
addition_instances,M1,10,6110,6830001,Adaptive,1,500,493,78,175,25,0.3172152,3490.38557065644,3490.38557065644,0,1,3490.38557065644,0
addition_instances,M1,10,6110,6830001,Adaptive,1,1000,988,78,400,25,0.3172152,3442.96743994192,3442.96743994192,0,1,3490.38557065644,-0.0135853560458086
addition_instances,M1,10,6110,6830001,Adaptive,1,1500,1483,78,625,25,0.3172152,3442.84350597712,3442.84350597712,0,1,3490.38557065644,-0.0136208632877122
addition_instances,M1,10,6110,6830001,Adaptive,1,2500,2500,78,1075,0,0.3172152,3442.84350597712,3442.84350597712,0,1,3490.38557065644,-0.0136208632877122
addition_instances,M1,10,6110,6830002,Fixed5,2,500,493,78,55,5,0.3506929,3490.38557065644,3490.38557065644,0,1,3490.38557065644,0
addition_instances,M1,10,6110,6830002,Fixed5,2,1000,983,78,125,5,0.3506929,3490.38557065644,3490.38557065644,0,1,3490.38557065644,0
addition_instances,M1,10,6110,6830002,Fixed5,2,1500,1473,78,195,5,0.3506929,3490.26163669164,3490.26163669164,0,1,3490.38557065644,-3.5507241903592e-05
addition_instances,M1,10,6110,6830002,Fixed5,2,2500,2488,78,340,5,0.3506929,3490.26163669164,3490.26163669164,0,1,3490.38557065644,-3.5507241903592e-05
addition_instances,M1,10,6110,6830002,Fixed15,2,500,468,78,120,15,0.3491864,3442.96743994192,3442.96743994192,0,1,3490.38557065644,-0.0135853560458086
addition_instances,M1,10,6110,6830002,Fixed15,2,1000,963,78,285,15,0.3491864,3442.84350597712,3442.84350597712,0,1,3490.38557065644,-0.0136208632877122
addition_instances,M1,10,6110,6830002,Fixed15,2,1500,1458,78,450,15,0.3491864,3442.84350597712,3442.84350597712,0,1,3490.38557065644,-0.0136208632877122
addition_instances,M1,10,6110,6830002,Fixed15,2,2500,2493,78,795,15,0.3491864,3442.84350597712,3442.84350597712,0,1,3490.38557065644,-0.0136208632877122
addition_instances,M1,10,6110,6830002,Fixed25,2,500,493,78,175,25,0.2803554,3442.96743994192,3442.96743994192,0,1,3490.38557065644,-0.0135853560458086
addition_instances,M1,10,6110,6830002,Fixed25,2,1000,988,78,400,25,0.2803554,3442.84350597712,3442.84350597712,0,1,3490.38557065644,-0.0136208632877122
addition_instances,M1,10,6110,6830002,Fixed25,2,1500,1483,78,625,25,0.2803554,3442.84350597712,3442.84350597712,0,1,3490.38557065644,-0.0136208632877122
addition_instances,M1,10,6110,6830002,Fixed25,2,2500,2473,78,1075,25,0.2803554,3442.84350597712,3442.84350597712,0,1,3490.38557065644,-0.0136208632877122
addition_instances,M1,10,6110,6830002,Fixed35,2,500,498,78,210,35,0.329054,3442.84350597712,3442.84350597712,0,1,3490.38557065644,-0.0136208632877122
addition_instances,M1,10,6110,6830002,Fixed35,2,1000,953,78,455,35,0.329054,3442.84350597712,3442.84350597712,0,1,3490.38557065644,-0.0136208632877122
addition_instances,M1,10,6110,6830002,Fixed35,2,1500,1473,78,735,35,0.329054,3442.84350597712,3442.84350597712,0,1,3490.38557065644,-0.0136208632877122
addition_instances,M1,10,6110,6830002,Fixed35,2,2500,2448,78,1260,35,0.329054,3442.84350597712,3442.84350597712,0,1,3490.38557065644,-0.0136208632877122
addition_instances,M1,10,6110,6830002,Fixed40,2,500,458,78,200,40,0.2854315,3442.84350597712,3442.84350597712,0,1,3490.38557065644,-0.0136208632877122
addition_instances,M1,10,6110,6830002,Fixed40,2,1000,948,78,480,40,0.2854315,3442.84350597712,3442.84350597712,0,1,3490.38557065644,-0.0136208632877122
addition_instances,M1,10,6110,6830002,Fixed40,2,1500,1438,78,760,40,0.2854315,3442.84350597712,3442.84350597712,0,1,3490.38557065644,-0.0136208632877122
addition_instances,M1,10,6110,6830002,Fixed40,2,2500,2488,78,1360,40,0.2854315,3442.84350597712,3442.84350597712,0,1,3490.38557065644,-0.0136208632877122
addition_instances,M1,10,6110,6830002,Adaptive,2,500,493,78,175,25,0.3139232,3442.96743994192,3442.96743994192,0,1,3490.38557065644,-0.0135853560458086
addition_instances,M1,10,6110,6830002,Adaptive,2,1000,988,78,400,25,0.3139232,3442.84350597712,3442.84350597712,0,1,3490.38557065644,-0.0136208632877122
addition_instances,M1,10,6110,6830002,Adaptive,2,1500,1483,78,625,25,0.3139232,3442.84350597712,3442.84350597712,0,1,3490.38557065644,-0.0136208632877122
addition_instances,M1,10,6110,6830002,Adaptive,2,2500,2500,78,1075,0,0.3139232,3442.84350597712,3442.84350597712,0,1,3490.38557065644,-0.0136208632877122
addition_instances,M1,10,6110,6830003,Fixed5,3,500,493,78,55,5,0.3431984,3490.26163669164,3490.26163669164,0,1,3490.38557065644,-3.5507241903592e-05
addition_instances,M1,10,6110,6830003,Fixed5,3,1000,983,78,125,5,0.3431984,3490.26163669164,3490.26163669164,0,1,3490.38557065644,-3.5507241903592e-05
addition_instances,M1,10,6110,6830003,Fixed5,3,1500,1473,78,195,5,0.3431984,3490.26163669164,3490.26163669164,0,1,3490.38557065644,-3.5507241903592e-05
addition_instances,M1,10,6110,6830003,Fixed5,3,2500,2488,78,340,5,0.3431984,3490.26163669164,3490.26163669164,0,1,3490.38557065644,-3.5507241903592e-05
addition_instances,M1,10,6110,6830003,Fixed15,3,500,468,78,120,15,0.3030397,3490.26163669164,3490.26163669164,0,1,3490.38557065644,-3.5507241903592e-05
addition_instances,M1,10,6110,6830003,Fixed15,3,1000,963,78,285,15,0.3030397,3442.84350597712,3442.84350597712,0,1,3490.38557065644,-0.0136208632877122
addition_instances,M1,10,6110,6830003,Fixed15,3,1500,1458,78,450,15,0.3030397,3442.84350597712,3442.84350597712,0,1,3490.38557065644,-0.0136208632877122
addition_instances,M1,10,6110,6830003,Fixed15,3,2500,2493,78,795,15,0.3030397,3442.84350597712,3442.84350597712,0,1,3490.38557065644,-0.0136208632877122
addition_instances,M1,10,6110,6830003,Fixed25,3,500,493,78,175,25,0.3251544,3490.26163669164,3490.26163669164,0,1,3490.38557065644,-3.5507241903592e-05
addition_instances,M1,10,6110,6830003,Fixed25,3,1000,988,78,400,25,0.3251544,3442.84350597712,3442.84350597712,0,1,3490.38557065644,-0.0136208632877122
addition_instances,M1,10,6110,6830003,Fixed25,3,1500,1483,78,625,25,0.3251544,3442.84350597712,3442.84350597712,0,1,3490.38557065644,-0.0136208632877122
addition_instances,M1,10,6110,6830003,Fixed25,3,2500,2473,78,1075,25,0.3251544,3442.84350597712,3442.84350597712,0,1,3490.38557065644,-0.0136208632877122
addition_instances,M1,10,6110,6830003,Fixed35,3,500,498,78,210,35,0.2421776,3490.26163669164,3490.26163669164,0,1,3490.38557065644,-3.5507241903592e-05
addition_instances,M1,10,6110,6830003,Fixed35,3,1000,953,78,455,35,0.2421776,3490.26163669164,3490.26163669164,0,1,3490.38557065644,-3.5507241903592e-05
addition_instances,M1,10,6110,6830003,Fixed35,3,1500,1473,78,735,35,0.2421776,3442.84350597712,3442.84350597712,0,1,3490.38557065644,-0.0136208632877122
addition_instances,M1,10,6110,6830003,Fixed35,3,2500,2448,78,1260,35,0.2421776,3442.84350597712,3442.84350597712,0,1,3490.38557065644,-0.0136208632877122
addition_instances,M1,10,6110,6830003,Fixed40,3,500,458,78,200,40,0.2721793,3490.26163669164,3490.26163669164,0,1,3490.38557065644,-3.5507241903592e-05
addition_instances,M1,10,6110,6830003,Fixed40,3,1000,948,78,480,40,0.2721793,3490.26163669164,3490.26163669164,0,1,3490.38557065644,-3.5507241903592e-05
addition_instances,M1,10,6110,6830003,Fixed40,3,1500,1438,78,760,40,0.2721793,3442.84350597712,3442.84350597712,0,1,3490.38557065644,-0.0136208632877122
addition_instances,M1,10,6110,6830003,Fixed40,3,2500,2488,78,1360,40,0.2721793,3442.84350597712,3442.84350597712,0,1,3490.38557065644,-0.0136208632877122
addition_instances,M1,10,6110,6830003,Adaptive,3,500,493,78,175,25,0.274372,3490.26163669164,3490.26163669164,0,1,3490.38557065644,-3.5507241903592e-05
addition_instances,M1,10,6110,6830003,Adaptive,3,1000,988,78,400,25,0.274372,3442.84350597712,3442.84350597712,0,1,3490.38557065644,-0.0136208632877122
addition_instances,M1,10,6110,6830003,Adaptive,3,1500,1483,78,625,25,0.274372,3442.84350597712,3442.84350597712,0,1,3490.38557065644,-0.0136208632877122
addition_instances,M1,10,6110,6830003,Adaptive,3,2500,2500,78,1075,0,0.274372,3442.84350597712,3442.84350597712,0,1,3490.38557065644,-0.0136208632877122
addition_instances,M1,10,6110,6830004,Fixed5,4,500,493,78,55,5,0.2857529,3490.38557065644,3490.38557065644,0,1,3490.38557065644,0
addition_instances,M1,10,6110,6830004,Fixed5,4,1000,983,78,125,5,0.2857529,3442.84350597712,3442.84350597712,0,1,3490.38557065644,-0.0136208632877122
addition_instances,M1,10,6110,6830004,Fixed5,4,1500,1473,78,195,5,0.2857529,3442.84350597712,3442.84350597712,0,1,3490.38557065644,-0.0136208632877122
addition_instances,M1,10,6110,6830004,Fixed5,4,2500,2488,78,340,5,0.2857529,3442.84350597712,3442.84350597712,0,1,3490.38557065644,-0.0136208632877122
addition_instances,M1,10,6110,6830004,Fixed15,4,500,468,78,120,15,0.2652715,3490.38557065644,3490.38557065644,0,1,3490.38557065644,0
addition_instances,M1,10,6110,6830004,Fixed15,4,1000,963,78,285,15,0.2652715,3442.96743994192,3442.96743994192,0,1,3490.38557065644,-0.0135853560458086
addition_instances,M1,10,6110,6830004,Fixed15,4,1500,1458,78,450,15,0.2652715,3442.84350597712,3442.84350597712,0,1,3490.38557065644,-0.0136208632877122
addition_instances,M1,10,6110,6830004,Fixed15,4,2500,2493,78,795,15,0.2652715,3442.84350597712,3442.84350597712,0,1,3490.38557065644,-0.0136208632877122
addition_instances,M1,10,6110,6830004,Fixed25,4,500,493,78,175,25,0.2525996,3490.38557065644,3490.38557065644,0,1,3490.38557065644,0
addition_instances,M1,10,6110,6830004,Fixed25,4,1000,988,78,400,25,0.2525996,3442.96743994192,3442.96743994192,0,1,3490.38557065644,-0.0135853560458086
addition_instances,M1,10,6110,6830004,Fixed25,4,1500,1483,78,625,25,0.2525996,3442.84350597712,3442.84350597712,0,1,3490.38557065644,-0.0136208632877122
addition_instances,M1,10,6110,6830004,Fixed25,4,2500,2473,78,1075,25,0.2525996,3442.84350597712,3442.84350597712,0,1,3490.38557065644,-0.0136208632877122
addition_instances,M1,10,6110,6830004,Fixed35,4,500,498,78,210,35,0.251042,3490.38557065644,3490.38557065644,0,1,3490.38557065644,0
addition_instances,M1,10,6110,6830004,Fixed35,4,1000,953,78,455,35,0.251042,3442.96743994192,3442.96743994192,0,1,3490.38557065644,-0.0135853560458086
addition_instances,M1,10,6110,6830004,Fixed35,4,1500,1473,78,735,35,0.251042,3442.84350597712,3442.84350597712,0,1,3490.38557065644,-0.0136208632877122
addition_instances,M1,10,6110,6830004,Fixed35,4,2500,2448,78,1260,35,0.251042,3442.84350597712,3442.84350597712,0,1,3490.38557065644,-0.0136208632877122
addition_instances,M1,10,6110,6830004,Fixed40,4,500,458,78,200,40,0.2544736,3490.38557065644,3490.38557065644,0,1,3490.38557065644,0
addition_instances,M1,10,6110,6830004,Fixed40,4,1000,948,78,480,40,0.2544736,3442.96743994192,3442.96743994192,0,1,3490.38557065644,-0.0135853560458086
addition_instances,M1,10,6110,6830004,Fixed40,4,1500,1438,78,760,40,0.2544736,3442.84350597712,3442.84350597712,0,1,3490.38557065644,-0.0136208632877122
addition_instances,M1,10,6110,6830004,Fixed40,4,2500,2488,78,1360,40,0.2544736,3442.84350597712,3442.84350597712,0,1,3490.38557065644,-0.0136208632877122
addition_instances,M1,10,6110,6830004,Adaptive,4,500,493,78,175,25,0.2783595,3490.38557065644,3490.38557065644,0,1,3490.38557065644,0
addition_instances,M1,10,6110,6830004,Adaptive,4,1000,988,78,400,25,0.2783595,3442.96743994192,3442.96743994192,0,1,3490.38557065644,-0.0135853560458086
addition_instances,M1,10,6110,6830004,Adaptive,4,1500,1483,78,625,25,0.2783595,3442.84350597712,3442.84350597712,0,1,3490.38557065644,-0.0136208632877122
addition_instances,M1,10,6110,6830004,Adaptive,4,2500,2500,78,1075,0,0.2783595,3442.84350597712,3442.84350597712,0,1,3490.38557065644,-0.0136208632877122
addition_instances,M1,10,6110,6830005,Fixed5,5,500,491,76,55,5,0.2881105,3490.38557065644,3490.38557065644,0,1,3490.38557065644,0
addition_instances,M1,10,6110,6830005,Fixed5,5,1000,981,76,125,5,0.2881105,3490.38557065644,3490.38557065644,0,1,3490.38557065644,0
addition_instances,M1,10,6110,6830005,Fixed5,5,1500,1471,76,195,5,0.2881105,3490.38557065644,3490.38557065644,0,1,3490.38557065644,0
addition_instances,M1,10,6110,6830005,Fixed5,5,2500,2486,76,340,5,0.2881105,3490.38557065644,3490.38557065644,0,1,3490.38557065644,0
addition_instances,M1,10,6110,6830005,Fixed15,5,500,466,76,120,15,0.2725854,3490.38557065644,3490.38557065644,0,1,3490.38557065644,0
addition_instances,M1,10,6110,6830005,Fixed15,5,1000,961,76,285,15,0.2725854,3490.38557065644,3490.38557065644,0,1,3490.38557065644,0
addition_instances,M1,10,6110,6830005,Fixed15,5,1500,1456,76,450,15,0.2725854,3490.38557065644,3490.38557065644,0,1,3490.38557065644,0
addition_instances,M1,10,6110,6830005,Fixed15,5,2500,2491,76,795,15,0.2725854,3442.96743994192,3442.96743994192,0,1,3490.38557065644,-0.0135853560458086
addition_instances,M1,10,6110,6830005,Fixed25,5,500,491,76,175,25,0.2884299,3442.84350597712,3442.84350597712,0,1,3490.38557065644,-0.0136208632877122
addition_instances,M1,10,6110,6830005,Fixed25,5,1000,986,76,400,25,0.2884299,3442.84350597712,3442.84350597712,0,1,3490.38557065644,-0.0136208632877122
addition_instances,M1,10,6110,6830005,Fixed25,5,1500,1481,76,625,25,0.2884299,3442.84350597712,3442.84350597712,0,1,3490.38557065644,-0.0136208632877122
addition_instances,M1,10,6110,6830005,Fixed25,5,2500,2471,76,1075,25,0.2884299,3442.84350597712,3442.84350597712,0,1,3490.38557065644,-0.0136208632877122
addition_instances,M1,10,6110,6830005,Fixed35,5,500,496,76,210,35,0.2442886,3442.84350597712,3442.84350597712,0,1,3490.38557065644,-0.0136208632877122
addition_instances,M1,10,6110,6830005,Fixed35,5,1000,951,76,455,35,0.2442886,3442.84350597712,3442.84350597712,0,1,3490.38557065644,-0.0136208632877122
addition_instances,M1,10,6110,6830005,Fixed35,5,1500,1471,76,735,35,0.2442886,3442.84350597712,3442.84350597712,0,1,3490.38557065644,-0.0136208632877122
addition_instances,M1,10,6110,6830005,Fixed35,5,2500,2446,76,1260,35,0.2442886,3442.84350597712,3442.84350597712,0,1,3490.38557065644,-0.0136208632877122
addition_instances,M1,10,6110,6830005,Fixed40,5,500,456,76,200,40,0.2369387,3442.84350597712,3442.84350597712,0,1,3490.38557065644,-0.0136208632877122
addition_instances,M1,10,6110,6830005,Fixed40,5,1000,946,76,480,40,0.2369387,3442.84350597712,3442.84350597712,0,1,3490.38557065644,-0.0136208632877122
addition_instances,M1,10,6110,6830005,Fixed40,5,1500,1436,76,760,40,0.2369387,3442.84350597712,3442.84350597712,0,1,3490.38557065644,-0.0136208632877122
addition_instances,M1,10,6110,6830005,Fixed40,5,2500,2486,76,1360,40,0.2369387,3442.84350597712,3442.84350597712,0,1,3490.38557065644,-0.0136208632877122
addition_instances,M1,10,6110,6830005,Adaptive,5,500,491,76,175,25,0.2618487,3442.84350597712,3442.84350597712,0,1,3490.38557065644,-0.0136208632877122
addition_instances,M1,10,6110,6830005,Adaptive,5,1000,986,76,400,25,0.2618487,3442.84350597712,3442.84350597712,0,1,3490.38557065644,-0.0136208632877122
addition_instances,M1,10,6110,6830005,Adaptive,5,1500,1481,76,625,25,0.2618487,3442.84350597712,3442.84350597712,0,1,3490.38557065644,-0.0136208632877122
addition_instances,M1,10,6110,6830005,Adaptive,5,2500,2500,76,1075,0,0.2618487,3442.84350597712,3442.84350597712,0,1,3490.38557065644,-0.0136208632877122
addition_stress_instances,Near,2,8102,8822001,Fixed5,1,500,475,200,35,5,0.2971208,4443.97965136658,4443.97965136658,0,1,5389.34801289283,-0.175414235500226
addition_stress_instances,Near,2,8102,8822001,Fixed5,1,1000,1000,200,110,5,0.2971208,4235.98828497268,4235.98828497268,0,1,5389.34801289283,-0.214007283471209
addition_stress_instances,Near,2,8102,8822001,Fixed5,1,1500,1490,200,180,5,0.2971208,4079.11816617592,4079.11816617592,0,1,5389.34801289283,-0.24311472251977
addition_stress_instances,Near,2,8102,8822001,Fixed5,1,2500,2470,200,320,5,0.2971208,4070.54148578385,4070.54148578385,0,1,5389.34801289283,-0.244706135872842
addition_stress_instances,Near,2,8102,8822001,Fixed15,1,500,500,200,90,15,0.2880991,4443.97965136658,4443.97965136658,0,1,5389.34801289283,-0.175414235500226
addition_stress_instances,Near,2,8102,8822001,Fixed15,1,1000,995,200,255,15,0.2880991,4315.8843473452,4315.8843473452,0,1,5389.34801289283,-0.199182473089436
addition_stress_instances,Near,2,8102,8822001,Fixed15,1,1500,1490,200,420,15,0.2880991,4116.78070788536,4116.78070788536,0,1,5389.34801289283,-0.236126392647707
addition_stress_instances,Near,2,8102,8822001,Fixed15,1,2500,2480,200,750,15,0.2880991,3997.0503760048,3997.0503760048,0,1,5389.34801289283,-0.258342499604268
addition_stress_instances,Near,2,8102,8822001,Fixed25,1,500,450,200,100,25,0.2817475,4443.97965136658,4443.97965136658,0,1,5389.34801289283,-0.175414235500226
addition_stress_instances,Near,2,8102,8822001,Fixed25,1,1000,1000,200,350,25,0.2817475,4070.54148578385,4070.54148578385,0,1,5389.34801289283,-0.244706135872842
addition_stress_instances,Near,2,8102,8822001,Fixed25,1,1500,1495,200,575,25,0.2817475,4070.54148578385,4070.54148578385,0,1,5389.34801289283,-0.244706135872842
addition_stress_instances,Near,2,8102,8822001,Fixed25,1,2500,2485,200,1025,25,0.2817475,3939.45913087082,3939.45913087082,0,1,5389.34801289283,-0.269028624344442
addition_stress_instances,Near,2,8102,8822001,Fixed35,1,500,490,200,140,35,0.2715224,4443.97965136658,4443.97965136658,0,1,5389.34801289283,-0.175414235500226
addition_stress_instances,Near,2,8102,8822001,Fixed35,1,1000,945,200,385,35,0.2715224,4227.41160458061,4227.41160458061,0,1,5389.34801289283,-0.215598696824281
addition_stress_instances,Near,2,8102,8822001,Fixed35,1,1500,1465,200,665,35,0.2715224,3986.87726158534,3986.87726158534,0,1,5389.34801289283,-0.260230133209506
addition_stress_instances,Near,2,8102,8822001,Fixed35,1,2500,2440,200,1190,35,0.2715224,3941.10904208253,3941.10904208253,0,1,5389.34801289283,-0.268722481336464
addition_stress_instances,Near,2,8102,8822001,Fixed40,1,500,440,200,120,40,0.2624818,4443.97965136658,4443.97965136658,0,1,5389.34801289283,-0.175414235500226
addition_stress_instances,Near,2,8102,8822001,Fixed40,1,1000,1000,200,440,40,0.2624818,4225.03734170869,4225.03734170869,0,1,5389.34801289283,-0.216039244153243
addition_stress_instances,Near,2,8102,8822001,Fixed40,1,1500,1490,200,720,40,0.2624818,3958.46572786424,3958.46572786424,0,1,5389.34801289283,-0.265501927432693
addition_stress_instances,Near,2,8102,8822001,Fixed40,1,2500,2470,200,1280,40,0.2624818,3918.66981019836,3918.66981019836,0,1,5389.34801289283,-0.272886107777082
addition_stress_instances,Near,2,8102,8822001,Adaptive,1,500,450,200,100,25,0.2804597,4443.97965136658,4443.97965136658,0,1,5389.34801289283,-0.175414235500226
addition_stress_instances,Near,2,8102,8822001,Adaptive,1,1000,1000,200,350,25,0.2804597,4070.54148578385,4070.54148578385,0,1,5389.34801289283,-0.244706135872842
addition_stress_instances,Near,2,8102,8822001,Adaptive,1,1500,1495,200,575,25,0.2804597,4070.54148578385,4070.54148578385,0,1,5389.34801289283,-0.244706135872842
addition_stress_instances,Near,2,8102,8822001,Adaptive,1,2500,2500,200,1070,28,0.2804597,3939.45913087082,3939.45913087082,0,1,5389.34801289283,-0.269028624344442
addition_stress_instances,Near,2,8102,8822002,Fixed5,2,500,475,200,35,5,0.3061181,4227.41160458061,4227.41160458061,0,1,5389.34801289283,-0.215598696824281
addition_stress_instances,Near,2,8102,8822002,Fixed5,2,1000,1000,200,110,5,0.3061181,4227.41160458061,4227.41160458061,0,1,5389.34801289283,-0.215598696824281
addition_stress_instances,Near,2,8102,8822002,Fixed5,2,1500,1490,200,180,5,0.3061181,4227.41160458061,4227.41160458061,0,1,5389.34801289283,-0.215598696824281
addition_stress_instances,Near,2,8102,8822002,Fixed5,2,2500,2470,200,320,5,0.3061181,4070.54148578385,4070.54148578385,0,1,5389.34801289283,-0.244706135872842
addition_stress_instances,Near,2,8102,8822002,Fixed15,2,500,500,200,90,15,0.2771549,4172.26309408449,4172.26309408449,0,1,5389.34801289283,-0.225831569217043
addition_stress_instances,Near,2,8102,8822002,Fixed15,2,1000,995,200,255,15,0.2771549,4172.26309408449,4172.26309408449,0,1,5389.34801289283,-0.225831569217043
addition_stress_instances,Near,2,8102,8822002,Fixed15,2,1500,1490,200,420,15,0.2771549,4072.35862904651,4072.35862904651,0,1,5389.34801289283,-0.244368962756852
addition_stress_instances,Near,2,8102,8822002,Fixed15,2,2500,2480,200,750,15,0.2771549,3941.10904208253,3941.10904208253,0,1,5389.34801289283,-0.268722481336464
addition_stress_instances,Near,2,8102,8822002,Fixed25,2,500,450,200,100,25,0.2505909,4172.26309408449,4172.26309408449,0,1,5389.34801289283,-0.225831569217043
addition_stress_instances,Near,2,8102,8822002,Fixed25,2,1000,1000,200,350,25,0.2505909,4172.26309408449,4172.26309408449,0,1,5389.34801289283,-0.225831569217043
addition_stress_instances,Near,2,8102,8822002,Fixed25,2,1500,1495,200,575,25,0.2505909,4172.26309408449,4172.26309408449,0,1,5389.34801289283,-0.225831569217043
addition_stress_instances,Near,2,8102,8822002,Fixed25,2,2500,2485,200,1025,25,0.2505909,3941.10904208253,3941.10904208253,0,1,5389.34801289283,-0.268722481336464
addition_stress_instances,Near,2,8102,8822002,Fixed35,2,500,490,200,140,35,0.2374953,4072.35862904651,4072.35862904651,0,1,5389.34801289283,-0.244368962756852
addition_stress_instances,Near,2,8102,8822002,Fixed35,2,1000,945,200,385,35,0.2374953,3941.10904208253,3941.10904208253,0,1,5389.34801289283,-0.268722481336464
addition_stress_instances,Near,2,8102,8822002,Fixed35,2,1500,1465,200,665,35,0.2374953,3941.10904208253,3941.10904208253,0,1,5389.34801289283,-0.268722481336464
addition_stress_instances,Near,2,8102,8822002,Fixed35,2,2500,2440,200,1190,35,0.2374953,3941.10904208253,3941.10904208253,0,1,5389.34801289283,-0.268722481336464
addition_stress_instances,Near,2,8102,8822002,Fixed40,2,500,440,200,120,40,0.2346097,4072.35862904651,4072.35862904651,0,1,5389.34801289283,-0.244368962756852
addition_stress_instances,Near,2,8102,8822002,Fixed40,2,1000,1000,200,440,40,0.2346097,3941.10904208253,3941.10904208253,0,1,5389.34801289283,-0.268722481336464
addition_stress_instances,Near,2,8102,8822002,Fixed40,2,1500,1490,200,720,40,0.2346097,3941.10904208253,3941.10904208253,0,1,5389.34801289283,-0.268722481336464
addition_stress_instances,Near,2,8102,8822002,Fixed40,2,2500,2470,200,1280,40,0.2346097,3941.10904208253,3941.10904208253,0,1,5389.34801289283,-0.268722481336464
addition_stress_instances,Near,2,8102,8822002,Adaptive,2,500,450,200,100,25,0.2769529,4172.26309408449,4172.26309408449,0,1,5389.34801289283,-0.225831569217043
addition_stress_instances,Near,2,8102,8822002,Adaptive,2,1000,1000,200,350,25,0.2769529,4172.26309408449,4172.26309408449,0,1,5389.34801289283,-0.225831569217043
addition_stress_instances,Near,2,8102,8822002,Adaptive,2,1500,1495,200,575,25,0.2769529,4172.26309408449,4172.26309408449,0,1,5389.34801289283,-0.225831569217043
addition_stress_instances,Near,2,8102,8822002,Adaptive,2,2500,2500,200,1070,9,0.2769529,3941.10904208253,3941.10904208253,0,1,5389.34801289283,-0.268722481336464
addition_stress_instances,Near,2,8102,8822003,Fixed5,3,500,475,200,35,5,0.3072948,4504.05279754425,4504.05279754425,0,1,5389.34801289283,-0.164267591038974
addition_stress_instances,Near,2,8102,8822003,Fixed5,3,1000,1000,200,110,5,0.3072948,4504.05279754425,4504.05279754425,0,1,5389.34801289283,-0.164267591038974
addition_stress_instances,Near,2,8102,8822003,Fixed5,3,1500,1490,200,180,5,0.3072948,4346.08664630343,4346.08664630343,0,1,5389.34801289283,-0.193578400224598
addition_stress_instances,Near,2,8102,8822003,Fixed5,3,2500,2470,200,320,5,0.3072948,4346.08664630343,4346.08664630343,0,1,5389.34801289283,-0.193578400224598
addition_stress_instances,Near,2,8102,8822003,Fixed15,3,500,500,200,90,15,0.284633,4551.47092825877,4551.47092825877,0,1,5389.34801289283,-0.155469099904038
addition_stress_instances,Near,2,8102,8822003,Fixed15,3,1000,995,200,255,15,0.284633,4504.05279754425,4504.05279754425,0,1,5389.34801289283,-0.164267591038974
addition_stress_instances,Near,2,8102,8822003,Fixed15,3,1500,1490,200,420,15,0.284633,4096.32924966758,4096.32924966758,0,1,5389.34801289283,-0.239921185295881
addition_stress_instances,Near,2,8102,8822003,Fixed15,3,2500,2480,200,750,15,0.284633,3939.45913087082,3939.45913087082,0,1,5389.34801289283,-0.269028624344442
addition_stress_instances,Near,2,8102,8822003,Fixed25,3,500,450,200,100,25,0.2637001,4443.97965136658,4443.97965136658,0,1,5389.34801289283,-0.175414235500226
addition_stress_instances,Near,2,8102,8822003,Fixed25,3,1000,1000,200,350,25,0.2637001,4276.78751638373,4276.78751638373,0,1,5389.34801289283,-0.206436937055754
addition_stress_instances,Near,2,8102,8822003,Fixed25,3,1500,1495,200,575,25,0.2637001,4130.96052459165,4130.96052459165,0,1,5389.34801289283,-0.233495310618421
addition_stress_instances,Near,2,8102,8822003,Fixed25,3,2500,2485,200,1025,25,0.2637001,3870.17149149758,3870.17149149758,0,1,5389.34801289283,-0.281885029090895
addition_stress_instances,Near,2,8102,8822003,Fixed35,3,500,490,200,140,35,0.2573829,4443.97965136658,4443.97965136658,0,1,5389.34801289283,-0.175414235500226
addition_stress_instances,Near,2,8102,8822003,Fixed35,3,1000,945,200,385,35,0.2573829,4276.78751638373,4276.78751638373,0,1,5389.34801289283,-0.206436937055754
addition_stress_instances,Near,2,8102,8822003,Fixed35,3,1500,1465,200,665,35,0.2573829,4130.96052459165,4130.96052459165,0,1,5389.34801289283,-0.233495310618421
addition_stress_instances,Near,2,8102,8822003,Fixed35,3,2500,2440,200,1190,35,0.2573829,3870.17149149758,3870.17149149758,0,1,5389.34801289283,-0.281885029090895
addition_stress_instances,Near,2,8102,8822003,Fixed40,3,500,440,200,120,40,0.2415827,4443.97965136658,4443.97965136658,0,1,5389.34801289283,-0.175414235500226
addition_stress_instances,Near,2,8102,8822003,Fixed40,3,1000,1000,200,440,40,0.2415827,4276.78751638373,4276.78751638373,0,1,5389.34801289283,-0.206436937055754
addition_stress_instances,Near,2,8102,8822003,Fixed40,3,1500,1490,200,720,40,0.2415827,4276.78751638373,4276.78751638373,0,1,5389.34801289283,-0.206436937055754
addition_stress_instances,Near,2,8102,8822003,Fixed40,3,2500,2470,200,1280,40,0.2415827,3870.17149149758,3870.17149149758,0,1,5389.34801289283,-0.281885029090895
addition_stress_instances,Near,2,8102,8822003,Adaptive,3,500,450,200,100,25,0.2596807,4443.97965136658,4443.97965136658,0,1,5389.34801289283,-0.175414235500226
addition_stress_instances,Near,2,8102,8822003,Adaptive,3,1000,1000,200,350,25,0.2596807,4276.78751638373,4276.78751638373,0,1,5389.34801289283,-0.206436937055754
addition_stress_instances,Near,2,8102,8822003,Adaptive,3,1500,1499,200,579,26,0.2596807,4130.96052459165,4130.96052459165,0,1,5389.34801289283,-0.233495310618421
addition_stress_instances,Near,2,8102,8822003,Adaptive,3,2500,2500,200,1070,9,0.2596807,3870.17149149758,3870.17149149758,0,1,5389.34801289283,-0.281885029090895
addition_stress_instances,Near,2,8102,8822004,Fixed5,4,500,475,200,35,5,0.2745629,4443.97965136658,4443.97965136658,0,1,5389.34801289283,-0.175414235500226
addition_stress_instances,Near,2,8102,8822004,Fixed5,4,1000,1000,200,110,5,0.2745629,4443.97965136658,4443.97965136658,0,1,5389.34801289283,-0.175414235500226
addition_stress_instances,Near,2,8102,8822004,Fixed5,4,1500,1490,200,180,5,0.2745629,4179.99347386609,4179.99347386609,0,1,5389.34801289283,-0.224397187959217
addition_stress_instances,Near,2,8102,8822004,Fixed5,4,2500,2470,200,320,5,0.2745629,4024.94049833199,4024.94049833199,0,1,5389.34801289283,-0.253167453891788
addition_stress_instances,Near,2,8102,8822004,Fixed15,4,500,500,200,90,15,0.2704614,4191.30614892256,4191.30614892256,0,1,5389.34801289283,-0.222298107508408
addition_stress_instances,Near,2,8102,8822004,Fixed15,4,1000,995,200,255,15,0.2704614,4191.30614892256,4191.30614892256,0,1,5389.34801289283,-0.222298107508408
addition_stress_instances,Near,2,8102,8822004,Fixed15,4,1500,1490,200,420,15,0.2704614,4045.47915713049,4045.47915713049,0,1,5389.34801289283,-0.249356481071075
addition_stress_instances,Near,2,8102,8822004,Fixed15,4,2500,2480,200,750,15,0.2704614,3862.54927844894,3862.54927844894,0,1,5389.34801289283,-0.283299339881441
addition_stress_instances,Near,2,8102,8822004,Fixed25,4,500,450,200,100,25,0.2520385,4191.30614892256,4191.30614892256,0,1,5389.34801289283,-0.222298107508408
addition_stress_instances,Near,2,8102,8822004,Fixed25,4,1000,1000,200,350,25,0.2520385,3862.54927844894,3862.54927844894,0,1,5389.34801289283,-0.283299339881441
addition_stress_instances,Near,2,8102,8822004,Fixed25,4,1500,1495,200,575,25,0.2520385,3862.54927844894,3862.54927844894,0,1,5389.34801289283,-0.283299339881441
addition_stress_instances,Near,2,8102,8822004,Fixed25,4,2500,2485,200,1025,25,0.2520385,3862.54927844894,3862.54927844894,0,1,5389.34801289283,-0.283299339881441
addition_stress_instances,Near,2,8102,8822004,Fixed35,4,500,490,200,140,35,0.2322192,4191.30614892256,4191.30614892256,0,1,5389.34801289283,-0.222298107508408
addition_stress_instances,Near,2,8102,8822004,Fixed35,4,1000,945,200,385,35,0.2322192,3862.54927844894,3862.54927844894,0,1,5389.34801289283,-0.283299339881441
addition_stress_instances,Near,2,8102,8822004,Fixed35,4,1500,1465,200,665,35,0.2322192,3862.54927844894,3862.54927844894,0,1,5389.34801289283,-0.283299339881441
addition_stress_instances,Near,2,8102,8822004,Fixed35,4,2500,2440,200,1190,35,0.2322192,3862.54927844894,3862.54927844894,0,1,5389.34801289283,-0.283299339881441
addition_stress_instances,Near,2,8102,8822004,Fixed40,4,500,440,200,120,40,0.2523937,4348.17626771932,4348.17626771932,0,1,5389.34801289283,-0.193190668459847
addition_stress_instances,Near,2,8102,8822004,Fixed40,4,1000,1000,200,440,40,0.2523937,3862.54927844894,3862.54927844894,0,1,5389.34801289283,-0.283299339881441
addition_stress_instances,Near,2,8102,8822004,Fixed40,4,1500,1490,200,720,40,0.2523937,3862.54927844894,3862.54927844894,0,1,5389.34801289283,-0.283299339881441
addition_stress_instances,Near,2,8102,8822004,Fixed40,4,2500,2470,200,1280,40,0.2523937,3862.54927844894,3862.54927844894,0,1,5389.34801289283,-0.283299339881441
addition_stress_instances,Near,2,8102,8822004,Adaptive,4,500,450,200,100,25,0.2668718,4191.30614892256,4191.30614892256,0,1,5389.34801289283,-0.222298107508408
addition_stress_instances,Near,2,8102,8822004,Adaptive,4,1000,1000,200,350,25,0.2668718,3862.54927844894,3862.54927844894,0,1,5389.34801289283,-0.283299339881441
addition_stress_instances,Near,2,8102,8822004,Adaptive,4,1500,1495,200,575,25,0.2668718,3862.54927844894,3862.54927844894,0,1,5389.34801289283,-0.283299339881441
addition_stress_instances,Near,2,8102,8822004,Adaptive,4,2500,2500,200,1025,0,0.2668718,3862.54927844894,3862.54927844894,0,1,5389.34801289283,-0.283299339881441
addition_stress_instances,Near,2,8102,8822005,Fixed5,5,500,475,200,35,5,0.2698647,4431.84049191782,4431.84049191782,0,1,5389.34801289283,-0.177666671123183
addition_stress_instances,Near,2,8102,8822005,Fixed5,5,1000,1000,200,110,5,0.2698647,4431.84049191782,4431.84049191782,0,1,5389.34801289283,-0.177666671123183
addition_stress_instances,Near,2,8102,8822005,Fixed5,5,1500,1490,200,180,5,0.2698647,4348.17626771932,4348.17626771932,0,1,5389.34801289283,-0.193190668459847
addition_stress_instances,Near,2,8102,8822005,Fixed5,5,2500,2470,200,320,5,0.2698647,3999.71093762767,3999.71093762767,0,1,5389.34801289283,-0.257848829198033
addition_stress_instances,Near,2,8102,8822005,Fixed15,5,500,500,200,90,15,0.2786856,4431.84049191782,4431.84049191782,0,1,5389.34801289283,-0.177666671123183
addition_stress_instances,Near,2,8102,8822005,Fixed15,5,1000,995,200,255,15,0.2786856,4431.84049191782,4431.84049191782,0,1,5389.34801289283,-0.177666671123183
addition_stress_instances,Near,2,8102,8822005,Fixed15,5,1500,1490,200,420,15,0.2786856,4431.84049191782,4431.84049191782,0,1,5389.34801289283,-0.177666671123183
addition_stress_instances,Near,2,8102,8822005,Fixed15,5,2500,2480,200,750,15,0.2786856,3870.17149149758,3870.17149149758,0,1,5389.34801289283,-0.281885029090895
addition_stress_instances,Near,2,8102,8822005,Fixed25,5,500,450,200,100,25,0.3386577,4312.89729645355,4312.89729645355,0,1,5389.34801289283,-0.199736723971826
addition_stress_instances,Near,2,8102,8822005,Fixed25,5,1000,1000,200,350,25,0.3386577,4226.2326959676,4226.2326959676,0,1,5389.34801289283,-0.215817444734081
addition_stress_instances,Near,2,8102,8822005,Fixed25,5,1500,1495,200,575,25,0.3386577,4226.2326959676,4226.2326959676,0,1,5389.34801289283,-0.215817444734081
addition_stress_instances,Near,2,8102,8822005,Fixed25,5,2500,2485,200,1025,25,0.3386577,3939.45913087082,3939.45913087082,0,1,5389.34801289283,-0.269028624344442
addition_stress_instances,Near,2,8102,8822005,Fixed35,5,500,490,200,140,35,0.3952209,4312.89729645355,4312.89729645355,0,1,5389.34801289283,-0.199736723971826
addition_stress_instances,Near,2,8102,8822005,Fixed35,5,1000,945,200,385,35,0.3952209,4300.7581370048,4300.7581370048,0,1,5389.34801289283,-0.201989159594782
addition_stress_instances,Near,2,8102,8822005,Fixed35,5,1500,1465,200,665,35,0.3952209,3989.46651479832,3989.46651479832,0,1,5389.34801289283,-0.259749694164416
addition_stress_instances,Near,2,8102,8822005,Fixed35,5,2500,2440,200,1190,35,0.3952209,3939.45913087082,3939.45913087082,0,1,5389.34801289283,-0.269028624344442
addition_stress_instances,Near,2,8102,8822005,Fixed40,5,500,440,200,120,40,0.3645061,4360.31542716807,4360.31542716807,0,1,5389.34801289283,-0.19093823283689
addition_stress_instances,Near,2,8102,8822005,Fixed40,5,1000,1000,200,440,40,0.3645061,4300.7581370048,4300.7581370048,0,1,5389.34801289283,-0.201989159594782
addition_stress_instances,Near,2,8102,8822005,Fixed40,5,1500,1490,200,720,40,0.3645061,3989.46651479832,3989.46651479832,0,1,5389.34801289283,-0.259749694164416
addition_stress_instances,Near,2,8102,8822005,Fixed40,5,2500,2470,200,1280,40,0.3645061,3989.46651479832,3989.46651479832,0,1,5389.34801289283,-0.259749694164416
addition_stress_instances,Near,2,8102,8822005,Adaptive,5,500,450,200,100,25,0.3902007,4312.89729645355,4312.89729645355,0,1,5389.34801289283,-0.199736723971826
addition_stress_instances,Near,2,8102,8822005,Adaptive,5,1000,1000,200,350,25,0.3902007,4226.2326959676,4226.2326959676,0,1,5389.34801289283,-0.215817444734081
addition_stress_instances,Near,2,8102,8822005,Adaptive,5,1500,1495,200,575,25,0.3902007,4226.2326959676,4226.2326959676,0,1,5389.34801289283,-0.215817444734081
addition_stress_instances,Near,2,8102,8822005,Adaptive,5,2500,2500,200,1070,1,0.3902007,3939.45913087082,3939.45913087082,0,1,5389.34801289283,-0.269028624344442
addition_stress_instances,Near,4,8104,8824001,Fixed5,1,500,475,200,35,5,0.368223,3728.2273394107,3728.2273394107,0,1,4876.55252165822,-0.235478891521718
addition_stress_instances,Near,4,8104,8824001,Fixed5,1,1000,1000,200,110,5,0.368223,3728.10340544591,3728.10340544591,0,1,4876.55252165822,-0.235504305779894
addition_stress_instances,Near,4,8104,8824001,Fixed5,1,1500,1490,200,180,5,0.368223,3680.68527473139,3680.68527473139,0,1,4876.55252165822,-0.245228005156436
addition_stress_instances,Near,4,8104,8824001,Fixed5,1,2500,2470,200,320,5,0.368223,3680.68527473139,3680.68527473139,0,1,4876.55252165822,-0.245228005156436
addition_stress_instances,Near,4,8104,8824001,Fixed15,1,500,500,200,90,15,0.3430869,3728.2273394107,3728.2273394107,0,1,4876.55252165822,-0.235478891521718
addition_stress_instances,Near,4,8104,8824001,Fixed15,1,1000,995,200,255,15,0.3430869,3728.10340544591,3728.10340544591,0,1,4876.55252165822,-0.235504305779894
addition_stress_instances,Near,4,8104,8824001,Fixed15,1,1500,1490,200,420,15,0.3430869,3728.10340544591,3728.10340544591,0,1,4876.55252165822,-0.235504305779894
addition_stress_instances,Near,4,8104,8824001,Fixed15,1,2500,2480,200,750,15,0.3430869,3680.68527473139,3680.68527473139,0,1,4876.55252165822,-0.245228005156436
addition_stress_instances,Near,4,8104,8824001,Fixed25,1,500,450,200,100,25,0.3202176,3728.2273394107,3728.2273394107,0,1,4876.55252165822,-0.235478891521718
addition_stress_instances,Near,4,8104,8824001,Fixed25,1,1000,1000,200,350,25,0.3202176,3728.10340544591,3728.10340544591,0,1,4876.55252165822,-0.235504305779894
addition_stress_instances,Near,4,8104,8824001,Fixed25,1,1500,1495,200,575,25,0.3202176,3728.10340544591,3728.10340544591,0,1,4876.55252165822,-0.235504305779894
addition_stress_instances,Near,4,8104,8824001,Fixed25,1,2500,2485,200,1025,25,0.3202176,3680.68527473139,3680.68527473139,0,1,4876.55252165822,-0.245228005156436
addition_stress_instances,Near,4,8104,8824001,Fixed35,1,500,490,200,140,35,0.3291082,3728.2273394107,3728.2273394107,0,1,4876.55252165822,-0.235478891521718
addition_stress_instances,Near,4,8104,8824001,Fixed35,1,1000,945,200,385,35,0.3291082,3728.2273394107,3728.2273394107,0,1,4876.55252165822,-0.235478891521718
addition_stress_instances,Near,4,8104,8824001,Fixed35,1,1500,1465,200,665,35,0.3291082,3728.10340544591,3728.10340544591,0,1,4876.55252165822,-0.235504305779894
addition_stress_instances,Near,4,8104,8824001,Fixed35,1,2500,2440,200,1190,35,0.3291082,3680.68527473139,3680.68527473139,0,1,4876.55252165822,-0.245228005156436
addition_stress_instances,Near,4,8104,8824001,Fixed40,1,500,440,200,120,40,0.3142866,3728.2273394107,3728.2273394107,0,1,4876.55252165822,-0.235478891521718
addition_stress_instances,Near,4,8104,8824001,Fixed40,1,1000,1000,200,440,40,0.3142866,3728.2273394107,3728.2273394107,0,1,4876.55252165822,-0.235478891521718
addition_stress_instances,Near,4,8104,8824001,Fixed40,1,1500,1490,200,720,40,0.3142866,3728.10340544591,3728.10340544591,0,1,4876.55252165822,-0.235504305779894
addition_stress_instances,Near,4,8104,8824001,Fixed40,1,2500,2470,200,1280,40,0.3142866,3680.68527473139,3680.68527473139,0,1,4876.55252165822,-0.245228005156436
addition_stress_instances,Near,4,8104,8824001,Adaptive,1,500,450,200,100,25,0.3400734,3728.2273394107,3728.2273394107,0,1,4876.55252165822,-0.235478891521718
addition_stress_instances,Near,4,8104,8824001,Adaptive,1,1000,1000,200,350,25,0.3400734,3728.10340544591,3728.10340544591,0,1,4876.55252165822,-0.235504305779894
addition_stress_instances,Near,4,8104,8824001,Adaptive,1,1500,1495,200,575,25,0.3400734,3728.10340544591,3728.10340544591,0,1,4876.55252165822,-0.235504305779894
addition_stress_instances,Near,4,8104,8824001,Adaptive,1,2500,2500,200,1045,0,0.3400734,3680.68527473139,3680.68527473139,0,1,4876.55252165822,-0.245228005156436
addition_stress_instances,Near,4,8104,8824002,Fixed5,2,500,475,200,35,5,0.3691807,3728.2273394107,3728.2273394107,0,1,4876.55252165822,-0.235478891521718
addition_stress_instances,Near,4,8104,8824002,Fixed5,2,1000,1000,200,110,5,0.3691807,3728.2273394107,3728.2273394107,0,1,4876.55252165822,-0.235478891521718
addition_stress_instances,Near,4,8104,8824002,Fixed5,2,1500,1490,200,180,5,0.3691807,3728.2273394107,3728.2273394107,0,1,4876.55252165822,-0.235478891521718
addition_stress_instances,Near,4,8104,8824002,Fixed5,2,2500,2470,200,320,5,0.3691807,3728.2273394107,3728.2273394107,0,1,4876.55252165822,-0.235478891521718
addition_stress_instances,Near,4,8104,8824002,Fixed15,2,500,500,200,90,15,0.3528603,3728.10340544591,3728.10340544591,0,1,4876.55252165822,-0.235504305779894
addition_stress_instances,Near,4,8104,8824002,Fixed15,2,1000,995,200,255,15,0.3528603,3680.68527473139,3680.68527473139,0,1,4876.55252165822,-0.245228005156436
addition_stress_instances,Near,4,8104,8824002,Fixed15,2,1500,1490,200,420,15,0.3528603,3680.68527473139,3680.68527473139,0,1,4876.55252165822,-0.245228005156436
addition_stress_instances,Near,4,8104,8824002,Fixed15,2,2500,2480,200,750,15,0.3528603,3680.68527473139,3680.68527473139,0,1,4876.55252165822,-0.245228005156436
addition_stress_instances,Near,4,8104,8824002,Fixed25,2,500,450,200,100,25,0.3357397,3728.2273394107,3728.2273394107,0,1,4876.55252165822,-0.235478891521718
addition_stress_instances,Near,4,8104,8824002,Fixed25,2,1000,1000,200,350,25,0.3357397,3680.68527473139,3680.68527473139,0,1,4876.55252165822,-0.245228005156436
addition_stress_instances,Near,4,8104,8824002,Fixed25,2,1500,1495,200,575,25,0.3357397,3680.68527473139,3680.68527473139,0,1,4876.55252165822,-0.245228005156436
addition_stress_instances,Near,4,8104,8824002,Fixed25,2,2500,2485,200,1025,25,0.3357397,3680.68527473139,3680.68527473139,0,1,4876.55252165822,-0.245228005156436
addition_stress_instances,Near,4,8104,8824002,Fixed35,2,500,490,200,140,35,0.334648,3728.2273394107,3728.2273394107,0,1,4876.55252165822,-0.235478891521718
addition_stress_instances,Near,4,8104,8824002,Fixed35,2,1000,945,200,385,35,0.334648,3728.10340544591,3728.10340544591,0,1,4876.55252165822,-0.235504305779894
addition_stress_instances,Near,4,8104,8824002,Fixed35,2,1500,1465,200,665,35,0.334648,3680.68527473139,3680.68527473139,0,1,4876.55252165822,-0.245228005156436
addition_stress_instances,Near,4,8104,8824002,Fixed35,2,2500,2440,200,1190,35,0.334648,3680.68527473139,3680.68527473139,0,1,4876.55252165822,-0.245228005156436
addition_stress_instances,Near,4,8104,8824002,Fixed40,2,500,440,200,120,40,0.3229819,3728.2273394107,3728.2273394107,0,1,4876.55252165822,-0.235478891521718
addition_stress_instances,Near,4,8104,8824002,Fixed40,2,1000,1000,200,440,40,0.3229819,3728.10340544591,3728.10340544591,0,1,4876.55252165822,-0.235504305779894
addition_stress_instances,Near,4,8104,8824002,Fixed40,2,1500,1490,200,720,40,0.3229819,3680.68527473139,3680.68527473139,0,1,4876.55252165822,-0.245228005156436
addition_stress_instances,Near,4,8104,8824002,Fixed40,2,2500,2470,200,1280,40,0.3229819,3680.68527473139,3680.68527473139,0,1,4876.55252165822,-0.245228005156436
addition_stress_instances,Near,4,8104,8824002,Adaptive,2,500,450,200,100,25,0.3431876,3728.2273394107,3728.2273394107,0,1,4876.55252165822,-0.235478891521718
addition_stress_instances,Near,4,8104,8824002,Adaptive,2,1000,1000,200,350,25,0.3431876,3680.68527473139,3680.68527473139,0,1,4876.55252165822,-0.245228005156436
addition_stress_instances,Near,4,8104,8824002,Adaptive,2,1500,1495,200,575,25,0.3431876,3680.68527473139,3680.68527473139,0,1,4876.55252165822,-0.245228005156436
addition_stress_instances,Near,4,8104,8824002,Adaptive,2,2500,2500,200,1025,0,0.3431876,3680.68527473139,3680.68527473139,0,1,4876.55252165822,-0.245228005156436
addition_stress_instances,Near,4,8104,8824003,Fixed5,3,500,475,200,35,5,0.3812191,3728.2273394107,3728.2273394107,0,1,4876.55252165822,-0.235478891521718
addition_stress_instances,Near,4,8104,8824003,Fixed5,3,1000,1000,200,110,5,0.3812191,3728.2273394107,3728.2273394107,0,1,4876.55252165822,-0.235478891521718
addition_stress_instances,Near,4,8104,8824003,Fixed5,3,1500,1490,200,180,5,0.3812191,3728.2273394107,3728.2273394107,0,1,4876.55252165822,-0.235478891521718
addition_stress_instances,Near,4,8104,8824003,Fixed5,3,2500,2470,200,320,5,0.3812191,3728.2273394107,3728.2273394107,0,1,4876.55252165822,-0.235478891521718
addition_stress_instances,Near,4,8104,8824003,Fixed15,3,500,500,200,90,15,0.374928,3746.05599865188,3746.05599865188,0,1,4876.55252165822,-0.231822894962264
addition_stress_instances,Near,4,8104,8824003,Fixed15,3,1000,995,200,255,15,0.374928,3728.10340544591,3728.10340544591,0,1,4876.55252165822,-0.235504305779894
addition_stress_instances,Near,4,8104,8824003,Fixed15,3,1500,1490,200,420,15,0.374928,3728.10340544591,3728.10340544591,0,1,4876.55252165822,-0.235504305779894
addition_stress_instances,Near,4,8104,8824003,Fixed15,3,2500,2480,200,750,15,0.374928,3680.68527473139,3680.68527473139,0,1,4876.55252165822,-0.245228005156436
addition_stress_instances,Near,4,8104,8824003,Fixed25,3,500,450,200,100,25,0.4232921,3698.51393397257,3698.51393397257,0,1,4876.55252165822,-0.241572008596982
addition_stress_instances,Near,4,8104,8824003,Fixed25,3,1000,1000,200,350,25,0.4232921,3698.51393397257,3698.51393397257,0,1,4876.55252165822,-0.241572008596982
addition_stress_instances,Near,4,8104,8824003,Fixed25,3,1500,1495,200,575,25,0.4232921,3698.51393397257,3698.51393397257,0,1,4876.55252165822,-0.241572008596982
addition_stress_instances,Near,4,8104,8824003,Fixed25,3,2500,2485,200,1025,25,0.4232921,3698.51393397257,3698.51393397257,0,1,4876.55252165822,-0.241572008596982
addition_stress_instances,Near,4,8104,8824003,Fixed35,3,500,490,200,140,35,0.321894,3698.51393397257,3698.51393397257,0,1,4876.55252165822,-0.241572008596982
addition_stress_instances,Near,4,8104,8824003,Fixed35,3,1000,945,200,385,35,0.321894,3698.51393397257,3698.51393397257,0,1,4876.55252165822,-0.241572008596982
addition_stress_instances,Near,4,8104,8824003,Fixed35,3,1500,1465,200,665,35,0.321894,3698.51393397257,3698.51393397257,0,1,4876.55252165822,-0.241572008596982
addition_stress_instances,Near,4,8104,8824003,Fixed35,3,2500,2440,200,1190,35,0.321894,3698.51393397257,3698.51393397257,0,1,4876.55252165822,-0.241572008596982
addition_stress_instances,Near,4,8104,8824003,Fixed40,3,500,440,200,120,40,0.315268,3698.63786793736,3698.63786793736,0,1,4876.55252165822,-0.241546594338806
addition_stress_instances,Near,4,8104,8824003,Fixed40,3,1000,1000,200,440,40,0.315268,3698.51393397257,3698.51393397257,0,1,4876.55252165822,-0.241572008596982
addition_stress_instances,Near,4,8104,8824003,Fixed40,3,1500,1490,200,720,40,0.315268,3698.51393397257,3698.51393397257,0,1,4876.55252165822,-0.241572008596982
addition_stress_instances,Near,4,8104,8824003,Fixed40,3,2500,2470,200,1280,40,0.315268,3698.51393397257,3698.51393397257,0,1,4876.55252165822,-0.241572008596982
addition_stress_instances,Near,4,8104,8824003,Adaptive,3,500,450,200,100,25,0.333239,3698.51393397257,3698.51393397257,0,1,4876.55252165822,-0.241572008596982
addition_stress_instances,Near,4,8104,8824003,Adaptive,3,1000,1000,200,350,25,0.333239,3698.51393397257,3698.51393397257,0,1,4876.55252165822,-0.241572008596982
addition_stress_instances,Near,4,8104,8824003,Adaptive,3,1500,1495,200,575,25,0.333239,3698.51393397257,3698.51393397257,0,1,4876.55252165822,-0.241572008596982
addition_stress_instances,Near,4,8104,8824003,Adaptive,3,2500,2500,200,1025,0,0.333239,3698.51393397257,3698.51393397257,0,1,4876.55252165822,-0.241572008596982
addition_stress_instances,Near,4,8104,8824004,Fixed5,4,500,475,200,35,5,0.3853084,3728.2273394107,3728.2273394107,0,1,4876.55252165822,-0.235478891521718
addition_stress_instances,Near,4,8104,8824004,Fixed5,4,1000,1000,200,110,5,0.3853084,3728.10340544591,3728.10340544591,0,1,4876.55252165822,-0.235504305779894
addition_stress_instances,Near,4,8104,8824004,Fixed5,4,1500,1490,200,180,5,0.3853084,3680.68527473139,3680.68527473139,0,1,4876.55252165822,-0.245228005156436
addition_stress_instances,Near,4,8104,8824004,Fixed5,4,2500,2470,200,320,5,0.3853084,3680.68527473139,3680.68527473139,0,1,4876.55252165822,-0.245228005156436
addition_stress_instances,Near,4,8104,8824004,Fixed15,4,500,500,200,90,15,0.3338433,3728.10340544591,3728.10340544591,0,1,4876.55252165822,-0.235504305779894
addition_stress_instances,Near,4,8104,8824004,Fixed15,4,1000,995,200,255,15,0.3338433,3728.10340544591,3728.10340544591,0,1,4876.55252165822,-0.235504305779894
addition_stress_instances,Near,4,8104,8824004,Fixed15,4,1500,1490,200,420,15,0.3338433,3728.10340544591,3728.10340544591,0,1,4876.55252165822,-0.235504305779894
addition_stress_instances,Near,4,8104,8824004,Fixed15,4,2500,2480,200,750,15,0.3338433,3680.68527473139,3680.68527473139,0,1,4876.55252165822,-0.245228005156436
addition_stress_instances,Near,4,8104,8824004,Fixed25,4,500,450,200,100,25,0.3182078,3728.10340544591,3728.10340544591,0,1,4876.55252165822,-0.235504305779894
addition_stress_instances,Near,4,8104,8824004,Fixed25,4,1000,1000,200,350,25,0.3182078,3728.10340544591,3728.10340544591,0,1,4876.55252165822,-0.235504305779894
addition_stress_instances,Near,4,8104,8824004,Fixed25,4,1500,1495,200,575,25,0.3182078,3728.10340544591,3728.10340544591,0,1,4876.55252165822,-0.235504305779894
addition_stress_instances,Near,4,8104,8824004,Fixed25,4,2500,2485,200,1025,25,0.3182078,3680.68527473139,3680.68527473139,0,1,4876.55252165822,-0.245228005156436
addition_stress_instances,Near,4,8104,8824004,Fixed35,4,500,490,200,140,35,0.3180045,3728.10340544591,3728.10340544591,0,1,4876.55252165822,-0.235504305779894
addition_stress_instances,Near,4,8104,8824004,Fixed35,4,1000,945,200,385,35,0.3180045,3728.10340544591,3728.10340544591,0,1,4876.55252165822,-0.235504305779894
addition_stress_instances,Near,4,8104,8824004,Fixed35,4,1500,1465,200,665,35,0.3180045,3728.10340544591,3728.10340544591,0,1,4876.55252165822,-0.235504305779894
addition_stress_instances,Near,4,8104,8824004,Fixed35,4,2500,2440,200,1190,35,0.3180045,3680.68527473139,3680.68527473139,0,1,4876.55252165822,-0.245228005156436
addition_stress_instances,Near,4,8104,8824004,Fixed40,4,500,440,200,120,40,0.3175415,3728.10340544591,3728.10340544591,0,1,4876.55252165822,-0.235504305779894
addition_stress_instances,Near,4,8104,8824004,Fixed40,4,1000,1000,200,440,40,0.3175415,3728.10340544591,3728.10340544591,0,1,4876.55252165822,-0.235504305779894
addition_stress_instances,Near,4,8104,8824004,Fixed40,4,1500,1490,200,720,40,0.3175415,3728.10340544591,3728.10340544591,0,1,4876.55252165822,-0.235504305779894
addition_stress_instances,Near,4,8104,8824004,Fixed40,4,2500,2470,200,1280,40,0.3175415,3680.68527473139,3680.68527473139,0,1,4876.55252165822,-0.245228005156436
addition_stress_instances,Near,4,8104,8824004,Adaptive,4,500,450,200,100,25,0.3321142,3728.10340544591,3728.10340544591,0,1,4876.55252165822,-0.235504305779894
addition_stress_instances,Near,4,8104,8824004,Adaptive,4,1000,1000,200,350,25,0.3321142,3728.10340544591,3728.10340544591,0,1,4876.55252165822,-0.235504305779894
addition_stress_instances,Near,4,8104,8824004,Adaptive,4,1500,1495,200,575,25,0.3321142,3728.10340544591,3728.10340544591,0,1,4876.55252165822,-0.235504305779894
addition_stress_instances,Near,4,8104,8824004,Adaptive,4,2500,2500,200,1048,0,0.3321142,3680.68527473139,3680.68527473139,0,1,4876.55252165822,-0.245228005156436
addition_stress_instances,Near,4,8104,8824005,Fixed5,5,500,475,200,35,5,0.3681705,3748.45049760183,3748.45049760183,0,1,4876.55252165822,-0.231331872064569
addition_stress_instances,Near,4,8104,8824005,Fixed5,5,1000,1000,200,110,5,0.3681705,3748.45049760183,3748.45049760183,0,1,4876.55252165822,-0.231331872064569
addition_stress_instances,Near,4,8104,8824005,Fixed5,5,1500,1490,200,180,5,0.3681705,3745.93206468709,3745.93206468709,0,1,4876.55252165822,-0.23184830922044
addition_stress_instances,Near,4,8104,8824005,Fixed5,5,2500,2470,200,320,5,0.3681705,3745.93206468709,3745.93206468709,0,1,4876.55252165822,-0.23184830922044
addition_stress_instances,Near,4,8104,8824005,Fixed15,5,500,500,200,90,15,0.343015,3748.45049760183,3748.45049760183,0,1,4876.55252165822,-0.231331872064569
addition_stress_instances,Near,4,8104,8824005,Fixed15,5,1000,995,200,255,15,0.343015,3748.45049760183,3748.45049760183,0,1,4876.55252165822,-0.231331872064569
addition_stress_instances,Near,4,8104,8824005,Fixed15,5,1500,1490,200,420,15,0.343015,3698.51393397257,3698.51393397257,0,1,4876.55252165822,-0.241572008596982
addition_stress_instances,Near,4,8104,8824005,Fixed15,5,2500,2480,200,750,15,0.343015,3698.51393397257,3698.51393397257,0,1,4876.55252165822,-0.241572008596982
addition_stress_instances,Near,4,8104,8824005,Fixed25,5,500,450,200,100,25,0.3234722,3748.45049760183,3748.45049760183,0,1,4876.55252165822,-0.231331872064569
addition_stress_instances,Near,4,8104,8824005,Fixed25,5,1000,1000,200,350,25,0.3234722,3698.51393397257,3698.51393397257,0,1,4876.55252165822,-0.241572008596982
addition_stress_instances,Near,4,8104,8824005,Fixed25,5,1500,1495,200,575,25,0.3234722,3698.51393397257,3698.51393397257,0,1,4876.55252165822,-0.241572008596982
addition_stress_instances,Near,4,8104,8824005,Fixed25,5,2500,2485,200,1025,25,0.3234722,3698.51393397257,3698.51393397257,0,1,4876.55252165822,-0.241572008596982
addition_stress_instances,Near,4,8104,8824005,Fixed35,5,500,490,200,140,35,0.3097195,3745.93206468709,3745.93206468709,0,1,4876.55252165822,-0.23184830922044
addition_stress_instances,Near,4,8104,8824005,Fixed35,5,1000,945,200,385,35,0.3097195,3745.93206468709,3745.93206468709,0,1,4876.55252165822,-0.23184830922044
addition_stress_instances,Near,4,8104,8824005,Fixed35,5,1500,1465,200,665,35,0.3097195,3698.51393397257,3698.51393397257,0,1,4876.55252165822,-0.241572008596982
addition_stress_instances,Near,4,8104,8824005,Fixed35,5,2500,2440,200,1190,35,0.3097195,3698.51393397257,3698.51393397257,0,1,4876.55252165822,-0.241572008596982
addition_stress_instances,Near,4,8104,8824005,Fixed40,5,500,440,200,120,40,0.322925,3745.93206468709,3745.93206468709,0,1,4876.55252165822,-0.23184830922044
addition_stress_instances,Near,4,8104,8824005,Fixed40,5,1000,1000,200,440,40,0.322925,3745.93206468709,3745.93206468709,0,1,4876.55252165822,-0.23184830922044
addition_stress_instances,Near,4,8104,8824005,Fixed40,5,1500,1490,200,720,40,0.322925,3698.51393397257,3698.51393397257,0,1,4876.55252165822,-0.241572008596982
addition_stress_instances,Near,4,8104,8824005,Fixed40,5,2500,2470,200,1280,40,0.322925,3698.51393397257,3698.51393397257,0,1,4876.55252165822,-0.241572008596982
addition_stress_instances,Near,4,8104,8824005,Adaptive,5,500,450,200,100,25,0.3383968,3748.45049760183,3748.45049760183,0,1,4876.55252165822,-0.231331872064569
addition_stress_instances,Near,4,8104,8824005,Adaptive,5,1000,1000,200,350,25,0.3383968,3698.51393397257,3698.51393397257,0,1,4876.55252165822,-0.241572008596982
addition_stress_instances,Near,4,8104,8824005,Adaptive,5,1500,1495,200,575,25,0.3383968,3698.51393397257,3698.51393397257,0,1,4876.55252165822,-0.241572008596982
addition_stress_instances,Near,4,8104,8824005,Adaptive,5,2500,2500,200,1025,0,0.3383968,3698.51393397257,3698.51393397257,0,1,4876.55252165822,-0.241572008596982
addition_stress_instances,Tight,1,8301,9021001,Fixed5,1,500,475,200,35,5,0.3643705,4282.33743278659,4282.33743278659,0,1,5260.35770335712,-0.185922769082103
addition_stress_instances,Tight,1,8301,9021001,Fixed5,1,1000,1000,200,110,5,0.3643705,4103.73414341278,4103.73414341278,0,1,5260.35770335712,-0.219875458128294
addition_stress_instances,Tight,1,8301,9021001,Fixed5,1,1500,1490,200,180,5,0.3643705,4021.23792981428,4021.23792981428,0,1,5260.35770335712,-0.235558082438394
addition_stress_instances,Tight,1,8301,9021001,Fixed5,1,2500,2470,200,320,5,0.3643705,3827.1865215798,3827.1865215798,0,1,5260.35770335712,-0.272447476501966
addition_stress_instances,Tight,1,8301,9021001,Fixed15,1,500,500,200,90,15,0.3418893,4282.33743278659,4282.33743278659,0,1,5260.35770335712,-0.185922769082103
addition_stress_instances,Tight,1,8301,9021001,Fixed15,1,1000,995,200,255,15,0.3418893,3891.96481364809,3891.96481364809,0,1,5260.35770335712,-0.260133049285933
addition_stress_instances,Tight,1,8301,9021001,Fixed15,1,1500,1490,200,420,15,0.3418893,3844.54668293357,3844.54668293357,0,1,5260.35770335712,-0.269147290025542
addition_stress_instances,Tight,1,8301,9021001,Fixed15,1,2500,2480,200,750,15,0.3418893,3844.54668293357,3844.54668293357,0,1,5260.35770335712,-0.269147290025542
addition_stress_instances,Tight,1,8301,9021001,Fixed25,1,500,450,200,100,25,0.3349893,3996.22357365003,3996.22357365003,0,1,5260.35770335712,-0.240313340079579
addition_stress_instances,Tight,1,8301,9021001,Fixed25,1,1000,1000,200,350,25,0.3349893,3891.96481364809,3891.96481364809,0,1,5260.35770335712,-0.260133049285933
addition_stress_instances,Tight,1,8301,9021001,Fixed25,1,1500,1495,200,575,25,0.3349893,3844.54668293357,3844.54668293357,0,1,5260.35770335712,-0.269147290025542
addition_stress_instances,Tight,1,8301,9021001,Fixed25,1,2500,2485,200,1025,25,0.3349893,3779.76839086528,3779.76839086528,0,1,5260.35770335712,-0.281461717241575
addition_stress_instances,Tight,1,8301,9021001,Fixed35,1,500,490,200,140,35,0.3353181,3996.22357365003,3996.22357365003,0,1,5260.35770335712,-0.240313340079579
addition_stress_instances,Tight,1,8301,9021001,Fixed35,1,1000,945,200,385,35,0.3353181,3891.96481364809,3891.96481364809,0,1,5260.35770335712,-0.260133049285933
addition_stress_instances,Tight,1,8301,9021001,Fixed35,1,1500,1465,200,665,35,0.3353181,3844.54668293357,3844.54668293357,0,1,5260.35770335712,-0.269147290025542
addition_stress_instances,Tight,1,8301,9021001,Fixed35,1,2500,2440,200,1190,35,0.3353181,3714.80433753805,3714.80433753805,0,1,5260.35770335712,-0.293811457884833
addition_stress_instances,Tight,1,8301,9021001,Fixed40,1,500,440,200,120,40,0.3049518,4272.33570207771,4272.33570207771,0,1,5260.35770335712,-0.187824109499029
addition_stress_instances,Tight,1,8301,9021001,Fixed40,1,1000,1000,200,440,40,0.3049518,3891.96481364809,3891.96481364809,0,1,5260.35770335712,-0.260133049285933
addition_stress_instances,Tight,1,8301,9021001,Fixed40,1,1500,1490,200,720,40,0.3049518,3844.54668293357,3844.54668293357,0,1,5260.35770335712,-0.269147290025542
addition_stress_instances,Tight,1,8301,9021001,Fixed40,1,2500,2470,200,1280,40,0.3049518,3714.80433753805,3714.80433753805,0,1,5260.35770335712,-0.293811457884833
addition_stress_instances,Tight,1,8301,9021001,Adaptive,1,500,450,200,100,25,0.3462455,3996.22357365003,3996.22357365003,0,1,5260.35770335712,-0.240313340079579
addition_stress_instances,Tight,1,8301,9021001,Adaptive,1,1000,1000,200,350,25,0.3462455,3891.96481364809,3891.96481364809,0,1,5260.35770335712,-0.260133049285933
addition_stress_instances,Tight,1,8301,9021001,Adaptive,1,1500,1495,200,575,25,0.3462455,3844.54668293357,3844.54668293357,0,1,5260.35770335712,-0.269147290025542
addition_stress_instances,Tight,1,8301,9021001,Adaptive,1,2500,2500,200,1040,10,0.3462455,3779.76839086528,3779.76839086528,0,1,5260.35770335712,-0.281461717241575
addition_stress_instances,Tight,1,8301,9021002,Fixed5,2,500,475,200,35,5,0.3606739,4282.33743278659,4282.33743278659,0,1,5260.35770335712,-0.185922769082103
addition_stress_instances,Tight,1,8301,9021002,Fixed5,2,1000,1000,200,110,5,0.3606739,4178.07867278465,4178.07867278465,0,1,5260.35770335712,-0.205742478288457
addition_stress_instances,Tight,1,8301,9021002,Fixed5,2,1500,1490,200,180,5,0.3606739,4168.07694207577,4168.07694207577,0,1,5260.35770335712,-0.207643818705383
addition_stress_instances,Tight,1,8301,9021002,Fixed5,2,2500,2470,200,320,5,0.3606739,4168.07694207577,4168.07694207577,0,1,5260.35770335712,-0.207643818705383
addition_stress_instances,Tight,1,8301,9021002,Fixed15,2,500,500,200,90,15,0.343534,4168.07694207577,4168.07694207577,0,1,5260.35770335712,-0.207643818705383
addition_stress_instances,Tight,1,8301,9021002,Fixed15,2,1000,995,200,255,15,0.343534,4168.07694207577,4168.07694207577,0,1,5260.35770335712,-0.207643818705383
addition_stress_instances,Tight,1,8301,9021002,Fixed15,2,1500,1490,200,420,15,0.343534,4168.07694207577,4168.07694207577,0,1,5260.35770335712,-0.207643818705383
addition_stress_instances,Tight,1,8301,9021002,Fixed15,2,2500,2480,200,750,15,0.343534,4168.07694207577,4168.07694207577,0,1,5260.35770335712,-0.207643818705383
addition_stress_instances,Tight,1,8301,9021002,Fixed25,2,500,450,200,100,25,0.3385574,4272.33570207771,4272.33570207771,0,1,5260.35770335712,-0.187824109499029
addition_stress_instances,Tight,1,8301,9021002,Fixed25,2,1000,1000,200,350,25,0.3385574,4168.07694207577,4168.07694207577,0,1,5260.35770335712,-0.207643818705383
addition_stress_instances,Tight,1,8301,9021002,Fixed25,2,1500,1495,200,575,25,0.3385574,4168.07694207577,4168.07694207577,0,1,5260.35770335712,-0.207643818705383
addition_stress_instances,Tight,1,8301,9021002,Fixed25,2,2500,2485,200,1025,25,0.3385574,3779.76839086528,3779.76839086528,0,1,5260.35770335712,-0.281461717241575
addition_stress_instances,Tight,1,8301,9021002,Fixed35,2,500,490,200,140,35,0.311783,4170.83118241802,4170.83118241802,0,1,5260.35770335712,-0.207120234474506
addition_stress_instances,Tight,1,8301,9021002,Fixed35,2,1000,945,200,385,35,0.311783,3851.07840570167,3851.07840570167,0,1,5260.35770335712,-0.267905602076463
addition_stress_instances,Tight,1,8301,9021002,Fixed35,2,1500,1465,200,665,35,0.311783,3704.82758142226,3704.82758142226,0,1,5260.35770335712,-0.295708050603124
addition_stress_instances,Tight,1,8301,9021002,Fixed35,2,2500,2440,200,1190,35,0.311783,3704.82758142226,3704.82758142226,0,1,5260.35770335712,-0.295708050603124
addition_stress_instances,Tight,1,8301,9021002,Fixed40,2,500,440,200,120,40,0.3084262,4170.83118241802,4170.83118241802,0,1,5260.35770335712,-0.207120234474506
addition_stress_instances,Tight,1,8301,9021002,Fixed40,2,1000,1000,200,440,40,0.3084262,3714.80433753805,3714.80433753805,0,1,5260.35770335712,-0.293811457884833
addition_stress_instances,Tight,1,8301,9021002,Fixed40,2,1500,1490,200,720,40,0.3084262,3704.82758142226,3704.82758142226,0,1,5260.35770335712,-0.295708050603124
addition_stress_instances,Tight,1,8301,9021002,Fixed40,2,2500,2470,200,1280,40,0.3084262,3704.82758142226,3704.82758142226,0,1,5260.35770335712,-0.295708050603124
addition_stress_instances,Tight,1,8301,9021002,Adaptive,2,500,450,200,100,25,0.3399572,4272.33570207771,4272.33570207771,0,1,5260.35770335712,-0.187824109499029
addition_stress_instances,Tight,1,8301,9021002,Adaptive,2,1000,1000,200,350,25,0.3399572,4168.07694207577,4168.07694207577,0,1,5260.35770335712,-0.207643818705383
addition_stress_instances,Tight,1,8301,9021002,Adaptive,2,1500,1495,200,575,25,0.3399572,4168.07694207577,4168.07694207577,0,1,5260.35770335712,-0.207643818705383
addition_stress_instances,Tight,1,8301,9021002,Adaptive,2,2500,2500,200,1070,17,0.3399572,3779.76839086528,3779.76839086528,0,1,5260.35770335712,-0.281461717241575
addition_stress_instances,Tight,1,8301,9021003,Fixed5,3,500,475,200,35,5,0.3608394,4251.83316513849,4251.83316513849,0,1,5260.35770335712,-0.191721665158816
addition_stress_instances,Tight,1,8301,9021003,Fixed5,3,1000,1000,200,110,5,0.3608394,3898.4965364162,3898.4965364162,0,1,5260.35770335712,-0.258891361336853
addition_stress_instances,Tight,1,8301,9021003,Fixed5,3,1500,1490,200,180,5,0.3608394,3898.4965364162,3898.4965364162,0,1,5260.35770335712,-0.258891361336853
addition_stress_instances,Tight,1,8301,9021003,Fixed5,3,2500,2470,200,320,5,0.3608394,3898.4965364162,3898.4965364162,0,1,5260.35770335712,-0.258891361336853
addition_stress_instances,Tight,1,8301,9021003,Fixed15,3,500,500,200,90,15,0.3386274,4251.83316513849,4251.83316513849,0,1,5260.35770335712,-0.191721665158816
addition_stress_instances,Tight,1,8301,9021003,Fixed15,3,1000,995,200,255,15,0.3386274,3841.10164958588,3841.10164958588,0,1,5260.35770335712,-0.269802194794754
addition_stress_instances,Tight,1,8301,9021003,Fixed15,3,1500,1490,200,420,15,0.3386274,3841.10164958588,3841.10164958588,0,1,5260.35770335712,-0.269802194794754
addition_stress_instances,Tight,1,8301,9021003,Fixed15,3,2500,2480,200,750,15,0.3386274,3841.10164958588,3841.10164958588,0,1,5260.35770335712,-0.269802194794754
addition_stress_instances,Tight,1,8301,9021003,Fixed25,3,500,450,200,100,25,0.3337188,4181.40959978525,4181.40959978525,0,1,5260.35770335712,-0.205109265265991
addition_stress_instances,Tight,1,8301,9021003,Fixed25,3,1000,1000,200,350,25,0.3337188,4070.65398749826,4070.65398749826,0,1,5260.35770335712,-0.226164033502817
addition_stress_instances,Tight,1,8301,9021003,Fixed25,3,1500,1495,200,575,25,0.3337188,3945.49862146836,3945.49862146836,0,1,5260.35770335712,-0.249956211352248
addition_stress_instances,Tight,1,8301,9021003,Fixed25,3,2500,2485,200,1025,25,0.3337188,3689.37066411146,3689.37066411146,0,1,5260.35770335712,-0.298646428215912
addition_stress_instances,Tight,1,8301,9021003,Fixed35,3,500,490,200,140,35,0.3186075,4181.40959978525,4181.40959978525,0,1,5260.35770335712,-0.205109265265991
addition_stress_instances,Tight,1,8301,9021003,Fixed35,3,1000,945,200,385,35,0.3186075,4038.65263663757,4038.65263663757,0,1,5260.35770335712,-0.232247526805994
addition_stress_instances,Tight,1,8301,9021003,Fixed35,3,1500,1465,200,665,35,0.3186075,3742.32928137541,3742.32928137541,0,1,5260.35770335712,-0.288578934663116
addition_stress_instances,Tight,1,8301,9021003,Fixed35,3,2500,2440,200,1190,35,0.3186075,3689.37066411146,3689.37066411146,0,1,5260.35770335712,-0.298646428215912
addition_stress_instances,Tight,1,8301,9021003,Fixed40,3,500,440,200,120,40,0.3115848,4180.80677870319,4180.80677870319,0,1,5260.35770335712,-0.205223862241339
addition_stress_instances,Tight,1,8301,9021003,Fixed40,3,1000,1000,200,440,40,0.3115848,3891.96481364809,3891.96481364809,0,1,5260.35770335712,-0.260133049285933
addition_stress_instances,Tight,1,8301,9021003,Fixed40,3,1500,1490,200,720,40,0.3115848,3779.76839086528,3779.76839086528,0,1,5260.35770335712,-0.281461717241575
addition_stress_instances,Tight,1,8301,9021003,Fixed40,3,2500,2470,200,1280,40,0.3115848,3714.80433753805,3714.80433753805,0,1,5260.35770335712,-0.293811457884833
addition_stress_instances,Tight,1,8301,9021003,Adaptive,3,500,450,200,100,25,0.3395272,4181.40959978525,4181.40959978525,0,1,5260.35770335712,-0.205109265265991
addition_stress_instances,Tight,1,8301,9021003,Adaptive,3,1000,1000,200,350,25,0.3395272,4070.65398749826,4070.65398749826,0,1,5260.35770335712,-0.226164033502817
addition_stress_instances,Tight,1,8301,9021003,Adaptive,3,1500,1496,200,576,26,0.3395272,3945.49862146836,3945.49862146836,0,1,5260.35770335712,-0.249956211352248
addition_stress_instances,Tight,1,8301,9021003,Adaptive,3,2500,2500,200,1074,0,0.3395272,3689.37066411146,3689.37066411146,0,1,5260.35770335712,-0.298646428215912
addition_stress_instances,Tight,1,8301,9021004,Fixed5,4,500,475,200,35,5,0.3899782,4181.40959978525,4181.40959978525,0,1,5260.35770335712,-0.205109265265991
addition_stress_instances,Tight,1,8301,9021004,Fixed5,4,1000,1000,200,110,5,0.3899782,3973.43419219589,3973.43419219589,0,1,5260.35770335712,-0.244645627490299
addition_stress_instances,Tight,1,8301,9021004,Fixed5,4,1500,1490,200,180,5,0.3899782,3704.82758142226,3704.82758142226,0,1,5260.35770335712,-0.295708050603124
addition_stress_instances,Tight,1,8301,9021004,Fixed5,4,2500,2470,200,320,5,0.3899782,3689.37066411146,3689.37066411146,0,1,5260.35770335712,-0.298646428215912
addition_stress_instances,Tight,1,8301,9021004,Fixed15,4,500,500,200,90,15,0.3370609,4181.40959978525,4181.40959978525,0,1,5260.35770335712,-0.205109265265991
addition_stress_instances,Tight,1,8301,9021004,Fixed15,4,1000,995,200,255,15,0.3370609,3848.94950009745,3848.94950009745,0,1,5260.35770335712,-0.268310309460309
addition_stress_instances,Tight,1,8301,9021004,Fixed15,4,1500,1490,200,420,15,0.3370609,3848.94950009745,3848.94950009745,0,1,5260.35770335712,-0.268310309460309
addition_stress_instances,Tight,1,8301,9021004,Fixed15,4,2500,2480,200,750,15,0.3370609,3724.02192091807,3724.02192091807,0,1,5260.35770335712,-0.292059184769616
addition_stress_instances,Tight,1,8301,9021004,Fixed25,4,500,450,200,100,25,0.3317225,4181.40959978525,4181.40959978525,0,1,5260.35770335712,-0.205109265265991
addition_stress_instances,Tight,1,8301,9021004,Fixed25,4,1000,1000,200,350,25,0.3317225,3912.12803602118,3912.12803602118,0,1,5260.35770335712,-0.256299997712231
addition_stress_instances,Tight,1,8301,9021004,Fixed25,4,1500,1495,200,575,25,0.3317225,3912.12803602118,3912.12803602118,0,1,5260.35770335712,-0.256299997712231
addition_stress_instances,Tight,1,8301,9021004,Fixed25,4,2500,2485,200,1025,25,0.3317225,3704.82758142226,3704.82758142226,0,1,5260.35770335712,-0.295708050603124
addition_stress_instances,Tight,1,8301,9021004,Fixed35,4,500,490,200,140,35,0.3234275,4021.23792981428,4021.23792981428,0,1,5260.35770335712,-0.235558082438394
addition_stress_instances,Tight,1,8301,9021004,Fixed35,4,1000,945,200,385,35,0.3234275,3954.37599963327,3954.37599963327,0,1,5260.35770335712,-0.248268611636502
addition_stress_instances,Tight,1,8301,9021004,Fixed35,4,1500,1465,200,665,35,0.3234275,3699.34742022725,3699.34742022725,0,1,5260.35770335712,-0.296749835497621
addition_stress_instances,Tight,1,8301,9021004,Fixed35,4,2500,2440,200,1190,35,0.3234275,3689.37066411146,3689.37066411146,0,1,5260.35770335712,-0.298646428215912
addition_stress_instances,Tight,1,8301,9021004,Fixed40,4,500,440,200,120,40,0.3156655,4073.49535895982,4073.49535895982,0,1,5260.35770335712,-0.225623885546767
addition_stress_instances,Tight,1,8301,9021004,Fixed40,4,1000,1000,200,440,40,0.3156655,3954.37599963327,3954.37599963327,0,1,5260.35770335712,-0.248268611636502
addition_stress_instances,Tight,1,8301,9021004,Fixed40,4,1500,1490,200,720,40,0.3156655,3699.34742022725,3699.34742022725,0,1,5260.35770335712,-0.296749835497621
addition_stress_instances,Tight,1,8301,9021004,Fixed40,4,2500,2470,200,1280,40,0.3156655,3689.37066411146,3689.37066411146,0,1,5260.35770335712,-0.298646428215912
addition_stress_instances,Tight,1,8301,9021004,Adaptive,4,500,450,200,100,25,0.3693935,4181.40959978525,4181.40959978525,0,1,5260.35770335712,-0.205109265265991
addition_stress_instances,Tight,1,8301,9021004,Adaptive,4,1000,1000,200,350,25,0.3693935,3912.12803602118,3912.12803602118,0,1,5260.35770335712,-0.256299997712231
addition_stress_instances,Tight,1,8301,9021004,Adaptive,4,1500,1495,200,575,25,0.3693935,3912.12803602118,3912.12803602118,0,1,5260.35770335712,-0.256299997712231
addition_stress_instances,Tight,1,8301,9021004,Adaptive,4,2500,2500,200,1070,19,0.3693935,3704.82758142226,3704.82758142226,0,1,5260.35770335712,-0.295708050603124
addition_stress_instances,Tight,1,8301,9021005,Fixed5,5,500,475,200,35,5,0.3708228,4282.33743278659,4282.33743278659,0,1,5260.35770335712,-0.185922769082103
addition_stress_instances,Tight,1,8301,9021005,Fixed5,5,1000,1000,200,110,5,0.3708228,4251.83316513849,4251.83316513849,0,1,5260.35770335712,-0.191721665158816
addition_stress_instances,Tight,1,8301,9021005,Fixed5,5,1500,1490,200,180,5,0.3708228,4251.83316513849,4251.83316513849,0,1,5260.35770335712,-0.191721665158816
addition_stress_instances,Tight,1,8301,9021005,Fixed5,5,2500,2470,200,320,5,0.3708228,4181.40959978525,4181.40959978525,0,1,5260.35770335712,-0.205109265265991
addition_stress_instances,Tight,1,8301,9021005,Fixed15,5,500,500,200,90,15,0.3392978,4204.28871374317,4204.28871374317,0,1,5260.35770335712,-0.200759919603942
addition_stress_instances,Tight,1,8301,9021005,Fixed15,5,1000,995,200,255,15,0.3392978,4204.28871374317,4204.28871374317,0,1,5260.35770335712,-0.200759919603942
addition_stress_instances,Tight,1,8301,9021005,Fixed15,5,1500,1490,200,420,15,0.3392978,4019.15429170156,4019.15429170156,0,1,5260.35770335712,-0.235954184420469
addition_stress_instances,Tight,1,8301,9021005,Fixed15,5,2500,2480,200,750,15,0.3392978,4019.15429170156,4019.15429170156,0,1,5260.35770335712,-0.235954184420469
addition_stress_instances,Tight,1,8301,9021005,Fixed25,5,500,450,200,100,25,0.3179096,4204.28871374317,4204.28871374317,0,1,5260.35770335712,-0.200759919603942
addition_stress_instances,Tight,1,8301,9021005,Fixed25,5,1000,1000,200,350,25,0.3179096,4204.28871374317,4204.28871374317,0,1,5260.35770335712,-0.200759919603942
addition_stress_instances,Tight,1,8301,9021005,Fixed25,5,1500,1495,200,575,25,0.3179096,4066.57242241608,4066.57242241608,0,1,5260.35770335712,-0.22693994368086
addition_stress_instances,Tight,1,8301,9021005,Fixed25,5,2500,2485,200,1025,25,0.3179096,3779.76839086528,3779.76839086528,0,1,5260.35770335712,-0.281461717241575
addition_stress_instances,Tight,1,8301,9021005,Fixed35,5,500,490,200,140,35,0.3177356,4204.28871374317,4204.28871374317,0,1,5260.35770335712,-0.200759919603942
addition_stress_instances,Tight,1,8301,9021005,Fixed35,5,1000,945,200,385,35,0.3177356,4204.28871374317,4204.28871374317,0,1,5260.35770335712,-0.200759919603942
addition_stress_instances,Tight,1,8301,9021005,Fixed35,5,1500,1465,200,665,35,0.3177356,4204.28871374317,4204.28871374317,0,1,5260.35770335712,-0.200759919603942
addition_stress_instances,Tight,1,8301,9021005,Fixed35,5,2500,2440,200,1190,35,0.3177356,3827.1865215798,3827.1865215798,0,1,5260.35770335712,-0.272447476501966
addition_stress_instances,Tight,1,8301,9021005,Fixed40,5,500,440,200,120,40,0.309999,4204.28871374317,4204.28871374317,0,1,5260.35770335712,-0.200759919603942
addition_stress_instances,Tight,1,8301,9021005,Fixed40,5,1000,1000,200,440,40,0.309999,4204.28871374317,4204.28871374317,0,1,5260.35770335712,-0.200759919603942
addition_stress_instances,Tight,1,8301,9021005,Fixed40,5,1500,1490,200,720,40,0.309999,4204.28871374317,4204.28871374317,0,1,5260.35770335712,-0.200759919603942
addition_stress_instances,Tight,1,8301,9021005,Fixed40,5,2500,2470,200,1280,40,0.309999,3827.1865215798,3827.1865215798,0,1,5260.35770335712,-0.272447476501966
addition_stress_instances,Tight,1,8301,9021005,Adaptive,5,500,450,200,100,25,0.359254,4204.28871374317,4204.28871374317,0,1,5260.35770335712,-0.200759919603942
addition_stress_instances,Tight,1,8301,9021005,Adaptive,5,1000,1000,200,350,25,0.359254,4204.28871374317,4204.28871374317,0,1,5260.35770335712,-0.200759919603942
addition_stress_instances,Tight,1,8301,9021005,Adaptive,5,1500,1498,200,578,26,0.359254,4066.57242241608,4066.57242241608,0,1,5260.35770335712,-0.22693994368086
addition_stress_instances,Tight,1,8301,9021005,Adaptive,5,2500,2500,200,1077,0,0.359254,3704.82758142226,3704.82758142226,0,1,5260.35770335712,-0.295708050603124
addition_stress_instances,Far,1,8201,8921001,Fixed5,1,500,475,200,35,5,0.3625892,4118.96025347346,4118.96025347346,0,1,5118.95536046442,-0.195351402107213
addition_stress_instances,Far,1,8201,8921001,Fixed5,1,1000,1000,200,110,5,0.3625892,4071.54212275894,4071.54212275894,0,1,5118.95536046442,-0.204614645752733
addition_stress_instances,Far,1,8201,8921001,Fixed5,1,1500,1490,200,180,5,0.3625892,4071.54212275894,4071.54212275894,0,1,5118.95536046442,-0.204614645752733
addition_stress_instances,Far,1,8201,8921001,Fixed5,1,2500,2470,200,320,5,0.3625892,4071.54212275894,4071.54212275894,0,1,5118.95536046442,-0.204614645752733
addition_stress_instances,Far,1,8201,8921001,Fixed15,1,500,500,200,90,15,0.3520722,4118.96025347346,4118.96025347346,0,1,5118.95536046442,-0.195351402107213
addition_stress_instances,Far,1,8201,8921001,Fixed15,1,1000,995,200,255,15,0.3520722,4118.96025347346,4118.96025347346,0,1,5118.95536046442,-0.195351402107213
addition_stress_instances,Far,1,8201,8921001,Fixed15,1,1500,1490,200,420,15,0.3520722,3972.78936865727,3972.78936865727,0,1,5118.95536046442,-0.223906229122335
addition_stress_instances,Far,1,8201,8921001,Fixed15,1,2500,2480,200,750,15,0.3520722,3928.30716399675,3928.30716399675,0,1,5118.95536046442,-0.232595932690387
addition_stress_instances,Far,1,8201,8921001,Fixed25,1,500,450,200,100,25,0.3248983,4030.50718356766,4030.50718356766,0,1,5118.95536046442,-0.212630917882826
addition_stress_instances,Far,1,8201,8921001,Fixed25,1,1000,1000,200,350,25,0.3248983,3983.08905285314,3983.08905285314,0,1,5118.95536046442,-0.221894161528346
addition_stress_instances,Far,1,8201,8921001,Fixed25,1,1500,1495,200,575,25,0.3248983,3928.30716399675,3928.30716399675,0,1,5118.95536046442,-0.232595932690387
addition_stress_instances,Far,1,8201,8921001,Fixed25,1,2500,2485,200,1025,25,0.3248983,3857.71334077939,3857.71334077939,0,1,5118.95536046442,-0.246386602513879
addition_stress_instances,Far,1,8201,8921001,Fixed35,1,500,490,200,140,35,0.3079323,4030.50718356766,4030.50718356766,0,1,5118.95536046442,-0.212630917882826
addition_stress_instances,Far,1,8201,8921001,Fixed35,1,1000,945,200,385,35,0.3079323,3983.08905285314,3983.08905285314,0,1,5118.95536046442,-0.221894161528346
addition_stress_instances,Far,1,8201,8921001,Fixed35,1,1500,1465,200,665,35,0.3079323,3928.30716399675,3928.30716399675,0,1,5118.95536046442,-0.232595932690387
addition_stress_instances,Far,1,8201,8921001,Fixed35,1,2500,2440,200,1190,35,0.3079323,3878.75057077638,3878.75057077638,0,1,5118.95536046442,-0.24227693002885
addition_stress_instances,Far,1,8201,8921001,Fixed40,1,500,440,200,120,40,0.317475,4030.50718356766,4030.50718356766,0,1,5118.95536046442,-0.212630917882826
addition_stress_instances,Far,1,8201,8921001,Fixed40,1,1000,1000,200,440,40,0.317475,3859.62302239051,3859.62302239051,0,1,5118.95536046442,-0.246013541708178
addition_stress_instances,Far,1,8201,8921001,Fixed40,1,1500,1490,200,720,40,0.317475,3859.62302239051,3859.62302239051,0,1,5118.95536046442,-0.246013541708178
addition_stress_instances,Far,1,8201,8921001,Fixed40,1,2500,2470,200,1280,40,0.317475,3859.62302239051,3859.62302239051,0,1,5118.95536046442,-0.246013541708178
addition_stress_instances,Far,1,8201,8921001,Adaptive,1,500,450,200,100,25,0.3607192,4030.50718356766,4030.50718356766,0,1,5118.95536046442,-0.212630917882826
addition_stress_instances,Far,1,8201,8921001,Adaptive,1,1000,1000,200,350,25,0.3607192,3983.08905285314,3983.08905285314,0,1,5118.95536046442,-0.221894161528346
addition_stress_instances,Far,1,8201,8921001,Adaptive,1,1500,1495,200,575,25,0.3607192,3928.30716399675,3928.30716399675,0,1,5118.95536046442,-0.232595932690387
addition_stress_instances,Far,1,8201,8921001,Adaptive,1,2500,2500,200,1040,13,0.3607192,3857.71334077939,3857.71334077939,0,1,5118.95536046442,-0.246386602513879
addition_stress_instances,Far,1,8201,8921002,Fixed5,2,500,475,200,35,5,0.3727532,4118.96025347346,4118.96025347346,0,1,5118.95536046442,-0.195351402107213
addition_stress_instances,Far,1,8201,8921002,Fixed5,2,1000,1000,200,110,5,0.3727532,4071.54212275894,4071.54212275894,0,1,5118.95536046442,-0.204614645752733
addition_stress_instances,Far,1,8201,8921002,Fixed5,2,1500,1490,200,180,5,0.3727532,4071.54212275894,4071.54212275894,0,1,5118.95536046442,-0.204614645752733
addition_stress_instances,Far,1,8201,8921002,Fixed5,2,2500,2470,200,320,5,0.3727532,3859.62302239051,3859.62302239051,0,1,5118.95536046442,-0.246013541708178
addition_stress_instances,Far,1,8201,8921002,Fixed15,2,500,500,200,90,15,0.3773331,4071.54212275894,4071.54212275894,0,1,5118.95536046442,-0.204614645752733
addition_stress_instances,Far,1,8201,8921002,Fixed15,2,1000,995,200,255,15,0.3773331,4071.54212275894,4071.54212275894,0,1,5118.95536046442,-0.204614645752733
addition_stress_instances,Far,1,8201,8921002,Fixed15,2,1500,1490,200,420,15,0.3773331,4071.54212275894,4071.54212275894,0,1,5118.95536046442,-0.204614645752733
addition_stress_instances,Far,1,8201,8921002,Fixed15,2,2500,2480,200,750,15,0.3773331,3859.62302239051,3859.62302239051,0,1,5118.95536046442,-0.246013541708178
addition_stress_instances,Far,1,8201,8921002,Fixed25,2,500,450,200,100,25,0.3429056,4071.54212275894,4071.54212275894,0,1,5118.95536046442,-0.204614645752733
addition_stress_instances,Far,1,8201,8921002,Fixed25,2,1000,1000,200,350,25,0.3429056,3983.08905285314,3983.08905285314,0,1,5118.95536046442,-0.221894161528346
addition_stress_instances,Far,1,8201,8921002,Fixed25,2,1500,1495,200,575,25,0.3429056,3972.78936865727,3972.78936865727,0,1,5118.95536046442,-0.223906229122335
addition_stress_instances,Far,1,8201,8921002,Fixed25,2,2500,2485,200,1025,25,0.3429056,3891.1120251003,3891.1120251003,0,1,5118.95536046442,-0.239862090778756
addition_stress_instances,Far,1,8201,8921002,Fixed35,2,500,490,200,140,35,0.3218833,4071.54212275894,4071.54212275894,0,1,5118.95536046442,-0.204614645752733
addition_stress_instances,Far,1,8201,8921002,Fixed35,2,1000,945,200,385,35,0.3218833,3983.08905285314,3983.08905285314,0,1,5118.95536046442,-0.221894161528346
addition_stress_instances,Far,1,8201,8921002,Fixed35,2,1500,1465,200,665,35,0.3218833,3859.62302239051,3859.62302239051,0,1,5118.95536046442,-0.246013541708178
addition_stress_instances,Far,1,8201,8921002,Fixed35,2,2500,2440,200,1190,35,0.3218833,3859.62302239051,3859.62302239051,0,1,5118.95536046442,-0.246013541708178
addition_stress_instances,Far,1,8201,8921002,Fixed40,2,500,440,200,120,40,0.3336534,4071.54212275894,4071.54212275894,0,1,5118.95536046442,-0.204614645752733
addition_stress_instances,Far,1,8201,8921002,Fixed40,2,1000,1000,200,440,40,0.3336534,3983.08905285314,3983.08905285314,0,1,5118.95536046442,-0.221894161528346
addition_stress_instances,Far,1,8201,8921002,Fixed40,2,1500,1490,200,720,40,0.3336534,3859.62302239051,3859.62302239051,0,1,5118.95536046442,-0.246013541708178
addition_stress_instances,Far,1,8201,8921002,Fixed40,2,2500,2470,200,1280,40,0.3336534,3859.62302239051,3859.62302239051,0,1,5118.95536046442,-0.246013541708178
addition_stress_instances,Far,1,8201,8921002,Adaptive,2,500,450,200,100,25,0.3645216,4071.54212275894,4071.54212275894,0,1,5118.95536046442,-0.204614645752733
addition_stress_instances,Far,1,8201,8921002,Adaptive,2,1000,1000,200,350,25,0.3645216,3983.08905285314,3983.08905285314,0,1,5118.95536046442,-0.221894161528346
addition_stress_instances,Far,1,8201,8921002,Adaptive,2,1500,1495,200,575,25,0.3645216,3972.78936865727,3972.78936865727,0,1,5118.95536046442,-0.223906229122335
addition_stress_instances,Far,1,8201,8921002,Adaptive,2,2500,2500,200,1061,0,0.3645216,3891.1120251003,3891.1120251003,0,1,5118.95536046442,-0.239862090778756
addition_stress_instances,Far,1,8201,8921003,Fixed5,3,500,475,200,35,5,0.3546151,4118.96025347346,4118.96025347346,0,1,5118.95536046442,-0.195351402107213
addition_stress_instances,Far,1,8201,8921003,Fixed5,3,1000,1000,200,110,5,0.3546151,4071.54212275894,4071.54212275894,0,1,5118.95536046442,-0.204614645752733
addition_stress_instances,Far,1,8201,8921003,Fixed5,3,1500,1490,200,180,5,0.3546151,4071.54212275894,4071.54212275894,0,1,5118.95536046442,-0.204614645752733
addition_stress_instances,Far,1,8201,8921003,Fixed5,3,2500,2470,200,320,5,0.3546151,4071.54212275894,4071.54212275894,0,1,5118.95536046442,-0.204614645752733
addition_stress_instances,Far,1,8201,8921003,Fixed15,3,500,500,200,90,15,0.353472,3991.86526586169,3991.86526586169,0,1,5118.95536046442,-0.220179707623096
addition_stress_instances,Far,1,8201,8921003,Fixed15,3,1000,995,200,255,15,0.353472,3972.78936865727,3972.78936865727,0,1,5118.95536046442,-0.223906229122335
addition_stress_instances,Far,1,8201,8921003,Fixed15,3,1500,1490,200,420,15,0.353472,3972.78936865727,3972.78936865727,0,1,5118.95536046442,-0.223906229122335
addition_stress_instances,Far,1,8201,8921003,Fixed15,3,2500,2480,200,750,15,0.353472,3972.78936865727,3972.78936865727,0,1,5118.95536046442,-0.223906229122335
addition_stress_instances,Far,1,8201,8921003,Fixed25,3,500,450,200,100,25,0.3466835,4118.96025347346,4118.96025347346,0,1,5118.95536046442,-0.195351402107213
addition_stress_instances,Far,1,8201,8921003,Fixed25,3,1000,1000,200,350,25,0.3466835,3972.78936865727,3972.78936865727,0,1,5118.95536046442,-0.223906229122335
addition_stress_instances,Far,1,8201,8921003,Fixed25,3,1500,1495,200,575,25,0.3466835,3972.78936865727,3972.78936865727,0,1,5118.95536046442,-0.223906229122335
addition_stress_instances,Far,1,8201,8921003,Fixed25,3,2500,2485,200,1025,25,0.3466835,3928.30716399675,3928.30716399675,0,1,5118.95536046442,-0.232595932690387
addition_stress_instances,Far,1,8201,8921003,Fixed35,3,500,490,200,140,35,0.3065379,4118.96025347346,4118.96025347346,0,1,5118.95536046442,-0.195351402107213
addition_stress_instances,Far,1,8201,8921003,Fixed35,3,1000,945,200,385,35,0.3065379,3975.37595987575,3975.37595987575,0,1,5118.95536046442,-0.223400932428706
addition_stress_instances,Far,1,8201,8921003,Fixed35,3,1500,1465,200,665,35,0.3065379,3975.37595987575,3975.37595987575,0,1,5118.95536046442,-0.223400932428706
addition_stress_instances,Far,1,8201,8921003,Fixed35,3,2500,2440,200,1190,35,0.3065379,3857.71334077939,3857.71334077939,0,1,5118.95536046442,-0.246386602513879
addition_stress_instances,Far,1,8201,8921003,Fixed40,3,500,440,200,120,40,0.313122,4118.96025347346,4118.96025347346,0,1,5118.95536046442,-0.195351402107213
addition_stress_instances,Far,1,8201,8921003,Fixed40,3,1000,1000,200,440,40,0.313122,3975.37595987575,3975.37595987575,0,1,5118.95536046442,-0.223400932428706
addition_stress_instances,Far,1,8201,8921003,Fixed40,3,1500,1490,200,720,40,0.313122,3975.37595987575,3975.37595987575,0,1,5118.95536046442,-0.223400932428706
addition_stress_instances,Far,1,8201,8921003,Fixed40,3,2500,2470,200,1280,40,0.313122,3857.71334077939,3857.71334077939,0,1,5118.95536046442,-0.246386602513879
addition_stress_instances,Far,1,8201,8921003,Adaptive,3,500,450,200,100,25,0.342849,4118.96025347346,4118.96025347346,0,1,5118.95536046442,-0.195351402107213
addition_stress_instances,Far,1,8201,8921003,Adaptive,3,1000,1000,200,350,25,0.342849,3972.78936865727,3972.78936865727,0,1,5118.95536046442,-0.223906229122335
addition_stress_instances,Far,1,8201,8921003,Adaptive,3,1500,1495,200,575,25,0.342849,3972.78936865727,3972.78936865727,0,1,5118.95536046442,-0.223906229122335
addition_stress_instances,Far,1,8201,8921003,Adaptive,3,2500,2500,200,1040,12,0.342849,3928.30716399675,3928.30716399675,0,1,5118.95536046442,-0.232595932690387
addition_stress_instances,Far,1,8201,8921004,Fixed5,4,500,475,200,35,5,0.3582585,4118.96025347346,4118.96025347346,0,1,5118.95536046442,-0.195351402107213
addition_stress_instances,Far,1,8201,8921004,Fixed5,4,1000,1000,200,110,5,0.3582585,4071.54212275894,4071.54212275894,0,1,5118.95536046442,-0.204614645752733
addition_stress_instances,Far,1,8201,8921004,Fixed5,4,1500,1490,200,180,5,0.3582585,4071.54212275894,4071.54212275894,0,1,5118.95536046442,-0.204614645752733
addition_stress_instances,Far,1,8201,8921004,Fixed5,4,2500,2470,200,320,5,0.3582585,4071.54212275894,4071.54212275894,0,1,5118.95536046442,-0.204614645752733
addition_stress_instances,Far,1,8201,8921004,Fixed15,4,500,500,200,90,15,0.3493555,4118.96025347346,4118.96025347346,0,1,5118.95536046442,-0.195351402107213
addition_stress_instances,Far,1,8201,8921004,Fixed15,4,1000,995,200,255,15,0.3493555,4071.54212275894,4071.54212275894,0,1,5118.95536046442,-0.204614645752733
addition_stress_instances,Far,1,8201,8921004,Fixed15,4,1500,1490,200,420,15,0.3493555,4071.54212275894,4071.54212275894,0,1,5118.95536046442,-0.204614645752733
addition_stress_instances,Far,1,8201,8921004,Fixed15,4,2500,2480,200,750,15,0.3493555,3983.08905285314,3983.08905285314,0,1,5118.95536046442,-0.221894161528346
addition_stress_instances,Far,1,8201,8921004,Fixed25,4,500,450,200,100,25,0.3256008,4118.96025347346,4118.96025347346,0,1,5118.95536046442,-0.195351402107213
addition_stress_instances,Far,1,8201,8921004,Fixed25,4,1000,1000,200,350,25,0.3256008,4071.54212275894,4071.54212275894,0,1,5118.95536046442,-0.204614645752733
addition_stress_instances,Far,1,8201,8921004,Fixed25,4,1500,1495,200,575,25,0.3256008,4071.54212275894,4071.54212275894,0,1,5118.95536046442,-0.204614645752733
addition_stress_instances,Far,1,8201,8921004,Fixed25,4,2500,2485,200,1025,25,0.3256008,3983.08905285314,3983.08905285314,0,1,5118.95536046442,-0.221894161528346
addition_stress_instances,Far,1,8201,8921004,Fixed35,4,500,490,200,140,35,0.3148087,4118.96025347346,4118.96025347346,0,1,5118.95536046442,-0.195351402107213
addition_stress_instances,Far,1,8201,8921004,Fixed35,4,1000,945,200,385,35,0.3148087,4071.54212275894,4071.54212275894,0,1,5118.95536046442,-0.204614645752733
addition_stress_instances,Far,1,8201,8921004,Fixed35,4,1500,1465,200,665,35,0.3148087,4071.54212275894,4071.54212275894,0,1,5118.95536046442,-0.204614645752733
addition_stress_instances,Far,1,8201,8921004,Fixed35,4,2500,2440,200,1190,35,0.3148087,4071.54212275894,4071.54212275894,0,1,5118.95536046442,-0.204614645752733
addition_stress_instances,Far,1,8201,8921004,Fixed40,4,500,440,200,120,40,0.3034675,4118.96025347346,4118.96025347346,0,1,5118.95536046442,-0.195351402107213
addition_stress_instances,Far,1,8201,8921004,Fixed40,4,1000,1000,200,440,40,0.3034675,3859.62302239051,3859.62302239051,0,1,5118.95536046442,-0.246013541708178
addition_stress_instances,Far,1,8201,8921004,Fixed40,4,1500,1490,200,720,40,0.3034675,3859.62302239051,3859.62302239051,0,1,5118.95536046442,-0.246013541708178
addition_stress_instances,Far,1,8201,8921004,Fixed40,4,2500,2470,200,1280,40,0.3034675,3859.62302239051,3859.62302239051,0,1,5118.95536046442,-0.246013541708178
addition_stress_instances,Far,1,8201,8921004,Adaptive,4,500,450,200,100,25,0.343907,4118.96025347346,4118.96025347346,0,1,5118.95536046442,-0.195351402107213
addition_stress_instances,Far,1,8201,8921004,Adaptive,4,1000,1000,200,350,25,0.343907,4071.54212275894,4071.54212275894,0,1,5118.95536046442,-0.204614645752733
addition_stress_instances,Far,1,8201,8921004,Adaptive,4,1500,1495,200,575,25,0.343907,4071.54212275894,4071.54212275894,0,1,5118.95536046442,-0.204614645752733
addition_stress_instances,Far,1,8201,8921004,Adaptive,4,2500,2500,200,1025,0,0.343907,3983.08905285314,3983.08905285314,0,1,5118.95536046442,-0.221894161528346
addition_stress_instances,Far,1,8201,8921005,Fixed5,5,500,475,200,35,5,0.3643608,4118.96025347346,4118.96025347346,0,1,5118.95536046442,-0.195351402107213
addition_stress_instances,Far,1,8201,8921005,Fixed5,5,1000,1000,200,110,5,0.3643608,4071.54212275894,4071.54212275894,0,1,5118.95536046442,-0.204614645752733
addition_stress_instances,Far,1,8201,8921005,Fixed5,5,1500,1490,200,180,5,0.3643608,4071.54212275894,4071.54212275894,0,1,5118.95536046442,-0.204614645752733
addition_stress_instances,Far,1,8201,8921005,Fixed5,5,2500,2470,200,320,5,0.3643608,3983.08905285314,3983.08905285314,0,1,5118.95536046442,-0.221894161528346
addition_stress_instances,Far,1,8201,8921005,Fixed15,5,500,500,200,90,15,0.3457184,4118.96025347346,4118.96025347346,0,1,5118.95536046442,-0.195351402107213
addition_stress_instances,Far,1,8201,8921005,Fixed15,5,1000,995,200,255,15,0.3457184,4037.19501652994,4037.19501652994,0,1,5118.95536046442,-0.211324433943948
addition_stress_instances,Far,1,8201,8921005,Fixed15,5,1500,1490,200,420,15,0.3457184,3893.83187073167,3893.83187073167,0,1,5118.95536046442,-0.239330762521359
addition_stress_instances,Far,1,8201,8921005,Fixed15,5,2500,2480,200,750,15,0.3457184,3815.18989700772,3815.18989700772,0,1,5118.95536046442,-0.254693657523597
addition_stress_instances,Far,1,8201,8921005,Fixed25,5,500,450,200,100,25,0.3524409,4031.58923769823,4031.58923769823,0,1,5118.95536046442,-0.212419536056971
addition_stress_instances,Far,1,8201,8921005,Fixed25,5,1000,1000,200,350,25,0.3524409,3891.1120251003,3891.1120251003,0,1,5118.95536046442,-0.239862090778756
addition_stress_instances,Far,1,8201,8921005,Fixed25,5,1500,1495,200,575,25,0.3524409,3878.75057077638,3878.75057077638,0,1,5118.95536046442,-0.24227693002885
addition_stress_instances,Far,1,8201,8921005,Fixed25,5,2500,2485,200,1025,25,0.3524409,3878.75057077638,3878.75057077638,0,1,5118.95536046442,-0.24227693002885
addition_stress_instances,Far,1,8201,8921005,Fixed35,5,500,490,200,140,35,0.3165312,4031.58923769823,4031.58923769823,0,1,5118.95536046442,-0.212419536056971
addition_stress_instances,Far,1,8201,8921005,Fixed35,5,1000,945,200,385,35,0.3165312,3891.1120251003,3891.1120251003,0,1,5118.95536046442,-0.239862090778756
addition_stress_instances,Far,1,8201,8921005,Fixed35,5,1500,1465,200,665,35,0.3165312,3891.1120251003,3891.1120251003,0,1,5118.95536046442,-0.239862090778756
addition_stress_instances,Far,1,8201,8921005,Fixed35,5,2500,2440,200,1190,35,0.3165312,3878.75057077638,3878.75057077638,0,1,5118.95536046442,-0.24227693002885
addition_stress_instances,Far,1,8201,8921005,Fixed40,5,500,440,200,120,40,0.3200272,4087.92834966998,4087.92834966998,0,1,5118.95536046442,-0.201413557687462
addition_stress_instances,Far,1,8201,8921005,Fixed40,5,1000,1000,200,440,40,0.3200272,3878.75057077638,3878.75057077638,0,1,5118.95536046442,-0.24227693002885
addition_stress_instances,Far,1,8201,8921005,Fixed40,5,1500,1490,200,720,40,0.3200272,3857.71334077939,3857.71334077939,0,1,5118.95536046442,-0.246386602513879
addition_stress_instances,Far,1,8201,8921005,Fixed40,5,2500,2470,200,1280,40,0.3200272,3857.71334077939,3857.71334077939,0,1,5118.95536046442,-0.246386602513879
addition_stress_instances,Far,1,8201,8921005,Adaptive,5,500,450,200,100,25,0.3353808,4031.58923769823,4031.58923769823,0,1,5118.95536046442,-0.212419536056971
addition_stress_instances,Far,1,8201,8921005,Adaptive,5,1000,1000,200,350,25,0.3353808,3891.1120251003,3891.1120251003,0,1,5118.95536046442,-0.239862090778756
addition_stress_instances,Far,1,8201,8921005,Adaptive,5,1500,1495,200,575,25,0.3353808,3878.75057077638,3878.75057077638,0,1,5118.95536046442,-0.24227693002885
addition_stress_instances,Far,1,8201,8921005,Adaptive,5,2500,2500,200,1025,0,0.3353808,3878.75057077638,3878.75057077638,0,1,5118.95536046442,-0.24227693002885
addition_stress_instances,Far,3,8203,8923001,Fixed5,1,500,475,200,35,5,0.3663172,4030.75401427666,4030.75401427666,0,1,4370.21624152093,-0.0776762998633982
addition_stress_instances,Far,3,8203,8923001,Fixed5,1,1000,1000,200,110,5,0.3663172,4030.75401427666,4030.75401427666,0,1,4370.21624152093,-0.0776762998633982
addition_stress_instances,Far,3,8203,8923001,Fixed5,1,1500,1490,200,180,5,0.3663172,4030.75401427666,4030.75401427666,0,1,4370.21624152093,-0.0776762998633982
addition_stress_instances,Far,3,8203,8923001,Fixed5,1,2500,2470,200,320,5,0.3663172,4028.96664667571,4028.96664667571,0,1,4370.21624152093,-0.0780852882296861
addition_stress_instances,Far,3,8203,8923001,Fixed15,1,500,500,200,90,15,0.339635,3890.27680167873,3890.27680167873,0,1,4370.21624152093,-0.109820524504565
addition_stress_instances,Far,3,8203,8923001,Fixed15,1,1000,995,200,255,15,0.339635,3890.27680167873,3890.27680167873,0,1,4370.21624152093,-0.109820524504565
addition_stress_instances,Far,3,8203,8923001,Fixed15,1,1500,1490,200,420,15,0.339635,3890.27680167873,3890.27680167873,0,1,4370.21624152093,-0.109820524504565
addition_stress_instances,Far,3,8203,8923001,Fixed15,1,2500,2480,200,750,15,0.339635,3890.27680167873,3890.27680167873,0,1,4370.21624152093,-0.109820524504565
addition_stress_instances,Far,3,8203,8923001,Fixed25,1,500,450,200,100,25,0.3240489,4075.10373629232,4075.10373629232,0,1,4370.21624152093,-0.0675281242206699
addition_stress_instances,Far,3,8203,8923001,Fixed25,1,1000,1000,200,350,25,0.3240489,3890.27680167873,3890.27680167873,0,1,4370.21624152093,-0.109820524504565
addition_stress_instances,Far,3,8203,8923001,Fixed25,1,1500,1495,200,575,25,0.3240489,3890.27680167873,3890.27680167873,0,1,4370.21624152093,-0.109820524504565
addition_stress_instances,Far,3,8203,8923001,Fixed25,1,2500,2485,200,1025,25,0.3240489,3890.27680167873,3890.27680167873,0,1,4370.21624152093,-0.109820524504565
addition_stress_instances,Far,3,8203,8923001,Fixed35,1,500,490,200,140,35,0.3189131,4075.10373629232,4075.10373629232,0,1,4370.21624152093,-0.0675281242206699
addition_stress_instances,Far,3,8203,8923001,Fixed35,1,1000,945,200,385,35,0.3189131,3856.87811735781,3856.87811735781,0,1,4370.21624152093,-0.117462865861407
addition_stress_instances,Far,3,8203,8923001,Fixed35,1,1500,1465,200,665,35,0.3189131,3856.87811735781,3856.87811735781,0,1,4370.21624152093,-0.117462865861407
addition_stress_instances,Far,3,8203,8923001,Fixed35,1,2500,2440,200,1190,35,0.3189131,3856.87811735781,3856.87811735781,0,1,4370.21624152093,-0.117462865861407
addition_stress_instances,Far,3,8203,8923001,Fixed40,1,500,440,200,120,40,0.3072913,4075.10373629232,4075.10373629232,0,1,4370.21624152093,-0.0675281242206699
addition_stress_instances,Far,3,8203,8923001,Fixed40,1,1000,1000,200,440,40,0.3072913,3856.87811735781,3856.87811735781,0,1,4370.21624152093,-0.117462865861407
addition_stress_instances,Far,3,8203,8923001,Fixed40,1,1500,1490,200,720,40,0.3072913,3856.87811735781,3856.87811735781,0,1,4370.21624152093,-0.117462865861407
addition_stress_instances,Far,3,8203,8923001,Fixed40,1,2500,2470,200,1280,40,0.3072913,3856.87811735781,3856.87811735781,0,1,4370.21624152093,-0.117462865861407
addition_stress_instances,Far,3,8203,8923001,Adaptive,1,500,450,200,100,25,0.3326583,4075.10373629232,4075.10373629232,0,1,4370.21624152093,-0.0675281242206699
addition_stress_instances,Far,3,8203,8923001,Adaptive,1,1000,1000,200,350,25,0.3326583,3890.27680167873,3890.27680167873,0,1,4370.21624152093,-0.109820524504565
addition_stress_instances,Far,3,8203,8923001,Adaptive,1,1500,1495,200,575,25,0.3326583,3890.27680167873,3890.27680167873,0,1,4370.21624152093,-0.109820524504565
addition_stress_instances,Far,3,8203,8923001,Adaptive,1,2500,2500,200,1025,0,0.3326583,3890.27680167873,3890.27680167873,0,1,4370.21624152093,-0.109820524504565
addition_stress_instances,Far,3,8203,8923002,Fixed5,2,500,475,200,35,5,0.369862,4137.06127770897,4137.06127770897,0,1,4370.21624152093,-0.0533508986573199
addition_stress_instances,Far,3,8203,8923002,Fixed5,2,1000,1000,200,110,5,0.369862,4137.06127770897,4137.06127770897,0,1,4370.21624152093,-0.0533508986573199
addition_stress_instances,Far,3,8203,8923002,Fixed5,2,1500,1490,200,180,5,0.369862,4137.06127770897,4137.06127770897,0,1,4370.21624152093,-0.0533508986573199
addition_stress_instances,Far,3,8203,8923002,Fixed5,2,2500,2470,200,320,5,0.369862,4089.64314699445,4089.64314699445,0,1,4370.21624152093,-0.0642011925773337
addition_stress_instances,Far,3,8203,8923002,Fixed15,2,500,500,200,90,15,0.3930597,4137.06127770897,4137.06127770897,0,1,4370.21624152093,-0.0533508986573199
addition_stress_instances,Far,3,8203,8923002,Fixed15,2,1000,995,200,255,15,0.3930597,4017.30400767222,4017.30400767222,0,1,4370.21624152093,-0.0807539522863261
addition_stress_instances,Far,3,8203,8923002,Fixed15,2,1500,1490,200,420,15,0.3930597,3963.71005017519,3963.71005017519,0,1,4370.21624152093,-0.0930174089518896
addition_stress_instances,Far,3,8203,8923002,Fixed15,2,2500,2480,200,750,15,0.3930597,3904.74445423947,3904.74445423947,0,1,4370.21624152093,-0.106510012676048
addition_stress_instances,Far,3,8203,8923002,Fixed25,2,500,450,200,100,25,0.3509891,4137.06127770897,4137.06127770897,0,1,4370.21624152093,-0.0533508986573199
addition_stress_instances,Far,3,8203,8923002,Fixed25,2,1000,1000,200,350,25,0.3509891,4017.30400767222,4017.30400767222,0,1,4370.21624152093,-0.0807539522863261
addition_stress_instances,Far,3,8203,8923002,Fixed25,2,1500,1495,200,575,25,0.3509891,3969.8858769577,3969.8858769577,0,1,4370.21624152093,-0.0916042462063401
addition_stress_instances,Far,3,8203,8923002,Fixed25,2,2500,2485,200,1025,25,0.3509891,3904.74445423947,3904.74445423947,0,1,4370.21624152093,-0.106510012676048
addition_stress_instances,Far,3,8203,8923002,Fixed35,2,500,490,200,140,35,0.3087205,4137.06127770897,4137.06127770897,0,1,4370.21624152093,-0.0533508986573199
addition_stress_instances,Far,3,8203,8923002,Fixed35,2,1000,945,200,385,35,0.3087205,4017.30400767222,4017.30400767222,0,1,4370.21624152093,-0.0807539522863261
addition_stress_instances,Far,3,8203,8923002,Fixed35,2,1500,1465,200,665,35,0.3087205,4017.30400767222,4017.30400767222,0,1,4370.21624152093,-0.0807539522863261
addition_stress_instances,Far,3,8203,8923002,Fixed35,2,2500,2440,200,1190,35,0.3087205,3969.8858769577,3969.8858769577,0,1,4370.21624152093,-0.0916042462063401
addition_stress_instances,Far,3,8203,8923002,Fixed40,2,500,440,200,120,40,0.3074303,4017.30400767222,4017.30400767222,0,1,4370.21624152093,-0.0807539522863261
addition_stress_instances,Far,3,8203,8923002,Fixed40,2,1000,1000,200,440,40,0.3074303,3872.3597426412,3872.3597426412,0,1,4370.21624152093,-0.113920335142607
addition_stress_instances,Far,3,8203,8923002,Fixed40,2,1500,1490,200,720,40,0.3074303,3824.94161192668,3824.94161192668,0,1,4370.21624152093,-0.124770629062621
addition_stress_instances,Far,3,8203,8923002,Fixed40,2,2500,2470,200,1280,40,0.3074303,3808.1243756821,3808.1243756821,0,1,4370.21624152093,-0.128618776457433
addition_stress_instances,Far,3,8203,8923002,Adaptive,2,500,450,200,100,25,0.3276733,4137.06127770897,4137.06127770897,0,1,4370.21624152093,-0.0533508986573199
addition_stress_instances,Far,3,8203,8923002,Adaptive,2,1000,1000,200,350,25,0.3276733,4017.30400767222,4017.30400767222,0,1,4370.21624152093,-0.0807539522863261
addition_stress_instances,Far,3,8203,8923002,Adaptive,2,1500,1495,200,575,25,0.3276733,3969.8858769577,3969.8858769577,0,1,4370.21624152093,-0.0916042462063401
addition_stress_instances,Far,3,8203,8923002,Adaptive,2,2500,2500,200,1059,0,0.3276733,3808.1243756821,3808.1243756821,0,1,4370.21624152093,-0.128618776457433
addition_stress_instances,Far,3,8203,8923003,Fixed5,3,500,475,200,35,5,0.4033857,4137.06127770897,4137.06127770897,0,1,4370.21624152093,-0.0533508986573199
addition_stress_instances,Far,3,8203,8923003,Fixed5,3,1000,1000,200,110,5,0.4033857,4137.06127770897,4137.06127770897,0,1,4370.21624152093,-0.0533508986573199
addition_stress_instances,Far,3,8203,8923003,Fixed5,3,1500,1490,200,180,5,0.4033857,4137.06127770897,4137.06127770897,0,1,4370.21624152093,-0.0533508986573199
addition_stress_instances,Far,3,8203,8923003,Fixed5,3,2500,2470,200,320,5,0.4033857,4137.06127770897,4137.06127770897,0,1,4370.21624152093,-0.0533508986573199
addition_stress_instances,Far,3,8203,8923003,Fixed15,3,500,500,200,90,15,0.3457144,4137.06127770897,4137.06127770897,0,1,4370.21624152093,-0.0533508986573199
addition_stress_instances,Far,3,8203,8923003,Fixed15,3,1000,995,200,255,15,0.3457144,3969.8858769577,3969.8858769577,0,1,4370.21624152093,-0.0916042462063401
addition_stress_instances,Far,3,8203,8923003,Fixed15,3,1500,1490,200,420,15,0.3457144,3969.8858769577,3969.8858769577,0,1,4370.21624152093,-0.0916042462063401
addition_stress_instances,Far,3,8203,8923003,Fixed15,3,2500,2480,200,750,15,0.3457144,3808.1243756821,3808.1243756821,0,1,4370.21624152093,-0.128618776457433
addition_stress_instances,Far,3,8203,8923003,Fixed25,3,500,450,200,100,25,0.3296352,4089.64314699445,4089.64314699445,0,1,4370.21624152093,-0.0642011925773337
addition_stress_instances,Far,3,8203,8923003,Fixed25,3,1000,1000,200,350,25,0.3296352,3969.8858769577,3969.8858769577,0,1,4370.21624152093,-0.0916042462063401
addition_stress_instances,Far,3,8203,8923003,Fixed25,3,1500,1495,200,575,25,0.3296352,3921.56169048404,3921.56169048404,0,1,4370.21624152093,-0.102661865281235
addition_stress_instances,Far,3,8203,8923003,Fixed25,3,2500,2485,200,1025,25,0.3296352,3808.1243756821,3808.1243756821,0,1,4370.21624152093,-0.128618776457433
addition_stress_instances,Far,3,8203,8923003,Fixed35,3,500,490,200,140,35,0.309851,3969.8858769577,3969.8858769577,0,1,4370.21624152093,-0.0916042462063401
addition_stress_instances,Far,3,8203,8923003,Fixed35,3,1000,945,200,385,35,0.309851,3824.94161192668,3824.94161192668,0,1,4370.21624152093,-0.124770629062621
addition_stress_instances,Far,3,8203,8923003,Fixed35,3,1500,1465,200,665,35,0.309851,3808.1243756821,3808.1243756821,0,1,4370.21624152093,-0.128618776457433
addition_stress_instances,Far,3,8203,8923003,Fixed35,3,2500,2440,200,1190,35,0.309851,3808.1243756821,3808.1243756821,0,1,4370.21624152093,-0.128618776457433
addition_stress_instances,Far,3,8203,8923003,Fixed40,3,500,440,200,120,40,0.3091241,3969.8858769577,3969.8858769577,0,1,4370.21624152093,-0.0916042462063401
addition_stress_instances,Far,3,8203,8923003,Fixed40,3,1000,1000,200,440,40,0.3091241,3824.94161192668,3824.94161192668,0,1,4370.21624152093,-0.124770629062621
addition_stress_instances,Far,3,8203,8923003,Fixed40,3,1500,1490,200,720,40,0.3091241,3808.1243756821,3808.1243756821,0,1,4370.21624152093,-0.128618776457433
addition_stress_instances,Far,3,8203,8923003,Fixed40,3,2500,2470,200,1280,40,0.3091241,3808.1243756821,3808.1243756821,0,1,4370.21624152093,-0.128618776457433
addition_stress_instances,Far,3,8203,8923003,Adaptive,3,500,450,200,100,25,0.3553543,4089.64314699445,4089.64314699445,0,1,4370.21624152093,-0.0642011925773337
addition_stress_instances,Far,3,8203,8923003,Adaptive,3,1000,1000,200,350,25,0.3553543,3969.8858769577,3969.8858769577,0,1,4370.21624152093,-0.0916042462063401
addition_stress_instances,Far,3,8203,8923003,Adaptive,3,1500,1495,200,575,25,0.3553543,3921.56169048404,3921.56169048404,0,1,4370.21624152093,-0.102661865281235
addition_stress_instances,Far,3,8203,8923003,Adaptive,3,2500,2500,200,1062,0,0.3553543,3808.1243756821,3808.1243756821,0,1,4370.21624152093,-0.128618776457433
addition_stress_instances,Far,3,8203,8923004,Fixed5,4,500,475,200,35,5,0.3672729,4087.09312624841,4087.09312624841,0,1,4370.21624152093,-0.0647846924787382
addition_stress_instances,Far,3,8203,8923004,Fixed5,4,1000,1000,200,110,5,0.3672729,3890.27680167873,3890.27680167873,0,1,4370.21624152093,-0.109820524504565
addition_stress_instances,Far,3,8203,8923004,Fixed5,4,1500,1490,200,180,5,0.3672729,3890.27680167873,3890.27680167873,0,1,4370.21624152093,-0.109820524504565
addition_stress_instances,Far,3,8203,8923004,Fixed5,4,2500,2470,200,320,5,0.3672729,3877.91534735481,3877.91534735481,0,1,4370.21624152093,-0.112649092621282
addition_stress_instances,Far,3,8203,8923004,Fixed15,4,500,500,200,90,15,0.343895,4087.09312624841,4087.09312624841,0,1,4370.21624152093,-0.0647846924787382
addition_stress_instances,Far,3,8203,8923004,Fixed15,4,1000,995,200,255,15,0.343895,3931.97223364604,3931.97223364604,0,1,4370.21624152093,-0.100279707834863
addition_stress_instances,Far,3,8203,8923004,Fixed15,4,1500,1490,200,420,15,0.343895,3931.97223364604,3931.97223364604,0,1,4370.21624152093,-0.100279707834863
addition_stress_instances,Far,3,8203,8923004,Fixed15,4,2500,2480,200,750,15,0.343895,3930.18486604509,3930.18486604509,0,1,4370.21624152093,-0.100688696201151
addition_stress_instances,Far,3,8203,8923004,Fixed25,4,500,450,200,100,25,0.3199302,4089.64314699445,4089.64314699445,0,1,4370.21624152093,-0.0642011925773337
addition_stress_instances,Far,3,8203,8923004,Fixed25,4,1000,1000,200,350,25,0.3199302,4089.64314699445,4089.64314699445,0,1,4370.21624152093,-0.0642011925773337
addition_stress_instances,Far,3,8203,8923004,Fixed25,4,1500,1495,200,575,25,0.3199302,4089.64314699445,4089.64314699445,0,1,4370.21624152093,-0.0642011925773337
addition_stress_instances,Far,3,8203,8923004,Fixed25,4,2500,2485,200,1025,25,0.3199302,3940.45398772129,3940.45398772129,0,1,4370.21624152093,-0.0983388990495513
addition_stress_instances,Far,3,8203,8923004,Fixed35,4,500,490,200,140,35,0.3069535,4089.64314699445,4089.64314699445,0,1,4370.21624152093,-0.0642011925773337
addition_stress_instances,Far,3,8203,8923004,Fixed35,4,1000,945,200,385,35,0.3069535,4089.64314699445,4089.64314699445,0,1,4370.21624152093,-0.0642011925773337
addition_stress_instances,Far,3,8203,8923004,Fixed35,4,1500,1465,200,665,35,0.3069535,3969.8858769577,3969.8858769577,0,1,4370.21624152093,-0.0916042462063401
addition_stress_instances,Far,3,8203,8923004,Fixed35,4,2500,2440,200,1190,35,0.3069535,3808.1243756821,3808.1243756821,0,1,4370.21624152093,-0.128618776457433
addition_stress_instances,Far,3,8203,8923004,Fixed40,4,500,440,200,120,40,0.320455,4089.64314699445,4089.64314699445,0,1,4370.21624152093,-0.0642011925773337
addition_stress_instances,Far,3,8203,8923004,Fixed40,4,1000,1000,200,440,40,0.320455,3934.15703595787,3934.15703595787,0,1,4370.21624152093,-0.0997797778105608
addition_stress_instances,Far,3,8203,8923004,Fixed40,4,1500,1490,200,720,40,0.320455,3864.33359705395,3864.33359705395,0,1,4370.21624152093,-0.115756890851452
addition_stress_instances,Far,3,8203,8923004,Fixed40,4,2500,2470,200,1280,40,0.320455,3847.51636080937,3847.51636080937,0,1,4370.21624152093,-0.119605038246265
addition_stress_instances,Far,3,8203,8923004,Adaptive,4,500,450,200,100,25,0.3471913,4089.64314699445,4089.64314699445,0,1,4370.21624152093,-0.0642011925773337
addition_stress_instances,Far,3,8203,8923004,Adaptive,4,1000,1000,200,350,25,0.3471913,4089.64314699445,4089.64314699445,0,1,4370.21624152093,-0.0642011925773337
addition_stress_instances,Far,3,8203,8923004,Adaptive,4,1500,1495,200,575,25,0.3471913,4089.64314699445,4089.64314699445,0,1,4370.21624152093,-0.0642011925773337
addition_stress_instances,Far,3,8203,8923004,Adaptive,4,2500,2500,200,1067,0,0.3471913,3924.59161731968,3924.59161731968,0,1,4370.21624152093,-0.101968552486583
addition_stress_instances,Far,3,8203,8923005,Fixed5,5,500,475,200,35,5,0.3683428,4137.06127770897,4137.06127770897,0,1,4370.21624152093,-0.0533508986573199
addition_stress_instances,Far,3,8203,8923005,Fixed5,5,1000,1000,200,110,5,0.3683428,4137.06127770897,4137.06127770897,0,1,4370.21624152093,-0.0533508986573199
addition_stress_instances,Far,3,8203,8923005,Fixed5,5,1500,1490,200,180,5,0.3683428,4137.06127770897,4137.06127770897,0,1,4370.21624152093,-0.0533508986573199
addition_stress_instances,Far,3,8203,8923005,Fixed5,5,2500,2470,200,320,5,0.3683428,4089.64314699445,4089.64314699445,0,1,4370.21624152093,-0.0642011925773337
addition_stress_instances,Far,3,8203,8923005,Fixed15,5,500,500,200,90,15,0.3685191,4087.09312624841,4087.09312624841,0,1,4370.21624152093,-0.0647846924787382
addition_stress_instances,Far,3,8203,8923005,Fixed15,5,1000,995,200,255,15,0.3685191,4030.75401427666,4030.75401427666,0,1,4370.21624152093,-0.0776762998633982
addition_stress_instances,Far,3,8203,8923005,Fixed15,5,1500,1490,200,420,15,0.3685191,4030.75401427666,4030.75401427666,0,1,4370.21624152093,-0.0776762998633982
addition_stress_instances,Far,3,8203,8923005,Fixed15,5,2500,2480,200,750,15,0.3685191,3931.97223364604,3931.97223364604,0,1,4370.21624152093,-0.100279707834863
addition_stress_instances,Far,3,8203,8923005,Fixed25,5,500,450,200,100,25,0.3982209,3972.0097480342,3972.0097480342,0,1,4370.21624152093,-0.0911182585665694
addition_stress_instances,Far,3,8203,8923005,Fixed25,5,1000,1000,200,350,25,0.3982209,3869.77242953188,3869.77242953188,0,1,4370.21624152093,-0.11451236834333
addition_stress_instances,Far,3,8203,8923005,Fixed25,5,1500,1495,200,575,25,0.3982209,3869.77242953188,3869.77242953188,0,1,4370.21624152093,-0.11451236834333
addition_stress_instances,Far,3,8203,8923005,Fixed25,5,2500,2485,200,1025,25,0.3982209,3816.66353416082,3816.66353416082,0,1,4370.21624152093,-0.126664832303003
addition_stress_instances,Far,3,8203,8923005,Fixed35,5,500,490,200,140,35,0.3216559,3968.97982119856,3968.97982119856,0,1,4370.21624152093,-0.0918115713612212
addition_stress_instances,Far,3,8203,8923005,Fixed35,5,1000,945,200,385,35,0.3216559,3869.77242953188,3869.77242953188,0,1,4370.21624152093,-0.11451236834333
addition_stress_instances,Far,3,8203,8923005,Fixed35,5,1500,1465,200,665,35,0.3216559,3869.77242953188,3869.77242953188,0,1,4370.21624152093,-0.11451236834333
addition_stress_instances,Far,3,8203,8923005,Fixed35,5,2500,2440,200,1190,35,0.3216559,3816.66353416082,3816.66353416082,0,1,4370.21624152093,-0.126664832303003
addition_stress_instances,Far,3,8203,8923005,Fixed40,5,500,440,200,120,40,0.3148938,3968.97982119856,3968.97982119856,0,1,4370.21624152093,-0.0918115713612212
addition_stress_instances,Far,3,8203,8923005,Fixed40,5,1000,1000,200,440,40,0.3148938,3816.66353416082,3816.66353416082,0,1,4370.21624152093,-0.126664832303003
addition_stress_instances,Far,3,8203,8923005,Fixed40,5,1500,1490,200,720,40,0.3148938,3808.1243756821,3808.1243756821,0,1,4370.21624152093,-0.128618776457433
addition_stress_instances,Far,3,8203,8923005,Fixed40,5,2500,2470,200,1280,40,0.3148938,3808.1243756821,3808.1243756821,0,1,4370.21624152093,-0.128618776457433
addition_stress_instances,Far,3,8203,8923005,Adaptive,5,500,450,200,100,25,0.4643296,3972.0097480342,3972.0097480342,0,1,4370.21624152093,-0.0911182585665694
addition_stress_instances,Far,3,8203,8923005,Adaptive,5,1000,1000,200,350,25,0.4643296,3869.77242953188,3869.77242953188,0,1,4370.21624152093,-0.11451236834333
addition_stress_instances,Far,3,8203,8923005,Adaptive,5,1500,1495,200,575,25,0.4643296,3869.77242953188,3869.77242953188,0,1,4370.21624152093,-0.11451236834333
addition_stress_instances,Far,3,8203,8923005,Adaptive,5,2500,2500,200,1054,0,0.4643296,3816.66353416082,3816.66353416082,0,1,4370.21624152093,-0.126664832303003
addition_stress_instances,Far,5,8205,8925001,Fixed5,1,500,475,200,35,5,0.3763411,4031.37481224937,4031.37481224937,0,1,5915.30049145706,-0.318483512702097
addition_stress_instances,Far,5,8205,8925001,Fixed5,1,1000,1000,200,110,5,0.3763411,3933.08456533004,3933.08456533004,0,1,5915.30049145706,-0.335099785545933
addition_stress_instances,Far,5,8205,8925001,Fixed5,1,1500,1490,200,180,5,0.3763411,3933.08456533004,3933.08456533004,0,1,5915.30049145706,-0.335099785545933
addition_stress_instances,Far,5,8205,8925001,Fixed5,1,2500,2470,200,320,5,0.3763411,3933.08456533004,3933.08456533004,0,1,5915.30049145706,-0.335099785545933
addition_stress_instances,Far,5,8205,8925001,Fixed15,1,500,500,200,90,15,0.3904468,4031.25087828458,4031.25087828458,0,1,5915.30049145706,-0.31850446412544
addition_stress_instances,Far,5,8205,8925001,Fixed15,1,1000,995,200,255,15,0.3904468,3932.96063136525,3932.96063136525,0,1,5915.30049145706,-0.335120736969276
addition_stress_instances,Far,5,8205,8925001,Fixed15,1,1500,1490,200,420,15,0.3904468,3932.96063136525,3932.96063136525,0,1,5915.30049145706,-0.335120736969276
addition_stress_instances,Far,5,8205,8925001,Fixed15,1,2500,2480,200,750,15,0.3904468,3932.96063136525,3932.96063136525,0,1,5915.30049145706,-0.335120736969276
addition_stress_instances,Far,5,8205,8925001,Fixed25,1,500,450,200,100,25,0.4127225,4031.25087828458,4031.25087828458,0,1,5915.30049145706,-0.31850446412544
addition_stress_instances,Far,5,8205,8925001,Fixed25,1,1000,1000,200,350,25,0.4127225,3932.96063136525,3932.96063136525,0,1,5915.30049145706,-0.335120736969276
addition_stress_instances,Far,5,8205,8925001,Fixed25,1,1500,1495,200,575,25,0.4127225,3932.96063136525,3932.96063136525,0,1,5915.30049145706,-0.335120736969276
addition_stress_instances,Far,5,8205,8925001,Fixed25,1,2500,2485,200,1025,25,0.4127225,3932.96063136525,3932.96063136525,0,1,5915.30049145706,-0.335120736969276
addition_stress_instances,Far,5,8205,8925001,Fixed35,1,500,490,200,140,35,0.3541163,4031.25087828458,4031.25087828458,0,1,5915.30049145706,-0.31850446412544
addition_stress_instances,Far,5,8205,8925001,Fixed35,1,1000,945,200,385,35,0.3541163,3932.96063136525,3932.96063136525,0,1,5915.30049145706,-0.335120736969276
addition_stress_instances,Far,5,8205,8925001,Fixed35,1,1500,1465,200,665,35,0.3541163,3932.96063136525,3932.96063136525,0,1,5915.30049145706,-0.335120736969276
addition_stress_instances,Far,5,8205,8925001,Fixed35,1,2500,2440,200,1190,35,0.3541163,3932.96063136525,3932.96063136525,0,1,5915.30049145706,-0.335120736969276
addition_stress_instances,Far,5,8205,8925001,Fixed40,1,500,440,200,120,40,0.395095,4031.37481224937,4031.37481224937,0,1,5915.30049145706,-0.318483512702097
addition_stress_instances,Far,5,8205,8925001,Fixed40,1,1000,1000,200,440,40,0.395095,3932.96063136525,3932.96063136525,0,1,5915.30049145706,-0.335120736969276
addition_stress_instances,Far,5,8205,8925001,Fixed40,1,1500,1490,200,720,40,0.395095,3932.96063136525,3932.96063136525,0,1,5915.30049145706,-0.335120736969276
addition_stress_instances,Far,5,8205,8925001,Fixed40,1,2500,2470,200,1280,40,0.395095,3932.96063136525,3932.96063136525,0,1,5915.30049145706,-0.335120736969276
addition_stress_instances,Far,5,8205,8925001,Adaptive,1,500,450,200,100,25,0.3844985,4031.25087828458,4031.25087828458,0,1,5915.30049145706,-0.31850446412544
addition_stress_instances,Far,5,8205,8925001,Adaptive,1,1000,1000,200,350,25,0.3844985,3932.96063136525,3932.96063136525,0,1,5915.30049145706,-0.335120736969276
addition_stress_instances,Far,5,8205,8925001,Adaptive,1,1500,1495,200,575,25,0.3844985,3932.96063136525,3932.96063136525,0,1,5915.30049145706,-0.335120736969276
addition_stress_instances,Far,5,8205,8925001,Adaptive,1,2500,2500,200,1025,0,0.3844985,3932.96063136525,3932.96063136525,0,1,5915.30049145706,-0.335120736969276
addition_stress_instances,Far,5,8205,8925002,Fixed5,2,500,475,200,35,5,0.3679464,4031.25087828458,4031.25087828458,0,1,5915.30049145706,-0.31850446412544
addition_stress_instances,Far,5,8205,8925002,Fixed5,2,1000,1000,200,110,5,0.3679464,4031.25087828458,4031.25087828458,0,1,5915.30049145706,-0.31850446412544
addition_stress_instances,Far,5,8205,8925002,Fixed5,2,1500,1490,200,180,5,0.3679464,4031.25087828458,4031.25087828458,0,1,5915.30049145706,-0.31850446412544
addition_stress_instances,Far,5,8205,8925002,Fixed5,2,2500,2470,200,320,5,0.3679464,4031.25087828458,4031.25087828458,0,1,5915.30049145706,-0.31850446412544
addition_stress_instances,Far,5,8205,8925002,Fixed15,2,500,500,200,90,15,0.4119391,4031.25087828458,4031.25087828458,0,1,5915.30049145706,-0.31850446412544
addition_stress_instances,Far,5,8205,8925002,Fixed15,2,1000,995,200,255,15,0.4119391,3932.96063136525,3932.96063136525,0,1,5915.30049145706,-0.335120736969276
addition_stress_instances,Far,5,8205,8925002,Fixed15,2,1500,1490,200,420,15,0.4119391,3932.96063136525,3932.96063136525,0,1,5915.30049145706,-0.335120736969276
addition_stress_instances,Far,5,8205,8925002,Fixed15,2,2500,2480,200,750,15,0.4119391,3932.96063136525,3932.96063136525,0,1,5915.30049145706,-0.335120736969276
addition_stress_instances,Far,5,8205,8925002,Fixed25,2,500,450,200,100,25,0.3497907,3933.08456533004,3933.08456533004,0,1,5915.30049145706,-0.335099785545933
addition_stress_instances,Far,5,8205,8925002,Fixed25,2,1000,1000,200,350,25,0.3497907,3932.96063136525,3932.96063136525,0,1,5915.30049145706,-0.335120736969276
addition_stress_instances,Far,5,8205,8925002,Fixed25,2,1500,1495,200,575,25,0.3497907,3932.96063136525,3932.96063136525,0,1,5915.30049145706,-0.335120736969276
addition_stress_instances,Far,5,8205,8925002,Fixed25,2,2500,2485,200,1025,25,0.3497907,3932.96063136525,3932.96063136525,0,1,5915.30049145706,-0.335120736969276
addition_stress_instances,Far,5,8205,8925002,Fixed35,2,500,490,200,140,35,0.3127046,3933.08456533004,3933.08456533004,0,1,5915.30049145706,-0.335099785545933
addition_stress_instances,Far,5,8205,8925002,Fixed35,2,1000,945,200,385,35,0.3127046,3932.96063136525,3932.96063136525,0,1,5915.30049145706,-0.335120736969276
addition_stress_instances,Far,5,8205,8925002,Fixed35,2,1500,1465,200,665,35,0.3127046,3932.96063136525,3932.96063136525,0,1,5915.30049145706,-0.335120736969276
addition_stress_instances,Far,5,8205,8925002,Fixed35,2,2500,2440,200,1190,35,0.3127046,3932.96063136525,3932.96063136525,0,1,5915.30049145706,-0.335120736969276
addition_stress_instances,Far,5,8205,8925002,Fixed40,2,500,440,200,120,40,0.3256253,4031.25087828458,4031.25087828458,0,1,5915.30049145706,-0.31850446412544
addition_stress_instances,Far,5,8205,8925002,Fixed40,2,1000,1000,200,440,40,0.3256253,3932.96063136525,3932.96063136525,0,1,5915.30049145706,-0.335120736969276
addition_stress_instances,Far,5,8205,8925002,Fixed40,2,1500,1490,200,720,40,0.3256253,3932.96063136525,3932.96063136525,0,1,5915.30049145706,-0.335120736969276
addition_stress_instances,Far,5,8205,8925002,Fixed40,2,2500,2470,200,1280,40,0.3256253,3932.96063136525,3932.96063136525,0,1,5915.30049145706,-0.335120736969276
addition_stress_instances,Far,5,8205,8925002,Adaptive,2,500,450,200,100,25,0.3374093,3933.08456533004,3933.08456533004,0,1,5915.30049145706,-0.335099785545933
addition_stress_instances,Far,5,8205,8925002,Adaptive,2,1000,1000,200,350,25,0.3374093,3932.96063136525,3932.96063136525,0,1,5915.30049145706,-0.335120736969276
addition_stress_instances,Far,5,8205,8925002,Adaptive,2,1500,1495,200,575,25,0.3374093,3932.96063136525,3932.96063136525,0,1,5915.30049145706,-0.335120736969276
addition_stress_instances,Far,5,8205,8925002,Adaptive,2,2500,2500,200,1025,0,0.3374093,3932.96063136525,3932.96063136525,0,1,5915.30049145706,-0.335120736969276
addition_stress_instances,Far,5,8205,8925003,Fixed5,3,500,475,200,35,5,0.3621128,4031.37481224937,4031.37481224937,0,1,5915.30049145706,-0.318483512702097
addition_stress_instances,Far,5,8205,8925003,Fixed5,3,1000,1000,200,110,5,0.3621128,4031.25087828458,4031.25087828458,0,1,5915.30049145706,-0.31850446412544
addition_stress_instances,Far,5,8205,8925003,Fixed5,3,1500,1490,200,180,5,0.3621128,4031.25087828458,4031.25087828458,0,1,5915.30049145706,-0.31850446412544
addition_stress_instances,Far,5,8205,8925003,Fixed5,3,2500,2470,200,320,5,0.3621128,4031.25087828458,4031.25087828458,0,1,5915.30049145706,-0.31850446412544
addition_stress_instances,Far,5,8205,8925003,Fixed15,3,500,500,200,90,15,0.3503218,4031.25087828458,4031.25087828458,0,1,5915.30049145706,-0.31850446412544
addition_stress_instances,Far,5,8205,8925003,Fixed15,3,1000,995,200,255,15,0.3503218,4031.25087828458,4031.25087828458,0,1,5915.30049145706,-0.31850446412544
addition_stress_instances,Far,5,8205,8925003,Fixed15,3,1500,1490,200,420,15,0.3503218,3932.96063136525,3932.96063136525,0,1,5915.30049145706,-0.335120736969276
addition_stress_instances,Far,5,8205,8925003,Fixed15,3,2500,2480,200,750,15,0.3503218,3932.96063136525,3932.96063136525,0,1,5915.30049145706,-0.335120736969276
addition_stress_instances,Far,5,8205,8925003,Fixed25,3,500,450,200,100,25,0.3523258,4031.25087828458,4031.25087828458,0,1,5915.30049145706,-0.31850446412544
addition_stress_instances,Far,5,8205,8925003,Fixed25,3,1000,1000,200,350,25,0.3523258,3932.96063136525,3932.96063136525,0,1,5915.30049145706,-0.335120736969276
addition_stress_instances,Far,5,8205,8925003,Fixed25,3,1500,1495,200,575,25,0.3523258,3932.96063136525,3932.96063136525,0,1,5915.30049145706,-0.335120736969276
addition_stress_instances,Far,5,8205,8925003,Fixed25,3,2500,2485,200,1025,25,0.3523258,3932.96063136525,3932.96063136525,0,1,5915.30049145706,-0.335120736969276
addition_stress_instances,Far,5,8205,8925003,Fixed35,3,500,490,200,140,35,0.3101028,4031.25087828458,4031.25087828458,0,1,5915.30049145706,-0.31850446412544
addition_stress_instances,Far,5,8205,8925003,Fixed35,3,1000,945,200,385,35,0.3101028,3932.96063136525,3932.96063136525,0,1,5915.30049145706,-0.335120736969276
addition_stress_instances,Far,5,8205,8925003,Fixed35,3,1500,1465,200,665,35,0.3101028,3932.96063136525,3932.96063136525,0,1,5915.30049145706,-0.335120736969276
addition_stress_instances,Far,5,8205,8925003,Fixed35,3,2500,2440,200,1190,35,0.3101028,3932.96063136525,3932.96063136525,0,1,5915.30049145706,-0.335120736969276
addition_stress_instances,Far,5,8205,8925003,Fixed40,3,500,440,200,120,40,0.3169466,4031.25087828458,4031.25087828458,0,1,5915.30049145706,-0.31850446412544
addition_stress_instances,Far,5,8205,8925003,Fixed40,3,1000,1000,200,440,40,0.3169466,3932.96063136525,3932.96063136525,0,1,5915.30049145706,-0.335120736969276
addition_stress_instances,Far,5,8205,8925003,Fixed40,3,1500,1490,200,720,40,0.3169466,3932.96063136525,3932.96063136525,0,1,5915.30049145706,-0.335120736969276
addition_stress_instances,Far,5,8205,8925003,Fixed40,3,2500,2470,200,1280,40,0.3169466,3932.96063136525,3932.96063136525,0,1,5915.30049145706,-0.335120736969276
addition_stress_instances,Far,5,8205,8925003,Adaptive,3,500,450,200,100,25,0.3420652,4031.25087828458,4031.25087828458,0,1,5915.30049145706,-0.31850446412544
addition_stress_instances,Far,5,8205,8925003,Adaptive,3,1000,1000,200,350,25,0.3420652,3932.96063136525,3932.96063136525,0,1,5915.30049145706,-0.335120736969276
addition_stress_instances,Far,5,8205,8925003,Adaptive,3,1500,1495,200,575,25,0.3420652,3932.96063136525,3932.96063136525,0,1,5915.30049145706,-0.335120736969276
addition_stress_instances,Far,5,8205,8925003,Adaptive,3,2500,2500,200,1025,0,0.3420652,3932.96063136525,3932.96063136525,0,1,5915.30049145706,-0.335120736969276
addition_stress_instances,Far,5,8205,8925004,Fixed5,4,500,475,200,35,5,0.3565672,4031.37481224937,4031.37481224937,0,1,5915.30049145706,-0.318483512702097
addition_stress_instances,Far,5,8205,8925004,Fixed5,4,1000,1000,200,110,5,0.3565672,4031.37481224937,4031.37481224937,0,1,5915.30049145706,-0.318483512702097
addition_stress_instances,Far,5,8205,8925004,Fixed5,4,1500,1490,200,180,5,0.3565672,3933.08456533004,3933.08456533004,0,1,5915.30049145706,-0.335099785545933
addition_stress_instances,Far,5,8205,8925004,Fixed5,4,2500,2470,200,320,5,0.3565672,3933.08456533004,3933.08456533004,0,1,5915.30049145706,-0.335099785545933
addition_stress_instances,Far,5,8205,8925004,Fixed15,4,500,500,200,90,15,0.3486988,4031.37481224937,4031.37481224937,0,1,5915.30049145706,-0.318483512702097
addition_stress_instances,Far,5,8205,8925004,Fixed15,4,1000,995,200,255,15,0.3486988,4031.37481224937,4031.37481224937,0,1,5915.30049145706,-0.318483512702097
addition_stress_instances,Far,5,8205,8925004,Fixed15,4,1500,1490,200,420,15,0.3486988,4031.37481224937,4031.37481224937,0,1,5915.30049145706,-0.318483512702097
addition_stress_instances,Far,5,8205,8925004,Fixed15,4,2500,2480,200,750,15,0.3486988,3932.96063136525,3932.96063136525,0,1,5915.30049145706,-0.335120736969276
addition_stress_instances,Far,5,8205,8925004,Fixed25,4,500,450,200,100,25,0.3460866,4031.37481224937,4031.37481224937,0,1,5915.30049145706,-0.318483512702097
addition_stress_instances,Far,5,8205,8925004,Fixed25,4,1000,1000,200,350,25,0.3460866,4031.25087828458,4031.25087828458,0,1,5915.30049145706,-0.31850446412544
addition_stress_instances,Far,5,8205,8925004,Fixed25,4,1500,1495,200,575,25,0.3460866,4031.25087828458,4031.25087828458,0,1,5915.30049145706,-0.31850446412544
addition_stress_instances,Far,5,8205,8925004,Fixed25,4,2500,2485,200,1025,25,0.3460866,3932.96063136525,3932.96063136525,0,1,5915.30049145706,-0.335120736969276
addition_stress_instances,Far,5,8205,8925004,Fixed35,4,500,490,200,140,35,0.306225,4031.37481224937,4031.37481224937,0,1,5915.30049145706,-0.318483512702097
addition_stress_instances,Far,5,8205,8925004,Fixed35,4,1000,945,200,385,35,0.306225,4031.25087828458,4031.25087828458,0,1,5915.30049145706,-0.31850446412544
addition_stress_instances,Far,5,8205,8925004,Fixed35,4,1500,1465,200,665,35,0.306225,4031.25087828458,4031.25087828458,0,1,5915.30049145706,-0.31850446412544
addition_stress_instances,Far,5,8205,8925004,Fixed35,4,2500,2440,200,1190,35,0.306225,4031.25087828458,4031.25087828458,0,1,5915.30049145706,-0.31850446412544
addition_stress_instances,Far,5,8205,8925004,Fixed40,4,500,440,200,120,40,0.3094047,4031.37481224937,4031.37481224937,0,1,5915.30049145706,-0.318483512702097
addition_stress_instances,Far,5,8205,8925004,Fixed40,4,1000,1000,200,440,40,0.3094047,4031.25087828458,4031.25087828458,0,1,5915.30049145706,-0.31850446412544
addition_stress_instances,Far,5,8205,8925004,Fixed40,4,1500,1490,200,720,40,0.3094047,4031.25087828458,4031.25087828458,0,1,5915.30049145706,-0.31850446412544
addition_stress_instances,Far,5,8205,8925004,Fixed40,4,2500,2470,200,1280,40,0.3094047,4031.25087828458,4031.25087828458,0,1,5915.30049145706,-0.31850446412544
addition_stress_instances,Far,5,8205,8925004,Adaptive,4,500,450,200,100,25,0.3557231,4031.37481224937,4031.37481224937,0,1,5915.30049145706,-0.318483512702097
addition_stress_instances,Far,5,8205,8925004,Adaptive,4,1000,1000,200,350,25,0.3557231,4031.25087828458,4031.25087828458,0,1,5915.30049145706,-0.31850446412544
addition_stress_instances,Far,5,8205,8925004,Adaptive,4,1500,1495,200,575,25,0.3557231,4031.25087828458,4031.25087828458,0,1,5915.30049145706,-0.31850446412544
addition_stress_instances,Far,5,8205,8925004,Adaptive,4,2500,2500,200,1060,0,0.3557231,3932.96063136525,3932.96063136525,0,1,5915.30049145706,-0.335120736969276
addition_stress_instances,Far,5,8205,8925005,Fixed5,5,500,475,200,35,5,0.3558942,4031.37481224937,4031.37481224937,0,1,5915.30049145706,-0.318483512702097
addition_stress_instances,Far,5,8205,8925005,Fixed5,5,1000,1000,200,110,5,0.3558942,4031.37481224937,4031.37481224937,0,1,5915.30049145706,-0.318483512702097
addition_stress_instances,Far,5,8205,8925005,Fixed5,5,1500,1490,200,180,5,0.3558942,4031.37481224937,4031.37481224937,0,1,5915.30049145706,-0.318483512702097
addition_stress_instances,Far,5,8205,8925005,Fixed5,5,2500,2470,200,320,5,0.3558942,3933.08456533004,3933.08456533004,0,1,5915.30049145706,-0.335099785545933
addition_stress_instances,Far,5,8205,8925005,Fixed15,5,500,500,200,90,15,0.3451584,4031.37481224937,4031.37481224937,0,1,5915.30049145706,-0.318483512702097
addition_stress_instances,Far,5,8205,8925005,Fixed15,5,1000,995,200,255,15,0.3451584,4031.37481224937,4031.37481224937,0,1,5915.30049145706,-0.318483512702097
addition_stress_instances,Far,5,8205,8925005,Fixed15,5,1500,1490,200,420,15,0.3451584,4031.37481224937,4031.37481224937,0,1,5915.30049145706,-0.318483512702097
addition_stress_instances,Far,5,8205,8925005,Fixed15,5,2500,2480,200,750,15,0.3451584,3932.96063136525,3932.96063136525,0,1,5915.30049145706,-0.335120736969276
addition_stress_instances,Far,5,8205,8925005,Fixed25,5,500,450,200,100,25,0.3419981,4031.37481224937,4031.37481224937,0,1,5915.30049145706,-0.318483512702097
addition_stress_instances,Far,5,8205,8925005,Fixed25,5,1000,1000,200,350,25,0.3419981,3933.08456533004,3933.08456533004,0,1,5915.30049145706,-0.335099785545933
addition_stress_instances,Far,5,8205,8925005,Fixed25,5,1500,1495,200,575,25,0.3419981,3933.08456533004,3933.08456533004,0,1,5915.30049145706,-0.335099785545933
addition_stress_instances,Far,5,8205,8925005,Fixed25,5,2500,2485,200,1025,25,0.3419981,3932.96063136525,3932.96063136525,0,1,5915.30049145706,-0.335120736969276
addition_stress_instances,Far,5,8205,8925005,Fixed35,5,500,490,200,140,35,0.323311,4031.37481224937,4031.37481224937,0,1,5915.30049145706,-0.318483512702097
addition_stress_instances,Far,5,8205,8925005,Fixed35,5,1000,945,200,385,35,0.323311,4031.25087828458,4031.25087828458,0,1,5915.30049145706,-0.31850446412544
addition_stress_instances,Far,5,8205,8925005,Fixed35,5,1500,1465,200,665,35,0.323311,3932.96063136525,3932.96063136525,0,1,5915.30049145706,-0.335120736969276
addition_stress_instances,Far,5,8205,8925005,Fixed35,5,2500,2440,200,1190,35,0.323311,3932.96063136525,3932.96063136525,0,1,5915.30049145706,-0.335120736969276
addition_stress_instances,Far,5,8205,8925005,Fixed40,5,500,440,200,120,40,0.3268004,3933.08456533004,3933.08456533004,0,1,5915.30049145706,-0.335099785545933
addition_stress_instances,Far,5,8205,8925005,Fixed40,5,1000,1000,200,440,40,0.3268004,3932.96063136525,3932.96063136525,0,1,5915.30049145706,-0.335120736969276
addition_stress_instances,Far,5,8205,8925005,Fixed40,5,1500,1490,200,720,40,0.3268004,3932.96063136525,3932.96063136525,0,1,5915.30049145706,-0.335120736969276
addition_stress_instances,Far,5,8205,8925005,Fixed40,5,2500,2470,200,1280,40,0.3268004,3932.96063136525,3932.96063136525,0,1,5915.30049145706,-0.335120736969276
addition_stress_instances,Far,5,8205,8925005,Adaptive,5,500,450,200,100,25,0.3400051,4031.37481224937,4031.37481224937,0,1,5915.30049145706,-0.318483512702097
addition_stress_instances,Far,5,8205,8925005,Adaptive,5,1000,1000,200,350,25,0.3400051,3933.08456533004,3933.08456533004,0,1,5915.30049145706,-0.335099785545933
addition_stress_instances,Far,5,8205,8925005,Adaptive,5,1500,1495,200,575,25,0.3400051,3933.08456533004,3933.08456533004,0,1,5915.30049145706,-0.335099785545933
addition_stress_instances,Far,5,8205,8925005,Adaptive,5,2500,2500,200,1025,0,0.3400051,3932.96063136525,3932.96063136525,0,1,5915.30049145706,-0.335120736969276
