dataset,level,instance,scenario_seed,algorithm_seed,event_type,event_size,strategy,seed_index,checkpoint_fe,actual_fe,warm_start_fe,impact_preprocess_fe,local_search_fe,response_time,fitness,distance,total_late,is_feasible,reference_cost,gap_to_reference,overtake_repair,first_feasible_fe,impact_priority_fe,impact_global_fe,improvement_per_100_local_fe,mean_accepted_source_rank
addition_instances,M1,9,6109,6809001,add,1,Repair,1,500,19,0,0,0,0.0092664,3489.87731324602,3489.87731324602,0,1,3489.87731324602,0,0,NaN,0,0,NaN,NaN
addition_instances,M1,9,6109,6809001,add,1,Repair,1,1000,19,0,0,0,0.0092664,3489.87731324602,3489.87731324602,0,1,3489.87731324602,0,0,NaN,0,0,NaN,NaN
addition_instances,M1,9,6109,6809001,add,1,Repair,1,1500,19,0,0,0,0.0092664,3489.87731324602,3489.87731324602,0,1,3489.87731324602,0,0,NaN,0,0,NaN,NaN
addition_instances,M1,9,6109,6809001,add,1,Repair,1,2500,19,0,0,0,0.0092664,3489.87731324602,3489.87731324602,0,1,3489.87731324602,0,0,NaN,0,0,NaN,NaN
addition_instances,M1,9,6109,6809001,add,1,WarmPSO,1,500,498,78,0,0,0.2436432,3489.87731324602,3489.87731324602,0,1,3489.87731324602,0,0,79,NaN,NaN,0,NaN
addition_instances,M1,9,6109,6809001,add,1,WarmPSO,1,1000,978,78,0,0,0.2436432,3489.87731324602,3489.87731324602,0,1,3489.87731324602,0,0,79,NaN,NaN,0,NaN
addition_instances,M1,9,6109,6809001,add,1,WarmPSO,1,1500,1488,78,0,0,0.2436432,3489.87731324602,3489.87731324602,0,1,3489.87731324602,0,0,79,NaN,NaN,0,NaN
addition_instances,M1,9,6109,6809001,add,1,WarmPSO,1,2500,2478,78,0,0,0.2436432,3489.87731324602,3489.87731324602,0,1,3489.87731324602,0,0,79,NaN,NaN,0,NaN
addition_instances,M1,9,6109,6809001,add,1,WarmPSO_GlobalRelocate,1,500,493,78,0,175,0.3044672,3489.75337928123,3489.75337928123,0,1,3489.87731324602,-3.55124130936371e-05,1,79,NaN,NaN,0.186046511627907,1.5
addition_instances,M1,9,6109,6809001,add,1,WarmPSO_GlobalRelocate,1,1000,988,78,0,400,0.3044672,3489.75337928123,3489.75337928123,0,1,3489.87731324602,-3.55124130936371e-05,1,79,NaN,NaN,0.186046511627907,1.5
addition_instances,M1,9,6109,6809001,add,1,WarmPSO_GlobalRelocate,1,1500,1483,78,0,625,0.3044672,3489.75337928123,3489.75337928123,0,1,3489.87731324602,-3.55124130936371e-05,1,79,NaN,NaN,0.186046511627907,1.5
addition_instances,M1,9,6109,6809001,add,1,WarmPSO_GlobalRelocate,1,2500,2473,78,0,1075,0.3044672,3442.3352485667,3442.3352485667,0,1,3489.87731324602,-0.0136228469977629,1,79,NaN,NaN,0.186046511627907,1.5
addition_instances,M1,9,6109,6809001,add,1,WarmPSO_ImpactRelocate,1,500,458,78,20,150,0.2857286,3489.75337928123,3489.75337928123,0,1,3489.87731324602,-3.55124130936371e-05,1,99,1075,0,0.186046511627907,1.5
addition_instances,M1,9,6109,6809001,add,1,WarmPSO_ImpactRelocate,1,1000,953,78,20,375,0.2857286,3442.3352485667,3442.3352485667,0,1,3489.87731324602,-0.0136228469977629,1,99,1075,0,0.186046511627907,1.5
addition_instances,M1,9,6109,6809001,add,1,WarmPSO_ImpactRelocate,1,1500,1448,78,20,600,0.2857286,3442.3352485667,3442.3352485667,0,1,3489.87731324602,-0.0136228469977629,1,99,1075,0,0.186046511627907,1.5
addition_instances,M1,9,6109,6809001,add,1,WarmPSO_ImpactRelocate,1,2500,2493,78,20,1075,0.2857286,3442.3352485667,3442.3352485667,0,1,3489.87731324602,-0.0136228469977629,1,99,1075,0,0.186046511627907,1.5
addition_instances,M1,9,6109,6809002,add,1,Repair,2,500,19,0,0,0,0.003125,3489.87731324602,3489.87731324602,0,1,3489.87731324602,0,0,NaN,0,0,NaN,NaN
addition_instances,M1,9,6109,6809002,add,1,Repair,2,1000,19,0,0,0,0.003125,3489.87731324602,3489.87731324602,0,1,3489.87731324602,0,0,NaN,0,0,NaN,NaN
addition_instances,M1,9,6109,6809002,add,1,Repair,2,1500,19,0,0,0,0.003125,3489.87731324602,3489.87731324602,0,1,3489.87731324602,0,0,NaN,0,0,NaN,NaN
addition_instances,M1,9,6109,6809002,add,1,Repair,2,2500,19,0,0,0,0.003125,3489.87731324602,3489.87731324602,0,1,3489.87731324602,0,0,NaN,0,0,NaN,NaN
addition_instances,M1,9,6109,6809002,add,1,WarmPSO,2,500,496,76,0,0,0.2287798,3489.87731324602,3489.87731324602,0,1,3489.87731324602,0,0,77,NaN,NaN,0,NaN
addition_instances,M1,9,6109,6809002,add,1,WarmPSO,2,1000,976,76,0,0,0.2287798,3489.87731324602,3489.87731324602,0,1,3489.87731324602,0,0,77,NaN,NaN,0,NaN
addition_instances,M1,9,6109,6809002,add,1,WarmPSO,2,1500,1486,76,0,0,0.2287798,3489.87731324602,3489.87731324602,0,1,3489.87731324602,0,0,77,NaN,NaN,0,NaN
addition_instances,M1,9,6109,6809002,add,1,WarmPSO,2,2500,2476,76,0,0,0.2287798,3489.87731324602,3489.87731324602,0,1,3489.87731324602,0,0,77,NaN,NaN,0,NaN
addition_instances,M1,9,6109,6809002,add,1,WarmPSO_GlobalRelocate,2,500,491,76,0,175,0.2356082,3489.87731324602,3489.87731324602,0,1,3489.87731324602,0,0,77,NaN,NaN,0.186046511627907,1.5
addition_instances,M1,9,6109,6809002,add,1,WarmPSO_GlobalRelocate,2,1000,986,76,0,400,0.2356082,3442.4591825315,3442.4591825315,0,1,3489.87731324602,-0.0135873345846693,1,77,NaN,NaN,0.186046511627907,1.5
addition_instances,M1,9,6109,6809002,add,1,WarmPSO_GlobalRelocate,2,1500,1481,76,0,625,0.2356082,3442.3352485667,3442.3352485667,0,1,3489.87731324602,-0.0136228469977629,1,77,NaN,NaN,0.186046511627907,1.5
addition_instances,M1,9,6109,6809002,add,1,WarmPSO_GlobalRelocate,2,2500,2471,76,0,1075,0.2356082,3442.3352485667,3442.3352485667,0,1,3489.87731324602,-0.0136228469977629,1,77,NaN,NaN,0.186046511627907,1.5
addition_instances,M1,9,6109,6809002,add,1,WarmPSO_ImpactRelocate,2,500,456,76,20,150,0.251245,3489.87731324602,3489.87731324602,0,1,3489.87731324602,0,0,97,1075,0,0.186046511627907,1.5
addition_instances,M1,9,6109,6809002,add,1,WarmPSO_ImpactRelocate,2,1000,951,76,20,375,0.251245,3489.87731324602,3489.87731324602,0,1,3489.87731324602,0,0,97,1075,0,0.186046511627907,1.5
addition_instances,M1,9,6109,6809002,add,1,WarmPSO_ImpactRelocate,2,1500,1446,76,20,600,0.251245,3489.75337928123,3489.75337928123,0,1,3489.87731324602,-3.55124130936371e-05,1,97,1075,0,0.186046511627907,1.5
addition_instances,M1,9,6109,6809002,add,1,WarmPSO_ImpactRelocate,2,2500,2491,76,20,1075,0.251245,3442.3352485667,3442.3352485667,0,1,3489.87731324602,-0.0136228469977629,1,97,1075,0,0.186046511627907,1.5
addition_instances,M1,9,6109,6809003,add,1,Repair,3,500,19,0,0,0,0.0021033,3489.87731324602,3489.87731324602,0,1,3489.87731324602,0,0,NaN,0,0,NaN,NaN
addition_instances,M1,9,6109,6809003,add,1,Repair,3,1000,19,0,0,0,0.0021033,3489.87731324602,3489.87731324602,0,1,3489.87731324602,0,0,NaN,0,0,NaN,NaN
addition_instances,M1,9,6109,6809003,add,1,Repair,3,1500,19,0,0,0,0.0021033,3489.87731324602,3489.87731324602,0,1,3489.87731324602,0,0,NaN,0,0,NaN,NaN
addition_instances,M1,9,6109,6809003,add,1,Repair,3,2500,19,0,0,0,0.0021033,3489.87731324602,3489.87731324602,0,1,3489.87731324602,0,0,NaN,0,0,NaN,NaN
addition_instances,M1,9,6109,6809003,add,1,WarmPSO,3,500,497,77,0,0,0.2109661,3489.87731324602,3489.87731324602,0,1,3489.87731324602,0,0,78,NaN,NaN,0,NaN
addition_instances,M1,9,6109,6809003,add,1,WarmPSO,3,1000,977,77,0,0,0.2109661,3489.87731324602,3489.87731324602,0,1,3489.87731324602,0,0,78,NaN,NaN,0,NaN
addition_instances,M1,9,6109,6809003,add,1,WarmPSO,3,1500,1487,77,0,0,0.2109661,3489.87731324602,3489.87731324602,0,1,3489.87731324602,0,0,78,NaN,NaN,0,NaN
addition_instances,M1,9,6109,6809003,add,1,WarmPSO,3,2500,2477,77,0,0,0.2109661,3489.87731324602,3489.87731324602,0,1,3489.87731324602,0,0,78,NaN,NaN,0,NaN
addition_instances,M1,9,6109,6809003,add,1,WarmPSO_GlobalRelocate,3,500,492,77,0,175,0.2564035,3489.87731324602,3489.87731324602,0,1,3489.87731324602,0,0,78,NaN,NaN,0.186046511627907,1
addition_instances,M1,9,6109,6809003,add,1,WarmPSO_GlobalRelocate,3,1000,987,77,0,400,0.2564035,3489.75337928123,3489.75337928123,0,1,3489.87731324602,-3.55124130936371e-05,1,78,NaN,NaN,0.186046511627907,1
addition_instances,M1,9,6109,6809003,add,1,WarmPSO_GlobalRelocate,3,1500,1482,77,0,625,0.2564035,3442.3352485667,3442.3352485667,0,1,3489.87731324602,-0.0136228469977629,1,78,NaN,NaN,0.186046511627907,1
addition_instances,M1,9,6109,6809003,add,1,WarmPSO_GlobalRelocate,3,2500,2472,77,0,1075,0.2564035,3442.3352485667,3442.3352485667,0,1,3489.87731324602,-0.0136228469977629,1,78,NaN,NaN,0.186046511627907,1
addition_instances,M1,9,6109,6809003,add,1,WarmPSO_ImpactRelocate,3,500,457,77,20,150,0.235069,3489.87731324602,3489.87731324602,0,1,3489.87731324602,0,0,98,1075,0,0.186046511627907,1
addition_instances,M1,9,6109,6809003,add,1,WarmPSO_ImpactRelocate,3,1000,952,77,20,375,0.235069,3489.87731324602,3489.87731324602,0,1,3489.87731324602,0,0,98,1075,0,0.186046511627907,1
addition_instances,M1,9,6109,6809003,add,1,WarmPSO_ImpactRelocate,3,1500,1447,77,20,600,0.235069,3442.4591825315,3442.4591825315,0,1,3489.87731324602,-0.0135873345846693,1,98,1075,0,0.186046511627907,1
addition_instances,M1,9,6109,6809003,add,1,WarmPSO_ImpactRelocate,3,2500,2492,77,20,1075,0.235069,3442.3352485667,3442.3352485667,0,1,3489.87731324602,-0.0136228469977629,1,98,1075,0,0.186046511627907,1
addition_instances,M1,9,6109,6809004,add,1,Repair,4,500,19,0,0,0,0.0025858,3489.87731324602,3489.87731324602,0,1,3489.87731324602,0,0,NaN,0,0,NaN,NaN
addition_instances,M1,9,6109,6809004,add,1,Repair,4,1000,19,0,0,0,0.0025858,3489.87731324602,3489.87731324602,0,1,3489.87731324602,0,0,NaN,0,0,NaN,NaN
addition_instances,M1,9,6109,6809004,add,1,Repair,4,1500,19,0,0,0,0.0025858,3489.87731324602,3489.87731324602,0,1,3489.87731324602,0,0,NaN,0,0,NaN,NaN
addition_instances,M1,9,6109,6809004,add,1,Repair,4,2500,19,0,0,0,0.0025858,3489.87731324602,3489.87731324602,0,1,3489.87731324602,0,0,NaN,0,0,NaN,NaN
addition_instances,M1,9,6109,6809004,add,1,WarmPSO,4,500,498,78,0,0,0.1981003,3489.87731324602,3489.87731324602,0,1,3489.87731324602,0,0,79,NaN,NaN,0,NaN
addition_instances,M1,9,6109,6809004,add,1,WarmPSO,4,1000,978,78,0,0,0.1981003,3489.87731324602,3489.87731324602,0,1,3489.87731324602,0,0,79,NaN,NaN,0,NaN
addition_instances,M1,9,6109,6809004,add,1,WarmPSO,4,1500,1488,78,0,0,0.1981003,3489.87731324602,3489.87731324602,0,1,3489.87731324602,0,0,79,NaN,NaN,0,NaN
addition_instances,M1,9,6109,6809004,add,1,WarmPSO,4,2500,2478,78,0,0,0.1981003,3489.87731324602,3489.87731324602,0,1,3489.87731324602,0,0,79,NaN,NaN,0,NaN
addition_instances,M1,9,6109,6809004,add,1,WarmPSO_GlobalRelocate,4,500,493,78,0,175,0.2396577,3442.3352485667,3442.3352485667,0,1,3489.87731324602,-0.0136228469977629,1,79,NaN,NaN,0.186046511627907,1.5
addition_instances,M1,9,6109,6809004,add,1,WarmPSO_GlobalRelocate,4,1000,988,78,0,400,0.2396577,3442.3352485667,3442.3352485667,0,1,3489.87731324602,-0.0136228469977629,1,79,NaN,NaN,0.186046511627907,1.5
addition_instances,M1,9,6109,6809004,add,1,WarmPSO_GlobalRelocate,4,1500,1483,78,0,625,0.2396577,3442.3352485667,3442.3352485667,0,1,3489.87731324602,-0.0136228469977629,1,79,NaN,NaN,0.186046511627907,1.5
addition_instances,M1,9,6109,6809004,add,1,WarmPSO_GlobalRelocate,4,2500,2473,78,0,1075,0.2396577,3442.3352485667,3442.3352485667,0,1,3489.87731324602,-0.0136228469977629,1,79,NaN,NaN,0.186046511627907,1.5
addition_instances,M1,9,6109,6809004,add,1,WarmPSO_ImpactRelocate,4,500,458,78,20,150,0.2344316,3489.87731324602,3489.87731324602,0,1,3489.87731324602,0,0,99,1075,0,0.186046511627907,1
addition_instances,M1,9,6109,6809004,add,1,WarmPSO_ImpactRelocate,4,1000,953,78,20,375,0.2344316,3489.87731324602,3489.87731324602,0,1,3489.87731324602,0,0,99,1075,0,0.186046511627907,1
addition_instances,M1,9,6109,6809004,add,1,WarmPSO_ImpactRelocate,4,1500,1448,78,20,600,0.2344316,3489.87731324602,3489.87731324602,0,1,3489.87731324602,0,0,99,1075,0,0.186046511627907,1
addition_instances,M1,9,6109,6809004,add,1,WarmPSO_ImpactRelocate,4,2500,2493,78,20,1075,0.2344316,3442.3352485667,3442.3352485667,0,1,3489.87731324602,-0.0136228469977629,1,99,1075,0,0.186046511627907,1
addition_instances,M1,9,6109,6809005,add,1,Repair,5,500,19,0,0,0,0.0040905,3489.87731324602,3489.87731324602,0,1,3489.87731324602,0,0,NaN,0,0,NaN,NaN
addition_instances,M1,9,6109,6809005,add,1,Repair,5,1000,19,0,0,0,0.0040905,3489.87731324602,3489.87731324602,0,1,3489.87731324602,0,0,NaN,0,0,NaN,NaN
addition_instances,M1,9,6109,6809005,add,1,Repair,5,1500,19,0,0,0,0.0040905,3489.87731324602,3489.87731324602,0,1,3489.87731324602,0,0,NaN,0,0,NaN,NaN
addition_instances,M1,9,6109,6809005,add,1,Repair,5,2500,19,0,0,0,0.0040905,3489.87731324602,3489.87731324602,0,1,3489.87731324602,0,0,NaN,0,0,NaN,NaN
addition_instances,M1,9,6109,6809005,add,1,WarmPSO,5,500,493,73,0,0,0.2042518,3489.87731324602,3489.87731324602,0,1,3489.87731324602,0,0,74,NaN,NaN,0,NaN
addition_instances,M1,9,6109,6809005,add,1,WarmPSO,5,1000,973,73,0,0,0.2042518,3489.87731324602,3489.87731324602,0,1,3489.87731324602,0,0,74,NaN,NaN,0,NaN
addition_instances,M1,9,6109,6809005,add,1,WarmPSO,5,1500,1483,73,0,0,0.2042518,3489.87731324602,3489.87731324602,0,1,3489.87731324602,0,0,74,NaN,NaN,0,NaN
addition_instances,M1,9,6109,6809005,add,1,WarmPSO,5,2500,2473,73,0,0,0.2042518,3489.87731324602,3489.87731324602,0,1,3489.87731324602,0,0,74,NaN,NaN,0,NaN
addition_instances,M1,9,6109,6809005,add,1,WarmPSO_GlobalRelocate,5,500,488,73,0,175,0.2366849,3489.87731324602,3489.87731324602,0,1,3489.87731324602,0,0,74,NaN,NaN,0.186046511627907,1.5
addition_instances,M1,9,6109,6809005,add,1,WarmPSO_GlobalRelocate,5,1000,983,73,0,400,0.2366849,3442.3352485667,3442.3352485667,0,1,3489.87731324602,-0.0136228469977629,1,74,NaN,NaN,0.186046511627907,1.5
addition_instances,M1,9,6109,6809005,add,1,WarmPSO_GlobalRelocate,5,1500,1478,73,0,625,0.2366849,3442.3352485667,3442.3352485667,0,1,3489.87731324602,-0.0136228469977629,1,74,NaN,NaN,0.186046511627907,1.5
addition_instances,M1,9,6109,6809005,add,1,WarmPSO_GlobalRelocate,5,2500,2468,73,0,1075,0.2366849,3442.3352485667,3442.3352485667,0,1,3489.87731324602,-0.0136228469977629,1,74,NaN,NaN,0.186046511627907,1.5
addition_instances,M1,9,6109,6809005,add,1,WarmPSO_ImpactRelocate,5,500,453,73,20,150,0.2347706,3489.87731324602,3489.87731324602,0,1,3489.87731324602,0,0,94,1075,0,0,NaN
addition_instances,M1,9,6109,6809005,add,1,WarmPSO_ImpactRelocate,5,1000,948,73,20,375,0.2347706,3489.87731324602,3489.87731324602,0,1,3489.87731324602,0,0,94,1075,0,0,NaN
addition_instances,M1,9,6109,6809005,add,1,WarmPSO_ImpactRelocate,5,1500,1498,73,20,625,0.2347706,3489.87731324602,3489.87731324602,0,1,3489.87731324602,0,0,94,1075,0,0,NaN
addition_instances,M1,9,6109,6809005,add,1,WarmPSO_ImpactRelocate,5,2500,2488,73,20,1075,0.2347706,3489.87731324602,3489.87731324602,0,1,3489.87731324602,0,0,94,1075,0,0,NaN
addition_instances,M1,9,6109,6809006,add,1,Repair,6,500,19,0,0,0,0.0014555,3489.87731324602,3489.87731324602,0,1,3489.87731324602,0,0,NaN,0,0,NaN,NaN
addition_instances,M1,9,6109,6809006,add,1,Repair,6,1000,19,0,0,0,0.0014555,3489.87731324602,3489.87731324602,0,1,3489.87731324602,0,0,NaN,0,0,NaN,NaN
addition_instances,M1,9,6109,6809006,add,1,Repair,6,1500,19,0,0,0,0.0014555,3489.87731324602,3489.87731324602,0,1,3489.87731324602,0,0,NaN,0,0,NaN,NaN
addition_instances,M1,9,6109,6809006,add,1,Repair,6,2500,19,0,0,0,0.0014555,3489.87731324602,3489.87731324602,0,1,3489.87731324602,0,0,NaN,0,0,NaN,NaN
addition_instances,M1,9,6109,6809006,add,1,WarmPSO,6,500,498,78,0,0,0.2003223,3489.87731324602,3489.87731324602,0,1,3489.87731324602,0,0,79,NaN,NaN,0,NaN
addition_instances,M1,9,6109,6809006,add,1,WarmPSO,6,1000,978,78,0,0,0.2003223,3489.87731324602,3489.87731324602,0,1,3489.87731324602,0,0,79,NaN,NaN,0,NaN
addition_instances,M1,9,6109,6809006,add,1,WarmPSO,6,1500,1488,78,0,0,0.2003223,3489.87731324602,3489.87731324602,0,1,3489.87731324602,0,0,79,NaN,NaN,0,NaN
addition_instances,M1,9,6109,6809006,add,1,WarmPSO,6,2500,2478,78,0,0,0.2003223,3489.87731324602,3489.87731324602,0,1,3489.87731324602,0,0,79,NaN,NaN,0,NaN
addition_instances,M1,9,6109,6809006,add,1,WarmPSO_GlobalRelocate,6,500,493,78,0,175,0.2313037,3442.3352485667,3442.3352485667,0,1,3489.87731324602,-0.0136228469977629,1,79,NaN,NaN,0.186046511627907,1
addition_instances,M1,9,6109,6809006,add,1,WarmPSO_GlobalRelocate,6,1000,988,78,0,400,0.2313037,3442.3352485667,3442.3352485667,0,1,3489.87731324602,-0.0136228469977629,1,79,NaN,NaN,0.186046511627907,1
addition_instances,M1,9,6109,6809006,add,1,WarmPSO_GlobalRelocate,6,1500,1483,78,0,625,0.2313037,3442.3352485667,3442.3352485667,0,1,3489.87731324602,-0.0136228469977629,1,79,NaN,NaN,0.186046511627907,1
addition_instances,M1,9,6109,6809006,add,1,WarmPSO_GlobalRelocate,6,2500,2473,78,0,1075,0.2313037,3442.3352485667,3442.3352485667,0,1,3489.87731324602,-0.0136228469977629,1,79,NaN,NaN,0.186046511627907,1
addition_instances,M1,9,6109,6809006,add,1,WarmPSO_ImpactRelocate,6,500,458,78,20,150,0.2277003,3489.87731324602,3489.87731324602,0,1,3489.87731324602,0,0,99,1075,0,0.186046511627907,1
addition_instances,M1,9,6109,6809006,add,1,WarmPSO_ImpactRelocate,6,1000,953,78,20,375,0.2277003,3489.75337928123,3489.75337928123,0,1,3489.87731324602,-3.55124130936371e-05,1,99,1075,0,0.186046511627907,1
addition_instances,M1,9,6109,6809006,add,1,WarmPSO_ImpactRelocate,6,1500,1448,78,20,600,0.2277003,3442.3352485667,3442.3352485667,0,1,3489.87731324602,-0.0136228469977629,1,99,1075,0,0.186046511627907,1
addition_instances,M1,9,6109,6809006,add,1,WarmPSO_ImpactRelocate,6,2500,2493,78,20,1075,0.2277003,3442.3352485667,3442.3352485667,0,1,3489.87731324602,-0.0136228469977629,1,99,1075,0,0.186046511627907,1
addition_instances,M1,9,6109,6809007,add,1,Repair,7,500,19,0,0,0,0.0017401,3489.87731324602,3489.87731324602,0,1,3489.87731324602,0,0,NaN,0,0,NaN,NaN
addition_instances,M1,9,6109,6809007,add,1,Repair,7,1000,19,0,0,0,0.0017401,3489.87731324602,3489.87731324602,0,1,3489.87731324602,0,0,NaN,0,0,NaN,NaN
addition_instances,M1,9,6109,6809007,add,1,Repair,7,1500,19,0,0,0,0.0017401,3489.87731324602,3489.87731324602,0,1,3489.87731324602,0,0,NaN,0,0,NaN,NaN
addition_instances,M1,9,6109,6809007,add,1,Repair,7,2500,19,0,0,0,0.0017401,3489.87731324602,3489.87731324602,0,1,3489.87731324602,0,0,NaN,0,0,NaN,NaN
addition_instances,M1,9,6109,6809007,add,1,WarmPSO,7,500,498,78,0,0,0.1945837,3489.87731324602,3489.87731324602,0,1,3489.87731324602,0,0,79,NaN,NaN,0,NaN
addition_instances,M1,9,6109,6809007,add,1,WarmPSO,7,1000,978,78,0,0,0.1945837,3489.87731324602,3489.87731324602,0,1,3489.87731324602,0,0,79,NaN,NaN,0,NaN
addition_instances,M1,9,6109,6809007,add,1,WarmPSO,7,1500,1488,78,0,0,0.1945837,3489.87731324602,3489.87731324602,0,1,3489.87731324602,0,0,79,NaN,NaN,0,NaN
addition_instances,M1,9,6109,6809007,add,1,WarmPSO,7,2500,2478,78,0,0,0.1945837,3489.87731324602,3489.87731324602,0,1,3489.87731324602,0,0,79,NaN,NaN,0,NaN
addition_instances,M1,9,6109,6809007,add,1,WarmPSO_GlobalRelocate,7,500,493,78,0,175,0.233215,3489.75337928123,3489.75337928123,0,1,3489.87731324602,-3.55124130936371e-05,1,79,NaN,NaN,0.186046511627907,1.5
addition_instances,M1,9,6109,6809007,add,1,WarmPSO_GlobalRelocate,7,1000,988,78,0,400,0.233215,3489.75337928123,3489.75337928123,0,1,3489.87731324602,-3.55124130936371e-05,1,79,NaN,NaN,0.186046511627907,1.5
addition_instances,M1,9,6109,6809007,add,1,WarmPSO_GlobalRelocate,7,1500,1483,78,0,625,0.233215,3489.75337928123,3489.75337928123,0,1,3489.87731324602,-3.55124130936371e-05,1,79,NaN,NaN,0.186046511627907,1.5
addition_instances,M1,9,6109,6809007,add,1,WarmPSO_GlobalRelocate,7,2500,2473,78,0,1075,0.233215,3442.3352485667,3442.3352485667,0,1,3489.87731324602,-0.0136228469977629,1,79,NaN,NaN,0.186046511627907,1.5
addition_instances,M1,9,6109,6809007,add,1,WarmPSO_ImpactRelocate,7,500,458,78,20,150,0.2321424,3489.75337928123,3489.75337928123,0,1,3489.87731324602,-3.55124130936371e-05,1,99,1075,0,0.186046511627907,1.5
addition_instances,M1,9,6109,6809007,add,1,WarmPSO_ImpactRelocate,7,1000,953,78,20,375,0.2321424,3489.75337928123,3489.75337928123,0,1,3489.87731324602,-3.55124130936371e-05,1,99,1075,0,0.186046511627907,1.5
addition_instances,M1,9,6109,6809007,add,1,WarmPSO_ImpactRelocate,7,1500,1448,78,20,600,0.2321424,3442.3352485667,3442.3352485667,0,1,3489.87731324602,-0.0136228469977629,1,99,1075,0,0.186046511627907,1.5
addition_instances,M1,9,6109,6809007,add,1,WarmPSO_ImpactRelocate,7,2500,2493,78,20,1075,0.2321424,3442.3352485667,3442.3352485667,0,1,3489.87731324602,-0.0136228469977629,1,99,1075,0,0.186046511627907,1.5
addition_instances,M1,9,6109,6809008,add,1,Repair,8,500,19,0,0,0,0.0013691,3489.87731324602,3489.87731324602,0,1,3489.87731324602,0,0,NaN,0,0,NaN,NaN
addition_instances,M1,9,6109,6809008,add,1,Repair,8,1000,19,0,0,0,0.0013691,3489.87731324602,3489.87731324602,0,1,3489.87731324602,0,0,NaN,0,0,NaN,NaN
addition_instances,M1,9,6109,6809008,add,1,Repair,8,1500,19,0,0,0,0.0013691,3489.87731324602,3489.87731324602,0,1,3489.87731324602,0,0,NaN,0,0,NaN,NaN
addition_instances,M1,9,6109,6809008,add,1,Repair,8,2500,19,0,0,0,0.0013691,3489.87731324602,3489.87731324602,0,1,3489.87731324602,0,0,NaN,0,0,NaN,NaN
addition_instances,M1,9,6109,6809008,add,1,WarmPSO,8,500,497,77,0,0,0.2018085,3489.87731324602,3489.87731324602,0,1,3489.87731324602,0,0,78,NaN,NaN,0,NaN
addition_instances,M1,9,6109,6809008,add,1,WarmPSO,8,1000,977,77,0,0,0.2018085,3489.87731324602,3489.87731324602,0,1,3489.87731324602,0,0,78,NaN,NaN,0,NaN
addition_instances,M1,9,6109,6809008,add,1,WarmPSO,8,1500,1487,77,0,0,0.2018085,3489.87731324602,3489.87731324602,0,1,3489.87731324602,0,0,78,NaN,NaN,0,NaN
addition_instances,M1,9,6109,6809008,add,1,WarmPSO,8,2500,2477,77,0,0,0.2018085,3489.87731324602,3489.87731324602,0,1,3489.87731324602,0,0,78,NaN,NaN,0,NaN
addition_instances,M1,9,6109,6809008,add,1,WarmPSO_GlobalRelocate,8,500,492,77,0,175,0.2291851,3489.75337928123,3489.75337928123,0,1,3489.87731324602,-3.55124130936371e-05,1,78,NaN,NaN,0.186046511627907,1.5
addition_instances,M1,9,6109,6809008,add,1,WarmPSO_GlobalRelocate,8,1000,987,77,0,400,0.2291851,3442.3352485667,3442.3352485667,0,1,3489.87731324602,-0.0136228469977629,1,78,NaN,NaN,0.186046511627907,1.5
addition_instances,M1,9,6109,6809008,add,1,WarmPSO_GlobalRelocate,8,1500,1482,77,0,625,0.2291851,3442.3352485667,3442.3352485667,0,1,3489.87731324602,-0.0136228469977629,1,78,NaN,NaN,0.186046511627907,1.5
addition_instances,M1,9,6109,6809008,add,1,WarmPSO_GlobalRelocate,8,2500,2472,77,0,1075,0.2291851,3442.3352485667,3442.3352485667,0,1,3489.87731324602,-0.0136228469977629,1,78,NaN,NaN,0.186046511627907,1.5
addition_instances,M1,9,6109,6809008,add,1,WarmPSO_ImpactRelocate,8,500,457,77,20,150,0.2335082,3489.87731324602,3489.87731324602,0,1,3489.87731324602,0,0,98,1075,0,0.186046511627907,1.5
addition_instances,M1,9,6109,6809008,add,1,WarmPSO_ImpactRelocate,8,1000,952,77,20,375,0.2335082,3489.75337928123,3489.75337928123,0,1,3489.87731324602,-3.55124130936371e-05,1,98,1075,0,0.186046511627907,1.5
addition_instances,M1,9,6109,6809008,add,1,WarmPSO_ImpactRelocate,8,1500,1447,77,20,600,0.2335082,3489.75337928123,3489.75337928123,0,1,3489.87731324602,-3.55124130936371e-05,1,98,1075,0,0.186046511627907,1.5
addition_instances,M1,9,6109,6809008,add,1,WarmPSO_ImpactRelocate,8,2500,2492,77,20,1075,0.2335082,3442.3352485667,3442.3352485667,0,1,3489.87731324602,-0.0136228469977629,1,98,1075,0,0.186046511627907,1.5
addition_instances,M1,9,6109,6809009,add,1,Repair,9,500,19,0,0,0,0.0014324,3489.87731324602,3489.87731324602,0,1,3489.87731324602,0,0,NaN,0,0,NaN,NaN
addition_instances,M1,9,6109,6809009,add,1,Repair,9,1000,19,0,0,0,0.0014324,3489.87731324602,3489.87731324602,0,1,3489.87731324602,0,0,NaN,0,0,NaN,NaN
addition_instances,M1,9,6109,6809009,add,1,Repair,9,1500,19,0,0,0,0.0014324,3489.87731324602,3489.87731324602,0,1,3489.87731324602,0,0,NaN,0,0,NaN,NaN
addition_instances,M1,9,6109,6809009,add,1,Repair,9,2500,19,0,0,0,0.0014324,3489.87731324602,3489.87731324602,0,1,3489.87731324602,0,0,NaN,0,0,NaN,NaN
addition_instances,M1,9,6109,6809009,add,1,WarmPSO,9,500,497,77,0,0,0.1990008,3489.87731324602,3489.87731324602,0,1,3489.87731324602,0,0,78,NaN,NaN,0,NaN
addition_instances,M1,9,6109,6809009,add,1,WarmPSO,9,1000,977,77,0,0,0.1990008,3489.87731324602,3489.87731324602,0,1,3489.87731324602,0,0,78,NaN,NaN,0,NaN
addition_instances,M1,9,6109,6809009,add,1,WarmPSO,9,1500,1487,77,0,0,0.1990008,3489.87731324602,3489.87731324602,0,1,3489.87731324602,0,0,78,NaN,NaN,0,NaN
addition_instances,M1,9,6109,6809009,add,1,WarmPSO,9,2500,2477,77,0,0,0.1990008,3489.87731324602,3489.87731324602,0,1,3489.87731324602,0,0,78,NaN,NaN,0,NaN
addition_instances,M1,9,6109,6809009,add,1,WarmPSO_GlobalRelocate,9,500,492,77,0,175,0.2265903,3489.87731324602,3489.87731324602,0,1,3489.87731324602,0,0,78,NaN,NaN,0.186046511627907,1
addition_instances,M1,9,6109,6809009,add,1,WarmPSO_GlobalRelocate,9,1000,987,77,0,400,0.2265903,3442.4591825315,3442.4591825315,0,1,3489.87731324602,-0.0135873345846693,1,78,NaN,NaN,0.186046511627907,1
addition_instances,M1,9,6109,6809009,add,1,WarmPSO_GlobalRelocate,9,1500,1482,77,0,625,0.2265903,3442.4591825315,3442.4591825315,0,1,3489.87731324602,-0.0135873345846693,1,78,NaN,NaN,0.186046511627907,1
addition_instances,M1,9,6109,6809009,add,1,WarmPSO_GlobalRelocate,9,2500,2472,77,0,1075,0.2265903,3442.3352485667,3442.3352485667,0,1,3489.87731324602,-0.0136228469977629,1,78,NaN,NaN,0.186046511627907,1
addition_instances,M1,9,6109,6809009,add,1,WarmPSO_ImpactRelocate,9,500,457,77,20,150,0.2369093,3442.4591825315,3442.4591825315,0,1,3489.87731324602,-0.0135873345846693,1,98,1075,0,0.0930232558139535,1
addition_instances,M1,9,6109,6809009,add,1,WarmPSO_ImpactRelocate,9,1000,952,77,20,375,0.2369093,3442.4591825315,3442.4591825315,0,1,3489.87731324602,-0.0135873345846693,1,98,1075,0,0.0930232558139535,1
addition_instances,M1,9,6109,6809009,add,1,WarmPSO_ImpactRelocate,9,1500,1447,77,20,600,0.2369093,3442.4591825315,3442.4591825315,0,1,3489.87731324602,-0.0135873345846693,1,98,1075,0,0.0930232558139535,1
addition_instances,M1,9,6109,6809009,add,1,WarmPSO_ImpactRelocate,9,2500,2492,77,20,1075,0.2369093,3442.4591825315,3442.4591825315,0,1,3489.87731324602,-0.0135873345846693,1,98,1075,0,0.0930232558139535,1
addition_instances,M1,9,6109,6809010,add,1,Repair,10,500,19,0,0,0,0.0014625,3489.87731324602,3489.87731324602,0,1,3489.87731324602,0,0,NaN,0,0,NaN,NaN
addition_instances,M1,9,6109,6809010,add,1,Repair,10,1000,19,0,0,0,0.0014625,3489.87731324602,3489.87731324602,0,1,3489.87731324602,0,0,NaN,0,0,NaN,NaN
addition_instances,M1,9,6109,6809010,add,1,Repair,10,1500,19,0,0,0,0.0014625,3489.87731324602,3489.87731324602,0,1,3489.87731324602,0,0,NaN,0,0,NaN,NaN
addition_instances,M1,9,6109,6809010,add,1,Repair,10,2500,19,0,0,0,0.0014625,3489.87731324602,3489.87731324602,0,1,3489.87731324602,0,0,NaN,0,0,NaN,NaN
addition_instances,M1,9,6109,6809010,add,1,WarmPSO,10,500,497,77,0,0,0.2012336,3489.87731324602,3489.87731324602,0,1,3489.87731324602,0,0,78,NaN,NaN,0,NaN
addition_instances,M1,9,6109,6809010,add,1,WarmPSO,10,1000,977,77,0,0,0.2012336,3489.87731324602,3489.87731324602,0,1,3489.87731324602,0,0,78,NaN,NaN,0,NaN
addition_instances,M1,9,6109,6809010,add,1,WarmPSO,10,1500,1487,77,0,0,0.2012336,3489.75337928123,3489.75337928123,0,1,3489.87731324602,-3.55124130936371e-05,1,78,NaN,NaN,0,NaN
addition_instances,M1,9,6109,6809010,add,1,WarmPSO,10,2500,2477,77,0,0,0.2012336,3489.75337928123,3489.75337928123,0,1,3489.87731324602,-3.55124130936371e-05,1,78,NaN,NaN,0,NaN
addition_instances,M1,9,6109,6809010,add,1,WarmPSO_GlobalRelocate,10,500,492,77,0,175,0.2266577,3489.75337928123,3489.75337928123,0,1,3489.87731324602,-3.55124130936371e-05,1,78,NaN,NaN,0.186046511627907,1
addition_instances,M1,9,6109,6809010,add,1,WarmPSO_GlobalRelocate,10,1000,987,77,0,400,0.2266577,3489.75337928123,3489.75337928123,0,1,3489.87731324602,-3.55124130936371e-05,1,78,NaN,NaN,0.186046511627907,1
addition_instances,M1,9,6109,6809010,add,1,WarmPSO_GlobalRelocate,10,1500,1482,77,0,625,0.2266577,3489.75337928123,3489.75337928123,0,1,3489.87731324602,-3.55124130936371e-05,1,78,NaN,NaN,0.186046511627907,1
addition_instances,M1,9,6109,6809010,add,1,WarmPSO_GlobalRelocate,10,2500,2472,77,0,1075,0.2266577,3442.3352485667,3442.3352485667,0,1,3489.87731324602,-0.0136228469977629,1,78,NaN,NaN,0.186046511627907,1
addition_instances,M1,9,6109,6809010,add,1,WarmPSO_ImpactRelocate,10,500,457,77,20,150,0.2397067,3442.4591825315,3442.4591825315,0,1,3489.87731324602,-0.0135873345846693,1,98,1075,0,0.0930232558139535,2
addition_instances,M1,9,6109,6809010,add,1,WarmPSO_ImpactRelocate,10,1000,952,77,20,375,0.2397067,3442.4591825315,3442.4591825315,0,1,3489.87731324602,-0.0135873345846693,1,98,1075,0,0.0930232558139535,2
addition_instances,M1,9,6109,6809010,add,1,WarmPSO_ImpactRelocate,10,1500,1447,77,20,600,0.2397067,3442.4591825315,3442.4591825315,0,1,3489.87731324602,-0.0135873345846693,1,98,1075,0,0.0930232558139535,2
addition_instances,M1,9,6109,6809010,add,1,WarmPSO_ImpactRelocate,10,2500,2492,77,20,1075,0.2397067,3442.4591825315,3442.4591825315,0,1,3489.87731324602,-0.0135873345846693,1,98,1075,0,0.0930232558139535,2
addition_instances,M1,10,6110,6810001,add,1,Repair,1,500,19,0,0,0,0.001661,3490.38557065644,3490.38557065644,0,1,3490.38557065644,0,0,NaN,0,0,NaN,NaN
addition_instances,M1,10,6110,6810001,add,1,Repair,1,1000,19,0,0,0,0.001661,3490.38557065644,3490.38557065644,0,1,3490.38557065644,0,0,NaN,0,0,NaN,NaN
addition_instances,M1,10,6110,6810001,add,1,Repair,1,1500,19,0,0,0,0.001661,3490.38557065644,3490.38557065644,0,1,3490.38557065644,0,0,NaN,0,0,NaN,NaN
addition_instances,M1,10,6110,6810001,add,1,Repair,1,2500,19,0,0,0,0.001661,3490.38557065644,3490.38557065644,0,1,3490.38557065644,0,0,NaN,0,0,NaN,NaN
addition_instances,M1,10,6110,6810001,add,1,WarmPSO,1,500,496,76,0,0,0.2016796,3490.38557065644,3490.38557065644,0,1,3490.38557065644,0,0,77,NaN,NaN,0,NaN
addition_instances,M1,10,6110,6810001,add,1,WarmPSO,1,1000,976,76,0,0,0.2016796,3490.38557065644,3490.38557065644,0,1,3490.38557065644,0,0,77,NaN,NaN,0,NaN
addition_instances,M1,10,6110,6810001,add,1,WarmPSO,1,1500,1486,76,0,0,0.2016796,3490.38557065644,3490.38557065644,0,1,3490.38557065644,0,0,77,NaN,NaN,0,NaN
addition_instances,M1,10,6110,6810001,add,1,WarmPSO,1,2500,2476,76,0,0,0.2016796,3490.38557065644,3490.38557065644,0,1,3490.38557065644,0,0,77,NaN,NaN,0,NaN
addition_instances,M1,10,6110,6810001,add,1,WarmPSO_GlobalRelocate,1,500,491,76,0,175,0.2281281,3490.26163669164,3490.26163669164,0,1,3490.38557065644,-3.5507241903592e-05,1,77,NaN,NaN,0.186046511627907,1.5
addition_instances,M1,10,6110,6810001,add,1,WarmPSO_GlobalRelocate,1,1000,986,76,0,400,0.2281281,3442.84350597712,3442.84350597712,0,1,3490.38557065644,-0.0136208632877122,1,77,NaN,NaN,0.186046511627907,1.5
addition_instances,M1,10,6110,6810001,add,1,WarmPSO_GlobalRelocate,1,1500,1481,76,0,625,0.2281281,3442.84350597712,3442.84350597712,0,1,3490.38557065644,-0.0136208632877122,1,77,NaN,NaN,0.186046511627907,1.5
addition_instances,M1,10,6110,6810001,add,1,WarmPSO_GlobalRelocate,1,2500,2471,76,0,1075,0.2281281,3442.84350597712,3442.84350597712,0,1,3490.38557065644,-0.0136208632877122,1,77,NaN,NaN,0.186046511627907,1.5
addition_instances,M1,10,6110,6810001,add,1,WarmPSO_ImpactRelocate,1,500,456,76,20,150,0.2391278,3442.96743994192,3442.96743994192,0,1,3490.38557065644,-0.0135853560458086,1,97,850,225,0.0930232558139535,1
addition_instances,M1,10,6110,6810001,add,1,WarmPSO_ImpactRelocate,1,1000,951,76,20,375,0.2391278,3442.96743994192,3442.96743994192,0,1,3490.38557065644,-0.0135853560458086,1,97,850,225,0.0930232558139535,1
addition_instances,M1,10,6110,6810001,add,1,WarmPSO_ImpactRelocate,1,1500,1446,76,20,600,0.2391278,3442.96743994192,3442.96743994192,0,1,3490.38557065644,-0.0135853560458086,1,97,850,225,0.0930232558139535,1
addition_instances,M1,10,6110,6810001,add,1,WarmPSO_ImpactRelocate,1,2500,2491,76,20,1075,0.2391278,3442.96743994192,3442.96743994192,0,1,3490.38557065644,-0.0135853560458086,1,97,850,225,0.0930232558139535,1
addition_instances,M1,10,6110,6810002,add,1,Repair,2,500,19,0,0,0,0.001492,3490.38557065644,3490.38557065644,0,1,3490.38557065644,0,0,NaN,0,0,NaN,NaN
addition_instances,M1,10,6110,6810002,add,1,Repair,2,1000,19,0,0,0,0.001492,3490.38557065644,3490.38557065644,0,1,3490.38557065644,0,0,NaN,0,0,NaN,NaN
addition_instances,M1,10,6110,6810002,add,1,Repair,2,1500,19,0,0,0,0.001492,3490.38557065644,3490.38557065644,0,1,3490.38557065644,0,0,NaN,0,0,NaN,NaN
addition_instances,M1,10,6110,6810002,add,1,Repair,2,2500,19,0,0,0,0.001492,3490.38557065644,3490.38557065644,0,1,3490.38557065644,0,0,NaN,0,0,NaN,NaN
addition_instances,M1,10,6110,6810002,add,1,WarmPSO,2,500,498,78,0,0,0.2093279,3490.38557065644,3490.38557065644,0,1,3490.38557065644,0,0,79,NaN,NaN,0,NaN
addition_instances,M1,10,6110,6810002,add,1,WarmPSO,2,1000,978,78,0,0,0.2093279,3490.38557065644,3490.38557065644,0,1,3490.38557065644,0,0,79,NaN,NaN,0,NaN
addition_instances,M1,10,6110,6810002,add,1,WarmPSO,2,1500,1488,78,0,0,0.2093279,3490.38557065644,3490.38557065644,0,1,3490.38557065644,0,0,79,NaN,NaN,0,NaN
addition_instances,M1,10,6110,6810002,add,1,WarmPSO,2,2500,2478,78,0,0,0.2093279,3490.38557065644,3490.38557065644,0,1,3490.38557065644,0,0,79,NaN,NaN,0,NaN
addition_instances,M1,10,6110,6810002,add,1,WarmPSO_GlobalRelocate,2,500,493,78,0,175,0.2328992,3490.26163669164,3490.26163669164,0,1,3490.38557065644,-3.5507241903592e-05,1,79,NaN,NaN,0.186046511627907,1
addition_instances,M1,10,6110,6810002,add,1,WarmPSO_GlobalRelocate,2,1000,988,78,0,400,0.2328992,3490.26163669164,3490.26163669164,0,1,3490.38557065644,-3.5507241903592e-05,1,79,NaN,NaN,0.186046511627907,1
addition_instances,M1,10,6110,6810002,add,1,WarmPSO_GlobalRelocate,2,1500,1483,78,0,625,0.2328992,3490.26163669164,3490.26163669164,0,1,3490.38557065644,-3.5507241903592e-05,1,79,NaN,NaN,0.186046511627907,1
addition_instances,M1,10,6110,6810002,add,1,WarmPSO_GlobalRelocate,2,2500,2473,78,0,1075,0.2328992,3442.84350597712,3442.84350597712,0,1,3490.38557065644,-0.0136208632877122,1,79,NaN,NaN,0.186046511627907,1
addition_instances,M1,10,6110,6810002,add,1,WarmPSO_ImpactRelocate,2,500,458,78,20,150,0.2637052,3442.96743994192,3442.96743994192,0,1,3490.38557065644,-0.0135853560458086,1,99,925,150,0.0930232558139535,1
addition_instances,M1,10,6110,6810002,add,1,WarmPSO_ImpactRelocate,2,1000,953,78,20,375,0.2637052,3442.96743994192,3442.96743994192,0,1,3490.38557065644,-0.0135853560458086,1,99,925,150,0.0930232558139535,1
addition_instances,M1,10,6110,6810002,add,1,WarmPSO_ImpactRelocate,2,1500,1448,78,20,600,0.2637052,3442.96743994192,3442.96743994192,0,1,3490.38557065644,-0.0135853560458086,1,99,925,150,0.0930232558139535,1
addition_instances,M1,10,6110,6810002,add,1,WarmPSO_ImpactRelocate,2,2500,2493,78,20,1075,0.2637052,3442.96743994192,3442.96743994192,0,1,3490.38557065644,-0.0135853560458086,1,99,925,150,0.0930232558139535,1
addition_instances,M1,10,6110,6810003,add,1,Repair,3,500,19,0,0,0,0.0014123,3490.38557065644,3490.38557065644,0,1,3490.38557065644,0,0,NaN,0,0,NaN,NaN
addition_instances,M1,10,6110,6810003,add,1,Repair,3,1000,19,0,0,0,0.0014123,3490.38557065644,3490.38557065644,0,1,3490.38557065644,0,0,NaN,0,0,NaN,NaN
addition_instances,M1,10,6110,6810003,add,1,Repair,3,1500,19,0,0,0,0.0014123,3490.38557065644,3490.38557065644,0,1,3490.38557065644,0,0,NaN,0,0,NaN,NaN
addition_instances,M1,10,6110,6810003,add,1,Repair,3,2500,19,0,0,0,0.0014123,3490.38557065644,3490.38557065644,0,1,3490.38557065644,0,0,NaN,0,0,NaN,NaN
addition_instances,M1,10,6110,6810003,add,1,WarmPSO,3,500,497,77,0,0,0.2346642,3490.38557065644,3490.38557065644,0,1,3490.38557065644,0,0,78,NaN,NaN,0,NaN
addition_instances,M1,10,6110,6810003,add,1,WarmPSO,3,1000,977,77,0,0,0.2346642,3490.38557065644,3490.38557065644,0,1,3490.38557065644,0,0,78,NaN,NaN,0,NaN
addition_instances,M1,10,6110,6810003,add,1,WarmPSO,3,1500,1487,77,0,0,0.2346642,3490.38557065644,3490.38557065644,0,1,3490.38557065644,0,0,78,NaN,NaN,0,NaN
addition_instances,M1,10,6110,6810003,add,1,WarmPSO,3,2500,2477,77,0,0,0.2346642,3490.38557065644,3490.38557065644,0,1,3490.38557065644,0,0,78,NaN,NaN,0,NaN
addition_instances,M1,10,6110,6810003,add,1,WarmPSO_GlobalRelocate,3,500,492,77,0,175,0.2333931,3490.38557065644,3490.38557065644,0,1,3490.38557065644,0,0,78,NaN,NaN,0.186046511627907,1.5
addition_instances,M1,10,6110,6810003,add,1,WarmPSO_GlobalRelocate,3,1000,987,77,0,400,0.2333931,3442.84350597712,3442.84350597712,0,1,3490.38557065644,-0.0136208632877122,1,78,NaN,NaN,0.186046511627907,1.5
addition_instances,M1,10,6110,6810003,add,1,WarmPSO_GlobalRelocate,3,1500,1482,77,0,625,0.2333931,3442.84350597712,3442.84350597712,0,1,3490.38557065644,-0.0136208632877122,1,78,NaN,NaN,0.186046511627907,1.5
addition_instances,M1,10,6110,6810003,add,1,WarmPSO_GlobalRelocate,3,2500,2472,77,0,1075,0.2333931,3442.84350597712,3442.84350597712,0,1,3490.38557065644,-0.0136208632877122,1,78,NaN,NaN,0.186046511627907,1.5
addition_instances,M1,10,6110,6810003,add,1,WarmPSO_ImpactRelocate,3,500,457,77,20,150,0.2550695,3442.96743994192,3442.96743994192,0,1,3490.38557065644,-0.0135853560458086,1,98,967,108,0.0930232558139535,2
addition_instances,M1,10,6110,6810003,add,1,WarmPSO_ImpactRelocate,3,1000,952,77,20,375,0.2550695,3442.96743994192,3442.96743994192,0,1,3490.38557065644,-0.0135853560458086,1,98,967,108,0.0930232558139535,2
addition_instances,M1,10,6110,6810003,add,1,WarmPSO_ImpactRelocate,3,1500,1447,77,20,600,0.2550695,3442.96743994192,3442.96743994192,0,1,3490.38557065644,-0.0135853560458086,1,98,967,108,0.0930232558139535,2
addition_instances,M1,10,6110,6810003,add,1,WarmPSO_ImpactRelocate,3,2500,2492,77,20,1075,0.2550695,3442.96743994192,3442.96743994192,0,1,3490.38557065644,-0.0135853560458086,1,98,967,108,0.0930232558139535,2
addition_instances,M1,10,6110,6810004,add,1,Repair,4,500,19,0,0,0,0.001445,3490.38557065644,3490.38557065644,0,1,3490.38557065644,0,0,NaN,0,0,NaN,NaN
addition_instances,M1,10,6110,6810004,add,1,Repair,4,1000,19,0,0,0,0.001445,3490.38557065644,3490.38557065644,0,1,3490.38557065644,0,0,NaN,0,0,NaN,NaN
addition_instances,M1,10,6110,6810004,add,1,Repair,4,1500,19,0,0,0,0.001445,3490.38557065644,3490.38557065644,0,1,3490.38557065644,0,0,NaN,0,0,NaN,NaN
addition_instances,M1,10,6110,6810004,add,1,Repair,4,2500,19,0,0,0,0.001445,3490.38557065644,3490.38557065644,0,1,3490.38557065644,0,0,NaN,0,0,NaN,NaN
addition_instances,M1,10,6110,6810004,add,1,WarmPSO,4,500,498,78,0,0,0.2170816,3490.38557065644,3490.38557065644,0,1,3490.38557065644,0,0,79,NaN,NaN,0,NaN
addition_instances,M1,10,6110,6810004,add,1,WarmPSO,4,1000,978,78,0,0,0.2170816,3490.38557065644,3490.38557065644,0,1,3490.38557065644,0,0,79,NaN,NaN,0,NaN
addition_instances,M1,10,6110,6810004,add,1,WarmPSO,4,1500,1488,78,0,0,0.2170816,3490.38557065644,3490.38557065644,0,1,3490.38557065644,0,0,79,NaN,NaN,0,NaN
addition_instances,M1,10,6110,6810004,add,1,WarmPSO,4,2500,2478,78,0,0,0.2170816,3490.38557065644,3490.38557065644,0,1,3490.38557065644,0,0,79,NaN,NaN,0,NaN
addition_instances,M1,10,6110,6810004,add,1,WarmPSO_GlobalRelocate,4,500,493,78,0,175,0.2413121,3490.26163669164,3490.26163669164,0,1,3490.38557065644,-3.5507241903592e-05,1,79,NaN,NaN,0.186046511627907,1.5
addition_instances,M1,10,6110,6810004,add,1,WarmPSO_GlobalRelocate,4,1000,988,78,0,400,0.2413121,3442.84350597712,3442.84350597712,0,1,3490.38557065644,-0.0136208632877122,1,79,NaN,NaN,0.186046511627907,1.5
addition_instances,M1,10,6110,6810004,add,1,WarmPSO_GlobalRelocate,4,1500,1483,78,0,625,0.2413121,3442.84350597712,3442.84350597712,0,1,3490.38557065644,-0.0136208632877122,1,79,NaN,NaN,0.186046511627907,1.5
addition_instances,M1,10,6110,6810004,add,1,WarmPSO_GlobalRelocate,4,2500,2473,78,0,1075,0.2413121,3442.84350597712,3442.84350597712,0,1,3490.38557065644,-0.0136208632877122,1,79,NaN,NaN,0.186046511627907,1.5
addition_instances,M1,10,6110,6810004,add,1,WarmPSO_ImpactRelocate,4,500,458,78,20,150,0.2447495,3490.38557065644,3490.38557065644,0,1,3490.38557065644,0,0,99,885,190,0,NaN
addition_instances,M1,10,6110,6810004,add,1,WarmPSO_ImpactRelocate,4,1000,953,78,20,375,0.2447495,3490.38557065644,3490.38557065644,0,1,3490.38557065644,0,0,99,885,190,0,NaN
addition_instances,M1,10,6110,6810004,add,1,WarmPSO_ImpactRelocate,4,1500,1448,78,20,600,0.2447495,3490.38557065644,3490.38557065644,0,1,3490.38557065644,0,0,99,885,190,0,NaN
addition_instances,M1,10,6110,6810004,add,1,WarmPSO_ImpactRelocate,4,2500,2493,78,20,1075,0.2447495,3490.38557065644,3490.38557065644,0,1,3490.38557065644,0,0,99,885,190,0,NaN
addition_instances,M1,10,6110,6810005,add,1,Repair,5,500,19,0,0,0,0.0013983,3490.38557065644,3490.38557065644,0,1,3490.38557065644,0,0,NaN,0,0,NaN,NaN
addition_instances,M1,10,6110,6810005,add,1,Repair,5,1000,19,0,0,0,0.0013983,3490.38557065644,3490.38557065644,0,1,3490.38557065644,0,0,NaN,0,0,NaN,NaN
addition_instances,M1,10,6110,6810005,add,1,Repair,5,1500,19,0,0,0,0.0013983,3490.38557065644,3490.38557065644,0,1,3490.38557065644,0,0,NaN,0,0,NaN,NaN
addition_instances,M1,10,6110,6810005,add,1,Repair,5,2500,19,0,0,0,0.0013983,3490.38557065644,3490.38557065644,0,1,3490.38557065644,0,0,NaN,0,0,NaN,NaN
addition_instances,M1,10,6110,6810005,add,1,WarmPSO,5,500,497,77,0,0,0.1991623,3490.38557065644,3490.38557065644,0,1,3490.38557065644,0,0,78,NaN,NaN,0,NaN
addition_instances,M1,10,6110,6810005,add,1,WarmPSO,5,1000,977,77,0,0,0.1991623,3490.38557065644,3490.38557065644,0,1,3490.38557065644,0,0,78,NaN,NaN,0,NaN
addition_instances,M1,10,6110,6810005,add,1,WarmPSO,5,1500,1487,77,0,0,0.1991623,3490.38557065644,3490.38557065644,0,1,3490.38557065644,0,0,78,NaN,NaN,0,NaN
addition_instances,M1,10,6110,6810005,add,1,WarmPSO,5,2500,2477,77,0,0,0.1991623,3490.38557065644,3490.38557065644,0,1,3490.38557065644,0,0,78,NaN,NaN,0,NaN
addition_instances,M1,10,6110,6810005,add,1,WarmPSO_GlobalRelocate,5,500,492,77,0,175,0.2325258,3490.38557065644,3490.38557065644,0,1,3490.38557065644,0,0,78,NaN,NaN,0.186046511627907,1
addition_instances,M1,10,6110,6810005,add,1,WarmPSO_GlobalRelocate,5,1000,987,77,0,400,0.2325258,3490.26163669164,3490.26163669164,0,1,3490.38557065644,-3.5507241903592e-05,1,78,NaN,NaN,0.186046511627907,1
addition_instances,M1,10,6110,6810005,add,1,WarmPSO_GlobalRelocate,5,1500,1482,77,0,625,0.2325258,3490.26163669164,3490.26163669164,0,1,3490.38557065644,-3.5507241903592e-05,1,78,NaN,NaN,0.186046511627907,1
addition_instances,M1,10,6110,6810005,add,1,WarmPSO_GlobalRelocate,5,2500,2472,77,0,1075,0.2325258,3442.84350597712,3442.84350597712,0,1,3490.38557065644,-0.0136208632877122,1,78,NaN,NaN,0.186046511627907,1
addition_instances,M1,10,6110,6810005,add,1,WarmPSO_ImpactRelocate,5,500,457,77,20,150,0.2295206,3442.96743994192,3442.96743994192,0,1,3490.38557065644,-0.0135853560458086,1,98,876,199,0.186046511627907,1
addition_instances,M1,10,6110,6810005,add,1,WarmPSO_ImpactRelocate,5,1000,952,77,20,375,0.2295206,3442.84350597712,3442.84350597712,0,1,3490.38557065644,-0.0136208632877122,1,98,876,199,0.186046511627907,1
addition_instances,M1,10,6110,6810005,add,1,WarmPSO_ImpactRelocate,5,1500,1447,77,20,600,0.2295206,3442.84350597712,3442.84350597712,0,1,3490.38557065644,-0.0136208632877122,1,98,876,199,0.186046511627907,1
addition_instances,M1,10,6110,6810005,add,1,WarmPSO_ImpactRelocate,5,2500,2492,77,20,1075,0.2295206,3442.84350597712,3442.84350597712,0,1,3490.38557065644,-0.0136208632877122,1,98,876,199,0.186046511627907,1
addition_instances,M1,10,6110,6810006,add,1,Repair,6,500,19,0,0,0,0.0015144,3490.38557065644,3490.38557065644,0,1,3490.38557065644,0,0,NaN,0,0,NaN,NaN
addition_instances,M1,10,6110,6810006,add,1,Repair,6,1000,19,0,0,0,0.0015144,3490.38557065644,3490.38557065644,0,1,3490.38557065644,0,0,NaN,0,0,NaN,NaN
addition_instances,M1,10,6110,6810006,add,1,Repair,6,1500,19,0,0,0,0.0015144,3490.38557065644,3490.38557065644,0,1,3490.38557065644,0,0,NaN,0,0,NaN,NaN
addition_instances,M1,10,6110,6810006,add,1,Repair,6,2500,19,0,0,0,0.0015144,3490.38557065644,3490.38557065644,0,1,3490.38557065644,0,0,NaN,0,0,NaN,NaN
addition_instances,M1,10,6110,6810006,add,1,WarmPSO,6,500,497,77,0,0,0.2031272,3490.38557065644,3490.38557065644,0,1,3490.38557065644,0,0,78,NaN,NaN,0,NaN
addition_instances,M1,10,6110,6810006,add,1,WarmPSO,6,1000,977,77,0,0,0.2031272,3490.38557065644,3490.38557065644,0,1,3490.38557065644,0,0,78,NaN,NaN,0,NaN
addition_instances,M1,10,6110,6810006,add,1,WarmPSO,6,1500,1487,77,0,0,0.2031272,3490.38557065644,3490.38557065644,0,1,3490.38557065644,0,0,78,NaN,NaN,0,NaN
addition_instances,M1,10,6110,6810006,add,1,WarmPSO,6,2500,2477,77,0,0,0.2031272,3490.38557065644,3490.38557065644,0,1,3490.38557065644,0,0,78,NaN,NaN,0,NaN
addition_instances,M1,10,6110,6810006,add,1,WarmPSO_GlobalRelocate,6,500,492,77,0,175,0.2300242,3442.84350597712,3442.84350597712,0,1,3490.38557065644,-0.0136208632877122,1,78,NaN,NaN,0.186046511627907,1
addition_instances,M1,10,6110,6810006,add,1,WarmPSO_GlobalRelocate,6,1000,987,77,0,400,0.2300242,3442.84350597712,3442.84350597712,0,1,3490.38557065644,-0.0136208632877122,1,78,NaN,NaN,0.186046511627907,1
addition_instances,M1,10,6110,6810006,add,1,WarmPSO_GlobalRelocate,6,1500,1482,77,0,625,0.2300242,3442.84350597712,3442.84350597712,0,1,3490.38557065644,-0.0136208632877122,1,78,NaN,NaN,0.186046511627907,1
addition_instances,M1,10,6110,6810006,add,1,WarmPSO_GlobalRelocate,6,2500,2472,77,0,1075,0.2300242,3442.84350597712,3442.84350597712,0,1,3490.38557065644,-0.0136208632877122,1,78,NaN,NaN,0.186046511627907,1
addition_instances,M1,10,6110,6810006,add,1,WarmPSO_ImpactRelocate,6,500,457,77,20,150,0.2381001,3442.96743994192,3442.96743994192,0,1,3490.38557065644,-0.0135853560458086,1,98,892,183,0.186046511627907,1.5
addition_instances,M1,10,6110,6810006,add,1,WarmPSO_ImpactRelocate,6,1000,952,77,20,375,0.2381001,3442.96743994192,3442.96743994192,0,1,3490.38557065644,-0.0135853560458086,1,98,892,183,0.186046511627907,1.5
addition_instances,M1,10,6110,6810006,add,1,WarmPSO_ImpactRelocate,6,1500,1447,77,20,600,0.2381001,3442.84350597712,3442.84350597712,0,1,3490.38557065644,-0.0136208632877122,1,98,892,183,0.186046511627907,1.5
addition_instances,M1,10,6110,6810006,add,1,WarmPSO_ImpactRelocate,6,2500,2492,77,20,1075,0.2381001,3442.84350597712,3442.84350597712,0,1,3490.38557065644,-0.0136208632877122,1,98,892,183,0.186046511627907,1.5
addition_instances,M1,10,6110,6810007,add,1,Repair,7,500,19,0,0,0,0.0015189,3490.38557065644,3490.38557065644,0,1,3490.38557065644,0,0,NaN,0,0,NaN,NaN
addition_instances,M1,10,6110,6810007,add,1,Repair,7,1000,19,0,0,0,0.0015189,3490.38557065644,3490.38557065644,0,1,3490.38557065644,0,0,NaN,0,0,NaN,NaN
addition_instances,M1,10,6110,6810007,add,1,Repair,7,1500,19,0,0,0,0.0015189,3490.38557065644,3490.38557065644,0,1,3490.38557065644,0,0,NaN,0,0,NaN,NaN
addition_instances,M1,10,6110,6810007,add,1,Repair,7,2500,19,0,0,0,0.0015189,3490.38557065644,3490.38557065644,0,1,3490.38557065644,0,0,NaN,0,0,NaN,NaN
addition_instances,M1,10,6110,6810007,add,1,WarmPSO,7,500,498,78,0,0,0.2042569,3490.38557065644,3490.38557065644,0,1,3490.38557065644,0,0,79,NaN,NaN,0,NaN
addition_instances,M1,10,6110,6810007,add,1,WarmPSO,7,1000,978,78,0,0,0.2042569,3490.38557065644,3490.38557065644,0,1,3490.38557065644,0,0,79,NaN,NaN,0,NaN
addition_instances,M1,10,6110,6810007,add,1,WarmPSO,7,1500,1488,78,0,0,0.2042569,3490.38557065644,3490.38557065644,0,1,3490.38557065644,0,0,79,NaN,NaN,0,NaN
addition_instances,M1,10,6110,6810007,add,1,WarmPSO,7,2500,2478,78,0,0,0.2042569,3490.38557065644,3490.38557065644,0,1,3490.38557065644,0,0,79,NaN,NaN,0,NaN
addition_instances,M1,10,6110,6810007,add,1,WarmPSO_GlobalRelocate,7,500,493,78,0,175,0.2390816,3442.96743994192,3442.96743994192,0,1,3490.38557065644,-0.0135853560458086,1,79,NaN,NaN,0.0930232558139535,2
addition_instances,M1,10,6110,6810007,add,1,WarmPSO_GlobalRelocate,7,1000,988,78,0,400,0.2390816,3442.96743994192,3442.96743994192,0,1,3490.38557065644,-0.0135853560458086,1,79,NaN,NaN,0.0930232558139535,2
addition_instances,M1,10,6110,6810007,add,1,WarmPSO_GlobalRelocate,7,1500,1483,78,0,625,0.2390816,3442.96743994192,3442.96743994192,0,1,3490.38557065644,-0.0135853560458086,1,79,NaN,NaN,0.0930232558139535,2
addition_instances,M1,10,6110,6810007,add,1,WarmPSO_GlobalRelocate,7,2500,2473,78,0,1075,0.2390816,3442.96743994192,3442.96743994192,0,1,3490.38557065644,-0.0135853560458086,1,79,NaN,NaN,0.0930232558139535,2
addition_instances,M1,10,6110,6810007,add,1,WarmPSO_ImpactRelocate,7,500,458,78,20,150,0.2504888,3490.26163669164,3490.26163669164,0,1,3490.38557065644,-3.5507241903592e-05,1,99,978,97,0.186046511627907,1.5
addition_instances,M1,10,6110,6810007,add,1,WarmPSO_ImpactRelocate,7,1000,953,78,20,375,0.2504888,3442.84350597712,3442.84350597712,0,1,3490.38557065644,-0.0136208632877122,1,99,978,97,0.186046511627907,1.5
addition_instances,M1,10,6110,6810007,add,1,WarmPSO_ImpactRelocate,7,1500,1448,78,20,600,0.2504888,3442.84350597712,3442.84350597712,0,1,3490.38557065644,-0.0136208632877122,1,99,978,97,0.186046511627907,1.5
addition_instances,M1,10,6110,6810007,add,1,WarmPSO_ImpactRelocate,7,2500,2493,78,20,1075,0.2504888,3442.84350597712,3442.84350597712,0,1,3490.38557065644,-0.0136208632877122,1,99,978,97,0.186046511627907,1.5
addition_instances,M1,10,6110,6810008,add,1,Repair,8,500,19,0,0,0,0.0014722,3490.38557065644,3490.38557065644,0,1,3490.38557065644,0,0,NaN,0,0,NaN,NaN
addition_instances,M1,10,6110,6810008,add,1,Repair,8,1000,19,0,0,0,0.0014722,3490.38557065644,3490.38557065644,0,1,3490.38557065644,0,0,NaN,0,0,NaN,NaN
addition_instances,M1,10,6110,6810008,add,1,Repair,8,1500,19,0,0,0,0.0014722,3490.38557065644,3490.38557065644,0,1,3490.38557065644,0,0,NaN,0,0,NaN,NaN
addition_instances,M1,10,6110,6810008,add,1,Repair,8,2500,19,0,0,0,0.0014722,3490.38557065644,3490.38557065644,0,1,3490.38557065644,0,0,NaN,0,0,NaN,NaN
addition_instances,M1,10,6110,6810008,add,1,WarmPSO,8,500,496,76,0,0,0.2012124,3490.38557065644,3490.38557065644,0,1,3490.38557065644,0,0,77,NaN,NaN,0,NaN
addition_instances,M1,10,6110,6810008,add,1,WarmPSO,8,1000,976,76,0,0,0.2012124,3490.38557065644,3490.38557065644,0,1,3490.38557065644,0,0,77,NaN,NaN,0,NaN
addition_instances,M1,10,6110,6810008,add,1,WarmPSO,8,1500,1486,76,0,0,0.2012124,3490.38557065644,3490.38557065644,0,1,3490.38557065644,0,0,77,NaN,NaN,0,NaN
addition_instances,M1,10,6110,6810008,add,1,WarmPSO,8,2500,2476,76,0,0,0.2012124,3490.38557065644,3490.38557065644,0,1,3490.38557065644,0,0,77,NaN,NaN,0,NaN
addition_instances,M1,10,6110,6810008,add,1,WarmPSO_GlobalRelocate,8,500,491,76,0,175,0.2364089,3442.96743994192,3442.96743994192,0,1,3490.38557065644,-0.0135853560458086,1,77,NaN,NaN,0.186046511627907,1
addition_instances,M1,10,6110,6810008,add,1,WarmPSO_GlobalRelocate,8,1000,986,76,0,400,0.2364089,3442.96743994192,3442.96743994192,0,1,3490.38557065644,-0.0135853560458086,1,77,NaN,NaN,0.186046511627907,1
addition_instances,M1,10,6110,6810008,add,1,WarmPSO_GlobalRelocate,8,1500,1481,76,0,625,0.2364089,3442.84350597712,3442.84350597712,0,1,3490.38557065644,-0.0136208632877122,1,77,NaN,NaN,0.186046511627907,1
addition_instances,M1,10,6110,6810008,add,1,WarmPSO_GlobalRelocate,8,2500,2471,76,0,1075,0.2364089,3442.84350597712,3442.84350597712,0,1,3490.38557065644,-0.0136208632877122,1,77,NaN,NaN,0.186046511627907,1
addition_instances,M1,10,6110,6810008,add,1,WarmPSO_ImpactRelocate,8,500,456,76,20,150,0.233939,3490.26163669164,3490.26163669164,0,1,3490.38557065644,-3.5507241903592e-05,1,97,802,273,0.186046511627907,1
addition_instances,M1,10,6110,6810008,add,1,WarmPSO_ImpactRelocate,8,1000,951,76,20,375,0.233939,3490.26163669164,3490.26163669164,0,1,3490.38557065644,-3.5507241903592e-05,1,97,802,273,0.186046511627907,1
addition_instances,M1,10,6110,6810008,add,1,WarmPSO_ImpactRelocate,8,1500,1446,76,20,600,0.233939,3442.84350597712,3442.84350597712,0,1,3490.38557065644,-0.0136208632877122,1,97,802,273,0.186046511627907,1
addition_instances,M1,10,6110,6810008,add,1,WarmPSO_ImpactRelocate,8,2500,2491,76,20,1075,0.233939,3442.84350597712,3442.84350597712,0,1,3490.38557065644,-0.0136208632877122,1,97,802,273,0.186046511627907,1
addition_instances,M1,10,6110,6810009,add,1,Repair,9,500,19,0,0,0,0.0015114,3490.38557065644,3490.38557065644,0,1,3490.38557065644,0,0,NaN,0,0,NaN,NaN
addition_instances,M1,10,6110,6810009,add,1,Repair,9,1000,19,0,0,0,0.0015114,3490.38557065644,3490.38557065644,0,1,3490.38557065644,0,0,NaN,0,0,NaN,NaN
addition_instances,M1,10,6110,6810009,add,1,Repair,9,1500,19,0,0,0,0.0015114,3490.38557065644,3490.38557065644,0,1,3490.38557065644,0,0,NaN,0,0,NaN,NaN
addition_instances,M1,10,6110,6810009,add,1,Repair,9,2500,19,0,0,0,0.0015114,3490.38557065644,3490.38557065644,0,1,3490.38557065644,0,0,NaN,0,0,NaN,NaN
addition_instances,M1,10,6110,6810009,add,1,WarmPSO,9,500,496,76,0,0,0.205802,3470.87055411921,3470.87055411921,0,1,3490.38557065644,-0.00559107758790072,1,77,NaN,NaN,0,NaN
addition_instances,M1,10,6110,6810009,add,1,WarmPSO,9,1000,976,76,0,0,0.205802,3470.87055411921,3470.87055411921,0,1,3490.38557065644,-0.00559107758790072,1,77,NaN,NaN,0,NaN
addition_instances,M1,10,6110,6810009,add,1,WarmPSO,9,1500,1486,76,0,0,0.205802,3470.87055411921,3470.87055411921,0,1,3490.38557065644,-0.00559107758790072,1,77,NaN,NaN,0,NaN
addition_instances,M1,10,6110,6810009,add,1,WarmPSO,9,2500,2476,76,0,0,0.205802,3470.87055411921,3470.87055411921,0,1,3490.38557065644,-0.00559107758790072,1,77,NaN,NaN,0,NaN
addition_instances,M1,10,6110,6810009,add,1,WarmPSO_GlobalRelocate,9,500,491,76,0,175,0.2456263,3372.08877348859,3372.08877348859,0,1,3490.38557065644,-0.0338921860559954,1,77,NaN,NaN,0.186046511627907,1
addition_instances,M1,10,6110,6810009,add,1,WarmPSO_GlobalRelocate,9,1000,986,76,0,400,0.2456263,3372.08877348859,3372.08877348859,0,1,3490.38557065644,-0.0338921860559954,1,77,NaN,NaN,0.186046511627907,1
addition_instances,M1,10,6110,6810009,add,1,WarmPSO_GlobalRelocate,9,1500,1481,76,0,625,0.2456263,3359.72731916466,3359.72731916466,0,1,3490.38557065644,-0.0374337587773153,1,77,NaN,NaN,0.186046511627907,1
addition_instances,M1,10,6110,6810009,add,1,WarmPSO_GlobalRelocate,9,2500,2471,76,0,1075,0.2456263,3359.72731916466,3359.72731916466,0,1,3490.38557065644,-0.0374337587773153,1,77,NaN,NaN,0.186046511627907,1
addition_instances,M1,10,6110,6810009,add,1,WarmPSO_ImpactRelocate,9,500,456,76,20,150,0.256065,3470.87055411921,3470.87055411921,0,1,3490.38557065644,-0.00559107758790072,1,97,875,200,0.0930232558139535,1
addition_instances,M1,10,6110,6810009,add,1,WarmPSO_ImpactRelocate,9,1000,951,76,20,375,0.256065,3470.87055411921,3470.87055411921,0,1,3490.38557065644,-0.00559107758790072,1,97,875,200,0.0930232558139535,1
addition_instances,M1,10,6110,6810009,add,1,WarmPSO_ImpactRelocate,9,1500,1446,76,20,600,0.256065,3470.87055411921,3470.87055411921,0,1,3490.38557065644,-0.00559107758790072,1,97,875,200,0.0930232558139535,1
addition_instances,M1,10,6110,6810009,add,1,WarmPSO_ImpactRelocate,9,2500,2491,76,20,1075,0.256065,3458.50909979528,3458.50909979528,0,1,3490.38557065644,-0.00913265030922064,1,97,875,200,0.0930232558139535,1
addition_instances,M1,10,6110,6810010,add,1,Repair,10,500,19,0,0,0,0.0015308,3490.38557065644,3490.38557065644,0,1,3490.38557065644,0,0,NaN,0,0,NaN,NaN
addition_instances,M1,10,6110,6810010,add,1,Repair,10,1000,19,0,0,0,0.0015308,3490.38557065644,3490.38557065644,0,1,3490.38557065644,0,0,NaN,0,0,NaN,NaN
addition_instances,M1,10,6110,6810010,add,1,Repair,10,1500,19,0,0,0,0.0015308,3490.38557065644,3490.38557065644,0,1,3490.38557065644,0,0,NaN,0,0,NaN,NaN
addition_instances,M1,10,6110,6810010,add,1,Repair,10,2500,19,0,0,0,0.0015308,3490.38557065644,3490.38557065644,0,1,3490.38557065644,0,0,NaN,0,0,NaN,NaN
addition_instances,M1,10,6110,6810010,add,1,WarmPSO,10,500,496,76,0,0,0.2028275,3490.38557065644,3490.38557065644,0,1,3490.38557065644,0,0,77,NaN,NaN,0,NaN
addition_instances,M1,10,6110,6810010,add,1,WarmPSO,10,1000,976,76,0,0,0.2028275,3490.38557065644,3490.38557065644,0,1,3490.38557065644,0,0,77,NaN,NaN,0,NaN
addition_instances,M1,10,6110,6810010,add,1,WarmPSO,10,1500,1486,76,0,0,0.2028275,3490.38557065644,3490.38557065644,0,1,3490.38557065644,0,0,77,NaN,NaN,0,NaN
addition_instances,M1,10,6110,6810010,add,1,WarmPSO,10,2500,2476,76,0,0,0.2028275,3490.38557065644,3490.38557065644,0,1,3490.38557065644,0,0,77,NaN,NaN,0,NaN
addition_instances,M1,10,6110,6810010,add,1,WarmPSO_GlobalRelocate,10,500,491,76,0,175,0.2411588,3490.26163669164,3490.26163669164,0,1,3490.38557065644,-3.5507241903592e-05,1,77,NaN,NaN,0.186046511627907,1
addition_instances,M1,10,6110,6810010,add,1,WarmPSO_GlobalRelocate,10,1000,986,76,0,400,0.2411588,3490.26163669164,3490.26163669164,0,1,3490.38557065644,-3.5507241903592e-05,1,77,NaN,NaN,0.186046511627907,1
addition_instances,M1,10,6110,6810010,add,1,WarmPSO_GlobalRelocate,10,1500,1481,76,0,625,0.2411588,3442.84350597712,3442.84350597712,0,1,3490.38557065644,-0.0136208632877122,1,77,NaN,NaN,0.186046511627907,1
addition_instances,M1,10,6110,6810010,add,1,WarmPSO_GlobalRelocate,10,2500,2471,76,0,1075,0.2411588,3442.84350597712,3442.84350597712,0,1,3490.38557065644,-0.0136208632877122,1,77,NaN,NaN,0.186046511627907,1
addition_instances,M1,10,6110,6810010,add,1,WarmPSO_ImpactRelocate,10,500,456,76,20,150,0.2344593,3442.84350597712,3442.84350597712,0,1,3490.38557065644,-0.0136208632877122,1,97,915,160,0.186046511627907,1.5
addition_instances,M1,10,6110,6810010,add,1,WarmPSO_ImpactRelocate,10,1000,951,76,20,375,0.2344593,3442.84350597712,3442.84350597712,0,1,3490.38557065644,-0.0136208632877122,1,97,915,160,0.186046511627907,1.5
addition_instances,M1,10,6110,6810010,add,1,WarmPSO_ImpactRelocate,10,1500,1446,76,20,600,0.2344593,3442.84350597712,3442.84350597712,0,1,3490.38557065644,-0.0136208632877122,1,97,915,160,0.186046511627907,1.5
addition_instances,M1,10,6110,6810010,add,1,WarmPSO_ImpactRelocate,10,2500,2491,76,20,1075,0.2344593,3442.84350597712,3442.84350597712,0,1,3490.38557065644,-0.0136208632877122,1,97,915,160,0.186046511627907,1.5
addition_stress_instances,Near,2,8102,8802001,add,2,Repair,1,500,38,0,0,0,0.0055976,4746.79702247549,4287.10953256981,4.59687489905673,0,5389.34801289283,NaN,0,NaN,0,0,NaN,NaN
addition_stress_instances,Near,2,8102,8802001,add,2,Repair,1,1000,38,0,0,0,0.0055976,4746.79702247549,4287.10953256981,4.59687489905673,0,5389.34801289283,NaN,0,NaN,0,0,NaN,NaN
addition_stress_instances,Near,2,8102,8802001,add,2,Repair,1,1500,38,0,0,0,0.0055976,4746.79702247549,4287.10953256981,4.59687489905673,0,5389.34801289283,NaN,0,NaN,0,0,NaN,NaN
addition_stress_instances,Near,2,8102,8802001,add,2,Repair,1,2500,38,0,0,0,0.0055976,4746.79702247549,4287.10953256981,4.59687489905673,0,5389.34801289283,NaN,0,NaN,0,0,NaN,NaN
addition_stress_instances,Near,2,8102,8802001,add,2,WarmPSO,1,500,500,200,0,0,0.2159389,4443.97965136658,4443.97965136658,0,1,5389.34801289283,-0.175414235500226,1,201,NaN,NaN,0,NaN
addition_stress_instances,Near,2,8102,8802001,add,2,WarmPSO,1,1000,980,200,0,0,0.2159389,4443.97965136658,4443.97965136658,0,1,5389.34801289283,-0.175414235500226,1,201,NaN,NaN,0,NaN
addition_stress_instances,Near,2,8102,8802001,add,2,WarmPSO,1,1500,1490,200,0,0,0.2159389,4443.97965136658,4443.97965136658,0,1,5389.34801289283,-0.175414235500226,1,201,NaN,NaN,0,NaN
addition_stress_instances,Near,2,8102,8802001,add,2,WarmPSO,1,2500,2480,200,0,0,0.2159389,4443.97965136658,4443.97965136658,0,1,5389.34801289283,-0.175414235500226,1,201,NaN,NaN,0,NaN
addition_stress_instances,Near,2,8102,8802001,add,2,WarmPSO_GlobalRelocate,1,500,450,200,0,100,0.2520396,4348.17626771932,4348.17626771932,0,1,5389.34801289283,-0.193190668459847,1,201,NaN,NaN,0.585365853658537,1.5
addition_stress_instances,Near,2,8102,8802001,add,2,WarmPSO_GlobalRelocate,1,1000,1000,200,0,350,0.2520396,4019.4193972457,4019.4193972457,0,1,5389.34801289283,-0.25419190083288,1,201,NaN,NaN,0.585365853658537,1.5
addition_stress_instances,Near,2,8102,8802001,add,2,WarmPSO_GlobalRelocate,1,1500,1495,200,0,575,0.2520396,3862.54927844894,3862.54927844894,0,1,5389.34801289283,-0.283299339881441,1,201,NaN,NaN,0.585365853658537,1.5
addition_stress_instances,Near,2,8102,8802001,add,2,WarmPSO_GlobalRelocate,1,2500,2485,200,0,1025,0.2520396,3862.54927844894,3862.54927844894,0,1,5389.34801289283,-0.283299339881441,1,201,NaN,NaN,0.585365853658537,1.5
addition_stress_instances,Near,2,8102,8802001,add,2,WarmPSO_ImpactRelocate,1,500,489,200,39,100,0.2621414,4244.74513665386,4244.74513665386,0,1,5389.34801289283,-0.212382439118937,1,240,982,18,0.9,1.55555555555556
addition_stress_instances,Near,2,8102,8802001,add,2,WarmPSO_ImpactRelocate,1,1000,984,200,39,325,0.2621414,4098.91814486179,4098.91814486179,0,1,5389.34801289283,-0.239440812681604,1,240,982,18,0.9,1.55555555555556
addition_stress_instances,Near,2,8102,8802001,add,2,WarmPSO_ImpactRelocate,1,1500,1479,200,39,550,0.2621414,3998.06102641597,3998.06102641597,0,1,5389.34801289283,-0.25815497220601,1,240,982,18,0.9,1.55555555555556
addition_stress_instances,Near,2,8102,8802001,add,2,WarmPSO_ImpactRelocate,1,2500,2469,200,39,1000,0.2621414,3862.54927844894,3862.54927844894,0,1,5389.34801289283,-0.283299339881441,1,240,982,18,0.9,1.55555555555556
addition_stress_instances,Near,2,8102,8802002,add,2,Repair,2,500,38,0,0,0,0.0029348,4746.79702247549,4287.10953256981,4.59687489905673,0,5389.34801289283,NaN,0,NaN,0,0,NaN,NaN
addition_stress_instances,Near,2,8102,8802002,add,2,Repair,2,1000,38,0,0,0,0.0029348,4746.79702247549,4287.10953256981,4.59687489905673,0,5389.34801289283,NaN,0,NaN,0,0,NaN,NaN
addition_stress_instances,Near,2,8102,8802002,add,2,Repair,2,1500,38,0,0,0,0.0029348,4746.79702247549,4287.10953256981,4.59687489905673,0,5389.34801289283,NaN,0,NaN,0,0,NaN,NaN
addition_stress_instances,Near,2,8102,8802002,add,2,Repair,2,2500,38,0,0,0,0.0029348,4746.79702247549,4287.10953256981,4.59687489905673,0,5389.34801289283,NaN,0,NaN,0,0,NaN,NaN
addition_stress_instances,Near,2,8102,8802002,add,2,WarmPSO,2,500,500,200,0,0,0.2140815,4443.97965136658,4443.97965136658,0,1,5389.34801289283,-0.175414235500226,1,201,NaN,NaN,0,NaN
addition_stress_instances,Near,2,8102,8802002,add,2,WarmPSO,2,1000,980,200,0,0,0.2140815,4443.97965136658,4443.97965136658,0,1,5389.34801289283,-0.175414235500226,1,201,NaN,NaN,0,NaN
addition_stress_instances,Near,2,8102,8802002,add,2,WarmPSO,2,1500,1490,200,0,0,0.2140815,4443.97965136658,4443.97965136658,0,1,5389.34801289283,-0.175414235500226,1,201,NaN,NaN,0,NaN
addition_stress_instances,Near,2,8102,8802002,add,2,WarmPSO,2,2500,2480,200,0,0,0.2140815,4443.97965136658,4443.97965136658,0,1,5389.34801289283,-0.175414235500226,1,201,NaN,NaN,0,NaN
addition_stress_instances,Near,2,8102,8802002,add,2,WarmPSO_GlobalRelocate,2,500,450,200,0,100,0.2473482,4179.99347386609,4179.99347386609,0,1,5389.34801289283,-0.224397187959217,1,201,NaN,NaN,0.48780487804878,1.2
addition_stress_instances,Near,2,8102,8802002,add,2,WarmPSO_GlobalRelocate,2,1000,1000,200,0,350,0.2473482,3939.45913087082,3939.45913087082,0,1,5389.34801289283,-0.269028624344442,1,201,NaN,NaN,0.48780487804878,1.2
addition_stress_instances,Near,2,8102,8802002,add,2,WarmPSO_GlobalRelocate,2,1500,1495,200,0,575,0.2473482,3939.45913087082,3939.45913087082,0,1,5389.34801289283,-0.269028624344442,1,201,NaN,NaN,0.48780487804878,1.2
addition_stress_instances,Near,2,8102,8802002,add,2,WarmPSO_GlobalRelocate,2,2500,2485,200,0,1025,0.2473482,3939.45913087082,3939.45913087082,0,1,5389.34801289283,-0.269028624344442,1,201,NaN,NaN,0.48780487804878,1.2
addition_stress_instances,Near,2,8102,8802002,add,2,WarmPSO_ImpactRelocate,2,500,489,200,39,100,0.2473239,4348.17626771932,4348.17626771932,0,1,5389.34801289283,-0.193190668459847,1,240,982,18,0.7,1.14285714285714
addition_stress_instances,Near,2,8102,8802002,add,2,WarmPSO_ImpactRelocate,2,1000,984,200,39,325,0.2473239,4191.30614892256,4191.30614892256,0,1,5389.34801289283,-0.222298107508408,1,240,982,18,0.7,1.14285714285714
addition_stress_instances,Near,2,8102,8802002,add,2,WarmPSO_ImpactRelocate,2,1500,1479,200,39,550,0.2473239,3999.71093762767,3999.71093762767,0,1,5389.34801289283,-0.257848829198033,1,240,982,18,0.7,1.14285714285714
addition_stress_instances,Near,2,8102,8802002,add,2,WarmPSO_ImpactRelocate,2,2500,2469,200,39,1000,0.2473239,3870.17149149758,3870.17149149758,0,1,5389.34801289283,-0.281885029090895,1,240,982,18,0.7,1.14285714285714
addition_stress_instances,Near,2,8102,8802003,add,2,Repair,3,500,38,0,0,0,0.0030163,4746.79702247549,4287.10953256981,4.59687489905673,0,5389.34801289283,NaN,0,NaN,0,0,NaN,NaN
addition_stress_instances,Near,2,8102,8802003,add,2,Repair,3,1000,38,0,0,0,0.0030163,4746.79702247549,4287.10953256981,4.59687489905673,0,5389.34801289283,NaN,0,NaN,0,0,NaN,NaN
addition_stress_instances,Near,2,8102,8802003,add,2,Repair,3,1500,38,0,0,0,0.0030163,4746.79702247549,4287.10953256981,4.59687489905673,0,5389.34801289283,NaN,0,NaN,0,0,NaN,NaN
addition_stress_instances,Near,2,8102,8802003,add,2,Repair,3,2500,38,0,0,0,0.0030163,4746.79702247549,4287.10953256981,4.59687489905673,0,5389.34801289283,NaN,0,NaN,0,0,NaN,NaN
addition_stress_instances,Near,2,8102,8802003,add,2,WarmPSO,3,500,500,200,0,0,0.2226513,4443.97965136658,4443.97965136658,0,1,5389.34801289283,-0.175414235500226,1,201,NaN,NaN,0,NaN
addition_stress_instances,Near,2,8102,8802003,add,2,WarmPSO,3,1000,980,200,0,0,0.2226513,4443.97965136658,4443.97965136658,0,1,5389.34801289283,-0.175414235500226,1,201,NaN,NaN,0,NaN
addition_stress_instances,Near,2,8102,8802003,add,2,WarmPSO,3,1500,1490,200,0,0,0.2226513,4443.97965136658,4443.97965136658,0,1,5389.34801289283,-0.175414235500226,1,201,NaN,NaN,0,NaN
addition_stress_instances,Near,2,8102,8802003,add,2,WarmPSO,3,2500,2480,200,0,0,0.2226513,4443.97965136658,4443.97965136658,0,1,5389.34801289283,-0.175414235500226,1,201,NaN,NaN,0,NaN
addition_stress_instances,Near,2,8102,8802003,add,2,WarmPSO_GlobalRelocate,3,500,450,200,0,100,0.2428486,4431.84049191782,4431.84049191782,0,1,5389.34801289283,-0.177666671123183,1,201,NaN,NaN,0.682926829268293,1.14285714285714
addition_stress_instances,Near,2,8102,8802003,add,2,WarmPSO_GlobalRelocate,3,1000,1000,200,0,350,0.2428486,4130.96052459165,4130.96052459165,0,1,5389.34801289283,-0.233495310618421,1,201,NaN,NaN,0.682926829268293,1.14285714285714
addition_stress_instances,Near,2,8102,8802003,add,2,WarmPSO_GlobalRelocate,3,1500,1495,200,0,575,0.2428486,3870.17149149758,3870.17149149758,0,1,5389.34801289283,-0.281885029090895,1,201,NaN,NaN,0.682926829268293,1.14285714285714
addition_stress_instances,Near,2,8102,8802003,add,2,WarmPSO_GlobalRelocate,3,2500,2485,200,0,1025,0.2428486,3870.17149149758,3870.17149149758,0,1,5389.34801289283,-0.281885029090895,1,201,NaN,NaN,0.682926829268293,1.14285714285714
addition_stress_instances,Near,2,8102,8802003,add,2,WarmPSO_ImpactRelocate,3,500,489,200,39,100,0.2488334,4172.26309408449,4172.26309408449,0,1,5389.34801289283,-0.225831569217043,1,240,986,14,0.4,1
addition_stress_instances,Near,2,8102,8802003,add,2,WarmPSO_ImpactRelocate,3,1000,984,200,39,325,0.2488334,4172.26309408449,4172.26309408449,0,1,5389.34801289283,-0.225831569217043,1,240,986,14,0.4,1
addition_stress_instances,Near,2,8102,8802003,add,2,WarmPSO_ImpactRelocate,3,1500,1479,200,39,550,0.2488334,3941.10904208253,3941.10904208253,0,1,5389.34801289283,-0.268722481336464,1,240,986,14,0.4,1
addition_stress_instances,Near,2,8102,8802003,add,2,WarmPSO_ImpactRelocate,3,2500,2469,200,39,1000,0.2488334,3941.10904208253,3941.10904208253,0,1,5389.34801289283,-0.268722481336464,1,240,986,14,0.4,1
addition_stress_instances,Near,2,8102,8802004,add,2,Repair,4,500,38,0,0,0,0.0035176,4746.79702247549,4287.10953256981,4.59687489905673,0,5389.34801289283,NaN,0,NaN,0,0,NaN,NaN
addition_stress_instances,Near,2,8102,8802004,add,2,Repair,4,1000,38,0,0,0,0.0035176,4746.79702247549,4287.10953256981,4.59687489905673,0,5389.34801289283,NaN,0,NaN,0,0,NaN,NaN
addition_stress_instances,Near,2,8102,8802004,add,2,Repair,4,1500,38,0,0,0,0.0035176,4746.79702247549,4287.10953256981,4.59687489905673,0,5389.34801289283,NaN,0,NaN,0,0,NaN,NaN
addition_stress_instances,Near,2,8102,8802004,add,2,Repair,4,2500,38,0,0,0,0.0035176,4746.79702247549,4287.10953256981,4.59687489905673,0,5389.34801289283,NaN,0,NaN,0,0,NaN,NaN
addition_stress_instances,Near,2,8102,8802004,add,2,WarmPSO,4,500,500,200,0,0,0.2084215,4443.97965136658,4443.97965136658,0,1,5389.34801289283,-0.175414235500226,1,201,NaN,NaN,0,NaN
addition_stress_instances,Near,2,8102,8802004,add,2,WarmPSO,4,1000,980,200,0,0,0.2084215,4443.97965136658,4443.97965136658,0,1,5389.34801289283,-0.175414235500226,1,201,NaN,NaN,0,NaN
addition_stress_instances,Near,2,8102,8802004,add,2,WarmPSO,4,1500,1490,200,0,0,0.2084215,4443.97965136658,4443.97965136658,0,1,5389.34801289283,-0.175414235500226,1,201,NaN,NaN,0,NaN
addition_stress_instances,Near,2,8102,8802004,add,2,WarmPSO,4,2500,2480,200,0,0,0.2084215,4443.97965136658,4443.97965136658,0,1,5389.34801289283,-0.175414235500226,1,201,NaN,NaN,0,NaN
addition_stress_instances,Near,2,8102,8802004,add,2,WarmPSO_GlobalRelocate,4,500,450,200,0,100,0.2478633,4357.80836945554,4357.80836945554,0,1,5389.34801289283,-0.191403420408101,1,201,NaN,NaN,0.780487804878049,1.25
addition_stress_instances,Near,2,8102,8802004,add,2,WarmPSO_GlobalRelocate,4,1000,1000,200,0,350,0.2478633,4179.99347386609,4179.99347386609,0,1,5389.34801289283,-0.224397187959217,1,201,NaN,NaN,0.780487804878049,1.25
addition_stress_instances,Near,2,8102,8802004,add,2,WarmPSO_GlobalRelocate,4,1500,1495,200,0,575,0.2478633,3939.45913087082,3939.45913087082,0,1,5389.34801289283,-0.269028624344442,1,201,NaN,NaN,0.780487804878049,1.25
addition_stress_instances,Near,2,8102,8802004,add,2,WarmPSO_GlobalRelocate,4,2500,2485,200,0,1025,0.2478633,3939.45913087082,3939.45913087082,0,1,5389.34801289283,-0.269028624344442,1,201,NaN,NaN,0.780487804878049,1.25
addition_stress_instances,Near,2,8102,8802004,add,2,WarmPSO_ImpactRelocate,4,500,489,200,39,100,0.2664319,4227.41160458061,4227.41160458061,0,1,5389.34801289283,-0.215598696824281,1,240,1000,0,0.5,1.4
addition_stress_instances,Near,2,8102,8802004,add,2,WarmPSO_ImpactRelocate,4,1000,984,200,39,325,0.2664319,4172.26309408449,4172.26309408449,0,1,5389.34801289283,-0.225831569217043,1,240,1000,0,0.5,1.4
addition_stress_instances,Near,2,8102,8802004,add,2,WarmPSO_ImpactRelocate,4,1500,1479,200,39,550,0.2664319,3941.10904208253,3941.10904208253,0,1,5389.34801289283,-0.268722481336464,1,240,1000,0,0.5,1.4
addition_stress_instances,Near,2,8102,8802004,add,2,WarmPSO_ImpactRelocate,4,2500,2469,200,39,1000,0.2664319,3941.10904208253,3941.10904208253,0,1,5389.34801289283,-0.268722481336464,1,240,1000,0,0.5,1.4
addition_stress_instances,Near,2,8102,8802005,add,2,Repair,5,500,38,0,0,0,0.002994,4746.79702247549,4287.10953256981,4.59687489905673,0,5389.34801289283,NaN,0,NaN,0,0,NaN,NaN
addition_stress_instances,Near,2,8102,8802005,add,2,Repair,5,1000,38,0,0,0,0.002994,4746.79702247549,4287.10953256981,4.59687489905673,0,5389.34801289283,NaN,0,NaN,0,0,NaN,NaN
addition_stress_instances,Near,2,8102,8802005,add,2,Repair,5,1500,38,0,0,0,0.002994,4746.79702247549,4287.10953256981,4.59687489905673,0,5389.34801289283,NaN,0,NaN,0,0,NaN,NaN
addition_stress_instances,Near,2,8102,8802005,add,2,Repair,5,2500,38,0,0,0,0.002994,4746.79702247549,4287.10953256981,4.59687489905673,0,5389.34801289283,NaN,0,NaN,0,0,NaN,NaN
addition_stress_instances,Near,2,8102,8802005,add,2,WarmPSO,5,500,500,200,0,0,0.2119743,4443.97965136658,4443.97965136658,0,1,5389.34801289283,-0.175414235500226,1,201,NaN,NaN,0,NaN
addition_stress_instances,Near,2,8102,8802005,add,2,WarmPSO,5,1000,980,200,0,0,0.2119743,4443.97965136658,4443.97965136658,0,1,5389.34801289283,-0.175414235500226,1,201,NaN,NaN,0,NaN
addition_stress_instances,Near,2,8102,8802005,add,2,WarmPSO,5,1500,1490,200,0,0,0.2119743,4443.97965136658,4443.97965136658,0,1,5389.34801289283,-0.175414235500226,1,201,NaN,NaN,0,NaN
addition_stress_instances,Near,2,8102,8802005,add,2,WarmPSO,5,2500,2480,200,0,0,0.2119743,4443.97965136658,4443.97965136658,0,1,5389.34801289283,-0.175414235500226,1,201,NaN,NaN,0,NaN
addition_stress_instances,Near,2,8102,8802005,add,2,WarmPSO_GlobalRelocate,5,500,450,200,0,100,0.2450559,4243.57214617916,4243.57214617916,0,1,5389.34801289283,-0.212600088911062,1,201,NaN,NaN,0.780487804878049,1.125
addition_stress_instances,Near,2,8102,8802005,add,2,WarmPSO_GlobalRelocate,5,1000,1000,200,0,350,0.2450559,4079.11816617592,4079.11816617592,0,1,5389.34801289283,-0.24311472251977,1,201,NaN,NaN,0.780487804878049,1.125
addition_stress_instances,Near,2,8102,8802005,add,2,WarmPSO_GlobalRelocate,5,1500,1495,200,0,575,0.2450559,4079.11816617592,4079.11816617592,0,1,5389.34801289283,-0.24311472251977,1,201,NaN,NaN,0.780487804878049,1.125
addition_stress_instances,Near,2,8102,8802005,add,2,WarmPSO_GlobalRelocate,5,2500,2485,200,0,1025,0.2450559,3941.10904208253,3941.10904208253,0,1,5389.34801289283,-0.268722481336464,1,201,NaN,NaN,0.780487804878049,1.125
addition_stress_instances,Near,2,8102,8802005,add,2,WarmPSO_ImpactRelocate,5,500,489,200,39,100,0.2486226,4443.97965136658,4443.97965136658,0,1,5389.34801289283,-0.175414235500226,1,240,982,18,0.8,1.125
addition_stress_instances,Near,2,8102,8802005,add,2,WarmPSO_ImpactRelocate,5,1000,984,200,39,325,0.2486226,4360.31542716807,4360.31542716807,0,1,5389.34801289283,-0.19093823283689,1,240,982,18,0.8,1.125
addition_stress_instances,Near,2,8102,8802005,add,2,WarmPSO_ImpactRelocate,5,1500,1479,200,39,550,0.2486226,4099.11041855687,4099.11041855687,0,1,5389.34801289283,-0.239405136066432,1,240,982,18,0.8,1.125
addition_stress_instances,Near,2,8102,8802005,add,2,WarmPSO_ImpactRelocate,5,2500,2469,200,39,1000,0.2486226,3941.10904208253,3941.10904208253,0,1,5389.34801289283,-0.268722481336464,1,240,982,18,0.8,1.125
addition_stress_instances,Near,2,8102,8802006,add,2,Repair,6,500,38,0,0,0,0.0029106,4746.79702247549,4287.10953256981,4.59687489905673,0,5389.34801289283,NaN,0,NaN,0,0,NaN,NaN
addition_stress_instances,Near,2,8102,8802006,add,2,Repair,6,1000,38,0,0,0,0.0029106,4746.79702247549,4287.10953256981,4.59687489905673,0,5389.34801289283,NaN,0,NaN,0,0,NaN,NaN
addition_stress_instances,Near,2,8102,8802006,add,2,Repair,6,1500,38,0,0,0,0.0029106,4746.79702247549,4287.10953256981,4.59687489905673,0,5389.34801289283,NaN,0,NaN,0,0,NaN,NaN
addition_stress_instances,Near,2,8102,8802006,add,2,Repair,6,2500,38,0,0,0,0.0029106,4746.79702247549,4287.10953256981,4.59687489905673,0,5389.34801289283,NaN,0,NaN,0,0,NaN,NaN
addition_stress_instances,Near,2,8102,8802006,add,2,WarmPSO,6,500,500,200,0,0,0.2101072,4443.97965136658,4443.97965136658,0,1,5389.34801289283,-0.175414235500226,1,201,NaN,NaN,0,NaN
addition_stress_instances,Near,2,8102,8802006,add,2,WarmPSO,6,1000,980,200,0,0,0.2101072,4443.97965136658,4443.97965136658,0,1,5389.34801289283,-0.175414235500226,1,201,NaN,NaN,0,NaN
addition_stress_instances,Near,2,8102,8802006,add,2,WarmPSO,6,1500,1490,200,0,0,0.2101072,4443.97965136658,4443.97965136658,0,1,5389.34801289283,-0.175414235500226,1,201,NaN,NaN,0,NaN
addition_stress_instances,Near,2,8102,8802006,add,2,WarmPSO,6,2500,2480,200,0,0,0.2101072,4443.97965136658,4443.97965136658,0,1,5389.34801289283,-0.175414235500226,1,201,NaN,NaN,0,NaN
addition_stress_instances,Near,2,8102,8802006,add,2,WarmPSO_GlobalRelocate,6,500,450,200,0,100,0.2464829,4339.64476155214,4339.64476155214,0,1,5389.34801289283,-0.194773699681207,1,201,NaN,NaN,0.780487804878049,1.25
addition_stress_instances,Near,2,8102,8802006,add,2,WarmPSO_GlobalRelocate,6,1000,1000,200,0,350,0.2464829,4235.98828497268,4235.98828497268,0,1,5389.34801289283,-0.214007283471209,1,201,NaN,NaN,0.780487804878049,1.25
addition_stress_instances,Near,2,8102,8802006,add,2,WarmPSO_GlobalRelocate,6,1500,1495,200,0,575,0.2464829,3986.87726158534,3986.87726158534,0,1,5389.34801289283,-0.260230133209506,1,201,NaN,NaN,0.780487804878049,1.25
addition_stress_instances,Near,2,8102,8802006,add,2,WarmPSO_GlobalRelocate,6,2500,2485,200,0,1025,0.2464829,3941.10904208253,3941.10904208253,0,1,5389.34801289283,-0.268722481336464,1,201,NaN,NaN,0.780487804878049,1.25
addition_stress_instances,Near,2,8102,8802006,add,2,WarmPSO_ImpactRelocate,6,500,489,200,39,100,0.2452048,4227.41160458061,4227.41160458061,0,1,5389.34801289283,-0.215598696824281,1,240,993,7,0.4,1.25
addition_stress_instances,Near,2,8102,8802006,add,2,WarmPSO_ImpactRelocate,6,1000,984,200,39,325,0.2452048,4070.54148578385,4070.54148578385,0,1,5389.34801289283,-0.244706135872842,1,240,993,7,0.4,1.25
addition_stress_instances,Near,2,8102,8802006,add,2,WarmPSO_ImpactRelocate,6,1500,1479,200,39,550,0.2452048,4070.54148578385,4070.54148578385,0,1,5389.34801289283,-0.244706135872842,1,240,993,7,0.4,1.25
addition_stress_instances,Near,2,8102,8802006,add,2,WarmPSO_ImpactRelocate,6,2500,2469,200,39,1000,0.2452048,3941.10904208253,3941.10904208253,0,1,5389.34801289283,-0.268722481336464,1,240,993,7,0.4,1.25
addition_stress_instances,Near,2,8102,8802007,add,2,Repair,7,500,38,0,0,0,0.00359,4746.79702247549,4287.10953256981,4.59687489905673,0,5389.34801289283,NaN,0,NaN,0,0,NaN,NaN
addition_stress_instances,Near,2,8102,8802007,add,2,Repair,7,1000,38,0,0,0,0.00359,4746.79702247549,4287.10953256981,4.59687489905673,0,5389.34801289283,NaN,0,NaN,0,0,NaN,NaN
addition_stress_instances,Near,2,8102,8802007,add,2,Repair,7,1500,38,0,0,0,0.00359,4746.79702247549,4287.10953256981,4.59687489905673,0,5389.34801289283,NaN,0,NaN,0,0,NaN,NaN
addition_stress_instances,Near,2,8102,8802007,add,2,Repair,7,2500,38,0,0,0,0.00359,4746.79702247549,4287.10953256981,4.59687489905673,0,5389.34801289283,NaN,0,NaN,0,0,NaN,NaN
addition_stress_instances,Near,2,8102,8802007,add,2,WarmPSO,7,500,500,200,0,0,0.2121756,4443.97965136658,4443.97965136658,0,1,5389.34801289283,-0.175414235500226,1,201,NaN,NaN,0,NaN
addition_stress_instances,Near,2,8102,8802007,add,2,WarmPSO,7,1000,980,200,0,0,0.2121756,4443.97965136658,4443.97965136658,0,1,5389.34801289283,-0.175414235500226,1,201,NaN,NaN,0,NaN
addition_stress_instances,Near,2,8102,8802007,add,2,WarmPSO,7,1500,1490,200,0,0,0.2121756,4443.97965136658,4443.97965136658,0,1,5389.34801289283,-0.175414235500226,1,201,NaN,NaN,0,NaN
addition_stress_instances,Near,2,8102,8802007,add,2,WarmPSO,7,2500,2480,200,0,0,0.2121756,4443.97965136658,4443.97965136658,0,1,5389.34801289283,-0.175414235500226,1,201,NaN,NaN,0,NaN
addition_stress_instances,Near,2,8102,8802007,add,2,WarmPSO_GlobalRelocate,7,500,450,200,0,100,0.2427707,4443.97965136658,4443.97965136658,0,1,5389.34801289283,-0.175414235500226,1,201,NaN,NaN,0.585365853658537,1.5
addition_stress_instances,Near,2,8102,8802007,add,2,WarmPSO_GlobalRelocate,7,1000,1000,200,0,350,0.2427707,4284.49625105602,4284.49625105602,0,1,5389.34801289283,-0.205006572073969,1,201,NaN,NaN,0.585365853658537,1.5
addition_stress_instances,Near,2,8102,8802007,add,2,WarmPSO_GlobalRelocate,7,1500,1495,200,0,575,0.2427707,4154.95680492593,4154.95680492593,0,1,5389.34801289283,-0.229042771966831,1,201,NaN,NaN,0.585365853658537,1.5
addition_stress_instances,Near,2,8102,8802007,add,2,WarmPSO_GlobalRelocate,7,2500,2485,200,0,1025,0.2427707,3870.17149149758,3870.17149149758,0,1,5389.34801289283,-0.281885029090895,1,201,NaN,NaN,0.585365853658537,1.5
addition_stress_instances,Near,2,8102,8802007,add,2,WarmPSO_ImpactRelocate,7,500,489,200,39,100,0.2428395,4288.92667583248,4288.92667583248,0,1,5389.34801289283,-0.204184501432797,1,240,961,39,0.6,1.16666666666667
addition_stress_instances,Near,2,8102,8802007,add,2,WarmPSO_ImpactRelocate,7,1000,984,200,39,325,0.2428395,4288.92667583248,4288.92667583248,0,1,5389.34801289283,-0.204184501432797,1,240,961,39,0.6,1.16666666666667
addition_stress_instances,Near,2,8102,8802007,add,2,WarmPSO_ImpactRelocate,7,1500,1479,200,39,550,0.2428395,4053.34219905406,4053.34219905406,0,1,5389.34801289283,-0.24789748419339,1,240,961,39,0.6,1.16666666666667
addition_stress_instances,Near,2,8102,8802007,add,2,WarmPSO_ImpactRelocate,7,2500,2469,200,39,1000,0.2428395,3870.17149149758,3870.17149149758,0,1,5389.34801289283,-0.281885029090895,1,240,961,39,0.6,1.16666666666667
addition_stress_instances,Near,2,8102,8802008,add,2,Repair,8,500,38,0,0,0,0.0037333,4746.79702247549,4287.10953256981,4.59687489905673,0,5389.34801289283,NaN,0,NaN,0,0,NaN,NaN
addition_stress_instances,Near,2,8102,8802008,add,2,Repair,8,1000,38,0,0,0,0.0037333,4746.79702247549,4287.10953256981,4.59687489905673,0,5389.34801289283,NaN,0,NaN,0,0,NaN,NaN
addition_stress_instances,Near,2,8102,8802008,add,2,Repair,8,1500,38,0,0,0,0.0037333,4746.79702247549,4287.10953256981,4.59687489905673,0,5389.34801289283,NaN,0,NaN,0,0,NaN,NaN
addition_stress_instances,Near,2,8102,8802008,add,2,Repair,8,2500,38,0,0,0,0.0037333,4746.79702247549,4287.10953256981,4.59687489905673,0,5389.34801289283,NaN,0,NaN,0,0,NaN,NaN
addition_stress_instances,Near,2,8102,8802008,add,2,WarmPSO,8,500,500,200,0,0,0.2209686,4443.97965136658,4443.97965136658,0,1,5389.34801289283,-0.175414235500226,1,201,NaN,NaN,0,NaN
addition_stress_instances,Near,2,8102,8802008,add,2,WarmPSO,8,1000,980,200,0,0,0.2209686,4443.97965136658,4443.97965136658,0,1,5389.34801289283,-0.175414235500226,1,201,NaN,NaN,0,NaN
addition_stress_instances,Near,2,8102,8802008,add,2,WarmPSO,8,1500,1490,200,0,0,0.2209686,4443.97965136658,4443.97965136658,0,1,5389.34801289283,-0.175414235500226,1,201,NaN,NaN,0,NaN
addition_stress_instances,Near,2,8102,8802008,add,2,WarmPSO,8,2500,2480,200,0,0,0.2209686,4443.97965136658,4443.97965136658,0,1,5389.34801289283,-0.175414235500226,1,201,NaN,NaN,0,NaN
addition_stress_instances,Near,2,8102,8802008,add,2,WarmPSO_GlobalRelocate,8,500,450,200,0,100,0.2413893,4339.64476155214,4339.64476155214,0,1,5389.34801289283,-0.194773699681207,1,201,NaN,NaN,0.682926829268293,1.42857142857143
addition_stress_instances,Near,2,8102,8802008,add,2,WarmPSO_GlobalRelocate,8,1000,1000,200,0,350,0.2413893,4086.7020273824,4086.7020273824,0,1,5389.34801289283,-0.241707527959623,1,201,NaN,NaN,0.682926829268293,1.42857142857143
addition_stress_instances,Near,2,8102,8802008,add,2,WarmPSO_GlobalRelocate,8,1500,1495,200,0,575,0.2413893,3941.10904208253,3941.10904208253,0,1,5389.34801289283,-0.268722481336464,1,201,NaN,NaN,0.682926829268293,1.42857142857143
addition_stress_instances,Near,2,8102,8802008,add,2,WarmPSO_GlobalRelocate,8,2500,2485,200,0,1025,0.2413893,3941.10904208253,3941.10904208253,0,1,5389.34801289283,-0.268722481336464,1,201,NaN,NaN,0.682926829268293,1.42857142857143
addition_stress_instances,Near,2,8102,8802008,add,2,WarmPSO_ImpactRelocate,8,500,489,200,39,100,0.2486055,4172.26309408449,4172.26309408449,0,1,5389.34801289283,-0.225831569217043,1,240,986,14,0.5,1.6
addition_stress_instances,Near,2,8102,8802008,add,2,WarmPSO_ImpactRelocate,8,1000,984,200,39,325,0.2486055,4172.26309408449,4172.26309408449,0,1,5389.34801289283,-0.225831569217043,1,240,986,14,0.5,1.6
addition_stress_instances,Near,2,8102,8802008,add,2,WarmPSO_ImpactRelocate,8,1500,1479,200,39,550,0.2486055,3941.10904208253,3941.10904208253,0,1,5389.34801289283,-0.268722481336464,1,240,986,14,0.5,1.6
addition_stress_instances,Near,2,8102,8802008,add,2,WarmPSO_ImpactRelocate,8,2500,2469,200,39,1000,0.2486055,3941.10904208253,3941.10904208253,0,1,5389.34801289283,-0.268722481336464,1,240,986,14,0.5,1.6
addition_stress_instances,Near,2,8102,8802009,add,2,Repair,9,500,38,0,0,0,0.0028916,4746.79702247549,4287.10953256981,4.59687489905673,0,5389.34801289283,NaN,0,NaN,0,0,NaN,NaN
addition_stress_instances,Near,2,8102,8802009,add,2,Repair,9,1000,38,0,0,0,0.0028916,4746.79702247549,4287.10953256981,4.59687489905673,0,5389.34801289283,NaN,0,NaN,0,0,NaN,NaN
addition_stress_instances,Near,2,8102,8802009,add,2,Repair,9,1500,38,0,0,0,0.0028916,4746.79702247549,4287.10953256981,4.59687489905673,0,5389.34801289283,NaN,0,NaN,0,0,NaN,NaN
addition_stress_instances,Near,2,8102,8802009,add,2,Repair,9,2500,38,0,0,0,0.0028916,4746.79702247549,4287.10953256981,4.59687489905673,0,5389.34801289283,NaN,0,NaN,0,0,NaN,NaN
addition_stress_instances,Near,2,8102,8802009,add,2,WarmPSO,9,500,500,200,0,0,0.2120768,4443.97965136658,4443.97965136658,0,1,5389.34801289283,-0.175414235500226,1,201,NaN,NaN,0,NaN
addition_stress_instances,Near,2,8102,8802009,add,2,WarmPSO,9,1000,980,200,0,0,0.2120768,4443.97965136658,4443.97965136658,0,1,5389.34801289283,-0.175414235500226,1,201,NaN,NaN,0,NaN
addition_stress_instances,Near,2,8102,8802009,add,2,WarmPSO,9,1500,1490,200,0,0,0.2120768,4443.97965136658,4443.97965136658,0,1,5389.34801289283,-0.175414235500226,1,201,NaN,NaN,0,NaN
addition_stress_instances,Near,2,8102,8802009,add,2,WarmPSO,9,2500,2480,200,0,0,0.2120768,4443.97965136658,4443.97965136658,0,1,5389.34801289283,-0.175414235500226,1,201,NaN,NaN,0,NaN
addition_stress_instances,Near,2,8102,8802009,add,2,WarmPSO_GlobalRelocate,9,500,450,200,0,100,0.239504,4443.97965136658,4443.97965136658,0,1,5389.34801289283,-0.175414235500226,1,201,NaN,NaN,0.390243902439024,1
addition_stress_instances,Near,2,8102,8802009,add,2,WarmPSO_GlobalRelocate,9,1000,1000,200,0,350,0.239504,3941.10904208253,3941.10904208253,0,1,5389.34801289283,-0.268722481336464,1,201,NaN,NaN,0.390243902439024,1
addition_stress_instances,Near,2,8102,8802009,add,2,WarmPSO_GlobalRelocate,9,1500,1495,200,0,575,0.239504,3941.10904208253,3941.10904208253,0,1,5389.34801289283,-0.268722481336464,1,201,NaN,NaN,0.390243902439024,1
addition_stress_instances,Near,2,8102,8802009,add,2,WarmPSO_GlobalRelocate,9,2500,2485,200,0,1025,0.239504,3941.10904208253,3941.10904208253,0,1,5389.34801289283,-0.268722481336464,1,201,NaN,NaN,0.390243902439024,1
addition_stress_instances,Near,2,8102,8802009,add,2,WarmPSO_ImpactRelocate,9,500,489,200,39,100,0.2378303,4443.97965136658,4443.97965136658,0,1,5389.34801289283,-0.175414235500226,1,240,982,18,0.5,1
addition_stress_instances,Near,2,8102,8802009,add,2,WarmPSO_ImpactRelocate,9,1000,984,200,39,325,0.2378303,4199.15281848193,4199.15281848193,0,1,5389.34801289283,-0.220842148542574,1,240,982,18,0.5,1
addition_stress_instances,Near,2,8102,8802009,add,2,WarmPSO_ImpactRelocate,9,1500,1479,200,39,550,0.2378303,4199.15281848193,4199.15281848193,0,1,5389.34801289283,-0.220842148542574,1,240,982,18,0.5,1
addition_stress_instances,Near,2,8102,8802009,add,2,WarmPSO_ImpactRelocate,9,2500,2469,200,39,1000,0.2378303,4172.26309408449,4172.26309408449,0,1,5389.34801289283,-0.225831569217043,1,240,982,18,0.5,1
addition_stress_instances,Near,2,8102,8802010,add,2,Repair,10,500,38,0,0,0,0.0031247,4746.79702247549,4287.10953256981,4.59687489905673,0,5389.34801289283,NaN,0,NaN,0,0,NaN,NaN
addition_stress_instances,Near,2,8102,8802010,add,2,Repair,10,1000,38,0,0,0,0.0031247,4746.79702247549,4287.10953256981,4.59687489905673,0,5389.34801289283,NaN,0,NaN,0,0,NaN,NaN
addition_stress_instances,Near,2,8102,8802010,add,2,Repair,10,1500,38,0,0,0,0.0031247,4746.79702247549,4287.10953256981,4.59687489905673,0,5389.34801289283,NaN,0,NaN,0,0,NaN,NaN
addition_stress_instances,Near,2,8102,8802010,add,2,Repair,10,2500,38,0,0,0,0.0031247,4746.79702247549,4287.10953256981,4.59687489905673,0,5389.34801289283,NaN,0,NaN,0,0,NaN,NaN
addition_stress_instances,Near,2,8102,8802010,add,2,WarmPSO,10,500,500,200,0,0,0.2122469,4443.97965136658,4443.97965136658,0,1,5389.34801289283,-0.175414235500226,1,201,NaN,NaN,0,NaN
addition_stress_instances,Near,2,8102,8802010,add,2,WarmPSO,10,1000,980,200,0,0,0.2122469,4443.97965136658,4443.97965136658,0,1,5389.34801289283,-0.175414235500226,1,201,NaN,NaN,0,NaN
addition_stress_instances,Near,2,8102,8802010,add,2,WarmPSO,10,1500,1490,200,0,0,0.2122469,4443.97965136658,4443.97965136658,0,1,5389.34801289283,-0.175414235500226,1,201,NaN,NaN,0,NaN
addition_stress_instances,Near,2,8102,8802010,add,2,WarmPSO,10,2500,2480,200,0,0,0.2122469,4443.97965136658,4443.97965136658,0,1,5389.34801289283,-0.175414235500226,1,201,NaN,NaN,0,NaN
addition_stress_instances,Near,2,8102,8802010,add,2,WarmPSO_GlobalRelocate,10,500,450,200,0,100,0.2501096,4504.05279754425,4504.05279754425,0,1,5389.34801289283,-0.164267591038974,1,201,NaN,NaN,0.878048780487805,1.77777777777778
addition_stress_instances,Near,2,8102,8802010,add,2,WarmPSO_GlobalRelocate,10,1000,1000,200,0,350,0.2501096,4420.53075369844,4420.53075369844,0,1,5389.34801289283,-0.179765206640342,1,201,NaN,NaN,0.878048780487805,1.77777777777778
addition_stress_instances,Near,2,8102,8802010,add,2,WarmPSO_GlobalRelocate,10,1500,1495,200,0,575,0.2501096,4328.65722933152,4328.65722933152,0,1,5389.34801289283,-0.19681244948811,1,201,NaN,NaN,0.878048780487805,1.77777777777778
addition_stress_instances,Near,2,8102,8802010,add,2,WarmPSO_GlobalRelocate,10,2500,2485,200,0,1025,0.2501096,4224.60463963835,4224.60463963835,0,1,5389.34801289283,-0.216119532542357,1,201,NaN,NaN,0.878048780487805,1.77777777777778
addition_stress_instances,Near,2,8102,8802010,add,2,WarmPSO_ImpactRelocate,10,500,489,200,39,100,0.2444082,4334.9028814728,4334.9028814728,0,1,5389.34801289283,-0.195653561228094,1,240,1000,0,0.8,1.25
addition_stress_instances,Near,2,8102,8802010,add,2,WarmPSO_ImpactRelocate,10,1000,984,200,39,325,0.2444082,4179.99347386609,4179.99347386609,0,1,5389.34801289283,-0.224397187959217,1,240,1000,0,0.8,1.25
addition_stress_instances,Near,2,8102,8802010,add,2,WarmPSO_ImpactRelocate,10,1500,1479,200,39,550,0.2444082,4096.32924966758,4096.32924966758,0,1,5389.34801289283,-0.239921185295881,1,240,1000,0,0.8,1.25
addition_stress_instances,Near,2,8102,8802010,add,2,WarmPSO_ImpactRelocate,10,2500,2469,200,39,1000,0.2444082,3939.45913087082,3939.45913087082,0,1,5389.34801289283,-0.269028624344442,1,240,1000,0,0.8,1.25
addition_stress_instances,Near,4,8104,8804001,add,2,Repair,1,500,38,0,0,0,0.0028192,3748.57443156662,3748.57443156662,0,1,4876.55252165822,-0.231306457806393,0,NaN,0,0,NaN,NaN
addition_stress_instances,Near,4,8104,8804001,add,2,Repair,1,1000,38,0,0,0,0.0028192,3748.57443156662,3748.57443156662,0,1,4876.55252165822,-0.231306457806393,0,NaN,0,0,NaN,NaN
addition_stress_instances,Near,4,8104,8804001,add,2,Repair,1,1500,38,0,0,0,0.0028192,3748.57443156662,3748.57443156662,0,1,4876.55252165822,-0.231306457806393,0,NaN,0,0,NaN,NaN
addition_stress_instances,Near,4,8104,8804001,add,2,Repair,1,2500,38,0,0,0,0.0028192,3748.57443156662,3748.57443156662,0,1,4876.55252165822,-0.231306457806393,0,NaN,0,0,NaN,NaN
addition_stress_instances,Near,4,8104,8804001,add,2,WarmPSO,1,500,500,200,0,0,0.2126362,3728.2273394107,3728.2273394107,0,1,4876.55252165822,-0.235478891521718,1,201,NaN,NaN,0,NaN
addition_stress_instances,Near,4,8104,8804001,add,2,WarmPSO,1,1000,980,200,0,0,0.2126362,3728.2273394107,3728.2273394107,0,1,4876.55252165822,-0.235478891521718,1,201,NaN,NaN,0,NaN
addition_stress_instances,Near,4,8104,8804001,add,2,WarmPSO,1,1500,1490,200,0,0,0.2126362,3728.2273394107,3728.2273394107,0,1,4876.55252165822,-0.235478891521718,1,201,NaN,NaN,0,NaN
addition_stress_instances,Near,4,8104,8804001,add,2,WarmPSO,1,2500,2480,200,0,0,0.2126362,3728.2273394107,3728.2273394107,0,1,4876.55252165822,-0.235478891521718,1,201,NaN,NaN,0,NaN
addition_stress_instances,Near,4,8104,8804001,add,2,WarmPSO_GlobalRelocate,1,500,450,200,0,100,0.2457536,3728.10340544591,3728.10340544591,0,1,4876.55252165822,-0.235504305779894,1,201,NaN,NaN,0.195121951219512,1
addition_stress_instances,Near,4,8104,8804001,add,2,WarmPSO_GlobalRelocate,1,1000,1000,200,0,350,0.2457536,3680.68527473139,3680.68527473139,0,1,4876.55252165822,-0.245228005156436,1,201,NaN,NaN,0.195121951219512,1
addition_stress_instances,Near,4,8104,8804001,add,2,WarmPSO_GlobalRelocate,1,1500,1495,200,0,575,0.2457536,3680.68527473139,3680.68527473139,0,1,4876.55252165822,-0.245228005156436,1,201,NaN,NaN,0.195121951219512,1
addition_stress_instances,Near,4,8104,8804001,add,2,WarmPSO_GlobalRelocate,1,2500,2485,200,0,1025,0.2457536,3680.68527473139,3680.68527473139,0,1,4876.55252165822,-0.245228005156436,1,201,NaN,NaN,0.195121951219512,1
addition_stress_instances,Near,4,8104,8804001,add,2,WarmPSO_ImpactRelocate,1,500,489,200,39,100,0.2438742,3728.2273394107,3728.2273394107,0,1,4876.55252165822,-0.235478891521718,1,240,914,86,0.2,1.5
addition_stress_instances,Near,4,8104,8804001,add,2,WarmPSO_ImpactRelocate,1,1000,984,200,39,325,0.2438742,3728.2273394107,3728.2273394107,0,1,4876.55252165822,-0.235478891521718,1,240,914,86,0.2,1.5
addition_stress_instances,Near,4,8104,8804001,add,2,WarmPSO_ImpactRelocate,1,1500,1479,200,39,550,0.2438742,3728.2273394107,3728.2273394107,0,1,4876.55252165822,-0.235478891521718,1,240,914,86,0.2,1.5
addition_stress_instances,Near,4,8104,8804001,add,2,WarmPSO_ImpactRelocate,1,2500,2469,200,39,1000,0.2438742,3680.68527473139,3680.68527473139,0,1,4876.55252165822,-0.245228005156436,1,240,914,86,0.2,1.5
addition_stress_instances,Near,4,8104,8804002,add,2,Repair,2,500,38,0,0,0,0.0028023,3748.57443156662,3748.57443156662,0,1,4876.55252165822,-0.231306457806393,0,NaN,0,0,NaN,NaN
addition_stress_instances,Near,4,8104,8804002,add,2,Repair,2,1000,38,0,0,0,0.0028023,3748.57443156662,3748.57443156662,0,1,4876.55252165822,-0.231306457806393,0,NaN,0,0,NaN,NaN
addition_stress_instances,Near,4,8104,8804002,add,2,Repair,2,1500,38,0,0,0,0.0028023,3748.57443156662,3748.57443156662,0,1,4876.55252165822,-0.231306457806393,0,NaN,0,0,NaN,NaN
addition_stress_instances,Near,4,8104,8804002,add,2,Repair,2,2500,38,0,0,0,0.0028023,3748.57443156662,3748.57443156662,0,1,4876.55252165822,-0.231306457806393,0,NaN,0,0,NaN,NaN
addition_stress_instances,Near,4,8104,8804002,add,2,WarmPSO,2,500,500,200,0,0,0.2134703,3728.2273394107,3728.2273394107,0,1,4876.55252165822,-0.235478891521718,1,201,NaN,NaN,0,NaN
addition_stress_instances,Near,4,8104,8804002,add,2,WarmPSO,2,1000,980,200,0,0,0.2134703,3728.2273394107,3728.2273394107,0,1,4876.55252165822,-0.235478891521718,1,201,NaN,NaN,0,NaN
addition_stress_instances,Near,4,8104,8804002,add,2,WarmPSO,2,1500,1490,200,0,0,0.2134703,3728.2273394107,3728.2273394107,0,1,4876.55252165822,-0.235478891521718,1,201,NaN,NaN,0,NaN
addition_stress_instances,Near,4,8104,8804002,add,2,WarmPSO,2,2500,2480,200,0,0,0.2134703,3728.2273394107,3728.2273394107,0,1,4876.55252165822,-0.235478891521718,1,201,NaN,NaN,0,NaN
addition_stress_instances,Near,4,8104,8804002,add,2,WarmPSO_GlobalRelocate,2,500,450,200,0,100,0.2503197,3728.2273394107,3728.2273394107,0,1,4876.55252165822,-0.235478891521718,1,201,NaN,NaN,0.195121951219512,1
addition_stress_instances,Near,4,8104,8804002,add,2,WarmPSO_GlobalRelocate,2,1000,1000,200,0,350,0.2503197,3728.10340544591,3728.10340544591,0,1,4876.55252165822,-0.235504305779894,1,201,NaN,NaN,0.195121951219512,1
addition_stress_instances,Near,4,8104,8804002,add,2,WarmPSO_GlobalRelocate,2,1500,1495,200,0,575,0.2503197,3680.68527473139,3680.68527473139,0,1,4876.55252165822,-0.245228005156436,1,201,NaN,NaN,0.195121951219512,1
addition_stress_instances,Near,4,8104,8804002,add,2,WarmPSO_GlobalRelocate,2,2500,2485,200,0,1025,0.2503197,3680.68527473139,3680.68527473139,0,1,4876.55252165822,-0.245228005156436,1,201,NaN,NaN,0.195121951219512,1
addition_stress_instances,Near,4,8104,8804002,add,2,WarmPSO_ImpactRelocate,2,500,489,200,39,100,0.2477975,3728.2273394107,3728.2273394107,0,1,4876.55252165822,-0.235478891521718,1,240,921,79,0,NaN
addition_stress_instances,Near,4,8104,8804002,add,2,WarmPSO_ImpactRelocate,2,1000,984,200,39,325,0.2477975,3728.2273394107,3728.2273394107,0,1,4876.55252165822,-0.235478891521718,1,240,921,79,0,NaN
addition_stress_instances,Near,4,8104,8804002,add,2,WarmPSO_ImpactRelocate,2,1500,1479,200,39,550,0.2477975,3728.2273394107,3728.2273394107,0,1,4876.55252165822,-0.235478891521718,1,240,921,79,0,NaN
addition_stress_instances,Near,4,8104,8804002,add,2,WarmPSO_ImpactRelocate,2,2500,2469,200,39,1000,0.2477975,3728.2273394107,3728.2273394107,0,1,4876.55252165822,-0.235478891521718,1,240,921,79,0,NaN
addition_stress_instances,Near,4,8104,8804003,add,2,Repair,3,500,38,0,0,0,0.0027861,3748.57443156662,3748.57443156662,0,1,4876.55252165822,-0.231306457806393,0,NaN,0,0,NaN,NaN
addition_stress_instances,Near,4,8104,8804003,add,2,Repair,3,1000,38,0,0,0,0.0027861,3748.57443156662,3748.57443156662,0,1,4876.55252165822,-0.231306457806393,0,NaN,0,0,NaN,NaN
addition_stress_instances,Near,4,8104,8804003,add,2,Repair,3,1500,38,0,0,0,0.0027861,3748.57443156662,3748.57443156662,0,1,4876.55252165822,-0.231306457806393,0,NaN,0,0,NaN,NaN
addition_stress_instances,Near,4,8104,8804003,add,2,Repair,3,2500,38,0,0,0,0.0027861,3748.57443156662,3748.57443156662,0,1,4876.55252165822,-0.231306457806393,0,NaN,0,0,NaN,NaN
addition_stress_instances,Near,4,8104,8804003,add,2,WarmPSO,3,500,500,200,0,0,0.2122822,3728.2273394107,3728.2273394107,0,1,4876.55252165822,-0.235478891521718,1,201,NaN,NaN,0,NaN
addition_stress_instances,Near,4,8104,8804003,add,2,WarmPSO,3,1000,980,200,0,0,0.2122822,3728.2273394107,3728.2273394107,0,1,4876.55252165822,-0.235478891521718,1,201,NaN,NaN,0,NaN
addition_stress_instances,Near,4,8104,8804003,add,2,WarmPSO,3,1500,1490,200,0,0,0.2122822,3728.2273394107,3728.2273394107,0,1,4876.55252165822,-0.235478891521718,1,201,NaN,NaN,0,NaN
addition_stress_instances,Near,4,8104,8804003,add,2,WarmPSO,3,2500,2480,200,0,0,0.2122822,3728.2273394107,3728.2273394107,0,1,4876.55252165822,-0.235478891521718,1,201,NaN,NaN,0,NaN
addition_stress_instances,Near,4,8104,8804003,add,2,WarmPSO_GlobalRelocate,3,500,450,200,0,100,0.242833,3728.2273394107,3728.2273394107,0,1,4876.55252165822,-0.235478891521718,1,201,NaN,NaN,0.195121951219512,1
addition_stress_instances,Near,4,8104,8804003,add,2,WarmPSO_GlobalRelocate,3,1000,1000,200,0,350,0.242833,3680.68527473139,3680.68527473139,0,1,4876.55252165822,-0.245228005156436,1,201,NaN,NaN,0.195121951219512,1
addition_stress_instances,Near,4,8104,8804003,add,2,WarmPSO_GlobalRelocate,3,1500,1495,200,0,575,0.242833,3680.68527473139,3680.68527473139,0,1,4876.55252165822,-0.245228005156436,1,201,NaN,NaN,0.195121951219512,1
addition_stress_instances,Near,4,8104,8804003,add,2,WarmPSO_GlobalRelocate,3,2500,2485,200,0,1025,0.242833,3680.68527473139,3680.68527473139,0,1,4876.55252165822,-0.245228005156436,1,201,NaN,NaN,0.195121951219512,1
addition_stress_instances,Near,4,8104,8804003,add,2,WarmPSO_ImpactRelocate,3,500,489,200,39,100,0.2402026,3728.2273394107,3728.2273394107,0,1,4876.55252165822,-0.235478891521718,1,240,846,154,0,NaN
addition_stress_instances,Near,4,8104,8804003,add,2,WarmPSO_ImpactRelocate,3,1000,984,200,39,325,0.2402026,3728.2273394107,3728.2273394107,0,1,4876.55252165822,-0.235478891521718,1,240,846,154,0,NaN
addition_stress_instances,Near,4,8104,8804003,add,2,WarmPSO_ImpactRelocate,3,1500,1479,200,39,550,0.2402026,3728.2273394107,3728.2273394107,0,1,4876.55252165822,-0.235478891521718,1,240,846,154,0,NaN
addition_stress_instances,Near,4,8104,8804003,add,2,WarmPSO_ImpactRelocate,3,2500,2469,200,39,1000,0.2402026,3728.2273394107,3728.2273394107,0,1,4876.55252165822,-0.235478891521718,1,240,846,154,0,NaN
addition_stress_instances,Near,4,8104,8804004,add,2,Repair,4,500,38,0,0,0,0.0028501,3748.57443156662,3748.57443156662,0,1,4876.55252165822,-0.231306457806393,0,NaN,0,0,NaN,NaN
addition_stress_instances,Near,4,8104,8804004,add,2,Repair,4,1000,38,0,0,0,0.0028501,3748.57443156662,3748.57443156662,0,1,4876.55252165822,-0.231306457806393,0,NaN,0,0,NaN,NaN
addition_stress_instances,Near,4,8104,8804004,add,2,Repair,4,1500,38,0,0,0,0.0028501,3748.57443156662,3748.57443156662,0,1,4876.55252165822,-0.231306457806393,0,NaN,0,0,NaN,NaN
addition_stress_instances,Near,4,8104,8804004,add,2,Repair,4,2500,38,0,0,0,0.0028501,3748.57443156662,3748.57443156662,0,1,4876.55252165822,-0.231306457806393,0,NaN,0,0,NaN,NaN
addition_stress_instances,Near,4,8104,8804004,add,2,WarmPSO,4,500,500,200,0,0,0.2094908,3728.2273394107,3728.2273394107,0,1,4876.55252165822,-0.235478891521718,1,201,NaN,NaN,0,NaN
addition_stress_instances,Near,4,8104,8804004,add,2,WarmPSO,4,1000,980,200,0,0,0.2094908,3728.2273394107,3728.2273394107,0,1,4876.55252165822,-0.235478891521718,1,201,NaN,NaN,0,NaN
addition_stress_instances,Near,4,8104,8804004,add,2,WarmPSO,4,1500,1490,200,0,0,0.2094908,3728.2273394107,3728.2273394107,0,1,4876.55252165822,-0.235478891521718,1,201,NaN,NaN,0,NaN
addition_stress_instances,Near,4,8104,8804004,add,2,WarmPSO,4,2500,2480,200,0,0,0.2094908,3728.2273394107,3728.2273394107,0,1,4876.55252165822,-0.235478891521718,1,201,NaN,NaN,0,NaN
addition_stress_instances,Near,4,8104,8804004,add,2,WarmPSO_GlobalRelocate,4,500,450,200,0,100,0.2462622,3728.2273394107,3728.2273394107,0,1,4876.55252165822,-0.235478891521718,1,201,NaN,NaN,0.195121951219512,1
addition_stress_instances,Near,4,8104,8804004,add,2,WarmPSO_GlobalRelocate,4,1000,1000,200,0,350,0.2462622,3728.10340544591,3728.10340544591,0,1,4876.55252165822,-0.235504305779894,1,201,NaN,NaN,0.195121951219512,1
addition_stress_instances,Near,4,8104,8804004,add,2,WarmPSO_GlobalRelocate,4,1500,1495,200,0,575,0.2462622,3680.68527473139,3680.68527473139,0,1,4876.55252165822,-0.245228005156436,1,201,NaN,NaN,0.195121951219512,1
addition_stress_instances,Near,4,8104,8804004,add,2,WarmPSO_GlobalRelocate,4,2500,2485,200,0,1025,0.2462622,3680.68527473139,3680.68527473139,0,1,4876.55252165822,-0.245228005156436,1,201,NaN,NaN,0.195121951219512,1
addition_stress_instances,Near,4,8104,8804004,add,2,WarmPSO_ImpactRelocate,4,500,489,200,39,100,0.2476077,3728.2273394107,3728.2273394107,0,1,4876.55252165822,-0.235478891521718,1,240,886,114,0,NaN
addition_stress_instances,Near,4,8104,8804004,add,2,WarmPSO_ImpactRelocate,4,1000,984,200,39,325,0.2476077,3728.2273394107,3728.2273394107,0,1,4876.55252165822,-0.235478891521718,1,240,886,114,0,NaN
addition_stress_instances,Near,4,8104,8804004,add,2,WarmPSO_ImpactRelocate,4,1500,1479,200,39,550,0.2476077,3728.2273394107,3728.2273394107,0,1,4876.55252165822,-0.235478891521718,1,240,886,114,0,NaN
addition_stress_instances,Near,4,8104,8804004,add,2,WarmPSO_ImpactRelocate,4,2500,2469,200,39,1000,0.2476077,3728.2273394107,3728.2273394107,0,1,4876.55252165822,-0.235478891521718,1,240,886,114,0,NaN
addition_stress_instances,Near,4,8104,8804005,add,2,Repair,5,500,38,0,0,0,0.0029132,3748.57443156662,3748.57443156662,0,1,4876.55252165822,-0.231306457806393,0,NaN,0,0,NaN,NaN
addition_stress_instances,Near,4,8104,8804005,add,2,Repair,5,1000,38,0,0,0,0.0029132,3748.57443156662,3748.57443156662,0,1,4876.55252165822,-0.231306457806393,0,NaN,0,0,NaN,NaN
addition_stress_instances,Near,4,8104,8804005,add,2,Repair,5,1500,38,0,0,0,0.0029132,3748.57443156662,3748.57443156662,0,1,4876.55252165822,-0.231306457806393,0,NaN,0,0,NaN,NaN
addition_stress_instances,Near,4,8104,8804005,add,2,Repair,5,2500,38,0,0,0,0.0029132,3748.57443156662,3748.57443156662,0,1,4876.55252165822,-0.231306457806393,0,NaN,0,0,NaN,NaN
addition_stress_instances,Near,4,8104,8804005,add,2,WarmPSO,5,500,500,200,0,0,0.2150293,3728.2273394107,3728.2273394107,0,1,4876.55252165822,-0.235478891521718,1,201,NaN,NaN,0,NaN
addition_stress_instances,Near,4,8104,8804005,add,2,WarmPSO,5,1000,980,200,0,0,0.2150293,3728.2273394107,3728.2273394107,0,1,4876.55252165822,-0.235478891521718,1,201,NaN,NaN,0,NaN
addition_stress_instances,Near,4,8104,8804005,add,2,WarmPSO,5,1500,1490,200,0,0,0.2150293,3728.2273394107,3728.2273394107,0,1,4876.55252165822,-0.235478891521718,1,201,NaN,NaN,0,NaN
addition_stress_instances,Near,4,8104,8804005,add,2,WarmPSO,5,2500,2480,200,0,0,0.2150293,3728.2273394107,3728.2273394107,0,1,4876.55252165822,-0.235478891521718,1,201,NaN,NaN,0,NaN
addition_stress_instances,Near,4,8104,8804005,add,2,WarmPSO_GlobalRelocate,5,500,450,200,0,100,0.2465422,3728.2273394107,3728.2273394107,0,1,4876.55252165822,-0.235478891521718,1,201,NaN,NaN,0.195121951219512,1.5
addition_stress_instances,Near,4,8104,8804005,add,2,WarmPSO_GlobalRelocate,5,1000,1000,200,0,350,0.2465422,3728.10340544591,3728.10340544591,0,1,4876.55252165822,-0.235504305779894,1,201,NaN,NaN,0.195121951219512,1.5
addition_stress_instances,Near,4,8104,8804005,add,2,WarmPSO_GlobalRelocate,5,1500,1495,200,0,575,0.2465422,3728.10340544591,3728.10340544591,0,1,4876.55252165822,-0.235504305779894,1,201,NaN,NaN,0.195121951219512,1.5
addition_stress_instances,Near,4,8104,8804005,add,2,WarmPSO_GlobalRelocate,5,2500,2485,200,0,1025,0.2465422,3680.68527473139,3680.68527473139,0,1,4876.55252165822,-0.245228005156436,1,201,NaN,NaN,0.195121951219512,1.5
addition_stress_instances,Near,4,8104,8804005,add,2,WarmPSO_ImpactRelocate,5,500,489,200,39,100,0.2474293,3728.2273394107,3728.2273394107,0,1,4876.55252165822,-0.235478891521718,1,240,868,132,0,NaN
addition_stress_instances,Near,4,8104,8804005,add,2,WarmPSO_ImpactRelocate,5,1000,984,200,39,325,0.2474293,3728.2273394107,3728.2273394107,0,1,4876.55252165822,-0.235478891521718,1,240,868,132,0,NaN
addition_stress_instances,Near,4,8104,8804005,add,2,WarmPSO_ImpactRelocate,5,1500,1479,200,39,550,0.2474293,3728.2273394107,3728.2273394107,0,1,4876.55252165822,-0.235478891521718,1,240,868,132,0,NaN
addition_stress_instances,Near,4,8104,8804005,add,2,WarmPSO_ImpactRelocate,5,2500,2469,200,39,1000,0.2474293,3728.2273394107,3728.2273394107,0,1,4876.55252165822,-0.235478891521718,1,240,868,132,0,NaN
addition_stress_instances,Near,4,8104,8804006,add,2,Repair,6,500,38,0,0,0,0.0028477,3748.57443156662,3748.57443156662,0,1,4876.55252165822,-0.231306457806393,0,NaN,0,0,NaN,NaN
addition_stress_instances,Near,4,8104,8804006,add,2,Repair,6,1000,38,0,0,0,0.0028477,3748.57443156662,3748.57443156662,0,1,4876.55252165822,-0.231306457806393,0,NaN,0,0,NaN,NaN
addition_stress_instances,Near,4,8104,8804006,add,2,Repair,6,1500,38,0,0,0,0.0028477,3748.57443156662,3748.57443156662,0,1,4876.55252165822,-0.231306457806393,0,NaN,0,0,NaN,NaN
addition_stress_instances,Near,4,8104,8804006,add,2,Repair,6,2500,38,0,0,0,0.0028477,3748.57443156662,3748.57443156662,0,1,4876.55252165822,-0.231306457806393,0,NaN,0,0,NaN,NaN
addition_stress_instances,Near,4,8104,8804006,add,2,WarmPSO,6,500,500,200,0,0,0.2128228,3728.2273394107,3728.2273394107,0,1,4876.55252165822,-0.235478891521718,1,201,NaN,NaN,0,NaN
addition_stress_instances,Near,4,8104,8804006,add,2,WarmPSO,6,1000,980,200,0,0,0.2128228,3728.2273394107,3728.2273394107,0,1,4876.55252165822,-0.235478891521718,1,201,NaN,NaN,0,NaN
addition_stress_instances,Near,4,8104,8804006,add,2,WarmPSO,6,1500,1490,200,0,0,0.2128228,3728.2273394107,3728.2273394107,0,1,4876.55252165822,-0.235478891521718,1,201,NaN,NaN,0,NaN
addition_stress_instances,Near,4,8104,8804006,add,2,WarmPSO,6,2500,2480,200,0,0,0.2128228,3728.2273394107,3728.2273394107,0,1,4876.55252165822,-0.235478891521718,1,201,NaN,NaN,0,NaN
addition_stress_instances,Near,4,8104,8804006,add,2,WarmPSO_GlobalRelocate,6,500,450,200,0,100,0.2475693,3728.2273394107,3728.2273394107,0,1,4876.55252165822,-0.235478891521718,1,201,NaN,NaN,0.195121951219512,1
addition_stress_instances,Near,4,8104,8804006,add,2,WarmPSO_GlobalRelocate,6,1000,1000,200,0,350,0.2475693,3680.68527473139,3680.68527473139,0,1,4876.55252165822,-0.245228005156436,1,201,NaN,NaN,0.195121951219512,1
addition_stress_instances,Near,4,8104,8804006,add,2,WarmPSO_GlobalRelocate,6,1500,1495,200,0,575,0.2475693,3680.68527473139,3680.68527473139,0,1,4876.55252165822,-0.245228005156436,1,201,NaN,NaN,0.195121951219512,1
addition_stress_instances,Near,4,8104,8804006,add,2,WarmPSO_GlobalRelocate,6,2500,2485,200,0,1025,0.2475693,3680.68527473139,3680.68527473139,0,1,4876.55252165822,-0.245228005156436,1,201,NaN,NaN,0.195121951219512,1
addition_stress_instances,Near,4,8104,8804006,add,2,WarmPSO_ImpactRelocate,6,500,489,200,39,100,0.2458367,3728.2273394107,3728.2273394107,0,1,4876.55252165822,-0.235478891521718,1,240,879,121,0,NaN
addition_stress_instances,Near,4,8104,8804006,add,2,WarmPSO_ImpactRelocate,6,1000,984,200,39,325,0.2458367,3728.2273394107,3728.2273394107,0,1,4876.55252165822,-0.235478891521718,1,240,879,121,0,NaN
addition_stress_instances,Near,4,8104,8804006,add,2,WarmPSO_ImpactRelocate,6,1500,1479,200,39,550,0.2458367,3728.2273394107,3728.2273394107,0,1,4876.55252165822,-0.235478891521718,1,240,879,121,0,NaN
addition_stress_instances,Near,4,8104,8804006,add,2,WarmPSO_ImpactRelocate,6,2500,2469,200,39,1000,0.2458367,3728.2273394107,3728.2273394107,0,1,4876.55252165822,-0.235478891521718,1,240,879,121,0,NaN
addition_stress_instances,Near,4,8104,8804007,add,2,Repair,7,500,38,0,0,0,0.0028261,3748.57443156662,3748.57443156662,0,1,4876.55252165822,-0.231306457806393,0,NaN,0,0,NaN,NaN
addition_stress_instances,Near,4,8104,8804007,add,2,Repair,7,1000,38,0,0,0,0.0028261,3748.57443156662,3748.57443156662,0,1,4876.55252165822,-0.231306457806393,0,NaN,0,0,NaN,NaN
addition_stress_instances,Near,4,8104,8804007,add,2,Repair,7,1500,38,0,0,0,0.0028261,3748.57443156662,3748.57443156662,0,1,4876.55252165822,-0.231306457806393,0,NaN,0,0,NaN,NaN
addition_stress_instances,Near,4,8104,8804007,add,2,Repair,7,2500,38,0,0,0,0.0028261,3748.57443156662,3748.57443156662,0,1,4876.55252165822,-0.231306457806393,0,NaN,0,0,NaN,NaN
addition_stress_instances,Near,4,8104,8804007,add,2,WarmPSO,7,500,500,200,0,0,0.2138127,3728.2273394107,3728.2273394107,0,1,4876.55252165822,-0.235478891521718,1,201,NaN,NaN,0,NaN
addition_stress_instances,Near,4,8104,8804007,add,2,WarmPSO,7,1000,980,200,0,0,0.2138127,3728.2273394107,3728.2273394107,0,1,4876.55252165822,-0.235478891521718,1,201,NaN,NaN,0,NaN
addition_stress_instances,Near,4,8104,8804007,add,2,WarmPSO,7,1500,1490,200,0,0,0.2138127,3728.2273394107,3728.2273394107,0,1,4876.55252165822,-0.235478891521718,1,201,NaN,NaN,0,NaN
addition_stress_instances,Near,4,8104,8804007,add,2,WarmPSO,7,2500,2480,200,0,0,0.2138127,3728.2273394107,3728.2273394107,0,1,4876.55252165822,-0.235478891521718,1,201,NaN,NaN,0,NaN
addition_stress_instances,Near,4,8104,8804007,add,2,WarmPSO_GlobalRelocate,7,500,450,200,0,100,0.2465382,3728.2273394107,3728.2273394107,0,1,4876.55252165822,-0.235478891521718,1,201,NaN,NaN,0.0975609756097561,1
addition_stress_instances,Near,4,8104,8804007,add,2,WarmPSO_GlobalRelocate,7,1000,1000,200,0,350,0.2465382,3728.2273394107,3728.2273394107,0,1,4876.55252165822,-0.235478891521718,1,201,NaN,NaN,0.0975609756097561,1
addition_stress_instances,Near,4,8104,8804007,add,2,WarmPSO_GlobalRelocate,7,1500,1495,200,0,575,0.2465382,3728.2273394107,3728.2273394107,0,1,4876.55252165822,-0.235478891521718,1,201,NaN,NaN,0.0975609756097561,1
addition_stress_instances,Near,4,8104,8804007,add,2,WarmPSO_GlobalRelocate,7,2500,2485,200,0,1025,0.2465382,3728.10340544591,3728.10340544591,0,1,4876.55252165822,-0.235504305779894,1,201,NaN,NaN,0.0975609756097561,1
addition_stress_instances,Near,4,8104,8804007,add,2,WarmPSO_ImpactRelocate,7,500,489,200,39,100,0.2393818,3728.10340544591,3728.10340544591,0,1,4876.55252165822,-0.235504305779894,1,240,904,96,0.2,1.5
addition_stress_instances,Near,4,8104,8804007,add,2,WarmPSO_ImpactRelocate,7,1000,984,200,39,325,0.2393818,3680.68527473139,3680.68527473139,0,1,4876.55252165822,-0.245228005156436,1,240,904,96,0.2,1.5
addition_stress_instances,Near,4,8104,8804007,add,2,WarmPSO_ImpactRelocate,7,1500,1479,200,39,550,0.2393818,3680.68527473139,3680.68527473139,0,1,4876.55252165822,-0.245228005156436,1,240,904,96,0.2,1.5
addition_stress_instances,Near,4,8104,8804007,add,2,WarmPSO_ImpactRelocate,7,2500,2469,200,39,1000,0.2393818,3680.68527473139,3680.68527473139,0,1,4876.55252165822,-0.245228005156436,1,240,904,96,0.2,1.5
addition_stress_instances,Near,4,8104,8804008,add,2,Repair,8,500,38,0,0,0,0.0027228,3748.57443156662,3748.57443156662,0,1,4876.55252165822,-0.231306457806393,0,NaN,0,0,NaN,NaN
addition_stress_instances,Near,4,8104,8804008,add,2,Repair,8,1000,38,0,0,0,0.0027228,3748.57443156662,3748.57443156662,0,1,4876.55252165822,-0.231306457806393,0,NaN,0,0,NaN,NaN
addition_stress_instances,Near,4,8104,8804008,add,2,Repair,8,1500,38,0,0,0,0.0027228,3748.57443156662,3748.57443156662,0,1,4876.55252165822,-0.231306457806393,0,NaN,0,0,NaN,NaN
addition_stress_instances,Near,4,8104,8804008,add,2,Repair,8,2500,38,0,0,0,0.0027228,3748.57443156662,3748.57443156662,0,1,4876.55252165822,-0.231306457806393,0,NaN,0,0,NaN,NaN
addition_stress_instances,Near,4,8104,8804008,add,2,WarmPSO,8,500,500,200,0,0,0.2228151,3728.2273394107,3728.2273394107,0,1,4876.55252165822,-0.235478891521718,1,201,NaN,NaN,0,NaN
addition_stress_instances,Near,4,8104,8804008,add,2,WarmPSO,8,1000,980,200,0,0,0.2228151,3728.2273394107,3728.2273394107,0,1,4876.55252165822,-0.235478891521718,1,201,NaN,NaN,0,NaN
addition_stress_instances,Near,4,8104,8804008,add,2,WarmPSO,8,1500,1490,200,0,0,0.2228151,3728.2273394107,3728.2273394107,0,1,4876.55252165822,-0.235478891521718,1,201,NaN,NaN,0,NaN
addition_stress_instances,Near,4,8104,8804008,add,2,WarmPSO,8,2500,2480,200,0,0,0.2228151,3728.2273394107,3728.2273394107,0,1,4876.55252165822,-0.235478891521718,1,201,NaN,NaN,0,NaN
addition_stress_instances,Near,4,8104,8804008,add,2,WarmPSO_GlobalRelocate,8,500,450,200,0,100,0.2426392,3728.2273394107,3728.2273394107,0,1,4876.55252165822,-0.235478891521718,1,201,NaN,NaN,0.195121951219512,1
addition_stress_instances,Near,4,8104,8804008,add,2,WarmPSO_GlobalRelocate,8,1000,1000,200,0,350,0.2426392,3728.10340544591,3728.10340544591,0,1,4876.55252165822,-0.235504305779894,1,201,NaN,NaN,0.195121951219512,1
addition_stress_instances,Near,4,8104,8804008,add,2,WarmPSO_GlobalRelocate,8,1500,1495,200,0,575,0.2426392,3680.68527473139,3680.68527473139,0,1,4876.55252165822,-0.245228005156436,1,201,NaN,NaN,0.195121951219512,1
addition_stress_instances,Near,4,8104,8804008,add,2,WarmPSO_GlobalRelocate,8,2500,2485,200,0,1025,0.2426392,3680.68527473139,3680.68527473139,0,1,4876.55252165822,-0.245228005156436,1,201,NaN,NaN,0.195121951219512,1
addition_stress_instances,Near,4,8104,8804008,add,2,WarmPSO_ImpactRelocate,8,500,489,200,39,100,0.2503566,3728.2273394107,3728.2273394107,0,1,4876.55252165822,-0.235478891521718,1,240,929,71,0,NaN
addition_stress_instances,Near,4,8104,8804008,add,2,WarmPSO_ImpactRelocate,8,1000,984,200,39,325,0.2503566,3728.2273394107,3728.2273394107,0,1,4876.55252165822,-0.235478891521718,1,240,929,71,0,NaN
addition_stress_instances,Near,4,8104,8804008,add,2,WarmPSO_ImpactRelocate,8,1500,1479,200,39,550,0.2503566,3728.2273394107,3728.2273394107,0,1,4876.55252165822,-0.235478891521718,1,240,929,71,0,NaN
addition_stress_instances,Near,4,8104,8804008,add,2,WarmPSO_ImpactRelocate,8,2500,2469,200,39,1000,0.2503566,3728.2273394107,3728.2273394107,0,1,4876.55252165822,-0.235478891521718,1,240,929,71,0,NaN
addition_stress_instances,Near,4,8104,8804009,add,2,Repair,9,500,38,0,0,0,0.0028948,3748.57443156662,3748.57443156662,0,1,4876.55252165822,-0.231306457806393,0,NaN,0,0,NaN,NaN
addition_stress_instances,Near,4,8104,8804009,add,2,Repair,9,1000,38,0,0,0,0.0028948,3748.57443156662,3748.57443156662,0,1,4876.55252165822,-0.231306457806393,0,NaN,0,0,NaN,NaN
addition_stress_instances,Near,4,8104,8804009,add,2,Repair,9,1500,38,0,0,0,0.0028948,3748.57443156662,3748.57443156662,0,1,4876.55252165822,-0.231306457806393,0,NaN,0,0,NaN,NaN
addition_stress_instances,Near,4,8104,8804009,add,2,Repair,9,2500,38,0,0,0,0.0028948,3748.57443156662,3748.57443156662,0,1,4876.55252165822,-0.231306457806393,0,NaN,0,0,NaN,NaN
addition_stress_instances,Near,4,8104,8804009,add,2,WarmPSO,9,500,500,200,0,0,0.2195981,3728.2273394107,3728.2273394107,0,1,4876.55252165822,-0.235478891521718,1,201,NaN,NaN,0,NaN
addition_stress_instances,Near,4,8104,8804009,add,2,WarmPSO,9,1000,980,200,0,0,0.2195981,3728.2273394107,3728.2273394107,0,1,4876.55252165822,-0.235478891521718,1,201,NaN,NaN,0,NaN
addition_stress_instances,Near,4,8104,8804009,add,2,WarmPSO,9,1500,1490,200,0,0,0.2195981,3728.2273394107,3728.2273394107,0,1,4876.55252165822,-0.235478891521718,1,201,NaN,NaN,0,NaN
addition_stress_instances,Near,4,8104,8804009,add,2,WarmPSO,9,2500,2480,200,0,0,0.2195981,3728.2273394107,3728.2273394107,0,1,4876.55252165822,-0.235478891521718,1,201,NaN,NaN,0,NaN
addition_stress_instances,Near,4,8104,8804009,add,2,WarmPSO_GlobalRelocate,9,500,450,200,0,100,0.2453301,3698.63786793736,3698.63786793736,0,1,4876.55252165822,-0.241546594338806,1,201,NaN,NaN,0.292682926829268,1
addition_stress_instances,Near,4,8104,8804009,add,2,WarmPSO_GlobalRelocate,9,1000,1000,200,0,350,0.2453301,3698.51393397257,3698.51393397257,0,1,4876.55252165822,-0.241572008596982,1,201,NaN,NaN,0.292682926829268,1
addition_stress_instances,Near,4,8104,8804009,add,2,WarmPSO_GlobalRelocate,9,1500,1495,200,0,575,0.2453301,3698.51393397257,3698.51393397257,0,1,4876.55252165822,-0.241572008596982,1,201,NaN,NaN,0.292682926829268,1
addition_stress_instances,Near,4,8104,8804009,add,2,WarmPSO_GlobalRelocate,9,2500,2485,200,0,1025,0.2453301,3698.51393397257,3698.51393397257,0,1,4876.55252165822,-0.241572008596982,1,201,NaN,NaN,0.292682926829268,1
addition_stress_instances,Near,4,8104,8804009,add,2,WarmPSO_ImpactRelocate,9,500,489,200,39,100,0.2435367,3728.2273394107,3728.2273394107,0,1,4876.55252165822,-0.235478891521718,1,240,896,104,0,NaN
addition_stress_instances,Near,4,8104,8804009,add,2,WarmPSO_ImpactRelocate,9,1000,984,200,39,325,0.2435367,3728.2273394107,3728.2273394107,0,1,4876.55252165822,-0.235478891521718,1,240,896,104,0,NaN
addition_stress_instances,Near,4,8104,8804009,add,2,WarmPSO_ImpactRelocate,9,1500,1479,200,39,550,0.2435367,3728.2273394107,3728.2273394107,0,1,4876.55252165822,-0.235478891521718,1,240,896,104,0,NaN
addition_stress_instances,Near,4,8104,8804009,add,2,WarmPSO_ImpactRelocate,9,2500,2469,200,39,1000,0.2435367,3728.2273394107,3728.2273394107,0,1,4876.55252165822,-0.235478891521718,1,240,896,104,0,NaN
addition_stress_instances,Near,4,8104,8804010,add,2,Repair,10,500,38,0,0,0,0.0033284,3748.57443156662,3748.57443156662,0,1,4876.55252165822,-0.231306457806393,0,NaN,0,0,NaN,NaN
addition_stress_instances,Near,4,8104,8804010,add,2,Repair,10,1000,38,0,0,0,0.0033284,3748.57443156662,3748.57443156662,0,1,4876.55252165822,-0.231306457806393,0,NaN,0,0,NaN,NaN
addition_stress_instances,Near,4,8104,8804010,add,2,Repair,10,1500,38,0,0,0,0.0033284,3748.57443156662,3748.57443156662,0,1,4876.55252165822,-0.231306457806393,0,NaN,0,0,NaN,NaN
addition_stress_instances,Near,4,8104,8804010,add,2,Repair,10,2500,38,0,0,0,0.0033284,3748.57443156662,3748.57443156662,0,1,4876.55252165822,-0.231306457806393,0,NaN,0,0,NaN,NaN
addition_stress_instances,Near,4,8104,8804010,add,2,WarmPSO,10,500,500,200,0,0,0.2173567,3728.2273394107,3728.2273394107,0,1,4876.55252165822,-0.235478891521718,1,202,NaN,NaN,0,NaN
addition_stress_instances,Near,4,8104,8804010,add,2,WarmPSO,10,1000,980,200,0,0,0.2173567,3728.2273394107,3728.2273394107,0,1,4876.55252165822,-0.235478891521718,1,202,NaN,NaN,0,NaN
addition_stress_instances,Near,4,8104,8804010,add,2,WarmPSO,10,1500,1490,200,0,0,0.2173567,3728.2273394107,3728.2273394107,0,1,4876.55252165822,-0.235478891521718,1,202,NaN,NaN,0,NaN
addition_stress_instances,Near,4,8104,8804010,add,2,WarmPSO,10,2500,2480,200,0,0,0.2173567,3728.2273394107,3728.2273394107,0,1,4876.55252165822,-0.235478891521718,1,202,NaN,NaN,0,NaN
addition_stress_instances,Near,4,8104,8804010,add,2,WarmPSO_GlobalRelocate,10,500,450,200,0,100,0.2482617,3728.2273394107,3728.2273394107,0,1,4876.55252165822,-0.235478891521718,1,202,NaN,NaN,0.195121951219512,2
addition_stress_instances,Near,4,8104,8804010,add,2,WarmPSO_GlobalRelocate,10,1000,1000,200,0,350,0.2482617,3680.68527473139,3680.68527473139,0,1,4876.55252165822,-0.245228005156436,1,202,NaN,NaN,0.195121951219512,2
addition_stress_instances,Near,4,8104,8804010,add,2,WarmPSO_GlobalRelocate,10,1500,1495,200,0,575,0.2482617,3680.68527473139,3680.68527473139,0,1,4876.55252165822,-0.245228005156436,1,202,NaN,NaN,0.195121951219512,2
addition_stress_instances,Near,4,8104,8804010,add,2,WarmPSO_GlobalRelocate,10,2500,2485,200,0,1025,0.2482617,3680.68527473139,3680.68527473139,0,1,4876.55252165822,-0.245228005156436,1,202,NaN,NaN,0.195121951219512,2
addition_stress_instances,Near,4,8104,8804010,add,2,WarmPSO_ImpactRelocate,10,500,489,200,39,100,0.2432656,3728.2273394107,3728.2273394107,0,1,4876.55252165822,-0.235478891521718,1,241,835,165,0.1,1
addition_stress_instances,Near,4,8104,8804010,add,2,WarmPSO_ImpactRelocate,10,1000,984,200,39,325,0.2432656,3728.2273394107,3728.2273394107,0,1,4876.55252165822,-0.235478891521718,1,241,835,165,0.1,1
addition_stress_instances,Near,4,8104,8804010,add,2,WarmPSO_ImpactRelocate,10,1500,1479,200,39,550,0.2432656,3728.2273394107,3728.2273394107,0,1,4876.55252165822,-0.235478891521718,1,241,835,165,0.1,1
addition_stress_instances,Near,4,8104,8804010,add,2,WarmPSO_ImpactRelocate,10,2500,2469,200,39,1000,0.2432656,3728.10340544591,3728.10340544591,0,1,4876.55252165822,-0.235504305779894,1,241,835,165,0.1,1
addition_stress_instances,Tight,1,8301,9001001,add,2,Repair,1,500,38,0,0,0,0.0031547,4293.90625809938,4293.90625809938,0,1,5260.35770335712,-0.183723522193359,0,NaN,0,0,NaN,NaN
addition_stress_instances,Tight,1,8301,9001001,add,2,Repair,1,1000,38,0,0,0,0.0031547,4293.90625809938,4293.90625809938,0,1,5260.35770335712,-0.183723522193359,0,NaN,0,0,NaN,NaN
addition_stress_instances,Tight,1,8301,9001001,add,2,Repair,1,1500,38,0,0,0,0.0031547,4293.90625809938,4293.90625809938,0,1,5260.35770335712,-0.183723522193359,0,NaN,0,0,NaN,NaN
addition_stress_instances,Tight,1,8301,9001001,add,2,Repair,1,2500,38,0,0,0,0.0031547,4293.90625809938,4293.90625809938,0,1,5260.35770335712,-0.183723522193359,0,NaN,0,0,NaN,NaN
addition_stress_instances,Tight,1,8301,9001001,add,2,WarmPSO,1,500,500,200,0,0,0.2117502,4251.83316513849,4251.83316513849,0,1,5260.35770335712,-0.191721665158816,1,201,NaN,NaN,0,NaN
addition_stress_instances,Tight,1,8301,9001001,add,2,WarmPSO,1,1000,980,200,0,0,0.2117502,4251.83316513849,4251.83316513849,0,1,5260.35770335712,-0.191721665158816,1,201,NaN,NaN,0,NaN
addition_stress_instances,Tight,1,8301,9001001,add,2,WarmPSO,1,1500,1490,200,0,0,0.2117502,4251.83316513849,4251.83316513849,0,1,5260.35770335712,-0.191721665158816,1,201,NaN,NaN,0,NaN
addition_stress_instances,Tight,1,8301,9001001,add,2,WarmPSO,1,2500,2480,200,0,0,0.2117502,4251.83316513849,4251.83316513849,0,1,5260.35770335712,-0.191721665158816,1,201,NaN,NaN,0,NaN
addition_stress_instances,Tight,1,8301,9001001,add,2,WarmPSO_GlobalRelocate,1,500,450,200,0,100,0.2567,4251.83316513849,4251.83316513849,0,1,5260.35770335712,-0.191721665158816,1,201,NaN,NaN,0.780487804878049,1.125
addition_stress_instances,Tight,1,8301,9001001,add,2,WarmPSO_GlobalRelocate,1,1000,1000,200,0,350,0.2567,4118.07211821278,4118.07211821278,0,1,5260.35770335712,-0.217149792763207,1,201,NaN,NaN,0.780487804878049,1.125
addition_stress_instances,Tight,1,8301,9001001,add,2,WarmPSO_GlobalRelocate,1,1500,1495,200,0,575,0.2567,3892.45272529243,3892.45272529243,0,1,5260.35770335712,-0.260040296725773,1,201,NaN,NaN,0.780487804878049,1.125
addition_stress_instances,Tight,1,8301,9001001,add,2,WarmPSO_GlobalRelocate,1,2500,2485,200,0,1025,0.2567,3704.82758142226,3704.82758142226,0,1,5260.35770335712,-0.295708050603124,1,201,NaN,NaN,0.780487804878049,1.125
addition_stress_instances,Tight,1,8301,9001001,add,2,WarmPSO_ImpactRelocate,1,500,489,200,39,100,0.2435687,4113.70973969795,4113.70973969795,0,1,5260.35770335712,-0.217979085895127,1,240,975,25,0.4,1.25
addition_stress_instances,Tight,1,8301,9001001,add,2,WarmPSO_ImpactRelocate,1,1000,984,200,39,325,0.2435687,3888.5197803004,3888.5197803004,0,1,5260.35770335712,-0.260787954055144,1,240,975,25,0.4,1.25
addition_stress_instances,Tight,1,8301,9001001,add,2,WarmPSO_ImpactRelocate,1,1500,1479,200,39,550,0.2435687,3752.24571213678,3752.24571213678,0,1,5260.35770335712,-0.286693809863515,1,240,975,25,0.4,1.25
addition_stress_instances,Tight,1,8301,9001001,add,2,WarmPSO_ImpactRelocate,1,2500,2469,200,39,1000,0.2435687,3752.24571213678,3752.24571213678,0,1,5260.35770335712,-0.286693809863515,1,240,975,25,0.4,1.25
addition_stress_instances,Tight,1,8301,9001002,add,2,Repair,2,500,38,0,0,0,0.0027682,4293.90625809938,4293.90625809938,0,1,5260.35770335712,-0.183723522193359,0,NaN,0,0,NaN,NaN
addition_stress_instances,Tight,1,8301,9001002,add,2,Repair,2,1000,38,0,0,0,0.0027682,4293.90625809938,4293.90625809938,0,1,5260.35770335712,-0.183723522193359,0,NaN,0,0,NaN,NaN
addition_stress_instances,Tight,1,8301,9001002,add,2,Repair,2,1500,38,0,0,0,0.0027682,4293.90625809938,4293.90625809938,0,1,5260.35770335712,-0.183723522193359,0,NaN,0,0,NaN,NaN
addition_stress_instances,Tight,1,8301,9001002,add,2,Repair,2,2500,38,0,0,0,0.0027682,4293.90625809938,4293.90625809938,0,1,5260.35770335712,-0.183723522193359,0,NaN,0,0,NaN,NaN
addition_stress_instances,Tight,1,8301,9001002,add,2,WarmPSO,2,500,500,200,0,0,0.2136692,4251.83316513849,4251.83316513849,0,1,5260.35770335712,-0.191721665158816,1,201,NaN,NaN,0,NaN
addition_stress_instances,Tight,1,8301,9001002,add,2,WarmPSO,2,1000,980,200,0,0,0.2136692,4251.83316513849,4251.83316513849,0,1,5260.35770335712,-0.191721665158816,1,201,NaN,NaN,0,NaN
addition_stress_instances,Tight,1,8301,9001002,add,2,WarmPSO,2,1500,1490,200,0,0,0.2136692,4251.83316513849,4251.83316513849,0,1,5260.35770335712,-0.191721665158816,1,201,NaN,NaN,0,NaN
addition_stress_instances,Tight,1,8301,9001002,add,2,WarmPSO,2,2500,2480,200,0,0,0.2136692,4251.83316513849,4251.83316513849,0,1,5260.35770335712,-0.191721665158816,1,201,NaN,NaN,0,NaN
addition_stress_instances,Tight,1,8301,9001002,add,2,WarmPSO_GlobalRelocate,2,500,450,200,0,100,0.2420888,4181.40959978525,4181.40959978525,0,1,5260.35770335712,-0.205109265265991,1,201,NaN,NaN,0.780487804878049,1.625
addition_stress_instances,Tight,1,8301,9001002,add,2,WarmPSO_GlobalRelocate,2,1000,1000,200,0,350,0.2420888,4052.77244052186,4052.77244052186,0,1,5260.35770335712,-0.229563335980857,1,201,NaN,NaN,0.780487804878049,1.625
addition_stress_instances,Tight,1,8301,9001002,add,2,WarmPSO_GlobalRelocate,2,1500,1495,200,0,575,0.2420888,3882.68442333978,3882.68442333978,0,1,5260.35770335712,-0.261897262069863,1,201,NaN,NaN,0.780487804878049,1.625
addition_stress_instances,Tight,1,8301,9001002,add,2,WarmPSO_GlobalRelocate,2,2500,2485,200,0,1025,0.2420888,3786.9156338949,3786.9156338949,0,1,5260.35770335712,-0.280103018188646,1,201,NaN,NaN,0.780487804878049,1.625
addition_stress_instances,Tight,1,8301,9001002,add,2,WarmPSO_ImpactRelocate,2,500,489,200,39,100,0.2406651,4133.38864798867,4133.38864798867,0,1,5260.35770335712,-0.214238102980949,1,240,982,18,0.6,1.5
addition_stress_instances,Tight,1,8301,9001002,add,2,WarmPSO_ImpactRelocate,2,1000,984,200,39,325,0.2406651,4123.4130517035,4123.4130517035,0,1,5260.35770335712,-0.216134475214115,1,240,982,18,0.6,1.5
addition_stress_instances,Tight,1,8301,9001002,add,2,WarmPSO_ImpactRelocate,2,1500,1479,200,39,550,0.2406651,4019.15429170156,4019.15429170156,0,1,5260.35770335712,-0.235954184420469,1,240,982,18,0.6,1.5
addition_stress_instances,Tight,1,8301,9001002,add,2,WarmPSO_ImpactRelocate,2,2500,2469,200,39,1000,0.2406651,3844.54668293357,3844.54668293357,0,1,5260.35770335712,-0.269147290025542,1,240,982,18,0.6,1.5
addition_stress_instances,Tight,1,8301,9001003,add,2,Repair,3,500,38,0,0,0,0.0027653,4293.90625809938,4293.90625809938,0,1,5260.35770335712,-0.183723522193359,0,NaN,0,0,NaN,NaN
addition_stress_instances,Tight,1,8301,9001003,add,2,Repair,3,1000,38,0,0,0,0.0027653,4293.90625809938,4293.90625809938,0,1,5260.35770335712,-0.183723522193359,0,NaN,0,0,NaN,NaN
addition_stress_instances,Tight,1,8301,9001003,add,2,Repair,3,1500,38,0,0,0,0.0027653,4293.90625809938,4293.90625809938,0,1,5260.35770335712,-0.183723522193359,0,NaN,0,0,NaN,NaN
addition_stress_instances,Tight,1,8301,9001003,add,2,Repair,3,2500,38,0,0,0,0.0027653,4293.90625809938,4293.90625809938,0,1,5260.35770335712,-0.183723522193359,0,NaN,0,0,NaN,NaN
addition_stress_instances,Tight,1,8301,9001003,add,2,WarmPSO,3,500,500,200,0,0,0.2158057,4282.33743278659,4282.33743278659,0,1,5260.35770335712,-0.185922769082103,1,201,NaN,NaN,0,NaN
addition_stress_instances,Tight,1,8301,9001003,add,2,WarmPSO,3,1000,980,200,0,0,0.2158057,4282.33743278659,4282.33743278659,0,1,5260.35770335712,-0.185922769082103,1,201,NaN,NaN,0,NaN
addition_stress_instances,Tight,1,8301,9001003,add,2,WarmPSO,3,1500,1490,200,0,0,0.2158057,4282.33743278659,4282.33743278659,0,1,5260.35770335712,-0.185922769082103,1,201,NaN,NaN,0,NaN
addition_stress_instances,Tight,1,8301,9001003,add,2,WarmPSO,3,2500,2480,200,0,0,0.2158057,4251.83316513849,4251.83316513849,0,1,5260.35770335712,-0.191721665158816,1,201,NaN,NaN,0,NaN
addition_stress_instances,Tight,1,8301,9001003,add,2,WarmPSO_GlobalRelocate,3,500,450,200,0,100,0.2418916,4178.07867278465,4178.07867278465,0,1,5260.35770335712,-0.205742478288457,1,201,NaN,NaN,0.780487804878049,1.25
addition_stress_instances,Tight,1,8301,9001003,add,2,WarmPSO_GlobalRelocate,3,1000,1000,200,0,350,0.2418916,3954.37599963327,3954.37599963327,0,1,5260.35770335712,-0.248268611636502,1,201,NaN,NaN,0.780487804878049,1.25
addition_stress_instances,Tight,1,8301,9001003,add,2,WarmPSO_GlobalRelocate,3,1500,1495,200,0,575,0.2418916,3699.34742022725,3699.34742022725,0,1,5260.35770335712,-0.296749835497621,1,201,NaN,NaN,0.780487804878049,1.25
addition_stress_instances,Tight,1,8301,9001003,add,2,WarmPSO_GlobalRelocate,3,2500,2485,200,0,1025,0.2418916,3689.37066411146,3689.37066411146,0,1,5260.35770335712,-0.298646428215912,1,201,NaN,NaN,0.780487804878049,1.25
addition_stress_instances,Tight,1,8301,9001003,add,2,WarmPSO_ImpactRelocate,3,500,489,200,39,100,0.2520739,4113.30038071636,4113.30038071636,0,1,5260.35770335712,-0.21805690550449,1,240,986,14,0.9,1.22222222222222
addition_stress_instances,Tight,1,8301,9001003,add,2,WarmPSO_ImpactRelocate,3,1000,984,200,39,325,0.2520739,3990.91646596573,3990.91646596573,0,1,5260.35770335712,-0.241322227304284,1,240,986,14,0.9,1.22222222222222
addition_stress_instances,Tight,1,8301,9001003,add,2,WarmPSO_ImpactRelocate,3,1500,1479,200,39,550,0.2520739,3704.82758142226,3704.82758142226,0,1,5260.35770335712,-0.295708050603124,1,240,986,14,0.9,1.22222222222222
addition_stress_instances,Tight,1,8301,9001003,add,2,WarmPSO_ImpactRelocate,3,2500,2469,200,39,1000,0.2520739,3689.37066411146,3689.37066411146,0,1,5260.35770335712,-0.298646428215912,1,240,986,14,0.9,1.22222222222222
addition_stress_instances,Tight,1,8301,9001004,add,2,Repair,4,500,38,0,0,0,0.003607,4293.90625809938,4293.90625809938,0,1,5260.35770335712,-0.183723522193359,0,NaN,0,0,NaN,NaN
addition_stress_instances,Tight,1,8301,9001004,add,2,Repair,4,1000,38,0,0,0,0.003607,4293.90625809938,4293.90625809938,0,1,5260.35770335712,-0.183723522193359,0,NaN,0,0,NaN,NaN
addition_stress_instances,Tight,1,8301,9001004,add,2,Repair,4,1500,38,0,0,0,0.003607,4293.90625809938,4293.90625809938,0,1,5260.35770335712,-0.183723522193359,0,NaN,0,0,NaN,NaN
addition_stress_instances,Tight,1,8301,9001004,add,2,Repair,4,2500,38,0,0,0,0.003607,4293.90625809938,4293.90625809938,0,1,5260.35770335712,-0.183723522193359,0,NaN,0,0,NaN,NaN
addition_stress_instances,Tight,1,8301,9001004,add,2,WarmPSO,4,500,500,200,0,0,0.2119371,4251.83316513849,4251.83316513849,0,1,5260.35770335712,-0.191721665158816,1,201,NaN,NaN,0,NaN
addition_stress_instances,Tight,1,8301,9001004,add,2,WarmPSO,4,1000,980,200,0,0,0.2119371,4251.83316513849,4251.83316513849,0,1,5260.35770335712,-0.191721665158816,1,201,NaN,NaN,0,NaN
addition_stress_instances,Tight,1,8301,9001004,add,2,WarmPSO,4,1500,1490,200,0,0,0.2119371,4251.83316513849,4251.83316513849,0,1,5260.35770335712,-0.191721665158816,1,201,NaN,NaN,0,NaN
addition_stress_instances,Tight,1,8301,9001004,add,2,WarmPSO,4,2500,2480,200,0,0,0.2119371,4251.83316513849,4251.83316513849,0,1,5260.35770335712,-0.191721665158816,1,201,NaN,NaN,0,NaN
addition_stress_instances,Tight,1,8301,9001004,add,2,WarmPSO_GlobalRelocate,4,500,450,200,0,100,0.2536493,4251.83316513849,4251.83316513849,0,1,5260.35770335712,-0.191721665158816,1,201,NaN,NaN,0.585365853658537,1.16666666666667
addition_stress_instances,Tight,1,8301,9001004,add,2,WarmPSO_GlobalRelocate,4,1000,1000,200,0,350,0.2536493,4184.73612613324,4184.73612613324,0,1,5260.35770335712,-0.204476888812604,1,201,NaN,NaN,0.585365853658537,1.16666666666667
addition_stress_instances,Tight,1,8301,9001004,add,2,WarmPSO_GlobalRelocate,4,1500,1495,200,0,575,0.2536493,3841.10164958588,3841.10164958588,0,1,5260.35770335712,-0.269802194794754,1,201,NaN,NaN,0.585365853658537,1.16666666666667
addition_stress_instances,Tight,1,8301,9001004,add,2,WarmPSO_GlobalRelocate,4,2500,2485,200,0,1025,0.2536493,3704.82758142226,3704.82758142226,0,1,5260.35770335712,-0.295708050603124,1,201,NaN,NaN,0.585365853658537,1.16666666666667
addition_stress_instances,Tight,1,8301,9001004,add,2,WarmPSO_ImpactRelocate,4,500,489,200,39,100,0.2517383,4188.49568356602,4188.49568356602,0,1,5260.35770335712,-0.203762192656032,1,240,1000,0,0.7,1
addition_stress_instances,Tight,1,8301,9001004,add,2,WarmPSO_ImpactRelocate,4,1000,984,200,39,325,0.2517383,4188.49568356602,4188.49568356602,0,1,5260.35770335712,-0.203762192656032,1,240,1000,0,0.7,1
addition_stress_instances,Tight,1,8301,9001004,add,2,WarmPSO_ImpactRelocate,4,1500,1479,200,39,550,0.2517383,4137.31799541872,4137.31799541872,0,1,5260.35770335712,-0.213491129552214,1,240,1000,0,0.7,1
addition_stress_instances,Tight,1,8301,9001004,add,2,WarmPSO_ImpactRelocate,4,2500,2469,200,39,1000,0.2517383,3841.10164958588,3841.10164958588,0,1,5260.35770335712,-0.269802194794754,1,240,1000,0,0.7,1
addition_stress_instances,Tight,1,8301,9001005,add,2,Repair,5,500,38,0,0,0,0.0028022,4293.90625809938,4293.90625809938,0,1,5260.35770335712,-0.183723522193359,0,NaN,0,0,NaN,NaN
addition_stress_instances,Tight,1,8301,9001005,add,2,Repair,5,1000,38,0,0,0,0.0028022,4293.90625809938,4293.90625809938,0,1,5260.35770335712,-0.183723522193359,0,NaN,0,0,NaN,NaN
addition_stress_instances,Tight,1,8301,9001005,add,2,Repair,5,1500,38,0,0,0,0.0028022,4293.90625809938,4293.90625809938,0,1,5260.35770335712,-0.183723522193359,0,NaN,0,0,NaN,NaN
addition_stress_instances,Tight,1,8301,9001005,add,2,Repair,5,2500,38,0,0,0,0.0028022,4293.90625809938,4293.90625809938,0,1,5260.35770335712,-0.183723522193359,0,NaN,0,0,NaN,NaN
addition_stress_instances,Tight,1,8301,9001005,add,2,WarmPSO,5,500,500,200,0,0,0.2104154,4282.33743278659,4282.33743278659,0,1,5260.35770335712,-0.185922769082103,1,201,NaN,NaN,0,NaN
addition_stress_instances,Tight,1,8301,9001005,add,2,WarmPSO,5,1000,980,200,0,0,0.2104154,4282.33743278659,4282.33743278659,0,1,5260.35770335712,-0.185922769082103,1,201,NaN,NaN,0,NaN
addition_stress_instances,Tight,1,8301,9001005,add,2,WarmPSO,5,1500,1490,200,0,0,0.2104154,4282.33743278659,4282.33743278659,0,1,5260.35770335712,-0.185922769082103,1,201,NaN,NaN,0,NaN
addition_stress_instances,Tight,1,8301,9001005,add,2,WarmPSO,5,2500,2480,200,0,0,0.2104154,4282.33743278659,4282.33743278659,0,1,5260.35770335712,-0.185922769082103,1,201,NaN,NaN,0,NaN
addition_stress_instances,Tight,1,8301,9001005,add,2,WarmPSO_GlobalRelocate,5,500,450,200,0,100,0.2475137,4181.40959978525,4181.40959978525,0,1,5260.35770335712,-0.205109265265991,1,201,NaN,NaN,0.878048780487805,1.55555555555556
addition_stress_instances,Tight,1,8301,9001005,add,2,WarmPSO_GlobalRelocate,5,1000,1000,200,0,350,0.2475137,4070.65398749826,4070.65398749826,0,1,5260.35770335712,-0.226164033502817,1,201,NaN,NaN,0.878048780487805,1.55555555555556
addition_stress_instances,Tight,1,8301,9001005,add,2,WarmPSO_GlobalRelocate,5,1500,1495,200,0,575,0.2475137,3997.7560506139,3997.7560506139,0,1,5260.35770335712,-0.240022014460621,1,201,NaN,NaN,0.878048780487805,1.55555555555556
addition_stress_instances,Tight,1,8301,9001005,add,2,WarmPSO_GlobalRelocate,5,2500,2485,200,0,1025,0.2475137,3778.59901947831,3778.59901947831,0,1,5260.35770335712,-0.281684016076162,1,201,NaN,NaN,0.878048780487805,1.55555555555556
addition_stress_instances,Tight,1,8301,9001005,add,2,WarmPSO_ImpactRelocate,5,500,489,200,39,100,0.238738,3969.52292285149,3969.52292285149,0,1,5260.35770335712,-0.24538916425433,1,240,982,18,0.7,1.57142857142857
addition_stress_instances,Tight,1,8301,9001005,add,2,WarmPSO_ImpactRelocate,5,1000,984,200,39,325,0.238738,3912.12803602118,3912.12803602118,0,1,5260.35770335712,-0.256299997712231,1,240,982,18,0.7,1.57142857142857
addition_stress_instances,Tight,1,8301,9001005,add,2,WarmPSO_ImpactRelocate,5,1500,1479,200,39,550,0.238738,3912.12803602118,3912.12803602118,0,1,5260.35770335712,-0.256299997712231,1,240,982,18,0.7,1.57142857142857
addition_stress_instances,Tight,1,8301,9001005,add,2,WarmPSO_ImpactRelocate,5,2500,2469,200,39,1000,0.238738,3841.10164958588,3841.10164958588,0,1,5260.35770335712,-0.269802194794754,1,240,982,18,0.7,1.57142857142857
addition_stress_instances,Tight,1,8301,9001006,add,2,Repair,6,500,38,0,0,0,0.0027606,4293.90625809938,4293.90625809938,0,1,5260.35770335712,-0.183723522193359,0,NaN,0,0,NaN,NaN
addition_stress_instances,Tight,1,8301,9001006,add,2,Repair,6,1000,38,0,0,0,0.0027606,4293.90625809938,4293.90625809938,0,1,5260.35770335712,-0.183723522193359,0,NaN,0,0,NaN,NaN
addition_stress_instances,Tight,1,8301,9001006,add,2,Repair,6,1500,38,0,0,0,0.0027606,4293.90625809938,4293.90625809938,0,1,5260.35770335712,-0.183723522193359,0,NaN,0,0,NaN,NaN
addition_stress_instances,Tight,1,8301,9001006,add,2,Repair,6,2500,38,0,0,0,0.0027606,4293.90625809938,4293.90625809938,0,1,5260.35770335712,-0.183723522193359,0,NaN,0,0,NaN,NaN
addition_stress_instances,Tight,1,8301,9001006,add,2,WarmPSO,6,500,500,200,0,0,0.2212421,4251.83316513849,4251.83316513849,0,1,5260.35770335712,-0.191721665158816,1,201,NaN,NaN,0,NaN
addition_stress_instances,Tight,1,8301,9001006,add,2,WarmPSO,6,1000,980,200,0,0,0.2212421,4251.83316513849,4251.83316513849,0,1,5260.35770335712,-0.191721665158816,1,201,NaN,NaN,0,NaN
addition_stress_instances,Tight,1,8301,9001006,add,2,WarmPSO,6,1500,1490,200,0,0,0.2212421,4251.83316513849,4251.83316513849,0,1,5260.35770335712,-0.191721665158816,1,201,NaN,NaN,0,NaN
addition_stress_instances,Tight,1,8301,9001006,add,2,WarmPSO,6,2500,2480,200,0,0,0.2212421,4251.83316513849,4251.83316513849,0,1,5260.35770335712,-0.191721665158816,1,201,NaN,NaN,0,NaN
addition_stress_instances,Tight,1,8301,9001006,add,2,WarmPSO_GlobalRelocate,6,500,450,200,0,100,0.2477323,4180.80677870319,4180.80677870319,0,1,5260.35770335712,-0.205223862241339,1,201,NaN,NaN,0.878048780487805,1.11111111111111
addition_stress_instances,Tight,1,8301,9001006,add,2,WarmPSO_GlobalRelocate,6,1000,1000,200,0,350,0.2477323,3898.4965364162,3898.4965364162,0,1,5260.35770335712,-0.258891361336853,1,201,NaN,NaN,0.878048780487805,1.11111111111111
addition_stress_instances,Tight,1,8301,9001006,add,2,WarmPSO_GlobalRelocate,6,1500,1495,200,0,575,0.2477323,3704.82758142226,3704.82758142226,0,1,5260.35770335712,-0.295708050603124,1,201,NaN,NaN,0.878048780487805,1.11111111111111
addition_stress_instances,Tight,1,8301,9001006,add,2,WarmPSO_GlobalRelocate,6,2500,2485,200,0,1025,0.2477323,3689.37066411146,3689.37066411146,0,1,5260.35770335712,-0.298646428215912,1,201,NaN,NaN,0.878048780487805,1.11111111111111
addition_stress_instances,Tight,1,8301,9001006,add,2,WarmPSO_ImpactRelocate,6,500,489,200,39,100,0.257571,4251.83316513849,4251.83316513849,0,1,5260.35770335712,-0.191721665158816,1,240,1000,0,0.6,1.33333333333333
addition_stress_instances,Tight,1,8301,9001006,add,2,WarmPSO_ImpactRelocate,6,1000,984,200,39,325,0.257571,4137.31799541872,4137.31799541872,0,1,5260.35770335712,-0.213491129552214,1,240,1000,0,0.6,1.33333333333333
addition_stress_instances,Tight,1,8301,9001006,add,2,WarmPSO_ImpactRelocate,6,1500,1479,200,39,550,0.257571,4137.31799541872,4137.31799541872,0,1,5260.35770335712,-0.213491129552214,1,240,1000,0,0.6,1.33333333333333
addition_stress_instances,Tight,1,8301,9001006,add,2,WarmPSO_ImpactRelocate,6,2500,2469,200,39,1000,0.257571,3841.10164958588,3841.10164958588,0,1,5260.35770335712,-0.269802194794754,1,240,1000,0,0.6,1.33333333333333
addition_stress_instances,Tight,1,8301,9001007,add,2,Repair,7,500,38,0,0,0,0.0028925,4293.90625809938,4293.90625809938,0,1,5260.35770335712,-0.183723522193359,0,NaN,0,0,NaN,NaN
addition_stress_instances,Tight,1,8301,9001007,add,2,Repair,7,1000,38,0,0,0,0.0028925,4293.90625809938,4293.90625809938,0,1,5260.35770335712,-0.183723522193359,0,NaN,0,0,NaN,NaN
addition_stress_instances,Tight,1,8301,9001007,add,2,Repair,7,1500,38,0,0,0,0.0028925,4293.90625809938,4293.90625809938,0,1,5260.35770335712,-0.183723522193359,0,NaN,0,0,NaN,NaN
addition_stress_instances,Tight,1,8301,9001007,add,2,Repair,7,2500,38,0,0,0,0.0028925,4293.90625809938,4293.90625809938,0,1,5260.35770335712,-0.183723522193359,0,NaN,0,0,NaN,NaN
addition_stress_instances,Tight,1,8301,9001007,add,2,WarmPSO,7,500,500,200,0,0,0.2111111,4282.33743278659,4282.33743278659,0,1,5260.35770335712,-0.185922769082103,1,201,NaN,NaN,0,NaN
addition_stress_instances,Tight,1,8301,9001007,add,2,WarmPSO,7,1000,980,200,0,0,0.2111111,4282.33743278659,4282.33743278659,0,1,5260.35770335712,-0.185922769082103,1,201,NaN,NaN,0,NaN
addition_stress_instances,Tight,1,8301,9001007,add,2,WarmPSO,7,1500,1490,200,0,0,0.2111111,4282.33743278659,4282.33743278659,0,1,5260.35770335712,-0.185922769082103,1,201,NaN,NaN,0,NaN
addition_stress_instances,Tight,1,8301,9001007,add,2,WarmPSO,7,2500,2480,200,0,0,0.2111111,4282.33743278659,4282.33743278659,0,1,5260.35770335712,-0.185922769082103,1,201,NaN,NaN,0,NaN
addition_stress_instances,Tight,1,8301,9001007,add,2,WarmPSO_GlobalRelocate,7,500,450,200,0,100,0.2467605,4188.49568356602,4188.49568356602,0,1,5260.35770335712,-0.203762192656032,1,201,NaN,NaN,1.17073170731707,1.16666666666667
addition_stress_instances,Tight,1,8301,9001007,add,2,WarmPSO_GlobalRelocate,7,1000,1000,200,0,350,0.2467605,4138.93246635935,4138.93246635935,0,1,5260.35770335712,-0.213184216784743,1,201,NaN,NaN,1.17073170731707,1.16666666666667
addition_stress_instances,Tight,1,8301,9001007,add,2,WarmPSO_GlobalRelocate,7,1500,1495,200,0,575,0.2467605,3753.80400639575,3753.80400639575,0,1,5260.35770335712,-0.286397576347308,1,201,NaN,NaN,1.17073170731707,1.16666666666667
addition_stress_instances,Tight,1,8301,9001007,add,2,WarmPSO_GlobalRelocate,7,2500,2485,200,0,1025,0.2467605,3733.99867703387,3733.99867703387,0,1,5260.35770335712,-0.290162592051324,1,201,NaN,NaN,1.17073170731707,1.16666666666667
addition_stress_instances,Tight,1,8301,9001007,add,2,WarmPSO_ImpactRelocate,7,500,489,200,39,100,0.2523998,4282.33743278659,4282.33743278659,0,1,5260.35770335712,-0.185922769082103,1,240,993,7,0.6,1.16666666666667
addition_stress_instances,Tight,1,8301,9001007,add,2,WarmPSO_ImpactRelocate,7,1000,984,200,39,325,0.2523998,4203.9072188238,4203.9072188238,0,1,5260.35770335712,-0.200832442223293,1,240,993,7,0.6,1.16666666666667
addition_stress_instances,Tight,1,8301,9001007,add,2,WarmPSO_ImpactRelocate,7,1500,1479,200,39,550,0.2523998,3991.23450592305,3991.23450592305,0,1,5260.35770335712,-0.241261767545603,1,240,993,7,0.6,1.16666666666667
addition_stress_instances,Tight,1,8301,9001007,add,2,WarmPSO_ImpactRelocate,7,2500,2469,200,39,1000,0.2523998,3991.23450592305,3991.23450592305,0,1,5260.35770335712,-0.241261767545603,1,240,993,7,0.6,1.16666666666667
addition_stress_instances,Tight,1,8301,9001008,add,2,Repair,8,500,38,0,0,0,0.0030511,4293.90625809938,4293.90625809938,0,1,5260.35770335712,-0.183723522193359,0,NaN,0,0,NaN,NaN
addition_stress_instances,Tight,1,8301,9001008,add,2,Repair,8,1000,38,0,0,0,0.0030511,4293.90625809938,4293.90625809938,0,1,5260.35770335712,-0.183723522193359,0,NaN,0,0,NaN,NaN
addition_stress_instances,Tight,1,8301,9001008,add,2,Repair,8,1500,38,0,0,0,0.0030511,4293.90625809938,4293.90625809938,0,1,5260.35770335712,-0.183723522193359,0,NaN,0,0,NaN,NaN
addition_stress_instances,Tight,1,8301,9001008,add,2,Repair,8,2500,38,0,0,0,0.0030511,4293.90625809938,4293.90625809938,0,1,5260.35770335712,-0.183723522193359,0,NaN,0,0,NaN,NaN
addition_stress_instances,Tight,1,8301,9001008,add,2,WarmPSO,8,500,500,200,0,0,0.2127818,4251.83316513849,4251.83316513849,0,1,5260.35770335712,-0.191721665158816,1,201,NaN,NaN,0,NaN
addition_stress_instances,Tight,1,8301,9001008,add,2,WarmPSO,8,1000,980,200,0,0,0.2127818,4251.83316513849,4251.83316513849,0,1,5260.35770335712,-0.191721665158816,1,201,NaN,NaN,0,NaN
addition_stress_instances,Tight,1,8301,9001008,add,2,WarmPSO,8,1500,1490,200,0,0,0.2127818,4251.83316513849,4251.83316513849,0,1,5260.35770335712,-0.191721665158816,1,201,NaN,NaN,0,NaN
addition_stress_instances,Tight,1,8301,9001008,add,2,WarmPSO,8,2500,2480,200,0,0,0.2127818,4251.83316513849,4251.83316513849,0,1,5260.35770335712,-0.191721665158816,1,201,NaN,NaN,0,NaN
addition_stress_instances,Tight,1,8301,9001008,add,2,WarmPSO_GlobalRelocate,8,500,450,200,0,100,0.2527057,4188.49568356602,4188.49568356602,0,1,5260.35770335712,-0.203762192656032,1,201,NaN,NaN,0.878048780487805,1.22222222222222
addition_stress_instances,Tight,1,8301,9001008,add,2,WarmPSO_GlobalRelocate,8,1000,1000,200,0,350,0.2527057,4044.80643389229,4044.80643389229,0,1,5260.35770335712,-0.231077682928117,1,201,NaN,NaN,0.878048780487805,1.22222222222222
addition_stress_instances,Tight,1,8301,9001008,add,2,WarmPSO_GlobalRelocate,8,1500,1495,200,0,575,0.2527057,3841.10164958588,3841.10164958588,0,1,5260.35770335712,-0.269802194794754,1,201,NaN,NaN,0.878048780487805,1.22222222222222
addition_stress_instances,Tight,1,8301,9001008,add,2,WarmPSO_GlobalRelocate,8,2500,2485,200,0,1025,0.2527057,3704.82758142226,3704.82758142226,0,1,5260.35770335712,-0.295708050603124,1,201,NaN,NaN,0.878048780487805,1.22222222222222
addition_stress_instances,Tight,1,8301,9001008,add,2,WarmPSO_ImpactRelocate,8,500,489,200,39,100,0.2522737,4137.31799541872,4137.31799541872,0,1,5260.35770335712,-0.213491129552214,1,240,964,36,0.5,1.2
addition_stress_instances,Tight,1,8301,9001008,add,2,WarmPSO_ImpactRelocate,8,1000,984,200,39,325,0.2522737,3912.12803602118,3912.12803602118,0,1,5260.35770335712,-0.256299997712231,1,240,964,36,0.5,1.2
addition_stress_instances,Tight,1,8301,9001008,add,2,WarmPSO_ImpactRelocate,8,1500,1479,200,39,550,0.2522737,3912.12803602118,3912.12803602118,0,1,5260.35770335712,-0.256299997712231,1,240,964,36,0.5,1.2
addition_stress_instances,Tight,1,8301,9001008,add,2,WarmPSO_ImpactRelocate,8,2500,2469,200,39,1000,0.2522737,3841.10164958588,3841.10164958588,0,1,5260.35770335712,-0.269802194794754,1,240,964,36,0.5,1.2
addition_stress_instances,Tight,1,8301,9001009,add,2,Repair,9,500,38,0,0,0,0.0029092,4293.90625809938,4293.90625809938,0,1,5260.35770335712,-0.183723522193359,0,NaN,0,0,NaN,NaN
addition_stress_instances,Tight,1,8301,9001009,add,2,Repair,9,1000,38,0,0,0,0.0029092,4293.90625809938,4293.90625809938,0,1,5260.35770335712,-0.183723522193359,0,NaN,0,0,NaN,NaN
addition_stress_instances,Tight,1,8301,9001009,add,2,Repair,9,1500,38,0,0,0,0.0029092,4293.90625809938,4293.90625809938,0,1,5260.35770335712,-0.183723522193359,0,NaN,0,0,NaN,NaN
addition_stress_instances,Tight,1,8301,9001009,add,2,Repair,9,2500,38,0,0,0,0.0029092,4293.90625809938,4293.90625809938,0,1,5260.35770335712,-0.183723522193359,0,NaN,0,0,NaN,NaN
addition_stress_instances,Tight,1,8301,9001009,add,2,WarmPSO,9,500,500,200,0,0,0.2168724,4282.33743278659,4282.33743278659,0,1,5260.35770335712,-0.185922769082103,1,201,NaN,NaN,0,NaN
addition_stress_instances,Tight,1,8301,9001009,add,2,WarmPSO,9,1000,980,200,0,0,0.2168724,4282.33743278659,4282.33743278659,0,1,5260.35770335712,-0.185922769082103,1,201,NaN,NaN,0,NaN
addition_stress_instances,Tight,1,8301,9001009,add,2,WarmPSO,9,1500,1490,200,0,0,0.2168724,4282.33743278659,4282.33743278659,0,1,5260.35770335712,-0.185922769082103,1,201,NaN,NaN,0,NaN
addition_stress_instances,Tight,1,8301,9001009,add,2,WarmPSO,9,2500,2480,200,0,0,0.2168724,4282.33743278659,4282.33743278659,0,1,5260.35770335712,-0.185922769082103,1,201,NaN,NaN,0,NaN
addition_stress_instances,Tight,1,8301,9001009,add,2,WarmPSO_GlobalRelocate,9,500,450,200,0,100,0.245666,4113.30038071636,4113.30038071636,0,1,5260.35770335712,-0.21805690550449,1,201,NaN,NaN,0.585365853658537,1.33333333333333
addition_stress_instances,Tight,1,8301,9001009,add,2,WarmPSO_GlobalRelocate,9,1000,1000,200,0,350,0.245666,4113.30038071636,4113.30038071636,0,1,5260.35770335712,-0.21805690550449,1,201,NaN,NaN,0.585365853658537,1.33333333333333
addition_stress_instances,Tight,1,8301,9001009,add,2,WarmPSO_GlobalRelocate,9,1500,1495,200,0,575,0.245666,4103.29865000748,4103.29865000748,0,1,5260.35770335712,-0.219958245921416,1,201,NaN,NaN,0.585365853658537,1.33333333333333
addition_stress_instances,Tight,1,8301,9001009,add,2,WarmPSO_GlobalRelocate,9,2500,2485,200,0,1025,0.245666,3714.80433753805,3714.80433753805,0,1,5260.35770335712,-0.293811457884833,1,201,NaN,NaN,0.585365853658537,1.33333333333333
addition_stress_instances,Tight,1,8301,9001009,add,2,WarmPSO_ImpactRelocate,9,500,489,200,39,100,0.2468617,4178.07867278465,4178.07867278465,0,1,5260.35770335712,-0.205742478288457,1,240,975,25,0.6,1.5
addition_stress_instances,Tight,1,8301,9001009,add,2,WarmPSO_ImpactRelocate,9,1000,984,200,39,325,0.2468617,3969.52292285149,3969.52292285149,0,1,5260.35770335712,-0.24538916425433,1,240,975,25,0.6,1.5
addition_stress_instances,Tight,1,8301,9001009,add,2,WarmPSO_ImpactRelocate,9,1500,1479,200,39,550,0.2468617,3912.12803602118,3912.12803602118,0,1,5260.35770335712,-0.256299997712231,1,240,975,25,0.6,1.5
addition_stress_instances,Tight,1,8301,9001009,add,2,WarmPSO_ImpactRelocate,9,2500,2469,200,39,1000,0.2468617,3841.10164958588,3841.10164958588,0,1,5260.35770335712,-0.269802194794754,1,240,975,25,0.6,1.5
addition_stress_instances,Tight,1,8301,9001010,add,2,Repair,10,500,38,0,0,0,0.0029092,4293.90625809938,4293.90625809938,0,1,5260.35770335712,-0.183723522193359,0,NaN,0,0,NaN,NaN
addition_stress_instances,Tight,1,8301,9001010,add,2,Repair,10,1000,38,0,0,0,0.0029092,4293.90625809938,4293.90625809938,0,1,5260.35770335712,-0.183723522193359,0,NaN,0,0,NaN,NaN
addition_stress_instances,Tight,1,8301,9001010,add,2,Repair,10,1500,38,0,0,0,0.0029092,4293.90625809938,4293.90625809938,0,1,5260.35770335712,-0.183723522193359,0,NaN,0,0,NaN,NaN
addition_stress_instances,Tight,1,8301,9001010,add,2,Repair,10,2500,38,0,0,0,0.0029092,4293.90625809938,4293.90625809938,0,1,5260.35770335712,-0.183723522193359,0,NaN,0,0,NaN,NaN
addition_stress_instances,Tight,1,8301,9001010,add,2,WarmPSO,10,500,500,200,0,0,0.21397,4251.83316513849,4251.83316513849,0,1,5260.35770335712,-0.191721665158816,1,201,NaN,NaN,0,NaN
addition_stress_instances,Tight,1,8301,9001010,add,2,WarmPSO,10,1000,980,200,0,0,0.21397,4251.83316513849,4251.83316513849,0,1,5260.35770335712,-0.191721665158816,1,201,NaN,NaN,0,NaN
addition_stress_instances,Tight,1,8301,9001010,add,2,WarmPSO,10,1500,1490,200,0,0,0.21397,4251.83316513849,4251.83316513849,0,1,5260.35770335712,-0.191721665158816,1,201,NaN,NaN,0,NaN
addition_stress_instances,Tight,1,8301,9001010,add,2,WarmPSO,10,2500,2480,200,0,0,0.21397,4251.83316513849,4251.83316513849,0,1,5260.35770335712,-0.191721665158816,1,201,NaN,NaN,0,NaN
addition_stress_instances,Tight,1,8301,9001010,add,2,WarmPSO_GlobalRelocate,10,500,450,200,0,100,0.2420379,4110.38321334995,4110.38321334995,0,1,5260.35770335712,-0.218611462348514,1,201,NaN,NaN,0.780487804878049,1.625
addition_stress_instances,Tight,1,8301,9001010,add,2,WarmPSO_GlobalRelocate,10,1000,1000,200,0,350,0.2420379,4038.65263663757,4038.65263663757,0,1,5260.35770335712,-0.232247526805994,1,201,NaN,NaN,0.780487804878049,1.625
addition_stress_instances,Tight,1,8301,9001010,add,2,WarmPSO_GlobalRelocate,10,1500,1495,200,0,575,0.2420379,3939.87085600695,3939.87085600695,0,1,5260.35770335712,-0.251026055986163,1,201,NaN,NaN,0.780487804878049,1.625
addition_stress_instances,Tight,1,8301,9001010,add,2,WarmPSO_GlobalRelocate,10,2500,2485,200,0,1025,0.2420379,3794.58671052095,3794.58671052095,0,1,5260.35770335712,-0.278644737771489,1,201,NaN,NaN,0.780487804878049,1.625
addition_stress_instances,Tight,1,8301,9001010,add,2,WarmPSO_ImpactRelocate,10,500,489,200,39,100,0.2411831,4133.99146907073,4133.99146907073,0,1,5260.35770335712,-0.2141235060056,1,240,968,32,0.7,1.14285714285714
addition_stress_instances,Tight,1,8301,9001010,add,2,WarmPSO_ImpactRelocate,10,1000,984,200,39,325,0.2411831,4062.96508263543,4062.96508263543,0,1,5260.35770335712,-0.227625703088123,1,240,968,32,0.7,1.14285714285714
addition_stress_instances,Tight,1,8301,9001010,add,2,WarmPSO_ImpactRelocate,10,1500,1479,200,39,550,0.2411831,3991.23450592305,3991.23450592305,0,1,5260.35770335712,-0.241261767545603,1,240,968,32,0.7,1.14285714285714
addition_stress_instances,Tight,1,8301,9001010,add,2,WarmPSO_ImpactRelocate,10,2500,2469,200,39,1000,0.2411831,3742.32928137541,3742.32928137541,0,1,5260.35770335712,-0.288578934663116,1,240,968,32,0.7,1.14285714285714
addition_stress_instances,Far,1,8201,8901001,add,2,Repair,1,500,38,0,0,0,0.0029209,4118.96025347346,4118.96025347346,0,1,5118.95536046442,-0.195351402107213,0,NaN,0,0,NaN,NaN
addition_stress_instances,Far,1,8201,8901001,add,2,Repair,1,1000,38,0,0,0,0.0029209,4118.96025347346,4118.96025347346,0,1,5118.95536046442,-0.195351402107213,0,NaN,0,0,NaN,NaN
addition_stress_instances,Far,1,8201,8901001,add,2,Repair,1,1500,38,0,0,0,0.0029209,4118.96025347346,4118.96025347346,0,1,5118.95536046442,-0.195351402107213,0,NaN,0,0,NaN,NaN
addition_stress_instances,Far,1,8201,8901001,add,2,Repair,1,2500,38,0,0,0,0.0029209,4118.96025347346,4118.96025347346,0,1,5118.95536046442,-0.195351402107213,0,NaN,0,0,NaN,NaN
addition_stress_instances,Far,1,8201,8901001,add,2,WarmPSO,1,500,500,200,0,0,0.2106718,4118.96025347346,4118.96025347346,0,1,5118.95536046442,-0.195351402107213,0,201,NaN,NaN,0,NaN
addition_stress_instances,Far,1,8201,8901001,add,2,WarmPSO,1,1000,980,200,0,0,0.2106718,4118.96025347346,4118.96025347346,0,1,5118.95536046442,-0.195351402107213,0,201,NaN,NaN,0,NaN
addition_stress_instances,Far,1,8201,8901001,add,2,WarmPSO,1,1500,1490,200,0,0,0.2106718,4118.96025347346,4118.96025347346,0,1,5118.95536046442,-0.195351402107213,0,201,NaN,NaN,0,NaN
addition_stress_instances,Far,1,8201,8901001,add,2,WarmPSO,1,2500,2480,200,0,0,0.2106718,4118.96025347346,4118.96025347346,0,1,5118.95536046442,-0.195351402107213,0,201,NaN,NaN,0,NaN
addition_stress_instances,Far,1,8201,8901001,add,2,WarmPSO_GlobalRelocate,1,500,450,200,0,100,0.2398418,4087.92834966998,4087.92834966998,0,1,5118.95536046442,-0.201413557687462,1,201,NaN,NaN,0.390243902439024,1
addition_stress_instances,Far,1,8201,8901001,add,2,WarmPSO_GlobalRelocate,1,1000,1000,200,0,350,0.2398418,4037.19501652994,4037.19501652994,0,1,5118.95536046442,-0.211324433943948,1,201,NaN,NaN,0.390243902439024,1
addition_stress_instances,Far,1,8201,8901001,add,2,WarmPSO_GlobalRelocate,1,1500,1495,200,0,575,0.2398418,4037.19501652994,4037.19501652994,0,1,5118.95536046442,-0.211324433943948,1,201,NaN,NaN,0.390243902439024,1
addition_stress_instances,Far,1,8201,8901001,add,2,WarmPSO_GlobalRelocate,1,2500,2485,200,0,1025,0.2398418,3931.02008946666,3931.02008946666,0,1,5118.95536046442,-0.232065956302847,1,201,NaN,NaN,0.390243902439024,1
addition_stress_instances,Far,1,8201,8901001,add,2,WarmPSO_ImpactRelocate,1,500,489,200,39,100,0.2475403,4118.96025347346,4118.96025347346,0,1,5118.95536046442,-0.195351402107213,0,240,1000,0,0.3,1
addition_stress_instances,Far,1,8201,8901001,add,2,WarmPSO_ImpactRelocate,1,1000,984,200,39,325,0.2475403,4030.50718356766,4030.50718356766,0,1,5118.95536046442,-0.212630917882826,1,240,1000,0,0.3,1
addition_stress_instances,Far,1,8201,8901001,add,2,WarmPSO_ImpactRelocate,1,1500,1479,200,39,550,0.2475403,3983.08905285314,3983.08905285314,0,1,5118.95536046442,-0.221894161528346,1,240,1000,0,0.3,1
addition_stress_instances,Far,1,8201,8901001,add,2,WarmPSO_ImpactRelocate,1,2500,2469,200,39,1000,0.2475403,3956.24310094787,3956.24310094787,0,1,5118.95536046442,-0.227138581534938,1,240,1000,0,0.3,1
addition_stress_instances,Far,1,8201,8901002,add,2,Repair,2,500,38,0,0,0,0.0029023,4118.96025347346,4118.96025347346,0,1,5118.95536046442,-0.195351402107213,0,NaN,0,0,NaN,NaN
addition_stress_instances,Far,1,8201,8901002,add,2,Repair,2,1000,38,0,0,0,0.0029023,4118.96025347346,4118.96025347346,0,1,5118.95536046442,-0.195351402107213,0,NaN,0,0,NaN,NaN
addition_stress_instances,Far,1,8201,8901002,add,2,Repair,2,1500,38,0,0,0,0.0029023,4118.96025347346,4118.96025347346,0,1,5118.95536046442,-0.195351402107213,0,NaN,0,0,NaN,NaN
addition_stress_instances,Far,1,8201,8901002,add,2,Repair,2,2500,38,0,0,0,0.0029023,4118.96025347346,4118.96025347346,0,1,5118.95536046442,-0.195351402107213,0,NaN,0,0,NaN,NaN
addition_stress_instances,Far,1,8201,8901002,add,2,WarmPSO,2,500,500,200,0,0,0.2131185,4118.96025347346,4118.96025347346,0,1,5118.95536046442,-0.195351402107213,0,201,NaN,NaN,0,NaN
addition_stress_instances,Far,1,8201,8901002,add,2,WarmPSO,2,1000,980,200,0,0,0.2131185,4118.96025347346,4118.96025347346,0,1,5118.95536046442,-0.195351402107213,0,201,NaN,NaN,0,NaN
addition_stress_instances,Far,1,8201,8901002,add,2,WarmPSO,2,1500,1490,200,0,0,0.2131185,4118.96025347346,4118.96025347346,0,1,5118.95536046442,-0.195351402107213,0,201,NaN,NaN,0,NaN
addition_stress_instances,Far,1,8201,8901002,add,2,WarmPSO,2,2500,2480,200,0,0,0.2131185,4118.96025347346,4118.96025347346,0,1,5118.95536046442,-0.195351402107213,0,201,NaN,NaN,0,NaN
addition_stress_instances,Far,1,8201,8901002,add,2,WarmPSO_GlobalRelocate,2,500,450,200,0,100,0.2455636,4118.96025347346,4118.96025347346,0,1,5118.95536046442,-0.195351402107213,0,201,NaN,NaN,0.48780487804878,1.2
addition_stress_instances,Far,1,8201,8901002,add,2,WarmPSO_GlobalRelocate,2,1000,1000,200,0,350,0.2455636,3907.04115310503,3907.04115310503,0,1,5118.95536046442,-0.236750298062659,1,201,NaN,NaN,0.48780487804878,1.2
addition_stress_instances,Far,1,8201,8901002,add,2,WarmPSO_GlobalRelocate,2,1500,1495,200,0,575,0.2455636,3907.04115310503,3907.04115310503,0,1,5118.95536046442,-0.236750298062659,1,201,NaN,NaN,0.48780487804878,1.2
addition_stress_instances,Far,1,8201,8901002,add,2,WarmPSO_GlobalRelocate,2,2500,2485,200,0,1025,0.2455636,3859.62302239051,3859.62302239051,0,1,5118.95536046442,-0.246013541708178,1,201,NaN,NaN,0.48780487804878,1.2
addition_stress_instances,Far,1,8201,8901002,add,2,WarmPSO_ImpactRelocate,2,500,489,200,39,100,0.2523635,4118.96025347346,4118.96025347346,0,1,5118.95536046442,-0.195351402107213,0,240,1000,0,0.3,1
addition_stress_instances,Far,1,8201,8901002,add,2,WarmPSO_ImpactRelocate,2,1000,984,200,39,325,0.2523635,3991.86526586169,3991.86526586169,0,1,5118.95536046442,-0.220179707623096,1,240,1000,0,0.3,1
addition_stress_instances,Far,1,8201,8901002,add,2,WarmPSO_ImpactRelocate,2,1500,1479,200,39,550,0.2523635,3991.86526586169,3991.86526586169,0,1,5118.95536046442,-0.220179707623096,1,240,1000,0,0.3,1
addition_stress_instances,Far,1,8201,8901002,add,2,WarmPSO_ImpactRelocate,2,2500,2469,200,39,1000,0.2523635,3975.37595987575,3975.37595987575,0,1,5118.95536046442,-0.223400932428706,1,240,1000,0,0.3,1
addition_stress_instances,Far,1,8201,8901003,add,2,Repair,3,500,38,0,0,0,0.0029689,4118.96025347346,4118.96025347346,0,1,5118.95536046442,-0.195351402107213,0,NaN,0,0,NaN,NaN
addition_stress_instances,Far,1,8201,8901003,add,2,Repair,3,1000,38,0,0,0,0.0029689,4118.96025347346,4118.96025347346,0,1,5118.95536046442,-0.195351402107213,0,NaN,0,0,NaN,NaN
addition_stress_instances,Far,1,8201,8901003,add,2,Repair,3,1500,38,0,0,0,0.0029689,4118.96025347346,4118.96025347346,0,1,5118.95536046442,-0.195351402107213,0,NaN,0,0,NaN,NaN
addition_stress_instances,Far,1,8201,8901003,add,2,Repair,3,2500,38,0,0,0,0.0029689,4118.96025347346,4118.96025347346,0,1,5118.95536046442,-0.195351402107213,0,NaN,0,0,NaN,NaN
addition_stress_instances,Far,1,8201,8901003,add,2,WarmPSO,3,500,500,200,0,0,0.2078957,4118.96025347346,4118.96025347346,0,1,5118.95536046442,-0.195351402107213,0,201,NaN,NaN,0,NaN
addition_stress_instances,Far,1,8201,8901003,add,2,WarmPSO,3,1000,980,200,0,0,0.2078957,4118.96025347346,4118.96025347346,0,1,5118.95536046442,-0.195351402107213,0,201,NaN,NaN,0,NaN
addition_stress_instances,Far,1,8201,8901003,add,2,WarmPSO,3,1500,1490,200,0,0,0.2078957,4118.96025347346,4118.96025347346,0,1,5118.95536046442,-0.195351402107213,0,201,NaN,NaN,0,NaN
addition_stress_instances,Far,1,8201,8901003,add,2,WarmPSO,3,2500,2480,200,0,0,0.2078957,4118.96025347346,4118.96025347346,0,1,5118.95536046442,-0.195351402107213,0,201,NaN,NaN,0,NaN
addition_stress_instances,Far,1,8201,8901003,add,2,WarmPSO_GlobalRelocate,3,500,450,200,0,100,0.244915,3983.08905285314,3983.08905285314,0,1,5118.95536046442,-0.221894161528346,1,201,NaN,NaN,0.390243902439024,1.25
addition_stress_instances,Far,1,8201,8901003,add,2,WarmPSO_GlobalRelocate,3,1000,1000,200,0,350,0.244915,3859.62302239051,3859.62302239051,0,1,5118.95536046442,-0.246013541708178,1,201,NaN,NaN,0.390243902439024,1.25
addition_stress_instances,Far,1,8201,8901003,add,2,WarmPSO_GlobalRelocate,3,1500,1495,200,0,575,0.244915,3859.62302239051,3859.62302239051,0,1,5118.95536046442,-0.246013541708178,1,201,NaN,NaN,0.390243902439024,1.25
addition_stress_instances,Far,1,8201,8901003,add,2,WarmPSO_GlobalRelocate,3,2500,2485,200,0,1025,0.244915,3859.62302239051,3859.62302239051,0,1,5118.95536046442,-0.246013541708178,1,201,NaN,NaN,0.390243902439024,1.25
addition_stress_instances,Far,1,8201,8901003,add,2,WarmPSO_ImpactRelocate,3,500,489,200,39,100,0.2492558,4087.92834966998,4087.92834966998,0,1,5118.95536046442,-0.201413557687462,1,240,1000,0,0.4,1.5
addition_stress_instances,Far,1,8201,8901003,add,2,WarmPSO_ImpactRelocate,3,1000,984,200,39,325,0.2492558,3891.1120251003,3891.1120251003,0,1,5118.95536046442,-0.239862090778756,1,240,1000,0,0.4,1.5
addition_stress_instances,Far,1,8201,8901003,add,2,WarmPSO_ImpactRelocate,3,1500,1479,200,39,550,0.2492558,3891.1120251003,3891.1120251003,0,1,5118.95536046442,-0.239862090778756,1,240,1000,0,0.4,1.5
addition_stress_instances,Far,1,8201,8901003,add,2,WarmPSO_ImpactRelocate,3,2500,2469,200,39,1000,0.2492558,3878.75057077638,3878.75057077638,0,1,5118.95536046442,-0.24227693002885,1,240,1000,0,0.4,1.5
addition_stress_instances,Far,1,8201,8901004,add,2,Repair,4,500,38,0,0,0,0.0030093,4118.96025347346,4118.96025347346,0,1,5118.95536046442,-0.195351402107213,0,NaN,0,0,NaN,NaN
addition_stress_instances,Far,1,8201,8901004,add,2,Repair,4,1000,38,0,0,0,0.0030093,4118.96025347346,4118.96025347346,0,1,5118.95536046442,-0.195351402107213,0,NaN,0,0,NaN,NaN
addition_stress_instances,Far,1,8201,8901004,add,2,Repair,4,1500,38,0,0,0,0.0030093,4118.96025347346,4118.96025347346,0,1,5118.95536046442,-0.195351402107213,0,NaN,0,0,NaN,NaN
addition_stress_instances,Far,1,8201,8901004,add,2,Repair,4,2500,38,0,0,0,0.0030093,4118.96025347346,4118.96025347346,0,1,5118.95536046442,-0.195351402107213,0,NaN,0,0,NaN,NaN
addition_stress_instances,Far,1,8201,8901004,add,2,WarmPSO,4,500,500,200,0,0,0.2097781,4118.96025347346,4118.96025347346,0,1,5118.95536046442,-0.195351402107213,0,201,NaN,NaN,0,NaN
addition_stress_instances,Far,1,8201,8901004,add,2,WarmPSO,4,1000,980,200,0,0,0.2097781,4118.96025347346,4118.96025347346,0,1,5118.95536046442,-0.195351402107213,0,201,NaN,NaN,0,NaN
addition_stress_instances,Far,1,8201,8901004,add,2,WarmPSO,4,1500,1490,200,0,0,0.2097781,4118.96025347346,4118.96025347346,0,1,5118.95536046442,-0.195351402107213,0,201,NaN,NaN,0,NaN
addition_stress_instances,Far,1,8201,8901004,add,2,WarmPSO,4,2500,2480,200,0,0,0.2097781,4118.96025347346,4118.96025347346,0,1,5118.95536046442,-0.195351402107213,0,201,NaN,NaN,0,NaN
addition_stress_instances,Far,1,8201,8901004,add,2,WarmPSO_GlobalRelocate,4,500,450,200,0,100,0.2445739,4118.96025347346,4118.96025347346,0,1,5118.95536046442,-0.195351402107213,0,201,NaN,NaN,0.390243902439024,1.5
addition_stress_instances,Far,1,8201,8901004,add,2,WarmPSO_GlobalRelocate,4,1000,1000,200,0,350,0.2445739,3956.24310094787,3956.24310094787,0,1,5118.95536046442,-0.227138581534938,1,201,NaN,NaN,0.390243902439024,1.5
addition_stress_instances,Far,1,8201,8901004,add,2,WarmPSO_GlobalRelocate,4,1500,1495,200,0,575,0.2445739,3859.62302239051,3859.62302239051,0,1,5118.95536046442,-0.246013541708178,1,201,NaN,NaN,0.390243902439024,1.5
addition_stress_instances,Far,1,8201,8901004,add,2,WarmPSO_GlobalRelocate,4,2500,2485,200,0,1025,0.2445739,3859.62302239051,3859.62302239051,0,1,5118.95536046442,-0.246013541708178,1,201,NaN,NaN,0.390243902439024,1.5
addition_stress_instances,Far,1,8201,8901004,add,2,WarmPSO_ImpactRelocate,4,500,489,200,39,100,0.2456459,3991.86526586169,3991.86526586169,0,1,5118.95536046442,-0.220179707623096,1,240,1000,0,0.6,1.33333333333333
addition_stress_instances,Far,1,8201,8901004,add,2,WarmPSO_ImpactRelocate,4,1000,984,200,39,325,0.2456459,3891.1120251003,3891.1120251003,0,1,5118.95536046442,-0.239862090778756,1,240,1000,0,0.6,1.33333333333333
addition_stress_instances,Far,1,8201,8901004,add,2,WarmPSO_ImpactRelocate,4,1500,1479,200,39,550,0.2456459,3891.1120251003,3891.1120251003,0,1,5118.95536046442,-0.239862090778756,1,240,1000,0,0.6,1.33333333333333
addition_stress_instances,Far,1,8201,8901004,add,2,WarmPSO_ImpactRelocate,4,2500,2469,200,39,1000,0.2456459,3878.75057077638,3878.75057077638,0,1,5118.95536046442,-0.24227693002885,1,240,1000,0,0.6,1.33333333333333
addition_stress_instances,Far,1,8201,8901005,add,2,Repair,5,500,38,0,0,0,0.002963,4118.96025347346,4118.96025347346,0,1,5118.95536046442,-0.195351402107213,0,NaN,0,0,NaN,NaN
addition_stress_instances,Far,1,8201,8901005,add,2,Repair,5,1000,38,0,0,0,0.002963,4118.96025347346,4118.96025347346,0,1,5118.95536046442,-0.195351402107213,0,NaN,0,0,NaN,NaN
addition_stress_instances,Far,1,8201,8901005,add,2,Repair,5,1500,38,0,0,0,0.002963,4118.96025347346,4118.96025347346,0,1,5118.95536046442,-0.195351402107213,0,NaN,0,0,NaN,NaN
addition_stress_instances,Far,1,8201,8901005,add,2,Repair,5,2500,38,0,0,0,0.002963,4118.96025347346,4118.96025347346,0,1,5118.95536046442,-0.195351402107213,0,NaN,0,0,NaN,NaN
addition_stress_instances,Far,1,8201,8901005,add,2,WarmPSO,5,500,500,200,0,0,0.2154572,4118.96025347346,4118.96025347346,0,1,5118.95536046442,-0.195351402107213,0,201,NaN,NaN,0,NaN
addition_stress_instances,Far,1,8201,8901005,add,2,WarmPSO,5,1000,980,200,0,0,0.2154572,4118.96025347346,4118.96025347346,0,1,5118.95536046442,-0.195351402107213,0,201,NaN,NaN,0,NaN
addition_stress_instances,Far,1,8201,8901005,add,2,WarmPSO,5,1500,1490,200,0,0,0.2154572,4118.96025347346,4118.96025347346,0,1,5118.95536046442,-0.195351402107213,0,201,NaN,NaN,0,NaN
addition_stress_instances,Far,1,8201,8901005,add,2,WarmPSO,5,2500,2480,200,0,0,0.2154572,4118.96025347346,4118.96025347346,0,1,5118.95536046442,-0.195351402107213,0,201,NaN,NaN,0,NaN
addition_stress_instances,Far,1,8201,8901005,add,2,WarmPSO_GlobalRelocate,5,500,450,200,0,100,0.2428677,4087.92834966998,4087.92834966998,0,1,5118.95536046442,-0.201413557687462,1,201,NaN,NaN,0.48780487804878,1
addition_stress_instances,Far,1,8201,8901005,add,2,WarmPSO_GlobalRelocate,5,1000,1000,200,0,350,0.2428677,3975.37595987575,3975.37595987575,0,1,5118.95536046442,-0.223400932428706,1,201,NaN,NaN,0.48780487804878,1
addition_stress_instances,Far,1,8201,8901005,add,2,WarmPSO_GlobalRelocate,5,1500,1495,200,0,575,0.2428677,3878.75057077638,3878.75057077638,0,1,5118.95536046442,-0.24227693002885,1,201,NaN,NaN,0.48780487804878,1
addition_stress_instances,Far,1,8201,8901005,add,2,WarmPSO_GlobalRelocate,5,2500,2485,200,0,1025,0.2428677,3857.71334077939,3857.71334077939,0,1,5118.95536046442,-0.246386602513879,1,201,NaN,NaN,0.48780487804878,1
addition_stress_instances,Far,1,8201,8901005,add,2,WarmPSO_ImpactRelocate,5,500,489,200,39,100,0.2421111,4071.54212275894,4071.54212275894,0,1,5118.95536046442,-0.204614645752733,1,240,1000,0,0.3,1
addition_stress_instances,Far,1,8201,8901005,add,2,WarmPSO_ImpactRelocate,5,1000,984,200,39,325,0.2421111,3983.08905285314,3983.08905285314,0,1,5118.95536046442,-0.221894161528346,1,240,1000,0,0.3,1
addition_stress_instances,Far,1,8201,8901005,add,2,WarmPSO_ImpactRelocate,5,1500,1479,200,39,550,0.2421111,3972.78936865727,3972.78936865727,0,1,5118.95536046442,-0.223906229122335,1,240,1000,0,0.3,1
addition_stress_instances,Far,1,8201,8901005,add,2,WarmPSO_ImpactRelocate,5,2500,2469,200,39,1000,0.2421111,3972.78936865727,3972.78936865727,0,1,5118.95536046442,-0.223906229122335,1,240,1000,0,0.3,1
addition_stress_instances,Far,1,8201,8901006,add,2,Repair,6,500,38,0,0,0,0.0032668,4118.96025347346,4118.96025347346,0,1,5118.95536046442,-0.195351402107213,0,NaN,0,0,NaN,NaN
addition_stress_instances,Far,1,8201,8901006,add,2,Repair,6,1000,38,0,0,0,0.0032668,4118.96025347346,4118.96025347346,0,1,5118.95536046442,-0.195351402107213,0,NaN,0,0,NaN,NaN
addition_stress_instances,Far,1,8201,8901006,add,2,Repair,6,1500,38,0,0,0,0.0032668,4118.96025347346,4118.96025347346,0,1,5118.95536046442,-0.195351402107213,0,NaN,0,0,NaN,NaN
addition_stress_instances,Far,1,8201,8901006,add,2,Repair,6,2500,38,0,0,0,0.0032668,4118.96025347346,4118.96025347346,0,1,5118.95536046442,-0.195351402107213,0,NaN,0,0,NaN,NaN
addition_stress_instances,Far,1,8201,8901006,add,2,WarmPSO,6,500,500,200,0,0,0.2089779,4118.96025347346,4118.96025347346,0,1,5118.95536046442,-0.195351402107213,0,201,NaN,NaN,0,NaN
addition_stress_instances,Far,1,8201,8901006,add,2,WarmPSO,6,1000,980,200,0,0,0.2089779,4118.96025347346,4118.96025347346,0,1,5118.95536046442,-0.195351402107213,0,201,NaN,NaN,0,NaN
addition_stress_instances,Far,1,8201,8901006,add,2,WarmPSO,6,1500,1490,200,0,0,0.2089779,4118.96025347346,4118.96025347346,0,1,5118.95536046442,-0.195351402107213,0,201,NaN,NaN,0,NaN
addition_stress_instances,Far,1,8201,8901006,add,2,WarmPSO,6,2500,2480,200,0,0,0.2089779,4118.96025347346,4118.96025347346,0,1,5118.95536046442,-0.195351402107213,0,201,NaN,NaN,0,NaN
addition_stress_instances,Far,1,8201,8901006,add,2,WarmPSO_GlobalRelocate,6,500,450,200,0,100,0.2419865,4118.96025347346,4118.96025347346,0,1,5118.95536046442,-0.195351402107213,0,201,NaN,NaN,0.0975609756097561,1
addition_stress_instances,Far,1,8201,8901006,add,2,WarmPSO_GlobalRelocate,6,1000,1000,200,0,350,0.2419865,4071.54212275894,4071.54212275894,0,1,5118.95536046442,-0.204614645752733,1,201,NaN,NaN,0.0975609756097561,1
addition_stress_instances,Far,1,8201,8901006,add,2,WarmPSO_GlobalRelocate,6,1500,1495,200,0,575,0.2419865,4071.54212275894,4071.54212275894,0,1,5118.95536046442,-0.204614645752733,1,201,NaN,NaN,0.0975609756097561,1
addition_stress_instances,Far,1,8201,8901006,add,2,WarmPSO_GlobalRelocate,6,2500,2485,200,0,1025,0.2419865,4071.54212275894,4071.54212275894,0,1,5118.95536046442,-0.204614645752733,1,201,NaN,NaN,0.0975609756097561,1
addition_stress_instances,Far,1,8201,8901006,add,2,WarmPSO_ImpactRelocate,6,500,489,200,39,100,0.2499533,4030.50718356766,4030.50718356766,0,1,5118.95536046442,-0.212630917882826,1,240,1000,0,0.5,1.6
addition_stress_instances,Far,1,8201,8901006,add,2,WarmPSO_ImpactRelocate,6,1000,984,200,39,325,0.2499533,3983.08905285314,3983.08905285314,0,1,5118.95536046442,-0.221894161528346,1,240,1000,0,0.5,1.6
addition_stress_instances,Far,1,8201,8901006,add,2,WarmPSO_ImpactRelocate,6,1500,1479,200,39,550,0.2499533,3859.62302239051,3859.62302239051,0,1,5118.95536046442,-0.246013541708178,1,240,1000,0,0.5,1.6
addition_stress_instances,Far,1,8201,8901006,add,2,WarmPSO_ImpactRelocate,6,2500,2469,200,39,1000,0.2499533,3859.62302239051,3859.62302239051,0,1,5118.95536046442,-0.246013541708178,1,240,1000,0,0.5,1.6
addition_stress_instances,Far,1,8201,8901007,add,2,Repair,7,500,38,0,0,0,0.0028588,4118.96025347346,4118.96025347346,0,1,5118.95536046442,-0.195351402107213,0,NaN,0,0,NaN,NaN
addition_stress_instances,Far,1,8201,8901007,add,2,Repair,7,1000,38,0,0,0,0.0028588,4118.96025347346,4118.96025347346,0,1,5118.95536046442,-0.195351402107213,0,NaN,0,0,NaN,NaN
addition_stress_instances,Far,1,8201,8901007,add,2,Repair,7,1500,38,0,0,0,0.0028588,4118.96025347346,4118.96025347346,0,1,5118.95536046442,-0.195351402107213,0,NaN,0,0,NaN,NaN
addition_stress_instances,Far,1,8201,8901007,add,2,Repair,7,2500,38,0,0,0,0.0028588,4118.96025347346,4118.96025347346,0,1,5118.95536046442,-0.195351402107213,0,NaN,0,0,NaN,NaN
addition_stress_instances,Far,1,8201,8901007,add,2,WarmPSO,7,500,500,200,0,0,0.2139754,4118.96025347346,4118.96025347346,0,1,5118.95536046442,-0.195351402107213,0,201,NaN,NaN,0,NaN
addition_stress_instances,Far,1,8201,8901007,add,2,WarmPSO,7,1000,980,200,0,0,0.2139754,4118.96025347346,4118.96025347346,0,1,5118.95536046442,-0.195351402107213,0,201,NaN,NaN,0,NaN
addition_stress_instances,Far,1,8201,8901007,add,2,WarmPSO,7,1500,1490,200,0,0,0.2139754,4118.96025347346,4118.96025347346,0,1,5118.95536046442,-0.195351402107213,0,201,NaN,NaN,0,NaN
addition_stress_instances,Far,1,8201,8901007,add,2,WarmPSO,7,2500,2480,200,0,0,0.2139754,4118.96025347346,4118.96025347346,0,1,5118.95536046442,-0.195351402107213,0,201,NaN,NaN,0,NaN
addition_stress_instances,Far,1,8201,8901007,add,2,WarmPSO_GlobalRelocate,7,500,450,200,0,100,0.2886492,4030.50718356766,4030.50718356766,0,1,5118.95536046442,-0.212630917882826,1,201,NaN,NaN,0.48780487804878,1.2
addition_stress_instances,Far,1,8201,8901007,add,2,WarmPSO_GlobalRelocate,7,1000,1000,200,0,350,0.2886492,3972.78936865727,3972.78936865727,0,1,5118.95536046442,-0.223906229122335,1,201,NaN,NaN,0.48780487804878,1.2
addition_stress_instances,Far,1,8201,8901007,add,2,WarmPSO_GlobalRelocate,7,1500,1495,200,0,575,0.2886492,3928.30716399675,3928.30716399675,0,1,5118.95536046442,-0.232595932690387,1,201,NaN,NaN,0.48780487804878,1.2
addition_stress_instances,Far,1,8201,8901007,add,2,WarmPSO_GlobalRelocate,7,2500,2485,200,0,1025,0.2886492,3891.1120251003,3891.1120251003,0,1,5118.95536046442,-0.239862090778756,1,201,NaN,NaN,0.48780487804878,1.2
addition_stress_instances,Far,1,8201,8901007,add,2,WarmPSO_ImpactRelocate,7,500,489,200,39,100,0.2490009,4030.50718356766,4030.50718356766,0,1,5118.95536046442,-0.212630917882826,1,240,1000,0,0.4,1.25
addition_stress_instances,Far,1,8201,8901007,add,2,WarmPSO_ImpactRelocate,7,1000,984,200,39,325,0.2490009,3983.08905285314,3983.08905285314,0,1,5118.95536046442,-0.221894161528346,1,240,1000,0,0.4,1.25
addition_stress_instances,Far,1,8201,8901007,add,2,WarmPSO_ImpactRelocate,7,1500,1479,200,39,550,0.2490009,3859.62302239051,3859.62302239051,0,1,5118.95536046442,-0.246013541708178,1,240,1000,0,0.4,1.25
addition_stress_instances,Far,1,8201,8901007,add,2,WarmPSO_ImpactRelocate,7,2500,2469,200,39,1000,0.2490009,3859.62302239051,3859.62302239051,0,1,5118.95536046442,-0.246013541708178,1,240,1000,0,0.4,1.25
addition_stress_instances,Far,1,8201,8901008,add,2,Repair,8,500,38,0,0,0,0.0028287,4118.96025347346,4118.96025347346,0,1,5118.95536046442,-0.195351402107213,0,NaN,0,0,NaN,NaN
addition_stress_instances,Far,1,8201,8901008,add,2,Repair,8,1000,38,0,0,0,0.0028287,4118.96025347346,4118.96025347346,0,1,5118.95536046442,-0.195351402107213,0,NaN,0,0,NaN,NaN
addition_stress_instances,Far,1,8201,8901008,add,2,Repair,8,1500,38,0,0,0,0.0028287,4118.96025347346,4118.96025347346,0,1,5118.95536046442,-0.195351402107213,0,NaN,0,0,NaN,NaN
addition_stress_instances,Far,1,8201,8901008,add,2,Repair,8,2500,38,0,0,0,0.0028287,4118.96025347346,4118.96025347346,0,1,5118.95536046442,-0.195351402107213,0,NaN,0,0,NaN,NaN
addition_stress_instances,Far,1,8201,8901008,add,2,WarmPSO,8,500,500,200,0,0,0.212435,4118.96025347346,4118.96025347346,0,1,5118.95536046442,-0.195351402107213,0,201,NaN,NaN,0,NaN
addition_stress_instances,Far,1,8201,8901008,add,2,WarmPSO,8,1000,980,200,0,0,0.212435,4118.96025347346,4118.96025347346,0,1,5118.95536046442,-0.195351402107213,0,201,NaN,NaN,0,NaN
addition_stress_instances,Far,1,8201,8901008,add,2,WarmPSO,8,1500,1490,200,0,0,0.212435,4118.96025347346,4118.96025347346,0,1,5118.95536046442,-0.195351402107213,0,201,NaN,NaN,0,NaN
addition_stress_instances,Far,1,8201,8901008,add,2,WarmPSO,8,2500,2480,200,0,0,0.212435,4118.96025347346,4118.96025347346,0,1,5118.95536046442,-0.195351402107213,0,201,NaN,NaN,0,NaN
addition_stress_instances,Far,1,8201,8901008,add,2,WarmPSO_GlobalRelocate,8,500,450,200,0,100,0.2398862,4118.96025347346,4118.96025347346,0,1,5118.95536046442,-0.195351402107213,0,201,NaN,NaN,0.390243902439024,1.25
addition_stress_instances,Far,1,8201,8901008,add,2,WarmPSO_GlobalRelocate,8,1000,1000,200,0,350,0.2398862,4118.96025347346,4118.96025347346,0,1,5118.95536046442,-0.195351402107213,0,201,NaN,NaN,0.390243902439024,1.25
addition_stress_instances,Far,1,8201,8901008,add,2,WarmPSO_GlobalRelocate,8,1500,1495,200,0,575,0.2398862,4003.66123166239,4003.66123166239,0,1,5118.95536046442,-0.217875337889418,1,201,NaN,NaN,0.390243902439024,1.25
addition_stress_instances,Far,1,8201,8901008,add,2,WarmPSO_GlobalRelocate,8,2500,2485,200,0,1025,0.2398862,3859.62302239051,3859.62302239051,0,1,5118.95536046442,-0.246013541708178,1,201,NaN,NaN,0.390243902439024,1.25
addition_stress_instances,Far,1,8201,8901008,add,2,WarmPSO_ImpactRelocate,8,500,489,200,39,100,0.242109,4118.96025347346,4118.96025347346,0,1,5118.95536046442,-0.195351402107213,0,240,1000,0,0.4,1
addition_stress_instances,Far,1,8201,8901008,add,2,WarmPSO_ImpactRelocate,8,1000,984,200,39,325,0.242109,3975.37595987575,3975.37595987575,0,1,5118.95536046442,-0.223400932428706,1,240,1000,0,0.4,1
addition_stress_instances,Far,1,8201,8901008,add,2,WarmPSO_ImpactRelocate,8,1500,1479,200,39,550,0.242109,3975.37595987575,3975.37595987575,0,1,5118.95536046442,-0.223400932428706,1,240,1000,0,0.4,1
addition_stress_instances,Far,1,8201,8901008,add,2,WarmPSO_ImpactRelocate,8,2500,2469,200,39,1000,0.242109,3878.75057077638,3878.75057077638,0,1,5118.95536046442,-0.24227693002885,1,240,1000,0,0.4,1
addition_stress_instances,Far,1,8201,8901009,add,2,Repair,9,500,38,0,0,0,0.0029846,4118.96025347346,4118.96025347346,0,1,5118.95536046442,-0.195351402107213,0,NaN,0,0,NaN,NaN
addition_stress_instances,Far,1,8201,8901009,add,2,Repair,9,1000,38,0,0,0,0.0029846,4118.96025347346,4118.96025347346,0,1,5118.95536046442,-0.195351402107213,0,NaN,0,0,NaN,NaN
addition_stress_instances,Far,1,8201,8901009,add,2,Repair,9,1500,38,0,0,0,0.0029846,4118.96025347346,4118.96025347346,0,1,5118.95536046442,-0.195351402107213,0,NaN,0,0,NaN,NaN
addition_stress_instances,Far,1,8201,8901009,add,2,Repair,9,2500,38,0,0,0,0.0029846,4118.96025347346,4118.96025347346,0,1,5118.95536046442,-0.195351402107213,0,NaN,0,0,NaN,NaN
addition_stress_instances,Far,1,8201,8901009,add,2,WarmPSO,9,500,500,200,0,0,0.2108859,4118.96025347346,4118.96025347346,0,1,5118.95536046442,-0.195351402107213,0,201,NaN,NaN,0,NaN
addition_stress_instances,Far,1,8201,8901009,add,2,WarmPSO,9,1000,980,200,0,0,0.2108859,4118.96025347346,4118.96025347346,0,1,5118.95536046442,-0.195351402107213,0,201,NaN,NaN,0,NaN
addition_stress_instances,Far,1,8201,8901009,add,2,WarmPSO,9,1500,1490,200,0,0,0.2108859,4118.96025347346,4118.96025347346,0,1,5118.95536046442,-0.195351402107213,0,201,NaN,NaN,0,NaN
addition_stress_instances,Far,1,8201,8901009,add,2,WarmPSO,9,2500,2480,200,0,0,0.2108859,4118.96025347346,4118.96025347346,0,1,5118.95536046442,-0.195351402107213,0,201,NaN,NaN,0,NaN
addition_stress_instances,Far,1,8201,8901009,add,2,WarmPSO_GlobalRelocate,9,500,450,200,0,100,0.2442272,4118.96025347346,4118.96025347346,0,1,5118.95536046442,-0.195351402107213,0,201,NaN,NaN,0.48780487804878,1.2
addition_stress_instances,Far,1,8201,8901009,add,2,WarmPSO_GlobalRelocate,9,1000,1000,200,0,350,0.2442272,4006.69115849803,4006.69115849803,0,1,5118.95536046442,-0.217283434537605,1,201,NaN,NaN,0.48780487804878,1.2
addition_stress_instances,Far,1,8201,8901009,add,2,WarmPSO_GlobalRelocate,9,1500,1495,200,0,575,0.2442272,3959.27302778351,3959.27302778351,0,1,5118.95536046442,-0.226546678183124,1,201,NaN,NaN,0.48780487804878,1.2
addition_stress_instances,Far,1,8201,8901009,add,2,WarmPSO_GlobalRelocate,9,2500,2485,200,0,1025,0.2442272,3896.87121080216,3896.87121080216,0,1,5118.95536046442,-0.238737020271923,1,201,NaN,NaN,0.48780487804878,1.2
addition_stress_instances,Far,1,8201,8901009,add,2,WarmPSO_ImpactRelocate,9,500,489,200,39,100,0.244604,4118.96025347346,4118.96025347346,0,1,5118.95536046442,-0.195351402107213,0,240,1000,0,0.3,1.33333333333333
addition_stress_instances,Far,1,8201,8901009,add,2,WarmPSO_ImpactRelocate,9,1000,984,200,39,325,0.244604,3991.86526586169,3991.86526586169,0,1,5118.95536046442,-0.220179707623096,1,240,1000,0,0.3,1.33333333333333
addition_stress_instances,Far,1,8201,8901009,add,2,WarmPSO_ImpactRelocate,9,1500,1479,200,39,550,0.244604,3991.86526586169,3991.86526586169,0,1,5118.95536046442,-0.220179707623096,1,240,1000,0,0.3,1.33333333333333
addition_stress_instances,Far,1,8201,8901009,add,2,WarmPSO_ImpactRelocate,9,2500,2469,200,39,1000,0.244604,3972.78936865727,3972.78936865727,0,1,5118.95536046442,-0.223906229122335,1,240,1000,0,0.3,1.33333333333333
addition_stress_instances,Far,1,8201,8901010,add,2,Repair,10,500,38,0,0,0,0.0034258,4118.96025347346,4118.96025347346,0,1,5118.95536046442,-0.195351402107213,0,NaN,0,0,NaN,NaN
addition_stress_instances,Far,1,8201,8901010,add,2,Repair,10,1000,38,0,0,0,0.0034258,4118.96025347346,4118.96025347346,0,1,5118.95536046442,-0.195351402107213,0,NaN,0,0,NaN,NaN
addition_stress_instances,Far,1,8201,8901010,add,2,Repair,10,1500,38,0,0,0,0.0034258,4118.96025347346,4118.96025347346,0,1,5118.95536046442,-0.195351402107213,0,NaN,0,0,NaN,NaN
addition_stress_instances,Far,1,8201,8901010,add,2,Repair,10,2500,38,0,0,0,0.0034258,4118.96025347346,4118.96025347346,0,1,5118.95536046442,-0.195351402107213,0,NaN,0,0,NaN,NaN
addition_stress_instances,Far,1,8201,8901010,add,2,WarmPSO,10,500,500,200,0,0,0.2217222,4118.96025347346,4118.96025347346,0,1,5118.95536046442,-0.195351402107213,0,201,NaN,NaN,0,NaN
addition_stress_instances,Far,1,8201,8901010,add,2,WarmPSO,10,1000,980,200,0,0,0.2217222,4118.96025347346,4118.96025347346,0,1,5118.95536046442,-0.195351402107213,0,201,NaN,NaN,0,NaN
addition_stress_instances,Far,1,8201,8901010,add,2,WarmPSO,10,1500,1490,200,0,0,0.2217222,4118.96025347346,4118.96025347346,0,1,5118.95536046442,-0.195351402107213,0,201,NaN,NaN,0,NaN
addition_stress_instances,Far,1,8201,8901010,add,2,WarmPSO,10,2500,2480,200,0,0,0.2217222,4118.96025347346,4118.96025347346,0,1,5118.95536046442,-0.195351402107213,0,201,NaN,NaN,0,NaN
addition_stress_instances,Far,1,8201,8901010,add,2,WarmPSO_GlobalRelocate,10,500,450,200,0,100,0.242676,4118.96025347346,4118.96025347346,0,1,5118.95536046442,-0.195351402107213,0,201,NaN,NaN,0.48780487804878,1.2
addition_stress_instances,Far,1,8201,8901010,add,2,WarmPSO_GlobalRelocate,10,1000,1000,200,0,350,0.242676,4054.23336673703,4054.23336673703,0,1,5118.95536046442,-0.207995952055108,1,201,NaN,NaN,0.48780487804878,1.2
addition_stress_instances,Far,1,8201,8901010,add,2,WarmPSO_GlobalRelocate,10,1500,1495,200,0,575,0.242676,3878.75057077638,3878.75057077638,0,1,5118.95536046442,-0.24227693002885,1,201,NaN,NaN,0.48780487804878,1.2
addition_stress_instances,Far,1,8201,8901010,add,2,WarmPSO_GlobalRelocate,10,2500,2485,200,0,1025,0.242676,3857.71334077939,3857.71334077939,0,1,5118.95536046442,-0.246386602513879,1,201,NaN,NaN,0.48780487804878,1.2
addition_stress_instances,Far,1,8201,8901010,add,2,WarmPSO_ImpactRelocate,10,500,489,200,39,100,0.2431148,4118.96025347346,4118.96025347346,0,1,5118.95536046442,-0.195351402107213,0,240,1000,0,0.5,1.2
addition_stress_instances,Far,1,8201,8901010,add,2,WarmPSO_ImpactRelocate,10,1000,984,200,39,325,0.2431148,4030.50718356766,4030.50718356766,0,1,5118.95536046442,-0.212630917882826,1,240,1000,0,0.5,1.2
addition_stress_instances,Far,1,8201,8901010,add,2,WarmPSO_ImpactRelocate,10,1500,1479,200,39,550,0.2431148,3972.78936865727,3972.78936865727,0,1,5118.95536046442,-0.223906229122335,1,240,1000,0,0.5,1.2
addition_stress_instances,Far,1,8201,8901010,add,2,WarmPSO_ImpactRelocate,10,2500,2469,200,39,1000,0.2431148,3891.1120251003,3891.1120251003,0,1,5118.95536046442,-0.239862090778756,1,240,1000,0,0.5,1.2
addition_stress_instances,Far,3,8203,8903001,add,2,Repair,1,500,38,0,0,0,0.0029007,4137.06127770897,4137.06127770897,0,1,4370.21624152093,-0.0533508986573199,0,NaN,0,0,NaN,NaN
addition_stress_instances,Far,3,8203,8903001,add,2,Repair,1,1000,38,0,0,0,0.0029007,4137.06127770897,4137.06127770897,0,1,4370.21624152093,-0.0533508986573199,0,NaN,0,0,NaN,NaN
addition_stress_instances,Far,3,8203,8903001,add,2,Repair,1,1500,38,0,0,0,0.0029007,4137.06127770897,4137.06127770897,0,1,4370.21624152093,-0.0533508986573199,0,NaN,0,0,NaN,NaN
addition_stress_instances,Far,3,8203,8903001,add,2,Repair,1,2500,38,0,0,0,0.0029007,4137.06127770897,4137.06127770897,0,1,4370.21624152093,-0.0533508986573199,0,NaN,0,0,NaN,NaN
addition_stress_instances,Far,3,8203,8903001,add,2,WarmPSO,1,500,500,200,0,0,0.2080077,4137.06127770897,4137.06127770897,0,1,4370.21624152093,-0.0533508986573199,0,201,NaN,NaN,0,NaN
addition_stress_instances,Far,3,8203,8903001,add,2,WarmPSO,1,1000,980,200,0,0,0.2080077,4137.06127770897,4137.06127770897,0,1,4370.21624152093,-0.0533508986573199,0,201,NaN,NaN,0,NaN
addition_stress_instances,Far,3,8203,8903001,add,2,WarmPSO,1,1500,1490,200,0,0,0.2080077,4137.06127770897,4137.06127770897,0,1,4370.21624152093,-0.0533508986573199,0,201,NaN,NaN,0,NaN
addition_stress_instances,Far,3,8203,8903001,add,2,WarmPSO,1,2500,2480,200,0,0,0.2080077,4137.06127770897,4137.06127770897,0,1,4370.21624152093,-0.0533508986573199,0,201,NaN,NaN,0,NaN
addition_stress_instances,Far,3,8203,8903001,add,2,WarmPSO_GlobalRelocate,1,500,450,200,0,100,0.2462669,4137.06127770897,4137.06127770897,0,1,4370.21624152093,-0.0533508986573199,0,201,NaN,NaN,0.682926829268293,1.14285714285714
addition_stress_instances,Far,3,8203,8903001,add,2,WarmPSO_GlobalRelocate,1,1000,1000,200,0,350,0.2462669,4017.30400767222,4017.30400767222,0,1,4370.21624152093,-0.0807539522863261,1,201,NaN,NaN,0.682926829268293,1.14285714285714
addition_stress_instances,Far,3,8203,8903001,add,2,WarmPSO_GlobalRelocate,1,1500,1495,200,0,575,0.2462669,3921.56169048404,3921.56169048404,0,1,4370.21624152093,-0.102661865281235,1,201,NaN,NaN,0.682926829268293,1.14285714285714
addition_stress_instances,Far,3,8203,8903001,add,2,WarmPSO_GlobalRelocate,1,2500,2485,200,0,1025,0.2462669,3808.1243756821,3808.1243756821,0,1,4370.21624152093,-0.128618776457433,1,201,NaN,NaN,0.682926829268293,1.14285714285714
addition_stress_instances,Far,3,8203,8903001,add,2,WarmPSO_ImpactRelocate,1,500,489,200,39,100,0.2427049,4087.09312624841,4087.09312624841,0,1,4370.21624152093,-0.0647846924787382,1,240,1000,0,0.4,1.25
addition_stress_instances,Far,3,8203,8903001,add,2,WarmPSO_ImpactRelocate,1,1000,984,200,39,325,0.2427049,3974.54073645417,3974.54073645417,0,1,4370.21624152093,-0.090539113673023,1,240,1000,0,0.4,1.25
addition_stress_instances,Far,3,8203,8903001,add,2,WarmPSO_ImpactRelocate,1,1500,1479,200,39,550,0.2427049,3974.54073645417,3974.54073645417,0,1,4370.21624152093,-0.090539113673023,1,240,1000,0,0.4,1.25
addition_stress_instances,Far,3,8203,8903001,add,2,WarmPSO_ImpactRelocate,1,2500,2469,200,39,1000,0.2427049,3877.91534735481,3877.91534735481,0,1,4370.21624152093,-0.112649092621282,1,240,1000,0,0.4,1.25
addition_stress_instances,Far,3,8203,8903002,add,2,Repair,2,500,38,0,0,0,0.0032081,4137.06127770897,4137.06127770897,0,1,4370.21624152093,-0.0533508986573199,0,NaN,0,0,NaN,NaN
addition_stress_instances,Far,3,8203,8903002,add,2,Repair,2,1000,38,0,0,0,0.0032081,4137.06127770897,4137.06127770897,0,1,4370.21624152093,-0.0533508986573199,0,NaN,0,0,NaN,NaN
addition_stress_instances,Far,3,8203,8903002,add,2,Repair,2,1500,38,0,0,0,0.0032081,4137.06127770897,4137.06127770897,0,1,4370.21624152093,-0.0533508986573199,0,NaN,0,0,NaN,NaN
addition_stress_instances,Far,3,8203,8903002,add,2,Repair,2,2500,38,0,0,0,0.0032081,4137.06127770897,4137.06127770897,0,1,4370.21624152093,-0.0533508986573199,0,NaN,0,0,NaN,NaN
addition_stress_instances,Far,3,8203,8903002,add,2,WarmPSO,2,500,500,200,0,0,0.217876,4137.06127770897,4137.06127770897,0,1,4370.21624152093,-0.0533508986573199,0,201,NaN,NaN,0,NaN
addition_stress_instances,Far,3,8203,8903002,add,2,WarmPSO,2,1000,980,200,0,0,0.217876,4137.06127770897,4137.06127770897,0,1,4370.21624152093,-0.0533508986573199,0,201,NaN,NaN,0,NaN
addition_stress_instances,Far,3,8203,8903002,add,2,WarmPSO,2,1500,1490,200,0,0,0.217876,4137.06127770897,4137.06127770897,0,1,4370.21624152093,-0.0533508986573199,0,201,NaN,NaN,0,NaN
addition_stress_instances,Far,3,8203,8903002,add,2,WarmPSO,2,2500,2480,200,0,0,0.217876,4137.06127770897,4137.06127770897,0,1,4370.21624152093,-0.0533508986573199,0,201,NaN,NaN,0,NaN
addition_stress_instances,Far,3,8203,8903002,add,2,WarmPSO_GlobalRelocate,2,500,450,200,0,100,0.2459424,4017.30400767222,4017.30400767222,0,1,4370.21624152093,-0.0807539522863261,1,201,NaN,NaN,0.48780487804878,1
addition_stress_instances,Far,3,8203,8903002,add,2,WarmPSO_GlobalRelocate,2,1000,1000,200,0,350,0.2459424,3890.27680167873,3890.27680167873,0,1,4370.21624152093,-0.109820524504565,1,201,NaN,NaN,0.48780487804878,1
addition_stress_instances,Far,3,8203,8903002,add,2,WarmPSO_GlobalRelocate,2,1500,1495,200,0,575,0.2459424,3856.87811735781,3856.87811735781,0,1,4370.21624152093,-0.117462865861407,1,201,NaN,NaN,0.48780487804878,1
addition_stress_instances,Far,3,8203,8903002,add,2,WarmPSO_GlobalRelocate,2,2500,2485,200,0,1025,0.2459424,3856.87811735781,3856.87811735781,0,1,4370.21624152093,-0.117462865861407,1,201,NaN,NaN,0.48780487804878,1
addition_stress_instances,Far,3,8203,8903002,add,2,WarmPSO_ImpactRelocate,2,500,489,200,39,100,0.2441067,4137.06127770897,4137.06127770897,0,1,4370.21624152093,-0.0533508986573199,0,240,1000,0,0.6,1.33333333333333
addition_stress_instances,Far,3,8203,8903002,add,2,WarmPSO_ImpactRelocate,2,1000,984,200,39,325,0.2441067,4017.30400767222,4017.30400767222,0,1,4370.21624152093,-0.0807539522863261,1,240,1000,0,0.6,1.33333333333333
addition_stress_instances,Far,3,8203,8903002,add,2,WarmPSO_ImpactRelocate,2,1500,1479,200,39,550,0.2441067,4017.30400767222,4017.30400767222,0,1,4370.21624152093,-0.0807539522863261,1,240,1000,0,0.6,1.33333333333333
addition_stress_instances,Far,3,8203,8903002,add,2,WarmPSO_ImpactRelocate,2,2500,2469,200,39,1000,0.2441067,3808.1243756821,3808.1243756821,0,1,4370.21624152093,-0.128618776457433,1,240,1000,0,0.6,1.33333333333333
addition_stress_instances,Far,3,8203,8903003,add,2,Repair,3,500,38,0,0,0,0.0031971,4137.06127770897,4137.06127770897,0,1,4370.21624152093,-0.0533508986573199,0,NaN,0,0,NaN,NaN
addition_stress_instances,Far,3,8203,8903003,add,2,Repair,3,1000,38,0,0,0,0.0031971,4137.06127770897,4137.06127770897,0,1,4370.21624152093,-0.0533508986573199,0,NaN,0,0,NaN,NaN
addition_stress_instances,Far,3,8203,8903003,add,2,Repair,3,1500,38,0,0,0,0.0031971,4137.06127770897,4137.06127770897,0,1,4370.21624152093,-0.0533508986573199,0,NaN,0,0,NaN,NaN
addition_stress_instances,Far,3,8203,8903003,add,2,Repair,3,2500,38,0,0,0,0.0031971,4137.06127770897,4137.06127770897,0,1,4370.21624152093,-0.0533508986573199,0,NaN,0,0,NaN,NaN
addition_stress_instances,Far,3,8203,8903003,add,2,WarmPSO,3,500,500,200,0,0,0.2125917,4137.06127770897,4137.06127770897,0,1,4370.21624152093,-0.0533508986573199,0,201,NaN,NaN,0,NaN
addition_stress_instances,Far,3,8203,8903003,add,2,WarmPSO,3,1000,980,200,0,0,0.2125917,4137.06127770897,4137.06127770897,0,1,4370.21624152093,-0.0533508986573199,0,201,NaN,NaN,0,NaN
addition_stress_instances,Far,3,8203,8903003,add,2,WarmPSO,3,1500,1490,200,0,0,0.2125917,4137.06127770897,4137.06127770897,0,1,4370.21624152093,-0.0533508986573199,0,201,NaN,NaN,0,NaN
addition_stress_instances,Far,3,8203,8903003,add,2,WarmPSO,3,2500,2480,200,0,0,0.2125917,4137.06127770897,4137.06127770897,0,1,4370.21624152093,-0.0533508986573199,0,201,NaN,NaN,0,NaN
addition_stress_instances,Far,3,8203,8903003,add,2,WarmPSO_GlobalRelocate,3,500,450,200,0,100,0.2560347,4017.30400767222,4017.30400767222,0,1,4370.21624152093,-0.0807539522863261,1,201,NaN,NaN,0.48780487804878,1.2
addition_stress_instances,Far,3,8203,8903003,add,2,WarmPSO_GlobalRelocate,3,1000,1000,200,0,350,0.2560347,3971.9541452357,3971.9541452357,0,1,4370.21624152093,-0.0911309816895067,1,201,NaN,NaN,0.48780487804878,1.2
addition_stress_instances,Far,3,8203,8903003,add,2,WarmPSO_GlobalRelocate,3,1500,1495,200,0,575,0.2560347,3971.9541452357,3971.9541452357,0,1,4370.21624152093,-0.0911309816895067,1,201,NaN,NaN,0.48780487804878,1.2
addition_stress_instances,Far,3,8203,8903003,add,2,WarmPSO_GlobalRelocate,3,2500,2485,200,0,1025,0.2560347,3856.87811735781,3856.87811735781,0,1,4370.21624152093,-0.117462865861407,1,201,NaN,NaN,0.48780487804878,1.2
addition_stress_instances,Far,3,8203,8903003,add,2,WarmPSO_ImpactRelocate,3,500,489,200,39,100,0.242292,4089.64314699445,4089.64314699445,0,1,4370.21624152093,-0.0642011925773337,1,240,1000,0,0.5,1.4
addition_stress_instances,Far,3,8203,8903003,add,2,WarmPSO_ImpactRelocate,3,1000,984,200,39,325,0.242292,3969.8858769577,3969.8858769577,0,1,4370.21624152093,-0.0916042462063401,1,240,1000,0,0.5,1.4
addition_stress_instances,Far,3,8203,8903003,add,2,WarmPSO_ImpactRelocate,3,1500,1479,200,39,550,0.242292,3921.56169048404,3921.56169048404,0,1,4370.21624152093,-0.102661865281235,1,240,1000,0,0.5,1.4
addition_stress_instances,Far,3,8203,8903003,add,2,WarmPSO_ImpactRelocate,3,2500,2469,200,39,1000,0.242292,3808.1243756821,3808.1243756821,0,1,4370.21624152093,-0.128618776457433,1,240,1000,0,0.5,1.4
addition_stress_instances,Far,3,8203,8903004,add,2,Repair,4,500,38,0,0,0,0.0027874,4137.06127770897,4137.06127770897,0,1,4370.21624152093,-0.0533508986573199,0,NaN,0,0,NaN,NaN
addition_stress_instances,Far,3,8203,8903004,add,2,Repair,4,1000,38,0,0,0,0.0027874,4137.06127770897,4137.06127770897,0,1,4370.21624152093,-0.0533508986573199,0,NaN,0,0,NaN,NaN
addition_stress_instances,Far,3,8203,8903004,add,2,Repair,4,1500,38,0,0,0,0.0027874,4137.06127770897,4137.06127770897,0,1,4370.21624152093,-0.0533508986573199,0,NaN,0,0,NaN,NaN
addition_stress_instances,Far,3,8203,8903004,add,2,Repair,4,2500,38,0,0,0,0.0027874,4137.06127770897,4137.06127770897,0,1,4370.21624152093,-0.0533508986573199,0,NaN,0,0,NaN,NaN
addition_stress_instances,Far,3,8203,8903004,add,2,WarmPSO,4,500,500,200,0,0,0.2105165,4137.06127770897,4137.06127770897,0,1,4370.21624152093,-0.0533508986573199,0,201,NaN,NaN,0,NaN
addition_stress_instances,Far,3,8203,8903004,add,2,WarmPSO,4,1000,980,200,0,0,0.2105165,4137.06127770897,4137.06127770897,0,1,4370.21624152093,-0.0533508986573199,0,201,NaN,NaN,0,NaN
addition_stress_instances,Far,3,8203,8903004,add,2,WarmPSO,4,1500,1490,200,0,0,0.2105165,4137.06127770897,4137.06127770897,0,1,4370.21624152093,-0.0533508986573199,0,201,NaN,NaN,0,NaN
addition_stress_instances,Far,3,8203,8903004,add,2,WarmPSO,4,2500,2480,200,0,0,0.2105165,4137.06127770897,4137.06127770897,0,1,4370.21624152093,-0.0533508986573199,0,201,NaN,NaN,0,NaN
addition_stress_instances,Far,3,8203,8903004,add,2,WarmPSO_GlobalRelocate,4,500,450,200,0,100,0.2564547,4137.06127770897,4137.06127770897,0,1,4370.21624152093,-0.0533508986573199,0,201,NaN,NaN,0.48780487804878,1.4
addition_stress_instances,Far,3,8203,8903004,add,2,WarmPSO_GlobalRelocate,4,1000,1000,200,0,350,0.2564547,3877.91534735481,3877.91534735481,0,1,4370.21624152093,-0.112649092621282,1,201,NaN,NaN,0.48780487804878,1.4
addition_stress_instances,Far,3,8203,8903004,add,2,WarmPSO_GlobalRelocate,4,1500,1495,200,0,575,0.2564547,3877.91534735481,3877.91534735481,0,1,4370.21624152093,-0.112649092621282,1,201,NaN,NaN,0.48780487804878,1.4
addition_stress_instances,Far,3,8203,8903004,add,2,WarmPSO_GlobalRelocate,4,2500,2485,200,0,1025,0.2564547,3856.87811735781,3856.87811735781,0,1,4370.21624152093,-0.117462865861407,1,201,NaN,NaN,0.48780487804878,1.4
addition_stress_instances,Far,3,8203,8903004,add,2,WarmPSO_ImpactRelocate,4,500,489,200,39,100,0.2473645,4137.06127770897,4137.06127770897,0,1,4370.21624152093,-0.0533508986573199,0,240,1000,0,0.3,1.33333333333333
addition_stress_instances,Far,3,8203,8903004,add,2,WarmPSO_ImpactRelocate,4,1000,984,200,39,325,0.2473645,4017.30400767222,4017.30400767222,0,1,4370.21624152093,-0.0807539522863261,1,240,1000,0,0.3,1.33333333333333
addition_stress_instances,Far,3,8203,8903004,add,2,WarmPSO_ImpactRelocate,4,1500,1479,200,39,550,0.2473645,4017.30400767222,4017.30400767222,0,1,4370.21624152093,-0.0807539522863261,1,240,1000,0,0.3,1.33333333333333
addition_stress_instances,Far,3,8203,8903004,add,2,WarmPSO_ImpactRelocate,4,2500,2469,200,39,1000,0.2473645,3969.8858769577,3969.8858769577,0,1,4370.21624152093,-0.0916042462063401,1,240,1000,0,0.3,1.33333333333333
addition_stress_instances,Far,3,8203,8903005,add,2,Repair,5,500,38,0,0,0,0.0031043,4137.06127770897,4137.06127770897,0,1,4370.21624152093,-0.0533508986573199,0,NaN,0,0,NaN,NaN
addition_stress_instances,Far,3,8203,8903005,add,2,Repair,5,1000,38,0,0,0,0.0031043,4137.06127770897,4137.06127770897,0,1,4370.21624152093,-0.0533508986573199,0,NaN,0,0,NaN,NaN
addition_stress_instances,Far,3,8203,8903005,add,2,Repair,5,1500,38,0,0,0,0.0031043,4137.06127770897,4137.06127770897,0,1,4370.21624152093,-0.0533508986573199,0,NaN,0,0,NaN,NaN
addition_stress_instances,Far,3,8203,8903005,add,2,Repair,5,2500,38,0,0,0,0.0031043,4137.06127770897,4137.06127770897,0,1,4370.21624152093,-0.0533508986573199,0,NaN,0,0,NaN,NaN
addition_stress_instances,Far,3,8203,8903005,add,2,WarmPSO,5,500,500,200,0,0,0.2157151,4137.06127770897,4137.06127770897,0,1,4370.21624152093,-0.0533508986573199,0,201,NaN,NaN,0,NaN
addition_stress_instances,Far,3,8203,8903005,add,2,WarmPSO,5,1000,980,200,0,0,0.2157151,4137.06127770897,4137.06127770897,0,1,4370.21624152093,-0.0533508986573199,0,201,NaN,NaN,0,NaN
addition_stress_instances,Far,3,8203,8903005,add,2,WarmPSO,5,1500,1490,200,0,0,0.2157151,4137.06127770897,4137.06127770897,0,1,4370.21624152093,-0.0533508986573199,0,201,NaN,NaN,0,NaN
addition_stress_instances,Far,3,8203,8903005,add,2,WarmPSO,5,2500,2480,200,0,0,0.2157151,4137.06127770897,4137.06127770897,0,1,4370.21624152093,-0.0533508986573199,0,201,NaN,NaN,0,NaN
addition_stress_instances,Far,3,8203,8903005,add,2,WarmPSO_GlobalRelocate,5,500,450,200,0,100,0.241139,4089.64314699445,4089.64314699445,0,1,4370.21624152093,-0.0642011925773337,1,201,NaN,NaN,0.682926829268293,1
addition_stress_instances,Far,3,8203,8903005,add,2,WarmPSO_GlobalRelocate,5,1000,1000,200,0,350,0.241139,3934.15703595787,3934.15703595787,0,1,4370.21624152093,-0.0997797778105608,1,201,NaN,NaN,0.682926829268293,1
addition_stress_instances,Far,3,8203,8903005,add,2,WarmPSO_GlobalRelocate,5,1500,1495,200,0,575,0.241139,3847.51636080937,3847.51636080937,0,1,4370.21624152093,-0.119605038246265,1,201,NaN,NaN,0.682926829268293,1
addition_stress_instances,Far,3,8203,8903005,add,2,WarmPSO_GlobalRelocate,5,2500,2485,200,0,1025,0.241139,3847.51636080937,3847.51636080937,0,1,4370.21624152093,-0.119605038246265,1,201,NaN,NaN,0.682926829268293,1
addition_stress_instances,Far,3,8203,8903005,add,2,WarmPSO_ImpactRelocate,5,500,489,200,39,100,0.2427626,4137.06127770897,4137.06127770897,0,1,4370.21624152093,-0.0533508986573199,0,240,1000,0,0.4,1.25
addition_stress_instances,Far,3,8203,8903005,add,2,WarmPSO_ImpactRelocate,5,1000,984,200,39,325,0.2427626,4081.42498762584,4081.42498762584,0,1,4370.21624152093,-0.0660816851924434,1,240,1000,0,0.4,1.25
addition_stress_instances,Far,3,8203,8903005,add,2,WarmPSO_ImpactRelocate,5,1500,1479,200,39,550,0.2427626,4068.33523778126,4068.33523778126,0,1,4370.21624152093,-0.0690769030766784,1,240,1000,0,0.4,1.25
addition_stress_instances,Far,3,8203,8903005,add,2,WarmPSO_ImpactRelocate,5,2500,2469,200,39,1000,0.2427626,4036.35979310837,4036.35979310837,0,1,4370.21624152093,-0.0763935764186282,1,240,1000,0,0.4,1.25
addition_stress_instances,Far,3,8203,8903006,add,2,Repair,6,500,38,0,0,0,0.0029894,4137.06127770897,4137.06127770897,0,1,4370.21624152093,-0.0533508986573199,0,NaN,0,0,NaN,NaN
addition_stress_instances,Far,3,8203,8903006,add,2,Repair,6,1000,38,0,0,0,0.0029894,4137.06127770897,4137.06127770897,0,1,4370.21624152093,-0.0533508986573199,0,NaN,0,0,NaN,NaN
addition_stress_instances,Far,3,8203,8903006,add,2,Repair,6,1500,38,0,0,0,0.0029894,4137.06127770897,4137.06127770897,0,1,4370.21624152093,-0.0533508986573199,0,NaN,0,0,NaN,NaN
addition_stress_instances,Far,3,8203,8903006,add,2,Repair,6,2500,38,0,0,0,0.0029894,4137.06127770897,4137.06127770897,0,1,4370.21624152093,-0.0533508986573199,0,NaN,0,0,NaN,NaN
addition_stress_instances,Far,3,8203,8903006,add,2,WarmPSO,6,500,500,200,0,0,0.2059901,4137.06127770897,4137.06127770897,0,1,4370.21624152093,-0.0533508986573199,0,201,NaN,NaN,0,NaN
addition_stress_instances,Far,3,8203,8903006,add,2,WarmPSO,6,1000,980,200,0,0,0.2059901,4137.06127770897,4137.06127770897,0,1,4370.21624152093,-0.0533508986573199,0,201,NaN,NaN,0,NaN
addition_stress_instances,Far,3,8203,8903006,add,2,WarmPSO,6,1500,1490,200,0,0,0.2059901,4137.06127770897,4137.06127770897,0,1,4370.21624152093,-0.0533508986573199,0,201,NaN,NaN,0,NaN
addition_stress_instances,Far,3,8203,8903006,add,2,WarmPSO,6,2500,2480,200,0,0,0.2059901,4137.06127770897,4137.06127770897,0,1,4370.21624152093,-0.0533508986573199,0,201,NaN,NaN,0,NaN
addition_stress_instances,Far,3,8203,8903006,add,2,WarmPSO_GlobalRelocate,6,500,450,200,0,100,0.2551222,4137.06127770897,4137.06127770897,0,1,4370.21624152093,-0.0533508986573199,0,201,NaN,NaN,0.48780487804878,1
addition_stress_instances,Far,3,8203,8903006,add,2,WarmPSO_GlobalRelocate,6,1000,1000,200,0,350,0.2551222,3890.27680167873,3890.27680167873,0,1,4370.21624152093,-0.109820524504565,1,201,NaN,NaN,0.48780487804878,1
addition_stress_instances,Far,3,8203,8903006,add,2,WarmPSO_GlobalRelocate,6,1500,1495,200,0,575,0.2551222,3856.87811735781,3856.87811735781,0,1,4370.21624152093,-0.117462865861407,1,201,NaN,NaN,0.48780487804878,1
addition_stress_instances,Far,3,8203,8903006,add,2,WarmPSO_GlobalRelocate,6,2500,2485,200,0,1025,0.2551222,3856.87811735781,3856.87811735781,0,1,4370.21624152093,-0.117462865861407,1,201,NaN,NaN,0.48780487804878,1
addition_stress_instances,Far,3,8203,8903006,add,2,WarmPSO_ImpactRelocate,6,500,489,200,39,100,0.2390903,3969.8858769577,3969.8858769577,0,1,4370.21624152093,-0.0916042462063401,1,240,1000,0,0.6,1
addition_stress_instances,Far,3,8203,8903006,add,2,WarmPSO_ImpactRelocate,6,1000,984,200,39,325,0.2390903,3904.74445423947,3904.74445423947,0,1,4370.21624152093,-0.106510012676048,1,240,1000,0,0.6,1
addition_stress_instances,Far,3,8203,8903006,add,2,WarmPSO_ImpactRelocate,6,1500,1479,200,39,550,0.2390903,3808.1243756821,3808.1243756821,0,1,4370.21624152093,-0.128618776457433,1,240,1000,0,0.6,1
addition_stress_instances,Far,3,8203,8903006,add,2,WarmPSO_ImpactRelocate,6,2500,2469,200,39,1000,0.2390903,3808.1243756821,3808.1243756821,0,1,4370.21624152093,-0.128618776457433,1,240,1000,0,0.6,1
addition_stress_instances,Far,3,8203,8903007,add,2,Repair,7,500,38,0,0,0,0.0031724,4137.06127770897,4137.06127770897,0,1,4370.21624152093,-0.0533508986573199,0,NaN,0,0,NaN,NaN
addition_stress_instances,Far,3,8203,8903007,add,2,Repair,7,1000,38,0,0,0,0.0031724,4137.06127770897,4137.06127770897,0,1,4370.21624152093,-0.0533508986573199,0,NaN,0,0,NaN,NaN
addition_stress_instances,Far,3,8203,8903007,add,2,Repair,7,1500,38,0,0,0,0.0031724,4137.06127770897,4137.06127770897,0,1,4370.21624152093,-0.0533508986573199,0,NaN,0,0,NaN,NaN
addition_stress_instances,Far,3,8203,8903007,add,2,Repair,7,2500,38,0,0,0,0.0031724,4137.06127770897,4137.06127770897,0,1,4370.21624152093,-0.0533508986573199,0,NaN,0,0,NaN,NaN
addition_stress_instances,Far,3,8203,8903007,add,2,WarmPSO,7,500,500,200,0,0,0.2074405,4137.06127770897,4137.06127770897,0,1,4370.21624152093,-0.0533508986573199,0,201,NaN,NaN,0,NaN
addition_stress_instances,Far,3,8203,8903007,add,2,WarmPSO,7,1000,980,200,0,0,0.2074405,4137.06127770897,4137.06127770897,0,1,4370.21624152093,-0.0533508986573199,0,201,NaN,NaN,0,NaN
addition_stress_instances,Far,3,8203,8903007,add,2,WarmPSO,7,1500,1490,200,0,0,0.2074405,4137.06127770897,4137.06127770897,0,1,4370.21624152093,-0.0533508986573199,0,201,NaN,NaN,0,NaN
addition_stress_instances,Far,3,8203,8903007,add,2,WarmPSO,7,2500,2480,200,0,0,0.2074405,4137.06127770897,4137.06127770897,0,1,4370.21624152093,-0.0533508986573199,0,201,NaN,NaN,0,NaN
addition_stress_instances,Far,3,8203,8903007,add,2,WarmPSO_GlobalRelocate,7,500,450,200,0,100,0.2473794,4137.06127770897,4137.06127770897,0,1,4370.21624152093,-0.0533508986573199,0,201,NaN,NaN,0.682926829268293,1.28571428571429
addition_stress_instances,Far,3,8203,8903007,add,2,WarmPSO_GlobalRelocate,7,1000,1000,200,0,350,0.2473794,3946.96152393698,3946.96152393698,0,1,4370.21624152093,-0.096849834011107,1,201,NaN,NaN,0.682926829268293,1.28571428571429
addition_stress_instances,Far,3,8203,8903007,add,2,WarmPSO_GlobalRelocate,7,1500,1495,200,0,575,0.2473794,3893.85262856592,3893.85262856592,0,1,4370.21624152093,-0.10900229797078,1,201,NaN,NaN,0.682926829268293,1.28571428571429
addition_stress_instances,Far,3,8203,8903007,add,2,WarmPSO_GlobalRelocate,7,2500,2485,200,0,1025,0.2473794,3856.87811735781,3856.87811735781,0,1,4370.21624152093,-0.117462865861407,1,201,NaN,NaN,0.682926829268293,1.28571428571429
addition_stress_instances,Far,3,8203,8903007,add,2,WarmPSO_ImpactRelocate,7,500,489,200,39,100,0.2517981,3969.8858769577,3969.8858769577,0,1,4370.21624152093,-0.0916042462063401,1,240,1000,0,0.9,1.22222222222222
addition_stress_instances,Far,3,8203,8903007,add,2,WarmPSO_ImpactRelocate,7,1000,984,200,39,325,0.2517981,3969.8858769577,3969.8858769577,0,1,4370.21624152093,-0.0916042462063401,1,240,1000,0,0.9,1.22222222222222
addition_stress_instances,Far,3,8203,8903007,add,2,WarmPSO_ImpactRelocate,7,1500,1479,200,39,550,0.2517981,3904.74445423947,3904.74445423947,0,1,4370.21624152093,-0.106510012676048,1,240,1000,0,0.9,1.22222222222222
addition_stress_instances,Far,3,8203,8903007,add,2,WarmPSO_ImpactRelocate,7,2500,2469,200,39,1000,0.2517981,3808.1243756821,3808.1243756821,0,1,4370.21624152093,-0.128618776457433,1,240,1000,0,0.9,1.22222222222222
addition_stress_instances,Far,3,8203,8903008,add,2,Repair,8,500,38,0,0,0,0.0028529,4137.06127770897,4137.06127770897,0,1,4370.21624152093,-0.0533508986573199,0,NaN,0,0,NaN,NaN
addition_stress_instances,Far,3,8203,8903008,add,2,Repair,8,1000,38,0,0,0,0.0028529,4137.06127770897,4137.06127770897,0,1,4370.21624152093,-0.0533508986573199,0,NaN,0,0,NaN,NaN
addition_stress_instances,Far,3,8203,8903008,add,2,Repair,8,1500,38,0,0,0,0.0028529,4137.06127770897,4137.06127770897,0,1,4370.21624152093,-0.0533508986573199,0,NaN,0,0,NaN,NaN
addition_stress_instances,Far,3,8203,8903008,add,2,Repair,8,2500,38,0,0,0,0.0028529,4137.06127770897,4137.06127770897,0,1,4370.21624152093,-0.0533508986573199,0,NaN,0,0,NaN,NaN
addition_stress_instances,Far,3,8203,8903008,add,2,WarmPSO,8,500,500,200,0,0,0.2109804,4137.06127770897,4137.06127770897,0,1,4370.21624152093,-0.0533508986573199,0,201,NaN,NaN,0,NaN
addition_stress_instances,Far,3,8203,8903008,add,2,WarmPSO,8,1000,980,200,0,0,0.2109804,4137.06127770897,4137.06127770897,0,1,4370.21624152093,-0.0533508986573199,0,201,NaN,NaN,0,NaN
addition_stress_instances,Far,3,8203,8903008,add,2,WarmPSO,8,1500,1490,200,0,0,0.2109804,4137.06127770897,4137.06127770897,0,1,4370.21624152093,-0.0533508986573199,0,201,NaN,NaN,0,NaN
addition_stress_instances,Far,3,8203,8903008,add,2,WarmPSO,8,2500,2480,200,0,0,0.2109804,4137.06127770897,4137.06127770897,0,1,4370.21624152093,-0.0533508986573199,0,201,NaN,NaN,0,NaN
addition_stress_instances,Far,3,8203,8903008,add,2,WarmPSO_GlobalRelocate,8,500,450,200,0,100,0.2485314,4089.64314699445,4089.64314699445,0,1,4370.21624152093,-0.0642011925773337,1,201,NaN,NaN,0.682926829268293,1.14285714285714
addition_stress_instances,Far,3,8203,8903008,add,2,WarmPSO_GlobalRelocate,8,1000,1000,200,0,350,0.2485314,3969.8858769577,3969.8858769577,0,1,4370.21624152093,-0.0916042462063401,1,201,NaN,NaN,0.682926829268293,1.14285714285714
addition_stress_instances,Far,3,8203,8903008,add,2,WarmPSO_GlobalRelocate,8,1500,1495,200,0,575,0.2485314,3969.8858769577,3969.8858769577,0,1,4370.21624152093,-0.0916042462063401,1,201,NaN,NaN,0.682926829268293,1.14285714285714
addition_stress_instances,Far,3,8203,8903008,add,2,WarmPSO_GlobalRelocate,8,2500,2485,200,0,1025,0.2485314,3808.1243756821,3808.1243756821,0,1,4370.21624152093,-0.128618776457433,1,201,NaN,NaN,0.682926829268293,1.14285714285714
addition_stress_instances,Far,3,8203,8903008,add,2,WarmPSO_ImpactRelocate,8,500,489,200,39,100,0.2530436,4137.06127770897,4137.06127770897,0,1,4370.21624152093,-0.0533508986573199,0,240,1000,0,0.3,1
addition_stress_instances,Far,3,8203,8903008,add,2,WarmPSO_ImpactRelocate,8,1000,984,200,39,325,0.2530436,3991.03004244012,3991.03004244012,0,1,4370.21624152093,-0.0867660038142297,1,240,1000,0,0.3,1
addition_stress_instances,Far,3,8203,8903008,add,2,WarmPSO_ImpactRelocate,8,1500,1479,200,39,550,0.2530436,3974.54073645417,3974.54073645417,0,1,4370.21624152093,-0.090539113673023,1,240,1000,0,0.3,1
addition_stress_instances,Far,3,8203,8903008,add,2,WarmPSO_ImpactRelocate,8,2500,2469,200,39,1000,0.2530436,3974.54073645417,3974.54073645417,0,1,4370.21624152093,-0.090539113673023,1,240,1000,0,0.3,1
addition_stress_instances,Far,3,8203,8903009,add,2,Repair,9,500,38,0,0,0,0.0031616,4137.06127770897,4137.06127770897,0,1,4370.21624152093,-0.0533508986573199,0,NaN,0,0,NaN,NaN
addition_stress_instances,Far,3,8203,8903009,add,2,Repair,9,1000,38,0,0,0,0.0031616,4137.06127770897,4137.06127770897,0,1,4370.21624152093,-0.0533508986573199,0,NaN,0,0,NaN,NaN
addition_stress_instances,Far,3,8203,8903009,add,2,Repair,9,1500,38,0,0,0,0.0031616,4137.06127770897,4137.06127770897,0,1,4370.21624152093,-0.0533508986573199,0,NaN,0,0,NaN,NaN
addition_stress_instances,Far,3,8203,8903009,add,2,Repair,9,2500,38,0,0,0,0.0031616,4137.06127770897,4137.06127770897,0,1,4370.21624152093,-0.0533508986573199,0,NaN,0,0,NaN,NaN
addition_stress_instances,Far,3,8203,8903009,add,2,WarmPSO,9,500,500,200,0,0,0.2116908,4137.06127770897,4137.06127770897,0,1,4370.21624152093,-0.0533508986573199,0,201,NaN,NaN,0,NaN
addition_stress_instances,Far,3,8203,8903009,add,2,WarmPSO,9,1000,980,200,0,0,0.2116908,4137.06127770897,4137.06127770897,0,1,4370.21624152093,-0.0533508986573199,0,201,NaN,NaN,0,NaN
addition_stress_instances,Far,3,8203,8903009,add,2,WarmPSO,9,1500,1490,200,0,0,0.2116908,4137.06127770897,4137.06127770897,0,1,4370.21624152093,-0.0533508986573199,0,201,NaN,NaN,0,NaN
addition_stress_instances,Far,3,8203,8903009,add,2,WarmPSO,9,2500,2480,200,0,0,0.2116908,4137.06127770897,4137.06127770897,0,1,4370.21624152093,-0.0533508986573199,0,201,NaN,NaN,0,NaN
addition_stress_instances,Far,3,8203,8903009,add,2,WarmPSO_GlobalRelocate,9,500,450,200,0,100,0.2512237,4137.06127770897,4137.06127770897,0,1,4370.21624152093,-0.0533508986573199,0,201,NaN,NaN,0.585365853658537,1
addition_stress_instances,Far,3,8203,8903009,add,2,WarmPSO_GlobalRelocate,9,1000,1000,200,0,350,0.2512237,4089.64314699445,4089.64314699445,0,1,4370.21624152093,-0.0642011925773337,1,201,NaN,NaN,0.585365853658537,1
addition_stress_instances,Far,3,8203,8903009,add,2,WarmPSO_GlobalRelocate,9,1500,1495,200,0,575,0.2512237,3969.8858769577,3969.8858769577,0,1,4370.21624152093,-0.0916042462063401,1,201,NaN,NaN,0.585365853658537,1
addition_stress_instances,Far,3,8203,8903009,add,2,WarmPSO_GlobalRelocate,9,2500,2485,200,0,1025,0.2512237,3808.1243756821,3808.1243756821,0,1,4370.21624152093,-0.128618776457433,1,201,NaN,NaN,0.585365853658537,1
addition_stress_instances,Far,3,8203,8903009,add,2,WarmPSO_ImpactRelocate,9,500,489,200,39,100,0.2419044,4137.06127770897,4137.06127770897,0,1,4370.21624152093,-0.0533508986573199,0,240,1000,0,0.7,1.14285714285714
addition_stress_instances,Far,3,8203,8903009,add,2,WarmPSO_ImpactRelocate,9,1000,984,200,39,325,0.2419044,3966.39250808924,3966.39250808924,0,1,4370.21624152093,-0.0924036045619439,1,240,1000,0,0.7,1.14285714285714
addition_stress_instances,Far,3,8203,8903009,add,2,WarmPSO_ImpactRelocate,9,1500,1479,200,39,550,0.2419044,3869.77242953188,3869.77242953188,0,1,4370.21624152093,-0.11451236834333,1,240,1000,0,0.7,1.14285714285714
addition_stress_instances,Far,3,8203,8903009,add,2,WarmPSO_ImpactRelocate,9,2500,2469,200,39,1000,0.2419044,3808.1243756821,3808.1243756821,0,1,4370.21624152093,-0.128618776457433,1,240,1000,0,0.7,1.14285714285714
addition_stress_instances,Far,3,8203,8903010,add,2,Repair,10,500,38,0,0,0,0.0027588,4137.06127770897,4137.06127770897,0,1,4370.21624152093,-0.0533508986573199,0,NaN,0,0,NaN,NaN
addition_stress_instances,Far,3,8203,8903010,add,2,Repair,10,1000,38,0,0,0,0.0027588,4137.06127770897,4137.06127770897,0,1,4370.21624152093,-0.0533508986573199,0,NaN,0,0,NaN,NaN
addition_stress_instances,Far,3,8203,8903010,add,2,Repair,10,1500,38,0,0,0,0.0027588,4137.06127770897,4137.06127770897,0,1,4370.21624152093,-0.0533508986573199,0,NaN,0,0,NaN,NaN
addition_stress_instances,Far,3,8203,8903010,add,2,Repair,10,2500,38,0,0,0,0.0027588,4137.06127770897,4137.06127770897,0,1,4370.21624152093,-0.0533508986573199,0,NaN,0,0,NaN,NaN
addition_stress_instances,Far,3,8203,8903010,add,2,WarmPSO,10,500,500,200,0,0,0.2140958,4258.19431527448,4258.19431527448,0,1,4370.21624152093,-0.0256330396610916,0,201,NaN,NaN,0,NaN
addition_stress_instances,Far,3,8203,8903010,add,2,WarmPSO,10,1000,980,200,0,0,0.2140958,4258.19431527448,4258.19431527448,0,1,4370.21624152093,-0.0256330396610916,0,201,NaN,NaN,0,NaN
addition_stress_instances,Far,3,8203,8903010,add,2,WarmPSO,10,1500,1490,200,0,0,0.2140958,4161.57423671712,4161.57423671712,0,1,4370.21624152093,-0.0477418034424772,0,201,NaN,NaN,0,NaN
addition_stress_instances,Far,3,8203,8903010,add,2,WarmPSO,10,2500,2480,200,0,0,0.2140958,4161.57423671712,4161.57423671712,0,1,4370.21624152093,-0.0477418034424772,0,201,NaN,NaN,0,NaN
addition_stress_instances,Far,3,8203,8903010,add,2,WarmPSO_GlobalRelocate,10,500,450,200,0,100,0.2436273,4017.30400767222,4017.30400767222,0,1,4370.21624152093,-0.0807539522863261,1,201,NaN,NaN,0.585365853658537,1.16666666666667
addition_stress_instances,Far,3,8203,8903010,add,2,WarmPSO_GlobalRelocate,10,1000,1000,200,0,350,0.2436273,3969.8858769577,3969.8858769577,0,1,4370.21624152093,-0.0916042462063401,1,201,NaN,NaN,0.585365853658537,1.16666666666667
addition_stress_instances,Far,3,8203,8903010,add,2,WarmPSO_GlobalRelocate,10,1500,1495,200,0,575,0.2436273,3924.59161731968,3924.59161731968,0,1,4370.21624152093,-0.101968552486583,1,201,NaN,NaN,0.585365853658537,1.16666666666667
addition_stress_instances,Far,3,8203,8903010,add,2,WarmPSO_GlobalRelocate,10,2500,2485,200,0,1025,0.2436273,3845.23820302042,3845.23820302042,0,1,4370.21624152093,-0.12012633002293,1,201,NaN,NaN,0.585365853658537,1.16666666666667
addition_stress_instances,Far,3,8203,8903010,add,2,WarmPSO_ImpactRelocate,10,500,489,200,39,100,0.2511555,4203.18911216904,4203.18911216904,0,1,4370.21624152093,-0.0382194198458618,0,240,1000,0,0.5,1.4
addition_stress_instances,Far,3,8203,8903010,add,2,WarmPSO_ImpactRelocate,10,1000,984,200,39,325,0.2511555,4017.30400767222,4017.30400767222,0,1,4370.21624152093,-0.0807539522863261,1,240,1000,0,0.5,1.4
addition_stress_instances,Far,3,8203,8903010,add,2,WarmPSO_ImpactRelocate,10,1500,1479,200,39,550,0.2511555,3972.0097480342,3972.0097480342,0,1,4370.21624152093,-0.0911182585665694,1,240,1000,0,0.5,1.4
addition_stress_instances,Far,3,8203,8903010,add,2,WarmPSO_ImpactRelocate,10,2500,2469,200,39,1000,0.2511555,3845.23820302042,3845.23820302042,0,1,4370.21624152093,-0.12012633002293,1,240,1000,0,0.5,1.4
addition_stress_instances,Far,5,8205,8905001,add,2,Repair,1,500,38,0,0,0,0.0029451,4031.37481224937,4031.37481224937,0,1,5915.30049145706,-0.318483512702097,0,NaN,0,0,NaN,NaN
addition_stress_instances,Far,5,8205,8905001,add,2,Repair,1,1000,38,0,0,0,0.0029451,4031.37481224937,4031.37481224937,0,1,5915.30049145706,-0.318483512702097,0,NaN,0,0,NaN,NaN
addition_stress_instances,Far,5,8205,8905001,add,2,Repair,1,1500,38,0,0,0,0.0029451,4031.37481224937,4031.37481224937,0,1,5915.30049145706,-0.318483512702097,0,NaN,0,0,NaN,NaN
addition_stress_instances,Far,5,8205,8905001,add,2,Repair,1,2500,38,0,0,0,0.0029451,4031.37481224937,4031.37481224937,0,1,5915.30049145706,-0.318483512702097,0,NaN,0,0,NaN,NaN
addition_stress_instances,Far,5,8205,8905001,add,2,WarmPSO,1,500,500,200,0,0,0.2096367,4031.37481224937,4031.37481224937,0,1,5915.30049145706,-0.318483512702097,0,201,NaN,NaN,0,NaN
addition_stress_instances,Far,5,8205,8905001,add,2,WarmPSO,1,1000,980,200,0,0,0.2096367,4031.37481224937,4031.37481224937,0,1,5915.30049145706,-0.318483512702097,0,201,NaN,NaN,0,NaN
addition_stress_instances,Far,5,8205,8905001,add,2,WarmPSO,1,1500,1490,200,0,0,0.2096367,4031.37481224937,4031.37481224937,0,1,5915.30049145706,-0.318483512702097,0,201,NaN,NaN,0,NaN
addition_stress_instances,Far,5,8205,8905001,add,2,WarmPSO,1,2500,2480,200,0,0,0.2096367,4031.37481224937,4031.37481224937,0,1,5915.30049145706,-0.318483512702097,0,201,NaN,NaN,0,NaN
addition_stress_instances,Far,5,8205,8905001,add,2,WarmPSO_GlobalRelocate,1,500,450,200,0,100,0.2444771,4031.37481224937,4031.37481224937,0,1,5915.30049145706,-0.318483512702097,0,201,NaN,NaN,0.292682926829268,1.33333333333333
addition_stress_instances,Far,5,8205,8905001,add,2,WarmPSO_GlobalRelocate,1,1000,1000,200,0,350,0.2444771,3933.08456533004,3933.08456533004,0,1,5915.30049145706,-0.335099785545933,1,201,NaN,NaN,0.292682926829268,1.33333333333333
addition_stress_instances,Far,5,8205,8905001,add,2,WarmPSO_GlobalRelocate,1,1500,1495,200,0,575,0.2444771,3933.08456533004,3933.08456533004,0,1,5915.30049145706,-0.335099785545933,1,201,NaN,NaN,0.292682926829268,1.33333333333333
addition_stress_instances,Far,5,8205,8905001,add,2,WarmPSO_GlobalRelocate,1,2500,2485,200,0,1025,0.2444771,3932.96063136525,3932.96063136525,0,1,5915.30049145706,-0.335120736969276,1,201,NaN,NaN,0.292682926829268,1.33333333333333
addition_stress_instances,Far,5,8205,8905001,add,2,WarmPSO_ImpactRelocate,1,500,489,200,39,100,0.242926,3933.08456533004,3933.08456533004,0,1,5915.30049145706,-0.335099785545933,1,240,861,139,0.3,1.33333333333333
addition_stress_instances,Far,5,8205,8905001,add,2,WarmPSO_ImpactRelocate,1,1000,984,200,39,325,0.242926,3933.08456533004,3933.08456533004,0,1,5915.30049145706,-0.335099785545933,1,240,861,139,0.3,1.33333333333333
addition_stress_instances,Far,5,8205,8905001,add,2,WarmPSO_ImpactRelocate,1,1500,1479,200,39,550,0.242926,3933.08456533004,3933.08456533004,0,1,5915.30049145706,-0.335099785545933,1,240,861,139,0.3,1.33333333333333
addition_stress_instances,Far,5,8205,8905001,add,2,WarmPSO_ImpactRelocate,1,2500,2469,200,39,1000,0.242926,3932.96063136525,3932.96063136525,0,1,5915.30049145706,-0.335120736969276,1,240,861,139,0.3,1.33333333333333
addition_stress_instances,Far,5,8205,8905002,add,2,Repair,2,500,38,0,0,0,0.0030336,4031.37481224937,4031.37481224937,0,1,5915.30049145706,-0.318483512702097,0,NaN,0,0,NaN,NaN
addition_stress_instances,Far,5,8205,8905002,add,2,Repair,2,1000,38,0,0,0,0.0030336,4031.37481224937,4031.37481224937,0,1,5915.30049145706,-0.318483512702097,0,NaN,0,0,NaN,NaN
addition_stress_instances,Far,5,8205,8905002,add,2,Repair,2,1500,38,0,0,0,0.0030336,4031.37481224937,4031.37481224937,0,1,5915.30049145706,-0.318483512702097,0,NaN,0,0,NaN,NaN
addition_stress_instances,Far,5,8205,8905002,add,2,Repair,2,2500,38,0,0,0,0.0030336,4031.37481224937,4031.37481224937,0,1,5915.30049145706,-0.318483512702097,0,NaN,0,0,NaN,NaN
addition_stress_instances,Far,5,8205,8905002,add,2,WarmPSO,2,500,500,200,0,0,0.2200931,4074.56022319456,4074.56022319456,0,1,5915.30049145706,-0.311182884271208,0,201,NaN,NaN,0,NaN
addition_stress_instances,Far,5,8205,8905002,add,2,WarmPSO,2,1000,980,200,0,0,0.2200931,4031.37481224937,4031.37481224937,0,1,5915.30049145706,-0.318483512702097,0,201,NaN,NaN,0,NaN
addition_stress_instances,Far,5,8205,8905002,add,2,WarmPSO,2,1500,1490,200,0,0,0.2200931,4031.37481224937,4031.37481224937,0,1,5915.30049145706,-0.318483512702097,0,201,NaN,NaN,0,NaN
addition_stress_instances,Far,5,8205,8905002,add,2,WarmPSO,2,2500,2480,200,0,0,0.2200931,4031.37481224937,4031.37481224937,0,1,5915.30049145706,-0.318483512702097,0,201,NaN,NaN,0,NaN
addition_stress_instances,Far,5,8205,8905002,add,2,WarmPSO_GlobalRelocate,2,500,450,200,0,100,0.2456471,4031.25087828458,4031.25087828458,0,1,5915.30049145706,-0.31850446412544,1,201,NaN,NaN,0.195121951219512,1
addition_stress_instances,Far,5,8205,8905002,add,2,WarmPSO_GlobalRelocate,2,1000,1000,200,0,350,0.2456471,4031.25087828458,4031.25087828458,0,1,5915.30049145706,-0.31850446412544,1,201,NaN,NaN,0.195121951219512,1
addition_stress_instances,Far,5,8205,8905002,add,2,WarmPSO_GlobalRelocate,2,1500,1495,200,0,575,0.2456471,4031.25087828458,4031.25087828458,0,1,5915.30049145706,-0.31850446412544,1,201,NaN,NaN,0.195121951219512,1
addition_stress_instances,Far,5,8205,8905002,add,2,WarmPSO_GlobalRelocate,2,2500,2485,200,0,1025,0.2456471,3932.96063136525,3932.96063136525,0,1,5915.30049145706,-0.335120736969276,1,201,NaN,NaN,0.195121951219512,1
addition_stress_instances,Far,5,8205,8905002,add,2,WarmPSO_ImpactRelocate,2,500,489,200,39,100,0.2612658,4031.37481224937,4031.37481224937,0,1,5915.30049145706,-0.318483512702097,0,240,775,225,0.3,1.33333333333333
addition_stress_instances,Far,5,8205,8905002,add,2,WarmPSO_ImpactRelocate,2,1000,984,200,39,325,0.2612658,3933.08456533004,3933.08456533004,0,1,5915.30049145706,-0.335099785545933,1,240,775,225,0.3,1.33333333333333
addition_stress_instances,Far,5,8205,8905002,add,2,WarmPSO_ImpactRelocate,2,1500,1479,200,39,550,0.2612658,3933.08456533004,3933.08456533004,0,1,5915.30049145706,-0.335099785545933,1,240,775,225,0.3,1.33333333333333
addition_stress_instances,Far,5,8205,8905002,add,2,WarmPSO_ImpactRelocate,2,2500,2469,200,39,1000,0.2612658,3932.96063136525,3932.96063136525,0,1,5915.30049145706,-0.335120736969276,1,240,775,225,0.3,1.33333333333333
addition_stress_instances,Far,5,8205,8905003,add,2,Repair,3,500,38,0,0,0,0.0029303,4031.37481224937,4031.37481224937,0,1,5915.30049145706,-0.318483512702097,0,NaN,0,0,NaN,NaN
addition_stress_instances,Far,5,8205,8905003,add,2,Repair,3,1000,38,0,0,0,0.0029303,4031.37481224937,4031.37481224937,0,1,5915.30049145706,-0.318483512702097,0,NaN,0,0,NaN,NaN
addition_stress_instances,Far,5,8205,8905003,add,2,Repair,3,1500,38,0,0,0,0.0029303,4031.37481224937,4031.37481224937,0,1,5915.30049145706,-0.318483512702097,0,NaN,0,0,NaN,NaN
addition_stress_instances,Far,5,8205,8905003,add,2,Repair,3,2500,38,0,0,0,0.0029303,4031.37481224937,4031.37481224937,0,1,5915.30049145706,-0.318483512702097,0,NaN,0,0,NaN,NaN
addition_stress_instances,Far,5,8205,8905003,add,2,WarmPSO,3,500,500,200,0,0,0.2110864,4031.37481224937,4031.37481224937,0,1,5915.30049145706,-0.318483512702097,0,201,NaN,NaN,0,NaN
addition_stress_instances,Far,5,8205,8905003,add,2,WarmPSO,3,1000,980,200,0,0,0.2110864,4031.37481224937,4031.37481224937,0,1,5915.30049145706,-0.318483512702097,0,201,NaN,NaN,0,NaN
addition_stress_instances,Far,5,8205,8905003,add,2,WarmPSO,3,1500,1490,200,0,0,0.2110864,4031.37481224937,4031.37481224937,0,1,5915.30049145706,-0.318483512702097,0,201,NaN,NaN,0,NaN
addition_stress_instances,Far,5,8205,8905003,add,2,WarmPSO,3,2500,2480,200,0,0,0.2110864,4031.37481224937,4031.37481224937,0,1,5915.30049145706,-0.318483512702097,0,201,NaN,NaN,0,NaN
addition_stress_instances,Far,5,8205,8905003,add,2,WarmPSO_GlobalRelocate,3,500,450,200,0,100,0.2508074,4031.37481224937,4031.37481224937,0,1,5915.30049145706,-0.318483512702097,0,201,NaN,NaN,0.195121951219512,1.5
addition_stress_instances,Far,5,8205,8905003,add,2,WarmPSO_GlobalRelocate,3,1000,1000,200,0,350,0.2508074,3932.96063136525,3932.96063136525,0,1,5915.30049145706,-0.335120736969276,1,201,NaN,NaN,0.195121951219512,1.5
addition_stress_instances,Far,5,8205,8905003,add,2,WarmPSO_GlobalRelocate,3,1500,1495,200,0,575,0.2508074,3932.96063136525,3932.96063136525,0,1,5915.30049145706,-0.335120736969276,1,201,NaN,NaN,0.195121951219512,1.5
addition_stress_instances,Far,5,8205,8905003,add,2,WarmPSO_GlobalRelocate,3,2500,2485,200,0,1025,0.2508074,3932.96063136525,3932.96063136525,0,1,5915.30049145706,-0.335120736969276,1,201,NaN,NaN,0.195121951219512,1.5
addition_stress_instances,Far,5,8205,8905003,add,2,WarmPSO_ImpactRelocate,3,500,489,200,39,100,0.2460987,3933.08456533004,3933.08456533004,0,1,5915.30049145706,-0.335099785545933,1,240,782,218,0.2,1
addition_stress_instances,Far,5,8205,8905003,add,2,WarmPSO_ImpactRelocate,3,1000,984,200,39,325,0.2460987,3932.96063136525,3932.96063136525,0,1,5915.30049145706,-0.335120736969276,1,240,782,218,0.2,1
addition_stress_instances,Far,5,8205,8905003,add,2,WarmPSO_ImpactRelocate,3,1500,1479,200,39,550,0.2460987,3932.96063136525,3932.96063136525,0,1,5915.30049145706,-0.335120736969276,1,240,782,218,0.2,1
addition_stress_instances,Far,5,8205,8905003,add,2,WarmPSO_ImpactRelocate,3,2500,2469,200,39,1000,0.2460987,3932.96063136525,3932.96063136525,0,1,5915.30049145706,-0.335120736969276,1,240,782,218,0.2,1
addition_stress_instances,Far,5,8205,8905004,add,2,Repair,4,500,38,0,0,0,0.0032531,4031.37481224937,4031.37481224937,0,1,5915.30049145706,-0.318483512702097,0,NaN,0,0,NaN,NaN
addition_stress_instances,Far,5,8205,8905004,add,2,Repair,4,1000,38,0,0,0,0.0032531,4031.37481224937,4031.37481224937,0,1,5915.30049145706,-0.318483512702097,0,NaN,0,0,NaN,NaN
addition_stress_instances,Far,5,8205,8905004,add,2,Repair,4,1500,38,0,0,0,0.0032531,4031.37481224937,4031.37481224937,0,1,5915.30049145706,-0.318483512702097,0,NaN,0,0,NaN,NaN
addition_stress_instances,Far,5,8205,8905004,add,2,Repair,4,2500,38,0,0,0,0.0032531,4031.37481224937,4031.37481224937,0,1,5915.30049145706,-0.318483512702097,0,NaN,0,0,NaN,NaN
addition_stress_instances,Far,5,8205,8905004,add,2,WarmPSO,4,500,500,200,0,0,0.2113585,4031.37481224937,4031.37481224937,0,1,5915.30049145706,-0.318483512702097,0,201,NaN,NaN,0,NaN
addition_stress_instances,Far,5,8205,8905004,add,2,WarmPSO,4,1000,980,200,0,0,0.2113585,4031.37481224937,4031.37481224937,0,1,5915.30049145706,-0.318483512702097,0,201,NaN,NaN,0,NaN
addition_stress_instances,Far,5,8205,8905004,add,2,WarmPSO,4,1500,1490,200,0,0,0.2113585,4031.37481224937,4031.37481224937,0,1,5915.30049145706,-0.318483512702097,0,201,NaN,NaN,0,NaN
addition_stress_instances,Far,5,8205,8905004,add,2,WarmPSO,4,2500,2480,200,0,0,0.2113585,4031.37481224937,4031.37481224937,0,1,5915.30049145706,-0.318483512702097,0,201,NaN,NaN,0,NaN
addition_stress_instances,Far,5,8205,8905004,add,2,WarmPSO_GlobalRelocate,4,500,450,200,0,100,0.2463529,3932.96063136525,3932.96063136525,0,1,5915.30049145706,-0.335120736969276,1,201,NaN,NaN,0.195121951219512,1.5
addition_stress_instances,Far,5,8205,8905004,add,2,WarmPSO_GlobalRelocate,4,1000,1000,200,0,350,0.2463529,3932.96063136525,3932.96063136525,0,1,5915.30049145706,-0.335120736969276,1,201,NaN,NaN,0.195121951219512,1.5
addition_stress_instances,Far,5,8205,8905004,add,2,WarmPSO_GlobalRelocate,4,1500,1495,200,0,575,0.2463529,3932.96063136525,3932.96063136525,0,1,5915.30049145706,-0.335120736969276,1,201,NaN,NaN,0.195121951219512,1.5
addition_stress_instances,Far,5,8205,8905004,add,2,WarmPSO_GlobalRelocate,4,2500,2485,200,0,1025,0.2463529,3932.96063136525,3932.96063136525,0,1,5915.30049145706,-0.335120736969276,1,201,NaN,NaN,0.195121951219512,1.5
addition_stress_instances,Far,5,8205,8905004,add,2,WarmPSO_ImpactRelocate,4,500,489,200,39,100,0.2486068,3933.08456533004,3933.08456533004,0,1,5915.30049145706,-0.335099785545933,1,240,754,246,0.1,1
addition_stress_instances,Far,5,8205,8905004,add,2,WarmPSO_ImpactRelocate,4,1000,984,200,39,325,0.2486068,3933.08456533004,3933.08456533004,0,1,5915.30049145706,-0.335099785545933,1,240,754,246,0.1,1
addition_stress_instances,Far,5,8205,8905004,add,2,WarmPSO_ImpactRelocate,4,1500,1479,200,39,550,0.2486068,3933.08456533004,3933.08456533004,0,1,5915.30049145706,-0.335099785545933,1,240,754,246,0.1,1
addition_stress_instances,Far,5,8205,8905004,add,2,WarmPSO_ImpactRelocate,4,2500,2469,200,39,1000,0.2486068,3933.08456533004,3933.08456533004,0,1,5915.30049145706,-0.335099785545933,1,240,754,246,0.1,1
addition_stress_instances,Far,5,8205,8905005,add,2,Repair,5,500,38,0,0,0,0.0031916,4031.37481224937,4031.37481224937,0,1,5915.30049145706,-0.318483512702097,0,NaN,0,0,NaN,NaN
addition_stress_instances,Far,5,8205,8905005,add,2,Repair,5,1000,38,0,0,0,0.0031916,4031.37481224937,4031.37481224937,0,1,5915.30049145706,-0.318483512702097,0,NaN,0,0,NaN,NaN
addition_stress_instances,Far,5,8205,8905005,add,2,Repair,5,1500,38,0,0,0,0.0031916,4031.37481224937,4031.37481224937,0,1,5915.30049145706,-0.318483512702097,0,NaN,0,0,NaN,NaN
addition_stress_instances,Far,5,8205,8905005,add,2,Repair,5,2500,38,0,0,0,0.0031916,4031.37481224937,4031.37481224937,0,1,5915.30049145706,-0.318483512702097,0,NaN,0,0,NaN,NaN
addition_stress_instances,Far,5,8205,8905005,add,2,WarmPSO,5,500,500,200,0,0,0.2180002,4031.37481224937,4031.37481224937,0,1,5915.30049145706,-0.318483512702097,0,201,NaN,NaN,0,NaN
addition_stress_instances,Far,5,8205,8905005,add,2,WarmPSO,5,1000,980,200,0,0,0.2180002,4031.37481224937,4031.37481224937,0,1,5915.30049145706,-0.318483512702097,0,201,NaN,NaN,0,NaN
addition_stress_instances,Far,5,8205,8905005,add,2,WarmPSO,5,1500,1490,200,0,0,0.2180002,4031.37481224937,4031.37481224937,0,1,5915.30049145706,-0.318483512702097,0,201,NaN,NaN,0,NaN
addition_stress_instances,Far,5,8205,8905005,add,2,WarmPSO,5,2500,2480,200,0,0,0.2180002,4031.37481224937,4031.37481224937,0,1,5915.30049145706,-0.318483512702097,0,201,NaN,NaN,0,NaN
addition_stress_instances,Far,5,8205,8905005,add,2,WarmPSO_GlobalRelocate,5,500,450,200,0,100,0.2413158,3933.08456533004,3933.08456533004,0,1,5915.30049145706,-0.335099785545933,1,201,NaN,NaN,0.195121951219512,1.5
addition_stress_instances,Far,5,8205,8905005,add,2,WarmPSO_GlobalRelocate,5,1000,1000,200,0,350,0.2413158,3933.08456533004,3933.08456533004,0,1,5915.30049145706,-0.335099785545933,1,201,NaN,NaN,0.195121951219512,1.5
addition_stress_instances,Far,5,8205,8905005,add,2,WarmPSO_GlobalRelocate,5,1500,1495,200,0,575,0.2413158,3933.08456533004,3933.08456533004,0,1,5915.30049145706,-0.335099785545933,1,201,NaN,NaN,0.195121951219512,1.5
addition_stress_instances,Far,5,8205,8905005,add,2,WarmPSO_GlobalRelocate,5,2500,2485,200,0,1025,0.2413158,3932.96063136525,3932.96063136525,0,1,5915.30049145706,-0.335120736969276,1,201,NaN,NaN,0.195121951219512,1.5
addition_stress_instances,Far,5,8205,8905005,add,2,WarmPSO_ImpactRelocate,5,500,489,200,39,100,0.2434739,3933.08456533004,3933.08456533004,0,1,5915.30049145706,-0.335099785545933,1,240,812,188,0.2,1
addition_stress_instances,Far,5,8205,8905005,add,2,WarmPSO_ImpactRelocate,5,1000,984,200,39,325,0.2434739,3932.96063136525,3932.96063136525,0,1,5915.30049145706,-0.335120736969276,1,240,812,188,0.2,1
addition_stress_instances,Far,5,8205,8905005,add,2,WarmPSO_ImpactRelocate,5,1500,1479,200,39,550,0.2434739,3932.96063136525,3932.96063136525,0,1,5915.30049145706,-0.335120736969276,1,240,812,188,0.2,1
addition_stress_instances,Far,5,8205,8905005,add,2,WarmPSO_ImpactRelocate,5,2500,2469,200,39,1000,0.2434739,3932.96063136525,3932.96063136525,0,1,5915.30049145706,-0.335120736969276,1,240,812,188,0.2,1
addition_stress_instances,Far,5,8205,8905006,add,2,Repair,6,500,38,0,0,0,0.0029105,4031.37481224937,4031.37481224937,0,1,5915.30049145706,-0.318483512702097,0,NaN,0,0,NaN,NaN
addition_stress_instances,Far,5,8205,8905006,add,2,Repair,6,1000,38,0,0,0,0.0029105,4031.37481224937,4031.37481224937,0,1,5915.30049145706,-0.318483512702097,0,NaN,0,0,NaN,NaN
addition_stress_instances,Far,5,8205,8905006,add,2,Repair,6,1500,38,0,0,0,0.0029105,4031.37481224937,4031.37481224937,0,1,5915.30049145706,-0.318483512702097,0,NaN,0,0,NaN,NaN
addition_stress_instances,Far,5,8205,8905006,add,2,Repair,6,2500,38,0,0,0,0.0029105,4031.37481224937,4031.37481224937,0,1,5915.30049145706,-0.318483512702097,0,NaN,0,0,NaN,NaN
addition_stress_instances,Far,5,8205,8905006,add,2,WarmPSO,6,500,500,200,0,0,0.2128201,4031.37481224937,4031.37481224937,0,1,5915.30049145706,-0.318483512702097,0,201,NaN,NaN,0,NaN
addition_stress_instances,Far,5,8205,8905006,add,2,WarmPSO,6,1000,980,200,0,0,0.2128201,4031.37481224937,4031.37481224937,0,1,5915.30049145706,-0.318483512702097,0,201,NaN,NaN,0,NaN
addition_stress_instances,Far,5,8205,8905006,add,2,WarmPSO,6,1500,1490,200,0,0,0.2128201,4031.37481224937,4031.37481224937,0,1,5915.30049145706,-0.318483512702097,0,201,NaN,NaN,0,NaN
addition_stress_instances,Far,5,8205,8905006,add,2,WarmPSO,6,2500,2480,200,0,0,0.2128201,4031.37481224937,4031.37481224937,0,1,5915.30049145706,-0.318483512702097,0,201,NaN,NaN,0,NaN
addition_stress_instances,Far,5,8205,8905006,add,2,WarmPSO_GlobalRelocate,6,500,450,200,0,100,0.2504712,4031.37481224937,4031.37481224937,0,1,5915.30049145706,-0.318483512702097,0,201,NaN,NaN,0.195121951219512,1
addition_stress_instances,Far,5,8205,8905006,add,2,WarmPSO_GlobalRelocate,6,1000,1000,200,0,350,0.2504712,4031.25087828458,4031.25087828458,0,1,5915.30049145706,-0.31850446412544,1,201,NaN,NaN,0.195121951219512,1
addition_stress_instances,Far,5,8205,8905006,add,2,WarmPSO_GlobalRelocate,6,1500,1495,200,0,575,0.2504712,3932.96063136525,3932.96063136525,0,1,5915.30049145706,-0.335120736969276,1,201,NaN,NaN,0.195121951219512,1
addition_stress_instances,Far,5,8205,8905006,add,2,WarmPSO_GlobalRelocate,6,2500,2485,200,0,1025,0.2504712,3932.96063136525,3932.96063136525,0,1,5915.30049145706,-0.335120736969276,1,201,NaN,NaN,0.195121951219512,1
addition_stress_instances,Far,5,8205,8905006,add,2,WarmPSO_ImpactRelocate,6,500,489,200,39,100,0.2476031,3932.96063136525,3932.96063136525,0,1,5915.30049145706,-0.335120736969276,1,240,783,217,0.2,1
addition_stress_instances,Far,5,8205,8905006,add,2,WarmPSO_ImpactRelocate,6,1000,984,200,39,325,0.2476031,3932.96063136525,3932.96063136525,0,1,5915.30049145706,-0.335120736969276,1,240,783,217,0.2,1
addition_stress_instances,Far,5,8205,8905006,add,2,WarmPSO_ImpactRelocate,6,1500,1479,200,39,550,0.2476031,3932.96063136525,3932.96063136525,0,1,5915.30049145706,-0.335120736969276,1,240,783,217,0.2,1
addition_stress_instances,Far,5,8205,8905006,add,2,WarmPSO_ImpactRelocate,6,2500,2469,200,39,1000,0.2476031,3932.96063136525,3932.96063136525,0,1,5915.30049145706,-0.335120736969276,1,240,783,217,0.2,1
addition_stress_instances,Far,5,8205,8905007,add,2,Repair,7,500,38,0,0,0,0.0028318,4031.37481224937,4031.37481224937,0,1,5915.30049145706,-0.318483512702097,0,NaN,0,0,NaN,NaN
addition_stress_instances,Far,5,8205,8905007,add,2,Repair,7,1000,38,0,0,0,0.0028318,4031.37481224937,4031.37481224937,0,1,5915.30049145706,-0.318483512702097,0,NaN,0,0,NaN,NaN
addition_stress_instances,Far,5,8205,8905007,add,2,Repair,7,1500,38,0,0,0,0.0028318,4031.37481224937,4031.37481224937,0,1,5915.30049145706,-0.318483512702097,0,NaN,0,0,NaN,NaN
addition_stress_instances,Far,5,8205,8905007,add,2,Repair,7,2500,38,0,0,0,0.0028318,4031.37481224937,4031.37481224937,0,1,5915.30049145706,-0.318483512702097,0,NaN,0,0,NaN,NaN
addition_stress_instances,Far,5,8205,8905007,add,2,WarmPSO,7,500,500,200,0,0,0.2121431,4031.37481224937,4031.37481224937,0,1,5915.30049145706,-0.318483512702097,0,201,NaN,NaN,0,NaN
addition_stress_instances,Far,5,8205,8905007,add,2,WarmPSO,7,1000,980,200,0,0,0.2121431,4031.37481224937,4031.37481224937,0,1,5915.30049145706,-0.318483512702097,0,201,NaN,NaN,0,NaN
addition_stress_instances,Far,5,8205,8905007,add,2,WarmPSO,7,1500,1490,200,0,0,0.2121431,4031.37481224937,4031.37481224937,0,1,5915.30049145706,-0.318483512702097,0,201,NaN,NaN,0,NaN
addition_stress_instances,Far,5,8205,8905007,add,2,WarmPSO,7,2500,2480,200,0,0,0.2121431,4031.37481224937,4031.37481224937,0,1,5915.30049145706,-0.318483512702097,0,201,NaN,NaN,0,NaN
addition_stress_instances,Far,5,8205,8905007,add,2,WarmPSO_GlobalRelocate,7,500,450,200,0,100,0.2477643,4031.37481224937,4031.37481224937,0,1,5915.30049145706,-0.318483512702097,0,201,NaN,NaN,0.195121951219512,1.5
addition_stress_instances,Far,5,8205,8905007,add,2,WarmPSO_GlobalRelocate,7,1000,1000,200,0,350,0.2477643,3933.08456533004,3933.08456533004,0,1,5915.30049145706,-0.335099785545933,1,201,NaN,NaN,0.195121951219512,1.5
addition_stress_instances,Far,5,8205,8905007,add,2,WarmPSO_GlobalRelocate,7,1500,1495,200,0,575,0.2477643,3933.08456533004,3933.08456533004,0,1,5915.30049145706,-0.335099785545933,1,201,NaN,NaN,0.195121951219512,1.5
addition_stress_instances,Far,5,8205,8905007,add,2,WarmPSO_GlobalRelocate,7,2500,2485,200,0,1025,0.2477643,3932.96063136525,3932.96063136525,0,1,5915.30049145706,-0.335120736969276,1,201,NaN,NaN,0.195121951219512,1.5
addition_stress_instances,Far,5,8205,8905007,add,2,WarmPSO_ImpactRelocate,7,500,489,200,39,100,0.2458819,3933.08456533004,3933.08456533004,0,1,5915.30049145706,-0.335099785545933,1,240,754,246,0.3,1
addition_stress_instances,Far,5,8205,8905007,add,2,WarmPSO_ImpactRelocate,7,1000,984,200,39,325,0.2458819,3933.08456533004,3933.08456533004,0,1,5915.30049145706,-0.335099785545933,1,240,754,246,0.3,1
addition_stress_instances,Far,5,8205,8905007,add,2,WarmPSO_ImpactRelocate,7,1500,1479,200,39,550,0.2458819,3932.96063136525,3932.96063136525,0,1,5915.30049145706,-0.335120736969276,1,240,754,246,0.3,1
addition_stress_instances,Far,5,8205,8905007,add,2,WarmPSO_ImpactRelocate,7,2500,2469,200,39,1000,0.2458819,3932.96063136525,3932.96063136525,0,1,5915.30049145706,-0.335120736969276,1,240,754,246,0.3,1
addition_stress_instances,Far,5,8205,8905008,add,2,Repair,8,500,38,0,0,0,0.0029385,4031.37481224937,4031.37481224937,0,1,5915.30049145706,-0.318483512702097,0,NaN,0,0,NaN,NaN
addition_stress_instances,Far,5,8205,8905008,add,2,Repair,8,1000,38,0,0,0,0.0029385,4031.37481224937,4031.37481224937,0,1,5915.30049145706,-0.318483512702097,0,NaN,0,0,NaN,NaN
addition_stress_instances,Far,5,8205,8905008,add,2,Repair,8,1500,38,0,0,0,0.0029385,4031.37481224937,4031.37481224937,0,1,5915.30049145706,-0.318483512702097,0,NaN,0,0,NaN,NaN
addition_stress_instances,Far,5,8205,8905008,add,2,Repair,8,2500,38,0,0,0,0.0029385,4031.37481224937,4031.37481224937,0,1,5915.30049145706,-0.318483512702097,0,NaN,0,0,NaN,NaN
addition_stress_instances,Far,5,8205,8905008,add,2,WarmPSO,8,500,500,200,0,0,0.2102219,4031.37481224937,4031.37481224937,0,1,5915.30049145706,-0.318483512702097,0,201,NaN,NaN,0,NaN
addition_stress_instances,Far,5,8205,8905008,add,2,WarmPSO,8,1000,980,200,0,0,0.2102219,4031.37481224937,4031.37481224937,0,1,5915.30049145706,-0.318483512702097,0,201,NaN,NaN,0,NaN
addition_stress_instances,Far,5,8205,8905008,add,2,WarmPSO,8,1500,1490,200,0,0,0.2102219,4031.37481224937,4031.37481224937,0,1,5915.30049145706,-0.318483512702097,0,201,NaN,NaN,0,NaN
addition_stress_instances,Far,5,8205,8905008,add,2,WarmPSO,8,2500,2480,200,0,0,0.2102219,4031.37481224937,4031.37481224937,0,1,5915.30049145706,-0.318483512702097,0,201,NaN,NaN,0,NaN
addition_stress_instances,Far,5,8205,8905008,add,2,WarmPSO_GlobalRelocate,8,500,450,200,0,100,0.243354,3933.08456533004,3933.08456533004,0,1,5915.30049145706,-0.335099785545933,1,201,NaN,NaN,0.0975609756097561,1
addition_stress_instances,Far,5,8205,8905008,add,2,WarmPSO_GlobalRelocate,8,1000,1000,200,0,350,0.243354,3933.08456533004,3933.08456533004,0,1,5915.30049145706,-0.335099785545933,1,201,NaN,NaN,0.0975609756097561,1
addition_stress_instances,Far,5,8205,8905008,add,2,WarmPSO_GlobalRelocate,8,1500,1495,200,0,575,0.243354,3933.08456533004,3933.08456533004,0,1,5915.30049145706,-0.335099785545933,1,201,NaN,NaN,0.0975609756097561,1
addition_stress_instances,Far,5,8205,8905008,add,2,WarmPSO_GlobalRelocate,8,2500,2485,200,0,1025,0.243354,3933.08456533004,3933.08456533004,0,1,5915.30049145706,-0.335099785545933,1,201,NaN,NaN,0.0975609756097561,1
addition_stress_instances,Far,5,8205,8905008,add,2,WarmPSO_ImpactRelocate,8,500,489,200,39,100,0.2367292,4031.37481224937,4031.37481224937,0,1,5915.30049145706,-0.318483512702097,0,240,793,207,0.2,1.5
addition_stress_instances,Far,5,8205,8905008,add,2,WarmPSO_ImpactRelocate,8,1000,984,200,39,325,0.2367292,4031.25087828458,4031.25087828458,0,1,5915.30049145706,-0.31850446412544,1,240,793,207,0.2,1.5
addition_stress_instances,Far,5,8205,8905008,add,2,WarmPSO_ImpactRelocate,8,1500,1479,200,39,550,0.2367292,3932.96063136525,3932.96063136525,0,1,5915.30049145706,-0.335120736969276,1,240,793,207,0.2,1.5
addition_stress_instances,Far,5,8205,8905008,add,2,WarmPSO_ImpactRelocate,8,2500,2469,200,39,1000,0.2367292,3932.96063136525,3932.96063136525,0,1,5915.30049145706,-0.335120736969276,1,240,793,207,0.2,1.5
addition_stress_instances,Far,5,8205,8905009,add,2,Repair,9,500,38,0,0,0,0.0030383,4031.37481224937,4031.37481224937,0,1,5915.30049145706,-0.318483512702097,0,NaN,0,0,NaN,NaN
addition_stress_instances,Far,5,8205,8905009,add,2,Repair,9,1000,38,0,0,0,0.0030383,4031.37481224937,4031.37481224937,0,1,5915.30049145706,-0.318483512702097,0,NaN,0,0,NaN,NaN
addition_stress_instances,Far,5,8205,8905009,add,2,Repair,9,1500,38,0,0,0,0.0030383,4031.37481224937,4031.37481224937,0,1,5915.30049145706,-0.318483512702097,0,NaN,0,0,NaN,NaN
addition_stress_instances,Far,5,8205,8905009,add,2,Repair,9,2500,38,0,0,0,0.0030383,4031.37481224937,4031.37481224937,0,1,5915.30049145706,-0.318483512702097,0,NaN,0,0,NaN,NaN
addition_stress_instances,Far,5,8205,8905009,add,2,WarmPSO,9,500,500,200,0,0,0.2108431,4031.37481224937,4031.37481224937,0,1,5915.30049145706,-0.318483512702097,0,201,NaN,NaN,0,NaN
addition_stress_instances,Far,5,8205,8905009,add,2,WarmPSO,9,1000,980,200,0,0,0.2108431,4031.37481224937,4031.37481224937,0,1,5915.30049145706,-0.318483512702097,0,201,NaN,NaN,0,NaN
addition_stress_instances,Far,5,8205,8905009,add,2,WarmPSO,9,1500,1490,200,0,0,0.2108431,4031.37481224937,4031.37481224937,0,1,5915.30049145706,-0.318483512702097,0,201,NaN,NaN,0,NaN
addition_stress_instances,Far,5,8205,8905009,add,2,WarmPSO,9,2500,2480,200,0,0,0.2108431,4031.37481224937,4031.37481224937,0,1,5915.30049145706,-0.318483512702097,0,201,NaN,NaN,0,NaN
addition_stress_instances,Far,5,8205,8905009,add,2,WarmPSO_GlobalRelocate,9,500,450,200,0,100,0.2456303,4031.37481224937,4031.37481224937,0,1,5915.30049145706,-0.318483512702097,0,201,NaN,NaN,0.195121951219512,1
addition_stress_instances,Far,5,8205,8905009,add,2,WarmPSO_GlobalRelocate,9,1000,1000,200,0,350,0.2456303,3932.96063136525,3932.96063136525,0,1,5915.30049145706,-0.335120736969276,1,201,NaN,NaN,0.195121951219512,1
addition_stress_instances,Far,5,8205,8905009,add,2,WarmPSO_GlobalRelocate,9,1500,1495,200,0,575,0.2456303,3932.96063136525,3932.96063136525,0,1,5915.30049145706,-0.335120736969276,1,201,NaN,NaN,0.195121951219512,1
addition_stress_instances,Far,5,8205,8905009,add,2,WarmPSO_GlobalRelocate,9,2500,2485,200,0,1025,0.2456303,3932.96063136525,3932.96063136525,0,1,5915.30049145706,-0.335120736969276,1,201,NaN,NaN,0.195121951219512,1
addition_stress_instances,Far,5,8205,8905009,add,2,WarmPSO_ImpactRelocate,9,500,489,200,39,100,0.2663447,4031.37481224937,4031.37481224937,0,1,5915.30049145706,-0.318483512702097,0,240,778,222,0.3,1
addition_stress_instances,Far,5,8205,8905009,add,2,WarmPSO_ImpactRelocate,9,1000,984,200,39,325,0.2663447,3933.08456533004,3933.08456533004,0,1,5915.30049145706,-0.335099785545933,1,240,778,222,0.3,1
addition_stress_instances,Far,5,8205,8905009,add,2,WarmPSO_ImpactRelocate,9,1500,1479,200,39,550,0.2663447,3932.96063136525,3932.96063136525,0,1,5915.30049145706,-0.335120736969276,1,240,778,222,0.3,1
addition_stress_instances,Far,5,8205,8905009,add,2,WarmPSO_ImpactRelocate,9,2500,2469,200,39,1000,0.2663447,3932.96063136525,3932.96063136525,0,1,5915.30049145706,-0.335120736969276,1,240,778,222,0.3,1
addition_stress_instances,Far,5,8205,8905010,add,2,Repair,10,500,38,0,0,0,0.0030619,4031.37481224937,4031.37481224937,0,1,5915.30049145706,-0.318483512702097,0,NaN,0,0,NaN,NaN
addition_stress_instances,Far,5,8205,8905010,add,2,Repair,10,1000,38,0,0,0,0.0030619,4031.37481224937,4031.37481224937,0,1,5915.30049145706,-0.318483512702097,0,NaN,0,0,NaN,NaN
addition_stress_instances,Far,5,8205,8905010,add,2,Repair,10,1500,38,0,0,0,0.0030619,4031.37481224937,4031.37481224937,0,1,5915.30049145706,-0.318483512702097,0,NaN,0,0,NaN,NaN
addition_stress_instances,Far,5,8205,8905010,add,2,Repair,10,2500,38,0,0,0,0.0030619,4031.37481224937,4031.37481224937,0,1,5915.30049145706,-0.318483512702097,0,NaN,0,0,NaN,NaN
addition_stress_instances,Far,5,8205,8905010,add,2,WarmPSO,10,500,500,200,0,0,0.2111632,4031.37481224937,4031.37481224937,0,1,5915.30049145706,-0.318483512702097,0,201,NaN,NaN,0,NaN
addition_stress_instances,Far,5,8205,8905010,add,2,WarmPSO,10,1000,980,200,0,0,0.2111632,4031.37481224937,4031.37481224937,0,1,5915.30049145706,-0.318483512702097,0,201,NaN,NaN,0,NaN
addition_stress_instances,Far,5,8205,8905010,add,2,WarmPSO,10,1500,1490,200,0,0,0.2111632,4031.37481224937,4031.37481224937,0,1,5915.30049145706,-0.318483512702097,0,201,NaN,NaN,0,NaN
addition_stress_instances,Far,5,8205,8905010,add,2,WarmPSO,10,2500,2480,200,0,0,0.2111632,4031.37481224937,4031.37481224937,0,1,5915.30049145706,-0.318483512702097,0,201,NaN,NaN,0,NaN
addition_stress_instances,Far,5,8205,8905010,add,2,WarmPSO_GlobalRelocate,10,500,450,200,0,100,0.2417271,4031.37481224937,4031.37481224937,0,1,5915.30049145706,-0.318483512702097,0,201,NaN,NaN,0.195121951219512,1.5
addition_stress_instances,Far,5,8205,8905010,add,2,WarmPSO_GlobalRelocate,10,1000,1000,200,0,350,0.2417271,3933.08456533004,3933.08456533004,0,1,5915.30049145706,-0.335099785545933,1,201,NaN,NaN,0.195121951219512,1.5
addition_stress_instances,Far,5,8205,8905010,add,2,WarmPSO_GlobalRelocate,10,1500,1495,200,0,575,0.2417271,3932.96063136525,3932.96063136525,0,1,5915.30049145706,-0.335120736969276,1,201,NaN,NaN,0.195121951219512,1.5
addition_stress_instances,Far,5,8205,8905010,add,2,WarmPSO_GlobalRelocate,10,2500,2485,200,0,1025,0.2417271,3932.96063136525,3932.96063136525,0,1,5915.30049145706,-0.335120736969276,1,201,NaN,NaN,0.195121951219512,1.5
addition_stress_instances,Far,5,8205,8905010,add,2,WarmPSO_ImpactRelocate,10,500,489,200,39,100,0.2464665,3933.08456533004,3933.08456533004,0,1,5915.30049145706,-0.335099785545933,1,240,890,110,0.2,1.5
addition_stress_instances,Far,5,8205,8905010,add,2,WarmPSO_ImpactRelocate,10,1000,984,200,39,325,0.2464665,3933.08456533004,3933.08456533004,0,1,5915.30049145706,-0.335099785545933,1,240,890,110,0.2,1.5
addition_stress_instances,Far,5,8205,8905010,add,2,WarmPSO_ImpactRelocate,10,1500,1479,200,39,550,0.2464665,3933.08456533004,3933.08456533004,0,1,5915.30049145706,-0.335099785545933,1,240,890,110,0.2,1.5
addition_stress_instances,Far,5,8205,8905010,add,2,WarmPSO_ImpactRelocate,10,2500,2469,200,39,1000,0.2464665,3932.96063136525,3932.96063136525,0,1,5915.30049145706,-0.335120736969276,1,240,890,110,0.2,1.5
